file_name,error,correct_cwe,matched_cwe,direct_match,was_changed,tp_old,fp_old,tn_old,fn_old,tp_new,fp_new,tn_new,fn_new,input_token,input_cost,reasoning_token,reasoning_cost,output_token,output_cost,total_cost,analysis_time
BenchmarkTest00001.java,0,CWE-22,CWE-23,0,0,1,0,0,0,1,0,0,0,1420,7.1e-05,640,0.000256,13,5.2e-06,0.0003322,4.122386932373047
BenchmarkTest00002.java,0,CWE-22,CWE-23,0,0,1,0,0,0,1,0,0,0,1312,6.560000000000001e-05,704,0.0002816,13,5.2e-06,0.00035240000000000005,5.190373659133911
BenchmarkTest00003.java,0,CWE-328,,,,0,0,0,1,0,0,0,1,,,,,,,,
BenchmarkTest00005.java,0,CWE-327,CWE-327,1,0,1,0,0,0,1,0,0,0,1194,5.97e-05,704,0.0002816,13,5.2e-06,0.0003465,4.08700966835022
BenchmarkTest00006.java,0,CWE-78,CWE-78,1,0,1,0,0,0,1,0,0,0,914,4.57e-05,576,0.00023040000000000002,13,5.2e-06,0.00028130000000000006,4.106016635894775
BenchmarkTest00007.java,0,CWE-78,CWE-78,1,0,1,0,0,0,1,0,0,0,825,4.125e-05,2240,0.000896,13,5.2e-06,0.00094245,9.927981853485107
BenchmarkTest00008.java,0,CWE-89,CWE-89,1,0,1,0,0,0,1,0,0,0,825,4.125e-05,1664,0.0006656,13,5.2e-06,0.00071205,8.344512701034546
BenchmarkTest00009.java,0,CWE-328,,,,0,0,1,0,0,0,1,0,,,,,,,,
BenchmarkTest00010.java,0,CWE-330,,,,0,0,1,0,0,0,1,0,,,,,,,,
BenchmarkTest00011.java,0,CWE-22,CWE-23,0,1,1,0,0,0,0,0,0,1,1136,5.6800000000000005e-05,1600,0.00064,12,4.800000000000001e-06,0.0007016,7.906137943267822
BenchmarkTest00012.java,0,CWE-90,CWE-90,1,0,1,0,0,0,1,0,0,0,1148,5.7400000000000006e-05,704,0.0002816,13,5.2e-06,0.0003442,5.142033338546753
BenchmarkTest00013.java,0,CWE-79,CWE-79,1,0,1,0,0,0,1,0,0,0,1244,6.220000000000001e-05,1536,0.0006144000000000001,13,5.2e-06,0.0006818000000000001,7.400991916656494
BenchmarkTest00014.java,0,CWE-79,CWE-79,1,0,1,0,0,0,1,0,0,0,1241,6.205e-05,1088,0.00043520000000000006,14,5.600000000000001e-06,0.0005028500000000001,5.672370433807373
BenchmarkTest00015.java,0,CWE-78,CWE-78,1,0,1,0,0,0,1,0,0,0,926,4.630000000000001e-05,576,0.00023040000000000002,13,5.2e-06,0.0002819,4.297183275222778
BenchmarkTest00016.java,0,CWE-614,,,,0,0,1,0,0,0,1,0,,,,,,,,
BenchmarkTest00017.java,0,CWE-78,CWE-78,1,0,1,0,0,0,1,0,0,0,894,4.47e-05,768,0.00030720000000000004,13,5.2e-06,0.00035710000000000006,5.260446786880493
BenchmarkTest00018.java,0,CWE-89,CWE-89,1,0,1,0,0,0,1,0,0,0,832,4.16e-05,320,0.000128,13,5.2e-06,0.0001748,3.748190402984619
BenchmarkTest00019.java,0,CWE-327,CWE-327,1,0,1,0,0,0,1,0,0,0,1143,5.715000000000001e-05,1024,0.00040960000000000004,13,5.2e-06,0.00047195000000000006,5.8908562660217285
BenchmarkTest00020.java,0,CWE-327,CWE-327,1,0,1,0,0,0,1,0,0,0,1525,7.625e-05,256,0.00010240000000000001,13,5.2e-06,0.00018385,2.592589855194092
BenchmarkTest00021.java,0,CWE-90,CWE-90,1,0,1,0,0,0,1,0,0,0,1089,5.445e-05,1216,0.00048640000000000006,13,5.2e-06,0.0005460500000000001,6.615100145339966
BenchmarkTest00022.java,0,CWE-328,,,,0,0,1,0,0,0,1,0,,,,,,,,
BenchmarkTest00023.java,0,CWE-330,CWE-330,1,0,1,0,0,0,1,0,0,0,1168,5.84e-05,1088,0.00043520000000000006,14,5.600000000000001e-06,0.0004992000000000001,5.137887477874756
BenchmarkTest00024.java,0,CWE-89,CWE-89,1,0,1,0,0,0,1,0,0,0,847,4.235e-05,832,0.0003328,13,5.2e-06,0.00038035,4.5446696281433105
BenchmarkTest00025.java,0,CWE-89,,,,0,0,0,1,0,0,0,1,,,,,,,,
BenchmarkTest00026.java,0,CWE-89,,,,0,0,0,1,0,0,0,1,,,,,,,,
BenchmarkTest00027.java,0,CWE-89,CWE-89,1,0,1,0,0,0,1,0,0,0,795,3.975e-05,448,0.00017920000000000002,13,5.2e-06,0.00022415,3.235004186630249
BenchmarkTest00028.java,0,CWE-22,CWE-23,0,0,1,0,0,0,1,0,0,0,1173,5.865e-05,512,0.00020480000000000002,14,5.600000000000001e-06,0.00026905000000000006,2.884308099746704
BenchmarkTest00029.java,0,CWE-328,,,,0,0,0,1,0,0,0,1,,,,,,,,
BenchmarkTest00030.java,0,CWE-79,CWE-79,1,0,1,0,0,0,1,0,0,0,1234,6.170000000000001e-05,1280,0.000512,13,5.2e-06,0.0005789,7.33205246925354
BenchmarkTest00032.java,0,CWE-89,,,,0,0,0,1,0,0,0,1,,,,,,,,
BenchmarkTest00033.java,0,CWE-89,,,,0,0,0,1,0,0,0,1,,,,,,,,
BenchmarkTest00034.java,0,CWE-89,CWE-89,1,0,1,0,0,0,1,0,0,0,833,4.165e-05,384,0.00015360000000000002,13,5.2e-06,0.00020045000000000002,2.2502636909484863
BenchmarkTest00035.java,0,CWE-327,CWE-327,1,0,1,0,0,0,1,0,0,0,1257,6.285e-05,1344,0.0005376000000000001,13,5.2e-06,0.0006056500000000001,7.072931289672852
BenchmarkTest00036.java,0,CWE-79,CWE-79,1,0,1,0,0,0,1,0,0,0,1319,6.595e-05,1152,0.00046080000000000003,13,5.2e-06,0.0005319500000000001,5.263893365859985
BenchmarkTest00037.java,0,CWE-89,CWE-89,1,0,1,0,0,0,1,0,0,0,947,4.735e-05,1152,0.00046080000000000003,14,5.600000000000001e-06,0.0005137500000000001,5.4332802295684814
BenchmarkTest00038.java,0,CWE-89,CWE-89,1,0,1,0,0,0,1,0,0,0,1079,5.3950000000000004e-05,1280,0.000512,15,6e-06,0.00057195,6.357446908950806
BenchmarkTest00039.java,0,CWE-89,,,,0,0,0,1,0,0,0,1,,,,,,,,
BenchmarkTest00040.java,0,CWE-22,,,,0,0,0,1,0,0,0,1,,,,,,,,
BenchmarkTest00041.java,0,CWE-79,,,,0,0,0,1,0,0,0,1,,,,,,,,
BenchmarkTest00042.java,0,CWE-330,,,,0,0,1,0,0,0,1,0,,,,,,,,
BenchmarkTest00043.java,0,CWE-89,,,,0,0,0,1,0,0,0,1,,,,,,,,
BenchmarkTest00044.java,0,CWE-90,CWE-90,1,0,1,0,0,0,1,0,0,0,1088,5.440000000000001e-05,320,0.000128,13,5.2e-06,0.00018759999999999998,2.0655295848846436
BenchmarkTest00045.java,0,CWE-22,CWE-23,0,0,1,0,0,0,1,0,0,0,1123,5.615e-05,960,0.000384,13,5.2e-06,0.00044535,5.521443605422974
BenchmarkTest00046.java,0,CWE-328,CWE-916,0,0,1,0,0,0,1,0,0,0,1114,5.5700000000000005e-05,640,0.000256,13,5.2e-06,0.0003169,3.1074752807617188
BenchmarkTest00047.java,0,CWE-79,CWE-79,1,0,1,0,0,0,1,0,0,0,1362,6.81e-05,1216,0.00048640000000000006,13,5.2e-06,0.0005597000000000001,5.987436056137085
BenchmarkTest00048.java,0,CWE-79,CWE-79,1,0,1,0,0,0,1,0,0,0,1357,6.785000000000001e-05,512,0.00020480000000000002,13,5.2e-06,0.00027785000000000006,2.8290529251098633
BenchmarkTest00049.java,0,CWE-79,CWE-79,1,0,1,0,0,0,1,0,0,0,1355,6.775e-05,512,0.00020480000000000002,13,5.2e-06,0.00027775,2.7940077781677246
BenchmarkTest00050.java,0,CWE-327,CWE-327,1,0,1,0,0,0,1,0,0,0,1541,7.705000000000002e-05,320,0.000128,13,5.2e-06,0.00021025000000000001,4.837606906890869
BenchmarkTest00051.java,0,CWE-78,,,,0,0,1,0,0,0,1,0,,,,,,,,
BenchmarkTest00052.java,0,CWE-89,,,,0,0,1,0,0,0,1,0,,,,,,,,
BenchmarkTest00053.java,0,CWE-327,CWE-327,1,0,1,0,0,0,1,0,0,0,1676,8.380000000000002e-05,320,0.000128,13,5.2e-06,0.000217,3.080392599105835
BenchmarkTest00054.java,0,CWE-327,,,,0,0,1,0,0,0,1,0,,,,,,,,
BenchmarkTest00055.java,0,CWE-327,CWE-327,1,0,1,0,0,0,1,0,0,0,1705,8.525e-05,768,0.00030720000000000004,13,5.2e-06,0.00039765000000000004,5.080675840377808
BenchmarkTest00056.java,0,CWE-327,CWE-327,1,0,1,0,0,0,1,0,0,0,1772,8.860000000000001e-05,384,0.00015360000000000002,13,5.2e-06,0.00024740000000000005,3.266406774520874
BenchmarkTest00057.java,0,CWE-327,CWE-327,1,0,1,0,0,0,1,0,0,0,1382,6.910000000000001e-05,384,0.00015360000000000002,13,5.2e-06,0.00022790000000000004,3.3163821697235107
BenchmarkTest00058.java,0,CWE-327,,,,0,0,1,0,0,0,1,0,,,,,,,,
BenchmarkTest00059.java,0,CWE-327,,,,0,0,1,0,0,0,1,0,,,,,,,,
BenchmarkTest00060.java,0,CWE-22,CWE-23,0,0,1,0,0,0,1,0,0,0,1335,6.675e-05,1536,0.0006144000000000001,13,5.2e-06,0.0006863500000000001,7.884570837020874
BenchmarkTest00061.java,0,CWE-22,CWE-23,0,0,1,0,0,0,1,0,0,0,1322,6.610000000000001e-05,1024,0.00040960000000000004,13,5.2e-06,0.00048090000000000003,6.140080690383911
BenchmarkTest00062.java,0,CWE-22,CWE-23,0,0,1,0,0,0,1,0,0,0,1511,7.555e-05,896,0.00035840000000000004,13,5.2e-06,0.00043915,4.977559566497803
BenchmarkTest00063.java,0,CWE-22,,,,0,0,1,0,0,0,1,0,,,,,,,,
BenchmarkTest00064.java,0,CWE-22,,,,0,0,1,0,0,0,1,0,,,,,,,,
BenchmarkTest00065.java,0,CWE-22,CWE-23,0,0,1,0,0,0,1,0,0,0,1482,7.410000000000001e-05,768,0.00030720000000000004,13,5.2e-06,0.00038650000000000007,3.800182819366455
BenchmarkTest00066.java,0,CWE-330,CWE-330,1,0,1,0,0,0,1,0,0,0,1374,6.87e-05,960,0.000384,13,5.2e-06,0.0004579,4.56609845161438
BenchmarkTest00067.java,0,CWE-330,CWE-330,1,0,1,0,0,0,1,0,0,0,1573,7.865e-05,256,0.00010240000000000001,13,5.2e-06,0.00018625,2.172353744506836
BenchmarkTest00068.java,0,CWE-330,CWE-330,1,0,1,0,0,0,1,0,0,0,1368,6.840000000000001e-05,512,0.00020480000000000002,13,5.2e-06,0.00027840000000000005,3.370696544647217
BenchmarkTest00069.java,0,CWE-328,,,,0,0,1,0,0,0,1,0,,,,,,,,
BenchmarkTest00070.java,0,CWE-328,CWE-916,0,0,1,0,0,0,1,0,0,0,1367,6.835000000000001e-05,768,0.00030720000000000004,13,5.2e-06,0.00038075000000000007,3.6629438400268555
BenchmarkTest00071.java,0,CWE-328,CWE-916,0,0,1,0,0,0,1,0,0,0,1371,6.855e-05,640,0.000256,13,5.2e-06,0.00032975,3.189735174179077
BenchmarkTest00072.java,0,CWE-328,,,,0,0,1,0,0,0,1,0,,,,,,,,
BenchmarkTest00073.java,0,CWE-328,CWE-916,0,0,1,0,0,0,1,0,0,0,1354,6.77e-05,512,0.00020480000000000002,13,5.2e-06,0.00027770000000000003,2.678529977798462
BenchmarkTest00074.java,0,CWE-328,,,,0,0,0,1,0,0,0,1,,,,,,,,
BenchmarkTest00075.java,0,CWE-328,,,,0,0,1,0,0,0,1,0,,,,,,,,
BenchmarkTest00076.java,0,CWE-328,,,,0,0,1,0,0,0,1,0,,,,,,,,
BenchmarkTest00077.java,0,CWE-78,CWE-78,1,0,1,0,0,0,1,0,0,0,1159,5.7950000000000006e-05,896,0.00035840000000000004,13,5.2e-06,0.0004215500000000001,4.981630325317383
BenchmarkTest00078.java,0,CWE-330,CWE-330,1,0,1,0,0,0,1,0,0,0,1387,6.935e-05,512,0.00020480000000000002,13,5.2e-06,0.00027935000000000004,3.2446749210357666
BenchmarkTest00079.java,0,CWE-330,CWE-330,1,0,1,0,0,0,1,0,0,0,1437,7.185000000000001e-05,320,0.000128,13,5.2e-06,0.00020505,2.9636452198028564
BenchmarkTest00080.java,0,CWE-330,CWE-330,1,0,1,0,0,0,1,0,0,0,1350,6.75e-05,448,0.00017920000000000002,13,5.2e-06,0.00025190000000000005,3.6497037410736084
BenchmarkTest00081.java,0,CWE-330,CWE-330,1,0,1,0,0,0,1,0,0,0,1335,6.675e-05,384,0.00015360000000000002,13,5.2e-06,0.00022555,2.2338948249816895
BenchmarkTest00082.java,0,CWE-330,CWE-330,1,0,1,0,0,0,1,0,0,0,1346,6.73e-05,576,0.00023040000000000002,13,5.2e-06,0.00030290000000000004,3.0635411739349365
BenchmarkTest00083.java,0,CWE-330,CWE-330,1,0,1,0,0,0,1,0,0,0,1362,6.81e-05,384,0.00015360000000000002,13,5.2e-06,0.0002269,2.289060592651367
BenchmarkTest00084.java,0,CWE-330,CWE-330,1,0,1,0,0,0,1,0,0,0,1344,6.720000000000001e-05,320,0.000128,13,5.2e-06,0.0002004,2.0939650535583496
BenchmarkTest00085.java,0,CWE-330,CWE-330,1,0,1,0,0,0,1,0,0,0,1403,7.015000000000001e-05,1216,0.00048640000000000006,13,5.2e-06,0.0005617500000000001,5.450162649154663
BenchmarkTest00086.java,0,CWE-330,CWE-330,1,0,1,0,0,0,1,0,0,0,1359,6.795e-05,896,0.00035840000000000004,13,5.2e-06,0.00043155000000000005,4.529364347457886
BenchmarkTest00087.java,0,CWE-614,CWE-614,1,0,1,0,0,0,1,0,0,0,1150,5.75e-05,1280,0.000512,13,5.2e-06,0.0005747,5.840165138244629
BenchmarkTest00088.java,0,CWE-614,,,,0,0,1,0,0,0,1,0,,,,,,,,
BenchmarkTest00089.java,0,CWE-614,,,,0,0,1,0,0,0,1,0,,,,,,,,
BenchmarkTest00090.java,0,CWE-78,,,,0,0,1,0,0,0,1,0,,,,,,,,
BenchmarkTest00091.java,0,CWE-78,CWE-78,1,0,1,0,0,0,1,0,0,0,984,4.92e-05,1024,0.00040960000000000004,13,5.2e-06,0.00046400000000000006,5.447316646575928
BenchmarkTest00092.java,0,CWE-78,CWE-78,1,0,1,0,0,0,1,0,0,0,1076,5.380000000000001e-05,896,0.00035840000000000004,13,5.2e-06,0.00041740000000000006,5.765418529510498
BenchmarkTest00093.java,0,CWE-78,CWE-78,1,1,0,1,0,0,0,0,1,0,1125,5.625e-05,1408,0.0005632,12,4.800000000000001e-06,0.00062425,7.63217830657959
BenchmarkTest00094.java,0,CWE-330,,,,0,0,1,0,0,0,1,0,,,,,,,,
BenchmarkTest00095.java,0,CWE-330,,,,0,0,1,0,0,0,1,0,,,,,,,,
BenchmarkTest00096.java,0,CWE-330,,,,0,0,1,0,0,0,1,0,,,,,,,,
BenchmarkTest00100.java,0,CWE-89,CWE-89,1,0,1,0,0,0,1,0,0,0,1109,5.5450000000000006e-05,896,0.00035840000000000004,13,5.2e-06,0.0004190500000000001,7.047760963439941
BenchmarkTest00101.java,0,CWE-89,CWE-89,1,0,1,0,0,0,1,0,0,0,1063,5.3150000000000004e-05,576,0.00023040000000000002,13,5.2e-06,0.00028875000000000005,4.7561681270599365
BenchmarkTest00102.java,0,CWE-89,,,,0,0,0,1,0,0,0,1,,,,,,,,
BenchmarkTest00103.java,0,CWE-89,,,,0,0,0,1,0,0,0,1,,,,,,,,
BenchmarkTest00104.java,0,CWE-89,,,,0,0,1,0,0,0,1,0,,,,,,,,
BenchmarkTest00105.java,0,CWE-89,,,,0,0,1,0,0,0,1,0,,,,,,,,
BenchmarkTest00106.java,0,CWE-89,CWE-89,1,0,1,0,0,0,1,0,0,0,1046,5.2300000000000004e-05,704,0.0002816,13,5.2e-06,0.00033910000000000006,6.733356475830078
BenchmarkTest00107.java,0,CWE-89,,,,0,0,1,0,0,0,1,0,,,,,,,,
BenchmarkTest00108.java,0,CWE-89,CWE-89,1,0,1,0,0,0,1,0,0,0,1079,5.3950000000000004e-05,512,0.00020480000000000002,13,5.2e-06,0.00026395000000000005,3.9217076301574707
BenchmarkTest00109.java,0,CWE-89,CWE-89,1,0,1,0,0,0,1,0,0,0,1025,5.125e-05,1280,0.000512,13,5.2e-06,0.00056845,6.0770509243011475
BenchmarkTest00110.java,0,CWE-89,,,,0,0,1,0,0,0,1,0,,,,,,,,
BenchmarkTest00111.java,0,CWE-89,CWE-89,1,0,1,0,0,0,1,0,0,0,1041,5.2050000000000005e-05,576,0.00023040000000000002,13,5.2e-06,0.00028765,3.628880262374878
BenchmarkTest00112.java,0,CWE-89,CWE-89,1,0,1,0,0,0,1,0,0,0,998,4.990000000000001e-05,384,0.00015360000000000002,13,5.2e-06,0.0002087,2.1984469890594482
BenchmarkTest00113.java,0,CWE-89,CWE-89,1,1,0,1,0,0,0,0,1,0,1072,5.36e-05,704,0.0002816,12,4.800000000000001e-06,0.00034,3.4982097148895264
BenchmarkTest00114.java,0,CWE-89,,,,0,0,1,0,0,0,1,0,,,,,,,,
BenchmarkTest00115.java,0,CWE-89,CWE-89,1,0,1,0,0,0,1,0,0,0,1066,5.33e-05,512,0.00020480000000000002,13,5.2e-06,0.00026330000000000006,2.9254250526428223
BenchmarkTest00116.java,0,CWE-643,CWE-643,1,1,0,1,0,0,0,0,1,0,1233,6.165000000000001e-05,704,0.0002816,12,4.800000000000001e-06,0.00034805000000000003,4.257259368896484
BenchmarkTest00117.java,0,CWE-643,,,,0,0,1,0,0,0,1,0,,,,,,,,
BenchmarkTest00118.java,0,CWE-643,,,,0,0,1,0,0,0,1,0,,,,,,,,
BenchmarkTest00119.java,0,CWE-327,CWE-327,1,0,1,0,0,0,1,0,0,0,1716,8.580000000000001e-05,320,0.000128,13,5.2e-06,0.00021899999999999998,3.0349695682525635
BenchmarkTest00120.java,0,CWE-327,CWE-327,1,0,1,0,0,0,1,0,0,0,1552,7.76e-05,320,0.000128,13,5.2e-06,0.0002108,2.919527769088745
BenchmarkTest00121.java,0,CWE-327,,,,0,0,1,0,0,0,1,0,,,,,,,,
BenchmarkTest00122.java,0,CWE-327,,,,0,0,1,0,0,0,1,0,,,,,,,,
BenchmarkTest00123.java,0,CWE-327,CWE-327,1,0,1,0,0,0,1,0,0,0,1212,6.06e-05,256,0.00010240000000000001,13,5.2e-06,0.0001682,1.8243284225463867
BenchmarkTest00124.java,0,CWE-327,CWE-327,1,0,1,0,0,0,1,0,0,0,1231,6.155e-05,128,5.1200000000000004e-05,13,5.2e-06,0.00011795000000000001,1.382007122039795
BenchmarkTest00125.java,0,CWE-327,CWE-327,1,0,1,0,0,0,1,0,0,0,1214,6.0700000000000005e-05,448,0.00017920000000000002,13,5.2e-06,0.00024510000000000005,2.669584035873413
BenchmarkTest00126.java,0,CWE-327,,,,0,0,1,0,0,0,1,0,,,,,,,,
BenchmarkTest00127.java,0,CWE-327,,,,0,0,1,0,0,0,1,0,,,,,,,,
BenchmarkTest00128.java,0,CWE-327,,,,0,0,1,0,0,0,1,0,,,,,,,,
BenchmarkTest00129.java,0,CWE-327,,,,0,0,1,0,0,0,1,0,,,,,,,,
BenchmarkTest00130.java,0,CWE-327,,,,0,0,1,0,0,0,1,0,,,,,,,,
BenchmarkTest00131.java,0,CWE-22,CWE-23,0,1,0,1,0,0,0,0,1,0,1211,6.055e-05,640,0.000256,12,4.800000000000001e-06,0.00032135,3.5250322818756104
BenchmarkTest00132.java,0,CWE-22,CWE-23,0,1,0,1,0,0,0,0,1,0,1364,6.82e-05,832,0.0003328,12,4.800000000000001e-06,0.0004058,5.217226505279541
BenchmarkTest00133.java,0,CWE-22,CWE-23,0,0,1,0,0,0,1,0,0,0,1252,6.26e-05,1600,0.00064,14,5.600000000000001e-06,0.0007082000000000001,6.987521648406982
BenchmarkTest00134.java,0,CWE-22,CWE-23,0,1,0,1,0,0,0,0,1,0,1200,6e-05,1152,0.00046080000000000003,12,4.800000000000001e-06,0.0005256000000000001,5.00879430770874
BenchmarkTest00135.java,0,CWE-22,CWE-23,0,1,0,1,0,0,0,0,1,0,1218,6.09e-05,1216,0.00048640000000000006,12,4.800000000000001e-06,0.0005521,5.156987428665161
BenchmarkTest00136.java,0,CWE-22,CWE-23,0,1,0,1,0,0,0,0,1,0,1256,6.280000000000001e-05,576,0.00023040000000000002,12,4.800000000000001e-06,0.00029800000000000003,3.303150177001953
BenchmarkTest00137.java,0,CWE-22,CWE-23,0,1,0,1,0,0,0,0,1,0,1390,6.95e-05,640,0.000256,12,4.800000000000001e-06,0.0003303,3.932433843612671
BenchmarkTest00138.java,0,CWE-90,,,,0,0,1,0,0,0,1,0,,,,,,,,
BenchmarkTest00139.java,0,CWE-90,,,,0,0,1,0,0,0,1,0,,,,,,,,
BenchmarkTest00140.java,0,CWE-330,CWE-330,1,0,1,0,0,0,1,0,0,0,1254,6.27e-05,512,0.00020480000000000002,14,5.600000000000001e-06,0.0002731000000000001,3.279259443283081
BenchmarkTest00141.java,0,CWE-328,CWE-916,0,0,1,0,0,0,1,0,0,0,1267,6.335e-05,960,0.000384,13,5.2e-06,0.00045255,5.632126569747925
BenchmarkTest00142.java,0,CWE-328,,,,0,0,1,0,0,0,1,0,,,,,,,,
BenchmarkTest00143.java,0,CWE-328,,,,0,0,0,1,0,0,0,1,,,,,,,,
BenchmarkTest00144.java,0,CWE-79,CWE-79,1,0,1,0,0,0,1,0,0,0,1300,6.5e-05,1344,0.0005376000000000001,13,5.2e-06,0.0006078,7.472908973693848
BenchmarkTest00145.java,0,CWE-79,CWE-79,1,0,1,0,0,0,1,0,0,0,1322,6.610000000000001e-05,1088,0.00043520000000000006,13,5.2e-06,0.0005065000000000001,6.7959935665130615
BenchmarkTest00146.java,0,CWE-79,CWE-79,1,0,1,0,0,0,1,0,0,0,1293,6.465e-05,1600,0.00064,13,5.2e-06,0.00070985,7.785832643508911
BenchmarkTest00147.java,0,CWE-79,CWE-79,1,1,0,1,0,0,0,0,1,0,1308,6.54e-05,1216,0.00048640000000000006,12,4.800000000000001e-06,0.0005566000000000001,6.092509508132935
BenchmarkTest00148.java,0,CWE-79,CWE-79,1,0,1,0,0,0,1,0,0,0,1274,6.37e-05,960,0.000384,13,5.2e-06,0.0004529,4.3536341190338135
BenchmarkTest00149.java,0,CWE-79,CWE-79,1,0,1,0,0,0,1,0,0,0,1269,6.345e-05,768,0.00030720000000000004,13,5.2e-06,0.00037585000000000006,5.0147178173065186
BenchmarkTest00150.java,0,CWE-79,CWE-79,1,0,1,0,0,0,1,0,0,0,1279,6.395000000000001e-05,576,0.00023040000000000002,13,5.2e-06,0.00029955000000000004,2.844230890274048
BenchmarkTest00151.java,0,CWE-79,CWE-79,1,1,0,1,0,0,0,0,1,0,1301,6.505e-05,1216,0.00048640000000000006,12,4.800000000000001e-06,0.0005562500000000001,5.948269605636597
BenchmarkTest00152.java,0,CWE-79,CWE-79,1,0,1,0,0,0,1,0,0,0,1314,6.57e-05,640,0.000256,13,5.2e-06,0.0003269,3.327082395553589
BenchmarkTest00153.java,0,CWE-79,CWE-79,1,0,1,0,0,0,1,0,0,0,1304,6.52e-05,576,0.00023040000000000002,13,5.2e-06,0.00030080000000000005,3.2779369354248047
BenchmarkTest00154.java,0,CWE-79,CWE-79,1,0,1,0,0,0,1,0,0,0,1312,6.560000000000001e-05,576,0.00023040000000000002,13,5.2e-06,0.00030120000000000006,3.0802364349365234
BenchmarkTest00155.java,0,CWE-79,CWE-79,1,0,1,0,0,0,1,0,0,0,1250,6.25e-05,576,0.00023040000000000002,13,5.2e-06,0.00029810000000000004,3.1559901237487793
BenchmarkTest00156.java,0,CWE-79,CWE-79,1,0,1,0,0,0,1,0,0,0,1288,6.440000000000001e-05,704,0.0002816,13,5.2e-06,0.0003512,3.735822916030884
BenchmarkTest00157.java,0,CWE-79,CWE-79,1,0,1,0,0,0,1,0,0,0,1248,6.240000000000001e-05,448,0.00017920000000000002,13,5.2e-06,0.00024680000000000004,3.3156917095184326
BenchmarkTest00158.java,0,CWE-78,,,,0,0,1,0,0,0,1,0,,,,,,,,
BenchmarkTest00159.java,0,CWE-78,CWE-78,1,0,1,0,0,0,1,0,0,0,948,4.740000000000001e-05,960,0.000384,13,5.2e-06,0.00043660000000000004,4.720979928970337
BenchmarkTest00160.java,0,CWE-330,CWE-330,1,0,1,0,0,0,1,0,0,0,1255,6.275e-05,640,0.000256,13,5.2e-06,0.00032395,3.2380197048187256
BenchmarkTest00161.java,0,CWE-330,CWE-330,1,0,1,0,0,0,1,0,0,0,1326,6.63e-05,704,0.0002816,13,5.2e-06,0.0003531,4.254251956939697
BenchmarkTest00162.java,0,CWE-330,CWE-330,1,0,1,0,0,0,1,0,0,0,1183,5.915000000000001e-05,448,0.00017920000000000002,13,5.2e-06,0.00024355,3.2500617504119873
BenchmarkTest00163.java,0,CWE-330,CWE-330,1,0,1,0,0,0,1,0,0,0,1200,6e-05,704,0.0002816,13,5.2e-06,0.0003468,4.076295375823975
BenchmarkTest00164.java,0,CWE-330,CWE-330,1,0,1,0,0,0,1,0,0,0,1203,6.0150000000000005e-05,1408,0.0005632,13,5.2e-06,0.0006285500000000001,6.56035590171814
BenchmarkTest00165.java,0,CWE-330,CWE-330,1,0,1,0,0,0,1,0,0,0,1200,6e-05,1024,0.00040960000000000004,13,5.2e-06,0.00047480000000000005,5.582246541976929
BenchmarkTest00166.java,0,CWE-330,CWE-330,1,0,1,0,0,0,1,0,0,0,1168,5.84e-05,1856,0.0007424,13,5.2e-06,0.0008060000000000001,11.26792597770691
BenchmarkTest00167.java,0,CWE-330,CWE-330,1,0,1,0,0,0,1,0,0,0,1216,6.080000000000001e-05,640,0.000256,13,5.2e-06,0.000322,5.302078008651733
BenchmarkTest00168.java,0,CWE-330,CWE-330,1,0,1,0,0,0,1,0,0,0,1202,6.0100000000000004e-05,832,0.0003328,13,5.2e-06,0.00039810000000000003,6.540363550186157
BenchmarkTest00169.java,0,CWE-614,CWE-614,1,0,1,0,0,0,1,0,0,0,1024,5.1200000000000004e-05,640,0.000256,13,5.2e-06,0.0003124,5.943658351898193
BenchmarkTest00170.java,0,CWE-614,CWE-614,1,0,1,0,0,0,1,0,0,0,1196,5.9800000000000003e-05,448,0.00017920000000000002,14,5.600000000000001e-06,0.0002446,3.655174732208252
BenchmarkTest00171.java,0,CWE-78,CWE-78,1,1,0,1,0,0,0,0,1,0,1103,5.5150000000000006e-05,1088,0.00043520000000000006,12,4.800000000000001e-06,0.0004951500000000001,5.780242443084717
BenchmarkTest00172.java,0,CWE-78,CWE-78,1,0,1,0,0,0,1,0,0,0,927,4.635e-05,2752,0.0011007999999999999,13,5.2e-06,0.0011523499999999997,12.415251016616821
BenchmarkTest00173.java,0,CWE-78,CWE-78,1,0,1,0,0,0,1,0,0,0,908,4.5400000000000006e-05,1536,0.0006144000000000001,13,5.2e-06,0.0006650000000000001,6.256792068481445
BenchmarkTest00174.java,0,CWE-78,CWE-78,1,0,1,0,0,0,1,0,0,0,854,4.27e-05,1664,0.0006656,13,5.2e-06,0.0007135,7.019270420074463
BenchmarkTest00175.java,0,CWE-78,CWE-78,1,1,0,1,0,0,0,0,1,0,923,4.6150000000000004e-05,1408,0.0005632,12,4.800000000000001e-06,0.00061415,6.235405206680298
BenchmarkTest00176.java,0,CWE-78,CWE-78,1,0,1,0,0,0,1,0,0,0,914,4.57e-05,1472,0.0005888000000000001,13,5.2e-06,0.0006397000000000001,6.5589213371276855
BenchmarkTest00177.java,0,CWE-78,,,,0,0,1,0,0,0,1,0,,,,,,,,
BenchmarkTest00178.java,0,CWE-330,,,,0,0,1,0,0,0,1,0,,,,,,,,
BenchmarkTest00179.java,0,CWE-330,,,,0,0,1,0,0,0,1,0,,,,,,,,
BenchmarkTest00180.java,0,CWE-330,,,,0,0,1,0,0,0,1,0,,,,,,,,
BenchmarkTest00181.java,0,CWE-330,,,,0,0,1,0,0,0,1,0,,,,,,,,
BenchmarkTest00182.java,0,CWE-330,,,,0,0,1,0,0,0,1,0,,,,,,,,
BenchmarkTest00183.java,0,CWE-330,,,,0,0,1,0,0,0,1,0,,,,,,,,
BenchmarkTest00184.java,0,CWE-330,,,,0,0,1,0,0,0,1,0,,,,,,,,
BenchmarkTest00185.java,0,CWE-330,,,,0,0,1,0,0,0,1,0,,,,,,,,
BenchmarkTest00186.java,0,CWE-330,,,,0,0,1,0,0,0,1,0,,,,,,,,
BenchmarkTest00187.java,0,CWE-330,,,,0,0,1,0,0,0,1,0,,,,,,,,
BenchmarkTest00188.java,0,CWE-330,,,,0,0,1,0,0,0,1,0,,,,,,,,
BenchmarkTest00190.java,0,CWE-89,CWE-89,1,1,0,1,0,0,0,0,1,0,925,4.625e-05,704,0.0002816,12,4.800000000000001e-06,0.00033265000000000004,3.9193787574768066
BenchmarkTest00191.java,0,CWE-89,CWE-89,1,1,0,1,0,0,0,0,1,0,938,4.690000000000001e-05,640,0.000256,12,4.800000000000001e-06,0.0003077,3.1062653064727783
BenchmarkTest00192.java,0,CWE-89,CWE-89,1,0,1,0,0,0,1,0,0,0,934,4.6700000000000003e-05,640,0.000256,13,5.2e-06,0.0003079,3.2411065101623535
BenchmarkTest00193.java,0,CWE-89,CWE-89,1,0,1,0,0,0,1,0,0,0,887,4.435e-05,768,0.00030720000000000004,14,5.600000000000001e-06,0.0003571500000000001,4.9003636837005615
BenchmarkTest00194.java,0,CWE-89,CWE-89,1,0,1,0,0,0,1,0,0,0,913,4.5650000000000005e-05,512,0.00020480000000000002,13,5.2e-06,0.00025565000000000006,3.825530529022217
BenchmarkTest00195.java,0,CWE-89,,,,0,0,0,1,0,0,0,1,,,,,,,,
BenchmarkTest00196.java,0,CWE-89,,,,0,0,0,1,0,0,0,1,,,,,,,,
BenchmarkTest00197.java,0,CWE-89,CWE-89,1,1,0,1,0,0,0,0,1,0,1080,5.4e-05,1088,0.00043520000000000006,12,4.800000000000001e-06,0.0004940000000000001,5.080707788467407
BenchmarkTest00198.java,0,CWE-89,,,,0,0,0,1,0,0,0,1,,,,,,,,
BenchmarkTest00199.java,0,CWE-89,,,,0,0,0,1,0,0,0,1,,,,,,,,
BenchmarkTest00200.java,0,CWE-89,CWE-89,1,1,0,1,0,0,0,0,1,0,933,4.665000000000001e-05,896,0.00035840000000000004,13,5.2e-06,0.0004102500000000001,4.060744762420654
BenchmarkTest00201.java,0,CWE-89,,,,0,0,1,0,0,0,1,0,,,,,,,,
BenchmarkTest00202.java,0,CWE-89,,,,0,0,1,0,0,0,1,0,,,,,,,,
BenchmarkTest00203.java,0,CWE-89,CWE-89,1,0,1,0,0,0,1,0,0,0,864,4.32e-05,576,0.00023040000000000002,13,5.2e-06,0.00027880000000000005,4.946673393249512
BenchmarkTest00204.java,0,CWE-89,CWE-89,1,0,1,0,0,0,1,0,0,0,862,4.3100000000000004e-05,960,0.000384,13,5.2e-06,0.00043230000000000005,5.863526821136475
BenchmarkTest00205.java,0,CWE-89,CWE-89,1,1,0,1,0,0,0,0,1,0,902,4.51e-05,960,0.000384,12,4.800000000000001e-06,0.00043390000000000003,7.404258966445923
BenchmarkTest00206.java,0,CWE-89,,,,0,0,1,0,0,0,1,0,,,,,,,,
BenchmarkTest00207.java,0,CWE-643,CWE-643,1,0,1,0,0,0,1,0,0,0,937,4.685e-05,1088,0.00043520000000000006,13,5.2e-06,0.00048725000000000005,7.280658721923828
BenchmarkTest00208.java,0,CWE-327,CWE-327,1,0,1,0,0,0,1,0,0,0,1644,8.22e-05,192,7.680000000000001e-05,13,5.2e-06,0.0001642,3.5497946739196777
BenchmarkTest00209.java,0,CWE-327,,,,0,0,1,0,0,0,1,0,,,,,,,,
BenchmarkTest00210.java,0,CWE-327,CWE-327,1,0,1,0,0,0,1,0,0,0,1284,6.42e-05,192,7.680000000000001e-05,13,5.2e-06,0.0001462,2.485299587249756
BenchmarkTest00211.java,0,CWE-327,,,,0,0,1,0,0,0,1,0,,,,,,,,
BenchmarkTest00212.java,0,CWE-327,,,,0,0,1,0,0,0,1,0,,,,,,,,
BenchmarkTest00213.java,0,CWE-327,,,,0,0,1,0,0,0,1,0,,,,,,,,
BenchmarkTest00214.java,0,CWE-327,,,,0,0,1,0,0,0,1,0,,,,,,,,
BenchmarkTest00215.java,0,CWE-22,CWE-23,0,0,1,0,0,0,1,0,0,0,1195,5.975e-05,1216,0.00048640000000000006,15,6e-06,0.0005521500000000001,6.3561224937438965
BenchmarkTest00216.java,0,CWE-22,CWE-23,0,0,1,0,0,0,1,0,0,0,1222,6.110000000000001e-05,1856,0.0007424,12,4.800000000000001e-06,0.0008083000000000001,8.23763370513916
BenchmarkTest00217.java,0,CWE-22,,,,0,0,1,0,0,0,1,0,,,,,,,,
BenchmarkTest00218.java,0,CWE-22,CWE-23,0,0,1,0,0,0,1,0,0,0,1422,7.110000000000001e-05,2688,0.0010752000000000001,15,6e-06,0.0011523,11.50655722618103
BenchmarkTest00219.java,0,CWE-22,CWE-23,0,1,1,0,0,0,0,0,0,1,1360,6.8e-05,1856,0.0007424,13,5.2e-06,0.0008156000000000001,9.320742130279541
BenchmarkTest00220.java,0,CWE-22,,,,0,0,1,0,0,0,1,0,,,,,,,,
BenchmarkTest00221.java,0,CWE-22,,,,0,0,1,0,0,0,1,0,,,,,,,,
BenchmarkTest00222.java,0,CWE-22,CWE-23,0,1,1,0,0,0,0,0,0,1,1313,6.565000000000001e-05,1152,0.00046080000000000003,12,4.800000000000001e-06,0.00053125,5.631252765655518
BenchmarkTest00223.java,0,CWE-328,CWE-916,0,0,1,0,0,0,1,0,0,0,1375,6.875e-05,896,0.00035840000000000004,13,5.2e-06,0.0004323500000000001,4.932066202163696
BenchmarkTest00224.java,0,CWE-328,,,,0,0,1,0,0,0,1,0,,,,,,,,
BenchmarkTest00225.java,0,CWE-328,,,,0,0,1,0,0,0,1,0,,,,,,,,
BenchmarkTest00226.java,0,CWE-328,,,,0,0,0,1,0,0,0,1,,,,,,,,
BenchmarkTest00227.java,0,CWE-328,,,,0,0,0,1,0,0,0,1,,,,,,,,
BenchmarkTest00228.java,0,CWE-328,,,,0,0,1,0,0,0,1,0,,,,,,,,
BenchmarkTest00229.java,0,CWE-328,,,,0,0,1,0,0,0,1,0,,,,,,,,
BenchmarkTest00230.java,0,CWE-330,CWE-330,1,0,1,0,0,0,1,0,0,0,1297,6.485e-05,576,0.00023040000000000002,13,5.2e-06,0.00030045000000000007,3.037651300430298
BenchmarkTest00231.java,0,CWE-330,CWE-330,1,0,1,0,0,0,1,0,0,0,1314,6.57e-05,384,0.00015360000000000002,13,5.2e-06,0.0002245,2.1035444736480713
BenchmarkTest00232.java,0,CWE-330,CWE-330,1,0,1,0,0,0,1,0,0,0,1329,6.645e-05,640,0.000256,13,5.2e-06,0.00032765,3.378143310546875
BenchmarkTest00233.java,0,CWE-330,CWE-330,1,0,1,0,0,0,1,0,0,0,1251,6.255e-05,384,0.00015360000000000002,13,5.2e-06,0.00022135,2.1816325187683105
BenchmarkTest00234.java,0,CWE-330,CWE-330,1,0,1,0,0,0,1,0,0,0,1327,6.635000000000001e-05,384,0.00015360000000000002,13,5.2e-06,0.00022515000000000002,2.0640766620635986
BenchmarkTest00235.java,0,CWE-330,CWE-330,1,0,1,0,0,0,1,0,0,0,1251,6.255e-05,576,0.00023040000000000002,13,5.2e-06,0.00029815000000000006,3.704819440841675
BenchmarkTest00236.java,0,CWE-330,CWE-330,1,0,1,0,0,0,1,0,0,0,1260,6.3e-05,320,0.000128,13,5.2e-06,0.00019619999999999997,2.238020896911621
BenchmarkTest00237.java,0,CWE-330,CWE-330,1,0,1,0,0,0,1,0,0,0,1312,6.560000000000001e-05,832,0.0003328,13,5.2e-06,0.00040360000000000005,4.640653133392334
BenchmarkTest00238.java,0,CWE-330,CWE-330,1,0,1,0,0,0,1,0,0,0,1267,6.335e-05,384,0.00015360000000000002,13,5.2e-06,0.00022215,3.436887264251709
BenchmarkTest00239.java,0,CWE-330,CWE-330,1,0,1,0,0,0,1,0,0,0,1440,7.2e-05,512,0.00020480000000000002,13,5.2e-06,0.000282,3.360624074935913
BenchmarkTest00240.java,0,CWE-330,CWE-330,1,0,1,0,0,0,1,0,0,0,1253,6.265e-05,1024,0.00040960000000000004,13,5.2e-06,0.00047745000000000003,6.121676683425903
BenchmarkTest00241.java,0,CWE-614,CWE-614,1,0,1,0,0,0,1,0,0,0,1047,5.235e-05,1216,0.00048640000000000006,13,5.2e-06,0.0005439500000000001,6.38642430305481
BenchmarkTest00242.java,0,CWE-614,,,,0,0,1,0,0,0,1,0,,,,,,,,
BenchmarkTest00243.java,0,CWE-330,,,,0,0,1,0,0,0,1,0,,,,,,,,
BenchmarkTest00244.java,0,CWE-330,,,,0,0,1,0,0,0,1,0,,,,,,,,
BenchmarkTest00245.java,0,CWE-330,CWE-330,1,1,0,1,0,0,0,0,1,0,1556,7.780000000000001e-05,1536,0.0006144000000000001,12,4.800000000000001e-06,0.0006970000000000001,7.634637117385864
BenchmarkTest00246.java,0,CWE-330,,,,0,0,1,0,0,0,1,0,,,,,,,,
BenchmarkTest00247.java,0,CWE-330,,,,0,0,1,0,0,0,1,0,,,,,,,,
BenchmarkTest00248.java,0,CWE-330,,,,0,0,1,0,0,0,1,0,,,,,,,,
BenchmarkTest00249.java,0,CWE-330,,,,0,0,1,0,0,0,1,0,,,,,,,,
BenchmarkTest00254.java,0,CWE-327,CWE-327,1,0,1,0,0,0,1,0,0,0,1553,7.765e-05,256,0.00010240000000000001,13,5.2e-06,0.00018525,4.674170970916748
BenchmarkTest00255.java,0,CWE-327,,,,0,0,1,0,0,0,1,0,,,,,,,,
BenchmarkTest00256.java,0,CWE-327,CWE-327,1,0,1,0,0,0,1,0,0,0,1631,8.155000000000002e-05,384,0.00015360000000000002,13,5.2e-06,0.00024035000000000004,5.238196611404419
BenchmarkTest00257.java,0,CWE-327,CWE-327,1,0,1,0,0,0,1,0,0,0,1596,7.980000000000002e-05,576,0.00023040000000000002,13,5.2e-06,0.0003154000000000001,4.052479267120361
BenchmarkTest00258.java,0,CWE-327,CWE-327,1,0,1,0,0,0,1,0,0,0,1577,7.885e-05,384,0.00015360000000000002,13,5.2e-06,0.00023765000000000003,2.772150993347168
BenchmarkTest00259.java,0,CWE-327,,,,0,0,1,0,0,0,1,0,,,,,,,,
BenchmarkTest00260.java,0,CWE-327,,,,0,0,1,0,0,0,1,0,,,,,,,,
BenchmarkTest00261.java,0,CWE-22,,,,0,0,1,0,0,0,1,0,,,,,,,,
BenchmarkTest00262.java,0,CWE-22,CWE-23,0,0,1,0,0,0,1,0,0,0,1230,6.15e-05,576,0.00023040000000000002,13,5.2e-06,0.0002971,2.870839834213257
BenchmarkTest00263.java,0,CWE-22,CWE-23,0,1,0,1,0,0,0,0,1,0,1376,6.879999999999999e-05,576,0.00023040000000000002,12,4.800000000000001e-06,0.000304,2.726022720336914
BenchmarkTest00264.java,0,CWE-22,CWE-23,0,0,1,0,0,0,1,0,0,0,1324,6.62e-05,832,0.0003328,13,5.2e-06,0.0004042,3.8677167892456055
BenchmarkTest00265.java,0,CWE-22,CWE-23,0,1,0,1,0,0,0,0,1,0,1251,6.255e-05,896,0.00035840000000000004,12,4.800000000000001e-06,0.00042575,4.34396505355835
BenchmarkTest00266.java,0,CWE-328,CWE-916,0,0,1,0,0,0,1,0,0,0,1338,6.69e-05,832,0.0003328,13,5.2e-06,0.00040490000000000003,3.9259908199310303
BenchmarkTest00267.java,0,CWE-328,CWE-916,0,0,1,0,0,0,1,0,0,0,1273,6.365e-05,896,0.00035840000000000004,13,5.2e-06,0.00042725000000000006,4.30439829826355
BenchmarkTest00268.java,0,CWE-328,CWE-916,0,0,1,0,0,0,1,0,0,0,1230,6.15e-05,576,0.00023040000000000002,13,5.2e-06,0.0002971,2.9578731060028076
BenchmarkTest00269.java,0,CWE-328,CWE-916,0,0,1,0,0,0,1,0,0,0,1236,6.18e-05,576,0.00023040000000000002,13,5.2e-06,0.0002974,2.9352927207946777
BenchmarkTest00270.java,0,CWE-328,,,,0,0,1,0,0,0,1,0,,,,,,,,
BenchmarkTest00271.java,0,CWE-328,,,,0,0,1,0,0,0,1,0,,,,,,,,
BenchmarkTest00272.java,0,CWE-328,CWE-916,0,0,1,0,0,0,1,0,0,0,1227,6.135e-05,320,0.000128,13,5.2e-06,0.00019454999999999999,2.13788104057312
BenchmarkTest00273.java,0,CWE-328,,,,0,0,0,1,0,0,0,1,,,,,,,,
BenchmarkTest00274.java,0,CWE-328,,,,0,0,0,1,0,0,0,1,,,,,,,,
BenchmarkTest00275.java,0,CWE-79,,,,0,0,1,0,0,0,1,0,,,,,,,,
BenchmarkTest00276.java,0,CWE-79,CWE-79,1,0,1,0,0,0,1,0,0,0,1260,6.3e-05,320,0.000128,13,5.2e-06,0.00019619999999999997,2.1036126613616943
BenchmarkTest00277.java,0,CWE-79,,,,0,0,1,0,0,0,1,0,,,,,,,,
BenchmarkTest00278.java,0,CWE-79,,,,0,0,1,0,0,0,1,0,,,,,,,,
BenchmarkTest00279.java,0,CWE-79,CWE-79,1,0,1,0,0,0,1,0,0,0,1294,6.47e-05,768,0.00030720000000000004,13,5.2e-06,0.00037710000000000006,3.569789171218872
BenchmarkTest00280.java,0,CWE-79,CWE-79,1,0,1,0,0,0,1,0,0,0,1323,6.615000000000001e-05,576,0.00023040000000000002,13,5.2e-06,0.00030175000000000004,3.2833478450775146
BenchmarkTest00281.java,0,CWE-79,,,,0,0,1,0,0,0,1,0,,,,,,,,
BenchmarkTest00282.java,0,CWE-79,,,,0,0,1,0,0,0,1,0,,,,,,,,
BenchmarkTest00283.java,0,CWE-79,,,,0,0,1,0,0,0,1,0,,,,,,,,
BenchmarkTest00284.java,0,CWE-79,CWE-79,1,0,1,0,0,0,1,0,0,0,1231,6.155e-05,576,0.00023040000000000002,13,5.2e-06,0.00029715000000000004,4.1790313720703125
BenchmarkTest00285.java,0,CWE-79,,,,0,0,1,0,0,0,1,0,,,,,,,,
BenchmarkTest00286.java,0,CWE-79,,,,0,0,1,0,0,0,1,0,,,,,,,,
BenchmarkTest00287.java,0,CWE-79,CWE-79,1,0,1,0,0,0,1,0,0,0,1262,6.31e-05,448,0.00017920000000000002,13,5.2e-06,0.00024750000000000005,2.7993223667144775
BenchmarkTest00288.java,0,CWE-79,CWE-79,1,1,0,1,0,0,0,0,1,0,1362,6.81e-05,576,0.00023040000000000002,12,4.800000000000001e-06,0.00030330000000000005,3.9041006565093994
BenchmarkTest00289.java,0,CWE-79,,,,0,0,1,0,0,0,1,0,,,,,,,,
BenchmarkTest00290.java,0,CWE-79,CWE-79,1,0,1,0,0,0,1,0,0,0,1254,6.27e-05,448,0.00017920000000000002,13,5.2e-06,0.00024710000000000004,3.279019594192505
BenchmarkTest00291.java,0,CWE-79,CWE-79,1,0,1,0,0,0,1,0,0,0,1263,6.315e-05,1344,0.0005376000000000001,13,5.2e-06,0.0006059500000000001,6.533519744873047
BenchmarkTest00292.java,0,CWE-79,CWE-79,1,0,1,0,0,0,1,0,0,0,1291,6.455e-05,640,0.000256,13,5.2e-06,0.00032575,3.6160848140716553
BenchmarkTest00293.java,0,CWE-78,CWE-78,1,0,1,0,0,0,1,0,0,0,977,4.885e-05,1280,0.000512,13,5.2e-06,0.00056605,5.754232406616211
BenchmarkTest00294.java,0,CWE-78,CWE-78,1,0,1,0,0,0,1,0,0,0,960,4.8e-05,768,0.00030720000000000004,13,5.2e-06,0.0003604000000000001,4.4760353565216064
BenchmarkTest00295.java,0,CWE-78,CWE-78,1,0,1,0,0,0,1,0,0,0,963,4.8150000000000005e-05,1152,0.00046080000000000003,13,5.2e-06,0.00051415,6.174391746520996
BenchmarkTest00296.java,0,CWE-330,CWE-330,1,0,1,0,0,0,1,0,0,0,1218,6.09e-05,512,0.00020480000000000002,13,5.2e-06,0.0002709,4.068687677383423
BenchmarkTest00297.java,0,CWE-330,CWE-330,1,0,1,0,0,0,1,0,0,0,1215,6.075e-05,640,0.000256,13,5.2e-06,0.00032195,4.579798221588135
BenchmarkTest00298.java,0,CWE-330,CWE-330,1,0,1,0,0,0,1,0,0,0,1219,6.0950000000000004e-05,512,0.00020480000000000002,13,5.2e-06,0.00027095000000000005,3.9117038249969482
BenchmarkTest00299.java,0,CWE-330,CWE-330,1,0,1,0,0,0,1,0,0,0,1209,6.0450000000000006e-05,448,0.00017920000000000002,13,5.2e-06,0.00024485,3.8228466510772705
BenchmarkTest00300.java,0,CWE-614,CWE-614,1,0,1,0,0,0,1,0,0,0,1014,5.0700000000000006e-05,896,0.00035840000000000004,13,5.2e-06,0.00041430000000000004,5.714979648590088
BenchmarkTest00301.java,0,CWE-79,CWE-79,1,0,1,0,0,0,1,0,0,0,1322,6.610000000000001e-05,320,0.000128,13,5.2e-06,0.0001993,2.8385024070739746
BenchmarkTest00302.java,0,CWE-78,CWE-78,1,0,1,0,0,0,1,0,0,0,929,4.6450000000000004e-05,1280,0.000512,13,5.2e-06,0.00056365,10.624545812606812
BenchmarkTest00303.java,0,CWE-78,CWE-78,1,0,1,0,0,0,1,0,0,0,1048,5.2400000000000007e-05,2624,0.0010496000000000001,13,5.2e-06,0.0011072,11.937348365783691
BenchmarkTest00304.java,0,CWE-78,CWE-78,1,0,1,0,0,0,1,0,0,0,1078,5.39e-05,1152,0.00046080000000000003,13,5.2e-06,0.0005199,6.04719877243042
BenchmarkTest00305.java,0,CWE-78,,,,0,0,1,0,0,0,1,0,,,,,,,,
BenchmarkTest00306.java,0,CWE-78,CWE-78,1,0,1,0,0,0,1,0,0,0,887,4.435e-05,1088,0.00043520000000000006,13,5.2e-06,0.0004847500000000001,9.66054105758667
BenchmarkTest00307.java,0,CWE-78,CWE-78,1,1,0,1,0,0,0,0,1,0,984,4.92e-05,1280,0.000512,13,5.2e-06,0.0005664,5.551913499832153
BenchmarkTest00308.java,0,CWE-78,,,,0,0,1,0,0,0,1,0,,,,,,,,
BenchmarkTest00309.java,0,CWE-78,CWE-78,1,1,0,1,0,0,0,0,1,0,940,4.7e-05,960,0.000384,13,5.2e-06,0.00043620000000000003,4.733044624328613
BenchmarkTest00310.java,0,CWE-78,CWE-78,1,1,0,1,0,0,0,0,1,0,1012,5.0600000000000003e-05,960,0.000384,12,4.800000000000001e-06,0.0004394,4.625659227371216
BenchmarkTest00311.java,0,CWE-78,CWE-78,1,0,1,0,0,0,1,0,0,0,941,4.7050000000000005e-05,1216,0.00048640000000000006,13,5.2e-06,0.0005386500000000001,6.0541088581085205
BenchmarkTest00312.java,0,CWE-330,,,,0,0,1,0,0,0,1,0,,,,,,,,
BenchmarkTest00313.java,0,CWE-330,CWE-330,1,1,0,1,0,0,0,0,1,0,1308,6.54e-05,2560,0.001024,12,4.800000000000001e-06,0.0010941999999999998,14.32722020149231
BenchmarkTest00314.java,0,CWE-330,CWE-330,1,1,0,1,0,0,0,0,1,0,1317,6.585000000000001e-05,1088,0.00043520000000000006,12,4.800000000000001e-06,0.0005058500000000001,8.463174104690552
BenchmarkTest00315.java,0,CWE-330,,,,0,0,1,0,0,0,1,0,,,,,,,,
BenchmarkTest00316.java,0,CWE-330,,,,0,0,1,0,0,0,1,0,,,,,,,,
BenchmarkTest00317.java,0,CWE-330,,,,0,0,1,0,0,0,1,0,,,,,,,,
BenchmarkTest00318.java,0,CWE-330,,,,0,0,1,0,0,0,1,0,,,,,,,,
BenchmarkTest00319.java,0,CWE-330,,,,0,0,1,0,0,0,1,0,,,,,,,,
BenchmarkTest00320.java,0,CWE-330,,,,0,0,1,0,0,0,1,0,,,,,,,,
BenchmarkTest00328.java,0,CWE-89,CWE-89,1,0,1,0,0,0,1,0,0,0,872,4.36e-05,1216,0.00048640000000000006,13,5.2e-06,0.0005352000000000001,5.73137092590332
BenchmarkTest00329.java,0,CWE-89,,,,0,0,1,0,0,0,1,0,,,,,,,,
BenchmarkTest00330.java,0,CWE-89,,,,0,0,1,0,0,0,1,0,,,,,,,,
BenchmarkTest00331.java,0,CWE-89,CWE-89,1,1,0,1,0,0,0,0,1,0,954,4.77e-05,768,0.00030720000000000004,12,4.800000000000001e-06,0.00035970000000000007,5.936788320541382
BenchmarkTest00332.java,0,CWE-89,,,,0,0,1,0,0,0,1,0,,,,,,,,
BenchmarkTest00333.java,0,CWE-89,,,,0,0,1,0,0,0,1,0,,,,,,,,
BenchmarkTest00334.java,0,CWE-89,,,,0,0,1,0,0,0,1,0,,,,,,,,
BenchmarkTest00335.java,0,CWE-89,CWE-89,1,0,1,0,0,0,1,0,0,0,902,4.51e-05,832,0.0003328,13,5.2e-06,0.00038310000000000004,6.84079909324646
BenchmarkTest00336.java,0,CWE-89,,,,0,0,1,0,0,0,1,0,,,,,,,,
BenchmarkTest00337.java,0,CWE-89,,,,0,0,0,1,0,0,0,1,,,,,,,,
BenchmarkTest00338.java,0,CWE-89,,,,0,0,1,0,0,0,1,0,,,,,,,,
BenchmarkTest00339.java,0,CWE-89,,,,0,0,0,1,0,0,0,1,,,,,,,,
BenchmarkTest00340.java,0,CWE-89,CWE-89,1,1,0,1,0,0,0,0,1,0,963,4.8150000000000005e-05,640,0.000256,12,4.800000000000001e-06,0.00030895,5.0935328006744385
BenchmarkTest00341.java,0,CWE-89,CWE-89,1,0,1,0,0,0,1,0,0,0,908,4.5400000000000006e-05,576,0.00023040000000000002,13,5.2e-06,0.00028100000000000005,4.836509704589844
BenchmarkTest00342.java,0,CWE-89,CWE-89,1,0,1,0,0,0,1,0,0,0,906,4.53e-05,576,0.00023040000000000002,13,5.2e-06,0.00028090000000000005,3.4569075107574463
BenchmarkTest00343.java,0,CWE-89,,,,0,0,1,0,0,0,1,0,,,,,,,,
BenchmarkTest00344.java,0,CWE-89,,,,0,0,1,0,0,0,1,0,,,,,,,,
BenchmarkTest00345.java,0,CWE-327,,,,0,0,1,0,0,0,1,0,,,,,,,,
BenchmarkTest00346.java,0,CWE-328,CWE-916,0,0,1,0,0,0,1,0,0,0,1207,6.035e-05,768,0.00030720000000000004,13,5.2e-06,0.00037275000000000003,4.43668532371521
BenchmarkTest00347.java,0,CWE-330,CWE-330,1,0,1,0,0,0,1,0,0,0,1139,5.695e-05,576,0.00023040000000000002,13,5.2e-06,0.00029255000000000004,3.373683452606201
BenchmarkTest00348.java,0,CWE-614,CWE-614,1,0,1,0,0,0,1,0,0,0,926,4.630000000000001e-05,576,0.00023040000000000002,13,5.2e-06,0.0002819,3.315375804901123
BenchmarkTest00349.java,0,CWE-330,,,,0,0,1,0,0,0,1,0,,,,,,,,
BenchmarkTest00350.java,0,CWE-327,,,,0,0,1,0,0,0,1,0,,,,,,,,
BenchmarkTest00351.java,0,CWE-327,,,,0,0,1,0,0,0,1,0,,,,,,,,
BenchmarkTest00352.java,0,CWE-327,,,,0,0,1,0,0,0,1,0,,,,,,,,
BenchmarkTest00353.java,0,CWE-327,,,,0,0,1,0,0,0,1,0,,,,,,,,
BenchmarkTest00354.java,0,CWE-327,CWE-327,1,0,1,0,0,0,1,0,0,0,1203,6.0150000000000005e-05,1152,0.00046080000000000003,13,5.2e-06,0.0005261500000000001,5.330244064331055
BenchmarkTest00355.java,0,CWE-327,CWE-327,1,0,1,0,0,0,1,0,0,0,1378,6.890000000000001e-05,896,0.00035840000000000004,13,5.2e-06,0.00043250000000000005,4.7427942752838135
BenchmarkTest00356.java,0,CWE-327,CWE-327,1,0,1,0,0,0,1,0,0,0,1191,5.9550000000000004e-05,960,0.000384,13,5.2e-06,0.00044875000000000004,6.907561779022217
BenchmarkTest00357.java,0,CWE-327,,,,0,0,1,0,0,0,1,0,,,,,,,,
BenchmarkTest00358.java,0,CWE-327,,,,0,0,1,0,0,0,1,0,,,,,,,,
BenchmarkTest00359.java,0,CWE-22,CWE-23,0,0,1,0,0,0,1,0,0,0,1134,5.67e-05,1152,0.00046080000000000003,14,5.600000000000001e-06,0.0005231000000000001,10.332316637039185
BenchmarkTest00360.java,0,CWE-22,CWE-23,0,0,1,0,0,0,1,0,0,0,1299,6.495e-05,640,0.000256,13,5.2e-06,0.00032615,3.6907572746276855
BenchmarkTest00361.java,0,CWE-22,CWE-23,0,1,0,1,0,0,0,0,1,0,1283,6.415e-05,640,0.000256,13,5.2e-06,0.00032535,4.418158292770386
BenchmarkTest00362.java,0,CWE-22,CWE-23,0,0,1,0,0,0,1,0,0,0,1148,5.7400000000000006e-05,448,0.00017920000000000002,13,5.2e-06,0.00024180000000000002,2.6243512630462646
BenchmarkTest00363.java,0,CWE-22,CWE-23,0,0,1,0,0,0,1,0,0,0,1109,5.5450000000000006e-05,960,0.000384,13,5.2e-06,0.00044465000000000005,4.5432798862457275
BenchmarkTest00364.java,0,CWE-22,CWE-23,0,1,0,1,0,0,0,0,1,0,1216,6.080000000000001e-05,704,0.0002816,12,4.800000000000001e-06,0.00034720000000000004,3.696960687637329
BenchmarkTest00365.java,0,CWE-22,CWE-23,0,1,0,1,0,0,0,0,1,0,1370,6.85e-05,448,0.00017920000000000002,12,4.800000000000001e-06,0.0002525,2.9880945682525635
BenchmarkTest00366.java,0,CWE-22,CWE-23,0,1,0,1,0,0,0,0,1,0,1350,6.75e-05,512,0.00020480000000000002,12,4.800000000000001e-06,0.0002771,4.674513578414917
BenchmarkTest00367.java,0,CWE-90,,,,0,0,1,0,0,0,1,0,,,,,,,,
BenchmarkTest00368.java,0,CWE-330,CWE-330,1,0,1,0,0,0,1,0,0,0,1174,5.8700000000000004e-05,576,0.00023040000000000002,13,5.2e-06,0.00029430000000000005,3.2677879333496094
BenchmarkTest00369.java,0,CWE-330,CWE-330,1,0,1,0,0,0,1,0,0,0,1199,5.995e-05,768,0.00030720000000000004,14,5.600000000000001e-06,0.00037275000000000003,5.185898542404175
BenchmarkTest00370.java,0,CWE-328,,,,0,0,1,0,0,0,1,0,,,,,,,,
BenchmarkTest00371.java,0,CWE-328,CWE-916,0,0,1,0,0,0,1,0,0,0,1197,5.9850000000000005e-05,1152,0.00046080000000000003,13,5.2e-06,0.00052585,9.113564729690552
BenchmarkTest00372.java,0,CWE-328,CWE-916,0,0,1,0,0,0,1,0,0,0,1124,5.6200000000000004e-05,1088,0.00043520000000000006,13,5.2e-06,0.0004966,6.6997294425964355
BenchmarkTest00373.java,0,CWE-328,,,,0,0,1,0,0,0,1,0,,,,,,,,
BenchmarkTest00374.java,0,CWE-328,,,,0,0,0,1,0,0,0,1,,,,,,,,
BenchmarkTest00375.java,0,CWE-79,CWE-79,1,0,1,0,0,0,1,0,0,0,1226,6.13e-05,1216,0.00048640000000000006,13,5.2e-06,0.0005529,7.446066856384277
BenchmarkTest00376.java,0,CWE-79,CWE-79,1,0,1,0,0,0,1,0,0,0,1246,6.230000000000001e-05,896,0.00035840000000000004,13,5.2e-06,0.00042590000000000005,5.83864426612854
BenchmarkTest00377.java,0,CWE-79,CWE-79,1,1,0,1,0,0,0,0,1,0,1283,6.415e-05,1152,0.00046080000000000003,12,4.800000000000001e-06,0.0005297500000000001,6.5011820793151855
BenchmarkTest00378.java,0,CWE-79,CWE-79,1,0,1,0,0,0,1,0,0,0,1230,6.15e-05,2112,0.0008448,13,5.2e-06,0.0009115000000000001,12.49576473236084
BenchmarkTest00379.java,0,CWE-79,,,,0,0,1,0,0,0,1,0,,,,,,,,
BenchmarkTest00380.java,0,CWE-79,CWE-79,1,0,1,0,0,0,1,0,0,0,1286,6.429999999999999e-05,384,0.00015360000000000002,13,5.2e-06,0.0002231,2.3232414722442627
BenchmarkTest00381.java,0,CWE-79,,,,0,0,1,0,0,0,1,0,,,,,,,,
BenchmarkTest00382.java,0,CWE-79,CWE-79,1,0,1,0,0,0,1,0,0,0,1275,6.375e-05,1344,0.0005376000000000001,13,5.2e-06,0.0006065500000000001,9.434860706329346
BenchmarkTest00383.java,0,CWE-79,CWE-79,1,0,1,0,0,0,1,0,0,0,1432,7.16e-05,1408,0.0005632,13,5.2e-06,0.00064,6.357640027999878
BenchmarkTest00384.java,0,CWE-79,CWE-79,1,0,1,0,0,0,1,0,0,0,1238,6.19e-05,1024,0.00040960000000000004,13,5.2e-06,0.00047670000000000004,4.849068641662598
BenchmarkTest00385.java,0,CWE-79,CWE-79,1,0,1,0,0,0,1,0,0,0,1437,7.185000000000001e-05,1024,0.00040960000000000004,14,5.600000000000001e-06,0.00048705000000000005,5.330416202545166
BenchmarkTest00386.java,0,CWE-79,CWE-79,1,1,0,1,0,0,0,0,1,0,1317,6.585000000000001e-05,640,0.000256,12,4.800000000000001e-06,0.00032665,3.7199578285217285
BenchmarkTest00387.java,0,CWE-79,CWE-79,1,0,1,0,0,0,1,0,0,0,1226,6.13e-05,704,0.0002816,13,5.2e-06,0.00034810000000000006,3.6098244190216064
BenchmarkTest00388.java,0,CWE-79,CWE-79,1,0,1,0,0,0,1,0,0,0,1220,6.1e-05,768,0.00030720000000000004,13,5.2e-06,0.0003734000000000001,3.8747026920318604
BenchmarkTest00389.java,0,CWE-79,,,,0,0,1,0,0,0,1,0,,,,,,,,
BenchmarkTest00390.java,0,CWE-79,CWE-79,1,0,1,0,0,0,1,0,0,0,1242,6.21e-05,576,0.00023040000000000002,13,5.2e-06,0.0002977,2.9025521278381348
BenchmarkTest00391.java,0,CWE-79,,,,0,0,1,0,0,0,1,0,,,,,,,,
BenchmarkTest00392.java,0,CWE-79,CWE-79,1,0,1,0,0,0,1,0,0,0,1281,6.405e-05,512,0.00020480000000000002,13,5.2e-06,0.00027405,3.6249048709869385
BenchmarkTest00393.java,0,CWE-79,,,,0,0,1,0,0,0,1,0,,,,,,,,
BenchmarkTest00394.java,0,CWE-79,CWE-79,1,1,0,1,0,0,0,0,1,0,1294,6.47e-05,896,0.00035840000000000004,12,4.800000000000001e-06,0.00042790000000000005,5.439921855926514
BenchmarkTest00395.java,0,CWE-79,CWE-79,1,0,1,0,0,0,1,0,0,0,1236,6.18e-05,704,0.0002816,13,5.2e-06,0.0003486,4.994243621826172
BenchmarkTest00396.java,0,CWE-78,,,,0,0,1,0,0,0,1,0,,,,,,,,
BenchmarkTest00397.java,0,CWE-330,CWE-330,1,0,1,0,0,0,1,0,0,0,1204,6.02e-05,576,0.00023040000000000002,13,5.2e-06,0.00029580000000000003,4.714329719543457
BenchmarkTest00398.java,0,CWE-330,CWE-330,1,0,1,0,0,0,1,0,0,0,1268,6.340000000000001e-05,256,0.00010240000000000001,13,5.2e-06,0.000171,3.179611921310425
BenchmarkTest00399.java,0,CWE-330,CWE-330,1,0,1,0,0,0,1,0,0,0,1402,7.010000000000001e-05,640,0.000256,13,5.2e-06,0.00033130000000000003,4.84771203994751
BenchmarkTest00400.java,0,CWE-330,CWE-330,1,0,1,0,0,0,1,0,0,0,1264,6.32e-05,576,0.00023040000000000002,13,5.2e-06,0.00029880000000000005,4.528503894805908
BenchmarkTest00401.java,0,CWE-330,CWE-330,1,0,1,0,0,0,1,0,0,0,1199,5.995e-05,1088,0.00043520000000000006,13,5.2e-06,0.0005003500000000001,6.0449628829956055
BenchmarkTest00402.java,0,CWE-330,CWE-330,1,0,1,0,0,0,1,0,0,0,1201,6.005e-05,832,0.0003328,13,5.2e-06,0.00039805000000000005,6.025935173034668
BenchmarkTest00403.java,0,CWE-614,CWE-614,1,0,1,0,0,0,1,0,0,0,963,4.8150000000000005e-05,320,0.000128,13,5.2e-06,0.00018135,2.0243234634399414
BenchmarkTest00404.java,0,CWE-614,,,,0,0,1,0,0,0,1,0,,,,,,,,
BenchmarkTest00405.java,0,CWE-614,,,,0,0,1,0,0,0,1,0,,,,,,,,
BenchmarkTest00406.java,0,CWE-78,,,,0,0,1,0,0,0,1,0,,,,,,,,
BenchmarkTest00407.java,0,CWE-78,CWE-78,1,0,1,0,0,0,1,0,0,0,1030,5.15e-05,1856,0.0007424,13,5.2e-06,0.0007991000000000001,8.350677967071533
BenchmarkTest00408.java,0,CWE-78,,,,0,0,1,0,0,0,1,0,,,,,,,,
BenchmarkTest00409.java,0,CWE-78,CWE-78,1,0,1,0,0,0,1,0,0,0,1070,5.35e-05,1856,0.0007424,13,5.2e-06,0.0008011,8.2779541015625
BenchmarkTest00410.java,0,CWE-78,CWE-78,1,1,0,1,0,0,0,0,1,0,898,4.490000000000001e-05,960,0.000384,12,4.800000000000001e-06,0.0004337,4.547260046005249
BenchmarkTest00411.java,0,CWE-78,,,,0,0,1,0,0,0,1,0,,,,,,,,
BenchmarkTest00412.java,0,CWE-78,CWE-78,1,1,0,1,0,0,0,0,1,0,878,4.39e-05,1728,0.0006912,12,4.800000000000001e-06,0.0007399,8.433608531951904
BenchmarkTest00413.java,0,CWE-330,,,,0,0,1,0,0,0,1,0,,,,,,,,
BenchmarkTest00414.java,0,CWE-330,,,,0,0,1,0,0,0,1,0,,,,,,,,
BenchmarkTest00415.java,0,CWE-330,,,,0,0,1,0,0,0,1,0,,,,,,,,
BenchmarkTest00416.java,0,CWE-330,,,,0,0,1,0,0,0,1,0,,,,,,,,
BenchmarkTest00417.java,0,CWE-330,,,,0,0,1,0,0,0,1,0,,,,,,,,
BenchmarkTest00418.java,0,CWE-330,,,,0,0,1,0,0,0,1,0,,,,,,,,
BenchmarkTest00419.java,0,CWE-330,,,,0,0,1,0,0,0,1,0,,,,,,,,
BenchmarkTest00420.java,0,CWE-330,,,,0,0,1,0,0,0,1,0,,,,,,,,
BenchmarkTest00421.java,0,CWE-330,,,,0,0,1,0,0,0,1,0,,,,,,,,
BenchmarkTest00422.java,0,CWE-330,,,,0,0,1,0,0,0,1,0,,,,,,,,
BenchmarkTest00423.java,0,CWE-330,,,,0,0,1,0,0,0,1,0,,,,,,,,
BenchmarkTest00428.java,0,CWE-89,CWE-89,1,0,1,0,0,0,1,0,0,0,882,4.41e-05,960,0.000384,13,5.2e-06,0.0004333,4.28220272064209
BenchmarkTest00429.java,0,CWE-89,CWE-89,1,0,1,0,0,0,1,0,0,0,887,4.435e-05,704,0.0002816,14,5.600000000000001e-06,0.00033155,3.497161865234375
BenchmarkTest00430.java,0,CWE-89,,,,0,0,1,0,0,0,1,0,,,,,,,,
BenchmarkTest00431.java,0,CWE-89,CWE-89,1,0,1,0,0,0,1,0,0,0,1014,5.0700000000000006e-05,512,0.00020480000000000002,13,5.2e-06,0.00026070000000000005,2.73264217376709
BenchmarkTest00432.java,0,CWE-89,,,,0,0,1,0,0,0,1,0,,,,,,,,
BenchmarkTest00433.java,0,CWE-89,,,,0,0,0,1,0,0,0,1,,,,,,,,
BenchmarkTest00434.java,0,CWE-89,CWE-89,1,0,1,0,0,0,1,0,0,0,864,4.32e-05,448,0.00017920000000000002,13,5.2e-06,0.0002276,2.416189670562744
BenchmarkTest00435.java,0,CWE-89,CWE-89,1,0,1,0,0,0,1,0,0,0,893,4.465000000000001e-05,256,0.00010240000000000001,13,5.2e-06,0.00015225000000000001,2.235248327255249
BenchmarkTest00436.java,0,CWE-89,,,,0,0,1,0,0,0,1,0,,,,,,,,
BenchmarkTest00437.java,0,CWE-89,,,,0,0,1,0,0,0,1,0,,,,,,,,
BenchmarkTest00438.java,0,CWE-89,CWE-89,1,0,1,0,0,0,1,0,0,0,835,4.175e-05,512,0.00020480000000000002,13,5.2e-06,0.00025175,2.868941068649292
BenchmarkTest00439.java,0,CWE-89,CWE-89,1,0,1,0,0,0,1,0,0,0,805,4.025e-05,1088,0.00043520000000000006,14,5.600000000000001e-06,0.0004810500000000001,5.610841989517212
BenchmarkTest00440.java,0,CWE-89,CWE-89,1,1,0,1,0,0,0,0,1,0,913,4.5650000000000005e-05,512,0.00020480000000000002,12,4.800000000000001e-06,0.00025525000000000005,2.9286913871765137
BenchmarkTest00441.java,0,CWE-89,CWE-89,1,0,1,0,0,0,1,0,0,0,836,4.1800000000000006e-05,640,0.000256,13,5.2e-06,0.000303,3.970270872116089
BenchmarkTest00442.java,0,CWE-643,CWE-643,1,0,1,0,0,0,1,0,0,0,901,4.5050000000000004e-05,640,0.000256,13,5.2e-06,0.00030625,3.2854163646698
BenchmarkTest00443.java,0,CWE-327,,,,0,0,1,0,0,0,1,0,,,,,,,,
BenchmarkTest00444.java,0,CWE-327,,,,0,0,1,0,0,0,1,0,,,,,,,,
BenchmarkTest00445.java,0,CWE-327,CWE-327,1,0,1,0,0,0,1,0,0,0,1428,7.14e-05,384,0.00015360000000000002,13,5.2e-06,0.0002302,2.4138131141662598
BenchmarkTest00446.java,0,CWE-327,CWE-327,1,0,1,0,0,0,1,0,0,0,1244,6.220000000000001e-05,384,0.00015360000000000002,13,5.2e-06,0.00022100000000000003,3.229959726333618
BenchmarkTest00447.java,0,CWE-327,,,,0,0,1,0,0,0,1,0,,,,,,,,
BenchmarkTest00448.java,0,CWE-327,CWE-327,1,0,1,0,0,0,1,0,0,0,1226,6.13e-05,576,0.00023040000000000002,14,5.600000000000001e-06,0.0002973,6.310986518859863
BenchmarkTest00449.java,0,CWE-327,CWE-327,1,0,1,0,0,0,1,0,0,0,1223,6.115000000000001e-05,1152,0.00046080000000000003,13,5.2e-06,0.0005271500000000001,6.739921808242798
BenchmarkTest00450.java,0,CWE-327,,,,0,0,1,0,0,0,1,0,,,,,,,,
BenchmarkTest00451.java,0,CWE-327,,,,0,0,1,0,0,0,1,0,,,,,,,,
BenchmarkTest00452.java,0,CWE-22,CWE-23,0,0,1,0,0,0,1,0,0,0,1196,5.9800000000000003e-05,896,0.00035840000000000004,13,5.2e-06,0.00042340000000000005,5.812171459197998
BenchmarkTest00453.java,0,CWE-22,CWE-23,0,0,1,0,0,0,1,0,0,0,1331,6.654999999999999e-05,1408,0.0005632,13,5.2e-06,0.00063495,7.564410209655762
BenchmarkTest00454.java,0,CWE-22,,,,0,0,1,0,0,0,1,0,,,,,,,,
BenchmarkTest00455.java,0,CWE-22,CWE-23,0,0,1,0,0,0,1,0,0,0,1276,6.38e-05,1024,0.00040960000000000004,13,5.2e-06,0.00047860000000000003,5.701324701309204
BenchmarkTest00456.java,0,CWE-22,CWE-23,0,0,1,0,0,0,1,0,0,0,1316,6.58e-05,384,0.00015360000000000002,13,5.2e-06,0.0002246,2.788969039916992
BenchmarkTest00457.java,0,CWE-22,CWE-23,0,0,1,0,0,0,1,0,0,0,1246,6.230000000000001e-05,512,0.00020480000000000002,13,5.2e-06,0.00027230000000000006,3.1591413021087646
BenchmarkTest00458.java,0,CWE-22,CWE-23,0,1,0,1,0,0,0,0,1,0,1267,6.335e-05,576,0.00023040000000000002,12,4.800000000000001e-06,0.00029855,3.097717523574829
BenchmarkTest00459.java,0,CWE-22,CWE-23,0,0,1,0,0,0,1,0,0,0,1222,6.110000000000001e-05,896,0.00035840000000000004,15,6e-06,0.00042550000000000004,4.170507907867432
BenchmarkTest00460.java,0,CWE-22,,,,0,0,1,0,0,0,1,0,,,,,,,,
BenchmarkTest00461.java,0,CWE-330,CWE-330,1,0,1,0,0,0,1,0,0,0,1213,6.0650000000000004e-05,768,0.00030720000000000004,14,5.600000000000001e-06,0.00037345,4.413160800933838
BenchmarkTest00462.java,0,CWE-328,CWE-916,0,0,1,0,0,0,1,0,0,0,1312,6.560000000000001e-05,704,0.0002816,13,5.2e-06,0.00035240000000000005,3.69988751411438
BenchmarkTest00463.java,0,CWE-328,,,,0,0,1,0,0,0,1,0,,,,,,,,
BenchmarkTest00464.java,0,CWE-328,CWE-916,0,0,1,0,0,0,1,0,0,0,1229,6.145e-05,576,0.00023040000000000002,13,5.2e-06,0.00029705000000000004,2.954723834991455
BenchmarkTest00465.java,0,CWE-328,CWE-916,0,0,1,0,0,0,1,0,0,0,1165,5.825e-05,832,0.0003328,13,5.2e-06,0.00039625,3.921380043029785
BenchmarkTest00466.java,0,CWE-328,,,,0,0,1,0,0,0,1,0,,,,,,,,
BenchmarkTest00467.java,0,CWE-79,CWE-79,1,0,1,0,0,0,1,0,0,0,1330,6.65e-05,1600,0.00064,13,5.2e-06,0.0007117000000000001,7.789487361907959
BenchmarkTest00468.java,0,CWE-79,CWE-79,1,1,0,1,0,0,0,0,1,0,1345,6.725e-05,832,0.0003328,12,4.800000000000001e-06,0.00040485,5.164387464523315
BenchmarkTest00469.java,0,CWE-79,,,,0,0,1,0,0,0,1,0,,,,,,,,
BenchmarkTest00470.java,0,CWE-79,,,,0,0,1,0,0,0,1,0,,,,,,,,
BenchmarkTest00471.java,0,CWE-79,,,,0,0,1,0,0,0,1,0,,,,,,,,
BenchmarkTest00472.java,0,CWE-79,CWE-79,1,0,1,0,0,0,1,0,0,0,1283,6.415e-05,704,0.0002816,13,5.2e-06,0.00035095000000000005,3.552011013031006
BenchmarkTest00473.java,0,CWE-79,CWE-79,1,0,1,0,0,0,1,0,0,0,1288,6.440000000000001e-05,1344,0.0005376000000000001,14,5.600000000000001e-06,0.0006076000000000001,6.671288013458252
BenchmarkTest00474.java,0,CWE-79,,,,0,0,1,0,0,0,1,0,,,,,,,,
BenchmarkTest00475.java,0,CWE-79,CWE-79,1,0,1,0,0,0,1,0,0,0,1260,6.3e-05,448,0.00017920000000000002,13,5.2e-06,0.00024740000000000005,2.5250096321105957
BenchmarkTest00476.java,0,CWE-79,,,,0,0,1,0,0,0,1,0,,,,,,,,
BenchmarkTest00477.java,0,CWE-79,CWE-79,1,0,1,0,0,0,1,0,0,0,1250,6.25e-05,448,0.00017920000000000002,13,5.2e-06,0.00024690000000000004,3.027731418609619
BenchmarkTest00478.java,0,CWE-79,CWE-79,1,0,1,0,0,0,1,0,0,0,1278,6.390000000000001e-05,768,0.00030720000000000004,13,5.2e-06,0.0003763000000000001,5.320856809616089
BenchmarkTest00479.java,0,CWE-79,,,,0,0,1,0,0,0,1,0,,,,,,,,
BenchmarkTest00480.java,0,CWE-78,CWE-78,1,0,1,0,0,0,1,0,0,0,962,4.8100000000000004e-05,704,0.0002816,13,5.2e-06,0.00033490000000000006,3.706798791885376
BenchmarkTest00481.java,0,CWE-78,,,,0,0,1,0,0,0,1,0,,,,,,,,
BenchmarkTest00482.java,0,CWE-330,CWE-330,1,0,1,0,0,0,1,0,0,0,1218,6.09e-05,384,0.00015360000000000002,13,5.2e-06,0.0002197,2.7917816638946533
BenchmarkTest00483.java,0,CWE-330,CWE-330,1,0,1,0,0,0,1,0,0,0,1251,6.255e-05,192,7.680000000000001e-05,13,5.2e-06,0.00014455,2.314113140106201
BenchmarkTest00484.java,0,CWE-330,CWE-330,1,0,1,0,0,0,1,0,0,0,1234,6.170000000000001e-05,512,0.00020480000000000002,13,5.2e-06,0.00027170000000000004,5.640615940093994
BenchmarkTest00485.java,0,CWE-330,CWE-330,1,0,1,0,0,0,1,0,0,0,1209,6.0450000000000006e-05,384,0.00015360000000000002,13,5.2e-06,0.00021925000000000002,5.9330925941467285
BenchmarkTest00486.java,0,CWE-330,CWE-330,1,0,1,0,0,0,1,0,0,0,1181,5.9050000000000006e-05,448,0.00017920000000000002,13,5.2e-06,0.00024345,3.988760232925415
BenchmarkTest00487.java,0,CWE-330,CWE-330,1,0,1,0,0,0,1,0,0,0,1263,6.315e-05,1280,0.000512,13,5.2e-06,0.00058035,6.905120134353638
BenchmarkTest00488.java,0,CWE-330,CWE-330,1,0,1,0,0,0,1,0,0,0,1241,6.205e-05,704,0.0002816,13,5.2e-06,0.00034885000000000005,5.0867719650268555
BenchmarkTest00489.java,0,CWE-330,CWE-330,1,0,1,0,0,0,1,0,0,0,1268,6.340000000000001e-05,320,0.000128,13,5.2e-06,0.00019659999999999998,3.018596887588501
BenchmarkTest00490.java,0,CWE-330,CWE-330,1,0,1,0,0,0,1,0,0,0,1248,6.240000000000001e-05,448,0.00017920000000000002,13,5.2e-06,0.00024680000000000004,3.8370437622070312
BenchmarkTest00491.java,0,CWE-614,CWE-614,1,0,1,0,0,0,1,0,0,0,1027,5.135e-05,640,0.000256,13,5.2e-06,0.00031255,3.311859607696533
BenchmarkTest00492.java,0,CWE-79,CWE-79,1,0,1,0,0,0,1,0,0,0,1262,6.31e-05,704,0.0002816,13,5.2e-06,0.00034990000000000005,3.6007044315338135
BenchmarkTest00493.java,0,CWE-79,CWE-79,1,1,0,1,0,0,0,0,1,0,1336,6.68e-05,640,0.000256,12,4.800000000000001e-06,0.0003276,3.6639177799224854
BenchmarkTest00494.java,0,CWE-78,CWE-78,1,1,0,1,0,0,0,0,1,0,1066,5.33e-05,1280,0.000512,13,5.2e-06,0.0005705,5.913679838180542
BenchmarkTest00495.java,0,CWE-78,CWE-78,1,0,1,0,0,0,1,0,0,0,902,4.51e-05,1728,0.0006912,13,5.2e-06,0.0007415,7.655190944671631
BenchmarkTest00496.java,0,CWE-78,CWE-78,1,0,1,0,0,0,1,0,0,0,884,4.4200000000000004e-05,1536,0.0006144000000000001,13,5.2e-06,0.0006638000000000001,6.954355955123901
BenchmarkTest00497.java,0,CWE-78,CWE-78,1,0,1,0,0,0,1,0,0,0,928,4.64e-05,1152,0.00046080000000000003,13,5.2e-06,0.0005124000000000001,6.380608320236206
BenchmarkTest00498.java,0,CWE-78,CWE-78,1,0,1,0,0,0,1,0,0,0,895,4.475e-05,1664,0.0006656,13,5.2e-06,0.00071555,6.839698076248169
BenchmarkTest00499.java,0,CWE-78,CWE-78,1,0,1,0,0,0,1,0,0,0,910,4.55e-05,1408,0.0005632,13,5.2e-06,0.0006139,6.127086162567139
BenchmarkTest00500.java,0,CWE-78,CWE-78,1,0,1,0,0,0,1,0,0,0,955,4.775e-05,1344,0.0005376000000000001,13,5.2e-06,0.0005905500000000001,6.349548578262329
BenchmarkTest00501.java,0,CWE-330,,,,0,0,1,0,0,0,1,0,,,,,,,,
BenchmarkTest00502.java,0,CWE-330,,,,0,0,1,0,0,0,1,0,,,,,,,,
BenchmarkTest00503.java,0,CWE-330,,,,0,0,1,0,0,0,1,0,,,,,,,,
BenchmarkTest00504.java,0,CWE-330,,,,0,0,1,0,0,0,1,0,,,,,,,,
BenchmarkTest00505.java,0,CWE-330,,,,0,0,1,0,0,0,1,0,,,,,,,,
BenchmarkTest00506.java,0,CWE-330,,,,0,0,1,0,0,0,1,0,,,,,,,,
BenchmarkTest00507.java,0,CWE-330,,,,0,0,1,0,0,0,1,0,,,,,,,,
BenchmarkTest00509.java,0,CWE-89,CWE-89,1,0,0,1,0,0,0,1,0,0,964,4.8200000000000006e-05,704,0.0002816,13,5.2e-06,0.000335,3.4315593242645264
BenchmarkTest00510.java,0,CWE-89,CWE-89,1,0,1,0,0,0,1,0,0,0,967,4.835e-05,832,0.0003328,13,5.2e-06,0.00038635000000000004,4.3608527183532715
BenchmarkTest00511.java,0,CWE-89,CWE-89,1,1,0,1,0,0,0,0,1,0,971,4.855e-05,576,0.00023040000000000002,12,4.800000000000001e-06,0.00028375000000000004,3.1917965412139893
BenchmarkTest00512.java,0,CWE-89,CWE-89,1,0,1,0,0,0,1,0,0,0,833,4.165e-05,576,0.00023040000000000002,13,5.2e-06,0.00027725000000000004,3.4910800457000732
BenchmarkTest00513.java,0,CWE-89,CWE-89,1,1,0,1,0,0,0,0,1,0,933,4.665000000000001e-05,576,0.00023040000000000002,12,4.800000000000001e-06,0.00028185000000000005,4.855906248092651
BenchmarkTest00514.java,0,CWE-89,,,,0,0,1,0,0,0,1,0,,,,,,,,
BenchmarkTest00515.java,0,CWE-89,CWE-89,1,0,1,0,0,0,1,0,0,0,907,4.5350000000000005e-05,320,0.000128,13,5.2e-06,0.00017855,3.2275373935699463
BenchmarkTest00516.java,0,CWE-89,CWE-89,1,0,1,0,0,0,1,0,0,0,934,4.6700000000000003e-05,320,0.000128,13,5.2e-06,0.00017989999999999998,3.637742757797241
BenchmarkTest00517.java,0,CWE-89,,,,0,0,1,0,0,0,1,0,,,,,,,,
BenchmarkTest00518.java,0,CWE-89,CWE-89,1,0,1,0,0,0,1,0,0,0,869,4.3450000000000006e-05,448,0.00017920000000000002,13,5.2e-06,0.00022785,3.815753936767578
BenchmarkTest00519.java,0,CWE-89,CWE-89,1,1,0,1,0,0,0,0,1,0,946,4.7300000000000005e-05,576,0.00023040000000000002,12,4.800000000000001e-06,0.00028250000000000004,4.258312463760376
BenchmarkTest00520.java,0,CWE-643,,,,0,0,1,0,0,0,1,0,,,,,,,,
BenchmarkTest00521.java,0,CWE-327,CWE-327,1,0,1,0,0,0,1,0,0,0,1600,8e-05,256,0.00010240000000000001,13,5.2e-06,0.0001876,2.610670328140259
BenchmarkTest00522.java,0,CWE-327,CWE-327,1,0,1,0,0,0,1,0,0,0,1665,8.325e-05,256,0.00010240000000000001,13,5.2e-06,0.00019085,2.7213540077209473
BenchmarkTest00523.java,0,CWE-327,,,,0,0,1,0,0,0,1,0,,,,,,,,
BenchmarkTest00524.java,0,CWE-327,,,,0,0,1,0,0,0,1,0,,,,,,,,
BenchmarkTest00525.java,0,CWE-22,CWE-23,0,0,1,0,0,0,1,0,0,0,1275,6.375e-05,1344,0.0005376000000000001,13,5.2e-06,0.0006065500000000001,6.988519906997681
BenchmarkTest00526.java,0,CWE-22,CWE-23,0,1,1,0,0,0,0,0,0,1,1208,6.0400000000000004e-05,2304,0.0009216000000000001,12,4.800000000000001e-06,0.0009868,10.380416870117188
BenchmarkTest00527.java,0,CWE-22,CWE-23,0,0,1,0,0,0,1,0,0,0,1231,6.155e-05,960,0.000384,13,5.2e-06,0.00045075000000000003,5.686319351196289
BenchmarkTest00528.java,0,CWE-22,CWE-23,0,0,1,0,0,0,1,0,0,0,1438,7.19e-05,1344,0.0005376000000000001,13,5.2e-06,0.0006147,5.96394419670105
BenchmarkTest00529.java,0,CWE-22,CWE-23,0,0,1,0,0,0,1,0,0,0,1298,6.49e-05,960,0.000384,13,5.2e-06,0.00045410000000000003,4.394360303878784
BenchmarkTest00530.java,0,CWE-90,CWE-90,1,1,0,1,0,0,0,0,1,0,1281,6.405e-05,448,0.00017920000000000002,12,4.800000000000001e-06,0.00024805000000000004,2.7577078342437744
BenchmarkTest00531.java,0,CWE-328,CWE-916,0,0,1,0,0,0,1,0,0,0,1398,6.99e-05,512,0.00020480000000000002,13,5.2e-06,0.00027990000000000003,2.8509738445281982
BenchmarkTest00532.java,0,CWE-328,CWE-916,0,0,1,0,0,0,1,0,0,0,1484,7.42e-05,704,0.0002816,12,4.800000000000001e-06,0.00036060000000000004,3.7848594188690186
BenchmarkTest00533.java,0,CWE-328,CWE-916,0,0,1,0,0,0,1,0,0,0,1334,6.670000000000001e-05,1344,0.0005376000000000001,13,5.2e-06,0.0006095000000000001,5.9176344871521
BenchmarkTest00534.java,0,CWE-328,CWE-916,0,0,1,0,0,0,1,0,0,0,1349,6.745e-05,640,0.000256,13,5.2e-06,0.00032865,3.1860077381134033
BenchmarkTest00535.java,0,CWE-328,,,,0,0,1,0,0,0,1,0,,,,,,,,
BenchmarkTest00536.java,0,CWE-328,CWE-916,0,0,1,0,0,0,1,0,0,0,1280,6.4e-05,768,0.00030720000000000004,14,5.600000000000001e-06,0.00037680000000000005,4.312384366989136
BenchmarkTest00537.java,0,CWE-328,CWE-916,0,0,1,0,0,0,1,0,0,0,1203,6.0150000000000005e-05,512,0.00020480000000000002,13,5.2e-06,0.00027015000000000003,3.1509463787078857
BenchmarkTest00538.java,0,CWE-328,,,,0,0,1,0,0,0,1,0,,,,,,,,
BenchmarkTest00539.java,0,CWE-328,,,,0,0,1,0,0,0,1,0,,,,,,,,
BenchmarkTest00540.java,0,CWE-328,,,,0,0,1,0,0,0,1,0,,,,,,,,
BenchmarkTest00541.java,0,CWE-79,CWE-79,1,0,1,0,0,0,1,0,0,0,1357,6.785000000000001e-05,2368,0.0009472,13,5.2e-06,0.0010202499999999999,10.882574081420898
BenchmarkTest00542.java,0,CWE-79,CWE-79,1,0,1,0,0,0,1,0,0,0,1404,7.02e-05,2432,0.0009728000000000001,14,5.600000000000001e-06,0.0010486,10.559290885925293
BenchmarkTest00543.java,0,CWE-79,CWE-79,1,0,1,0,0,0,1,0,0,0,1371,6.855e-05,1728,0.0006912,13,5.2e-06,0.00076495,7.0669004917144775
BenchmarkTest00544.java,0,CWE-79,CWE-79,1,1,0,1,0,0,0,0,1,0,1364,6.82e-05,768,0.00030720000000000004,12,4.800000000000001e-06,0.0003802,4.323312520980835
BenchmarkTest00545.java,0,CWE-79,,,,0,0,1,0,0,0,1,0,,,,,,,,
BenchmarkTest00546.java,0,CWE-79,CWE-79,1,1,0,1,0,0,0,0,1,0,1361,6.805e-05,768,0.00030720000000000004,12,4.800000000000001e-06,0.00038005000000000005,4.193061590194702
BenchmarkTest00547.java,0,CWE-79,CWE-79,1,0,1,0,0,0,1,0,0,0,1326,6.63e-05,1920,0.000768,13,5.2e-06,0.0008395000000000001,8.790160417556763
BenchmarkTest00548.java,0,CWE-79,,,,0,0,1,0,0,0,1,0,,,,,,,,
BenchmarkTest00549.java,0,CWE-79,CWE-79,1,0,1,0,0,0,1,0,0,0,1329,6.645e-05,1152,0.00046080000000000003,13,5.2e-06,0.0005324500000000001,6.638100862503052
BenchmarkTest00550.java,0,CWE-79,CWE-79,1,1,0,1,0,0,0,0,1,0,1369,6.845e-05,960,0.000384,12,4.800000000000001e-06,0.00045725000000000003,6.4626784324646
BenchmarkTest00551.java,0,CWE-79,CWE-79,1,0,1,0,0,0,1,0,0,0,1294,6.47e-05,896,0.00035840000000000004,13,5.2e-06,0.00042830000000000006,5.740892648696899
BenchmarkTest00552.java,0,CWE-79,CWE-79,1,0,1,0,0,0,1,0,0,0,1379,6.895000000000001e-05,1152,0.00046080000000000003,14,5.600000000000001e-06,0.0005353500000000001,6.7899839878082275
BenchmarkTest00553.java,0,CWE-79,CWE-79,1,1,0,1,0,0,0,0,1,0,1379,6.895000000000001e-05,640,0.000256,12,4.800000000000001e-06,0.00032975,3.4975883960723877
BenchmarkTest00554.java,0,CWE-79,CWE-79,1,0,1,0,0,0,1,0,0,0,1327,6.635000000000001e-05,1344,0.0005376000000000001,14,5.600000000000001e-06,0.00060955,6.178689241409302
BenchmarkTest00555.java,0,CWE-79,CWE-79,1,0,1,0,0,0,1,0,0,0,1326,6.63e-05,1408,0.0005632,14,5.600000000000001e-06,0.0006351000000000001,6.493405103683472
BenchmarkTest00556.java,0,CWE-79,CWE-79,1,1,0,1,0,0,0,0,1,0,1379,6.895000000000001e-05,896,0.00035840000000000004,12,4.800000000000001e-06,0.00043215000000000007,4.367574453353882
BenchmarkTest00557.java,0,CWE-79,CWE-79,1,0,1,0,0,0,1,0,0,0,1336,6.68e-05,1600,0.00064,11,4.4e-06,0.0007112,7.369548320770264
BenchmarkTest00558.java,0,CWE-78,CWE-78,1,1,0,1,0,0,0,0,1,0,1061,5.305e-05,1216,0.00048640000000000006,12,4.800000000000001e-06,0.00054425,6.27318811416626
BenchmarkTest00559.java,0,CWE-78,,,,0,0,1,0,0,0,1,0,,,,,,,,
BenchmarkTest00560.java,0,CWE-330,CWE-330,1,0,1,0,0,0,1,0,0,0,1308,6.54e-05,512,0.00020480000000000002,13,5.2e-06,0.0002754,2.9424352645874023
BenchmarkTest00561.java,0,CWE-330,CWE-330,1,0,1,0,0,0,1,0,0,0,1336,6.68e-05,384,0.00015360000000000002,13,5.2e-06,0.0002256,2.507615089416504
BenchmarkTest00562.java,0,CWE-330,CWE-330,1,0,1,0,0,0,1,0,0,0,1352,6.76e-05,320,0.000128,13,5.2e-06,0.00020079999999999997,2.0646774768829346
BenchmarkTest00563.java,0,CWE-330,CWE-330,1,0,1,0,0,0,1,0,0,0,1245,6.225e-05,512,0.00020480000000000002,13,5.2e-06,0.00027225000000000003,3.2054946422576904
BenchmarkTest00564.java,0,CWE-330,CWE-330,1,0,1,0,0,0,1,0,0,0,1268,6.340000000000001e-05,320,0.000128,13,5.2e-06,0.00019659999999999998,2.6496782302856445
BenchmarkTest00565.java,0,CWE-614,CWE-614,1,0,1,0,0,0,1,0,0,0,1044,5.22e-05,1088,0.00043520000000000006,13,5.2e-06,0.0004926,5.383631229400635
BenchmarkTest00566.java,0,CWE-614,CWE-614,1,0,1,0,0,0,1,0,0,0,1061,5.305e-05,832,0.0003328,13,5.2e-06,0.00039105000000000005,5.540750503540039
BenchmarkTest00567.java,0,CWE-78,CWE-78,1,0,1,0,0,0,1,0,0,0,1008,5.0400000000000005e-05,2304,0.0009216000000000001,13,5.2e-06,0.0009772000000000001,11.247199773788452
BenchmarkTest00568.java,0,CWE-78,CWE-78,1,0,1,0,0,0,1,0,0,0,1093,5.465000000000001e-05,1728,0.0006912,13,5.2e-06,0.0007510500000000001,8.259565353393555
BenchmarkTest00569.java,0,CWE-78,,,,0,0,1,0,0,0,1,0,,,,,,,,
BenchmarkTest00570.java,0,CWE-78,CWE-78,1,1,0,1,0,0,0,0,1,0,984,4.92e-05,2624,0.0010496000000000001,13,5.2e-06,0.001104,12.4458749294281
BenchmarkTest00571.java,0,CWE-78,,,,0,0,1,0,0,0,1,0,,,,,,,,
BenchmarkTest00572.java,0,CWE-78,,,,0,0,1,0,0,0,1,0,,,,,,,,
BenchmarkTest00573.java,0,CWE-78,CWE-78,1,0,1,0,0,0,1,0,0,0,898,4.490000000000001e-05,1344,0.0005376000000000001,13,5.2e-06,0.0005877000000000001,7.629026174545288
BenchmarkTest00574.java,0,CWE-78,CWE-78,1,0,1,0,0,0,1,0,0,0,932,4.66e-05,2368,0.0009472,13,5.2e-06,0.0009989999999999999,12.331312417984009
BenchmarkTest00575.java,0,CWE-78,CWE-78,1,0,1,0,0,0,1,0,0,0,1059,5.295e-05,2752,0.0011007999999999999,13,5.2e-06,0.0011589499999999997,12.3563072681427
BenchmarkTest00576.java,0,CWE-78,CWE-78,1,0,1,0,0,0,1,0,0,0,1015,5.075e-05,1664,0.0006656,13,5.2e-06,0.0007215500000000001,9.399082899093628
BenchmarkTest00577.java,0,CWE-330,,,,0,0,1,0,0,0,1,0,,,,,,,,
BenchmarkTest00578.java,0,CWE-330,,,,0,0,1,0,0,0,1,0,,,,,,,,
BenchmarkTest00579.java,0,CWE-330,,,,0,0,1,0,0,0,1,0,,,,,,,,
BenchmarkTest00580.java,0,CWE-330,,,,0,0,1,0,0,0,1,0,,,,,,,,
BenchmarkTest00581.java,0,CWE-330,,,,0,0,1,0,0,0,1,0,,,,,,,,
BenchmarkTest00582.java,0,CWE-330,CWE-330,1,1,0,1,0,0,0,0,1,0,1381,6.905e-05,1792,0.0007168000000000001,12,4.800000000000001e-06,0.0007906500000000001,7.633236408233643
BenchmarkTest00583.java,0,CWE-330,,,,0,0,1,0,0,0,1,0,,,,,,,,
BenchmarkTest00584.java,0,CWE-330,,,,0,0,1,0,0,0,1,0,,,,,,,,
BenchmarkTest00585.java,0,CWE-330,,,,0,0,1,0,0,0,1,0,,,,,,,,
BenchmarkTest00589.java,0,CWE-89,CWE-89,1,1,0,1,0,0,0,0,1,0,1016,5.08e-05,1344,0.0005376000000000001,12,4.800000000000001e-06,0.0005932000000000001,6.931505441665649
BenchmarkTest00590.java,0,CWE-89,CWE-89,1,0,1,0,0,0,1,0,0,0,975,4.875e-05,1408,0.0005632,13,5.2e-06,0.00061715,6.297107696533203
BenchmarkTest00591.java,0,CWE-89,CWE-89,1,0,1,0,0,0,1,0,0,0,953,4.7650000000000006e-05,1216,0.00048640000000000006,13,5.2e-06,0.0005392500000000001,5.994879245758057
BenchmarkTest00592.java,0,CWE-89,,,,0,0,1,0,0,0,1,0,,,,,,,,
BenchmarkTest00593.java,0,CWE-89,CWE-89,1,0,1,0,0,0,1,0,0,0,1045,5.225e-05,640,0.000256,13,5.2e-06,0.00031345,3.277935266494751
BenchmarkTest00594.java,0,CWE-89,CWE-89,1,0,1,0,0,0,1,0,0,0,1017,5.085e-05,2176,0.0008704000000000001,13,5.2e-06,0.0009264500000000001,9.41114854812622
BenchmarkTest00595.java,0,CWE-89,CWE-89,1,0,1,0,0,0,1,0,0,0,961,4.805e-05,1920,0.000768,14,5.600000000000001e-06,0.00082165,9.629976987838745
BenchmarkTest00596.java,0,CWE-89,,,,0,0,0,1,0,0,0,1,,,,,,,,
BenchmarkTest00597.java,0,CWE-89,,,,0,0,0,1,0,0,0,1,,,,,,,,
BenchmarkTest00598.java,0,CWE-89,,,,0,0,0,1,0,0,0,1,,,,,,,,
BenchmarkTest00599.java,0,CWE-89,,,,0,0,1,0,0,0,1,0,,,,,,,,
BenchmarkTest00600.java,0,CWE-89,CWE-89,1,0,1,0,0,0,1,0,0,0,1030,5.15e-05,2368,0.0009472,14,5.600000000000001e-06,0.0010042999999999999,15.192394495010376
BenchmarkTest00601.java,0,CWE-89,,,,0,0,1,0,0,0,1,0,,,,,,,,
BenchmarkTest00602.java,0,CWE-89,CWE-89,1,1,0,1,0,0,0,0,1,0,964,4.8200000000000006e-05,1152,0.00046080000000000003,12,4.800000000000001e-06,0.0005138,7.829374551773071
BenchmarkTest00603.java,0,CWE-89,CWE-89,1,0,1,0,0,0,1,0,0,0,932,4.66e-05,1216,0.00048640000000000006,13,5.2e-06,0.0005382000000000001,6.440779447555542
BenchmarkTest00604.java,0,CWE-89,CWE-89,1,0,1,0,0,0,1,0,0,0,955,4.775e-05,1984,0.0007936,14,5.600000000000001e-06,0.0008469500000000001,9.314138174057007
BenchmarkTest00605.java,0,CWE-89,,,,0,0,1,0,0,0,1,0,,,,,,,,
BenchmarkTest00606.java,0,CWE-89,CWE-89,1,0,1,0,0,0,1,0,0,0,934,4.6700000000000003e-05,1344,0.0005376000000000001,13,5.2e-06,0.0005895000000000001,8.076803207397461
BenchmarkTest00607.java,0,CWE-643,CWE-643,1,0,1,0,0,0,1,0,0,0,993,4.965000000000001e-05,1088,0.00043520000000000006,13,5.2e-06,0.00049005,6.0827696323394775
BenchmarkTest00608.java,0,CWE-327,CWE-327,1,0,1,0,0,0,1,0,0,0,1560,7.8e-05,320,0.000128,13,5.2e-06,0.00021119999999999998,3.138612747192383
BenchmarkTest00609.java,0,CWE-327,CWE-327,1,0,1,0,0,0,1,0,0,0,1523,7.615000000000001e-05,256,0.00010240000000000001,13,5.2e-06,0.00018375000000000002,1.8189506530761719
BenchmarkTest00610.java,0,CWE-327,CWE-327,1,0,1,0,0,0,1,0,0,0,1731,8.655000000000002e-05,256,0.00010240000000000001,13,5.2e-06,0.00019415,1.6922156810760498
BenchmarkTest00611.java,0,CWE-327,CWE-327,1,0,1,0,0,0,1,0,0,0,1528,7.64e-05,320,0.000128,13,5.2e-06,0.00020959999999999997,2.060640573501587
BenchmarkTest00612.java,0,CWE-327,,,,0,0,1,0,0,0,1,0,,,,,,,,
BenchmarkTest00613.java,0,CWE-327,,,,0,0,1,0,0,0,1,0,,,,,,,,
BenchmarkTest00614.java,0,CWE-327,CWE-327,1,0,1,0,0,0,1,0,0,0,1264,6.32e-05,192,7.680000000000001e-05,13,5.2e-06,0.0001452,1.6897802352905273
BenchmarkTest00615.java,0,CWE-327,CWE-327,1,0,1,0,0,0,1,0,0,0,1301,6.505e-05,192,7.680000000000001e-05,13,5.2e-06,0.00014705,1.9526851177215576
BenchmarkTest00616.java,0,CWE-327,CWE-327,1,0,1,0,0,0,1,0,0,0,1196,5.9800000000000003e-05,768,0.00030720000000000004,13,5.2e-06,0.00037220000000000005,4.288931131362915
BenchmarkTest00617.java,0,CWE-327,CWE-327,1,0,1,0,0,0,1,0,0,0,1202,6.0100000000000004e-05,512,0.00020480000000000002,13,5.2e-06,0.00027010000000000006,2.8209612369537354
BenchmarkTest00618.java,0,CWE-327,,,,0,0,1,0,0,0,1,0,,,,,,,,
BenchmarkTest00619.java,0,CWE-22,,,,0,0,0,1,0,0,0,1,,,,,,,,
BenchmarkTest00620.java,0,CWE-22,,,,0,0,1,0,0,0,1,0,,,,,,,,
BenchmarkTest00621.java,0,CWE-22,,,,0,0,1,0,0,0,1,0,,,,,,,,
BenchmarkTest00622.java,0,CWE-22,,,,0,0,1,0,0,0,1,0,,,,,,,,
BenchmarkTest00623.java,0,CWE-22,,,,0,0,0,1,0,0,0,1,,,,,,,,
BenchmarkTest00624.java,0,CWE-22,,,,0,0,0,1,0,0,0,1,,,,,,,,
BenchmarkTest00625.java,0,CWE-22,,,,0,0,1,0,0,0,1,0,,,,,,,,
BenchmarkTest00626.java,0,CWE-22,,,,0,0,1,0,0,0,1,0,,,,,,,,
BenchmarkTest00627.java,0,CWE-22,,,,0,0,0,1,0,0,0,1,,,,,,,,
BenchmarkTest00628.java,0,CWE-22,,,,0,0,1,0,0,0,1,0,,,,,,,,
BenchmarkTest00629.java,0,CWE-22,,,,0,0,0,1,0,0,0,1,,,,,,,,
BenchmarkTest00630.java,0,CWE-90,,,,0,0,0,1,0,0,0,1,,,,,,,,
BenchmarkTest00631.java,0,CWE-328,CWE-916,0,0,1,0,0,0,1,0,0,0,1262,6.31e-05,896,0.00035840000000000004,13,5.2e-06,0.00042670000000000007,5.120989561080933
BenchmarkTest00632.java,0,CWE-328,,,,0,0,1,0,0,0,1,0,,,,,,,,
BenchmarkTest00633.java,0,CWE-328,,,,0,0,1,0,0,0,1,0,,,,,,,,
BenchmarkTest00634.java,0,CWE-328,CWE-916,0,0,1,0,0,0,1,0,0,0,1252,6.26e-05,704,0.0002816,13,5.2e-06,0.00034940000000000004,3.8106956481933594
BenchmarkTest00635.java,0,CWE-328,CWE-916,0,0,1,0,0,0,1,0,0,0,1202,6.0100000000000004e-05,832,0.0003328,14,5.600000000000001e-06,0.0003985,4.296419382095337
BenchmarkTest00636.java,0,CWE-328,CWE-916,0,0,1,0,0,0,1,0,0,0,1199,5.995e-05,512,0.00020480000000000002,13,5.2e-06,0.00026995000000000003,3.184748888015747
BenchmarkTest00637.java,0,CWE-328,CWE-916,0,0,1,0,0,0,1,0,0,0,1158,5.7900000000000005e-05,512,0.00020480000000000002,13,5.2e-06,0.00026790000000000006,3.086728811264038
BenchmarkTest00638.java,0,CWE-328,,,,0,0,0,1,0,0,0,1,,,,,,,,
BenchmarkTest00639.java,0,CWE-328,,,,0,0,1,0,0,0,1,0,,,,,,,,
BenchmarkTest00640.java,0,CWE-328,,,,0,0,1,0,0,0,1,0,,,,,,,,
BenchmarkTest00641.java,0,CWE-328,,,,0,0,1,0,0,0,1,0,,,,,,,,
BenchmarkTest00642.java,0,CWE-79,,,,0,0,0,1,0,0,0,1,,,,,,,,
BenchmarkTest00643.java,0,CWE-79,,,,0,0,0,1,0,0,0,1,,,,,,,,
BenchmarkTest00644.java,0,CWE-79,,,,0,0,0,1,0,0,0,1,,,,,,,,
BenchmarkTest00645.java,0,CWE-79,,,,0,0,0,1,0,0,0,1,,,,,,,,
BenchmarkTest00646.java,0,CWE-79,,,,0,0,1,0,0,0,1,0,,,,,,,,
BenchmarkTest00647.java,0,CWE-79,,,,0,0,1,0,0,0,1,0,,,,,,,,
BenchmarkTest00648.java,0,CWE-79,,,,0,0,1,0,0,0,1,0,,,,,,,,
BenchmarkTest00649.java,0,CWE-79,,,,0,0,1,0,0,0,1,0,,,,,,,,
BenchmarkTest00650.java,0,CWE-79,,,,0,0,1,0,0,0,1,0,,,,,,,,
BenchmarkTest00651.java,0,CWE-79,,,,0,0,0,1,0,0,0,1,,,,,,,,
BenchmarkTest00652.java,0,CWE-330,CWE-330,1,0,1,0,0,0,1,0,0,0,1235,6.175e-05,448,0.00017920000000000002,13,5.2e-06,0.00024615000000000005,2.6979053020477295
BenchmarkTest00653.java,0,CWE-330,CWE-330,1,0,1,0,0,0,1,0,0,0,1200,6e-05,640,0.000256,13,5.2e-06,0.0003212,4.908033132553101
BenchmarkTest00654.java,0,CWE-330,CWE-330,1,0,1,0,0,0,1,0,0,0,1237,6.185e-05,448,0.00017920000000000002,13,5.2e-06,0.00024625000000000005,3.154939651489258
BenchmarkTest00655.java,0,CWE-614,,,,0,0,1,0,0,0,1,0,,,,,,,,
BenchmarkTest00656.java,0,CWE-79,,,,0,0,0,1,0,0,0,1,,,,,,,,
BenchmarkTest00657.java,0,CWE-78,,,,0,0,1,0,0,0,1,0,,,,,,,,
BenchmarkTest00658.java,0,CWE-78,,,,0,0,1,0,0,0,1,0,,,,,,,,
BenchmarkTest00659.java,0,CWE-78,,,,0,0,1,0,0,0,1,0,,,,,,,,
BenchmarkTest00660.java,0,CWE-330,CWE-330,1,1,0,1,0,0,0,0,1,0,1279,6.395000000000001e-05,1152,0.00046080000000000003,12,4.800000000000001e-06,0.00052955,6.398935317993164
BenchmarkTest00661.java,0,CWE-330,,,,0,0,1,0,0,0,1,0,,,,,,,,
BenchmarkTest00662.java,0,CWE-330,,,,0,0,1,0,0,0,1,0,,,,,,,,
BenchmarkTest00663.java,0,CWE-330,,,,0,0,1,0,0,0,1,0,,,,,,,,
BenchmarkTest00664.java,0,CWE-330,,,,0,0,1,0,0,0,1,0,,,,,,,,
BenchmarkTest00665.java,0,CWE-330,,,,0,0,1,0,0,0,1,0,,,,,,,,
BenchmarkTest00666.java,0,CWE-330,,,,0,0,1,0,0,0,1,0,,,,,,,,
BenchmarkTest00667.java,0,CWE-330,,,,0,0,1,0,0,0,1,0,,,,,,,,
BenchmarkTest00672.java,0,CWE-89,,,,0,0,1,0,0,0,1,0,,,,,,,,
BenchmarkTest00673.java,0,CWE-89,,,,0,0,0,1,0,0,0,1,,,,,,,,
BenchmarkTest00674.java,0,CWE-89,,,,0,0,1,0,0,0,1,0,,,,,,,,
BenchmarkTest00675.java,0,CWE-89,,,,0,0,1,0,0,0,1,0,,,,,,,,
BenchmarkTest00676.java,0,CWE-89,,,,0,0,1,0,0,0,1,0,,,,,,,,
BenchmarkTest00677.java,0,CWE-89,,,,0,0,0,1,0,0,0,1,,,,,,,,
BenchmarkTest00678.java,0,CWE-89,,,,0,0,0,1,0,0,0,1,,,,,,,,
BenchmarkTest00679.java,0,CWE-89,,,,0,0,0,1,0,0,0,1,,,,,,,,
BenchmarkTest00680.java,0,CWE-89,,,,0,0,1,0,0,0,1,0,,,,,,,,
BenchmarkTest00681.java,0,CWE-89,,,,0,0,0,1,0,0,0,1,,,,,,,,
BenchmarkTest00682.java,0,CWE-89,,,,0,0,1,0,0,0,1,0,,,,,,,,
BenchmarkTest00683.java,0,CWE-643,,,,0,0,1,0,0,0,1,0,,,,,,,,
BenchmarkTest00684.java,0,CWE-327,CWE-327,1,0,1,0,0,0,1,0,0,0,1503,7.515000000000001e-05,448,0.00017920000000000002,13,5.2e-06,0.00025955000000000005,2.687805652618408
BenchmarkTest00685.java,0,CWE-327,CWE-327,1,0,1,0,0,0,1,0,0,0,1549,7.745e-05,384,0.00015360000000000002,13,5.2e-06,0.00023625,3.661686420440674
BenchmarkTest00686.java,0,CWE-327,,,,0,0,1,0,0,0,1,0,,,,,,,,
BenchmarkTest00687.java,0,CWE-327,,,,0,0,1,0,0,0,1,0,,,,,,,,
BenchmarkTest00688.java,0,CWE-327,CWE-327,1,0,1,0,0,0,1,0,0,0,1596,7.980000000000002e-05,320,0.000128,13,5.2e-06,0.000213,2.687805652618408
BenchmarkTest00689.java,0,CWE-327,,,,0,0,1,0,0,0,1,0,,,,,,,,
BenchmarkTest00690.java,0,CWE-327,,,,0,0,1,0,0,0,1,0,,,,,,,,
BenchmarkTest00691.java,0,CWE-327,CWE-327,1,0,1,0,0,0,1,0,0,0,1258,6.290000000000001e-05,448,0.00017920000000000002,13,5.2e-06,0.00024730000000000005,2.7557449340820312
BenchmarkTest00692.java,0,CWE-327,CWE-327,1,0,1,0,0,0,1,0,0,0,1204,6.02e-05,384,0.00015360000000000002,13,5.2e-06,0.000219,3.4353930950164795
BenchmarkTest00693.java,0,CWE-327,CWE-327,1,0,1,0,0,0,1,0,0,0,1229,6.145e-05,384,0.00015360000000000002,13,5.2e-06,0.00022025000000000001,2.1526596546173096
BenchmarkTest00694.java,0,CWE-90,CWE-90,1,0,1,0,0,0,1,0,0,0,1089,5.445e-05,320,0.000128,13,5.2e-06,0.00018764999999999998,2.1014747619628906
BenchmarkTest00695.java,0,CWE-90,CWE-90,1,0,1,0,0,0,1,0,0,0,1174,5.8700000000000004e-05,384,0.00015360000000000002,13,5.2e-06,0.0002175,3.152290105819702
BenchmarkTest00696.java,0,CWE-22,CWE-23,0,0,1,0,0,0,1,0,0,0,1224,6.12e-05,832,0.0003328,13,5.2e-06,0.00039920000000000005,4.303879499435425
BenchmarkTest00697.java,0,CWE-22,CWE-23,0,0,1,0,0,0,1,0,0,0,1166,5.830000000000001e-05,768,0.00030720000000000004,13,5.2e-06,0.00037070000000000007,4.500308513641357
BenchmarkTest00698.java,0,CWE-22,CWE-23,0,1,1,0,0,0,0,0,0,1,1151,5.755e-05,1472,0.0005888000000000001,12,4.800000000000001e-06,0.0006511500000000001,7.057425022125244
BenchmarkTest00699.java,0,CWE-22,CWE-23,0,1,0,1,0,0,0,0,1,0,1210,6.05e-05,896,0.00035840000000000004,13,5.2e-06,0.00042410000000000006,4.287496089935303
BenchmarkTest00700.java,0,CWE-22,CWE-23,0,0,1,0,0,0,1,0,0,0,1213,6.0650000000000004e-05,1024,0.00040960000000000004,13,5.2e-06,0.00047545000000000004,5.021751403808594
BenchmarkTest00701.java,0,CWE-90,,,,0,0,1,0,0,0,1,0,,,,,,,,
BenchmarkTest00702.java,0,CWE-330,CWE-330,1,0,1,0,0,0,1,0,0,0,1238,6.19e-05,704,0.0002816,13,5.2e-06,0.0003487,3.8869893550872803
BenchmarkTest00703.java,0,CWE-328,CWE-916,0,0,1,0,0,0,1,0,0,0,1296,6.48e-05,832,0.0003328,13,5.2e-06,0.00040280000000000003,3.8883135318756104
BenchmarkTest00704.java,0,CWE-328,CWE-916,0,0,1,0,0,0,1,0,0,0,1265,6.325e-05,640,0.000256,13,5.2e-06,0.00032445,3.830082654953003
BenchmarkTest00705.java,0,CWE-328,CWE-916,0,0,1,0,0,0,1,0,0,0,1284,6.42e-05,1024,0.00040960000000000004,13,5.2e-06,0.00047900000000000004,5.237957000732422
BenchmarkTest00706.java,0,CWE-328,,,,0,0,1,0,0,0,1,0,,,,,,,,
BenchmarkTest00707.java,0,CWE-328,,,,0,0,1,0,0,0,1,0,,,,,,,,
BenchmarkTest00708.java,0,CWE-328,CWE-916,0,0,1,0,0,0,1,0,0,0,1141,5.7050000000000004e-05,960,0.000384,14,5.600000000000001e-06,0.00044665000000000004,5.008429527282715
BenchmarkTest00709.java,0,CWE-328,,,,0,0,1,0,0,0,1,0,,,,,,,,
BenchmarkTest00710.java,0,CWE-328,,,,0,0,0,1,0,0,0,1,,,,,,,,
BenchmarkTest00711.java,0,CWE-79,CWE-79,1,0,1,0,0,0,1,0,0,0,1345,6.725e-05,704,0.0002816,13,5.2e-06,0.00035405,3.7162463665008545
BenchmarkTest00712.java,0,CWE-79,,,,0,0,1,0,0,0,1,0,,,,,,,,
BenchmarkTest00713.java,0,CWE-79,,,,0,0,1,0,0,0,1,0,,,,,,,,
BenchmarkTest00714.java,0,CWE-79,,,,0,0,1,0,0,0,1,0,,,,,,,,
BenchmarkTest00715.java,0,CWE-79,CWE-79,1,0,1,0,0,0,1,0,0,0,1228,6.14e-05,640,0.000256,13,5.2e-06,0.00032260000000000004,4.031496286392212
BenchmarkTest00716.java,0,CWE-79,,,,0,0,1,0,0,0,1,0,,,,,,,,
BenchmarkTest00717.java,0,CWE-79,,,,0,0,1,0,0,0,1,0,,,,,,,,
BenchmarkTest00718.java,0,CWE-79,,,,0,0,1,0,0,0,1,0,,,,,,,,
BenchmarkTest00719.java,0,CWE-79,CWE-79,1,0,1,0,0,0,1,0,0,0,1258,6.290000000000001e-05,1472,0.0005888000000000001,13,5.2e-06,0.0006569000000000001,6.54100227355957
BenchmarkTest00720.java,0,CWE-79,CWE-79,1,0,1,0,0,0,1,0,0,0,1324,6.62e-05,1216,0.00048640000000000006,13,5.2e-06,0.0005578000000000001,6.362002849578857
BenchmarkTest00721.java,0,CWE-79,CWE-79,1,0,1,0,0,0,1,0,0,0,1305,6.525e-05,512,0.00020480000000000002,13,5.2e-06,0.00027525000000000005,4.252041578292847
BenchmarkTest00722.java,0,CWE-79,CWE-79,1,1,0,1,0,0,0,0,1,0,1327,6.635000000000001e-05,448,0.00017920000000000002,12,4.800000000000001e-06,0.00025035000000000004,5.140958309173584
BenchmarkTest00723.java,0,CWE-79,,,,0,0,1,0,0,0,1,0,,,,,,,,
BenchmarkTest00724.java,0,CWE-79,CWE-79,1,0,1,0,0,0,1,0,0,0,1306,6.53e-05,576,0.00023040000000000002,13,5.2e-06,0.00030090000000000005,5.531557321548462
BenchmarkTest00725.java,0,CWE-79,CWE-79,1,0,1,0,0,0,1,0,0,0,1434,7.170000000000001e-05,1728,0.0006912,13,5.2e-06,0.0007681,9.516782522201538
BenchmarkTest00726.java,0,CWE-79,,,,0,0,1,0,0,0,1,0,,,,,,,,
BenchmarkTest00727.java,0,CWE-79,CWE-79,1,0,1,0,0,0,1,0,0,0,1246,6.230000000000001e-05,768,0.00030720000000000004,14,5.600000000000001e-06,0.00037510000000000006,4.740340709686279
BenchmarkTest00728.java,0,CWE-79,CWE-79,1,0,1,0,0,0,1,0,0,0,1247,6.235e-05,320,0.000128,13,5.2e-06,0.00019554999999999998,2.8884096145629883
BenchmarkTest00729.java,0,CWE-79,CWE-79,1,0,1,0,0,0,1,0,0,0,1243,6.215e-05,704,0.0002816,13,5.2e-06,0.00034895000000000005,4.916539430618286
BenchmarkTest00730.java,0,CWE-79,CWE-79,1,1,0,1,0,0,0,0,1,0,1322,6.610000000000001e-05,512,0.00020480000000000002,12,4.800000000000001e-06,0.00027570000000000003,2.7578680515289307
BenchmarkTest00731.java,0,CWE-78,CWE-78,1,0,1,0,0,0,1,0,0,0,914,4.57e-05,448,0.00017920000000000002,13,5.2e-06,0.0002301,3.166598081588745
BenchmarkTest00732.java,0,CWE-78,CWE-78,1,1,0,1,0,0,0,0,1,0,1017,5.085e-05,576,0.00023040000000000002,12,4.800000000000001e-06,0.00028605000000000004,3.052736759185791
BenchmarkTest00733.java,0,CWE-330,CWE-330,1,0,1,0,0,0,1,0,0,0,1216,6.080000000000001e-05,576,0.00023040000000000002,13,5.2e-06,0.00029640000000000005,3.0959441661834717
BenchmarkTest00734.java,0,CWE-330,CWE-330,1,0,1,0,0,0,1,0,0,0,1255,6.275e-05,1024,0.00040960000000000004,14,5.600000000000001e-06,0.00047795,4.814112186431885
BenchmarkTest00735.java,0,CWE-330,CWE-330,1,0,1,0,0,0,1,0,0,0,1234,6.170000000000001e-05,320,0.000128,13,5.2e-06,0.0001949,2.02677059173584
BenchmarkTest00736.java,0,CWE-614,CWE-614,1,0,1,0,0,0,1,0,0,0,989,4.945e-05,448,0.00017920000000000002,13,5.2e-06,0.00023385000000000002,2.568838596343994
BenchmarkTest00737.java,0,CWE-79,CWE-79,1,0,1,0,0,0,1,0,0,0,1443,7.215e-05,1216,0.00048640000000000006,13,5.2e-06,0.0005637500000000001,6.748690366744995
BenchmarkTest00738.java,0,CWE-78,,,,0,0,1,0,0,0,1,0,,,,,,,,
BenchmarkTest00739.java,0,CWE-78,,,,0,0,1,0,0,0,1,0,,,,,,,,
BenchmarkTest00740.java,0,CWE-78,CWE-78,1,0,1,0,0,0,1,0,0,0,916,4.58e-05,1728,0.0006912,13,5.2e-06,0.0007422,7.2887163162231445
BenchmarkTest00741.java,0,CWE-78,CWE-78,1,1,0,1,0,0,0,0,1,0,966,4.83e-05,1472,0.0005888000000000001,12,4.800000000000001e-06,0.0006419000000000002,6.311907768249512
BenchmarkTest00742.java,0,CWE-78,CWE-78,1,1,0,1,0,0,0,0,1,0,1014,5.0700000000000006e-05,1536,0.0006144000000000001,12,4.800000000000001e-06,0.0006699000000000001,6.779869318008423
BenchmarkTest00743.java,0,CWE-78,CWE-78,1,1,0,1,0,0,0,0,1,0,916,4.58e-05,1216,0.00048640000000000006,12,4.800000000000001e-06,0.000537,5.533246755599976
BenchmarkTest00744.java,0,CWE-330,,,,0,0,1,0,0,0,1,0,,,,,,,,
BenchmarkTest00745.java,0,CWE-330,,,,0,0,1,0,0,0,1,0,,,,,,,,
BenchmarkTest00746.java,0,CWE-330,,,,0,0,1,0,0,0,1,0,,,,,,,,
BenchmarkTest00747.java,0,CWE-330,,,,0,0,1,0,0,0,1,0,,,,,,,,
BenchmarkTest00748.java,0,CWE-330,,,,0,0,1,0,0,0,1,0,,,,,,,,
BenchmarkTest00749.java,0,CWE-330,CWE-330,1,1,0,1,0,0,0,0,1,0,1286,6.429999999999999e-05,960,0.000384,12,4.800000000000001e-06,0.0004531,6.70312237739563
BenchmarkTest00750.java,0,CWE-330,,,,0,0,1,0,0,0,1,0,,,,,,,,
BenchmarkTest00751.java,0,CWE-330,,,,0,0,1,0,0,0,1,0,,,,,,,,
BenchmarkTest00752.java,0,CWE-330,,,,0,0,1,0,0,0,1,0,,,,,,,,
BenchmarkTest00753.java,0,CWE-330,,,,0,0,1,0,0,0,1,0,,,,,,,,
BenchmarkTest00760.java,0,CWE-89,CWE-89,1,0,1,0,0,0,1,0,0,0,916,4.58e-05,1344,0.0005376000000000001,13,5.2e-06,0.0005886000000000001,6.30289363861084
BenchmarkTest00761.java,0,CWE-89,CWE-89,1,0,1,0,0,0,1,0,0,0,918,4.5900000000000004e-05,896,0.00035840000000000004,13,5.2e-06,0.00040950000000000003,4.541996955871582
BenchmarkTest00762.java,0,CWE-89,CWE-89,1,0,1,0,0,0,1,0,0,0,895,4.475e-05,1024,0.00040960000000000004,13,5.2e-06,0.00045955000000000003,6.047199726104736
BenchmarkTest00763.java,0,CWE-89,CWE-89,1,1,0,1,0,0,0,0,1,0,938,4.690000000000001e-05,1024,0.00040960000000000004,12,4.800000000000001e-06,0.00046130000000000005,5.910401821136475
BenchmarkTest00764.java,0,CWE-89,,,,0,0,0,1,0,0,0,1,,,,,,,,
BenchmarkTest00765.java,0,CWE-89,,,,0,0,0,1,0,0,0,1,,,,,,,,
BenchmarkTest00766.java,0,CWE-89,,,,0,0,1,0,0,0,1,0,,,,,,,,
BenchmarkTest00767.java,0,CWE-89,,,,0,0,0,1,0,0,0,1,,,,,,,,
BenchmarkTest00768.java,0,CWE-89,,,,0,0,0,1,0,0,0,1,,,,,,,,
BenchmarkTest00769.java,0,CWE-89,CWE-89,1,0,1,0,0,0,1,0,0,0,944,4.72e-05,448,0.00017920000000000002,13,5.2e-06,0.00023160000000000002,2.5492491722106934
BenchmarkTest00770.java,0,CWE-89,CWE-89,1,0,1,0,0,0,1,0,0,0,898,4.490000000000001e-05,576,0.00023040000000000002,13,5.2e-06,0.00028050000000000004,3.034498453140259
BenchmarkTest00771.java,0,CWE-89,CWE-89,1,0,1,0,0,0,1,0,0,0,902,4.51e-05,320,0.000128,13,5.2e-06,0.00017829999999999997,2.6562812328338623
BenchmarkTest00772.java,0,CWE-89,CWE-89,1,1,0,1,0,0,0,0,1,0,902,4.51e-05,448,0.00017920000000000002,12,4.800000000000001e-06,0.00022910000000000004,3.4649505615234375
BenchmarkTest00773.java,0,CWE-89,CWE-89,1,1,0,1,0,0,0,0,1,0,890,4.45e-05,960,0.000384,12,4.800000000000001e-06,0.0004333,5.609633207321167
BenchmarkTest00774.java,0,CWE-89,CWE-89,1,1,0,1,0,0,0,0,1,0,916,4.58e-05,896,0.00035840000000000004,12,4.800000000000001e-06,0.0004090000000000001,4.341585636138916
BenchmarkTest00775.java,0,CWE-327,,,,0,0,1,0,0,0,1,0,,,,,,,,
BenchmarkTest00776.java,0,CWE-327,,,,0,0,1,0,0,0,1,0,,,,,,,,
BenchmarkTest00777.java,0,CWE-327,,,,0,0,1,0,0,0,1,0,,,,,,,,
BenchmarkTest00778.java,0,CWE-327,,,,0,0,1,0,0,0,1,0,,,,,,,,
BenchmarkTest00779.java,0,CWE-327,CWE-327,1,0,1,0,0,0,1,0,0,0,1692,8.460000000000001e-05,256,0.00010240000000000001,13,5.2e-06,0.0001922,2.128571033477783
BenchmarkTest00780.java,0,CWE-327,,,,0,0,1,0,0,0,1,0,,,,,,,,
BenchmarkTest00781.java,0,CWE-327,CWE-327,1,0,1,0,0,0,1,0,0,0,1348,6.740000000000001e-05,256,0.00010240000000000001,13,5.2e-06,0.000175,3.4379148483276367
BenchmarkTest00782.java,0,CWE-327,,,,0,0,1,0,0,0,1,0,,,,,,,,
BenchmarkTest00783.java,0,CWE-22,CWE-23,0,0,1,0,0,0,1,0,0,0,1500,7.5e-05,576,0.00023040000000000002,13,5.2e-06,0.0003106,4.320477724075317
BenchmarkTest00784.java,0,CWE-22,CWE-23,0,1,0,1,0,0,0,0,1,0,1444,7.22e-05,576,0.00023040000000000002,12,4.800000000000001e-06,0.00030740000000000005,3.310884714126587
BenchmarkTest00785.java,0,CWE-22,CWE-23,0,0,1,0,0,0,1,0,0,0,1392,6.960000000000001e-05,896,0.00035840000000000004,14,5.600000000000001e-06,0.0004336,6.424936771392822
BenchmarkTest00786.java,0,CWE-22,CWE-23,0,1,0,1,0,0,0,0,1,0,1407,7.035e-05,768,0.00030720000000000004,12,4.800000000000001e-06,0.00038235000000000005,3.5780253410339355
BenchmarkTest00787.java,0,CWE-22,CWE-23,0,0,1,0,0,0,1,0,0,0,1350,6.75e-05,832,0.0003328,13,5.2e-06,0.00040550000000000004,4.000553607940674
BenchmarkTest00788.java,0,CWE-22,CWE-23,0,0,1,0,0,0,1,0,0,0,1331,6.654999999999999e-05,1024,0.00040960000000000004,13,5.2e-06,0.00048135000000000007,5.148762941360474
BenchmarkTest00789.java,0,CWE-328,CWE-916,0,0,1,0,0,0,1,0,0,0,1375,6.875e-05,1024,0.00040960000000000004,13,5.2e-06,0.00048355000000000007,5.430361986160278
BenchmarkTest00790.java,0,CWE-328,CWE-916,0,0,1,0,0,0,1,0,0,0,1342,6.71e-05,640,0.000256,13,5.2e-06,0.0003283,3.654554605484009
BenchmarkTest00791.java,0,CWE-328,,,,0,0,1,0,0,0,1,0,,,,,,,,
BenchmarkTest00792.java,0,CWE-328,,,,0,0,1,0,0,0,1,0,,,,,,,,
BenchmarkTest00793.java,0,CWE-328,,,,0,0,1,0,0,0,1,0,,,,,,,,
BenchmarkTest00794.java,0,CWE-328,CWE-916,0,0,1,0,0,0,1,0,0,0,1288,6.440000000000001e-05,704,0.0002816,14,5.600000000000001e-06,0.0003516,3.62040376663208
BenchmarkTest00795.java,0,CWE-328,,,,0,0,1,0,0,0,1,0,,,,,,,,
BenchmarkTest00796.java,0,CWE-328,,,,0,0,0,1,0,0,0,1,,,,,,,,
BenchmarkTest00797.java,0,CWE-328,,,,0,0,0,1,0,0,0,1,,,,,,,,
BenchmarkTest00798.java,0,CWE-328,,,,0,0,1,0,0,0,1,0,,,,,,,,
BenchmarkTest00799.java,0,CWE-79,CWE-79,1,1,0,1,0,0,0,0,1,0,1490,7.45e-05,1344,0.0005376000000000001,12,4.800000000000001e-06,0.0006169000000000001,6.091852426528931
BenchmarkTest00800.java,0,CWE-79,CWE-79,1,0,1,0,0,0,1,0,0,0,1469,7.345e-05,512,0.00020480000000000002,13,5.2e-06,0.00028345000000000003,3.0769503116607666
BenchmarkTest00801.java,0,CWE-79,CWE-79,1,0,1,0,0,0,1,0,0,0,1368,6.840000000000001e-05,832,0.0003328,13,5.2e-06,0.0004064,6.123098611831665
BenchmarkTest00802.java,0,CWE-79,CWE-79,1,0,1,0,0,0,1,0,0,0,1403,7.015000000000001e-05,640,0.000256,13,5.2e-06,0.00033135,4.267258882522583
BenchmarkTest00803.java,0,CWE-79,CWE-79,1,0,1,0,0,0,1,0,0,0,1355,6.775e-05,512,0.00020480000000000002,13,5.2e-06,0.00027775,3.7746798992156982
BenchmarkTest00804.java,0,CWE-79,CWE-79,1,0,1,0,0,0,1,0,0,0,1379,6.895000000000001e-05,512,0.00020480000000000002,13,5.2e-06,0.00027895000000000003,3.704366683959961
BenchmarkTest00805.java,0,CWE-79,CWE-79,1,0,1,0,0,0,1,0,0,0,1575,7.875e-05,1984,0.0007936,13,5.2e-06,0.00087755,10.453052282333374
BenchmarkTest00806.java,0,CWE-79,CWE-79,1,0,1,0,0,0,1,0,0,0,1439,7.195e-05,1216,0.00048640000000000006,13,5.2e-06,0.0005635500000000001,7.318031311035156
BenchmarkTest00807.java,0,CWE-79,CWE-79,1,0,1,0,0,0,1,0,0,0,1387,6.935e-05,2688,0.0010752000000000001,13,5.2e-06,0.00114975,11.961926221847534
BenchmarkTest00808.java,0,CWE-79,CWE-79,1,1,0,1,0,0,0,0,1,0,1435,7.175e-05,832,0.0003328,12,4.800000000000001e-06,0.00040935,5.34169602394104
BenchmarkTest00809.java,0,CWE-79,CWE-79,1,0,1,0,0,0,1,0,0,0,1401,7.005e-05,896,0.00035840000000000004,13,5.2e-06,0.00043365000000000005,5.194828510284424
BenchmarkTest00810.java,0,CWE-79,CWE-79,1,0,1,0,0,0,1,0,0,0,1381,6.905e-05,768,0.00030720000000000004,13,5.2e-06,0.0003814500000000001,3.6571366786956787
BenchmarkTest00811.java,0,CWE-79,CWE-79,1,0,1,0,0,0,1,0,0,0,1453,7.265e-05,640,0.000256,13,5.2e-06,0.00033385,3.217643976211548
BenchmarkTest00812.java,0,CWE-79,,,,0,0,1,0,0,0,1,0,,,,,,,,
BenchmarkTest00813.java,0,CWE-79,,,,0,0,1,0,0,0,1,0,,,,,,,,
BenchmarkTest00814.java,0,CWE-78,,,,0,0,1,0,0,0,1,0,,,,,,,,
BenchmarkTest00815.java,0,CWE-78,CWE-78,1,0,1,0,0,0,1,0,0,0,1059,5.295e-05,704,0.0002816,13,5.2e-06,0.00033975000000000005,3.6355128288269043
BenchmarkTest00816.java,0,CWE-78,CWE-78,1,0,1,0,0,0,1,0,0,0,1144,5.72e-05,1024,0.00040960000000000004,15,6e-06,0.0004728,5.470742702484131
BenchmarkTest00817.java,0,CWE-330,CWE-330,1,0,1,0,0,0,1,0,0,0,1552,7.76e-05,512,0.00020480000000000002,13,5.2e-06,0.00028760000000000005,2.805886745452881
BenchmarkTest00818.java,0,CWE-330,CWE-330,1,0,1,0,0,0,1,0,0,0,1365,6.825e-05,1152,0.00046080000000000003,13,5.2e-06,0.0005342500000000001,6.040986061096191
BenchmarkTest00819.java,0,CWE-330,CWE-330,1,0,1,0,0,0,1,0,0,0,1335,6.675e-05,256,0.00010240000000000001,13,5.2e-06,0.00017435,1.855971097946167
BenchmarkTest00820.java,0,CWE-614,CWE-614,1,0,1,0,0,0,1,0,0,0,1093,5.465000000000001e-05,512,0.00020480000000000002,13,5.2e-06,0.00026465000000000006,2.9428787231445312
BenchmarkTest00821.java,0,CWE-614,CWE-614,1,0,1,0,0,0,1,0,0,0,1107,5.5350000000000004e-05,448,0.00017920000000000002,13,5.2e-06,0.00023975000000000003,2.6157479286193848
BenchmarkTest00822.java,0,CWE-79,CWE-79,1,0,1,0,0,0,1,0,0,0,1394,6.97e-05,448,0.00017920000000000002,13,5.2e-06,0.00025410000000000005,3.024287462234497
BenchmarkTest00823.java,0,CWE-78,CWE-78,1,0,1,0,0,0,1,0,0,0,1030,5.15e-05,1472,0.0005888000000000001,13,5.2e-06,0.0006455000000000001,6.573558330535889
BenchmarkTest00824.java,0,CWE-78,CWE-78,1,0,1,0,0,0,1,0,0,0,1224,6.12e-05,384,0.00015360000000000002,13,5.2e-06,0.00022,2.5828418731689453
BenchmarkTest00825.java,0,CWE-78,CWE-78,1,0,1,0,0,0,1,0,0,0,1009,5.045e-05,1856,0.0007424,14,5.600000000000001e-06,0.00079845,8.3898286819458
BenchmarkTest00826.java,0,CWE-78,,,,0,0,1,0,0,0,1,0,,,,,,,,
BenchmarkTest00827.java,0,CWE-78,CWE-78,1,1,0,1,0,0,0,0,1,0,1042,5.21e-05,1344,0.0005376000000000001,12,4.800000000000001e-06,0.0005945000000000001,9.577315092086792
BenchmarkTest00828.java,0,CWE-330,,,,0,0,1,0,0,0,1,0,,,,,,,,
BenchmarkTest00829.java,0,CWE-330,,,,0,0,1,0,0,0,1,0,,,,,,,,
BenchmarkTest00830.java,0,CWE-330,,,,0,0,1,0,0,0,1,0,,,,,,,,
BenchmarkTest00831.java,0,CWE-330,,,,0,0,1,0,0,0,1,0,,,,,,,,
BenchmarkTest00832.java,0,CWE-330,,,,0,0,1,0,0,0,1,0,,,,,,,,
BenchmarkTest00837.java,0,CWE-89,CWE-89,1,1,0,1,0,0,0,0,1,0,1108,5.5400000000000005e-05,1536,0.0006144000000000001,12,4.800000000000001e-06,0.0006746000000000001,8.202880620956421
BenchmarkTest00838.java,0,CWE-89,CWE-89,1,1,0,1,0,0,0,0,1,0,1099,5.495e-05,1216,0.00048640000000000006,12,4.800000000000001e-06,0.00054615,6.4609785079956055
BenchmarkTest00839.java,0,CWE-89,CWE-89,1,0,1,0,0,0,1,0,0,0,1024,5.1200000000000004e-05,576,0.00023040000000000002,13,5.2e-06,0.00028680000000000003,5.378449440002441
BenchmarkTest00840.java,0,CWE-89,CWE-89,1,0,1,0,0,0,1,0,0,0,1028,5.14e-05,576,0.00023040000000000002,14,5.600000000000001e-06,0.00028740000000000005,4.934757471084595
BenchmarkTest00841.java,0,CWE-89,CWE-89,1,0,1,0,0,0,1,0,0,0,1094,5.47e-05,768,0.00030720000000000004,13,5.2e-06,0.0003671000000000001,5.576815366744995
BenchmarkTest00842.java,0,CWE-89,,,,0,0,0,1,0,0,0,1,,,,,,,,
BenchmarkTest00843.java,0,CWE-89,,,,0,0,0,1,0,0,0,1,,,,,,,,
BenchmarkTest00844.java,0,CWE-89,,,,0,0,1,0,0,0,1,0,,,,,,,,
BenchmarkTest00845.java,0,CWE-89,,,,0,0,0,1,0,0,0,1,,,,,,,,
BenchmarkTest00846.java,0,CWE-89,CWE-89,1,0,1,0,0,0,1,0,0,0,999,4.995e-05,320,0.000128,14,5.600000000000001e-06,0.00018355,2.597620964050293
BenchmarkTest00847.java,0,CWE-89,CWE-89,1,0,1,0,0,0,1,0,0,0,1032,5.16e-05,384,0.00015360000000000002,14,5.600000000000001e-06,0.00021080000000000003,3.352781295776367
BenchmarkTest00848.java,0,CWE-89,CWE-89,1,0,1,0,0,0,1,0,0,0,969,4.8450000000000005e-05,320,0.000128,13,5.2e-06,0.00018165,2.2441701889038086
BenchmarkTest00849.java,0,CWE-89,CWE-89,1,0,1,0,0,0,1,0,0,0,1035,5.175e-05,576,0.00023040000000000002,13,5.2e-06,0.00028735,3.155452013015747
BenchmarkTest00850.java,0,CWE-89,CWE-89,1,0,1,0,0,0,1,0,0,0,1032,5.16e-05,576,0.00023040000000000002,13,5.2e-06,0.00028720000000000004,3.2213311195373535
BenchmarkTest00851.java,0,CWE-89,,,,0,0,1,0,0,0,1,0,,,,,,,,
BenchmarkTest00852.java,0,CWE-643,CWE-643,1,1,0,1,0,0,0,0,1,0,1128,5.640000000000001e-05,896,0.00035840000000000004,12,4.800000000000001e-06,0.00041960000000000006,4.3659093379974365
BenchmarkTest00853.java,0,CWE-327,CWE-327,1,0,1,0,0,0,1,0,0,0,1510,7.55e-05,448,0.00017920000000000002,13,5.2e-06,0.00025990000000000003,2.3458805084228516
BenchmarkTest00854.java,0,CWE-327,,,,0,0,1,0,0,0,1,0,,,,,,,,
BenchmarkTest00855.java,0,CWE-327,CWE-327,1,0,1,0,0,0,1,0,0,0,1610,8.05e-05,384,0.00015360000000000002,13,5.2e-06,0.00023930000000000002,2.5876948833465576
BenchmarkTest00856.java,0,CWE-327,CWE-327,1,0,1,0,0,0,1,0,0,0,1411,7.055e-05,320,0.000128,13,5.2e-06,0.00020374999999999997,2.1656954288482666
BenchmarkTest00857.java,0,CWE-327,CWE-327,1,0,1,0,0,0,1,0,0,0,1277,6.385000000000001e-05,384,0.00015360000000000002,13,5.2e-06,0.00022265000000000002,2.402904987335205
BenchmarkTest00858.java,0,CWE-327,,,,0,0,1,0,0,0,1,0,,,,,,,,
BenchmarkTest00859.java,0,CWE-327,CWE-327,1,0,1,0,0,0,1,0,0,0,1259,6.295e-05,1024,0.00040960000000000004,13,5.2e-06,0.00047775000000000004,5.483997344970703
BenchmarkTest00860.java,0,CWE-90,,,,0,0,1,0,0,0,1,0,,,,,,,,
BenchmarkTest00861.java,0,CWE-90,,,,0,0,1,0,0,0,1,0,,,,,,,,
BenchmarkTest00862.java,0,CWE-22,,,,0,0,1,0,0,0,1,0,,,,,,,,
BenchmarkTest00863.java,0,CWE-22,,,,0,0,1,0,0,0,1,0,,,,,,,,
BenchmarkTest00864.java,0,CWE-22,,,,0,0,1,0,0,0,1,0,,,,,,,,
BenchmarkTest00865.java,0,CWE-22,,,,0,0,1,0,0,0,1,0,,,,,,,,
BenchmarkTest00866.java,0,CWE-22,,,,0,0,1,0,0,0,1,0,,,,,,,,
BenchmarkTest00867.java,0,CWE-22,,,,0,0,1,0,0,0,1,0,,,,,,,,
BenchmarkTest00868.java,0,CWE-328,CWE-916,0,0,1,0,0,0,1,0,0,0,1449,7.245e-05,640,0.000256,13,5.2e-06,0.00033365,4.141123533248901
BenchmarkTest00869.java,0,CWE-328,CWE-916,0,0,1,0,0,0,1,0,0,0,1321,6.604999999999999e-05,576,0.00023040000000000002,13,5.2e-06,0.00030165000000000004,3.402705669403076
BenchmarkTest00870.java,0,CWE-328,CWE-916,0,0,1,0,0,0,1,0,0,0,1197,5.9850000000000005e-05,896,0.00035840000000000004,13,5.2e-06,0.0004234500000000001,4.94738507270813
BenchmarkTest00871.java,0,CWE-328,CWE-916,0,0,1,0,0,0,1,0,0,0,1265,6.325e-05,384,0.00015360000000000002,13,5.2e-06,0.00022205000000000003,2.7416832447052
BenchmarkTest00872.java,0,CWE-328,CWE-916,0,0,1,0,0,0,1,0,0,0,1194,5.97e-05,704,0.0002816,13,5.2e-06,0.0003465,4.1647789478302
BenchmarkTest00873.java,0,CWE-328,,,,0,0,1,0,0,0,1,0,,,,,,,,
BenchmarkTest00874.java,0,CWE-328,,,,0,0,1,0,0,0,1,0,,,,,,,,
BenchmarkTest00875.java,0,CWE-328,,,,0,0,0,1,0,0,0,1,,,,,,,,
BenchmarkTest00876.java,0,CWE-328,,,,0,0,0,1,0,0,0,1,,,,,,,,
BenchmarkTest00877.java,0,CWE-328,,,,0,0,1,0,0,0,1,0,,,,,,,,
BenchmarkTest00878.java,0,CWE-328,,,,0,0,1,0,0,0,1,0,,,,,,,,
BenchmarkTest00879.java,0,CWE-79,,,,0,0,1,0,0,0,1,0,,,,,,,,
BenchmarkTest00880.java,0,CWE-79,,,,0,0,1,0,0,0,1,0,,,,,,,,
BenchmarkTest00881.java,0,CWE-79,,,,0,0,1,0,0,0,1,0,,,,,,,,
BenchmarkTest00882.java,0,CWE-79,,,,0,0,1,0,0,0,1,0,,,,,,,,
BenchmarkTest00883.java,0,CWE-79,,,,0,0,1,0,0,0,1,0,,,,,,,,
BenchmarkTest00884.java,0,CWE-79,,,,0,0,1,0,0,0,1,0,,,,,,,,
BenchmarkTest00885.java,0,CWE-79,,,,0,0,1,0,0,0,1,0,,,,,,,,
BenchmarkTest00886.java,0,CWE-79,,,,0,0,1,0,0,0,1,0,,,,,,,,
BenchmarkTest00887.java,0,CWE-79,,,,0,0,1,0,0,0,1,0,,,,,,,,
BenchmarkTest00888.java,0,CWE-79,,,,0,0,1,0,0,0,1,0,,,,,,,,
BenchmarkTest00889.java,0,CWE-79,,,,0,0,1,0,0,0,1,0,,,,,,,,
BenchmarkTest00890.java,0,CWE-79,,,,0,0,1,0,0,0,1,0,,,,,,,,
BenchmarkTest00891.java,0,CWE-79,,,,0,0,1,0,0,0,1,0,,,,,,,,
BenchmarkTest00892.java,0,CWE-79,,,,0,0,1,0,0,0,1,0,,,,,,,,
BenchmarkTest00893.java,0,CWE-79,,,,0,0,1,0,0,0,1,0,,,,,,,,
BenchmarkTest00894.java,0,CWE-79,,,,0,0,1,0,0,0,1,0,,,,,,,,
BenchmarkTest00895.java,0,CWE-78,,,,0,0,1,0,0,0,1,0,,,,,,,,
BenchmarkTest00896.java,0,CWE-78,,,,0,0,1,0,0,0,1,0,,,,,,,,
BenchmarkTest00897.java,0,CWE-78,,,,0,0,1,0,0,0,1,0,,,,,,,,
BenchmarkTest00898.java,0,CWE-330,CWE-330,1,0,1,0,0,0,1,0,0,0,1247,6.235e-05,256,0.00010240000000000001,13,5.2e-06,0.00016995,1.9432857036590576
BenchmarkTest00899.java,0,CWE-330,CWE-330,1,0,1,0,0,0,1,0,0,0,1269,6.345e-05,640,0.000256,13,5.2e-06,0.00032465,3.434788942337036
BenchmarkTest00900.java,0,CWE-330,CWE-330,1,0,1,0,0,0,1,0,0,0,1260,6.3e-05,512,0.00020480000000000002,13,5.2e-06,0.000273,2.812878370285034
BenchmarkTest00901.java,0,CWE-330,CWE-330,1,0,1,0,0,0,1,0,0,0,1261,6.305e-05,1920,0.000768,13,5.2e-06,0.0008362500000000001,12.871626138687134
BenchmarkTest00902.java,0,CWE-330,CWE-330,1,0,1,0,0,0,1,0,0,0,1246,6.230000000000001e-05,256,0.00010240000000000001,13,5.2e-06,0.0001699,3.6485235691070557
BenchmarkTest00903.java,0,CWE-614,CWE-614,1,0,1,0,0,0,1,0,0,0,1033,5.165000000000001e-05,448,0.00017920000000000002,13,5.2e-06,0.00023605000000000002,4.262087821960449
BenchmarkTest00904.java,0,CWE-614,,,,0,0,1,0,0,0,1,0,,,,,,,,
BenchmarkTest00905.java,0,CWE-78,,,,0,0,1,0,0,0,1,0,,,,,,,,
BenchmarkTest00906.java,0,CWE-78,,,,0,0,1,0,0,0,1,0,,,,,,,,
BenchmarkTest00907.java,0,CWE-78,,,,0,0,1,0,0,0,1,0,,,,,,,,
BenchmarkTest00908.java,0,CWE-78,,,,0,0,1,0,0,0,1,0,,,,,,,,
BenchmarkTest00909.java,0,CWE-78,,,,0,0,1,0,0,0,1,0,,,,,,,,
BenchmarkTest00910.java,0,CWE-78,,,,0,0,1,0,0,0,1,0,,,,,,,,
BenchmarkTest00911.java,0,CWE-330,,,,0,0,1,0,0,0,1,0,,,,,,,,
BenchmarkTest00912.java,0,CWE-330,,,,0,0,1,0,0,0,1,0,,,,,,,,
BenchmarkTest00913.java,0,CWE-330,,,,0,0,1,0,0,0,1,0,,,,,,,,
BenchmarkTest00914.java,0,CWE-330,,,,0,0,1,0,0,0,1,0,,,,,,,,
BenchmarkTest00915.java,0,CWE-330,,,,0,0,1,0,0,0,1,0,,,,,,,,
BenchmarkTest00916.java,0,CWE-330,,,,0,0,1,0,0,0,1,0,,,,,,,,
BenchmarkTest00917.java,0,CWE-330,,,,0,0,1,0,0,0,1,0,,,,,,,,
BenchmarkTest00918.java,0,CWE-330,,,,0,0,1,0,0,0,1,0,,,,,,,,
BenchmarkTest00919.java,0,CWE-330,,,,0,0,1,0,0,0,1,0,,,,,,,,
BenchmarkTest00920.java,0,CWE-330,,,,0,0,1,0,0,0,1,0,,,,,,,,
BenchmarkTest00921.java,0,CWE-330,,,,0,0,1,0,0,0,1,0,,,,,,,,
BenchmarkTest00924.java,0,CWE-89,,,,0,0,1,0,0,0,1,0,,,,,,,,
BenchmarkTest00925.java,0,CWE-89,,,,0,0,1,0,0,0,1,0,,,,,,,,
BenchmarkTest00926.java,0,CWE-89,,,,0,0,1,0,0,0,1,0,,,,,,,,
BenchmarkTest00927.java,0,CWE-89,,,,0,0,1,0,0,0,1,0,,,,,,,,
BenchmarkTest00928.java,0,CWE-89,,,,0,0,1,0,0,0,1,0,,,,,,,,
BenchmarkTest00929.java,0,CWE-89,,,,0,0,1,0,0,0,1,0,,,,,,,,
BenchmarkTest00930.java,0,CWE-89,,,,0,0,1,0,0,0,1,0,,,,,,,,
BenchmarkTest00931.java,0,CWE-89,,,,0,0,1,0,0,0,1,0,,,,,,,,
BenchmarkTest00932.java,0,CWE-89,,,,0,0,1,0,0,0,1,0,,,,,,,,
BenchmarkTest00933.java,0,CWE-89,,,,0,0,1,0,0,0,1,0,,,,,,,,
BenchmarkTest00934.java,0,CWE-89,,,,0,0,1,0,0,0,1,0,,,,,,,,
BenchmarkTest00935.java,0,CWE-89,,,,0,0,1,0,0,0,1,0,,,,,,,,
BenchmarkTest00936.java,0,CWE-89,,,,0,0,1,0,0,0,1,0,,,,,,,,
BenchmarkTest00937.java,0,CWE-89,,,,0,0,1,0,0,0,1,0,,,,,,,,
BenchmarkTest00938.java,0,CWE-89,,,,0,0,1,0,0,0,1,0,,,,,,,,
BenchmarkTest00939.java,0,CWE-89,,,,0,0,1,0,0,0,1,0,,,,,,,,
BenchmarkTest00940.java,0,CWE-89,,,,0,0,1,0,0,0,1,0,,,,,,,,
BenchmarkTest00941.java,0,CWE-643,,,,0,0,1,0,0,0,1,0,,,,,,,,
BenchmarkTest00942.java,0,CWE-327,,,,0,0,1,0,0,0,1,0,,,,,,,,
BenchmarkTest00943.java,0,CWE-327,,,,0,0,1,0,0,0,1,0,,,,,,,,
BenchmarkTest00944.java,0,CWE-327,,,,0,0,1,0,0,0,1,0,,,,,,,,
BenchmarkTest00945.java,0,CWE-327,CWE-327,1,0,1,0,0,0,1,0,0,0,1453,7.265e-05,704,0.0002816,13,5.2e-06,0.00035945000000000004,6.326380014419556
BenchmarkTest00946.java,0,CWE-327,CWE-327,1,0,1,0,0,0,1,0,0,0,1410,7.05e-05,1344,0.0005376000000000001,13,5.2e-06,0.0006133000000000001,7.88155722618103
BenchmarkTest00947.java,0,CWE-90,CWE-90,1,0,1,0,0,0,1,0,0,0,1340,6.7e-05,1088,0.00043520000000000006,13,5.2e-06,0.0005074000000000001,6.504833698272705
BenchmarkTest00948.java,0,CWE-90,CWE-90,1,1,0,1,0,0,0,0,1,0,1388,6.94e-05,640,0.000256,12,4.800000000000001e-06,0.0003302,4.297184705734253
BenchmarkTest00949.java,0,CWE-22,CWE-23,0,0,1,0,0,0,1,0,0,0,1334,6.670000000000001e-05,768,0.00030720000000000004,13,5.2e-06,0.00037910000000000005,6.675845384597778
BenchmarkTest00950.java,0,CWE-22,CWE-23,0,1,1,0,0,0,0,0,0,1,1323,6.615000000000001e-05,1728,0.0006912,13,5.2e-06,0.00076255,8.447668313980103
BenchmarkTest00951.java,0,CWE-22,CWE-23,0,1,0,1,0,0,0,0,1,0,1490,7.45e-05,576,0.00023040000000000002,12,4.800000000000001e-06,0.0003097,3.251103401184082
BenchmarkTest00952.java,0,CWE-22,CWE-23,0,0,1,0,0,0,1,0,0,0,1573,7.865e-05,1088,0.00043520000000000006,13,5.2e-06,0.0005190500000000001,5.237616062164307
BenchmarkTest00953.java,0,CWE-22,CWE-23,0,0,1,0,0,0,1,0,0,0,1393,6.965e-05,1088,0.00043520000000000006,13,5.2e-06,0.0005100500000000001,5.169789791107178
BenchmarkTest00954.java,0,CWE-22,CWE-23,0,1,0,1,0,0,0,0,1,0,1426,7.13e-05,1024,0.00040960000000000004,12,4.800000000000001e-06,0.00048570000000000004,5.374221563339233
BenchmarkTest00955.java,0,CWE-22,CWE-23,0,0,0,1,0,0,0,1,0,0,1361,6.805e-05,1536,0.0006144000000000001,13,5.2e-06,0.00068765,7.604966163635254
BenchmarkTest00956.java,0,CWE-22,CWE-23,0,0,1,0,0,0,1,0,0,0,1359,6.795e-05,1024,0.00040960000000000004,13,5.2e-06,0.00048275000000000005,5.3647332191467285
BenchmarkTest00957.java,0,CWE-22,CWE-23,0,1,0,1,0,0,0,0,1,0,1550,7.75e-05,704,0.0002816,12,4.800000000000001e-06,0.0003639,3.598567008972168
BenchmarkTest00958.java,0,CWE-22,CWE-23,0,1,0,1,0,0,0,0,1,0,1589,7.945e-05,512,0.00020480000000000002,12,4.800000000000001e-06,0.00028905,2.9337430000305176
BenchmarkTest00959.java,0,CWE-90,CWE-90,1,0,1,0,0,0,1,0,0,0,1369,6.845e-05,1536,0.0006144000000000001,14,5.600000000000001e-06,0.0006884500000000001,7.733912467956543
BenchmarkTest00960.java,0,CWE-330,CWE-330,1,0,1,0,0,0,1,0,0,0,1495,7.475e-05,384,0.00015360000000000002,13,5.2e-06,0.00023355,2.8042852878570557
BenchmarkTest00961.java,0,CWE-328,CWE-916,0,0,1,0,0,0,1,0,0,0,1490,7.45e-05,1856,0.0007424,13,5.2e-06,0.0008221000000000001,10.390535831451416
BenchmarkTest00962.java,0,CWE-328,,,,0,0,1,0,0,0,1,0,,,,,,,,
BenchmarkTest00963.java,0,CWE-328,CWE-916,0,0,1,0,0,0,1,0,0,0,1337,6.685000000000001e-05,576,0.00023040000000000002,13,5.2e-06,0.00030245000000000006,6.368309259414673
BenchmarkTest00964.java,0,CWE-328,,,,0,0,1,0,0,0,1,0,,,,,,,,
BenchmarkTest00965.java,0,CWE-328,,,,0,0,1,0,0,0,1,0,,,,,,,,
BenchmarkTest00966.java,0,CWE-328,,,,0,0,1,0,0,0,1,0,,,,,,,,
BenchmarkTest00967.java,0,CWE-328,,,,0,0,1,0,0,0,1,0,,,,,,,,
BenchmarkTest00968.java,0,CWE-78,CWE-78,1,0,1,0,0,0,1,0,0,0,1119,5.5950000000000005e-05,896,0.00035840000000000004,13,5.2e-06,0.0004195500000000001,6.941965818405151
BenchmarkTest00969.java,0,CWE-78,CWE-78,1,1,0,1,0,0,0,0,1,0,1347,6.735000000000001e-05,1344,0.0005376000000000001,12,4.800000000000001e-06,0.00060975,7.956105709075928
BenchmarkTest00970.java,0,CWE-78,CWE-78,1,1,0,1,0,0,0,0,1,0,1144,5.72e-05,1024,0.00040960000000000004,12,4.800000000000001e-06,0.0004716,6.640610933303833
BenchmarkTest00971.java,0,CWE-330,CWE-330,1,0,1,0,0,0,1,0,0,0,1435,7.175e-05,576,0.00023040000000000002,13,5.2e-06,0.00030735,4.650528192520142
BenchmarkTest00972.java,0,CWE-330,CWE-330,1,0,1,0,0,0,1,0,0,0,1488,7.44e-05,896,0.00035840000000000004,13,5.2e-06,0.0004380000000000001,5.8185951709747314
BenchmarkTest00973.java,0,CWE-330,CWE-330,1,0,1,0,0,0,1,0,0,0,1379,6.895000000000001e-05,1344,0.0005376000000000001,13,5.2e-06,0.0006117500000000001,8.05025315284729
BenchmarkTest00974.java,0,CWE-330,CWE-330,1,0,1,0,0,0,1,0,0,0,1418,7.09e-05,832,0.0003328,13,5.2e-06,0.0004089,4.545757055282593
BenchmarkTest00975.java,0,CWE-330,CWE-330,1,0,1,0,0,0,1,0,0,0,1388,6.94e-05,320,0.000128,13,5.2e-06,0.0002026,2.291900157928467
BenchmarkTest00976.java,0,CWE-330,CWE-330,1,0,1,0,0,0,1,0,0,0,1400,7e-05,320,0.000128,13,5.2e-06,0.00020319999999999998,2.5877809524536133
BenchmarkTest00977.java,0,CWE-614,CWE-614,1,0,1,0,0,0,1,0,0,0,1180,5.9e-05,832,0.0003328,13,5.2e-06,0.000397,4.539714813232422
BenchmarkTest00978.java,0,CWE-78,CWE-78,1,1,0,1,0,0,0,0,1,0,1417,7.085000000000001e-05,1920,0.000768,12,4.800000000000001e-06,0.00084365,8.592726469039917
BenchmarkTest00979.java,0,CWE-78,CWE-78,1,0,1,0,0,0,1,0,0,0,1274,6.37e-05,1792,0.0007168000000000001,13,5.2e-06,0.0007857000000000001,8.65752625465393
BenchmarkTest00980.java,0,CWE-78,CWE-78,1,1,0,1,0,0,0,0,1,0,1097,5.485e-05,1216,0.00048640000000000006,12,4.800000000000001e-06,0.0005460500000000001,5.628122091293335
BenchmarkTest00981.java,0,CWE-78,CWE-78,1,0,1,0,0,0,1,0,0,0,1222,6.110000000000001e-05,2112,0.0008448,13,5.2e-06,0.0009111000000000001,9.613848209381104
BenchmarkTest00982.java,0,CWE-78,CWE-78,1,1,0,1,0,0,0,0,1,0,1145,5.725e-05,960,0.000384,13,5.2e-06,0.00044645000000000004,5.247029781341553
BenchmarkTest00983.java,0,CWE-78,CWE-78,1,0,1,0,0,0,1,0,0,0,1055,5.275e-05,1408,0.0005632,13,5.2e-06,0.00062115,6.699407577514648
BenchmarkTest00984.java,0,CWE-330,CWE-330,1,1,0,1,0,0,0,0,1,0,1698,8.49e-05,832,0.0003328,13,5.2e-06,0.00042290000000000003,4.330074071884155
BenchmarkTest00985.java,0,CWE-330,CWE-330,1,0,0,1,0,0,0,1,0,0,1529,7.645e-05,1344,0.0005376000000000001,13,5.2e-06,0.0006192500000000001,6.107327222824097
BenchmarkTest00986.java,0,CWE-330,CWE-330,1,0,0,1,0,0,0,1,0,0,1496,7.48e-05,1472,0.0005888000000000001,13,5.2e-06,0.0006688000000000001,6.945000886917114
BenchmarkTest00987.java,0,CWE-330,,,,0,0,1,0,0,0,1,0,,,,,,,,
BenchmarkTest00988.java,0,CWE-330,,,,0,0,1,0,0,0,1,0,,,,,,,,
BenchmarkTest00989.java,0,CWE-330,,,,0,0,1,0,0,0,1,0,,,,,,,,
BenchmarkTest00990.java,0,CWE-330,,,,0,0,1,0,0,0,1,0,,,,,,,,
BenchmarkTest00996.java,0,CWE-89,CWE-89,1,0,1,0,0,0,1,0,0,0,1091,5.4550000000000005e-05,1600,0.00064,13,5.2e-06,0.0006997500000000001,8.62213683128357
BenchmarkTest00997.java,0,CWE-89,CWE-89,1,0,1,0,0,0,1,0,0,0,1129,5.645e-05,1152,0.00046080000000000003,13,5.2e-06,0.00052245,5.701951742172241
BenchmarkTest00998.java,0,CWE-89,CWE-89,1,0,1,0,0,0,1,0,0,0,1095,5.475e-05,1408,0.0005632,14,5.600000000000001e-06,0.0006235500000000001,6.657065153121948
BenchmarkTest00999.java,0,CWE-89,CWE-89,1,1,0,1,0,0,0,0,1,0,1107,5.5350000000000004e-05,576,0.00023040000000000002,12,4.800000000000001e-06,0.00029055000000000004,3.000117063522339
BenchmarkTest01000.java,0,CWE-89,CWE-89,1,0,1,0,0,0,1,0,0,0,1125,5.625e-05,1472,0.0005888000000000001,13,5.2e-06,0.0006502500000000001,6.721250295639038
BenchmarkTest01001.java,0,CWE-89,CWE-89,1,0,0,1,0,0,0,1,0,0,1065,5.325e-05,1024,0.00040960000000000004,15,6e-06,0.00046885000000000004,4.846898317337036
BenchmarkTest01002.java,0,CWE-89,CWE-89,1,0,1,0,0,0,1,0,0,0,1073,5.365e-05,768,0.00030720000000000004,13,5.2e-06,0.00036605000000000003,4.013885498046875
BenchmarkTest01003.java,0,CWE-89,CWE-89,1,0,1,0,0,0,1,0,0,0,1109,5.5450000000000006e-05,384,0.00015360000000000002,13,5.2e-06,0.00021425,2.184023380279541
BenchmarkTest01004.java,0,CWE-89,CWE-89,1,0,1,0,0,0,1,0,0,0,1138,5.690000000000001e-05,832,0.0003328,13,5.2e-06,0.00039490000000000006,4.530535459518433
BenchmarkTest01005.java,0,CWE-89,CWE-89,1,0,1,0,0,0,1,0,0,0,1118,5.5900000000000004e-05,576,0.00023040000000000002,13,5.2e-06,0.00029150000000000004,3.244152069091797
BenchmarkTest01006.java,0,CWE-89,,,,0,0,0,1,0,0,0,1,,,,,,,,
BenchmarkTest01007.java,0,CWE-89,,,,0,0,0,1,0,0,0,1,,,,,,,,
BenchmarkTest01008.java,0,CWE-89,,,,0,0,0,1,0,0,0,1,,,,,,,,
BenchmarkTest01009.java,0,CWE-89,,,,0,0,0,1,0,0,0,1,,,,,,,,
BenchmarkTest01010.java,0,CWE-89,CWE-89,1,1,0,1,0,0,0,0,1,0,1128,5.640000000000001e-05,1152,0.00046080000000000003,12,4.800000000000001e-06,0.000522,6.967986822128296
BenchmarkTest01011.java,0,CWE-89,CWE-89,1,0,1,0,0,0,1,0,0,0,1064,5.3200000000000006e-05,384,0.00015360000000000002,13,5.2e-06,0.00021200000000000003,2.1249358654022217
BenchmarkTest01012.java,0,CWE-89,CWE-89,1,1,0,1,0,0,0,0,1,0,1092,5.46e-05,1088,0.00043520000000000006,13,5.2e-06,0.0004950000000000001,6.1772894859313965
BenchmarkTest01013.java,0,CWE-643,CWE-643,1,1,0,1,0,0,0,0,1,0,1200,6e-05,640,0.000256,12,4.800000000000001e-06,0.0003208,3.290958881378174
BenchmarkTest01014.java,0,CWE-643,CWE-643,1,1,0,1,0,0,0,0,1,0,1170,5.85e-05,832,0.0003328,12,4.800000000000001e-06,0.00039610000000000003,4.682479619979858
BenchmarkTest01015.java,0,CWE-327,CWE-327,1,0,1,0,0,0,1,0,0,0,1574,7.87e-05,320,0.000128,13,5.2e-06,0.00021189999999999997,2.4496002197265625
BenchmarkTest01016.java,0,CWE-327,CWE-327,1,0,1,0,0,0,1,0,0,0,1715,8.575e-05,256,0.00010240000000000001,13,5.2e-06,0.00019334999999999998,2.3316903114318848
BenchmarkTest01017.java,0,CWE-327,CWE-327,1,0,1,0,0,0,1,0,0,0,1836,9.180000000000001e-05,448,0.00017920000000000002,13,5.2e-06,0.00027620000000000005,3.159421682357788
BenchmarkTest01018.java,0,CWE-327,CWE-327,1,0,1,0,0,0,1,0,0,0,1259,6.295e-05,128,5.1200000000000004e-05,13,5.2e-06,0.00011935000000000001,1.7962737083435059
BenchmarkTest01019.java,0,CWE-327,,,,0,0,1,0,0,0,1,0,,,,,,,,
BenchmarkTest01020.java,0,CWE-327,CWE-327,1,0,1,0,0,0,1,0,0,0,1261,6.305e-05,1024,0.00040960000000000004,13,5.2e-06,0.00047785000000000004,5.67288875579834
BenchmarkTest01021.java,0,CWE-327,,,,0,0,1,0,0,0,1,0,,,,,,,,
BenchmarkTest01022.java,0,CWE-327,,,,0,0,1,0,0,0,1,0,,,,,,,,
BenchmarkTest01023.java,0,CWE-90,CWE-90,1,0,1,0,0,0,1,0,0,0,1195,5.975e-05,768,0.00030720000000000004,13,5.2e-06,0.0003721500000000001,6.060872793197632
BenchmarkTest01024.java,0,CWE-90,CWE-90,1,1,0,1,0,0,0,0,1,0,1206,6.03e-05,960,0.000384,12,4.800000000000001e-06,0.0004491,6.379834413528442
BenchmarkTest01025.java,0,CWE-22,CWE-23,0,0,1,0,0,0,1,0,0,0,1209,6.0450000000000006e-05,1088,0.00043520000000000006,13,5.2e-06,0.0005008500000000001,7.446465730667114
BenchmarkTest01026.java,0,CWE-22,CWE-23,0,1,0,1,0,0,0,0,1,0,1406,7.03e-05,1344,0.0005376000000000001,12,4.800000000000001e-06,0.0006127000000000001,7.36433482170105
BenchmarkTest01027.java,0,CWE-22,CWE-23,0,1,0,1,0,0,0,0,1,0,1203,6.0150000000000005e-05,576,0.00023040000000000002,12,4.800000000000001e-06,0.00029535000000000005,4.685520648956299
BenchmarkTest01028.java,0,CWE-22,CWE-23,0,1,0,1,0,0,0,0,1,0,1382,6.910000000000001e-05,1152,0.00046080000000000003,12,4.800000000000001e-06,0.0005347,5.535376310348511
BenchmarkTest01029.java,0,CWE-22,CWE-23,0,0,1,0,0,0,1,0,0,0,1355,6.775e-05,1152,0.00046080000000000003,13,5.2e-06,0.00053375,6.245022773742676
BenchmarkTest01030.java,0,CWE-22,CWE-23,0,1,0,1,0,0,0,0,1,0,1409,7.045e-05,960,0.000384,12,4.800000000000001e-06,0.00045925,5.043133974075317
BenchmarkTest01031.java,0,CWE-22,CWE-23,0,1,0,1,0,0,0,0,1,0,1336,6.68e-05,1024,0.00040960000000000004,12,4.800000000000001e-06,0.00048120000000000004,4.865008354187012
BenchmarkTest01032.java,0,CWE-22,CWE-23,0,0,1,0,0,0,1,0,0,0,1254,6.27e-05,704,0.0002816,13,5.2e-06,0.00034950000000000004,3.5337188243865967
BenchmarkTest01033.java,0,CWE-22,CWE-23,0,0,1,0,0,0,1,0,0,0,1248,6.240000000000001e-05,960,0.000384,13,5.2e-06,0.0004516,4.945000410079956
BenchmarkTest01034.java,0,CWE-22,CWE-23,0,0,1,0,0,0,1,0,0,0,1260,6.3e-05,640,0.000256,13,5.2e-06,0.0003242,3.4997565746307373
BenchmarkTest01035.java,0,CWE-22,CWE-23,0,1,0,1,0,0,0,0,1,0,1250,6.25e-05,576,0.00023040000000000002,12,4.800000000000001e-06,0.0002977,3.24875807762146
BenchmarkTest01036.java,0,CWE-22,CWE-23,0,1,0,1,0,0,0,0,1,0,1436,7.18e-05,832,0.0003328,12,4.800000000000001e-06,0.00040940000000000003,6.298002004623413
BenchmarkTest01037.java,0,CWE-328,,,,0,0,1,0,0,0,1,0,,,,,,,,
BenchmarkTest01038.java,0,CWE-328,CWE-916,0,0,1,0,0,0,1,0,0,0,1211,6.055e-05,768,0.00030720000000000004,13,5.2e-06,0.00037295000000000004,4.1236653327941895
BenchmarkTest01039.java,0,CWE-328,,,,0,0,1,0,0,0,1,0,,,,,,,,
BenchmarkTest01040.java,0,CWE-328,,,,0,0,1,0,0,0,1,0,,,,,,,,
BenchmarkTest01041.java,0,CWE-328,,,,0,0,0,1,0,0,0,1,,,,,,,,
BenchmarkTest01042.java,0,CWE-328,,,,0,0,0,1,0,0,0,1,,,,,,,,
BenchmarkTest01043.java,0,CWE-328,,,,0,0,0,1,0,0,0,1,,,,,,,,
BenchmarkTest01044.java,0,CWE-328,,,,0,0,0,1,0,0,0,1,,,,,,,,
BenchmarkTest01045.java,0,CWE-328,,,,0,0,1,0,0,0,1,0,,,,,,,,
BenchmarkTest01046.java,0,CWE-79,CWE-79,1,0,1,0,0,0,1,0,0,0,1428,7.14e-05,512,0.00020480000000000002,13,5.2e-06,0.0002814,3.3540918827056885
BenchmarkTest01047.java,0,CWE-79,CWE-79,1,0,1,0,0,0,1,0,0,0,1395,6.975e-05,832,0.0003328,13,5.2e-06,0.00040775,4.298689603805542
BenchmarkTest01048.java,0,CWE-79,CWE-79,1,1,0,1,0,0,0,0,1,0,1291,6.455e-05,1984,0.0007936,12,4.800000000000001e-06,0.00086295,9.129673480987549
BenchmarkTest01049.java,0,CWE-79,CWE-79,1,0,1,0,0,0,1,0,0,0,1350,6.75e-05,832,0.0003328,13,5.2e-06,0.00040550000000000004,4.4130754470825195
BenchmarkTest01050.java,0,CWE-79,CWE-79,1,0,1,0,0,0,1,0,0,0,1288,6.440000000000001e-05,896,0.00035840000000000004,13,5.2e-06,0.00042800000000000005,4.82397985458374
BenchmarkTest01051.java,0,CWE-79,CWE-79,1,1,0,1,0,0,0,0,1,0,1319,6.595e-05,832,0.0003328,12,4.800000000000001e-06,0.00040355,4.275444984436035
BenchmarkTest01052.java,0,CWE-79,CWE-79,1,1,0,1,0,0,0,0,1,0,1345,6.725e-05,1024,0.00040960000000000004,12,4.800000000000001e-06,0.00048165,6.443357706069946
BenchmarkTest01053.java,0,CWE-79,CWE-79,1,1,0,1,0,0,0,0,1,0,1296,6.48e-05,512,0.00020480000000000002,12,4.800000000000001e-06,0.00027440000000000006,4.610820770263672
BenchmarkTest01054.java,0,CWE-79,CWE-79,1,1,0,1,0,0,0,0,1,0,1273,6.365e-05,576,0.00023040000000000002,13,5.2e-06,0.00029925000000000004,4.630478143692017
BenchmarkTest01055.java,0,CWE-79,CWE-79,1,0,1,0,0,0,1,0,0,0,1328,6.64e-05,448,0.00017920000000000002,13,5.2e-06,0.0002508,3.3612349033355713
BenchmarkTest01056.java,0,CWE-79,CWE-79,1,0,1,0,0,0,1,0,0,0,1325,6.625e-05,832,0.0003328,13,5.2e-06,0.00040425000000000004,4.940181732177734
BenchmarkTest01057.java,0,CWE-79,CWE-79,1,0,1,0,0,0,1,0,0,0,1294,6.47e-05,1088,0.00043520000000000006,13,5.2e-06,0.0005051000000000001,5.14827561378479
BenchmarkTest01058.java,0,CWE-330,CWE-330,1,0,1,0,0,0,1,0,0,0,1280,6.4e-05,192,7.680000000000001e-05,13,5.2e-06,0.000146,1.4767982959747314
BenchmarkTest01059.java,0,CWE-330,CWE-330,1,0,1,0,0,0,1,0,0,0,1275,6.375e-05,512,0.00020480000000000002,13,5.2e-06,0.00027375,3.6704587936401367
BenchmarkTest01060.java,0,CWE-330,CWE-330,1,0,1,0,0,0,1,0,0,0,1307,6.535e-05,384,0.00015360000000000002,13,5.2e-06,0.00022415000000000003,2.3106579780578613
BenchmarkTest01061.java,0,CWE-614,CWE-614,1,0,1,0,0,0,1,0,0,0,1068,5.3400000000000004e-05,384,0.00015360000000000002,13,5.2e-06,0.0002122,2.363536834716797
BenchmarkTest01062.java,0,CWE-614,,,,0,0,1,0,0,0,1,0,,,,,,,,
BenchmarkTest01063.java,0,CWE-79,CWE-79,1,0,1,0,0,0,1,0,0,0,1491,7.455e-05,1408,0.0005632,13,5.2e-06,0.0006429500000000001,6.592305898666382
BenchmarkTest01064.java,0,CWE-78,CWE-78,1,0,1,0,0,0,1,0,0,0,1024,5.1200000000000004e-05,1152,0.00046080000000000003,13,5.2e-06,0.0005172000000000001,5.099045276641846
BenchmarkTest01065.java,0,CWE-78,CWE-78,1,1,0,1,0,0,0,0,1,0,1072,5.36e-05,1216,0.00048640000000000006,12,4.800000000000001e-06,0.0005448000000000001,6.28710675239563
BenchmarkTest01066.java,0,CWE-78,CWE-78,1,0,1,0,0,0,1,0,0,0,922,4.61e-05,1984,0.0007936,13,5.2e-06,0.0008449,8.071679592132568
BenchmarkTest01067.java,0,CWE-78,CWE-78,1,1,0,1,0,0,0,0,1,0,936,4.6800000000000006e-05,1344,0.0005376000000000001,12,4.800000000000001e-06,0.0005892000000000001,5.95389723777771
BenchmarkTest01068.java,0,CWE-78,CWE-78,1,1,0,1,0,0,0,0,1,0,991,4.9550000000000005e-05,1152,0.00046080000000000003,13,5.2e-06,0.00051555,5.581805467605591
BenchmarkTest01069.java,0,CWE-330,,,,0,0,1,0,0,0,1,0,,,,,,,,
BenchmarkTest01070.java,0,CWE-330,,,,0,0,1,0,0,0,1,0,,,,,,,,
BenchmarkTest01071.java,0,CWE-330,,,,0,0,1,0,0,0,1,0,,,,,,,,
BenchmarkTest01072.java,0,CWE-330,CWE-330,1,1,0,1,0,0,0,0,1,0,1362,6.81e-05,1920,0.000768,12,4.800000000000001e-06,0.0008409,8.31224775314331
BenchmarkTest01073.java,0,CWE-330,,,,0,0,1,0,0,0,1,0,,,,,,,,
BenchmarkTest01074.java,0,CWE-330,,,,0,0,1,0,0,0,1,0,,,,,,,,
BenchmarkTest01075.java,0,CWE-330,,,,0,0,1,0,0,0,1,0,,,,,,,,
BenchmarkTest01076.java,0,CWE-330,,,,0,0,1,0,0,0,1,0,,,,,,,,
BenchmarkTest01077.java,0,CWE-330,,,,0,0,1,0,0,0,1,0,,,,,,,,
BenchmarkTest01078.java,0,CWE-330,,,,0,0,1,0,0,0,1,0,,,,,,,,
BenchmarkTest01079.java,0,CWE-330,,,,0,0,1,0,0,0,1,0,,,,,,,,
BenchmarkTest01083.java,0,CWE-89,CWE-89,1,0,1,0,0,0,1,0,0,0,910,4.55e-05,320,0.000128,13,5.2e-06,0.00017869999999999998,2.098081588745117
BenchmarkTest01084.java,0,CWE-89,CWE-89,1,0,1,0,0,0,1,0,0,0,938,4.690000000000001e-05,576,0.00023040000000000002,13,5.2e-06,0.00028250000000000004,2.9916775226593018
BenchmarkTest01085.java,0,CWE-89,,,,0,0,1,0,0,0,1,0,,,,,,,,
BenchmarkTest01086.java,0,CWE-89,,,,0,0,1,0,0,0,1,0,,,,,,,,
BenchmarkTest01087.java,0,CWE-89,,,,0,0,0,1,0,0,0,1,,,,,,,,
BenchmarkTest01088.java,0,CWE-89,,,,0,0,0,1,0,0,0,1,,,,,,,,
BenchmarkTest01089.java,0,CWE-89,,,,0,0,1,0,0,0,1,0,,,,,,,,
BenchmarkTest01090.java,0,CWE-89,CWE-89,1,0,1,0,0,0,1,0,0,0,964,4.8200000000000006e-05,512,0.00020480000000000002,13,5.2e-06,0.00025820000000000004,2.9843926429748535
BenchmarkTest01091.java,0,CWE-89,CWE-89,1,0,1,0,0,0,1,0,0,0,931,4.655000000000001e-05,512,0.00020480000000000002,13,5.2e-06,0.00025655000000000003,2.9417428970336914
BenchmarkTest01092.java,0,CWE-89,CWE-89,1,1,0,1,0,0,0,0,1,0,908,4.5400000000000006e-05,576,0.00023040000000000002,12,4.800000000000001e-06,0.00028060000000000004,3.2499217987060547
BenchmarkTest01093.java,0,CWE-89,CWE-89,1,0,1,0,0,0,1,0,0,0,962,4.8100000000000004e-05,768,0.00030720000000000004,14,5.600000000000001e-06,0.00036090000000000004,8.227284908294678
BenchmarkTest01094.java,0,CWE-89,CWE-89,1,0,1,0,0,0,1,0,0,0,877,4.385e-05,576,0.00023040000000000002,13,5.2e-06,0.00027945000000000004,5.0760931968688965
BenchmarkTest01095.java,0,CWE-89,CWE-89,1,1,0,1,0,0,0,0,1,0,912,4.5600000000000004e-05,640,0.000256,12,4.800000000000001e-06,0.0003064,5.528436660766602
BenchmarkTest01096.java,0,CWE-89,CWE-89,1,1,0,1,0,0,0,0,1,0,957,4.7850000000000004e-05,512,0.00020480000000000002,12,4.800000000000001e-06,0.00025745000000000005,3.7947068214416504
BenchmarkTest01097.java,0,CWE-89,CWE-89,1,0,1,0,0,0,1,0,0,0,910,4.55e-05,256,0.00010240000000000001,13,5.2e-06,0.0001531,3.613124132156372
BenchmarkTest01098.java,0,CWE-89,CWE-89,1,1,0,1,0,0,0,0,1,0,948,4.740000000000001e-05,640,0.000256,12,4.800000000000001e-06,0.0003082,4.732462406158447
BenchmarkTest01099.java,0,CWE-327,CWE-327,1,0,1,0,0,0,1,0,0,0,1694,8.47e-05,320,0.000128,13,5.2e-06,0.00021789999999999998,2.950613021850586
BenchmarkTest01100.java,0,CWE-327,,,,0,0,1,0,0,0,1,0,,,,,,,,
BenchmarkTest01101.java,0,CWE-327,,,,0,0,1,0,0,0,1,0,,,,,,,,
BenchmarkTest01102.java,0,CWE-327,CWE-327,1,0,1,0,0,0,1,0,0,0,1386,6.929999999999999e-05,640,0.000256,13,5.2e-06,0.0003305,3.796570062637329
BenchmarkTest01103.java,0,CWE-327,CWE-327,1,0,1,0,0,0,1,0,0,0,1395,6.975e-05,256,0.00010240000000000001,13,5.2e-06,0.00017735,1.8024749755859375
BenchmarkTest01104.java,0,CWE-327,,,,0,0,1,0,0,0,1,0,,,,,,,,
BenchmarkTest01105.java,0,CWE-327,CWE-327,1,0,1,0,0,0,1,0,0,0,1281,6.405e-05,1088,0.00043520000000000006,14,5.600000000000001e-06,0.00050485,5.128716468811035
BenchmarkTest01106.java,0,CWE-327,CWE-327,1,0,1,0,0,0,1,0,0,0,1292,6.460000000000001e-05,832,0.0003328,13,5.2e-06,0.00040260000000000003,4.009912729263306
BenchmarkTest01107.java,0,CWE-327,CWE-327,1,0,1,0,0,0,1,0,0,0,1321,6.604999999999999e-05,1408,0.0005632,13,5.2e-06,0.00063445,6.488894462585449
BenchmarkTest01108.java,0,CWE-327,,,,0,0,1,0,0,0,1,0,,,,,,,,
BenchmarkTest01109.java,0,CWE-22,CWE-23,0,1,0,1,0,0,0,0,1,0,1462,7.310000000000002e-05,1408,0.0005632,12,4.800000000000001e-06,0.0006411,7.333732604980469
BenchmarkTest01110.java,0,CWE-22,CWE-23,0,1,0,1,0,0,0,0,1,0,1449,7.245e-05,960,0.000384,12,4.800000000000001e-06,0.00046125,5.1188201904296875
BenchmarkTest01111.java,0,CWE-22,CWE-23,0,1,1,0,0,0,0,0,0,1,1354,6.77e-05,1664,0.0006656,13,5.2e-06,0.0007385,7.97929048538208
BenchmarkTest01112.java,0,CWE-22,CWE-23,0,0,1,0,0,0,1,0,0,0,1418,7.09e-05,1472,0.0005888000000000001,13,5.2e-06,0.0006649000000000002,6.525710821151733
BenchmarkTest01113.java,0,CWE-22,CWE-23,0,1,0,1,0,0,0,0,1,0,1373,6.865e-05,576,0.00023040000000000002,12,4.800000000000001e-06,0.00030385000000000004,3.128121852874756
BenchmarkTest01114.java,0,CWE-22,CWE-23,0,1,0,1,0,0,0,0,1,0,1510,7.55e-05,2368,0.0009472,12,4.800000000000001e-06,0.0010275,11.150775909423828
BenchmarkTest01115.java,0,CWE-22,CWE-23,0,1,0,1,0,0,0,0,1,0,1505,7.525e-05,1536,0.0006144000000000001,12,4.800000000000001e-06,0.0006944500000000001,7.195549726486206
BenchmarkTest01116.java,0,CWE-22,CWE-23,0,1,1,0,0,0,0,0,0,1,1294,6.47e-05,1664,0.0006656,12,4.800000000000001e-06,0.0007351,7.527448415756226
BenchmarkTest01117.java,0,CWE-22,CWE-23,0,1,1,0,0,0,0,0,0,1,1276,6.38e-05,2624,0.0010496000000000001,13,5.2e-06,0.0011186,10.913254261016846
BenchmarkTest01118.java,0,CWE-22,CWE-23,0,1,0,1,0,0,0,0,1,0,1488,7.44e-05,768,0.00030720000000000004,12,4.800000000000001e-06,0.00038640000000000007,4.688027858734131
BenchmarkTest01119.java,0,CWE-330,CWE-330,1,0,1,0,0,0,1,0,0,0,1386,6.929999999999999e-05,448,0.00017920000000000002,13,5.2e-06,0.00025370000000000004,4.448032379150391
BenchmarkTest01120.java,0,CWE-328,,,,0,0,1,0,0,0,1,0,,,,,,,,
BenchmarkTest01121.java,0,CWE-328,,,,0,0,1,0,0,0,1,0,,,,,,,,
BenchmarkTest01122.java,0,CWE-328,,,,0,0,1,0,0,0,1,0,,,,,,,,
BenchmarkTest01123.java,0,CWE-328,CWE-916,0,0,1,0,0,0,1,0,0,0,1332,6.66e-05,1088,0.00043520000000000006,13,5.2e-06,0.0005070000000000001,6.108129501342773
BenchmarkTest01124.java,0,CWE-328,,,,0,0,0,1,0,0,0,1,,,,,,,,
BenchmarkTest01125.java,0,CWE-328,,,,0,0,1,0,0,0,1,0,,,,,,,,
BenchmarkTest01126.java,0,CWE-328,,,,0,0,1,0,0,0,1,0,,,,,,,,
BenchmarkTest01127.java,0,CWE-330,CWE-330,1,0,1,0,0,0,1,0,0,0,1327,6.635000000000001e-05,384,0.00015360000000000002,13,5.2e-06,0.00022515000000000002,2.9973573684692383
BenchmarkTest01128.java,0,CWE-330,CWE-330,1,0,1,0,0,0,1,0,0,0,1337,6.685000000000001e-05,832,0.0003328,13,5.2e-06,0.00040485000000000006,4.8783957958221436
BenchmarkTest01129.java,0,CWE-330,CWE-330,1,0,1,0,0,0,1,0,0,0,1302,6.510000000000001e-05,384,0.00015360000000000002,13,5.2e-06,0.00022390000000000002,4.098039388656616
BenchmarkTest01130.java,0,CWE-330,CWE-330,1,0,1,0,0,0,1,0,0,0,1313,6.565000000000001e-05,1024,0.00040960000000000004,13,5.2e-06,0.00048045000000000005,4.792253017425537
BenchmarkTest01131.java,0,CWE-330,CWE-330,1,0,1,0,0,0,1,0,0,0,1298,6.49e-05,704,0.0002816,13,5.2e-06,0.00035170000000000004,3.5820353031158447
BenchmarkTest01132.java,0,CWE-330,CWE-330,1,0,1,0,0,0,1,0,0,0,1365,6.825e-05,704,0.0002816,13,5.2e-06,0.00035505000000000004,3.83138108253479
BenchmarkTest01133.java,0,CWE-330,CWE-330,1,0,1,0,0,0,1,0,0,0,1280,6.4e-05,576,0.00023040000000000002,13,5.2e-06,0.0002996,3.061270236968994
BenchmarkTest01134.java,0,CWE-614,CWE-614,1,0,1,0,0,0,1,0,0,0,1140,5.7e-05,704,0.0002816,13,5.2e-06,0.0003438,4.226393222808838
BenchmarkTest01135.java,0,CWE-330,,,,0,0,1,0,0,0,1,0,,,,,,,,
BenchmarkTest01136.java,0,CWE-330,,,,0,0,1,0,0,0,1,0,,,,,,,,
BenchmarkTest01137.java,0,CWE-330,,,,0,0,1,0,0,0,1,0,,,,,,,,
BenchmarkTest01138.java,0,CWE-330,,,,0,0,1,0,0,0,1,0,,,,,,,,
BenchmarkTest01139.java,0,CWE-330,,,,0,0,1,0,0,0,1,0,,,,,,,,
BenchmarkTest01140.java,0,CWE-330,,,,0,0,1,0,0,0,1,0,,,,,,,,
BenchmarkTest01141.java,0,CWE-330,,,,0,0,1,0,0,0,1,0,,,,,,,,
BenchmarkTest01147.java,0,CWE-327,,,,0,0,1,0,0,0,1,0,,,,,,,,
BenchmarkTest01148.java,0,CWE-327,CWE-327,1,0,1,0,0,0,1,0,0,0,1649,8.245e-05,448,0.00017920000000000002,13,5.2e-06,0.00026685,2.657137632369995
BenchmarkTest01149.java,0,CWE-327,CWE-327,1,0,1,0,0,0,1,0,0,0,1706,8.530000000000001e-05,448,0.00017920000000000002,13,5.2e-06,0.00026970000000000005,2.772804021835327
BenchmarkTest01150.java,0,CWE-327,CWE-327,1,0,1,0,0,0,1,0,0,0,1324,6.62e-05,320,0.000128,13,5.2e-06,0.0001994,2.766148805618286
BenchmarkTest01151.java,0,CWE-327,,,,0,0,1,0,0,0,1,0,,,,,,,,
BenchmarkTest01152.java,0,CWE-327,,,,0,0,1,0,0,0,1,0,,,,,,,,
BenchmarkTest01153.java,0,CWE-327,,,,0,0,1,0,0,0,1,0,,,,,,,,
BenchmarkTest01154.java,0,CWE-90,CWE-90,1,1,0,1,0,0,0,0,1,0,1263,6.315e-05,832,0.0003328,12,4.800000000000001e-06,0.00040075,4.509291410446167
BenchmarkTest01155.java,0,CWE-22,CWE-23,0,0,1,0,0,0,1,0,0,0,1252,6.26e-05,1216,0.00048640000000000006,13,5.2e-06,0.0005542,5.651436805725098
BenchmarkTest01156.java,0,CWE-22,CWE-23,0,0,1,0,0,0,1,0,0,0,1412,7.060000000000001e-05,896,0.00035840000000000004,13,5.2e-06,0.00043420000000000004,4.836039781570435
BenchmarkTest01157.java,0,CWE-22,CWE-23,0,0,1,0,0,0,1,0,0,0,1416,7.08e-05,768,0.00030720000000000004,13,5.2e-06,0.00038320000000000004,4.850886821746826
BenchmarkTest01158.java,0,CWE-22,CWE-23,0,1,0,1,0,0,0,0,1,0,1351,6.755e-05,1152,0.00046080000000000003,12,4.800000000000001e-06,0.00053315,5.682846784591675
BenchmarkTest01159.java,0,CWE-22,CWE-23,0,1,0,1,0,0,0,0,1,0,1518,7.59e-05,1344,0.0005376000000000001,12,4.800000000000001e-06,0.0006183000000000001,6.502976894378662
BenchmarkTest01160.java,0,CWE-22,CWE-23,0,1,0,1,0,0,0,0,1,0,1268,6.340000000000001e-05,640,0.000256,13,5.2e-06,0.00032460000000000003,3.9676311016082764
BenchmarkTest01161.java,0,CWE-22,CWE-23,0,0,1,0,0,0,1,0,0,0,1292,6.460000000000001e-05,832,0.0003328,14,5.600000000000001e-06,0.00040300000000000004,5.675602197647095
BenchmarkTest01162.java,0,CWE-330,CWE-330,1,0,1,0,0,0,1,0,0,0,1347,6.735000000000001e-05,448,0.00017920000000000002,13,5.2e-06,0.00025175,3.3433680534362793
BenchmarkTest01163.java,0,CWE-330,CWE-330,1,0,1,0,0,0,1,0,0,0,1287,6.435e-05,256,0.00010240000000000001,13,5.2e-06,0.00017195,3.1981921195983887
BenchmarkTest01164.java,0,CWE-328,,,,0,0,1,0,0,0,1,0,,,,,,,,
BenchmarkTest01165.java,0,CWE-328,CWE-916,0,0,1,0,0,0,1,0,0,0,1481,7.405e-05,576,0.00023040000000000002,13,5.2e-06,0.00030965,4.094098329544067
BenchmarkTest01166.java,0,CWE-328,CWE-916,0,0,1,0,0,0,1,0,0,0,1309,6.545e-05,640,0.000256,14,5.600000000000001e-06,0.00032704999999999995,4.36484694480896
BenchmarkTest01167.java,0,CWE-328,CWE-916,0,0,1,0,0,0,1,0,0,0,1263,6.315e-05,768,0.00030720000000000004,13,5.2e-06,0.00037555000000000005,3.800370454788208
BenchmarkTest01168.java,0,CWE-328,,,,0,0,0,1,0,0,0,1,,,,,,,,
BenchmarkTest01169.java,0,CWE-328,,,,0,0,1,0,0,0,1,0,,,,,,,,
BenchmarkTest01170.java,0,CWE-328,,,,0,0,1,0,0,0,1,0,,,,,,,,
BenchmarkTest01171.java,0,CWE-79,CWE-79,1,0,1,0,0,0,1,0,0,0,1357,6.785000000000001e-05,1792,0.0007168000000000001,13,5.2e-06,0.0007898500000000001,8.220721244812012
BenchmarkTest01172.java,0,CWE-79,CWE-79,1,0,1,0,0,0,1,0,0,0,1384,6.92e-05,640,0.000256,14,5.600000000000001e-06,0.0003308,3.485872268676758
BenchmarkTest01173.java,0,CWE-79,CWE-79,1,0,1,0,0,0,1,0,0,0,1340,6.7e-05,576,0.00023040000000000002,13,5.2e-06,0.00030260000000000004,3.263564348220825
BenchmarkTest01174.java,0,CWE-79,CWE-79,1,0,1,0,0,0,1,0,0,0,1309,6.545e-05,640,0.000256,13,5.2e-06,0.00032665,4.446204900741577
BenchmarkTest01175.java,0,CWE-79,CWE-79,1,1,0,1,0,0,0,0,1,0,1319,6.595e-05,704,0.0002816,12,4.800000000000001e-06,0.00035235,3.7097108364105225
BenchmarkTest01176.java,0,CWE-79,CWE-79,1,0,0,1,0,0,0,1,0,0,1389,6.945000000000001e-05,512,0.00020480000000000002,13,5.2e-06,0.00027945000000000004,3.6320786476135254
BenchmarkTest01177.java,0,CWE-79,CWE-79,1,0,1,0,0,0,1,0,0,0,1396,6.98e-05,768,0.00030720000000000004,13,5.2e-06,0.0003822000000000001,3.618436813354492
BenchmarkTest01178.java,0,CWE-79,CWE-79,1,0,1,0,0,0,1,0,0,0,1303,6.515000000000001e-05,704,0.0002816,13,5.2e-06,0.00035195000000000007,3.7232420444488525
BenchmarkTest01179.java,0,CWE-79,CWE-79,1,0,1,0,0,0,1,0,0,0,1291,6.455e-05,704,0.0002816,13,5.2e-06,0.00035135000000000006,4.2506630420684814
BenchmarkTest01180.java,0,CWE-79,CWE-79,1,1,0,1,0,0,0,0,1,0,1362,6.81e-05,512,0.00020480000000000002,12,4.800000000000001e-06,0.00027770000000000003,2.8883485794067383
BenchmarkTest01181.java,0,CWE-79,CWE-79,1,0,1,0,0,0,1,0,0,0,1325,6.625e-05,1344,0.0005376000000000001,13,5.2e-06,0.0006090500000000001,6.753467321395874
BenchmarkTest01182.java,0,CWE-78,CWE-78,1,1,0,1,0,0,0,0,1,0,1049,5.245e-05,1088,0.00043520000000000006,12,4.800000000000001e-06,0.0004924500000000001,6.196917533874512
BenchmarkTest01183.java,0,CWE-330,CWE-330,1,0,1,0,0,0,1,0,0,0,1347,6.735000000000001e-05,448,0.00017920000000000002,13,5.2e-06,0.00025175,2.9901695251464844
BenchmarkTest01184.java,0,CWE-330,CWE-330,1,0,1,0,0,0,1,0,0,0,1259,6.295e-05,256,0.00010240000000000001,13,5.2e-06,0.00017055,1.8913536071777344
BenchmarkTest01185.java,0,CWE-614,CWE-614,1,0,1,0,0,0,1,0,0,0,1078,5.39e-05,448,0.00017920000000000002,13,5.2e-06,0.00023830000000000002,3.207303285598755
BenchmarkTest01186.java,0,CWE-614,CWE-614,1,0,1,0,0,0,1,0,0,0,1023,5.115e-05,320,0.000128,13,5.2e-06,0.00018434999999999998,2.5104334354400635
BenchmarkTest01187.java,0,CWE-614,CWE-614,1,0,1,0,0,0,1,0,0,0,1024,5.1200000000000004e-05,704,0.0002816,13,5.2e-06,0.00033800000000000003,3.733593225479126
BenchmarkTest01188.java,0,CWE-79,CWE-79,1,1,0,1,0,0,0,0,1,0,1295,6.475e-05,1024,0.00040960000000000004,12,4.800000000000001e-06,0.00047915,5.2813756465911865
BenchmarkTest01189.java,0,CWE-78,CWE-78,1,1,0,1,0,0,0,0,1,0,1084,5.42e-05,896,0.00035840000000000004,12,4.800000000000001e-06,0.00041740000000000006,6.209868431091309
BenchmarkTest01190.java,0,CWE-78,CWE-78,1,0,1,0,0,0,1,0,0,0,923,4.6150000000000004e-05,2048,0.0008192000000000001,13,5.2e-06,0.0008705500000000001,10.21159291267395
BenchmarkTest01191.java,0,CWE-78,CWE-78,1,0,1,0,0,0,1,0,0,0,920,4.6e-05,1728,0.0006912,13,5.2e-06,0.0007424,9.185566902160645
BenchmarkTest01192.java,0,CWE-78,CWE-78,1,0,1,0,0,0,1,0,0,0,925,4.625e-05,1728,0.0006912,13,5.2e-06,0.00074265,8.183131456375122
BenchmarkTest01193.java,0,CWE-78,CWE-78,1,1,0,1,0,0,0,0,1,0,1097,5.485e-05,1088,0.00043520000000000006,12,4.800000000000001e-06,0.00049485,6.623628377914429
BenchmarkTest01194.java,0,CWE-78,CWE-78,1,0,1,0,0,0,1,0,0,0,1052,5.2600000000000005e-05,1088,0.00043520000000000006,13,5.2e-06,0.0004930000000000001,5.625717401504517
BenchmarkTest01195.java,0,CWE-330,,,,0,0,1,0,0,0,1,0,,,,,,,,
BenchmarkTest01196.java,0,CWE-330,CWE-330,1,1,0,1,0,0,0,0,1,0,1339,6.695e-05,1344,0.0005376000000000001,12,4.800000000000001e-06,0.00060935,7.145095586776733
BenchmarkTest01197.java,0,CWE-330,,,,0,0,1,0,0,0,1,0,,,,,,,,
BenchmarkTest01198.java,0,CWE-330,,,,0,0,1,0,0,0,1,0,,,,,,,,
BenchmarkTest01199.java,0,CWE-330,,,,0,0,1,0,0,0,1,0,,,,,,,,
BenchmarkTest01200.java,0,CWE-330,,,,0,0,1,0,0,0,1,0,,,,,,,,
BenchmarkTest01201.java,0,CWE-330,,,,0,0,1,0,0,0,1,0,,,,,,,,
BenchmarkTest01202.java,0,CWE-330,,,,0,0,1,0,0,0,1,0,,,,,,,,
BenchmarkTest01208.java,0,CWE-89,CWE-89,1,0,1,0,0,0,1,0,0,0,954,4.77e-05,1280,0.000512,13,5.2e-06,0.0005649,5.801944971084595
BenchmarkTest01209.java,0,CWE-89,CWE-89,1,0,1,0,0,0,1,0,0,0,973,4.8650000000000003e-05,1024,0.00040960000000000004,15,6e-06,0.00046425000000000004,5.30175518989563
BenchmarkTest01210.java,0,CWE-89,CWE-89,1,0,1,0,0,0,1,0,0,0,1007,5.0350000000000004e-05,832,0.0003328,13,5.2e-06,0.00038835000000000003,4.453188180923462
BenchmarkTest01211.java,0,CWE-89,CWE-89,1,0,1,0,0,0,1,0,0,0,936,4.6800000000000006e-05,896,0.00035840000000000004,14,5.600000000000001e-06,0.0004108,4.438627004623413
BenchmarkTest01212.java,0,CWE-89,CWE-89,1,1,0,1,0,0,0,0,1,0,982,4.91e-05,1664,0.0006656,12,4.800000000000001e-06,0.0007195,7.4491541385650635
BenchmarkTest01213.java,0,CWE-89,CWE-89,1,1,0,1,0,0,0,0,1,0,947,4.735e-05,1728,0.0006912,12,4.800000000000001e-06,0.00074335,7.95095157623291
BenchmarkTest01214.java,0,CWE-89,CWE-89,1,0,1,0,0,0,1,0,0,0,984,4.92e-05,576,0.00023040000000000002,13,5.2e-06,0.00028480000000000004,3.7401554584503174
BenchmarkTest01215.java,0,CWE-89,,,,0,0,1,0,0,0,1,0,,,,,,,,
BenchmarkTest01216.java,0,CWE-89,CWE-89,1,1,0,1,0,0,0,0,1,0,958,4.7900000000000006e-05,896,0.00035840000000000004,14,5.600000000000001e-06,0.0004119000000000001,4.67592978477478
BenchmarkTest01217.java,0,CWE-89,CWE-89,1,1,0,1,0,0,0,0,1,0,1125,5.625e-05,1664,0.0006656,13,5.2e-06,0.00072705,7.426702260971069
BenchmarkTest01218.java,0,CWE-89,CWE-89,1,1,0,1,0,0,0,0,1,0,927,4.635e-05,384,0.00015360000000000002,12,4.800000000000001e-06,0.00020475000000000002,2.8674471378326416
BenchmarkTest01219.java,0,CWE-89,CWE-89,1,1,0,1,0,0,0,0,1,0,988,4.940000000000001e-05,576,0.00023040000000000002,12,4.800000000000001e-06,0.00028460000000000003,3.7446253299713135
BenchmarkTest01220.java,0,CWE-89,CWE-89,1,1,0,1,0,0,0,0,1,0,915,4.575e-05,704,0.0002816,12,4.800000000000001e-06,0.00033215,3.671600341796875
BenchmarkTest01221.java,0,CWE-89,CWE-89,1,0,1,0,0,0,1,0,0,0,938,4.690000000000001e-05,448,0.00017920000000000002,13,5.2e-06,0.0002313,3.6696863174438477
BenchmarkTest01222.java,0,CWE-89,CWE-89,1,0,1,0,0,0,1,0,0,0,978,4.89e-05,448,0.00017920000000000002,13,5.2e-06,0.0002333,3.8280692100524902
BenchmarkTest01223.java,0,CWE-643,CWE-643,1,0,1,0,0,0,1,0,0,0,1131,5.6550000000000006e-05,640,0.000256,13,5.2e-06,0.00031775,4.186647176742554
BenchmarkTest01224.java,0,CWE-643,CWE-643,1,0,1,0,0,0,1,0,0,0,1013,5.0650000000000005e-05,960,0.000384,13,5.2e-06,0.00043985000000000004,5.832612037658691
BenchmarkTest01225.java,0,CWE-643,CWE-643,1,1,0,1,0,0,0,0,1,0,981,4.9050000000000006e-05,384,0.00015360000000000002,12,4.800000000000001e-06,0.00020745000000000003,3.262676954269409
BenchmarkTest01226.java,0,CWE-327,,,,0,0,1,0,0,0,1,0,,,,,,,,
BenchmarkTest01227.java,0,CWE-327,,,,0,0,1,0,0,0,1,0,,,,,,,,
BenchmarkTest01228.java,0,CWE-327,CWE-327,1,0,1,0,0,0,1,0,0,0,1221,6.105e-05,384,0.00015360000000000002,13,5.2e-06,0.00021985000000000003,3.2161049842834473
BenchmarkTest01229.java,0,CWE-327,CWE-327,1,0,1,0,0,0,1,0,0,0,1253,6.265e-05,320,0.000128,13,5.2e-06,0.00019585,2.4098026752471924
BenchmarkTest01230.java,0,CWE-327,CWE-327,1,0,1,0,0,0,1,0,0,0,1227,6.135e-05,1024,0.00040960000000000004,13,5.2e-06,0.00047615000000000005,5.93744683265686
BenchmarkTest01231.java,0,CWE-22,CWE-23,0,0,1,0,0,0,1,0,0,0,1249,6.245e-05,704,0.0002816,13,5.2e-06,0.00034925000000000006,3.6064014434814453
BenchmarkTest01232.java,0,CWE-22,CWE-23,0,0,1,0,0,0,1,0,0,0,1190,5.95e-05,1024,0.00040960000000000004,13,5.2e-06,0.00047430000000000004,4.764263868331909
BenchmarkTest01233.java,0,CWE-22,CWE-23,0,1,0,1,0,0,0,0,1,0,1249,6.245e-05,512,0.00020480000000000002,12,4.800000000000001e-06,0.00027205,3.3280282020568848
BenchmarkTest01234.java,0,CWE-22,CWE-23,0,0,1,0,0,0,1,0,0,0,1184,5.92e-05,1024,0.00040960000000000004,13,5.2e-06,0.00047400000000000003,5.102951765060425
BenchmarkTest01235.java,0,CWE-22,CWE-23,0,0,1,0,0,0,1,0,0,0,1372,6.860000000000001e-05,832,0.0003328,13,5.2e-06,0.0004066,4.475452661514282
BenchmarkTest01236.java,0,CWE-22,CWE-23,0,0,1,0,0,0,1,0,0,0,1313,6.565000000000001e-05,832,0.0003328,13,5.2e-06,0.00040365,4.447232723236084
BenchmarkTest01237.java,0,CWE-22,CWE-23,0,1,0,1,0,0,0,0,1,0,1322,6.610000000000001e-05,640,0.000256,13,5.2e-06,0.0003273,3.458282947540283
BenchmarkTest01238.java,0,CWE-22,CWE-23,0,0,1,0,0,0,1,0,0,0,1259,6.295e-05,768,0.00030720000000000004,13,5.2e-06,0.00037535000000000004,4.029448747634888
BenchmarkTest01239.java,0,CWE-22,CWE-23,0,1,0,1,0,0,0,0,1,0,1222,6.110000000000001e-05,1344,0.0005376000000000001,12,4.800000000000001e-06,0.0006035000000000001,6.04038667678833
BenchmarkTest01240.java,0,CWE-22,CWE-23,0,1,0,1,0,0,0,0,1,0,1262,6.31e-05,960,0.000384,12,4.800000000000001e-06,0.00045190000000000003,4.903604507446289
BenchmarkTest01241.java,0,CWE-90,CWE-90,1,0,1,0,0,0,1,0,0,0,1213,6.0650000000000004e-05,1280,0.000512,14,5.600000000000001e-06,0.00057825,6.123833417892456
BenchmarkTest01242.java,0,CWE-90,CWE-90,1,0,1,0,0,0,1,0,0,0,1189,5.945e-05,896,0.00035840000000000004,13,5.2e-06,0.00042305000000000006,4.691834211349487
BenchmarkTest01243.java,0,CWE-90,CWE-90,1,0,1,0,0,0,1,0,0,0,1169,5.8450000000000005e-05,384,0.00015360000000000002,13,5.2e-06,0.00021725000000000002,2.6257355213165283
BenchmarkTest01244.java,0,CWE-328,CWE-916,0,0,1,0,0,0,1,0,0,0,1267,6.335e-05,832,0.0003328,13,5.2e-06,0.00040135,3.9620304107666016
BenchmarkTest01245.java,0,CWE-328,,,,0,0,1,0,0,0,1,0,,,,,,,,
BenchmarkTest01246.java,0,CWE-328,CWE-916,0,0,1,0,0,0,1,0,0,0,1302,6.510000000000001e-05,640,0.000256,13,5.2e-06,0.0003263,3.9061484336853027
BenchmarkTest01247.java,0,CWE-328,CWE-916,0,0,1,0,0,0,1,0,0,0,1181,5.9050000000000006e-05,1152,0.00046080000000000003,13,5.2e-06,0.0005250500000000001,5.693969488143921
BenchmarkTest01248.java,0,CWE-328,,,,0,0,0,1,0,0,0,1,,,,,,,,
BenchmarkTest01249.java,0,CWE-328,,,,0,0,1,0,0,0,1,0,,,,,,,,
BenchmarkTest01250.java,0,CWE-328,,,,0,0,1,0,0,0,1,0,,,,,,,,
BenchmarkTest01251.java,0,CWE-79,CWE-79,1,1,0,1,0,0,0,0,1,0,1320,6.6e-05,896,0.00035840000000000004,12,4.800000000000001e-06,0.0004292,4.6423728466033936
BenchmarkTest01252.java,0,CWE-79,CWE-79,1,0,0,1,0,0,0,1,0,0,1348,6.740000000000001e-05,1024,0.00040960000000000004,13,5.2e-06,0.00048220000000000007,6.501141309738159
BenchmarkTest01253.java,0,CWE-79,CWE-79,1,0,1,0,0,0,1,0,0,0,1338,6.69e-05,832,0.0003328,13,5.2e-06,0.00040490000000000003,5.343992233276367
BenchmarkTest01254.java,0,CWE-79,CWE-79,1,0,1,0,0,0,1,0,0,0,1463,7.315e-05,1280,0.000512,13,5.2e-06,0.00059035,7.0305256843566895
BenchmarkTest01255.java,0,CWE-79,CWE-79,1,1,0,1,0,0,0,0,1,0,1257,6.285e-05,576,0.00023040000000000002,12,4.800000000000001e-06,0.00029805,3.393895149230957
BenchmarkTest01256.java,0,CWE-79,CWE-79,1,1,0,1,0,0,0,0,1,0,1328,6.64e-05,576,0.00023040000000000002,12,4.800000000000001e-06,0.0003016,3.6266515254974365
BenchmarkTest01257.java,0,CWE-79,CWE-79,1,0,1,0,0,0,1,0,0,0,1266,6.330000000000001e-05,960,0.000384,13,5.2e-06,0.00045250000000000005,4.777373552322388
BenchmarkTest01258.java,0,CWE-79,CWE-79,1,0,1,0,0,0,1,0,0,0,1312,6.560000000000001e-05,896,0.00035840000000000004,13,5.2e-06,0.0004292000000000001,4.320026636123657
BenchmarkTest01259.java,0,CWE-79,CWE-79,1,0,1,0,0,0,1,0,0,0,1348,6.740000000000001e-05,512,0.00020480000000000002,14,5.600000000000001e-06,0.00027780000000000003,2.7387001514434814
BenchmarkTest01260.java,0,CWE-79,CWE-79,1,0,1,0,0,0,1,0,0,0,1280,6.4e-05,2880,0.001152,13,5.2e-06,0.0012212,11.713810920715332
BenchmarkTest01261.java,0,CWE-79,CWE-79,1,0,1,0,0,0,1,0,0,0,1463,7.315e-05,1664,0.0006656,13,5.2e-06,0.0007439500000000001,7.70287823677063
BenchmarkTest01262.java,0,CWE-79,CWE-79,1,0,1,0,0,0,1,0,0,0,1277,6.385000000000001e-05,1536,0.0006144000000000001,13,5.2e-06,0.00068345,6.9507856369018555
BenchmarkTest01263.java,0,CWE-79,CWE-79,1,0,1,0,0,0,1,0,0,0,1335,6.675e-05,448,0.00017920000000000002,13,5.2e-06,0.00025115,2.5508172512054443
BenchmarkTest01264.java,0,CWE-79,CWE-79,1,1,0,1,0,0,0,0,1,0,1252,6.26e-05,512,0.00020480000000000002,12,4.800000000000001e-06,0.0002722,2.522081136703491
BenchmarkTest01265.java,0,CWE-79,CWE-79,1,1,0,1,0,0,0,0,1,0,1306,6.53e-05,768,0.00030720000000000004,12,4.800000000000001e-06,0.00037730000000000006,3.8594768047332764
BenchmarkTest01266.java,0,CWE-79,CWE-79,1,0,1,0,0,0,1,0,0,0,1285,6.425e-05,704,0.0002816,13,5.2e-06,0.00035105000000000005,5.125714540481567
BenchmarkTest01267.java,0,CWE-79,CWE-79,1,0,1,0,0,0,1,0,0,0,1325,6.625e-05,384,0.00015360000000000002,13,5.2e-06,0.00022505,2.0758445262908936
BenchmarkTest01268.java,0,CWE-79,CWE-79,1,0,1,0,0,0,1,0,0,0,1488,7.44e-05,704,0.0002816,13,5.2e-06,0.00036120000000000005,3.5764575004577637
BenchmarkTest01269.java,0,CWE-78,CWE-78,1,1,0,1,0,0,0,0,1,0,979,4.8950000000000004e-05,1536,0.0006144000000000001,12,4.800000000000001e-06,0.0006681500000000001,7.50543999671936
BenchmarkTest01270.java,0,CWE-78,CWE-78,1,0,1,0,0,0,1,0,0,0,972,4.86e-05,832,0.0003328,13,5.2e-06,0.0003866,5.1852850914001465
BenchmarkTest01271.java,0,CWE-330,CWE-330,1,0,1,0,0,0,1,0,0,0,1449,7.245e-05,512,0.00020480000000000002,13,5.2e-06,0.00028245000000000006,3.065869092941284
BenchmarkTest01272.java,0,CWE-330,CWE-330,1,0,1,0,0,0,1,0,0,0,1208,6.0400000000000004e-05,960,0.000384,13,5.2e-06,0.00044960000000000003,4.474426746368408
BenchmarkTest01273.java,0,CWE-330,CWE-330,1,0,1,0,0,0,1,0,0,0,1231,6.155e-05,704,0.0002816,13,5.2e-06,0.00034835000000000004,4.312638998031616
BenchmarkTest01274.java,0,CWE-330,CWE-330,1,0,1,0,0,0,1,0,0,0,1196,5.9800000000000003e-05,384,0.00015360000000000002,13,5.2e-06,0.00021860000000000003,3.753256320953369
BenchmarkTest01275.java,0,CWE-330,CWE-330,1,0,1,0,0,0,1,0,0,0,1219,6.0950000000000004e-05,768,0.00030720000000000004,13,5.2e-06,0.00037335000000000005,5.562746286392212
BenchmarkTest01276.java,0,CWE-330,CWE-330,1,0,1,0,0,0,1,0,0,0,1411,7.055e-05,1088,0.00043520000000000006,13,5.2e-06,0.00051095,6.291211843490601
BenchmarkTest01277.java,0,CWE-330,CWE-330,1,0,1,0,0,0,1,0,0,0,1221,6.105e-05,640,0.000256,13,5.2e-06,0.00032225,5.6637444496154785
BenchmarkTest01278.java,0,CWE-330,CWE-330,1,0,1,0,0,0,1,0,0,0,1222,6.110000000000001e-05,640,0.000256,13,5.2e-06,0.00032230000000000003,4.498838901519775
BenchmarkTest01279.java,0,CWE-330,CWE-330,1,0,1,0,0,0,1,0,0,0,1229,6.145e-05,512,0.00020480000000000002,13,5.2e-06,0.00027145,2.899397611618042
BenchmarkTest01280.java,0,CWE-614,CWE-614,1,0,1,0,0,0,1,0,0,0,1021,5.105000000000001e-05,512,0.00020480000000000002,13,5.2e-06,0.00026105000000000003,2.937396287918091
BenchmarkTest01281.java,0,CWE-614,CWE-614,1,0,1,0,0,0,1,0,0,0,992,4.96e-05,384,0.00015360000000000002,13,5.2e-06,0.0002084,2.4247169494628906
BenchmarkTest01282.java,0,CWE-614,CWE-614,1,0,1,0,0,0,1,0,0,0,1013,5.0650000000000005e-05,512,0.00020480000000000002,13,5.2e-06,0.00026065,2.944671154022217
BenchmarkTest01283.java,0,CWE-614,CWE-614,1,0,1,0,0,0,1,0,0,0,1011,5.055e-05,704,0.0002816,13,5.2e-06,0.00033735000000000004,3.3295540809631348
BenchmarkTest01284.java,0,CWE-79,CWE-79,1,0,1,0,0,0,1,0,0,0,1312,6.560000000000001e-05,512,0.00020480000000000002,13,5.2e-06,0.00027560000000000003,2.888787269592285
BenchmarkTest01285.java,0,CWE-78,CWE-78,1,0,1,0,0,0,1,0,0,0,975,4.875e-05,1856,0.0007424,14,5.600000000000001e-06,0.00079675,8.461033821105957
BenchmarkTest01286.java,0,CWE-78,CWE-78,1,0,1,0,0,0,1,0,0,0,1080,5.4e-05,1216,0.00048640000000000006,13,5.2e-06,0.0005456,5.665002346038818
BenchmarkTest01287.java,0,CWE-78,CWE-78,1,0,1,0,0,0,1,0,0,0,897,4.485e-05,2176,0.0008704000000000001,13,5.2e-06,0.0009204500000000002,9.310752868652344
BenchmarkTest01288.java,0,CWE-78,CWE-78,1,0,1,0,0,0,1,0,0,0,948,4.740000000000001e-05,1728,0.0006912,13,5.2e-06,0.0007438,7.664763450622559
BenchmarkTest01289.java,0,CWE-78,CWE-78,1,1,0,1,0,0,0,0,1,0,990,4.95e-05,1152,0.00046080000000000003,12,4.800000000000001e-06,0.0005151,6.031883955001831
BenchmarkTest01290.java,0,CWE-78,CWE-78,1,1,0,1,0,0,0,0,1,0,878,4.39e-05,832,0.0003328,12,4.800000000000001e-06,0.0003815,5.1302244663238525
BenchmarkTest01291.java,0,CWE-330,,,,0,0,1,0,0,0,1,0,,,,,,,,
BenchmarkTest01292.java,0,CWE-330,,,,0,0,1,0,0,0,1,0,,,,,,,,
BenchmarkTest01293.java,0,CWE-330,,,,0,0,1,0,0,0,1,0,,,,,,,,
BenchmarkTest01294.java,0,CWE-330,,,,0,0,1,0,0,0,1,0,,,,,,,,
BenchmarkTest01295.java,0,CWE-330,,,,0,0,1,0,0,0,1,0,,,,,,,,
BenchmarkTest01296.java,0,CWE-330,,,,0,0,1,0,0,0,1,0,,,,,,,,
BenchmarkTest01297.java,0,CWE-330,,,,0,0,1,0,0,0,1,0,,,,,,,,
BenchmarkTest01298.java,0,CWE-330,,,,0,0,1,0,0,0,1,0,,,,,,,,
BenchmarkTest01301.java,0,CWE-89,CWE-89,1,1,0,1,0,0,0,0,1,0,1111,5.555e-05,1216,0.00048640000000000006,12,4.800000000000001e-06,0.00054675,6.054008483886719
BenchmarkTest01302.java,0,CWE-89,CWE-89,1,0,1,0,0,0,1,0,0,0,938,4.690000000000001e-05,1536,0.0006144000000000001,13,5.2e-06,0.0006665000000000001,6.909896612167358
BenchmarkTest01303.java,0,CWE-89,CWE-89,1,1,0,1,0,0,0,0,1,0,940,4.7e-05,1216,0.00048640000000000006,12,4.800000000000001e-06,0.0005382000000000001,6.8111653327941895
BenchmarkTest01304.java,0,CWE-89,CWE-89,1,0,1,0,0,0,1,0,0,0,962,4.8100000000000004e-05,832,0.0003328,15,6e-06,0.00038689999999999997,4.297944784164429
BenchmarkTest01305.java,0,CWE-89,CWE-89,1,1,0,1,0,0,0,0,1,0,910,4.55e-05,768,0.00030720000000000004,12,4.800000000000001e-06,0.00035750000000000007,5.296620607376099
BenchmarkTest01306.java,0,CWE-89,CWE-89,1,0,1,0,0,0,1,0,0,0,920,4.6e-05,1152,0.00046080000000000003,13,5.2e-06,0.0005120000000000001,7.4841790199279785
BenchmarkTest01307.java,0,CWE-89,CWE-89,1,1,0,1,0,0,0,0,1,0,910,4.55e-05,704,0.0002816,12,4.800000000000001e-06,0.00033190000000000004,4.840827465057373
BenchmarkTest01308.java,0,CWE-89,,,,0,0,0,1,0,0,0,1,,,,,,,,
BenchmarkTest01309.java,0,CWE-89,,,,0,0,1,0,0,0,1,0,,,,,,,,
BenchmarkTest01310.java,0,CWE-89,CWE-89,1,1,0,1,0,0,0,0,1,0,910,4.55e-05,1280,0.000512,12,4.800000000000001e-06,0.0005623,6.266757965087891
BenchmarkTest01311.java,0,CWE-89,CWE-89,1,0,1,0,0,0,1,0,0,0,876,4.380000000000001e-05,384,0.00015360000000000002,13,5.2e-06,0.00020260000000000002,2.5419065952301025
BenchmarkTest01312.java,0,CWE-89,CWE-89,1,0,1,0,0,0,1,0,0,0,966,4.83e-05,512,0.00020480000000000002,13,5.2e-06,0.00025830000000000004,2.881340503692627
BenchmarkTest01313.java,0,CWE-89,CWE-89,1,0,1,0,0,0,1,0,0,0,910,4.55e-05,512,0.00020480000000000002,13,5.2e-06,0.00025550000000000003,2.838564872741699
BenchmarkTest01314.java,0,CWE-89,CWE-89,1,0,1,0,0,0,1,0,0,0,880,4.4e-05,512,0.00020480000000000002,13,5.2e-06,0.00025400000000000005,2.668887138366699
BenchmarkTest01315.java,0,CWE-89,CWE-89,1,1,0,1,0,0,0,0,1,0,887,4.435e-05,704,0.0002816,12,4.800000000000001e-06,0.00033075000000000004,3.827411413192749
BenchmarkTest01316.java,0,CWE-643,CWE-643,1,0,1,0,0,0,1,0,0,0,946,4.7300000000000005e-05,576,0.00023040000000000002,13,5.2e-06,0.00028290000000000005,3.037985324859619
BenchmarkTest01317.java,0,CWE-327,CWE-327,1,0,1,0,0,0,1,0,0,0,1613,8.065000000000001e-05,256,0.00010240000000000001,13,5.2e-06,0.00018825000000000002,1.7173962593078613
BenchmarkTest01318.java,0,CWE-327,CWE-327,1,0,1,0,0,0,1,0,0,0,1784,8.92e-05,320,0.000128,13,5.2e-06,0.00022239999999999998,2.090599536895752
BenchmarkTest01319.java,0,CWE-327,,,,0,0,1,0,0,0,1,0,,,,,,,,
BenchmarkTest01320.java,0,CWE-327,CWE-327,1,0,1,0,0,0,1,0,0,0,1655,8.275e-05,320,0.000128,13,5.2e-06,0.00021595,2.6108574867248535
BenchmarkTest01321.java,0,CWE-327,,,,0,0,1,0,0,0,1,0,,,,,,,,
BenchmarkTest01322.java,0,CWE-327,CWE-327,1,0,1,0,0,0,1,0,0,0,1254,6.27e-05,448,0.00017920000000000002,13,5.2e-06,0.00024710000000000004,2.4689571857452393
BenchmarkTest01323.java,0,CWE-327,CWE-327,1,0,1,0,0,0,1,0,0,0,1344,6.720000000000001e-05,448,0.00017920000000000002,14,5.600000000000001e-06,0.00025200000000000005,2.7774665355682373
BenchmarkTest01324.java,0,CWE-327,,,,0,0,1,0,0,0,1,0,,,,,,,,
BenchmarkTest01325.java,0,CWE-327,CWE-327,1,0,1,0,0,0,1,0,0,0,1364,6.82e-05,1408,0.0005632,13,5.2e-06,0.0006366000000000001,7.454930782318115
BenchmarkTest01326.java,0,CWE-90,CWE-90,1,0,1,0,0,0,1,0,0,0,1219,6.0950000000000004e-05,896,0.00035840000000000004,13,5.2e-06,0.00042455000000000005,4.706583499908447
BenchmarkTest01327.java,0,CWE-90,CWE-90,1,1,0,1,0,0,0,0,1,0,1274,6.37e-05,960,0.000384,12,4.800000000000001e-06,0.0004525,4.782863616943359
BenchmarkTest01328.java,0,CWE-22,CWE-23,0,1,0,1,0,0,0,0,1,0,1554,7.77e-05,2304,0.0009216000000000001,12,4.800000000000001e-06,0.0010041,9.6489999294281
BenchmarkTest01329.java,0,CWE-22,CWE-23,0,0,1,0,0,0,1,0,0,0,1395,6.975e-05,704,0.0002816,13,5.2e-06,0.00035655,5.6558473110198975
BenchmarkTest01330.java,0,CWE-22,CWE-23,0,0,1,0,0,0,1,0,0,0,1260,6.3e-05,640,0.000256,13,5.2e-06,0.0003242,3.944303274154663
BenchmarkTest01331.java,0,CWE-22,CWE-23,0,1,0,1,0,0,0,0,1,0,1290,6.45e-05,704,0.0002816,12,4.800000000000001e-06,0.0003509,3.878006935119629
BenchmarkTest01332.java,0,CWE-328,,,,0,0,1,0,0,0,1,0,,,,,,,,
BenchmarkTest01333.java,0,CWE-328,CWE-916,0,0,1,0,0,0,1,0,0,0,1191,5.9550000000000004e-05,704,0.0002816,13,5.2e-06,0.00034635000000000004,4.405290603637695
BenchmarkTest01334.java,0,CWE-328,CWE-916,0,0,1,0,0,0,1,0,0,0,1241,6.205e-05,832,0.0003328,13,5.2e-06,0.00040005000000000005,4.238269567489624
BenchmarkTest01335.java,0,CWE-79,CWE-79,1,0,1,0,0,0,1,0,0,0,1427,7.135000000000001e-05,704,0.0002816,13,5.2e-06,0.00035815000000000006,3.6510884761810303
BenchmarkTest01336.java,0,CWE-79,CWE-79,1,1,0,1,0,0,0,0,1,0,1322,6.610000000000001e-05,768,0.00030720000000000004,12,4.800000000000001e-06,0.00037810000000000003,5.212143182754517
BenchmarkTest01337.java,0,CWE-79,CWE-79,1,0,1,0,0,0,1,0,0,0,1309,6.545e-05,2048,0.0008192000000000001,14,5.600000000000001e-06,0.0008902500000000001,8.933019638061523
BenchmarkTest01338.java,0,CWE-79,CWE-79,1,1,0,1,0,0,0,0,1,0,1348,6.740000000000001e-05,960,0.000384,12,4.800000000000001e-06,0.00045620000000000003,5.714182138442993
BenchmarkTest01339.java,0,CWE-79,CWE-79,1,1,0,1,0,0,0,0,1,0,1284,6.42e-05,704,0.0002816,12,4.800000000000001e-06,0.0003506,4.768056154251099
BenchmarkTest01340.java,0,CWE-79,CWE-79,1,1,0,1,0,0,0,0,1,0,1373,6.865e-05,512,0.00020480000000000002,12,4.800000000000001e-06,0.00027825,2.716377019882202
BenchmarkTest01341.java,0,CWE-79,CWE-79,1,1,0,1,0,0,0,0,1,0,1549,7.745e-05,1280,0.000512,13,5.2e-06,0.00059465,5.825936794281006
BenchmarkTest01342.java,0,CWE-79,CWE-79,1,1,0,1,0,0,0,0,1,0,1308,6.54e-05,512,0.00020480000000000002,12,4.800000000000001e-06,0.000275,2.847060203552246
BenchmarkTest01343.java,0,CWE-79,CWE-79,1,1,0,1,0,0,0,0,1,0,1358,6.790000000000001e-05,1088,0.00043520000000000006,12,4.800000000000001e-06,0.0005079,6.507181882858276
BenchmarkTest01344.java,0,CWE-79,CWE-79,1,1,0,1,0,0,0,0,1,0,1381,6.905e-05,768,0.00030720000000000004,12,4.800000000000001e-06,0.0003810500000000001,3.6696441173553467
BenchmarkTest01345.java,0,CWE-79,CWE-79,1,1,0,1,0,0,0,0,1,0,1308,6.54e-05,448,0.00017920000000000002,12,4.800000000000001e-06,0.00024940000000000004,2.3009119033813477
BenchmarkTest01346.java,0,CWE-79,CWE-79,1,0,1,0,0,0,1,0,0,0,1368,6.840000000000001e-05,512,0.00020480000000000002,13,5.2e-06,0.00027840000000000005,2.9313952922821045
BenchmarkTest01347.java,0,CWE-79,CWE-79,1,0,1,0,0,0,1,0,0,0,1493,7.465000000000001e-05,1280,0.000512,13,5.2e-06,0.00059185,5.950217008590698
BenchmarkTest01348.java,0,CWE-79,CWE-79,1,1,0,1,0,0,0,0,1,0,1281,6.405e-05,576,0.00023040000000000002,13,5.2e-06,0.00029965000000000005,3.0255377292633057
BenchmarkTest01349.java,0,CWE-79,CWE-79,1,0,1,0,0,0,1,0,0,0,1299,6.495e-05,512,0.00020480000000000002,13,5.2e-06,0.00027495000000000004,3.313080072402954
BenchmarkTest01350.java,0,CWE-79,CWE-79,1,0,1,0,0,0,1,0,0,0,1330,6.65e-05,960,0.000384,13,5.2e-06,0.0004557,4.593721628189087
BenchmarkTest01351.java,0,CWE-79,CWE-79,1,1,0,1,0,0,0,0,1,0,1315,6.575e-05,640,0.000256,12,4.800000000000001e-06,0.00032655,3.6086862087249756
BenchmarkTest01352.java,0,CWE-79,CWE-79,1,1,0,1,0,0,0,0,1,0,1284,6.42e-05,640,0.000256,12,4.800000000000001e-06,0.000325,3.444319725036621
BenchmarkTest01353.java,0,CWE-78,CWE-78,1,1,0,1,0,0,0,0,1,0,1059,5.295e-05,640,0.000256,12,4.800000000000001e-06,0.00031375,3.797848701477051
BenchmarkTest01354.java,0,CWE-330,CWE-330,1,0,1,0,0,0,1,0,0,0,1266,6.330000000000001e-05,448,0.00017920000000000002,13,5.2e-06,0.00024770000000000006,3.777848482131958
BenchmarkTest01355.java,0,CWE-330,CWE-330,1,0,1,0,0,0,1,0,0,0,1264,6.32e-05,448,0.00017920000000000002,13,5.2e-06,0.00024760000000000006,2.6332244873046875
BenchmarkTest01356.java,0,CWE-330,CWE-330,1,0,1,0,0,0,1,0,0,0,1284,6.42e-05,768,0.00030720000000000004,14,5.600000000000001e-06,0.00037700000000000006,4.347619533538818
BenchmarkTest01357.java,0,CWE-330,CWE-330,1,0,1,0,0,0,1,0,0,0,1274,6.37e-05,832,0.0003328,13,5.2e-06,0.00040170000000000006,5.562883615493774
BenchmarkTest01358.java,0,CWE-330,CWE-330,1,0,1,0,0,0,1,0,0,0,1294,6.47e-05,1664,0.0006656,13,5.2e-06,0.0007355,9.092782735824585
BenchmarkTest01359.java,0,CWE-614,,,,0,0,1,0,0,0,1,0,,,,,,,,
BenchmarkTest01360.java,0,CWE-78,CWE-78,1,0,1,0,0,0,1,0,0,0,1039,5.195e-05,1600,0.00064,13,5.2e-06,0.0006971500000000001,189.9292709827423
BenchmarkTest01361.java,0,CWE-78,CWE-78,1,0,1,0,0,0,1,0,0,0,885,4.425e-05,2560,0.001024,13,5.2e-06,0.0010734499999999999,11.98753809928894
BenchmarkTest01362.java,0,CWE-78,CWE-78,1,0,1,0,0,0,1,0,0,0,1154,5.77e-05,1408,0.0005632,13,5.2e-06,0.0006261000000000001,7.711900472640991
BenchmarkTest01363.java,0,CWE-78,CWE-78,1,0,1,0,0,0,1,0,0,0,922,4.61e-05,1408,0.0005632,13,5.2e-06,0.0006145,7.842422246932983
BenchmarkTest01364.java,0,CWE-78,CWE-78,1,1,0,1,0,0,0,0,1,0,917,4.585e-05,1088,0.00043520000000000006,12,4.800000000000001e-06,0.0004858500000000001,6.4287073612213135
BenchmarkTest01365.java,0,CWE-78,CWE-78,1,1,0,1,0,0,0,0,1,0,1008,5.0400000000000005e-05,1024,0.00040960000000000004,12,4.800000000000001e-06,0.0004648,5.80328369140625
BenchmarkTest01366.java,0,CWE-330,,,,0,0,1,0,0,0,1,0,,,,,,,,
BenchmarkTest01367.java,0,CWE-330,,,,0,0,1,0,0,0,1,0,,,,,,,,
BenchmarkTest01368.java,0,CWE-330,,,,0,0,1,0,0,0,1,0,,,,,,,,
BenchmarkTest01369.java,0,CWE-330,,,,0,0,1,0,0,0,1,0,,,,,,,,
BenchmarkTest01370.java,0,CWE-330,,,,0,0,1,0,0,0,1,0,,,,,,,,
BenchmarkTest01371.java,0,CWE-330,,,,0,0,1,0,0,0,1,0,,,,,,,,
BenchmarkTest01372.java,0,CWE-330,,,,0,0,1,0,0,0,1,0,,,,,,,,
BenchmarkTest01373.java,0,CWE-330,,,,0,0,1,0,0,0,1,0,,,,,,,,
BenchmarkTest01378.java,0,CWE-89,CWE-89,1,1,0,1,0,0,0,0,1,0,1146,5.7300000000000004e-05,1280,0.000512,12,4.800000000000001e-06,0.0005741,5.552473306655884
BenchmarkTest01379.java,0,CWE-89,CWE-89,1,0,1,0,0,0,1,0,0,0,987,4.935e-05,1792,0.0007168000000000001,13,5.2e-06,0.0007713500000000001,7.649176120758057
BenchmarkTest01380.java,0,CWE-89,CWE-89,1,1,0,1,0,0,0,0,1,0,955,4.775e-05,704,0.0002816,12,4.800000000000001e-06,0.00033415,3.751235246658325
BenchmarkTest01381.java,0,CWE-89,CWE-89,1,0,1,0,0,0,1,0,0,0,935,4.675e-05,1280,0.000512,14,5.600000000000001e-06,0.00056435,6.6147141456604
BenchmarkTest01382.java,0,CWE-89,CWE-89,1,0,1,0,0,0,1,0,0,0,939,4.695e-05,640,0.000256,13,5.2e-06,0.00030815,4.349258184432983
BenchmarkTest01383.java,0,CWE-89,CWE-89,1,0,1,0,0,0,1,0,0,0,944,4.72e-05,640,0.000256,13,5.2e-06,0.0003084,3.2829060554504395
BenchmarkTest01384.java,0,CWE-89,CWE-89,1,0,1,0,0,0,1,0,0,0,938,4.690000000000001e-05,1024,0.00040960000000000004,13,5.2e-06,0.00046170000000000006,5.541826963424683
BenchmarkTest01385.java,0,CWE-89,CWE-89,1,1,0,1,0,0,0,0,1,0,998,4.990000000000001e-05,1536,0.0006144000000000001,12,4.800000000000001e-06,0.0006691000000000001,7.419443607330322
BenchmarkTest01386.java,0,CWE-89,,,,0,0,1,0,0,0,1,0,,,,,,,,
BenchmarkTest01387.java,0,CWE-89,,,,0,0,1,0,0,0,1,0,,,,,,,,
BenchmarkTest01388.java,0,CWE-89,,,,0,0,0,1,0,0,0,1,,,,,,,,
BenchmarkTest01389.java,0,CWE-89,,,,0,0,1,0,0,0,1,0,,,,,,,,
BenchmarkTest01390.java,0,CWE-89,,,,0,0,0,1,0,0,0,1,,,,,,,,
BenchmarkTest01391.java,0,CWE-89,CWE-89,1,0,1,0,0,0,1,0,0,0,969,4.8450000000000005e-05,640,0.000256,13,5.2e-06,0.00030965,3.4934725761413574
BenchmarkTest01392.java,0,CWE-89,CWE-89,1,1,0,1,0,0,0,0,1,0,918,4.5900000000000004e-05,768,0.00030720000000000004,12,4.800000000000001e-06,0.0003579000000000001,4.426485061645508
BenchmarkTest01393.java,0,CWE-89,CWE-89,1,1,0,1,0,0,0,0,1,0,1123,5.615e-05,2048,0.0008192000000000001,12,4.800000000000001e-06,0.0008801500000000001,9.354872226715088
BenchmarkTest01394.java,0,CWE-89,CWE-89,1,0,1,0,0,0,1,0,0,0,988,4.940000000000001e-05,704,0.0002816,13,5.2e-06,0.00033620000000000004,4.841212749481201
BenchmarkTest01395.java,0,CWE-89,CWE-89,1,0,1,0,0,0,1,0,0,0,918,4.5900000000000004e-05,384,0.00015360000000000002,13,5.2e-06,0.00020470000000000002,4.009479999542236
BenchmarkTest01396.java,0,CWE-89,CWE-89,1,0,1,0,0,0,1,0,0,0,915,4.575e-05,896,0.00035840000000000004,13,5.2e-06,0.00040935000000000006,5.538302421569824
BenchmarkTest01397.java,0,CWE-643,CWE-643,1,1,0,1,0,0,0,0,1,0,981,4.9050000000000006e-05,1856,0.0007424,12,4.800000000000001e-06,0.0007962500000000001,9.85796856880188
BenchmarkTest01398.java,0,CWE-327,CWE-327,1,0,1,0,0,0,1,0,0,0,1911,9.555e-05,320,0.000128,13,5.2e-06,0.00022874999999999998,1.9546048641204834
BenchmarkTest01399.java,0,CWE-327,,,,0,0,1,0,0,0,1,0,,,,,,,,
BenchmarkTest01400.java,0,CWE-327,,,,0,0,1,0,0,0,1,0,,,,,,,,
BenchmarkTest01401.java,0,CWE-327,,,,0,0,1,0,0,0,1,0,,,,,,,,
BenchmarkTest01402.java,0,CWE-90,CWE-90,1,1,0,1,0,0,0,0,1,0,1267,6.335e-05,832,0.0003328,12,4.800000000000001e-06,0.00040095,3.9759159088134766
BenchmarkTest01403.java,0,CWE-22,CWE-23,0,0,1,0,0,0,1,0,0,0,1290,6.45e-05,1280,0.000512,13,5.2e-06,0.0005817,5.885241508483887
BenchmarkTest01404.java,0,CWE-22,CWE-23,0,1,0,1,0,0,0,0,1,0,1485,7.425e-05,1280,0.000512,12,4.800000000000001e-06,0.00059105,6.643740177154541
BenchmarkTest01405.java,0,CWE-22,CWE-23,0,0,1,0,0,0,1,0,0,0,1410,7.05e-05,1024,0.00040960000000000004,13,5.2e-06,0.00048530000000000003,4.916956186294556
BenchmarkTest01406.java,0,CWE-22,CWE-23,0,1,0,1,0,0,0,0,1,0,1429,7.145e-05,448,0.00017920000000000002,12,4.800000000000001e-06,0.00025545000000000006,2.4442436695098877
BenchmarkTest01407.java,0,CWE-22,CWE-23,0,1,0,1,0,0,0,0,1,0,1290,6.45e-05,768,0.00030720000000000004,12,4.800000000000001e-06,0.00037650000000000004,3.808242082595825
BenchmarkTest01408.java,0,CWE-22,CWE-23,0,0,1,0,0,0,1,0,0,0,1318,6.59e-05,1472,0.0005888000000000001,13,5.2e-06,0.0006599000000000002,6.949894666671753
BenchmarkTest01409.java,0,CWE-22,CWE-23,0,1,0,1,0,0,0,0,1,0,1511,7.555e-05,704,0.0002816,14,5.600000000000001e-06,0.00036275,4.1894989013671875
BenchmarkTest01410.java,0,CWE-328,,,,0,0,1,0,0,0,1,0,,,,,,,,
BenchmarkTest01411.java,0,CWE-328,CWE-916,0,0,1,0,0,0,1,0,0,0,1345,6.725e-05,576,0.00023040000000000002,13,5.2e-06,0.00030285,4.096873760223389
BenchmarkTest01412.java,0,CWE-328,,,,0,0,1,0,0,0,1,0,,,,,,,,
BenchmarkTest01413.java,0,CWE-328,,,,0,0,1,0,0,0,1,0,,,,,,,,
BenchmarkTest01414.java,0,CWE-328,,,,0,0,0,1,0,0,0,1,,,,,,,,
BenchmarkTest01415.java,0,CWE-328,,,,0,0,0,1,0,0,0,1,,,,,,,,
BenchmarkTest01416.java,0,CWE-328,,,,0,0,0,1,0,0,0,1,,,,,,,,
BenchmarkTest01417.java,0,CWE-79,CWE-79,1,0,1,0,0,0,1,0,0,0,1411,7.055e-05,1536,0.0006144000000000001,15,6e-06,0.0006909500000000001,6.6983277797698975
BenchmarkTest01418.java,0,CWE-79,CWE-79,1,0,1,0,0,0,1,0,0,0,1408,7.04e-05,1920,0.000768,13,5.2e-06,0.0008436,8.488717794418335
BenchmarkTest01419.java,0,CWE-79,CWE-79,1,1,0,1,0,0,0,0,1,0,1402,7.010000000000001e-05,896,0.00035840000000000004,12,4.800000000000001e-06,0.00043330000000000007,5.465741872787476
BenchmarkTest01420.java,0,CWE-79,CWE-79,1,1,0,1,0,0,0,0,1,0,1356,6.78e-05,1536,0.0006144000000000001,12,4.800000000000001e-06,0.0006870000000000001,7.61241602897644
BenchmarkTest01421.java,0,CWE-79,CWE-79,1,1,0,1,0,0,0,0,1,0,1402,7.010000000000001e-05,640,0.000256,12,4.800000000000001e-06,0.0003309,4.552906036376953
BenchmarkTest01422.java,0,CWE-79,CWE-79,1,1,0,1,0,0,0,0,1,0,1463,7.315e-05,704,0.0002816,13,5.2e-06,0.00035995000000000005,5.537852048873901
BenchmarkTest01423.java,0,CWE-79,CWE-79,1,0,1,0,0,0,1,0,0,0,1363,6.815e-05,1344,0.0005376000000000001,13,5.2e-06,0.0006109500000000001,6.738611936569214
BenchmarkTest01424.java,0,CWE-79,CWE-79,1,0,1,0,0,0,1,0,0,0,1391,6.955e-05,1088,0.00043520000000000006,13,5.2e-06,0.0005099500000000001,6.465864419937134
BenchmarkTest01425.java,0,CWE-79,CWE-79,1,1,0,1,0,0,0,0,1,0,1425,7.125e-05,512,0.00020480000000000002,12,4.800000000000001e-06,0.00028085,2.8196678161621094
BenchmarkTest01426.java,0,CWE-79,CWE-79,1,0,1,0,0,0,1,0,0,0,1432,7.16e-05,1344,0.0005376000000000001,13,5.2e-06,0.0006144000000000001,6.75719952583313
BenchmarkTest01427.java,0,CWE-79,CWE-79,1,0,1,0,0,0,1,0,0,0,1340,6.7e-05,1216,0.00048640000000000006,13,5.2e-06,0.0005586000000000001,5.730371952056885
BenchmarkTest01428.java,0,CWE-79,CWE-79,1,0,1,0,0,0,1,0,0,0,1346,6.73e-05,1408,0.0005632,13,5.2e-06,0.0006357,7.261860370635986
BenchmarkTest01429.java,0,CWE-79,CWE-79,1,0,1,0,0,0,1,0,0,0,1435,7.175e-05,768,0.00030720000000000004,14,5.600000000000001e-06,0.00038455,3.892298936843872
BenchmarkTest01430.java,0,CWE-78,CWE-78,1,0,1,0,0,0,1,0,0,0,1093,5.465000000000001e-05,2432,0.0009728000000000001,13,5.2e-06,0.00103265,9.672194004058838
BenchmarkTest01431.java,0,CWE-330,CWE-330,1,0,1,0,0,0,1,0,0,0,1310,6.55e-05,576,0.00023040000000000002,13,5.2e-06,0.00030110000000000005,3.0684709548950195
BenchmarkTest01432.java,0,CWE-330,CWE-330,1,0,1,0,0,0,1,0,0,0,1369,6.845e-05,448,0.00017920000000000002,13,5.2e-06,0.00025285000000000005,3.3357300758361816
BenchmarkTest01433.java,0,CWE-330,CWE-330,1,0,1,0,0,0,1,0,0,0,1328,6.64e-05,384,0.00015360000000000002,13,5.2e-06,0.00022520000000000003,2.3606369495391846
BenchmarkTest01434.java,0,CWE-330,CWE-330,1,0,1,0,0,0,1,0,0,0,1324,6.62e-05,704,0.0002816,13,5.2e-06,0.000353,4.12026834487915
BenchmarkTest01435.java,0,CWE-330,CWE-330,1,0,1,0,0,0,1,0,0,0,1305,6.525e-05,576,0.00023040000000000002,13,5.2e-06,0.00030085,2.9495532512664795
BenchmarkTest01436.java,0,CWE-614,,,,0,0,1,0,0,0,1,0,,,,,,,,
BenchmarkTest01437.java,0,CWE-79,CWE-79,1,0,1,0,0,0,1,0,0,0,1414,7.07e-05,832,0.0003328,13,5.2e-06,0.0004087,3.768923759460449
BenchmarkTest01438.java,0,CWE-79,CWE-79,1,0,1,0,0,0,1,0,0,0,1566,7.83e-05,1792,0.0007168000000000001,13,5.2e-06,0.0008003000000000001,7.8134660720825195
BenchmarkTest01439.java,0,CWE-79,CWE-79,1,1,0,1,0,0,0,0,1,0,1449,7.245e-05,640,0.000256,12,4.800000000000001e-06,0.00033325,4.334886312484741
BenchmarkTest01440.java,0,CWE-78,CWE-78,1,1,0,1,0,0,0,0,1,0,1040,5.2e-05,640,0.000256,12,4.800000000000001e-06,0.0003128,4.904016017913818
BenchmarkTest01441.java,0,CWE-78,CWE-78,1,0,1,0,0,0,1,0,0,0,1138,5.690000000000001e-05,2432,0.0009728000000000001,13,5.2e-06,0.0010349,11.717788219451904
BenchmarkTest01442.java,0,CWE-78,CWE-78,1,0,1,0,0,0,1,0,0,0,1047,5.235e-05,1984,0.0007936,13,5.2e-06,0.0008511500000000001,10.070885419845581
BenchmarkTest01443.java,0,CWE-78,CWE-78,1,1,0,1,0,0,0,0,1,0,1054,5.27e-05,1216,0.00048640000000000006,12,4.800000000000001e-06,0.0005439,7.1796934604644775
BenchmarkTest01444.java,0,CWE-78,CWE-78,1,1,0,1,0,0,0,0,1,0,1011,5.055e-05,2304,0.0009216000000000001,12,4.800000000000001e-06,0.00097695,10.995168685913086
BenchmarkTest01445.java,0,CWE-78,CWE-78,1,1,0,1,0,0,0,0,1,0,1044,5.22e-05,896,0.00035840000000000004,12,4.800000000000001e-06,0.00041540000000000007,4.527192831039429
BenchmarkTest01446.java,0,CWE-78,CWE-78,1,0,1,0,0,0,1,0,0,0,1080,5.4e-05,1856,0.0007424,12,4.800000000000001e-06,0.0008012000000000001,7.638119220733643
BenchmarkTest01447.java,0,CWE-330,,,,0,0,1,0,0,0,1,0,,,,,,,,
BenchmarkTest01448.java,0,CWE-330,,,,0,0,1,0,0,0,1,0,,,,,,,,
BenchmarkTest01449.java,0,CWE-330,CWE-330,1,1,0,1,0,0,0,0,1,0,1436,7.18e-05,2240,0.000896,12,4.800000000000001e-06,0.0009726,9.993212699890137
BenchmarkTest01450.java,0,CWE-330,,,,0,0,1,0,0,0,1,0,,,,,,,,
BenchmarkTest01451.java,0,CWE-330,,,,0,0,1,0,0,0,1,0,,,,,,,,
BenchmarkTest01452.java,0,CWE-330,,,,0,0,1,0,0,0,1,0,,,,,,,,
BenchmarkTest01453.java,0,CWE-330,,,,0,0,1,0,0,0,1,0,,,,,,,,
BenchmarkTest01459.java,0,CWE-89,CWE-89,1,1,0,1,0,0,0,0,1,0,1024,5.1200000000000004e-05,1664,0.0006656,12,4.800000000000001e-06,0.0007216000000000001,7.280883312225342
BenchmarkTest01460.java,0,CWE-89,CWE-89,1,0,1,0,0,0,1,0,0,0,1059,5.295e-05,2112,0.0008448,13,5.2e-06,0.00090295,9.106520891189575
BenchmarkTest01461.java,0,CWE-89,CWE-89,1,1,0,1,0,0,0,0,1,0,1074,5.3700000000000004e-05,704,0.0002816,12,4.800000000000001e-06,0.0003401,3.399618625640869
BenchmarkTest01462.java,0,CWE-89,CWE-89,1,0,1,0,0,0,1,0,0,0,989,4.945e-05,1152,0.00046080000000000003,13,5.2e-06,0.0005154500000000001,5.988558530807495
BenchmarkTest01463.java,0,CWE-89,CWE-89,1,0,1,0,0,0,1,0,0,0,1020,5.1e-05,1600,0.00064,13,5.2e-06,0.0006962000000000001,8.93402624130249
BenchmarkTest01464.java,0,CWE-89,CWE-89,1,0,1,0,0,0,1,0,0,0,1091,5.4550000000000005e-05,1664,0.0006656,15,6e-06,0.0007261500000000001,8.88602352142334
BenchmarkTest01465.java,0,CWE-89,,,,0,0,0,1,0,0,0,1,,,,,,,,
BenchmarkTest01466.java,0,CWE-89,CWE-89,1,0,1,0,0,0,1,0,0,0,1199,5.995e-05,1792,0.0007168000000000001,13,5.2e-06,0.0007819500000000001,9.548587799072266
BenchmarkTest01467.java,0,CWE-89,,,,0,0,1,0,0,0,1,0,,,,,,,,
BenchmarkTest01468.java,0,CWE-89,,,,0,0,1,0,0,0,1,0,,,,,,,,
BenchmarkTest01469.java,0,CWE-89,,,,0,0,1,0,0,0,1,0,,,,,,,,
BenchmarkTest01470.java,0,CWE-89,,,,0,0,0,1,0,0,0,1,,,,,,,,
BenchmarkTest01471.java,0,CWE-89,CWE-89,1,0,1,0,0,0,1,0,0,0,1056,5.28e-05,1728,0.0006912,13,5.2e-06,0.0007492,10.585858821868896
BenchmarkTest01472.java,0,CWE-89,CWE-89,1,1,0,1,0,0,0,0,1,0,1188,5.940000000000001e-05,960,0.000384,12,4.800000000000001e-06,0.00044820000000000005,5.815867900848389
BenchmarkTest01473.java,0,CWE-89,CWE-89,1,0,1,0,0,0,1,0,0,0,981,4.9050000000000006e-05,1280,0.000512,13,5.2e-06,0.00056625,6.533827066421509
BenchmarkTest01474.java,0,CWE-89,CWE-89,1,0,1,0,0,0,1,0,0,0,1004,5.02e-05,1408,0.0005632,13,5.2e-06,0.0006186000000000001,6.739716291427612
BenchmarkTest01475.java,0,CWE-89,CWE-89,1,0,1,0,0,0,1,0,0,0,982,4.91e-05,1600,0.00064,13,5.2e-06,0.0006943,6.7318384647369385
BenchmarkTest01476.java,0,CWE-89,CWE-89,1,0,1,0,0,0,1,0,0,0,987,4.935e-05,1600,0.00064,13,5.2e-06,0.00069455,8.149806499481201
BenchmarkTest01477.java,0,CWE-89,CWE-89,1,0,1,0,0,0,1,0,0,0,1048,5.2400000000000007e-05,1984,0.0007936,13,5.2e-06,0.0008512,10.203977108001709
BenchmarkTest01478.java,0,CWE-643,CWE-643,1,0,1,0,0,0,1,0,0,0,1126,5.6300000000000006e-05,1600,0.00064,13,5.2e-06,0.0007015000000000001,9.5119948387146
BenchmarkTest01479.java,0,CWE-643,CWE-643,1,1,0,1,0,0,0,0,1,0,1137,5.685e-05,832,0.0003328,12,4.800000000000001e-06,0.00039445,4.54984712600708
BenchmarkTest01480.java,0,CWE-327,CWE-327,1,0,1,0,0,0,1,0,0,0,1763,8.815e-05,320,0.000128,13,5.2e-06,0.00022134999999999999,2.442915201187134
BenchmarkTest01481.java,0,CWE-327,,,,0,0,1,0,0,0,1,0,,,,,,,,
BenchmarkTest01482.java,0,CWE-327,,,,0,0,1,0,0,0,1,0,,,,,,,,
BenchmarkTest01483.java,0,CWE-327,CWE-327,1,0,1,0,0,0,1,0,0,0,1670,8.35e-05,384,0.00015360000000000002,13,5.2e-06,0.0002423,2.671769142150879
BenchmarkTest01484.java,0,CWE-327,CWE-327,1,0,1,0,0,0,1,0,0,0,1617,8.085000000000001e-05,320,0.000128,13,5.2e-06,0.00021405,2.09596586227417
BenchmarkTest01485.java,0,CWE-327,,,,0,0,1,0,0,0,1,0,,,,,,,,
BenchmarkTest01486.java,0,CWE-327,CWE-327,1,0,1,0,0,0,1,0,0,0,1279,6.395000000000001e-05,576,0.00023040000000000002,13,5.2e-06,0.00029955000000000004,3.6475586891174316
BenchmarkTest01487.java,0,CWE-327,,,,0,0,1,0,0,0,1,0,,,,,,,,
BenchmarkTest01488.java,0,CWE-327,,,,0,0,1,0,0,0,1,0,,,,,,,,
BenchmarkTest01489.java,0,CWE-327,CWE-327,1,0,1,0,0,0,1,0,0,0,1264,6.32e-05,1024,0.00040960000000000004,13,5.2e-06,0.00047800000000000007,9.321521759033203
BenchmarkTest01490.java,0,CWE-90,,,,0,0,0,1,0,0,0,1,,,,,,,,
BenchmarkTest01491.java,0,CWE-90,,,,0,0,1,0,0,0,1,0,,,,,,,,
BenchmarkTest01492.java,0,CWE-90,,,,0,0,1,0,0,0,1,0,,,,,,,,
BenchmarkTest01493.java,0,CWE-22,,,,0,0,1,0,0,0,1,0,,,,,,,,
BenchmarkTest01494.java,0,CWE-22,,,,0,0,0,1,0,0,0,1,,,,,,,,
BenchmarkTest01495.java,0,CWE-22,,,,0,0,0,1,0,0,0,1,,,,,,,,
BenchmarkTest01496.java,0,CWE-22,,,,0,0,0,1,0,0,0,1,,,,,,,,
BenchmarkTest01497.java,0,CWE-22,,,,0,0,0,1,0,0,0,1,,,,,,,,
BenchmarkTest01498.java,0,CWE-22,,,,0,0,0,1,0,0,0,1,,,,,,,,
BenchmarkTest01499.java,0,CWE-22,,,,0,0,1,0,0,0,1,0,,,,,,,,
BenchmarkTest01500.java,0,CWE-22,,,,0,0,0,1,0,0,0,1,,,,,,,,
BenchmarkTest01501.java,0,CWE-90,,,,0,0,0,1,0,0,0,1,,,,,,,,
BenchmarkTest01502.java,0,CWE-330,CWE-330,1,0,1,0,0,0,1,0,0,0,1472,7.360000000000001e-05,320,0.000128,13,5.2e-06,0.0002068,3.7872564792633057
BenchmarkTest01503.java,0,CWE-328,CWE-916,0,0,1,0,0,0,1,0,0,0,1370,6.85e-05,640,0.000256,13,5.2e-06,0.0003297,4.776288032531738
BenchmarkTest01504.java,0,CWE-328,CWE-916,0,0,1,0,0,0,1,0,0,0,1196,5.9800000000000003e-05,704,0.0002816,13,5.2e-06,0.0003466,5.566662788391113
BenchmarkTest01505.java,0,CWE-79,,,,0,0,0,1,0,0,0,1,,,,,,,,
BenchmarkTest01506.java,0,CWE-79,,,,0,0,0,1,0,0,0,1,,,,,,,,
BenchmarkTest01507.java,0,CWE-79,,,,0,0,0,1,0,0,0,1,,,,,,,,
BenchmarkTest01508.java,0,CWE-79,,,,0,0,1,0,0,0,1,0,,,,,,,,
BenchmarkTest01509.java,0,CWE-79,,,,0,0,0,1,0,0,0,1,,,,,,,,
BenchmarkTest01510.java,0,CWE-79,,,,0,0,0,1,0,0,0,1,,,,,,,,
BenchmarkTest01511.java,0,CWE-79,,,,0,0,0,1,0,0,0,1,,,,,,,,
BenchmarkTest01512.java,0,CWE-79,,,,0,0,0,1,0,0,0,1,,,,,,,,
BenchmarkTest01513.java,0,CWE-79,,,,0,0,1,0,0,0,1,0,,,,,,,,
BenchmarkTest01514.java,0,CWE-79,,,,0,0,1,0,0,0,1,0,,,,,,,,
BenchmarkTest01515.java,0,CWE-79,,,,0,0,1,0,0,0,1,0,,,,,,,,
BenchmarkTest01516.java,0,CWE-78,,,,0,0,1,0,0,0,1,0,,,,,,,,
BenchmarkTest01517.java,0,CWE-78,,,,0,0,0,1,0,0,0,1,,,,,,,,
BenchmarkTest01518.java,0,CWE-330,CWE-330,1,0,1,0,0,0,1,0,0,0,1462,7.310000000000002e-05,1472,0.0005888000000000001,13,5.2e-06,0.0006671000000000001,7.268561363220215
BenchmarkTest01519.java,0,CWE-330,CWE-330,1,0,1,0,0,0,1,0,0,0,1303,6.515000000000001e-05,832,0.0003328,13,5.2e-06,0.00040315,5.068559169769287
BenchmarkTest01520.java,0,CWE-330,CWE-330,1,0,1,0,0,0,1,0,0,0,1317,6.585000000000001e-05,512,0.00020480000000000002,13,5.2e-06,0.00027585000000000006,2.6757125854492188
BenchmarkTest01521.java,0,CWE-614,CWE-614,1,0,1,0,0,0,1,0,0,0,1018,5.0900000000000004e-05,768,0.00030720000000000004,13,5.2e-06,0.00036330000000000005,3.951103925704956
BenchmarkTest01522.java,0,CWE-614,,,,0,0,1,0,0,0,1,0,,,,,,,,
BenchmarkTest01523.java,0,CWE-614,,,,0,0,1,0,0,0,1,0,,,,,,,,
BenchmarkTest01524.java,0,CWE-614,,,,0,0,1,0,0,0,1,0,,,,,,,,
BenchmarkTest01525.java,0,CWE-79,,,,0,0,0,1,0,0,0,1,,,,,,,,
BenchmarkTest01526.java,0,CWE-78,,,,0,0,1,0,0,0,1,0,,,,,,,,
BenchmarkTest01527.java,0,CWE-78,,,,0,0,1,0,0,0,1,0,,,,,,,,
BenchmarkTest01528.java,0,CWE-78,,,,0,0,1,0,0,0,1,0,,,,,,,,
BenchmarkTest01529.java,0,CWE-78,,,,0,0,1,0,0,0,1,0,,,,,,,,
BenchmarkTest01530.java,0,CWE-78,,,,0,0,1,0,0,0,1,0,,,,,,,,
BenchmarkTest01531.java,0,CWE-78,,,,0,0,0,1,0,0,0,1,,,,,,,,
BenchmarkTest01532.java,0,CWE-78,,,,0,0,1,0,0,0,1,0,,,,,,,,
BenchmarkTest01533.java,0,CWE-78,,,,0,0,0,1,0,0,0,1,,,,,,,,
BenchmarkTest01534.java,0,CWE-330,,,,0,0,1,0,0,0,1,0,,,,,,,,
BenchmarkTest01535.java,0,CWE-330,,,,0,0,1,0,0,0,1,0,,,,,,,,
BenchmarkTest01536.java,0,CWE-330,,,,0,0,1,0,0,0,1,0,,,,,,,,
BenchmarkTest01537.java,0,CWE-330,CWE-330,1,1,0,1,0,0,0,0,1,0,1417,7.085000000000001e-05,768,0.00030720000000000004,13,5.2e-06,0.00038325000000000007,4.5935869216918945
BenchmarkTest01538.java,0,CWE-330,,,,0,0,1,0,0,0,1,0,,,,,,,,
BenchmarkTest01539.java,0,CWE-330,,,,0,0,1,0,0,0,1,0,,,,,,,,
BenchmarkTest01540.java,0,CWE-330,,,,0,0,1,0,0,0,1,0,,,,,,,,
BenchmarkTest01541.java,0,CWE-330,,,,0,0,1,0,0,0,1,0,,,,,,,,
BenchmarkTest01542.java,0,CWE-330,,,,0,0,1,0,0,0,1,0,,,,,,,,
BenchmarkTest01543.java,0,CWE-330,,,,0,0,1,0,0,0,1,0,,,,,,,,
BenchmarkTest01544.java,0,CWE-330,,,,0,0,1,0,0,0,1,0,,,,,,,,
BenchmarkTest01545.java,0,CWE-330,,,,0,0,1,0,0,0,1,0,,,,,,,,
BenchmarkTest01552.java,0,CWE-89,,,,0,0,0,1,0,0,0,1,,,,,,,,
BenchmarkTest01553.java,0,CWE-89,,,,0,0,1,0,0,0,1,0,,,,,,,,
BenchmarkTest01554.java,0,CWE-89,,,,0,0,0,1,0,0,0,1,,,,,,,,
BenchmarkTest01555.java,0,CWE-89,,,,0,0,1,0,0,0,1,0,,,,,,,,
BenchmarkTest01556.java,0,CWE-89,,,,0,0,1,0,0,0,1,0,,,,,,,,
BenchmarkTest01557.java,0,CWE-89,,,,0,0,0,1,0,0,0,1,,,,,,,,
BenchmarkTest01558.java,0,CWE-89,,,,0,0,0,1,0,0,0,1,,,,,,,,
BenchmarkTest01559.java,0,CWE-89,,,,0,0,0,1,0,0,0,1,,,,,,,,
BenchmarkTest01560.java,0,CWE-89,,,,0,0,0,1,0,0,0,1,,,,,,,,
BenchmarkTest01561.java,0,CWE-643,,,,0,0,0,1,0,0,0,1,,,,,,,,
BenchmarkTest01562.java,0,CWE-643,,,,0,0,1,0,0,0,1,0,,,,,,,,
BenchmarkTest01563.java,0,CWE-327,,,,0,0,1,0,0,0,1,0,,,,,,,,
BenchmarkTest01564.java,0,CWE-327,,,,0,0,1,0,0,0,1,0,,,,,,,,
BenchmarkTest01565.java,0,CWE-327,CWE-327,1,0,1,0,0,0,1,0,0,0,1253,6.265e-05,320,0.000128,13,5.2e-06,0.00019585,2.128920316696167
BenchmarkTest01566.java,0,CWE-327,CWE-327,1,0,1,0,0,0,1,0,0,0,1291,6.455e-05,1216,0.00048640000000000006,13,5.2e-06,0.00055615,5.652577877044678
BenchmarkTest01567.java,0,CWE-327,,,,0,0,1,0,0,0,1,0,,,,,,,,
BenchmarkTest01568.java,0,CWE-90,CWE-90,1,0,1,0,0,0,1,0,0,0,1180,5.9e-05,960,0.000384,13,5.2e-06,0.00044820000000000005,5.247040510177612
BenchmarkTest01569.java,0,CWE-90,CWE-90,1,1,0,1,0,0,0,0,1,0,1389,6.945000000000001e-05,1728,0.0006912,12,4.800000000000001e-06,0.00076545,7.410199403762817
BenchmarkTest01570.java,0,CWE-22,CWE-23,0,1,0,1,0,0,0,0,1,0,1215,6.075e-05,576,0.00023040000000000002,12,4.800000000000001e-06,0.00029595,2.99979305267334
BenchmarkTest01571.java,0,CWE-22,CWE-23,0,1,1,0,0,0,0,0,0,1,1266,6.330000000000001e-05,1408,0.0005632,13,5.2e-06,0.0006317,6.249213933944702
BenchmarkTest01572.java,0,CWE-22,CWE-23,0,0,1,0,0,0,1,0,0,0,1346,6.73e-05,576,0.00023040000000000002,13,5.2e-06,0.00030290000000000004,4.202173471450806
BenchmarkTest01573.java,0,CWE-22,CWE-23,0,1,0,1,0,0,0,0,1,0,1387,6.935e-05,1088,0.00043520000000000006,13,5.2e-06,0.0005097500000000001,5.767805099487305
BenchmarkTest01574.java,0,CWE-22,CWE-23,0,1,0,1,0,0,0,0,1,0,1312,6.560000000000001e-05,576,0.00023040000000000002,12,4.800000000000001e-06,0.00030080000000000005,3.435020923614502
BenchmarkTest01575.java,0,CWE-330,CWE-330,1,0,1,0,0,0,1,0,0,0,1325,6.625e-05,576,0.00023040000000000002,13,5.2e-06,0.00030185000000000005,5.14484167098999
BenchmarkTest01576.java,0,CWE-328,,,,0,0,1,0,0,0,1,0,,,,,,,,
BenchmarkTest01577.java,0,CWE-328,CWE-916,0,0,1,0,0,0,1,0,0,0,1173,5.865e-05,768,0.00030720000000000004,13,5.2e-06,0.00037105000000000005,4.693568229675293
BenchmarkTest01578.java,0,CWE-328,,,,0,0,1,0,0,0,1,0,,,,,,,,
BenchmarkTest01579.java,0,CWE-328,,,,0,0,0,1,0,0,0,1,,,,,,,,
BenchmarkTest01580.java,0,CWE-328,,,,0,0,0,1,0,0,0,1,,,,,,,,
BenchmarkTest01581.java,0,CWE-328,,,,0,0,1,0,0,0,1,0,,,,,,,,
BenchmarkTest01582.java,0,CWE-328,,,,0,0,1,0,0,0,1,0,,,,,,,,
BenchmarkTest01583.java,0,CWE-79,CWE-79,1,0,1,0,0,0,1,0,0,0,1351,6.755e-05,704,0.0002816,13,5.2e-06,0.00035435,4.470515012741089
BenchmarkTest01584.java,0,CWE-79,CWE-79,1,0,1,0,0,0,1,0,0,0,1311,6.555e-05,1792,0.0007168000000000001,14,5.600000000000001e-06,0.00078795,8.36162543296814
BenchmarkTest01585.java,0,CWE-79,CWE-79,1,1,0,1,0,0,0,0,1,0,1282,6.410000000000001e-05,1344,0.0005376000000000001,12,4.800000000000001e-06,0.0006065,6.574346542358398
BenchmarkTest01586.java,0,CWE-79,CWE-79,1,1,0,1,0,0,0,0,1,0,1273,6.365e-05,640,0.000256,12,4.800000000000001e-06,0.00032445,3.794760227203369
BenchmarkTest01587.java,0,CWE-79,CWE-79,1,0,1,0,0,0,1,0,0,0,1307,6.535e-05,1280,0.000512,13,5.2e-06,0.00058255,5.894136190414429
BenchmarkTest01588.java,0,CWE-79,CWE-79,1,1,0,1,0,0,0,0,1,0,1313,6.565000000000001e-05,1088,0.00043520000000000006,12,4.800000000000001e-06,0.0005056500000000001,7.566004514694214
BenchmarkTest01589.java,0,CWE-79,CWE-79,1,0,1,0,0,0,1,0,0,0,1381,6.905e-05,576,0.00023040000000000002,13,5.2e-06,0.00030465000000000006,3.122649908065796
BenchmarkTest01590.java,0,CWE-79,CWE-79,1,0,1,0,0,0,1,0,0,0,1273,6.365e-05,1408,0.0005632,13,5.2e-06,0.00063205,6.312505483627319
BenchmarkTest01591.java,0,CWE-79,CWE-79,1,1,0,1,0,0,0,0,1,0,1508,7.54e-05,1472,0.0005888000000000001,12,4.800000000000001e-06,0.0006690000000000001,6.651270151138306
BenchmarkTest01592.java,0,CWE-79,CWE-79,1,0,1,0,0,0,1,0,0,0,1289,6.445000000000001e-05,448,0.00017920000000000002,13,5.2e-06,0.00024885000000000006,3.779930830001831
BenchmarkTest01593.java,0,CWE-79,CWE-79,1,1,0,1,0,0,0,0,1,0,1295,6.475e-05,512,0.00020480000000000002,12,4.800000000000001e-06,0.00027435000000000003,2.8013856410980225
BenchmarkTest01594.java,0,CWE-79,CWE-79,1,0,1,0,0,0,1,0,0,0,1283,6.415e-05,576,0.00023040000000000002,13,5.2e-06,0.00029975000000000005,4.305271148681641
BenchmarkTest01595.java,0,CWE-79,CWE-79,1,1,0,1,0,0,0,0,1,0,1272,6.36e-05,832,0.0003328,13,5.2e-06,0.0004016,4.543009281158447
BenchmarkTest01596.java,0,CWE-79,CWE-79,1,0,1,0,0,0,1,0,0,0,1305,6.525e-05,1152,0.00046080000000000003,13,5.2e-06,0.00053125,5.699798107147217
BenchmarkTest01597.java,0,CWE-79,CWE-79,1,0,1,0,0,0,1,0,0,0,1314,6.57e-05,448,0.00017920000000000002,13,5.2e-06,0.00025010000000000006,2.815829038619995
BenchmarkTest01598.java,0,CWE-79,CWE-79,1,0,1,0,0,0,1,0,0,0,1480,7.4e-05,2496,0.0009984000000000002,13,5.2e-06,0.0010776000000000002,10.187083005905151
BenchmarkTest01599.java,0,CWE-79,CWE-79,1,1,0,1,0,0,0,0,1,0,1363,6.815e-05,384,0.00015360000000000002,12,4.800000000000001e-06,0.00022655000000000003,3.0937254428863525
BenchmarkTest01600.java,0,CWE-78,CWE-78,1,1,0,1,0,0,0,0,1,0,1028,5.14e-05,1344,0.0005376000000000001,12,4.800000000000001e-06,0.0005938000000000001,7.477234125137329
BenchmarkTest01601.java,0,CWE-78,CWE-78,1,0,1,0,0,0,1,0,0,0,1028,5.14e-05,1216,0.00048640000000000006,13,5.2e-06,0.0005430000000000001,6.503196716308594
BenchmarkTest01602.java,0,CWE-330,CWE-330,1,0,1,0,0,0,1,0,0,0,1320,6.6e-05,448,0.00017920000000000002,13,5.2e-06,0.0002504,4.8958868980407715
BenchmarkTest01603.java,0,CWE-330,CWE-330,1,0,1,0,0,0,1,0,0,0,1445,7.225e-05,512,0.00020480000000000002,13,5.2e-06,0.00028225000000000006,5.503509521484375
BenchmarkTest01604.java,0,CWE-614,,,,0,0,1,0,0,0,1,0,,,,,,,,
BenchmarkTest01605.java,0,CWE-614,,,,0,0,1,0,0,0,1,0,,,,,,,,
BenchmarkTest01606.java,0,CWE-78,CWE-78,1,1,0,1,0,0,0,0,1,0,969,4.8450000000000005e-05,832,0.0003328,12,4.800000000000001e-06,0.00038605000000000003,4.697706937789917
BenchmarkTest01607.java,0,CWE-78,CWE-78,1,1,0,1,0,0,0,0,1,0,1122,5.61e-05,1024,0.00040960000000000004,12,4.800000000000001e-06,0.00047050000000000005,5.308913469314575
BenchmarkTest01608.java,0,CWE-78,CWE-78,1,1,0,1,0,0,0,0,1,0,983,4.915000000000001e-05,1856,0.0007424,12,4.800000000000001e-06,0.00079635,8.90678071975708
BenchmarkTest01609.java,0,CWE-78,CWE-78,1,0,1,0,0,0,1,0,0,0,1023,5.115e-05,1344,0.0005376000000000001,13,5.2e-06,0.0005939500000000001,6.772138357162476
BenchmarkTest01610.java,0,CWE-78,CWE-78,1,0,1,0,0,0,1,0,0,0,1002,5.01e-05,1728,0.0006912,13,5.2e-06,0.0007465,7.524354696273804
BenchmarkTest01611.java,0,CWE-330,,,,0,0,1,0,0,0,1,0,,,,,,,,
BenchmarkTest01612.java,0,CWE-330,,,,0,0,1,0,0,0,1,0,,,,,,,,
BenchmarkTest01613.java,0,CWE-330,,,,0,0,1,0,0,0,1,0,,,,,,,,
BenchmarkTest01614.java,0,CWE-330,,,,0,0,1,0,0,0,1,0,,,,,,,,
BenchmarkTest01620.java,0,CWE-89,CWE-89,1,0,1,0,0,0,1,0,0,0,964,4.8200000000000006e-05,1088,0.00043520000000000006,13,5.2e-06,0.0004886000000000001,5.80671238899231
BenchmarkTest01621.java,0,CWE-89,CWE-89,1,0,1,0,0,0,1,0,0,0,923,4.6150000000000004e-05,1344,0.0005376000000000001,13,5.2e-06,0.0005889500000000001,6.119846343994141
BenchmarkTest01622.java,0,CWE-89,CWE-89,1,1,0,1,0,0,0,0,1,0,975,4.875e-05,1088,0.00043520000000000006,12,4.800000000000001e-06,0.00048875,5.992141485214233
BenchmarkTest01623.java,0,CWE-89,CWE-89,1,0,1,0,0,0,1,0,0,0,941,4.7050000000000005e-05,1728,0.0006912,13,5.2e-06,0.00074345,7.787266731262207
BenchmarkTest01624.java,0,CWE-89,CWE-89,1,0,1,0,0,0,1,0,0,0,970,4.85e-05,640,0.000256,13,5.2e-06,0.0003097,3.482165575027466
BenchmarkTest01625.java,0,CWE-89,,,,0,0,0,1,0,0,0,1,,,,,,,,
BenchmarkTest01626.java,0,CWE-89,CWE-89,1,0,1,0,0,0,1,0,0,0,966,4.83e-05,384,0.00015360000000000002,13,5.2e-06,0.00020710000000000002,2.9057679176330566
BenchmarkTest01627.java,0,CWE-89,CWE-89,1,0,1,0,0,0,1,0,0,0,872,4.36e-05,576,0.00023040000000000002,13,5.2e-06,0.00027920000000000006,5.224851846694946
BenchmarkTest01628.java,0,CWE-89,CWE-89,1,1,0,1,0,0,0,0,1,0,957,4.7850000000000004e-05,640,0.000256,12,4.800000000000001e-06,0.00030865,5.545116186141968
BenchmarkTest01629.java,0,CWE-89,CWE-89,1,1,0,1,0,0,0,0,1,0,911,4.555e-05,576,0.00023040000000000002,12,4.800000000000001e-06,0.00028075,3.8186452388763428
BenchmarkTest01630.java,0,CWE-89,CWE-89,1,0,1,0,0,0,1,0,0,0,921,4.605e-05,640,0.000256,13,5.2e-06,0.00030725,4.761714220046997
BenchmarkTest01631.java,0,CWE-89,CWE-89,1,0,1,0,0,0,1,0,0,0,909,4.545e-05,512,0.00020480000000000002,13,5.2e-06,0.00025545000000000006,3.3996174335479736
BenchmarkTest01632.java,0,CWE-643,CWE-643,1,1,0,1,0,0,0,0,1,0,1102,5.5100000000000004e-05,704,0.0002816,12,4.800000000000001e-06,0.0003415,3.9226911067962646
BenchmarkTest01633.java,0,CWE-643,CWE-643,1,1,0,1,0,0,0,0,1,0,1172,5.86e-05,1472,0.0005888000000000001,12,4.800000000000001e-06,0.0006522000000000001,7.083769798278809
BenchmarkTest01634.java,0,CWE-327,CWE-327,1,0,1,0,0,0,1,0,0,0,1917,9.585000000000001e-05,320,0.000128,13,5.2e-06,0.00022904999999999998,2.2903971672058105
BenchmarkTest01635.java,0,CWE-327,,,,0,0,1,0,0,0,1,0,,,,,,,,
BenchmarkTest01636.java,0,CWE-327,,,,0,0,1,0,0,0,1,0,,,,,,,,
BenchmarkTest01637.java,0,CWE-327,CWE-327,1,0,1,0,0,0,1,0,0,0,1823,9.115e-05,512,0.00020480000000000002,13,5.2e-06,0.00030115000000000003,3.6692471504211426
BenchmarkTest01638.java,0,CWE-327,CWE-327,1,0,1,0,0,0,1,0,0,0,1605,8.025e-05,256,0.00010240000000000001,13,5.2e-06,0.00018785,2.520526885986328
BenchmarkTest01639.java,0,CWE-327,CWE-327,1,0,1,0,0,0,1,0,0,0,1487,7.435e-05,256,0.00010240000000000001,13,5.2e-06,0.00018195,1.806098461151123
BenchmarkTest01640.java,0,CWE-327,,,,0,0,1,0,0,0,1,0,,,,,,,,
BenchmarkTest01641.java,0,CWE-327,CWE-327,1,0,1,0,0,0,1,0,0,0,1465,7.325e-05,704,0.0002816,13,5.2e-06,0.00036005000000000005,3.4844441413879395
BenchmarkTest01642.java,0,CWE-22,CWE-23,0,0,1,0,0,0,1,0,0,0,1345,6.725e-05,1152,0.00046080000000000003,13,5.2e-06,0.0005332500000000001,6.153296947479248
BenchmarkTest01643.java,0,CWE-22,CWE-23,0,0,1,0,0,0,1,0,0,0,1477,7.385e-05,1024,0.00040960000000000004,13,5.2e-06,0.0004886500000000001,5.174865961074829
BenchmarkTest01644.java,0,CWE-22,CWE-23,0,1,0,1,0,0,0,0,1,0,1492,7.460000000000001e-05,576,0.00023040000000000002,12,4.800000000000001e-06,0.00030980000000000005,3.1510963439941406
BenchmarkTest01645.java,0,CWE-22,CWE-23,0,0,1,0,0,0,1,0,0,0,1497,7.485e-05,576,0.00023040000000000002,13,5.2e-06,0.00031045000000000004,3.012984275817871
BenchmarkTest01646.java,0,CWE-22,CWE-23,0,1,0,1,0,0,0,0,1,0,1460,7.3e-05,576,0.00023040000000000002,12,4.800000000000001e-06,0.0003082,4.05057168006897
BenchmarkTest01647.java,0,CWE-22,CWE-23,0,0,1,0,0,0,1,0,0,0,1382,6.910000000000001e-05,896,0.00035840000000000004,13,5.2e-06,0.00043270000000000006,4.57735538482666
BenchmarkTest01648.java,0,CWE-330,CWE-330,1,0,1,0,0,0,1,0,0,0,1381,6.905e-05,576,0.00023040000000000002,13,5.2e-06,0.00030465000000000006,4.302922248840332
BenchmarkTest01649.java,0,CWE-328,CWE-916,0,0,1,0,0,0,1,0,0,0,1471,7.355e-05,1920,0.000768,13,5.2e-06,0.0008467500000000001,9.272701263427734
BenchmarkTest01650.java,0,CWE-328,CWE-916,0,0,1,0,0,0,1,0,0,0,1407,7.035e-05,960,0.000384,13,5.2e-06,0.00045955000000000003,5.444492816925049
BenchmarkTest01651.java,0,CWE-328,CWE-916,0,0,1,0,0,0,1,0,0,0,1380,6.9e-05,832,0.0003328,13,5.2e-06,0.000407,4.353548765182495
BenchmarkTest01652.java,0,CWE-328,,,,0,0,1,0,0,0,1,0,,,,,,,,
BenchmarkTest01653.java,0,CWE-328,CWE-916,0,0,1,0,0,0,1,0,0,0,1337,6.685000000000001e-05,704,0.0002816,13,5.2e-06,0.00035365000000000006,3.878685235977173
BenchmarkTest01654.java,0,CWE-328,,,,0,0,0,1,0,0,0,1,,,,,,,,
BenchmarkTest01655.java,0,CWE-328,,,,0,0,1,0,0,0,1,0,,,,,,,,
BenchmarkTest01656.java,0,CWE-328,,,,0,0,1,0,0,0,1,0,,,,,,,,
BenchmarkTest01657.java,0,CWE-79,CWE-79,1,0,1,0,0,0,1,0,0,0,1469,7.345e-05,832,0.0003328,13,5.2e-06,0.00041145000000000005,5.827864170074463
BenchmarkTest01658.java,0,CWE-79,CWE-79,1,0,1,0,0,0,1,0,0,0,1423,7.115000000000001e-05,704,0.0002816,13,5.2e-06,0.00035795000000000005,6.725100517272949
BenchmarkTest01659.java,0,CWE-79,CWE-79,1,1,0,1,0,0,0,0,1,0,1409,7.045e-05,448,0.00017920000000000002,12,4.800000000000001e-06,0.00025445000000000003,3.661017417907715
BenchmarkTest01660.java,0,CWE-79,CWE-79,1,0,1,0,0,0,1,0,0,0,1427,7.135000000000001e-05,768,0.00030720000000000004,13,5.2e-06,0.0003837500000000001,5.030687570571899
BenchmarkTest01661.java,0,CWE-79,CWE-79,1,1,0,1,0,0,0,0,1,0,1436,7.18e-05,832,0.0003328,14,5.600000000000001e-06,0.0004102,6.167233943939209
BenchmarkTest01662.java,0,CWE-79,CWE-79,1,0,1,0,0,0,1,0,0,0,1469,7.345e-05,704,0.0002816,13,5.2e-06,0.00036025,3.4414424896240234
BenchmarkTest01663.java,0,CWE-79,CWE-79,1,1,0,1,0,0,0,0,1,0,1514,7.57e-05,704,0.0002816,12,4.800000000000001e-06,0.0003621,3.9912776947021484
BenchmarkTest01664.java,0,CWE-79,CWE-79,1,1,0,1,0,0,0,0,1,0,1416,7.08e-05,1024,0.00040960000000000004,10,4e-06,0.0004844,4.663456201553345
BenchmarkTest01665.java,0,CWE-79,CWE-79,1,0,1,0,0,0,1,0,0,0,1427,7.135000000000001e-05,704,0.0002816,13,5.2e-06,0.00035815000000000006,3.4195375442504883
BenchmarkTest01666.java,0,CWE-79,CWE-79,1,0,1,0,0,0,1,0,0,0,1466,7.329999999999999e-05,1024,0.00040960000000000004,13,5.2e-06,0.00048810000000000005,5.0614635944366455
BenchmarkTest01667.java,0,CWE-79,CWE-79,1,0,1,0,0,0,1,0,0,0,1489,7.445000000000001e-05,448,0.00017920000000000002,13,5.2e-06,0.00025885000000000003,2.745142936706543
BenchmarkTest01668.java,0,CWE-79,CWE-79,1,1,0,1,0,0,0,0,1,0,1504,7.52e-05,384,0.00015360000000000002,12,4.800000000000001e-06,0.00023360000000000004,2.446136951446533
BenchmarkTest01669.java,0,CWE-79,CWE-79,1,1,0,1,0,0,0,0,1,0,1413,7.065000000000001e-05,1024,0.00040960000000000004,12,4.800000000000001e-06,0.00048505000000000005,4.878005027770996
BenchmarkTest01670.java,0,CWE-79,CWE-79,1,0,1,0,0,0,1,0,0,0,1409,7.045e-05,384,0.00015360000000000002,13,5.2e-06,0.00022925000000000002,2.525188446044922
BenchmarkTest01671.java,0,CWE-79,CWE-79,1,1,0,1,0,0,0,0,1,0,1416,7.08e-05,960,0.000384,12,4.800000000000001e-06,0.0004596,4.631654739379883
BenchmarkTest01672.java,0,CWE-78,CWE-78,1,0,0,1,0,0,0,1,0,0,1140,5.7e-05,704,0.0002816,13,5.2e-06,0.0003438,4.054116249084473
BenchmarkTest01673.java,0,CWE-78,CWE-78,1,0,1,0,0,0,1,0,0,0,1104,5.52e-05,832,0.0003328,13,5.2e-06,0.0003932,4.332400560379028
BenchmarkTest01674.java,0,CWE-78,CWE-78,1,0,1,0,0,0,1,0,0,0,1130,5.65e-05,1536,0.0006144000000000001,13,5.2e-06,0.0006761000000000001,6.858723163604736
BenchmarkTest01675.java,0,CWE-330,CWE-330,1,0,1,0,0,0,1,0,0,0,1460,7.3e-05,320,0.000128,13,5.2e-06,0.0002062,3.4922432899475098
BenchmarkTest01676.java,0,CWE-330,CWE-330,1,0,1,0,0,0,1,0,0,0,1407,7.035e-05,896,0.00035840000000000004,13,5.2e-06,0.00043395000000000006,4.544437646865845
BenchmarkTest01677.java,0,CWE-330,CWE-330,1,0,1,0,0,0,1,0,0,0,1439,7.195e-05,832,0.0003328,13,5.2e-06,0.00040995,4.105811357498169
BenchmarkTest01678.java,0,CWE-330,CWE-330,1,0,1,0,0,0,1,0,0,0,1594,7.97e-05,256,0.00010240000000000001,13,5.2e-06,0.0001873,2.646815538406372
BenchmarkTest01679.java,0,CWE-330,CWE-330,1,0,1,0,0,0,1,0,0,0,1384,6.92e-05,640,0.000256,13,5.2e-06,0.0003304,4.377438545227051
BenchmarkTest01680.java,0,CWE-330,CWE-330,1,0,1,0,0,0,1,0,0,0,1390,6.95e-05,192,7.680000000000001e-05,13,5.2e-06,0.0001515,2.965381622314453
BenchmarkTest01681.java,0,CWE-330,CWE-330,1,0,1,0,0,0,1,0,0,0,1450,7.25e-05,320,0.000128,13,5.2e-06,0.00020569999999999999,2.65031099319458
BenchmarkTest01682.java,0,CWE-614,CWE-614,1,0,1,0,0,0,1,0,0,0,1139,5.695e-05,960,0.000384,13,5.2e-06,0.00044615000000000003,5.7779059410095215
BenchmarkTest01683.java,0,CWE-614,CWE-614,1,0,1,0,0,0,1,0,0,0,1165,5.825e-05,576,0.00023040000000000002,13,5.2e-06,0.00029385,3.9157979488372803
BenchmarkTest01684.java,0,CWE-614,,,,0,0,1,0,0,0,1,0,,,,,,,,
BenchmarkTest01685.java,0,CWE-78,CWE-78,1,0,1,0,0,0,1,0,0,0,1212,6.06e-05,1344,0.0005376000000000001,13,5.2e-06,0.0006034,6.276140451431274
BenchmarkTest01686.java,0,CWE-78,CWE-78,1,1,0,1,0,0,0,0,1,0,1044,5.22e-05,768,0.00030720000000000004,12,4.800000000000001e-06,0.00036420000000000007,3.8846747875213623
BenchmarkTest01687.java,0,CWE-78,CWE-78,1,1,0,1,0,0,0,0,1,0,1225,6.125e-05,576,0.00023040000000000002,12,4.800000000000001e-06,0.00029645,3.1451756954193115
BenchmarkTest01688.java,0,CWE-78,CWE-78,1,1,0,1,0,0,0,0,1,0,1120,5.6e-05,960,0.000384,12,4.800000000000001e-06,0.0004448,4.636003732681274
BenchmarkTest01689.java,0,CWE-78,CWE-78,1,0,1,0,0,0,1,0,0,0,1122,5.61e-05,1792,0.0007168000000000001,13,5.2e-06,0.0007781000000000001,8.227384090423584
BenchmarkTest01690.java,0,CWE-78,CWE-78,1,0,1,0,0,0,1,0,0,0,1010,5.05e-05,1152,0.00046080000000000003,13,5.2e-06,0.0005165,5.3469367027282715
BenchmarkTest01691.java,0,CWE-78,CWE-78,1,0,1,0,0,0,1,0,0,0,1100,5.5e-05,1920,0.000768,13,5.2e-06,0.0008282000000000001,8.582712650299072
BenchmarkTest01692.java,0,CWE-78,CWE-78,1,1,0,1,0,0,0,0,1,0,1330,6.65e-05,1536,0.0006144000000000001,12,4.800000000000001e-06,0.0006857000000000001,7.010072708129883
BenchmarkTest01693.java,0,CWE-78,CWE-78,1,1,0,1,0,0,0,0,1,0,1127,5.635e-05,896,0.00035840000000000004,12,4.800000000000001e-06,0.00041955000000000003,4.313215017318726
BenchmarkTest01694.java,0,CWE-330,,,,0,0,1,0,0,0,1,0,,,,,,,,
BenchmarkTest01695.java,0,CWE-330,,,,0,0,1,0,0,0,1,0,,,,,,,,
BenchmarkTest01696.java,0,CWE-330,,,,0,0,1,0,0,0,1,0,,,,,,,,
BenchmarkTest01697.java,0,CWE-330,,,,0,0,1,0,0,0,1,0,,,,,,,,
BenchmarkTest01698.java,0,CWE-330,CWE-330,1,1,0,1,0,0,0,0,1,0,1687,8.435e-05,1152,0.00046080000000000003,12,4.800000000000001e-06,0.00054995,5.431497812271118
BenchmarkTest01699.java,0,CWE-330,CWE-330,1,1,0,1,0,0,0,0,1,0,1459,7.295e-05,1024,0.00040960000000000004,12,4.800000000000001e-06,0.00048735000000000006,5.082005262374878
BenchmarkTest01700.java,0,CWE-330,CWE-330,1,1,0,1,0,0,0,0,1,0,1535,7.675e-05,1088,0.00043520000000000006,12,4.800000000000001e-06,0.0005167500000000001,5.135565996170044
BenchmarkTest01701.java,0,CWE-330,,,,0,0,1,0,0,0,1,0,,,,,,,,
BenchmarkTest01702.java,0,CWE-330,,,,0,0,1,0,0,0,1,0,,,,,,,,
BenchmarkTest01703.java,0,CWE-330,,,,0,0,1,0,0,0,1,0,,,,,,,,
BenchmarkTest01704.java,0,CWE-330,,,,0,0,1,0,0,0,1,0,,,,,,,,
BenchmarkTest01705.java,0,CWE-330,,,,0,0,1,0,0,0,1,0,,,,,,,,
BenchmarkTest01706.java,0,CWE-330,,,,0,0,1,0,0,0,1,0,,,,,,,,
BenchmarkTest01707.java,0,CWE-330,,,,0,0,1,0,0,0,1,0,,,,,,,,
BenchmarkTest01712.java,0,CWE-89,CWE-89,1,0,1,0,0,0,1,0,0,0,1098,5.4900000000000006e-05,1024,0.00040960000000000004,13,5.2e-06,0.0004697000000000001,4.618668556213379
BenchmarkTest01713.java,0,CWE-89,CWE-89,1,1,0,1,0,0,0,0,1,0,1113,5.5650000000000004e-05,576,0.00023040000000000002,12,4.800000000000001e-06,0.00029085000000000005,3.191765785217285
BenchmarkTest01714.java,0,CWE-89,CWE-89,1,1,0,1,0,0,0,0,1,0,1066,5.33e-05,704,0.0002816,12,4.800000000000001e-06,0.0003397,4.93017053604126
BenchmarkTest01715.java,0,CWE-89,CWE-89,1,0,1,0,0,0,1,0,0,0,1077,5.385e-05,640,0.000256,13,5.2e-06,0.00031505,4.864933967590332
BenchmarkTest01716.java,0,CWE-89,CWE-89,1,0,1,0,0,0,1,0,0,0,1082,5.41e-05,768,0.00030720000000000004,14,5.600000000000001e-06,0.0003669000000000001,5.146460771560669
BenchmarkTest01717.java,0,CWE-89,CWE-89,1,1,0,1,0,0,0,0,1,0,1127,5.635e-05,704,0.0002816,12,4.800000000000001e-06,0.00034275,5.006514549255371
BenchmarkTest01718.java,0,CWE-89,CWE-89,1,0,1,0,0,0,1,0,0,0,1096,5.4800000000000004e-05,832,0.0003328,13,5.2e-06,0.0003928,5.225020170211792
BenchmarkTest01719.java,0,CWE-89,CWE-89,1,1,0,1,0,0,0,0,1,0,1106,5.53e-05,2048,0.0008192000000000001,12,4.800000000000001e-06,0.0008793000000000001,10.387035846710205
BenchmarkTest01720.java,0,CWE-89,,,,0,0,0,1,0,0,0,1,,,,,,,,
BenchmarkTest01721.java,0,CWE-89,CWE-89,1,0,1,0,0,0,1,0,0,0,1218,6.09e-05,576,0.00023040000000000002,13,5.2e-06,0.00029650000000000005,2.887220859527588
BenchmarkTest01722.java,0,CWE-89,CWE-89,1,1,0,1,0,0,0,0,1,0,1292,6.460000000000001e-05,832,0.0003328,12,4.800000000000001e-06,0.0004022,5.099300861358643
BenchmarkTest01723.java,0,CWE-89,,,,0,0,0,1,0,0,0,1,,,,,,,,
BenchmarkTest01724.java,0,CWE-89,,,,0,0,0,1,0,0,0,1,,,,,,,,
BenchmarkTest01725.java,0,CWE-89,,,,0,0,0,1,0,0,0,1,,,,,,,,
BenchmarkTest01726.java,0,CWE-89,,,,0,0,0,1,0,0,0,1,,,,,,,,
BenchmarkTest01727.java,0,CWE-89,CWE-89,1,0,1,0,0,0,1,0,0,0,1078,5.39e-05,448,0.00017920000000000002,13,5.2e-06,0.00023830000000000002,3.1192989349365234
BenchmarkTest01728.java,0,CWE-89,CWE-89,1,0,1,0,0,0,1,0,0,0,1044,5.22e-05,576,0.00023040000000000002,13,5.2e-06,0.00028780000000000006,3.0686988830566406
BenchmarkTest01729.java,0,CWE-89,CWE-89,1,1,0,1,0,0,0,0,1,0,1103,5.5150000000000006e-05,704,0.0002816,12,4.800000000000001e-06,0.00034155000000000003,3.486853837966919
BenchmarkTest01730.java,0,CWE-89,CWE-89,1,0,1,0,0,0,1,0,0,0,1076,5.380000000000001e-05,1408,0.0005632,13,5.2e-06,0.0006222,7.3996498584747314
BenchmarkTest01731.java,0,CWE-89,CWE-89,1,0,1,0,0,0,1,0,0,0,1105,5.525e-05,448,0.00017920000000000002,13,5.2e-06,0.00023965000000000002,3.6555886268615723
BenchmarkTest01732.java,0,CWE-89,CWE-89,1,1,0,1,0,0,0,0,1,0,1043,5.215000000000001e-05,704,0.0002816,12,4.800000000000001e-06,0.00033855,3.9336037635803223
BenchmarkTest01733.java,0,CWE-89,CWE-89,1,0,1,0,0,0,1,0,0,0,1043,5.215000000000001e-05,384,0.00015360000000000002,13,5.2e-06,0.00021095000000000003,2.131793975830078
BenchmarkTest01734.java,0,CWE-643,CWE-643,1,0,1,0,0,0,1,0,0,0,1187,5.935e-05,640,0.000256,13,5.2e-06,0.00032055,3.7467756271362305
BenchmarkTest01735.java,0,CWE-643,CWE-643,1,1,0,1,0,0,0,0,1,0,1189,5.945e-05,704,0.0002816,12,4.800000000000001e-06,0.00034585000000000003,4.123042106628418
BenchmarkTest01736.java,0,CWE-643,CWE-643,1,0,1,0,0,0,1,0,0,0,1137,5.685e-05,832,0.0003328,13,5.2e-06,0.00039485000000000003,4.855579614639282
BenchmarkTest01737.java,0,CWE-327,,,,0,0,1,0,0,0,1,0,,,,,,,,
BenchmarkTest01738.java,0,CWE-327,,,,0,0,1,0,0,0,1,0,,,,,,,,
BenchmarkTest01739.java,0,CWE-327,,,,0,0,1,0,0,0,1,0,,,,,,,,
BenchmarkTest01740.java,0,CWE-327,CWE-327,1,0,1,0,0,0,1,0,0,0,1234,6.170000000000001e-05,1408,0.0005632,13,5.2e-06,0.0006301000000000001,6.860198974609375
BenchmarkTest01741.java,0,CWE-327,CWE-327,1,0,1,0,0,0,1,0,0,0,1287,6.435e-05,1216,0.00048640000000000006,13,5.2e-06,0.00055595,5.997843503952026
BenchmarkTest01742.java,0,CWE-327,CWE-327,1,0,1,0,0,0,1,0,0,0,1229,6.145e-05,960,0.000384,13,5.2e-06,0.00045065000000000003,6.074503660202026
BenchmarkTest01743.java,0,CWE-90,,,,0,0,1,0,0,0,1,0,,,,,,,,
BenchmarkTest01744.java,0,CWE-22,,,,0,0,1,0,0,0,1,0,,,,,,,,
BenchmarkTest01745.java,0,CWE-22,,,,0,0,1,0,0,0,1,0,,,,,,,,
BenchmarkTest01746.java,0,CWE-22,,,,0,0,1,0,0,0,1,0,,,,,,,,
BenchmarkTest01747.java,0,CWE-22,,,,0,0,1,0,0,0,1,0,,,,,,,,
BenchmarkTest01748.java,0,CWE-22,,,,0,0,1,0,0,0,1,0,,,,,,,,
BenchmarkTest01749.java,0,CWE-22,,,,0,0,1,0,0,0,1,0,,,,,,,,
BenchmarkTest01750.java,0,CWE-22,,,,0,0,1,0,0,0,1,0,,,,,,,,
BenchmarkTest01751.java,0,CWE-22,,,,0,0,1,0,0,0,1,0,,,,,,,,
BenchmarkTest01752.java,0,CWE-22,,,,0,0,1,0,0,0,1,0,,,,,,,,
BenchmarkTest01753.java,0,CWE-90,,,,0,0,1,0,0,0,1,0,,,,,,,,
BenchmarkTest01754.java,0,CWE-90,,,,0,0,1,0,0,0,1,0,,,,,,,,
BenchmarkTest01755.java,0,CWE-90,,,,0,0,1,0,0,0,1,0,,,,,,,,
BenchmarkTest01756.java,0,CWE-90,,,,0,0,1,0,0,0,1,0,,,,,,,,
BenchmarkTest01757.java,0,CWE-328,CWE-916,0,0,1,0,0,0,1,0,0,0,1320,6.6e-05,1280,0.000512,13,5.2e-06,0.0005832,7.636420249938965
BenchmarkTest01758.java,0,CWE-328,,,,0,0,1,0,0,0,1,0,,,,,,,,
BenchmarkTest01759.java,0,CWE-328,,,,0,0,1,0,0,0,1,0,,,,,,,,
BenchmarkTest01760.java,0,CWE-328,,,,0,0,1,0,0,0,1,0,,,,,,,,
BenchmarkTest01761.java,0,CWE-328,CWE-916,0,0,1,0,0,0,1,0,0,0,1252,6.26e-05,576,0.00023040000000000002,13,5.2e-06,0.00029820000000000004,5.371996164321899
BenchmarkTest01762.java,0,CWE-328,,,,0,0,1,0,0,0,1,0,,,,,,,,
BenchmarkTest01763.java,0,CWE-328,,,,0,0,1,0,0,0,1,0,,,,,,,,
BenchmarkTest01764.java,0,CWE-328,,,,0,0,1,0,0,0,1,0,,,,,,,,
BenchmarkTest01765.java,0,CWE-328,,,,0,0,0,1,0,0,0,1,,,,,,,,
BenchmarkTest01766.java,0,CWE-328,,,,0,0,0,1,0,0,0,1,,,,,,,,
BenchmarkTest01767.java,0,CWE-79,,,,0,0,1,0,0,0,1,0,,,,,,,,
BenchmarkTest01768.java,0,CWE-79,,,,0,0,1,0,0,0,1,0,,,,,,,,
BenchmarkTest01769.java,0,CWE-79,,,,0,0,1,0,0,0,1,0,,,,,,,,
BenchmarkTest01770.java,0,CWE-79,,,,0,0,1,0,0,0,1,0,,,,,,,,
BenchmarkTest01771.java,0,CWE-79,,,,0,0,1,0,0,0,1,0,,,,,,,,
BenchmarkTest01772.java,0,CWE-79,,,,0,0,1,0,0,0,1,0,,,,,,,,
BenchmarkTest01773.java,0,CWE-79,,,,0,0,1,0,0,0,1,0,,,,,,,,
BenchmarkTest01774.java,0,CWE-79,,,,0,0,1,0,0,0,1,0,,,,,,,,
BenchmarkTest01775.java,0,CWE-79,,,,0,0,1,0,0,0,1,0,,,,,,,,
BenchmarkTest01776.java,0,CWE-79,,,,0,0,1,0,0,0,1,0,,,,,,,,
BenchmarkTest01777.java,0,CWE-79,,,,0,0,1,0,0,0,1,0,,,,,,,,
BenchmarkTest01778.java,0,CWE-78,,,,0,0,1,0,0,0,1,0,,,,,,,,
BenchmarkTest01779.java,0,CWE-78,,,,0,0,1,0,0,0,1,0,,,,,,,,
BenchmarkTest01780.java,0,CWE-78,,,,0,0,1,0,0,0,1,0,,,,,,,,
BenchmarkTest01781.java,0,CWE-330,CWE-330,1,0,1,0,0,0,1,0,0,0,1295,6.475e-05,640,0.000256,13,5.2e-06,0.00032595,4.848249673843384
BenchmarkTest01782.java,0,CWE-330,CWE-330,1,0,1,0,0,0,1,0,0,0,1277,6.385000000000001e-05,832,0.0003328,13,5.2e-06,0.00040185000000000004,4.744934797286987
BenchmarkTest01783.java,0,CWE-330,CWE-330,1,0,1,0,0,0,1,0,0,0,1243,6.215e-05,896,0.00035840000000000004,14,5.600000000000001e-06,0.00042615000000000003,4.791064500808716
BenchmarkTest01784.java,0,CWE-330,CWE-330,1,0,1,0,0,0,1,0,0,0,1271,6.355e-05,704,0.0002816,13,5.2e-06,0.00035035000000000003,3.6013665199279785
BenchmarkTest01785.java,0,CWE-330,CWE-330,1,0,1,0,0,0,1,0,0,0,1233,6.165000000000001e-05,448,0.00017920000000000002,13,5.2e-06,0.00024605000000000004,2.6482350826263428
BenchmarkTest01786.java,0,CWE-330,CWE-330,1,0,1,0,0,0,1,0,0,0,1274,6.37e-05,512,0.00020480000000000002,13,5.2e-06,0.00027370000000000004,2.7874715328216553
BenchmarkTest01787.java,0,CWE-330,CWE-330,1,0,1,0,0,0,1,0,0,0,1213,6.0650000000000004e-05,1344,0.0005376000000000001,13,5.2e-06,0.0006034500000000001,6.338656902313232
BenchmarkTest01788.java,0,CWE-330,CWE-330,1,0,1,0,0,0,1,0,0,0,1238,6.19e-05,384,0.00015360000000000002,13,5.2e-06,0.00022070000000000002,2.453805685043335
BenchmarkTest01789.java,0,CWE-614,CWE-614,1,0,1,0,0,0,1,0,0,0,1023,5.115e-05,320,0.000128,13,5.2e-06,0.00018434999999999998,2.0759339332580566
BenchmarkTest01790.java,0,CWE-79,,,,0,0,1,0,0,0,1,0,,,,,,,,
BenchmarkTest01791.java,0,CWE-78,,,,0,0,1,0,0,0,1,0,,,,,,,,
BenchmarkTest01792.java,0,CWE-78,,,,0,0,1,0,0,0,1,0,,,,,,,,
BenchmarkTest01793.java,0,CWE-78,,,,0,0,1,0,0,0,1,0,,,,,,,,
BenchmarkTest01794.java,0,CWE-78,,,,0,0,1,0,0,0,1,0,,,,,,,,
BenchmarkTest01795.java,0,CWE-78,,,,0,0,1,0,0,0,1,0,,,,,,,,
BenchmarkTest01796.java,0,CWE-78,,,,0,0,1,0,0,0,1,0,,,,,,,,
BenchmarkTest01797.java,0,CWE-330,,,,0,0,1,0,0,0,1,0,,,,,,,,
BenchmarkTest01798.java,0,CWE-330,,,,0,0,1,0,0,0,1,0,,,,,,,,
BenchmarkTest01799.java,0,CWE-330,,,,0,0,1,0,0,0,1,0,,,,,,,,
BenchmarkTest01800.java,0,CWE-330,,,,0,0,1,0,0,0,1,0,,,,,,,,
BenchmarkTest01801.java,0,CWE-330,,,,0,0,1,0,0,0,1,0,,,,,,,,
BenchmarkTest01803.java,0,CWE-89,,,,0,0,1,0,0,0,1,0,,,,,,,,
BenchmarkTest01804.java,0,CWE-89,,,,0,0,1,0,0,0,1,0,,,,,,,,
BenchmarkTest01805.java,0,CWE-89,,,,0,0,1,0,0,0,1,0,,,,,,,,
BenchmarkTest01806.java,0,CWE-89,,,,0,0,1,0,0,0,1,0,,,,,,,,
BenchmarkTest01807.java,0,CWE-89,,,,0,0,1,0,0,0,1,0,,,,,,,,
BenchmarkTest01808.java,0,CWE-89,,,,0,0,1,0,0,0,1,0,,,,,,,,
BenchmarkTest01809.java,0,CWE-89,,,,0,0,1,0,0,0,1,0,,,,,,,,
BenchmarkTest01810.java,0,CWE-89,,,,0,0,1,0,0,0,1,0,,,,,,,,
BenchmarkTest01811.java,0,CWE-89,,,,0,0,1,0,0,0,1,0,,,,,,,,
BenchmarkTest01812.java,0,CWE-89,,,,0,0,1,0,0,0,1,0,,,,,,,,
BenchmarkTest01813.java,0,CWE-89,,,,0,0,1,0,0,0,1,0,,,,,,,,
BenchmarkTest01814.java,0,CWE-89,,,,0,0,1,0,0,0,1,0,,,,,,,,
BenchmarkTest01815.java,0,CWE-89,,,,0,0,1,0,0,0,1,0,,,,,,,,
BenchmarkTest01816.java,0,CWE-89,,,,0,0,1,0,0,0,1,0,,,,,,,,
BenchmarkTest01817.java,0,CWE-89,,,,0,0,1,0,0,0,1,0,,,,,,,,
BenchmarkTest01818.java,0,CWE-89,,,,0,0,1,0,0,0,1,0,,,,,,,,
BenchmarkTest01819.java,0,CWE-89,,,,0,0,1,0,0,0,1,0,,,,,,,,
BenchmarkTest01820.java,0,CWE-89,,,,0,0,1,0,0,0,1,0,,,,,,,,
BenchmarkTest01821.java,0,CWE-643,,,,0,0,1,0,0,0,1,0,,,,,,,,
BenchmarkTest01822.java,0,CWE-327,CWE-327,1,0,1,0,0,0,1,0,0,0,1767,8.835e-05,384,0.00015360000000000002,13,5.2e-06,0.00024715,2.082482099533081
BenchmarkTest01823.java,0,CWE-327,CWE-327,1,0,1,0,0,0,1,0,0,0,1717,8.585000000000001e-05,320,0.000128,13,5.2e-06,0.00021905,2.09956693649292
BenchmarkTest01824.java,0,CWE-327,,,,0,0,1,0,0,0,1,0,,,,,,,,
BenchmarkTest01825.java,0,CWE-327,,,,0,0,1,0,0,0,1,0,,,,,,,,
BenchmarkTest01826.java,0,CWE-327,,,,0,0,1,0,0,0,1,0,,,,,,,,
BenchmarkTest01827.java,0,CWE-327,,,,0,0,1,0,0,0,1,0,,,,,,,,
BenchmarkTest01828.java,0,CWE-327,,,,0,0,1,0,0,0,1,0,,,,,,,,
BenchmarkTest01829.java,0,CWE-327,CWE-327,1,0,1,0,0,0,1,0,0,0,1589,7.945e-05,1280,0.000512,13,5.2e-06,0.00059665,6.281308174133301
BenchmarkTest01830.java,0,CWE-327,CWE-327,1,0,1,0,0,0,1,0,0,0,1406,7.03e-05,512,0.00020480000000000002,13,5.2e-06,0.00028030000000000004,3.0472514629364014
BenchmarkTest01831.java,0,CWE-90,CWE-90,1,0,1,0,0,0,1,0,0,0,1350,6.75e-05,1024,0.00040960000000000004,13,5.2e-06,0.00048230000000000007,5.028862714767456
BenchmarkTest01832.java,0,CWE-90,CWE-90,1,0,1,0,0,0,1,0,0,0,1348,6.740000000000001e-05,1024,0.00040960000000000004,13,5.2e-06,0.00048220000000000007,4.755733251571655
BenchmarkTest01833.java,0,CWE-22,CWE-23,0,0,1,0,0,0,1,0,0,0,1406,7.03e-05,576,0.00023040000000000002,13,5.2e-06,0.0003059,3.6724331378936768
BenchmarkTest01834.java,0,CWE-22,CWE-23,0,0,0,1,0,0,0,1,0,0,1406,7.03e-05,832,0.0003328,14,5.600000000000001e-06,0.0004087,6.48985481262207
BenchmarkTest01835.java,0,CWE-22,CWE-23,0,0,1,0,0,0,1,0,0,0,1354,6.77e-05,960,0.000384,13,5.2e-06,0.00045690000000000005,4.560561418533325
BenchmarkTest01836.java,0,CWE-22,CWE-23,0,0,1,0,0,0,1,0,0,0,1535,7.675e-05,1856,0.0007424,13,5.2e-06,0.0008243500000000001,8.750882387161255
BenchmarkTest01837.java,0,CWE-22,CWE-23,0,1,0,1,0,0,0,0,1,0,1493,7.465000000000001e-05,896,0.00035840000000000004,12,4.800000000000001e-06,0.00043785000000000004,5.489887714385986
BenchmarkTest01838.java,0,CWE-22,CWE-23,0,1,0,1,0,0,0,0,1,0,1548,7.740000000000001e-05,832,0.0003328,12,4.800000000000001e-06,0.000415,7.068976402282715
BenchmarkTest01839.java,0,CWE-22,CWE-23,0,0,1,0,0,0,1,0,0,0,1388,6.94e-05,1152,0.00046080000000000003,13,5.2e-06,0.0005354,6.076879501342773
BenchmarkTest01840.java,0,CWE-22,CWE-23,0,0,1,0,0,0,1,0,0,0,1357,6.785000000000001e-05,896,0.00035840000000000004,13,5.2e-06,0.00043145000000000005,4.457270383834839
BenchmarkTest01841.java,0,CWE-22,CWE-23,0,1,0,1,0,0,0,0,1,0,1552,7.76e-05,3072,0.0012288000000000002,12,4.800000000000001e-06,0.0013112,12.020028829574585
BenchmarkTest01842.java,0,CWE-330,CWE-330,1,0,1,0,0,0,1,0,0,0,1376,6.879999999999999e-05,320,0.000128,13,5.2e-06,0.00020199999999999998,2.604580879211426
BenchmarkTest01843.java,0,CWE-330,CWE-330,1,0,1,0,0,0,1,0,0,0,1443,7.215e-05,1280,0.000512,14,5.600000000000001e-06,0.00058975,6.004572868347168
BenchmarkTest01844.java,0,CWE-328,CWE-916,0,0,1,0,0,0,1,0,0,0,1658,8.290000000000001e-05,1024,0.00040960000000000004,13,5.2e-06,0.0004977000000000001,4.823698997497559
BenchmarkTest01845.java,0,CWE-328,CWE-916,0,0,1,0,0,0,1,0,0,0,1455,7.275e-05,896,0.00035840000000000004,13,5.2e-06,0.00043635000000000006,4.655736207962036
BenchmarkTest01846.java,0,CWE-328,CWE-916,0,0,1,0,0,0,1,0,0,0,1433,7.165000000000001e-05,1280,0.000512,13,5.2e-06,0.00058885,5.305548906326294
BenchmarkTest01847.java,0,CWE-328,,,,0,0,1,0,0,0,1,0,,,,,,,,
BenchmarkTest01848.java,0,CWE-328,,,,0,0,1,0,0,0,1,0,,,,,,,,
BenchmarkTest01849.java,0,CWE-328,,,,0,0,1,0,0,0,1,0,,,,,,,,
BenchmarkTest01850.java,0,CWE-78,CWE-78,1,0,1,0,0,0,1,0,0,0,1133,5.665000000000001e-05,960,0.000384,13,5.2e-06,0.00044585,4.774417161941528
BenchmarkTest01851.java,0,CWE-78,CWE-78,1,0,1,0,0,0,1,0,0,0,1196,5.9800000000000003e-05,896,0.00035840000000000004,13,5.2e-06,0.00042340000000000005,4.643463134765625
BenchmarkTest01852.java,0,CWE-78,CWE-78,1,0,1,0,0,0,1,0,0,0,1142,5.71e-05,768,0.00030720000000000004,13,5.2e-06,0.00036950000000000004,3.912471055984497
BenchmarkTest01853.java,0,CWE-330,CWE-330,1,0,1,0,0,0,1,0,0,0,1428,7.14e-05,384,0.00015360000000000002,13,5.2e-06,0.0002302,2.926173210144043
BenchmarkTest01854.java,0,CWE-330,CWE-330,1,0,1,0,0,0,1,0,0,0,1613,8.065000000000001e-05,896,0.00035840000000000004,13,5.2e-06,0.0004442500000000001,4.610426902770996
BenchmarkTest01855.java,0,CWE-330,CWE-330,1,0,1,0,0,0,1,0,0,0,1418,7.09e-05,384,0.00015360000000000002,13,5.2e-06,0.00022970000000000003,2.7622554302215576
BenchmarkTest01856.java,0,CWE-330,CWE-330,1,0,1,0,0,0,1,0,0,0,1355,6.775e-05,640,0.000256,13,5.2e-06,0.00032895,3.8757522106170654
BenchmarkTest01857.java,0,CWE-330,CWE-330,1,0,1,0,0,0,1,0,0,0,1401,7.005e-05,320,0.000128,13,5.2e-06,0.00020324999999999998,3.5875933170318604
BenchmarkTest01858.java,0,CWE-330,CWE-330,1,0,1,0,0,0,1,0,0,0,1453,7.265e-05,256,0.00010240000000000001,13,5.2e-06,0.00018025,3.5054118633270264
BenchmarkTest01859.java,0,CWE-330,CWE-330,1,0,1,0,0,0,1,0,0,0,1368,6.840000000000001e-05,704,0.0002816,13,5.2e-06,0.00035520000000000007,4.95497989654541
BenchmarkTest01860.java,0,CWE-330,CWE-330,1,0,1,0,0,0,1,0,0,0,1364,6.82e-05,384,0.00015360000000000002,13,5.2e-06,0.00022700000000000002,3.8462276458740234
BenchmarkTest01861.java,0,CWE-614,CWE-614,1,0,1,0,0,0,1,0,0,0,1180,5.9e-05,896,0.00035840000000000004,13,5.2e-06,0.0004226000000000001,5.923664331436157
BenchmarkTest01862.java,0,CWE-614,,,,0,0,1,0,0,0,1,0,,,,,,,,
BenchmarkTest01863.java,0,CWE-614,,,,0,0,1,0,0,0,1,0,,,,,,,,
BenchmarkTest01864.java,0,CWE-78,CWE-78,1,0,1,0,0,0,1,0,0,0,1114,5.5700000000000005e-05,2240,0.000896,13,5.2e-06,0.0009569,12.54012417793274
BenchmarkTest01865.java,0,CWE-78,CWE-78,1,1,0,1,0,0,0,0,1,0,1162,5.81e-05,2240,0.000896,12,4.800000000000001e-06,0.0009589,9.965067148208618
BenchmarkTest01866.java,0,CWE-330,CWE-330,1,1,0,1,0,0,0,0,1,0,1487,7.435e-05,1344,0.0005376000000000001,12,4.800000000000001e-06,0.0006167500000000001,6.731182336807251
BenchmarkTest01867.java,0,CWE-330,CWE-330,1,0,0,1,0,0,0,1,0,0,1559,7.795e-05,1664,0.0006656,13,5.2e-06,0.0007487500000000001,7.7081522941589355
BenchmarkTest01868.java,0,CWE-330,,,,0,0,1,0,0,0,1,0,,,,,,,,
BenchmarkTest01869.java,0,CWE-330,,,,0,0,1,0,0,0,1,0,,,,,,,,
BenchmarkTest01870.java,0,CWE-330,,,,0,0,1,0,0,0,1,0,,,,,,,,
BenchmarkTest01871.java,0,CWE-330,,,,0,0,1,0,0,0,1,0,,,,,,,,
BenchmarkTest01877.java,0,CWE-89,CWE-89,1,1,0,1,0,0,0,0,1,0,1152,5.7600000000000004e-05,704,0.0002816,12,4.800000000000001e-06,0.000344,3.3405327796936035
BenchmarkTest01878.java,0,CWE-89,CWE-89,1,1,0,1,0,0,0,0,1,0,1066,5.33e-05,640,0.000256,12,4.800000000000001e-06,0.0003141,3.3753604888916016
BenchmarkTest01879.java,0,CWE-89,CWE-89,1,1,0,1,0,0,0,0,1,0,1120,5.6e-05,960,0.000384,12,4.800000000000001e-06,0.0004448,4.394991159439087
BenchmarkTest01880.java,0,CWE-89,CWE-89,1,1,0,1,0,0,0,0,1,0,1161,5.805e-05,512,0.00020480000000000002,13,5.2e-06,0.00026805000000000004,2.5979394912719727
BenchmarkTest01881.java,0,CWE-89,CWE-89,1,0,1,0,0,0,1,0,0,0,1131,5.6550000000000006e-05,832,0.0003328,13,5.2e-06,0.00039455,4.423894643783569
BenchmarkTest01882.java,0,CWE-89,CWE-89,1,0,1,0,0,0,1,0,0,0,1278,6.390000000000001e-05,384,0.00015360000000000002,13,5.2e-06,0.00022270000000000002,2.4770147800445557
BenchmarkTest01883.java,0,CWE-89,,,,0,0,0,1,0,0,0,1,,,,,,,,
BenchmarkTest01884.java,0,CWE-89,CWE-89,1,1,0,1,0,0,0,0,1,0,1077,5.385e-05,640,0.000256,12,4.800000000000001e-06,0.00031465,3.8069469928741455
BenchmarkTest01885.java,0,CWE-89,CWE-89,1,1,0,1,0,0,0,0,1,0,1081,5.4050000000000006e-05,1024,0.00040960000000000004,12,4.800000000000001e-06,0.00046845000000000003,5.342710018157959
BenchmarkTest01886.java,0,CWE-89,CWE-89,1,1,0,1,0,0,0,0,1,0,1248,6.240000000000001e-05,832,0.0003328,12,4.800000000000001e-06,0.0004,4.160948276519775
BenchmarkTest01887.java,0,CWE-89,CWE-89,1,0,1,0,0,0,1,0,0,0,1009,5.045e-05,448,0.00017920000000000002,13,5.2e-06,0.00023485000000000002,2.634897232055664
BenchmarkTest01888.java,0,CWE-89,CWE-89,1,0,1,0,0,0,1,0,0,0,1052,5.2600000000000005e-05,704,0.0002816,13,5.2e-06,0.0003394,5.024774551391602
BenchmarkTest01889.java,0,CWE-89,CWE-89,1,0,1,0,0,0,1,0,0,0,1018,5.0900000000000004e-05,448,0.00017920000000000002,13,5.2e-06,0.0002353,5.075934410095215
BenchmarkTest01890.java,0,CWE-89,CWE-89,1,0,1,0,0,0,1,0,0,0,1018,5.0900000000000004e-05,704,0.0002816,13,5.2e-06,0.0003377,5.013688087463379
BenchmarkTest01891.java,0,CWE-89,CWE-89,1,0,1,0,0,0,1,0,0,0,1057,5.2850000000000004e-05,704,0.0002816,13,5.2e-06,0.00033965000000000004,4.782899856567383
BenchmarkTest01892.java,0,CWE-643,CWE-643,1,0,1,0,0,0,1,0,0,0,1245,6.225e-05,832,0.0003328,13,5.2e-06,0.00040025,4.085331916809082
BenchmarkTest01893.java,0,CWE-643,CWE-643,1,1,0,1,0,0,0,0,1,0,1201,6.005e-05,640,0.000256,12,4.800000000000001e-06,0.00032085,4.0606231689453125
BenchmarkTest01894.java,0,CWE-643,CWE-643,1,0,1,0,0,0,1,0,0,0,1105,5.525e-05,640,0.000256,13,5.2e-06,0.00031645,3.8045759201049805
BenchmarkTest01895.java,0,CWE-327,CWE-327,1,0,1,0,0,0,1,0,0,0,1628,8.14e-05,320,0.000128,13,5.2e-06,0.00021459999999999998,2.3007943630218506
BenchmarkTest01896.java,0,CWE-327,,,,0,0,1,0,0,0,1,0,,,,,,,,
BenchmarkTest01897.java,0,CWE-327,CWE-327,1,0,1,0,0,0,1,0,0,0,1304,6.52e-05,384,0.00015360000000000002,13,5.2e-06,0.000224,2.985020637512207
BenchmarkTest01898.java,0,CWE-327,CWE-327,1,0,1,0,0,0,1,0,0,0,1329,6.645e-05,320,0.000128,13,5.2e-06,0.00019964999999999997,2.331613302230835
BenchmarkTest01899.java,0,CWE-327,,,,0,0,1,0,0,0,1,0,,,,,,,,
BenchmarkTest01900.java,0,CWE-327,CWE-327,1,0,1,0,0,0,1,0,0,0,1251,6.255e-05,1152,0.00046080000000000003,13,5.2e-06,0.00052855,5.540741205215454
BenchmarkTest01901.java,0,CWE-327,,,,0,0,1,0,0,0,1,0,,,,,,,,
BenchmarkTest01902.java,0,CWE-90,CWE-90,1,0,1,0,0,0,1,0,0,0,1194,5.97e-05,384,0.00015360000000000002,13,5.2e-06,0.00021850000000000003,2.3597240447998047
BenchmarkTest01903.java,0,CWE-90,CWE-90,1,1,0,1,0,0,0,0,1,0,1171,5.855000000000001e-05,704,0.0002816,12,4.800000000000001e-06,0.00034495,3.604246139526367
BenchmarkTest01904.java,0,CWE-22,CWE-23,0,0,1,0,0,0,1,0,0,0,1251,6.255e-05,832,0.0003328,14,5.600000000000001e-06,0.00040095000000000007,4.121913433074951
BenchmarkTest01905.java,0,CWE-22,CWE-23,0,1,0,1,0,0,0,0,1,0,1360,6.8e-05,576,0.00023040000000000002,12,4.800000000000001e-06,0.0003032,3.0428853034973145
BenchmarkTest01906.java,0,CWE-22,CWE-23,0,0,1,0,0,0,1,0,0,0,1273,6.365e-05,704,0.0002816,14,5.600000000000001e-06,0.00035085,4.58458685874939
BenchmarkTest01907.java,0,CWE-22,CWE-23,0,0,1,0,0,0,1,0,0,0,1239,6.195e-05,640,0.000256,13,5.2e-06,0.00032315,3.3339309692382812
BenchmarkTest01908.java,0,CWE-22,CWE-23,0,0,1,0,0,0,1,0,0,0,1395,6.975e-05,896,0.00035840000000000004,13,5.2e-06,0.00043335000000000004,4.821434259414673
BenchmarkTest01909.java,0,CWE-90,CWE-90,1,1,0,1,0,0,0,0,1,0,1258,6.290000000000001e-05,576,0.00023040000000000002,12,4.800000000000001e-06,0.00029810000000000004,3.1709601879119873
BenchmarkTest01910.java,0,CWE-330,CWE-330,1,0,1,0,0,0,1,0,0,0,1317,6.585000000000001e-05,1280,0.000512,13,5.2e-06,0.00058305,5.87730598449707
BenchmarkTest01911.java,0,CWE-328,CWE-916,0,0,1,0,0,0,1,0,0,0,1360,6.8e-05,640,0.000256,13,5.2e-06,0.0003292,3.477588415145874
BenchmarkTest01912.java,0,CWE-328,,,,0,0,1,0,0,0,1,0,,,,,,,,
BenchmarkTest01913.java,0,CWE-328,,,,0,0,1,0,0,0,1,0,,,,,,,,
BenchmarkTest01914.java,0,CWE-79,CWE-79,1,1,0,1,0,0,0,0,1,0,1359,6.795e-05,512,0.00020480000000000002,12,4.800000000000001e-06,0.00027755,3.084794044494629
BenchmarkTest01915.java,0,CWE-79,CWE-79,1,1,0,1,0,0,0,0,1,0,1312,6.560000000000001e-05,896,0.00035840000000000004,12,4.800000000000001e-06,0.00042880000000000007,4.455143213272095
BenchmarkTest01916.java,0,CWE-79,CWE-79,1,0,1,0,0,0,1,0,0,0,1278,6.390000000000001e-05,576,0.00023040000000000002,13,5.2e-06,0.00029950000000000007,3.8731913566589355
BenchmarkTest01917.java,0,CWE-79,CWE-79,1,1,0,1,0,0,0,0,1,0,1273,6.365e-05,832,0.0003328,12,4.800000000000001e-06,0.00040125,6.121933460235596
BenchmarkTest01918.java,0,CWE-79,CWE-79,1,1,0,1,0,0,0,0,1,0,1314,6.57e-05,896,0.00035840000000000004,12,4.800000000000001e-06,0.00042890000000000007,7.107316732406616
BenchmarkTest01919.java,0,CWE-79,CWE-79,1,0,1,0,0,0,1,0,0,0,1308,6.54e-05,1600,0.00064,13,5.2e-06,0.0007106,7.423180103302002
BenchmarkTest01920.java,0,CWE-79,CWE-79,1,0,1,0,0,0,1,0,0,0,1342,6.71e-05,768,0.00030720000000000004,13,5.2e-06,0.00037950000000000006,5.783560276031494
BenchmarkTest01921.java,0,CWE-79,CWE-79,1,0,1,0,0,0,1,0,0,0,1376,6.879999999999999e-05,448,0.00017920000000000002,13,5.2e-06,0.00025320000000000003,4.830880165100098
BenchmarkTest01922.java,0,CWE-79,CWE-79,1,0,1,0,0,0,1,0,0,0,1338,6.69e-05,2752,0.0011007999999999999,14,5.600000000000001e-06,0.0011732999999999997,12.926910161972046
BenchmarkTest01923.java,0,CWE-79,CWE-79,1,0,1,0,0,0,1,0,0,0,1296,6.48e-05,1792,0.0007168000000000001,13,5.2e-06,0.0007868000000000002,8.105811357498169
BenchmarkTest01924.java,0,CWE-79,CWE-79,1,1,0,1,0,0,0,0,1,0,1280,6.4e-05,2688,0.0010752000000000001,13,5.2e-06,0.0011444,12.312024593353271
BenchmarkTest01925.java,0,CWE-79,CWE-79,1,0,1,0,0,0,1,0,0,0,1312,6.560000000000001e-05,896,0.00035840000000000004,13,5.2e-06,0.0004292000000000001,4.363996267318726
BenchmarkTest01926.java,0,CWE-79,CWE-79,1,0,1,0,0,0,1,0,0,0,1292,6.460000000000001e-05,768,0.00030720000000000004,13,5.2e-06,0.00037700000000000006,3.927626848220825
BenchmarkTest01927.java,0,CWE-79,CWE-79,1,0,1,0,0,0,1,0,0,0,1301,6.505e-05,576,0.00023040000000000002,13,5.2e-06,0.00030065,3.4366180896759033
BenchmarkTest01928.java,0,CWE-78,CWE-78,1,0,1,0,0,0,1,0,0,0,1052,5.2600000000000005e-05,1088,0.00043520000000000006,14,5.600000000000001e-06,0.0004934000000000001,5.505460977554321
BenchmarkTest01929.java,0,CWE-78,CWE-78,1,0,1,0,0,0,1,0,0,0,1036,5.1800000000000005e-05,1024,0.00040960000000000004,13,5.2e-06,0.00046660000000000007,4.91801643371582
BenchmarkTest01930.java,0,CWE-330,CWE-330,1,0,1,0,0,0,1,0,0,0,1251,6.255e-05,1088,0.00043520000000000006,13,5.2e-06,0.0005029500000000001,5.478763818740845
BenchmarkTest01931.java,0,CWE-330,CWE-330,1,0,1,0,0,0,1,0,0,0,1452,7.26e-05,704,0.0002816,14,5.600000000000001e-06,0.00035980000000000007,3.59456205368042
BenchmarkTest01932.java,0,CWE-330,CWE-330,1,0,1,0,0,0,1,0,0,0,1277,6.385000000000001e-05,768,0.00030720000000000004,14,5.600000000000001e-06,0.0003766500000000001,4.992472171783447
BenchmarkTest01933.java,0,CWE-330,CWE-330,1,0,1,0,0,0,1,0,0,0,1222,6.110000000000001e-05,1024,0.00040960000000000004,13,5.2e-06,0.0004759000000000001,5.299733638763428
BenchmarkTest01934.java,0,CWE-330,CWE-330,1,0,1,0,0,0,1,0,0,0,1216,6.080000000000001e-05,512,0.00020480000000000002,13,5.2e-06,0.0002708,2.916548252105713
BenchmarkTest01935.java,0,CWE-614,,,,0,0,1,0,0,0,1,0,,,,,,,,
BenchmarkTest01936.java,0,CWE-78,CWE-78,1,0,1,0,0,0,1,0,0,0,993,4.965000000000001e-05,1280,0.000512,13,5.2e-06,0.00056685,5.827923536300659
BenchmarkTest01937.java,0,CWE-78,CWE-78,1,1,0,1,0,0,0,0,1,0,995,4.975e-05,960,0.000384,12,4.800000000000001e-06,0.00043855,8.443657875061035
BenchmarkTest01938.java,0,CWE-78,CWE-78,1,0,1,0,0,0,1,0,0,0,1108,5.5400000000000005e-05,2112,0.0008448,15,6e-06,0.0009062000000000001,12.537914514541626
BenchmarkTest01939.java,0,CWE-78,CWE-78,1,1,0,1,0,0,0,0,1,0,914,4.57e-05,2048,0.0008192000000000001,12,4.800000000000001e-06,0.0008697,15.556314706802368
BenchmarkTest01940.java,0,CWE-78,CWE-78,1,0,1,0,0,0,1,0,0,0,985,4.925e-05,1600,0.00064,14,5.600000000000001e-06,0.0006948500000000001,8.191630601882935
BenchmarkTest01941.java,0,CWE-78,CWE-78,1,1,0,1,0,0,0,0,1,0,1094,5.47e-05,1856,0.0007424,12,4.800000000000001e-06,0.0008019,8.986531257629395
BenchmarkTest01942.java,0,CWE-78,CWE-78,1,0,1,0,0,0,1,0,0,0,951,4.7550000000000004e-05,1536,0.0006144000000000001,13,5.2e-06,0.0006671500000000001,7.43344259262085
BenchmarkTest01943.java,0,CWE-78,CWE-78,1,1,0,1,0,0,0,0,1,0,1051,5.2550000000000003e-05,896,0.00035840000000000004,13,5.2e-06,0.00041615000000000006,4.743453502655029
BenchmarkTest01944.java,0,CWE-78,CWE-78,1,0,1,0,0,0,1,0,0,0,1043,5.215000000000001e-05,1408,0.0005632,13,5.2e-06,0.0006205500000000001,6.693997859954834
BenchmarkTest01945.java,0,CWE-330,,,,0,0,1,0,0,0,1,0,,,,,,,,
BenchmarkTest01946.java,0,CWE-330,,,,0,0,1,0,0,0,1,0,,,,,,,,
BenchmarkTest01947.java,0,CWE-330,,,,0,0,1,0,0,0,1,0,,,,,,,,
BenchmarkTest01948.java,0,CWE-330,,,,0,0,1,0,0,0,1,0,,,,,,,,
BenchmarkTest01949.java,0,CWE-330,,,,0,0,1,0,0,0,1,0,,,,,,,,
BenchmarkTest01950.java,0,CWE-330,,,,0,0,1,0,0,0,1,0,,,,,,,,
BenchmarkTest01951.java,0,CWE-330,,,,0,0,1,0,0,0,1,0,,,,,,,,
BenchmarkTest01952.java,0,CWE-330,,,,0,0,1,0,0,0,1,0,,,,,,,,
BenchmarkTest01953.java,0,CWE-330,,,,0,0,1,0,0,0,1,0,,,,,,,,
BenchmarkTest01954.java,0,CWE-330,,,,0,0,1,0,0,0,1,0,,,,,,,,
BenchmarkTest01961.java,0,CWE-89,CWE-89,1,0,0,1,0,0,0,1,0,0,1123,5.615e-05,1408,0.0005632,13,5.2e-06,0.0006245500000000001,5.893318176269531
BenchmarkTest01962.java,0,CWE-89,CWE-89,1,0,1,0,0,0,1,0,0,0,936,4.6800000000000006e-05,704,0.0002816,13,5.2e-06,0.00033360000000000003,3.4896457195281982
BenchmarkTest01963.java,0,CWE-89,CWE-89,1,0,1,0,0,0,1,0,0,0,900,4.5e-05,1856,0.0007424,14,5.600000000000001e-06,0.0007930000000000001,7.955320119857788
BenchmarkTest01964.java,0,CWE-89,CWE-89,1,0,1,0,0,0,1,0,0,0,1139,5.695e-05,576,0.00023040000000000002,13,5.2e-06,0.00029255000000000004,2.9990317821502686
BenchmarkTest01965.java,0,CWE-89,,,,0,0,1,0,0,0,1,0,,,,,,,,
BenchmarkTest01966.java,0,CWE-89,,,,0,0,1,0,0,0,1,0,,,,,,,,
BenchmarkTest01967.java,0,CWE-89,,,,0,0,1,0,0,0,1,0,,,,,,,,
BenchmarkTest01968.java,0,CWE-89,CWE-89,1,1,0,1,0,0,0,0,1,0,967,4.835e-05,832,0.0003328,12,4.800000000000001e-06,0.00038595000000000003,4.592233896255493
BenchmarkTest01969.java,0,CWE-89,CWE-89,1,1,0,1,0,0,0,0,1,0,902,4.51e-05,640,0.000256,12,4.800000000000001e-06,0.0003059,3.7191240787506104
BenchmarkTest01970.java,0,CWE-89,CWE-89,1,0,1,0,0,0,1,0,0,0,965,4.825e-05,576,0.00023040000000000002,13,5.2e-06,0.00028385000000000004,3.2421646118164062
BenchmarkTest01971.java,0,CWE-89,CWE-89,1,0,1,0,0,0,1,0,0,0,965,4.825e-05,384,0.00015360000000000002,13,5.2e-06,0.00020705000000000002,2.7640957832336426
BenchmarkTest01972.java,0,CWE-89,CWE-89,1,0,1,0,0,0,1,0,0,0,868,4.3400000000000005e-05,384,0.00015360000000000002,14,5.600000000000001e-06,0.00020260000000000002,3.3273861408233643
BenchmarkTest01973.java,0,CWE-89,CWE-89,1,1,0,1,0,0,0,0,1,0,948,4.740000000000001e-05,448,0.00017920000000000002,12,4.800000000000001e-06,0.00023140000000000004,3.3257176876068115
BenchmarkTest01974.java,0,CWE-643,CWE-643,1,0,1,0,0,0,1,0,0,0,1098,5.4900000000000006e-05,512,0.00020480000000000002,13,5.2e-06,0.00026490000000000004,4.381980895996094
BenchmarkTest01975.java,0,CWE-327,,,,0,0,1,0,0,0,1,0,,,,,,,,
BenchmarkTest01976.java,0,CWE-327,,,,0,0,1,0,0,0,1,0,,,,,,,,
BenchmarkTest01977.java,0,CWE-327,,,,0,0,1,0,0,0,1,0,,,,,,,,
BenchmarkTest01978.java,0,CWE-327,CWE-327,1,0,1,0,0,0,1,0,0,0,1345,6.725e-05,704,0.0002816,13,5.2e-06,0.00035405,4.487733602523804
BenchmarkTest01979.java,0,CWE-327,,,,0,0,1,0,0,0,1,0,,,,,,,,
BenchmarkTest01980.java,0,CWE-327,CWE-327,1,0,1,0,0,0,1,0,0,0,1300,6.5e-05,832,0.0003328,13,5.2e-06,0.00040300000000000004,5.365574598312378
BenchmarkTest01981.java,0,CWE-327,CWE-327,1,0,1,0,0,0,1,0,0,0,1310,6.55e-05,1216,0.00048640000000000006,13,5.2e-06,0.0005571,5.914388418197632
BenchmarkTest01982.java,0,CWE-327,,,,0,0,1,0,0,0,1,0,,,,,,,,
BenchmarkTest01983.java,0,CWE-22,CWE-23,0,0,1,0,0,0,1,0,0,0,1258,6.290000000000001e-05,2304,0.0009216000000000001,14,5.600000000000001e-06,0.0009901,9.429768800735474
BenchmarkTest01984.java,0,CWE-22,CWE-23,0,1,0,1,0,0,0,0,1,0,1326,6.63e-05,576,0.00023040000000000002,12,4.800000000000001e-06,0.0003015,3.0709733963012695
BenchmarkTest01985.java,0,CWE-22,CWE-23,0,1,1,0,0,0,0,0,0,1,1264,6.32e-05,1152,0.00046080000000000003,12,4.800000000000001e-06,0.0005288000000000001,5.378359317779541
BenchmarkTest01986.java,0,CWE-22,CWE-23,0,1,0,1,0,0,0,0,1,0,1467,7.335000000000001e-05,1024,0.00040960000000000004,12,4.800000000000001e-06,0.00048775000000000007,5.2919886112213135
BenchmarkTest01987.java,0,CWE-22,CWE-23,0,1,1,0,0,0,0,0,0,1,1459,7.295e-05,1728,0.0006912,12,4.800000000000001e-06,0.00076895,7.742867469787598
BenchmarkTest01988.java,0,CWE-22,CWE-23,0,0,1,0,0,0,1,0,0,0,1413,7.065000000000001e-05,1728,0.0006912,13,5.2e-06,0.00076705,7.483027219772339
BenchmarkTest01989.java,0,CWE-22,CWE-23,0,1,1,0,0,0,0,0,0,1,1289,6.445000000000001e-05,1216,0.00048640000000000006,13,5.2e-06,0.0005560500000000001,6.700568675994873
BenchmarkTest01990.java,0,CWE-22,CWE-23,0,1,0,1,0,0,0,0,1,0,1346,6.73e-05,640,0.000256,12,4.800000000000001e-06,0.0003281,3.189086437225342
BenchmarkTest01991.java,0,CWE-22,CWE-23,0,1,0,1,0,0,0,0,1,0,1613,8.065000000000001e-05,2048,0.0008192000000000001,12,4.800000000000001e-06,0.0009046500000000001,10.653072834014893
BenchmarkTest01992.java,0,CWE-330,CWE-330,1,0,1,0,0,0,1,0,0,0,1503,7.515000000000001e-05,448,0.00017920000000000002,13,5.2e-06,0.00025955000000000005,3.0208380222320557
BenchmarkTest01993.java,0,CWE-328,,,,0,0,1,0,0,0,1,0,,,,,,,,
BenchmarkTest01994.java,0,CWE-328,,,,0,0,1,0,0,0,1,0,,,,,,,,
BenchmarkTest01995.java,0,CWE-328,,,,0,0,1,0,0,0,1,0,,,,,,,,
BenchmarkTest01996.java,0,CWE-328,,,,0,0,0,1,0,0,0,1,,,,,,,,
BenchmarkTest01997.java,0,CWE-328,,,,0,0,0,1,0,0,0,1,,,,,,,,
BenchmarkTest01998.java,0,CWE-328,,,,0,0,1,0,0,0,1,0,,,,,,,,
BenchmarkTest01999.java,0,CWE-330,CWE-330,1,0,1,0,0,0,1,0,0,0,1387,6.935e-05,320,0.000128,13,5.2e-06,0.00020255,2.2867040634155273
BenchmarkTest02000.java,0,CWE-330,CWE-330,1,0,1,0,0,0,1,0,0,0,1307,6.535e-05,320,0.000128,13,5.2e-06,0.00019855,2.2982468605041504
BenchmarkTest02001.java,0,CWE-330,CWE-330,1,0,1,0,0,0,1,0,0,0,1292,6.460000000000001e-05,1344,0.0005376000000000001,14,5.600000000000001e-06,0.0006078000000000001,10.701783657073975
BenchmarkTest02002.java,0,CWE-330,CWE-330,1,0,1,0,0,0,1,0,0,0,1302,6.510000000000001e-05,896,0.00035840000000000004,13,5.2e-06,0.00042870000000000007,4.354841232299805
BenchmarkTest02003.java,0,CWE-330,CWE-330,1,0,1,0,0,0,1,0,0,0,1493,7.465000000000001e-05,448,0.00017920000000000002,13,5.2e-06,0.00025905000000000004,3.8132054805755615
BenchmarkTest02004.java,0,CWE-330,CWE-330,1,0,1,0,0,0,1,0,0,0,1259,6.295e-05,896,0.00035840000000000004,13,5.2e-06,0.00042655000000000004,5.215542793273926
BenchmarkTest02005.java,0,CWE-614,CWE-614,1,0,1,0,0,0,1,0,0,0,1131,5.6550000000000006e-05,1216,0.00048640000000000006,13,5.2e-06,0.0005481500000000001,8.037290811538696
BenchmarkTest02006.java,0,CWE-614,,,,0,0,1,0,0,0,1,0,,,,,,,,
BenchmarkTest02007.java,0,CWE-330,,,,0,0,1,0,0,0,1,0,,,,,,,,
BenchmarkTest02008.java,0,CWE-330,,,,0,0,1,0,0,0,1,0,,,,,,,,
BenchmarkTest02009.java,0,CWE-330,,,,0,0,1,0,0,0,1,0,,,,,,,,
BenchmarkTest02010.java,0,CWE-330,,,,0,0,1,0,0,0,1,0,,,,,,,,
BenchmarkTest02011.java,0,CWE-330,,,,0,0,1,0,0,0,1,0,,,,,,,,
BenchmarkTest02012.java,0,CWE-330,,,,0,0,1,0,0,0,1,0,,,,,,,,
BenchmarkTest02013.java,0,CWE-330,,,,0,0,1,0,0,0,1,0,,,,,,,,
BenchmarkTest02014.java,0,CWE-330,,,,0,0,1,0,0,0,1,0,,,,,,,,
BenchmarkTest02017.java,0,CWE-327,CWE-327,1,0,1,0,0,0,1,0,0,0,1590,7.95e-05,384,0.00015360000000000002,13,5.2e-06,0.00023830000000000002,3.7912113666534424
BenchmarkTest02018.java,0,CWE-327,CWE-327,1,0,1,0,0,0,1,0,0,0,1765,8.825e-05,320,0.000128,13,5.2e-06,0.00022145,4.055806636810303
BenchmarkTest02019.java,0,CWE-327,CWE-327,1,0,1,0,0,0,1,0,0,0,1577,7.885e-05,448,0.00017920000000000002,13,5.2e-06,0.00026325000000000003,4.05548095703125
BenchmarkTest02020.java,0,CWE-327,CWE-327,1,0,1,0,0,0,1,0,0,0,1708,8.54e-05,384,0.00015360000000000002,13,5.2e-06,0.0002442,3.689192771911621
BenchmarkTest02021.java,0,CWE-327,,,,0,0,1,0,0,0,1,0,,,,,,,,
BenchmarkTest02022.java,0,CWE-327,CWE-327,1,0,1,0,0,0,1,0,0,0,1264,6.32e-05,1472,0.0005888000000000001,13,5.2e-06,0.0006572000000000001,7.1895432472229
BenchmarkTest02023.java,0,CWE-327,CWE-327,1,0,1,0,0,0,1,0,0,0,1265,6.325e-05,960,0.000384,13,5.2e-06,0.00045245,4.403072118759155
BenchmarkTest02024.java,0,CWE-327,,,,0,0,1,0,0,0,1,0,,,,,,,,
BenchmarkTest02025.java,0,CWE-90,CWE-90,1,1,0,1,0,0,0,0,1,0,1174,5.8700000000000004e-05,576,0.00023040000000000002,12,4.800000000000001e-06,0.00029390000000000004,3.715693712234497
BenchmarkTest02026.java,0,CWE-22,CWE-23,0,1,0,1,0,0,0,0,1,0,1264,6.32e-05,832,0.0003328,12,4.800000000000001e-06,0.00040080000000000004,4.114376783370972
BenchmarkTest02027.java,0,CWE-22,CWE-23,0,0,1,0,0,0,1,0,0,0,1215,6.075e-05,1088,0.00043520000000000006,13,5.2e-06,0.0005011500000000001,6.003060817718506
BenchmarkTest02028.java,0,CWE-22,CWE-23,0,1,0,1,0,0,0,0,1,0,1271,6.355e-05,640,0.000256,12,4.800000000000001e-06,0.00032435,3.4019711017608643
BenchmarkTest02029.java,0,CWE-22,CWE-23,0,1,0,1,0,0,0,0,1,0,1275,6.375e-05,576,0.00023040000000000002,12,4.800000000000001e-06,0.00029895000000000003,2.9118785858154297
BenchmarkTest02030.java,0,CWE-22,CWE-23,0,1,0,1,0,0,0,0,1,0,1561,7.805000000000001e-05,1856,0.0007424,12,4.800000000000001e-06,0.00082525,10.449900388717651
BenchmarkTest02031.java,0,CWE-22,CWE-23,0,1,0,1,0,0,0,0,1,0,1347,6.735000000000001e-05,640,0.000256,12,4.800000000000001e-06,0.00032815000000000003,3.3586320877075195
BenchmarkTest02032.java,0,CWE-22,CWE-23,0,0,1,0,0,0,1,0,0,0,1305,6.525e-05,640,0.000256,13,5.2e-06,0.00032645,3.7400450706481934
BenchmarkTest02033.java,0,CWE-22,CWE-23,0,1,0,1,0,0,0,0,1,0,1309,6.545e-05,640,0.000256,12,4.800000000000001e-06,0.00032625,4.132048845291138
BenchmarkTest02034.java,0,CWE-22,CWE-23,0,0,1,0,0,0,1,0,0,0,1215,6.075e-05,1600,0.00064,13,5.2e-06,0.0007059500000000001,7.939495801925659
BenchmarkTest02035.java,0,CWE-22,CWE-23,0,1,0,1,0,0,0,0,1,0,1371,6.855e-05,640,0.000256,12,4.800000000000001e-06,0.00032935,3.7082159519195557
BenchmarkTest02036.java,0,CWE-90,CWE-90,1,0,1,0,0,0,1,0,0,0,1254,6.27e-05,1344,0.0005376000000000001,13,5.2e-06,0.0006055,7.68850564956665
BenchmarkTest02037.java,0,CWE-90,CWE-90,1,0,1,0,0,0,1,0,0,0,1215,6.075e-05,704,0.0002816,13,5.2e-06,0.00034755,3.888118028640747
BenchmarkTest02038.java,0,CWE-330,CWE-330,1,0,1,0,0,0,1,0,0,0,1306,6.53e-05,320,0.000128,13,5.2e-06,0.00019849999999999997,6.239557504653931
BenchmarkTest02039.java,0,CWE-330,CWE-330,1,0,1,0,0,0,1,0,0,0,1250,6.25e-05,512,0.00020480000000000002,13,5.2e-06,0.00027250000000000006,6.872359991073608
BenchmarkTest02040.java,0,CWE-330,CWE-330,1,0,1,0,0,0,1,0,0,0,1325,6.625e-05,704,0.0002816,13,5.2e-06,0.00035305000000000004,5.314393758773804
BenchmarkTest02041.java,0,CWE-328,,,,0,0,1,0,0,0,1,0,,,,,,,,
BenchmarkTest02042.java,0,CWE-328,CWE-916,0,0,1,0,0,0,1,0,0,0,1288,6.440000000000001e-05,1152,0.00046080000000000003,13,5.2e-06,0.0005304000000000001,5.990666389465332
BenchmarkTest02043.java,0,CWE-328,,,,0,0,1,0,0,0,1,0,,,,,,,,
BenchmarkTest02044.java,0,CWE-328,,,,0,0,1,0,0,0,1,0,,,,,,,,
BenchmarkTest02045.java,0,CWE-79,CWE-79,1,1,0,1,0,0,0,0,1,0,1371,6.855e-05,512,0.00020480000000000002,12,4.800000000000001e-06,0.00027815,5.729396104812622
BenchmarkTest02046.java,0,CWE-79,CWE-79,1,0,1,0,0,0,1,0,0,0,1356,6.78e-05,384,0.00015360000000000002,13,5.2e-06,0.0002266,2.755276918411255
BenchmarkTest02047.java,0,CWE-79,CWE-79,1,0,1,0,0,0,1,0,0,0,1306,6.53e-05,896,0.00035840000000000004,13,5.2e-06,0.00042890000000000007,5.865142345428467
BenchmarkTest02048.java,0,CWE-79,CWE-79,1,1,0,1,0,0,0,0,1,0,1529,7.645e-05,1280,0.000512,12,4.800000000000001e-06,0.00059325,5.478165626525879
BenchmarkTest02049.java,0,CWE-79,CWE-79,1,1,0,1,0,0,0,0,1,0,1307,6.535e-05,1024,0.00040960000000000004,12,4.800000000000001e-06,0.00047975000000000003,4.73414421081543
BenchmarkTest02050.java,0,CWE-79,CWE-79,1,0,1,0,0,0,1,0,0,0,1328,6.64e-05,576,0.00023040000000000002,13,5.2e-06,0.000302,4.017189264297485
BenchmarkTest02051.java,0,CWE-79,CWE-79,1,0,1,0,0,0,1,0,0,0,1320,6.6e-05,640,0.000256,13,5.2e-06,0.00032720000000000004,3.5236470699310303
BenchmarkTest02052.java,0,CWE-79,CWE-79,1,1,0,1,0,0,0,0,1,0,1391,6.955e-05,768,0.00030720000000000004,12,4.800000000000001e-06,0.00038155000000000003,5.272289276123047
BenchmarkTest02053.java,0,CWE-79,CWE-79,1,1,0,1,0,0,0,0,1,0,1326,6.63e-05,1088,0.00043520000000000006,12,4.800000000000001e-06,0.0005063000000000001,5.143165349960327
BenchmarkTest02054.java,0,CWE-79,CWE-79,1,0,1,0,0,0,1,0,0,0,1295,6.475e-05,1344,0.0005376000000000001,13,5.2e-06,0.0006075500000000001,6.067420721054077
BenchmarkTest02055.java,0,CWE-79,CWE-79,1,0,1,0,0,0,1,0,0,0,1297,6.485e-05,960,0.000384,13,5.2e-06,0.00045405,5.07198166847229
BenchmarkTest02056.java,0,CWE-79,CWE-79,1,0,1,0,0,0,1,0,0,0,1353,6.765e-05,448,0.00017920000000000002,13,5.2e-06,0.00025205000000000003,2.45318603515625
BenchmarkTest02057.java,0,CWE-79,CWE-79,1,0,1,0,0,0,1,0,0,0,1388,6.94e-05,640,0.000256,13,5.2e-06,0.0003306,3.9251389503479004
BenchmarkTest02058.java,0,CWE-78,CWE-78,1,1,0,1,0,0,0,0,1,0,1035,5.175e-05,1728,0.0006912,12,4.800000000000001e-06,0.00074775,7.66611909866333
BenchmarkTest02059.java,0,CWE-78,CWE-78,1,0,1,0,0,0,1,0,0,0,1056,5.28e-05,1024,0.00040960000000000004,13,5.2e-06,0.00046760000000000004,4.425348281860352
BenchmarkTest02060.java,0,CWE-330,CWE-330,1,0,1,0,0,0,1,0,0,0,1287,6.435e-05,512,0.00020480000000000002,13,5.2e-06,0.00027435000000000003,3.969893455505371
BenchmarkTest02061.java,0,CWE-330,CWE-330,1,0,1,0,0,0,1,0,0,0,1251,6.255e-05,448,0.00017920000000000002,13,5.2e-06,0.00024695,4.236871242523193
BenchmarkTest02062.java,0,CWE-330,CWE-330,1,0,1,0,0,0,1,0,0,0,1453,7.265e-05,1088,0.00043520000000000006,13,5.2e-06,0.00051305,7.4017603397369385
BenchmarkTest02063.java,0,CWE-330,CWE-330,1,0,1,0,0,0,1,0,0,0,1233,6.165000000000001e-05,768,0.00030720000000000004,13,5.2e-06,0.00037405000000000007,7.933169364929199
BenchmarkTest02064.java,0,CWE-614,,,,0,0,1,0,0,0,1,0,,,,,,,,
BenchmarkTest02065.java,0,CWE-614,,,,0,0,1,0,0,0,1,0,,,,,,,,
BenchmarkTest02066.java,0,CWE-614,,,,0,0,1,0,0,0,1,0,,,,,,,,
BenchmarkTest02067.java,0,CWE-78,CWE-78,1,1,0,1,0,0,0,0,1,0,1126,5.6300000000000006e-05,832,0.0003328,12,4.800000000000001e-06,0.00039390000000000003,6.6511170864105225
BenchmarkTest02068.java,0,CWE-78,CWE-78,1,1,0,1,0,0,0,0,1,0,922,4.61e-05,576,0.00023040000000000002,12,4.800000000000001e-06,0.0002813,3.9816179275512695
BenchmarkTest02069.java,0,CWE-78,CWE-78,1,1,0,1,0,0,0,0,1,0,1036,5.1800000000000005e-05,1216,0.00048640000000000006,13,5.2e-06,0.0005434000000000001,6.976929426193237
BenchmarkTest02070.java,0,CWE-78,CWE-78,1,0,1,0,0,0,1,0,0,0,917,4.585e-05,1856,0.0007424,13,5.2e-06,0.0007934500000000001,9.768930196762085
BenchmarkTest02071.java,0,CWE-330,,,,0,0,1,0,0,0,1,0,,,,,,,,
BenchmarkTest02072.java,0,CWE-330,,,,0,0,1,0,0,0,1,0,,,,,,,,
BenchmarkTest02073.java,0,CWE-330,,,,0,0,1,0,0,0,1,0,,,,,,,,
BenchmarkTest02074.java,0,CWE-330,,,,0,0,1,0,0,0,1,0,,,,,,,,
BenchmarkTest02075.java,0,CWE-330,CWE-330,1,1,0,1,0,0,0,0,1,0,1367,6.835000000000001e-05,2112,0.0008448,12,4.800000000000001e-06,0.0009179500000000001,9.703222513198853
BenchmarkTest02076.java,0,CWE-330,CWE-330,1,1,0,1,0,0,0,0,1,0,1407,7.035e-05,1408,0.0005632,13,5.2e-06,0.0006387500000000001,6.426479339599609
BenchmarkTest02077.java,0,CWE-330,,,,0,0,1,0,0,0,1,0,,,,,,,,
BenchmarkTest02078.java,0,CWE-330,,,,0,0,1,0,0,0,1,0,,,,,,,,
BenchmarkTest02079.java,0,CWE-330,,,,0,0,1,0,0,0,1,0,,,,,,,,
BenchmarkTest02080.java,0,CWE-330,,,,0,0,1,0,0,0,1,0,,,,,,,,
BenchmarkTest02081.java,0,CWE-330,,,,0,0,1,0,0,0,1,0,,,,,,,,
BenchmarkTest02082.java,0,CWE-330,,,,0,0,1,0,0,0,1,0,,,,,,,,
BenchmarkTest02083.java,0,CWE-330,,,,0,0,1,0,0,0,1,0,,,,,,,,
BenchmarkTest02087.java,0,CWE-89,CWE-89,1,0,1,0,0,0,1,0,0,0,927,4.635e-05,1600,0.00064,15,6e-06,0.0006923500000000001,7.707597732543945
BenchmarkTest02088.java,0,CWE-89,CWE-89,1,0,1,0,0,0,1,0,0,0,944,4.72e-05,1344,0.0005376000000000001,15,6e-06,0.0005908,6.324260473251343
BenchmarkTest02089.java,0,CWE-89,CWE-89,1,1,0,1,0,0,0,0,1,0,948,4.740000000000001e-05,1024,0.00040960000000000004,12,4.800000000000001e-06,0.00046180000000000006,5.260317325592041
BenchmarkTest02090.java,0,CWE-89,,,,0,0,0,1,0,0,0,1,,,,,,,,
BenchmarkTest02091.java,0,CWE-89,CWE-89,1,0,1,0,0,0,1,0,0,0,1059,5.295e-05,512,0.00020480000000000002,13,5.2e-06,0.00026295,2.7255043983459473
BenchmarkTest02092.java,0,CWE-89,CWE-89,1,0,1,0,0,0,1,0,0,0,937,4.685e-05,832,0.0003328,14,5.600000000000001e-06,0.00038525000000000007,5.768618106842041
BenchmarkTest02093.java,0,CWE-89,CWE-89,1,1,0,1,0,0,0,0,1,0,959,4.795e-05,576,0.00023040000000000002,12,4.800000000000001e-06,0.00028315,3.410956859588623
BenchmarkTest02094.java,0,CWE-89,CWE-89,1,0,1,0,0,0,1,0,0,0,904,4.52e-05,448,0.00017920000000000002,13,5.2e-06,0.00022960000000000002,2.8673412799835205
BenchmarkTest02095.java,0,CWE-89,CWE-89,1,1,0,1,0,0,0,0,1,0,983,4.915000000000001e-05,640,0.000256,12,4.800000000000001e-06,0.00030995,3.5871899127960205
BenchmarkTest02096.java,0,CWE-89,CWE-89,1,0,1,0,0,0,1,0,0,0,925,4.625e-05,832,0.0003328,13,5.2e-06,0.00038425000000000004,4.152464866638184
BenchmarkTest02097.java,0,CWE-89,CWE-89,1,1,0,1,0,0,0,0,1,0,979,4.8950000000000004e-05,832,0.0003328,12,4.800000000000001e-06,0.00038655000000000004,5.548539638519287
BenchmarkTest02098.java,0,CWE-89,CWE-89,1,1,0,1,0,0,0,0,1,0,967,4.835e-05,704,0.0002816,12,4.800000000000001e-06,0.00033475000000000003,4.848007678985596
BenchmarkTest02099.java,0,CWE-89,CWE-89,1,0,1,0,0,0,1,0,0,0,925,4.625e-05,640,0.000256,13,5.2e-06,0.00030745,5.251211643218994
BenchmarkTest02100.java,0,CWE-643,CWE-643,1,0,1,0,0,0,1,0,0,0,1117,5.585e-05,832,0.0003328,13,5.2e-06,0.00039385000000000006,5.162837266921997
BenchmarkTest02101.java,0,CWE-327,CWE-327,1,0,1,0,0,0,1,0,0,0,1600,8e-05,448,0.00017920000000000002,13,5.2e-06,0.00026440000000000003,4.17376184463501
BenchmarkTest02102.java,0,CWE-327,,,,0,0,1,0,0,0,1,0,,,,,,,,
BenchmarkTest02103.java,0,CWE-327,,,,0,0,1,0,0,0,1,0,,,,,,,,
BenchmarkTest02104.java,0,CWE-90,CWE-90,1,1,0,1,0,0,0,0,1,0,1199,5.995e-05,896,0.00035840000000000004,12,4.800000000000001e-06,0.00042315000000000007,7.349104166030884
BenchmarkTest02105.java,0,CWE-22,CWE-23,0,0,1,0,0,0,1,0,0,0,1212,6.06e-05,1088,0.00043520000000000006,13,5.2e-06,0.000501,5.902077674865723
BenchmarkTest02106.java,0,CWE-22,CWE-23,0,0,1,0,0,0,1,0,0,0,1183,5.915000000000001e-05,640,0.000256,13,5.2e-06,0.00032035,4.410735607147217
BenchmarkTest02107.java,0,CWE-22,CWE-23,0,1,0,1,0,0,0,0,1,0,1176,5.8800000000000006e-05,512,0.00020480000000000002,12,4.800000000000001e-06,0.0002684,2.812405824661255
BenchmarkTest02108.java,0,CWE-22,CWE-23,0,1,0,1,0,0,0,0,1,0,1292,6.460000000000001e-05,512,0.00020480000000000002,12,4.800000000000001e-06,0.00027420000000000005,2.8365931510925293
BenchmarkTest02109.java,0,CWE-22,CWE-23,0,0,1,0,0,0,1,0,0,0,1230,6.15e-05,1024,0.00040960000000000004,13,5.2e-06,0.00047630000000000003,6.712238073348999
BenchmarkTest02110.java,0,CWE-22,CWE-23,0,1,0,1,0,0,0,0,1,0,1252,6.26e-05,1024,0.00040960000000000004,12,4.800000000000001e-06,0.00047700000000000005,4.76469087600708
BenchmarkTest02111.java,0,CWE-22,CWE-23,0,1,0,1,0,0,0,0,1,0,1213,6.0650000000000004e-05,960,0.000384,12,4.800000000000001e-06,0.00044945,4.2549355030059814
BenchmarkTest02112.java,0,CWE-22,CWE-23,0,0,1,0,0,0,1,0,0,0,1276,6.38e-05,512,0.00020480000000000002,13,5.2e-06,0.00027380000000000004,2.7421367168426514
BenchmarkTest02113.java,0,CWE-22,CWE-23,0,0,1,0,0,0,1,0,0,0,1399,6.995e-05,512,0.00020480000000000002,13,5.2e-06,0.00027995000000000006,2.90169358253479
BenchmarkTest02114.java,0,CWE-90,CWE-90,1,1,0,1,0,0,0,0,1,0,1221,6.105e-05,1088,0.00043520000000000006,13,5.2e-06,0.0005014500000000001,5.986114740371704
BenchmarkTest02115.java,0,CWE-90,CWE-90,1,1,0,1,0,0,0,0,1,0,1254,6.27e-05,704,0.0002816,12,4.800000000000001e-06,0.00034910000000000003,3.6745364665985107
BenchmarkTest02116.java,0,CWE-90,CWE-90,1,1,0,1,0,0,0,0,1,0,1213,6.0650000000000004e-05,448,0.00017920000000000002,12,4.800000000000001e-06,0.00024465,2.4249165058135986
BenchmarkTest02117.java,0,CWE-330,CWE-330,1,0,1,0,0,0,1,0,0,0,1293,6.465e-05,640,0.000256,13,5.2e-06,0.00032585000000000003,4.4579198360443115
BenchmarkTest02118.java,0,CWE-328,CWE-916,0,0,1,0,0,0,1,0,0,0,1284,6.42e-05,640,0.000256,13,5.2e-06,0.0003254,3.486501932144165
BenchmarkTest02119.java,0,CWE-328,,,,0,0,1,0,0,0,1,0,,,,,,,,
BenchmarkTest02120.java,0,CWE-328,,,,0,0,1,0,0,0,1,0,,,,,,,,
BenchmarkTest02121.java,0,CWE-328,,,,0,0,0,1,0,0,0,1,,,,,,,,
BenchmarkTest02122.java,0,CWE-79,CWE-79,1,1,0,1,0,0,0,0,1,0,1366,6.829999999999999e-05,768,0.00030720000000000004,12,4.800000000000001e-06,0.00038030000000000003,3.9065403938293457
BenchmarkTest02123.java,0,CWE-79,CWE-79,1,0,1,0,0,0,1,0,0,0,1282,6.410000000000001e-05,832,0.0003328,13,5.2e-06,0.00040210000000000007,4.782914638519287
BenchmarkTest02124.java,0,CWE-79,CWE-79,1,0,1,0,0,0,1,0,0,0,1290,6.45e-05,1792,0.0007168000000000001,17,6.800000000000001e-06,0.0007881,10.368872880935669
BenchmarkTest02125.java,0,CWE-79,CWE-79,1,1,0,1,0,0,0,0,1,0,1243,6.215e-05,576,0.00023040000000000002,12,4.800000000000001e-06,0.00029735000000000004,6.263271331787109
BenchmarkTest02126.java,0,CWE-79,CWE-79,1,0,1,0,0,0,1,0,0,0,1451,7.255e-05,2240,0.000896,13,5.2e-06,0.00097375,11.37969160079956
BenchmarkTest02127.java,0,CWE-79,CWE-79,1,0,1,0,0,0,1,0,0,0,1264,6.32e-05,384,0.00015360000000000002,13,5.2e-06,0.000222,5.290811777114868
BenchmarkTest02128.java,0,CWE-79,CWE-79,1,0,1,0,0,0,1,0,0,0,1266,6.330000000000001e-05,512,0.00020480000000000002,13,5.2e-06,0.00027330000000000003,3.949488639831543
BenchmarkTest02129.java,0,CWE-79,CWE-79,1,0,1,0,0,0,1,0,0,0,1272,6.36e-05,832,0.0003328,13,5.2e-06,0.0004016,4.286751985549927
BenchmarkTest02130.java,0,CWE-79,CWE-79,1,0,1,0,0,0,1,0,0,0,1281,6.405e-05,576,0.00023040000000000002,13,5.2e-06,0.00029965000000000005,3.5045759677886963
BenchmarkTest02131.java,0,CWE-79,CWE-79,1,0,1,0,0,0,1,0,0,0,1281,6.405e-05,1408,0.0005632,13,5.2e-06,0.00063245,6.334967374801636
BenchmarkTest02132.java,0,CWE-79,CWE-79,1,0,1,0,0,0,1,0,0,0,1451,7.255e-05,1472,0.0005888000000000001,13,5.2e-06,0.0006665500000000001,6.914484262466431
BenchmarkTest02133.java,0,CWE-79,CWE-79,1,0,1,0,0,0,1,0,0,0,1260,6.3e-05,512,0.00020480000000000002,13,5.2e-06,0.000273,3.0415115356445312
BenchmarkTest02134.java,0,CWE-79,CWE-79,1,0,1,0,0,0,1,0,0,0,1268,6.340000000000001e-05,576,0.00023040000000000002,13,5.2e-06,0.00029900000000000006,5.603149652481079
BenchmarkTest02135.java,0,CWE-79,CWE-79,1,1,0,1,0,0,0,0,1,0,1465,7.325e-05,896,0.00035840000000000004,12,4.800000000000001e-06,0.00043645000000000006,7.098670721054077
BenchmarkTest02136.java,0,CWE-79,CWE-79,1,0,1,0,0,0,1,0,0,0,1288,6.440000000000001e-05,384,0.00015360000000000002,13,5.2e-06,0.00022320000000000003,4.023880958557129
BenchmarkTest02137.java,0,CWE-78,CWE-78,1,0,1,0,0,0,1,0,0,0,965,4.825e-05,704,0.0002816,13,5.2e-06,0.00033505000000000004,4.972972869873047
BenchmarkTest02138.java,0,CWE-330,CWE-330,1,0,1,0,0,0,1,0,0,0,1251,6.255e-05,320,0.000128,13,5.2e-06,0.00019575,3.0989763736724854
BenchmarkTest02139.java,0,CWE-330,CWE-330,1,0,1,0,0,0,1,0,0,0,1217,6.085e-05,512,0.00020480000000000002,13,5.2e-06,0.00027085000000000005,3.1689541339874268
BenchmarkTest02140.java,0,CWE-330,CWE-330,1,0,1,0,0,0,1,0,0,0,1225,6.125e-05,448,0.00017920000000000002,13,5.2e-06,0.00024565000000000003,2.5569350719451904
BenchmarkTest02141.java,0,CWE-330,CWE-330,1,0,1,0,0,0,1,0,0,0,1187,5.935e-05,512,0.00020480000000000002,13,5.2e-06,0.00026935,3.247710704803467
BenchmarkTest02142.java,0,CWE-614,CWE-614,1,0,1,0,0,0,1,0,0,0,1045,5.225e-05,448,0.00017920000000000002,13,5.2e-06,0.00023665,2.727182626724243
BenchmarkTest02143.java,0,CWE-614,,,,0,0,1,0,0,0,1,0,,,,,,,,
BenchmarkTest02144.java,0,CWE-614,,,,0,0,1,0,0,0,1,0,,,,,,,,
BenchmarkTest02145.java,0,CWE-79,CWE-79,1,0,1,0,0,0,1,0,0,0,1457,7.285000000000001e-05,1216,0.00048640000000000006,13,5.2e-06,0.0005644500000000001,5.602482557296753
BenchmarkTest02146.java,0,CWE-78,CWE-78,1,0,1,0,0,0,1,0,0,0,963,4.8150000000000005e-05,960,0.000384,13,5.2e-06,0.00043735000000000003,7.462059020996094
BenchmarkTest02147.java,0,CWE-78,CWE-78,1,0,1,0,0,0,1,0,0,0,903,4.5150000000000006e-05,1024,0.00040960000000000004,13,5.2e-06,0.00045995000000000004,6.055084705352783
BenchmarkTest02148.java,0,CWE-78,CWE-78,1,1,0,1,0,0,0,0,1,0,1238,6.19e-05,3072,0.0012288000000000002,12,4.800000000000001e-06,0.0012955,14.554593324661255
BenchmarkTest02149.java,0,CWE-78,CWE-78,1,1,0,1,0,0,0,0,1,0,1040,5.2e-05,768,0.00030720000000000004,12,4.800000000000001e-06,0.00036400000000000007,6.224736928939819
BenchmarkTest02150.java,0,CWE-78,CWE-78,1,0,1,0,0,0,1,0,0,0,1101,5.505e-05,1920,0.000768,14,5.600000000000001e-06,0.00082865,9.873927354812622
BenchmarkTest02151.java,0,CWE-78,CWE-78,1,0,1,0,0,0,1,0,0,0,1078,5.39e-05,1664,0.0006656,13,5.2e-06,0.0007247,8.715155124664307
BenchmarkTest02152.java,0,CWE-78,CWE-78,1,0,1,0,0,0,1,0,0,0,1060,5.3e-05,1216,0.00048640000000000006,13,5.2e-06,0.0005446000000000001,6.517685890197754
BenchmarkTest02153.java,0,CWE-78,CWE-78,1,0,0,1,0,0,0,1,0,0,1088,5.440000000000001e-05,2560,0.001024,13,5.2e-06,0.0010835999999999999,11.589149713516235
BenchmarkTest02154.java,0,CWE-78,CWE-78,1,0,1,0,0,0,1,0,0,0,955,4.775e-05,1536,0.0006144000000000001,15,6e-06,0.0006681500000000002,7.795483350753784
BenchmarkTest02155.java,0,CWE-78,CWE-78,1,0,1,0,0,0,1,0,0,0,909,4.545e-05,2176,0.0008704000000000001,13,5.2e-06,0.0009210500000000002,13.470862865447998
BenchmarkTest02156.java,0,CWE-78,CWE-78,1,1,0,1,0,0,0,0,1,0,881,4.405000000000001e-05,1600,0.00064,12,4.800000000000001e-06,0.0006888500000000001,9.024603605270386
BenchmarkTest02157.java,0,CWE-330,,,,0,0,1,0,0,0,1,0,,,,,,,,
BenchmarkTest02158.java,0,CWE-330,,,,0,0,1,0,0,0,1,0,,,,,,,,
BenchmarkTest02159.java,0,CWE-330,,,,0,0,1,0,0,0,1,0,,,,,,,,
BenchmarkTest02160.java,0,CWE-330,CWE-330,1,1,0,1,0,0,0,0,1,0,1380,6.9e-05,1280,0.000512,12,4.800000000000001e-06,0.0005857999999999999,7.198024272918701
BenchmarkTest02161.java,0,CWE-330,,,,0,0,1,0,0,0,1,0,,,,,,,,
BenchmarkTest02162.java,0,CWE-330,,,,0,0,1,0,0,0,1,0,,,,,,,,
BenchmarkTest02163.java,0,CWE-330,,,,0,0,1,0,0,0,1,0,,,,,,,,
BenchmarkTest02164.java,0,CWE-330,,,,0,0,1,0,0,0,1,0,,,,,,,,
BenchmarkTest02169.java,0,CWE-89,CWE-89,1,0,1,0,0,0,1,0,0,0,898,4.490000000000001e-05,896,0.00035840000000000004,13,5.2e-06,0.00040850000000000006,5.669531583786011
BenchmarkTest02170.java,0,CWE-89,CWE-89,1,0,1,0,0,0,1,0,0,0,927,4.635e-05,1920,0.000768,14,5.600000000000001e-06,0.0008199500000000001,8.288426399230957
BenchmarkTest02171.java,0,CWE-89,CWE-89,1,0,1,0,0,0,1,0,0,0,922,4.61e-05,1280,0.000512,14,5.600000000000001e-06,0.0005637,5.889496564865112
BenchmarkTest02172.java,0,CWE-89,CWE-89,1,1,0,1,0,0,0,0,1,0,907,4.5350000000000005e-05,960,0.000384,12,4.800000000000001e-06,0.00043415,4.505472660064697
BenchmarkTest02173.java,0,CWE-89,CWE-89,1,1,0,1,0,0,0,0,1,0,966,4.83e-05,1088,0.00043520000000000006,13,5.2e-06,0.0004887,5.2884392738342285
BenchmarkTest02174.java,0,CWE-89,CWE-89,1,1,0,1,0,0,0,0,1,0,906,4.53e-05,768,0.00030720000000000004,12,4.800000000000001e-06,0.00035730000000000007,4.277231216430664
BenchmarkTest02175.java,0,CWE-89,,,,0,0,1,0,0,0,1,0,,,,,,,,
BenchmarkTest02176.java,0,CWE-89,,,,0,0,1,0,0,0,1,0,,,,,,,,
BenchmarkTest02177.java,0,CWE-89,CWE-89,1,0,1,0,0,0,1,0,0,0,1114,5.5700000000000005e-05,1344,0.0005376000000000001,14,5.600000000000001e-06,0.0005989000000000001,6.468513488769531
BenchmarkTest02178.java,0,CWE-89,,,,0,0,0,1,0,0,0,1,,,,,,,,
BenchmarkTest02179.java,0,CWE-89,,,,0,0,0,1,0,0,0,1,,,,,,,,
BenchmarkTest02180.java,0,CWE-89,,,,0,0,1,0,0,0,1,0,,,,,,,,
BenchmarkTest02181.java,0,CWE-89,,,,0,0,0,1,0,0,0,1,,,,,,,,
BenchmarkTest02182.java,0,CWE-89,,,,0,0,0,1,0,0,0,1,,,,,,,,
BenchmarkTest02183.java,0,CWE-89,,,,0,0,1,0,0,0,1,0,,,,,,,,
BenchmarkTest02184.java,0,CWE-89,,,,0,0,1,0,0,0,1,0,,,,,,,,
BenchmarkTest02185.java,0,CWE-89,CWE-89,1,1,0,1,0,0,0,0,1,0,912,4.5600000000000004e-05,896,0.00035840000000000004,12,4.800000000000001e-06,0.00040880000000000007,4.422719478607178
BenchmarkTest02186.java,0,CWE-89,CWE-89,1,0,1,0,0,0,1,0,0,0,860,4.3e-05,704,0.0002816,13,5.2e-06,0.00032980000000000005,3.8064959049224854
BenchmarkTest02187.java,0,CWE-89,CWE-89,1,0,1,0,0,0,1,0,0,0,929,4.6450000000000004e-05,512,0.00020480000000000002,13,5.2e-06,0.00025645,3.2351667881011963
BenchmarkTest02188.java,0,CWE-89,CWE-89,1,1,0,1,0,0,0,0,1,0,1081,5.4050000000000006e-05,2048,0.0008192000000000001,12,4.800000000000001e-06,0.0008780500000000001,9.438614130020142
BenchmarkTest02189.java,0,CWE-643,CWE-643,1,0,1,0,0,0,1,0,0,0,993,4.965000000000001e-05,576,0.00023040000000000002,13,5.2e-06,0.00028525,3.5285427570343018
BenchmarkTest02190.java,0,CWE-327,,,,0,0,1,0,0,0,1,0,,,,,,,,
BenchmarkTest02191.java,0,CWE-327,,,,0,0,1,0,0,0,1,0,,,,,,,,
BenchmarkTest02192.java,0,CWE-327,CWE-327,1,0,1,0,0,0,1,0,0,0,1664,8.32e-05,576,0.00023040000000000002,15,6e-06,0.0003196,3.3284997940063477
BenchmarkTest02193.java,0,CWE-327,CWE-327,1,0,1,0,0,0,1,0,0,0,1686,8.430000000000002e-05,512,0.00020480000000000002,13,5.2e-06,0.00029430000000000005,3.758106231689453
BenchmarkTest02194.java,0,CWE-327,CWE-327,1,0,1,0,0,0,1,0,0,0,1254,6.27e-05,320,0.000128,13,5.2e-06,0.0001959,4.6810197830200195
BenchmarkTest02195.java,0,CWE-327,CWE-327,1,0,1,0,0,0,1,0,0,0,1278,6.390000000000001e-05,256,0.00010240000000000001,13,5.2e-06,0.00017150000000000002,3.0057661533355713
BenchmarkTest02196.java,0,CWE-90,CWE-90,1,0,1,0,0,0,1,0,0,0,1231,6.155e-05,512,0.00020480000000000002,13,5.2e-06,0.00027155000000000007,4.0764336585998535
BenchmarkTest02197.java,0,CWE-22,CWE-23,0,0,1,0,0,0,1,0,0,0,1273,6.365e-05,512,0.00020480000000000002,13,5.2e-06,0.00027365000000000007,3.297910690307617
BenchmarkTest02198.java,0,CWE-22,CWE-23,0,0,1,0,0,0,1,0,0,0,1274,6.37e-05,704,0.0002816,13,5.2e-06,0.0003505,4.716597318649292
BenchmarkTest02199.java,0,CWE-22,CWE-23,0,0,1,0,0,0,1,0,0,0,1171,5.855000000000001e-05,320,0.000128,13,5.2e-06,0.00019175,2.4991533756256104
BenchmarkTest02200.java,0,CWE-22,CWE-23,0,1,0,1,0,0,0,0,1,0,1202,6.0100000000000004e-05,576,0.00023040000000000002,12,4.800000000000001e-06,0.0002953,3.1409969329833984
BenchmarkTest02201.java,0,CWE-22,CWE-23,0,1,0,1,0,0,0,0,1,0,1409,7.045e-05,512,0.00020480000000000002,12,4.800000000000001e-06,0.00028005,3.0224878787994385
BenchmarkTest02202.java,0,CWE-22,CWE-23,0,1,0,1,0,0,0,0,1,0,1255,6.275e-05,448,0.00017920000000000002,12,4.800000000000001e-06,0.00024675,2.667551040649414
BenchmarkTest02203.java,0,CWE-22,CWE-23,0,1,0,1,0,0,0,0,1,0,1452,7.26e-05,1728,0.0006912,12,4.800000000000001e-06,0.0007686,7.847809553146362
BenchmarkTest02204.java,0,CWE-22,CWE-23,0,1,0,1,0,0,0,0,1,0,1249,6.245e-05,1280,0.000512,12,4.800000000000001e-06,0.00057925,5.800046920776367
BenchmarkTest02205.java,0,CWE-22,CWE-23,0,0,1,0,0,0,1,0,0,0,1247,6.235e-05,512,0.00020480000000000002,13,5.2e-06,0.00027235000000000003,2.9784178733825684
BenchmarkTest02206.java,0,CWE-22,CWE-23,0,1,0,1,0,0,0,0,1,0,1373,6.865e-05,384,0.00015360000000000002,12,4.800000000000001e-06,0.00022705000000000002,2.332634687423706
BenchmarkTest02207.java,0,CWE-22,CWE-23,0,1,0,1,0,0,0,0,1,0,1425,7.125e-05,512,0.00020480000000000002,12,4.800000000000001e-06,0.00028085,2.7916383743286133
BenchmarkTest02208.java,0,CWE-90,CWE-90,1,0,1,0,0,0,1,0,0,0,1301,6.505e-05,384,0.00015360000000000002,13,5.2e-06,0.00022385000000000002,2.4905784130096436
BenchmarkTest02209.java,0,CWE-330,CWE-330,1,0,1,0,0,0,1,0,0,0,1321,6.604999999999999e-05,448,0.00017920000000000002,13,5.2e-06,0.00025045000000000004,2.6251184940338135
BenchmarkTest02210.java,0,CWE-328,,,,0,0,1,0,0,0,1,0,,,,,,,,
BenchmarkTest02211.java,0,CWE-328,CWE-916,0,0,1,0,0,0,1,0,0,0,1246,6.230000000000001e-05,832,0.0003328,13,5.2e-06,0.0004003,6.3467113971710205
BenchmarkTest02212.java,0,CWE-328,CWE-916,0,0,1,0,0,0,1,0,0,0,1264,6.32e-05,768,0.00030720000000000004,13,5.2e-06,0.0003756000000000001,3.8350346088409424
BenchmarkTest02213.java,0,CWE-328,CWE-916,0,0,1,0,0,0,1,0,0,0,1260,6.3e-05,832,0.0003328,13,5.2e-06,0.00040100000000000004,5.709496974945068
BenchmarkTest02214.java,0,CWE-328,,,,0,0,1,0,0,0,1,0,,,,,,,,
BenchmarkTest02215.java,0,CWE-328,,,,0,0,1,0,0,0,1,0,,,,,,,,
BenchmarkTest02216.java,0,CWE-328,,,,0,0,1,0,0,0,1,0,,,,,,,,
BenchmarkTest02217.java,0,CWE-328,CWE-916,0,0,1,0,0,0,1,0,0,0,1196,5.9800000000000003e-05,704,0.0002816,14,5.600000000000001e-06,0.000347,4.440179347991943
BenchmarkTest02218.java,0,CWE-328,,,,0,0,1,0,0,0,1,0,,,,,,,,
BenchmarkTest02219.java,0,CWE-328,,,,0,0,0,1,0,0,0,1,,,,,,,,
BenchmarkTest02220.java,0,CWE-328,,,,0,0,1,0,0,0,1,0,,,,,,,,
BenchmarkTest02221.java,0,CWE-79,CWE-79,1,0,1,0,0,0,1,0,0,0,1389,6.945000000000001e-05,1152,0.00046080000000000003,13,5.2e-06,0.00053545,5.6430652141571045
BenchmarkTest02222.java,0,CWE-79,CWE-79,1,1,0,1,0,0,0,0,1,0,1367,6.835000000000001e-05,704,0.0002816,12,4.800000000000001e-06,0.00035475000000000003,3.69094181060791
BenchmarkTest02223.java,0,CWE-79,CWE-79,1,0,1,0,0,0,1,0,0,0,1309,6.545e-05,832,0.0003328,13,5.2e-06,0.00040345,3.993244171142578
BenchmarkTest02224.java,0,CWE-79,CWE-79,1,0,1,0,0,0,1,0,0,0,1320,6.6e-05,512,0.00020480000000000002,13,5.2e-06,0.00027600000000000004,3.093918561935425
BenchmarkTest02225.java,0,CWE-79,CWE-79,1,0,1,0,0,0,1,0,0,0,1362,6.81e-05,1408,0.0005632,13,5.2e-06,0.0006365,11.392904996871948
BenchmarkTest02226.java,0,CWE-79,CWE-79,1,1,0,1,0,0,0,0,1,0,1298,6.49e-05,448,0.00017920000000000002,12,4.800000000000001e-06,0.00024890000000000003,3.6655960083007812
BenchmarkTest02227.java,0,CWE-79,CWE-79,1,0,1,0,0,0,1,0,0,0,1291,6.455e-05,704,0.0002816,13,5.2e-06,0.00035135000000000006,4.9441328048706055
BenchmarkTest02228.java,0,CWE-79,CWE-79,1,0,1,0,0,0,1,0,0,0,1288,6.440000000000001e-05,448,0.00017920000000000002,13,5.2e-06,0.00024880000000000003,3.8336503505706787
BenchmarkTest02229.java,0,CWE-79,CWE-79,1,1,0,1,0,0,0,0,1,0,1391,6.955e-05,640,0.000256,12,4.800000000000001e-06,0.00033035,4.5057408809661865
BenchmarkTest02230.java,0,CWE-79,CWE-79,1,0,1,0,0,0,1,0,0,0,1350,6.75e-05,576,0.00023040000000000002,13,5.2e-06,0.00030310000000000005,3.6971330642700195
BenchmarkTest02231.java,0,CWE-79,CWE-79,1,1,0,1,0,0,0,0,1,0,1521,7.604999999999999e-05,1280,0.000512,12,4.800000000000001e-06,0.00059285,7.485233783721924
BenchmarkTest02232.java,0,CWE-79,CWE-79,1,0,1,0,0,0,1,0,0,0,1277,6.385000000000001e-05,1280,0.000512,13,5.2e-06,0.00058105,6.76448392868042
BenchmarkTest02233.java,0,CWE-79,CWE-79,1,1,0,1,0,0,0,0,1,0,1349,6.745e-05,1408,0.0005632,12,4.800000000000001e-06,0.0006354500000000001,8.325370788574219
BenchmarkTest02234.java,0,CWE-79,CWE-79,1,0,1,0,0,0,1,0,0,0,1300,6.5e-05,1792,0.0007168000000000001,13,5.2e-06,0.000787,7.727812767028809
BenchmarkTest02235.java,0,CWE-79,CWE-79,1,1,0,1,0,0,0,0,1,0,1302,6.510000000000001e-05,896,0.00035840000000000004,12,4.800000000000001e-06,0.00042830000000000006,3.961362600326538
BenchmarkTest02236.java,0,CWE-79,CWE-79,1,1,0,1,0,0,0,0,1,0,1304,6.52e-05,384,0.00015360000000000002,12,4.800000000000001e-06,0.00022360000000000001,2.507274627685547
BenchmarkTest02237.java,0,CWE-79,CWE-79,1,1,0,1,0,0,0,0,1,0,1276,6.38e-05,768,0.00030720000000000004,12,4.800000000000001e-06,0.00037580000000000003,4.667112112045288
BenchmarkTest02238.java,0,CWE-79,CWE-79,1,1,0,1,0,0,0,0,1,0,1498,7.49e-05,832,0.0003328,12,4.800000000000001e-06,0.0004125,3.9257702827453613
BenchmarkTest02239.java,0,CWE-79,CWE-79,1,1,0,1,0,0,0,0,1,0,1334,6.670000000000001e-05,576,0.00023040000000000002,12,4.800000000000001e-06,0.0003019,4.104146242141724
BenchmarkTest02240.java,0,CWE-79,CWE-79,1,1,0,1,0,0,0,0,1,0,1349,6.745e-05,512,0.00020480000000000002,12,4.800000000000001e-06,0.00027705000000000004,3.003049612045288
BenchmarkTest02241.java,0,CWE-79,CWE-79,1,0,1,0,0,0,1,0,0,0,1356,6.78e-05,512,0.00020480000000000002,13,5.2e-06,0.00027780000000000003,2.6934096813201904
BenchmarkTest02242.java,0,CWE-78,CWE-78,1,1,0,1,0,0,0,0,1,0,1202,6.0100000000000004e-05,1856,0.0007424,12,4.800000000000001e-06,0.0008073,7.954146146774292
BenchmarkTest02243.java,0,CWE-78,CWE-78,1,0,1,0,0,0,1,0,0,0,1049,5.245e-05,512,0.00020480000000000002,13,5.2e-06,0.00026245,2.8729541301727295
BenchmarkTest02244.java,0,CWE-78,CWE-78,1,0,1,0,0,0,1,0,0,0,991,4.9550000000000005e-05,1152,0.00046080000000000003,13,5.2e-06,0.00051555,5.758853197097778
BenchmarkTest02245.java,0,CWE-330,CWE-330,1,0,1,0,0,0,1,0,0,0,1265,6.325e-05,448,0.00017920000000000002,13,5.2e-06,0.00024765000000000003,2.935063123703003
BenchmarkTest02246.java,0,CWE-330,CWE-330,1,0,1,0,0,0,1,0,0,0,1308,6.54e-05,1024,0.00040960000000000004,13,5.2e-06,0.00048020000000000007,6.331425905227661
BenchmarkTest02247.java,0,CWE-614,,,,0,0,1,0,0,0,1,0,,,,,,,,
BenchmarkTest02248.java,0,CWE-614,,,,0,0,1,0,0,0,1,0,,,,,,,,
BenchmarkTest02249.java,0,CWE-78,CWE-78,1,0,1,0,0,0,1,0,0,0,996,4.9800000000000004e-05,1600,0.00064,13,5.2e-06,0.0006950000000000001,7.985744476318359
BenchmarkTest02250.java,0,CWE-78,CWE-78,1,0,1,0,0,0,1,0,0,0,1018,5.0900000000000004e-05,832,0.0003328,13,5.2e-06,0.0003889,5.76381254196167
BenchmarkTest02251.java,0,CWE-78,CWE-78,1,0,1,0,0,0,1,0,0,0,1069,5.3450000000000005e-05,1088,0.00043520000000000006,13,5.2e-06,0.0004938500000000001,5.99109411239624
BenchmarkTest02252.java,0,CWE-78,CWE-78,1,1,0,1,0,0,0,0,1,0,1083,5.415000000000001e-05,1024,0.00040960000000000004,12,4.800000000000001e-06,0.00046855000000000003,6.324350357055664
BenchmarkTest02253.java,0,CWE-78,CWE-78,1,1,0,1,0,0,0,0,1,0,1133,5.665000000000001e-05,1472,0.0005888000000000001,12,4.800000000000001e-06,0.0006502500000000001,7.4268975257873535
BenchmarkTest02254.java,0,CWE-330,,,,0,0,1,0,0,0,1,0,,,,,,,,
BenchmarkTest02255.java,0,CWE-330,,,,0,0,1,0,0,0,1,0,,,,,,,,
BenchmarkTest02256.java,0,CWE-330,,,,0,0,1,0,0,0,1,0,,,,,,,,
BenchmarkTest02257.java,0,CWE-330,,,,0,0,1,0,0,0,1,0,,,,,,,,
BenchmarkTest02258.java,0,CWE-330,CWE-330,1,1,0,1,0,0,0,0,1,0,1339,6.695e-05,1856,0.0007424,12,4.800000000000001e-06,0.00081415,8.982473373413086
BenchmarkTest02259.java,0,CWE-330,,,,0,0,1,0,0,0,1,0,,,,,,,,
BenchmarkTest02260.java,0,CWE-330,,,,0,0,1,0,0,0,1,0,,,,,,,,
BenchmarkTest02264.java,0,CWE-89,CWE-89,1,0,1,0,0,0,1,0,0,0,939,4.695e-05,1152,0.00046080000000000003,13,5.2e-06,0.0005129500000000001,8.73141098022461
BenchmarkTest02265.java,0,CWE-89,CWE-89,1,1,0,1,0,0,0,0,1,0,965,4.825e-05,1152,0.00046080000000000003,12,4.800000000000001e-06,0.00051385,5.309471845626831
BenchmarkTest02266.java,0,CWE-89,CWE-89,1,1,0,1,0,0,0,0,1,0,997,4.985e-05,576,0.00023040000000000002,12,4.800000000000001e-06,0.00028505,3.172032594680786
BenchmarkTest02267.java,0,CWE-89,CWE-89,1,1,0,1,0,0,0,0,1,0,954,4.77e-05,1152,0.00046080000000000003,12,4.800000000000001e-06,0.0005133000000000001,6.078284025192261
BenchmarkTest02268.java,0,CWE-89,CWE-89,1,1,0,1,0,0,0,0,1,0,1023,5.115e-05,768,0.00030720000000000004,12,4.800000000000001e-06,0.00036315000000000007,3.9746103286743164
BenchmarkTest02269.java,0,CWE-89,CWE-89,1,0,1,0,0,0,1,0,0,0,956,4.78e-05,640,0.000256,13,5.2e-06,0.00030900000000000003,3.7857062816619873
BenchmarkTest02270.java,0,CWE-89,CWE-89,1,0,1,0,0,0,1,0,0,0,1040,5.2e-05,768,0.00030720000000000004,13,5.2e-06,0.0003644000000000001,3.8228137493133545
BenchmarkTest02271.java,0,CWE-89,CWE-89,1,1,0,1,0,0,0,0,1,0,928,4.64e-05,1024,0.00040960000000000004,12,4.800000000000001e-06,0.00046080000000000003,5.148396968841553
BenchmarkTest02272.java,0,CWE-89,CWE-89,1,0,1,0,0,0,1,0,0,0,941,4.7050000000000005e-05,896,0.00035840000000000004,13,5.2e-06,0.00041065000000000003,4.386698246002197
BenchmarkTest02273.java,0,CWE-89,CWE-89,1,0,1,0,0,0,1,0,0,0,1000,5e-05,896,0.00035840000000000004,13,5.2e-06,0.0004136000000000001,5.510134696960449
BenchmarkTest02274.java,0,CWE-89,CWE-89,1,1,0,1,0,0,0,0,1,0,1143,5.715000000000001e-05,448,0.00017920000000000002,12,4.800000000000001e-06,0.00024115000000000003,2.542738676071167
BenchmarkTest02275.java,0,CWE-89,,,,0,0,0,1,0,0,0,1,,,,,,,,
BenchmarkTest02276.java,0,CWE-89,,,,0,0,1,0,0,0,1,0,,,,,,,,
BenchmarkTest02277.java,0,CWE-89,,,,0,0,0,1,0,0,0,1,,,,,,,,
BenchmarkTest02278.java,0,CWE-89,,,,0,0,1,0,0,0,1,0,,,,,,,,
BenchmarkTest02279.java,0,CWE-89,,,,0,0,1,0,0,0,1,0,,,,,,,,
BenchmarkTest02280.java,0,CWE-89,,,,0,0,1,0,0,0,1,0,,,,,,,,
BenchmarkTest02281.java,0,CWE-89,,,,0,0,0,1,0,0,0,1,,,,,,,,
BenchmarkTest02282.java,0,CWE-89,CWE-89,1,1,0,1,0,0,0,0,1,0,944,4.72e-05,704,0.0002816,12,4.800000000000001e-06,0.00033360000000000003,4.424706220626831
BenchmarkTest02283.java,0,CWE-89,CWE-89,1,1,0,1,0,0,0,0,1,0,943,4.715000000000001e-05,640,0.000256,12,4.800000000000001e-06,0.00030795,3.709916353225708
BenchmarkTest02284.java,0,CWE-89,CWE-89,1,0,1,0,0,0,1,0,0,0,905,4.525e-05,832,0.0003328,13,5.2e-06,0.00038325,4.208373069763184
BenchmarkTest02285.java,0,CWE-89,CWE-89,1,1,0,1,0,0,0,0,1,0,908,4.5400000000000006e-05,960,0.000384,13,5.2e-06,0.00043460000000000005,4.389211654663086
BenchmarkTest02286.java,0,CWE-89,CWE-89,1,0,1,0,0,0,1,0,0,0,916,4.58e-05,960,0.000384,13,5.2e-06,0.00043500000000000006,7.556682348251343
BenchmarkTest02287.java,0,CWE-89,CWE-89,1,0,1,0,0,0,1,0,0,0,909,4.545e-05,512,0.00020480000000000002,13,5.2e-06,0.00025545000000000006,5.5371317863464355
BenchmarkTest02288.java,0,CWE-89,CWE-89,1,0,1,0,0,0,1,0,0,0,913,4.5650000000000005e-05,448,0.00017920000000000002,13,5.2e-06,0.00023005,3.758457660675049
BenchmarkTest02289.java,0,CWE-327,,,,0,0,1,0,0,0,1,0,,,,,,,,
BenchmarkTest02290.java,0,CWE-327,CWE-327,1,0,1,0,0,0,1,0,0,0,1713,8.565000000000001e-05,448,0.00017920000000000002,13,5.2e-06,0.00027005000000000003,4.4116411209106445
BenchmarkTest02291.java,0,CWE-327,CWE-327,1,0,1,0,0,0,1,0,0,0,1905,9.525e-05,448,0.00017920000000000002,13,5.2e-06,0.00027965000000000005,4.768967390060425
BenchmarkTest02292.java,0,CWE-327,CWE-327,1,0,1,0,0,0,1,0,0,0,1677,8.385e-05,384,0.00015360000000000002,13,5.2e-06,0.00024265000000000002,2.1541783809661865
BenchmarkTest02293.java,0,CWE-327,CWE-327,1,0,1,0,0,0,1,0,0,0,1532,7.66e-05,320,0.000128,13,5.2e-06,0.00020979999999999998,1.9781887531280518
BenchmarkTest02294.java,0,CWE-327,CWE-327,1,0,1,0,0,0,1,0,0,0,1341,6.705e-05,448,0.00017920000000000002,13,5.2e-06,0.00025145000000000007,2.4908411502838135
BenchmarkTest02295.java,0,CWE-327,CWE-327,1,0,1,0,0,0,1,0,0,0,1347,6.735000000000001e-05,384,0.00015360000000000002,13,5.2e-06,0.00022615000000000002,2.6669673919677734
BenchmarkTest02296.java,0,CWE-327,,,,0,0,1,0,0,0,1,0,,,,,,,,
BenchmarkTest02297.java,0,CWE-327,,,,0,0,1,0,0,0,1,0,,,,,,,,
BenchmarkTest02298.java,0,CWE-327,,,,0,0,1,0,0,0,1,0,,,,,,,,
BenchmarkTest02299.java,0,CWE-90,CWE-90,1,0,1,0,0,0,1,0,0,0,1251,6.255e-05,1600,0.00064,13,5.2e-06,0.00070775,7.414381980895996
BenchmarkTest02300.java,0,CWE-22,CWE-23,0,1,0,1,0,0,0,0,1,0,1502,7.510000000000001e-05,1472,0.0005888000000000001,12,4.800000000000001e-06,0.0006687000000000002,9.25270962715149
BenchmarkTest02301.java,0,CWE-22,CWE-23,0,1,0,1,0,0,0,0,1,0,1308,6.54e-05,1024,0.00040960000000000004,12,4.800000000000001e-06,0.00047980000000000006,4.95258355140686
BenchmarkTest02302.java,0,CWE-22,CWE-23,0,0,1,0,0,0,1,0,0,0,1269,6.345e-05,1152,0.00046080000000000003,13,5.2e-06,0.00052945,5.731399059295654
BenchmarkTest02303.java,0,CWE-22,CWE-23,0,0,1,0,0,0,1,0,0,0,1483,7.415e-05,1536,0.0006144000000000001,13,5.2e-06,0.0006937500000000001,6.960003852844238
BenchmarkTest02304.java,0,CWE-22,CWE-23,0,0,1,0,0,0,1,0,0,0,1398,6.99e-05,1280,0.000512,13,5.2e-06,0.0005871,6.846290349960327
BenchmarkTest02305.java,0,CWE-90,CWE-90,1,0,1,0,0,0,1,0,0,0,1317,6.585000000000001e-05,2304,0.0009216000000000001,13,5.2e-06,0.00099265,9.562994241714478
BenchmarkTest02306.java,0,CWE-90,CWE-90,1,0,1,0,0,0,1,0,0,0,1259,6.295e-05,704,0.0002816,13,5.2e-06,0.00034975,3.472247838973999
BenchmarkTest02307.java,0,CWE-328,CWE-916,0,0,1,0,0,0,1,0,0,0,1442,7.21e-05,576,0.00023040000000000002,14,5.600000000000001e-06,0.00030810000000000006,3.2973239421844482
BenchmarkTest02308.java,0,CWE-328,CWE-916,0,0,1,0,0,0,1,0,0,0,1301,6.505e-05,576,0.00023040000000000002,13,5.2e-06,0.00030065,3.06756854057312
BenchmarkTest02309.java,0,CWE-328,,,,0,0,1,0,0,0,1,0,,,,,,,,
BenchmarkTest02310.java,0,CWE-328,,,,0,0,1,0,0,0,1,0,,,,,,,,
BenchmarkTest02311.java,0,CWE-328,CWE-916,0,0,1,0,0,0,1,0,0,0,1264,6.32e-05,1152,0.00046080000000000003,13,5.2e-06,0.0005292000000000001,5.431252479553223
BenchmarkTest02312.java,0,CWE-328,,,,0,0,1,0,0,0,1,0,,,,,,,,
BenchmarkTest02313.java,0,CWE-79,CWE-79,1,1,0,1,0,0,0,0,1,0,1633,8.165e-05,768,0.00030720000000000004,12,4.800000000000001e-06,0.00039365000000000005,4.134810447692871
BenchmarkTest02314.java,0,CWE-79,CWE-79,1,0,1,0,0,0,1,0,0,0,1379,6.895000000000001e-05,2304,0.0009216000000000001,14,5.600000000000001e-06,0.00099615,10.111229419708252
BenchmarkTest02315.java,0,CWE-79,CWE-79,1,0,1,0,0,0,1,0,0,0,1354,6.77e-05,1216,0.00048640000000000006,13,5.2e-06,0.0005593000000000001,5.655353784561157
BenchmarkTest02316.java,0,CWE-79,CWE-79,1,0,1,0,0,0,1,0,0,0,1370,6.85e-05,1792,0.0007168000000000001,13,5.2e-06,0.0007905000000000001,10.634908199310303
BenchmarkTest02317.java,0,CWE-79,CWE-79,1,0,1,0,0,0,1,0,0,0,1378,6.890000000000001e-05,2176,0.0008704000000000001,13,5.2e-06,0.0009445000000000001,11.967326402664185
BenchmarkTest02318.java,0,CWE-79,CWE-79,1,1,0,1,0,0,0,0,1,0,1343,6.715e-05,1088,0.00043520000000000006,13,5.2e-06,0.0005075500000000001,6.291885614395142
BenchmarkTest02319.java,0,CWE-79,CWE-79,1,1,0,1,0,0,0,0,1,0,1366,6.829999999999999e-05,768,0.00030720000000000004,12,4.800000000000001e-06,0.00038030000000000003,5.414013624191284
BenchmarkTest02320.java,0,CWE-79,CWE-79,1,1,0,1,0,0,0,0,1,0,1372,6.860000000000001e-05,1152,0.00046080000000000003,12,4.800000000000001e-06,0.0005342000000000001,4.857218265533447
BenchmarkTest02321.java,0,CWE-79,CWE-79,1,0,1,0,0,0,1,0,0,0,1574,7.87e-05,1664,0.0006656,13,5.2e-06,0.0007495000000000001,7.077521800994873
BenchmarkTest02322.java,0,CWE-79,CWE-79,1,0,1,0,0,0,1,0,0,0,1384,6.92e-05,1600,0.00064,13,5.2e-06,0.0007144000000000001,7.387223958969116
BenchmarkTest02323.java,0,CWE-79,CWE-79,1,0,1,0,0,0,1,0,0,0,1380,6.9e-05,1408,0.0005632,13,5.2e-06,0.0006374000000000001,6.445726633071899
BenchmarkTest02324.java,0,CWE-79,CWE-79,1,0,1,0,0,0,1,0,0,0,1410,7.05e-05,1280,0.000512,14,5.600000000000001e-06,0.0005881,5.515218496322632
BenchmarkTest02325.java,0,CWE-79,CWE-79,1,1,0,1,0,0,0,0,1,0,1362,6.81e-05,448,0.00017920000000000002,12,4.800000000000001e-06,0.0002521,2.523364543914795
BenchmarkTest02326.java,0,CWE-79,CWE-79,1,0,1,0,0,0,1,0,0,0,1380,6.9e-05,1152,0.00046080000000000003,13,5.2e-06,0.000535,5.34824275970459
BenchmarkTest02327.java,0,CWE-79,CWE-79,1,0,1,0,0,0,1,0,0,0,1430,7.15e-05,1408,0.0005632,13,5.2e-06,0.0006399,6.353899717330933
BenchmarkTest02328.java,0,CWE-79,CWE-79,1,0,1,0,0,0,1,0,0,0,1362,6.81e-05,1088,0.00043520000000000006,16,6.4000000000000006e-06,0.0005097000000000001,5.514780044555664
BenchmarkTest02329.java,0,CWE-79,CWE-79,1,1,0,1,0,0,0,0,1,0,1402,7.010000000000001e-05,512,0.00020480000000000002,12,4.800000000000001e-06,0.0002797,3.805500030517578
BenchmarkTest02330.java,0,CWE-79,CWE-79,1,1,0,1,0,0,0,0,1,0,1394,6.97e-05,448,0.00017920000000000002,12,4.800000000000001e-06,0.00025370000000000004,2.5750772953033447
BenchmarkTest02331.java,0,CWE-79,CWE-79,1,1,0,1,0,0,0,0,1,0,1346,6.73e-05,1152,0.00046080000000000003,13,5.2e-06,0.0005333,5.513415336608887
BenchmarkTest02332.java,0,CWE-79,CWE-79,1,0,1,0,0,0,1,0,0,0,1363,6.815e-05,1408,0.0005632,13,5.2e-06,0.00063655,6.86511492729187
BenchmarkTest02333.java,0,CWE-78,CWE-78,1,0,1,0,0,0,1,0,0,0,1058,5.2900000000000005e-05,1920,0.000768,13,5.2e-06,0.0008261000000000001,10.371339321136475
BenchmarkTest02334.java,0,CWE-78,CWE-78,1,0,1,0,0,0,1,0,0,0,1124,5.6200000000000004e-05,1792,0.0007168000000000001,14,5.600000000000001e-06,0.0007786000000000001,8.732372760772705
BenchmarkTest02335.java,0,CWE-78,CWE-78,1,1,0,1,0,0,0,0,1,0,1102,5.5100000000000004e-05,1152,0.00046080000000000003,12,4.800000000000001e-06,0.0005207,6.589679002761841
BenchmarkTest02336.java,0,CWE-78,CWE-78,1,1,0,1,0,0,0,0,1,0,1269,6.345e-05,1600,0.00064,12,4.800000000000001e-06,0.00070825,8.13407588005066
BenchmarkTest02337.java,0,CWE-330,CWE-330,1,0,1,0,0,0,1,0,0,0,1380,6.9e-05,640,0.000256,13,5.2e-06,0.0003302,4.263529539108276
BenchmarkTest02338.java,0,CWE-330,CWE-330,1,0,1,0,0,0,1,0,0,0,1318,6.59e-05,448,0.00017920000000000002,13,5.2e-06,0.00025030000000000007,2.5767691135406494
BenchmarkTest02339.java,0,CWE-614,CWE-614,1,0,1,0,0,0,1,0,0,0,1136,5.6800000000000005e-05,960,0.000384,13,5.2e-06,0.00044600000000000005,4.412980079650879
BenchmarkTest02340.java,0,CWE-78,CWE-78,1,1,0,1,0,0,0,0,1,0,1189,5.945e-05,1472,0.0005888000000000001,13,5.2e-06,0.0006534500000000001,6.358313322067261
BenchmarkTest02341.java,0,CWE-78,CWE-78,1,1,0,1,0,0,0,0,1,0,1042,5.21e-05,896,0.00035840000000000004,12,4.800000000000001e-06,0.00041530000000000007,4.4917380809783936
BenchmarkTest02342.java,0,CWE-78,CWE-78,1,0,1,0,0,0,1,0,0,0,1015,5.075e-05,2176,0.0008704000000000001,14,5.600000000000001e-06,0.0009267500000000002,9.40947675704956
BenchmarkTest02343.java,0,CWE-78,CWE-78,1,0,1,0,0,0,1,0,0,0,1052,5.2600000000000005e-05,1344,0.0005376000000000001,13,5.2e-06,0.0005954,6.373045921325684
BenchmarkTest02344.java,0,CWE-78,CWE-78,1,0,1,0,0,0,1,0,0,0,975,4.875e-05,1728,0.0006912,13,5.2e-06,0.00074515,8.36730146408081
BenchmarkTest02345.java,0,CWE-330,,,,0,0,1,0,0,0,1,0,,,,,,,,
BenchmarkTest02346.java,0,CWE-330,,,,0,0,1,0,0,0,1,0,,,,,,,,
BenchmarkTest02347.java,0,CWE-330,,,,0,0,1,0,0,0,1,0,,,,,,,,
BenchmarkTest02348.java,0,CWE-330,,,,0,0,1,0,0,0,1,0,,,,,,,,
BenchmarkTest02349.java,0,CWE-330,,,,0,0,1,0,0,0,1,0,,,,,,,,
BenchmarkTest02350.java,0,CWE-330,,,,0,0,1,0,0,0,1,0,,,,,,,,
BenchmarkTest02351.java,0,CWE-330,,,,0,0,1,0,0,0,1,0,,,,,,,,
BenchmarkTest02353.java,0,CWE-89,CWE-89,1,0,0,1,0,0,0,1,0,0,999,4.995e-05,1984,0.0007936,14,5.600000000000001e-06,0.00084915,8.721910238265991
BenchmarkTest02354.java,0,CWE-89,CWE-89,1,0,1,0,0,0,1,0,0,0,996,4.9800000000000004e-05,1984,0.0007936,13,5.2e-06,0.0008486,8.656089782714844
BenchmarkTest02355.java,0,CWE-89,CWE-89,1,0,1,0,0,0,1,0,0,0,1029,5.1450000000000004e-05,2048,0.0008192000000000001,13,5.2e-06,0.0008758500000000001,8.977191686630249
BenchmarkTest02356.java,0,CWE-89,,,,0,0,0,1,0,0,0,1,,,,,,,,
BenchmarkTest02357.java,0,CWE-89,CWE-89,1,0,1,0,0,0,1,0,0,0,1185,5.925e-05,2688,0.0010752000000000001,13,5.2e-06,0.00113965,11.369007587432861
BenchmarkTest02358.java,0,CWE-89,,,,0,0,0,1,0,0,0,1,,,,,,,,
BenchmarkTest02359.java,0,CWE-89,,,,0,0,0,1,0,0,0,1,,,,,,,,
BenchmarkTest02360.java,0,CWE-89,,,,0,0,0,1,0,0,0,1,,,,,,,,
BenchmarkTest02361.java,0,CWE-89,,,,0,0,1,0,0,0,1,0,,,,,,,,
BenchmarkTest02362.java,0,CWE-89,,,,0,0,0,1,0,0,0,1,,,,,,,,
BenchmarkTest02363.java,0,CWE-89,CWE-89,1,1,0,1,0,0,0,0,1,0,1209,6.0450000000000006e-05,1152,0.00046080000000000003,12,4.800000000000001e-06,0.00052605,5.456844329833984
BenchmarkTest02364.java,0,CWE-89,CWE-89,1,0,1,0,0,0,1,0,0,0,963,4.8150000000000005e-05,2368,0.0009472,13,5.2e-06,0.00100055,9.646247386932373
BenchmarkTest02365.java,0,CWE-89,CWE-89,1,1,0,1,0,0,0,0,1,0,1010,5.05e-05,768,0.00030720000000000004,12,4.800000000000001e-06,0.00036250000000000003,4.435353994369507
BenchmarkTest02366.java,0,CWE-89,CWE-89,1,1,0,1,0,0,0,0,1,0,974,4.8700000000000005e-05,832,0.0003328,12,4.800000000000001e-06,0.0003863,5.521763563156128
BenchmarkTest02367.java,0,CWE-89,CWE-89,1,1,0,1,0,0,0,0,1,0,1177,5.885e-05,1408,0.0005632,12,4.800000000000001e-06,0.0006268500000000001,6.378036737442017
BenchmarkTest02368.java,0,CWE-89,CWE-89,1,1,0,1,0,0,0,0,1,0,978,4.89e-05,896,0.00035840000000000004,12,4.800000000000001e-06,0.00041210000000000004,4.22210431098938
BenchmarkTest02369.java,0,CWE-89,CWE-89,1,0,1,0,0,0,1,0,0,0,976,4.880000000000001e-05,1792,0.0007168000000000001,13,5.2e-06,0.0007708000000000001,8.171820640563965
BenchmarkTest02370.java,0,CWE-643,CWE-643,1,1,0,1,0,0,0,0,1,0,1158,5.7900000000000005e-05,832,0.0003328,12,4.800000000000001e-06,0.0003955,4.169089078903198
BenchmarkTest02371.java,0,CWE-327,,,,0,0,1,0,0,0,1,0,,,,,,,,
BenchmarkTest02372.java,0,CWE-327,,,,0,0,1,0,0,0,1,0,,,,,,,,
BenchmarkTest02373.java,0,CWE-327,CWE-327,1,0,1,0,0,0,1,0,0,0,1272,6.36e-05,256,0.00010240000000000001,13,5.2e-06,0.00017120000000000001,1.7713677883148193
BenchmarkTest02374.java,0,CWE-327,CWE-327,1,0,1,0,0,0,1,0,0,0,1305,6.525e-05,256,0.00010240000000000001,13,5.2e-06,0.00017285,1.6626002788543701
BenchmarkTest02375.java,0,CWE-327,CWE-327,1,0,1,0,0,0,1,0,0,0,1250,6.25e-05,768,0.00030720000000000004,13,5.2e-06,0.00037490000000000006,3.6833136081695557
BenchmarkTest02376.java,0,CWE-90,,,,0,0,1,0,0,0,1,0,,,,,,,,
BenchmarkTest02377.java,0,CWE-22,,,,0,0,0,1,0,0,0,1,,,,,,,,
BenchmarkTest02378.java,0,CWE-22,,,,0,0,0,1,0,0,0,1,,,,,,,,
BenchmarkTest02379.java,0,CWE-22,,,,0,0,1,0,0,0,1,0,,,,,,,,
BenchmarkTest02380.java,0,CWE-22,,,,0,0,1,0,0,0,1,0,,,,,,,,
BenchmarkTest02381.java,0,CWE-22,,,,0,0,1,0,0,0,1,0,,,,,,,,
BenchmarkTest02382.java,0,CWE-22,,,,0,0,1,0,0,0,1,0,,,,,,,,
BenchmarkTest02383.java,0,CWE-22,,,,0,0,0,1,0,0,0,1,,,,,,,,
BenchmarkTest02384.java,0,CWE-90,,,,0,0,1,0,0,0,1,0,,,,,,,,
BenchmarkTest02385.java,0,CWE-328,CWE-916,0,0,1,0,0,0,1,0,0,0,1307,6.535e-05,896,0.00035840000000000004,13,5.2e-06,0.00042895000000000005,4.866426944732666
BenchmarkTest02386.java,0,CWE-328,CWE-916,0,0,1,0,0,0,1,0,0,0,1259,6.295e-05,768,0.00030720000000000004,13,5.2e-06,0.00037535000000000004,3.9742367267608643
BenchmarkTest02387.java,0,CWE-328,CWE-916,0,0,1,0,0,0,1,0,0,0,1243,6.215e-05,704,0.0002816,13,5.2e-06,0.00034895000000000005,3.4892516136169434
BenchmarkTest02388.java,0,CWE-328,CWE-916,0,0,1,0,0,0,1,0,0,0,1258,6.290000000000001e-05,640,0.000256,13,5.2e-06,0.0003241,3.0594980716705322
BenchmarkTest02389.java,0,CWE-328,,,,0,0,1,0,0,0,1,0,,,,,,,,
BenchmarkTest02390.java,0,CWE-328,,,,0,0,1,0,0,0,1,0,,,,,,,,
BenchmarkTest02391.java,0,CWE-328,,,,0,0,0,1,0,0,0,1,,,,,,,,
BenchmarkTest02392.java,0,CWE-328,,,,0,0,0,1,0,0,0,1,,,,,,,,
BenchmarkTest02393.java,0,CWE-328,,,,0,0,0,1,0,0,0,1,,,,,,,,
BenchmarkTest02394.java,0,CWE-79,,,,0,0,1,0,0,0,1,0,,,,,,,,
BenchmarkTest02395.java,0,CWE-79,,,,0,0,0,1,0,0,0,1,,,,,,,,
BenchmarkTest02396.java,0,CWE-79,,,,0,0,0,1,0,0,0,1,,,,,,,,
BenchmarkTest02397.java,0,CWE-79,,,,0,0,0,1,0,0,0,1,,,,,,,,
BenchmarkTest02398.java,0,CWE-79,,,,0,0,1,0,0,0,1,0,,,,,,,,
BenchmarkTest02399.java,0,CWE-79,,,,0,0,0,1,0,0,0,1,,,,,,,,
BenchmarkTest02400.java,0,CWE-79,,,,0,0,0,1,0,0,0,1,,,,,,,,
BenchmarkTest02401.java,0,CWE-79,,,,0,0,1,0,0,0,1,0,,,,,,,,
BenchmarkTest02402.java,0,CWE-79,,,,0,0,0,1,0,0,0,1,,,,,,,,
BenchmarkTest02403.java,0,CWE-79,,,,0,0,0,1,0,0,0,1,,,,,,,,
BenchmarkTest02404.java,0,CWE-79,,,,0,0,1,0,0,0,1,0,,,,,,,,
BenchmarkTest02405.java,0,CWE-79,,,,0,0,0,1,0,0,0,1,,,,,,,,
BenchmarkTest02406.java,0,CWE-79,,,,0,0,1,0,0,0,1,0,,,,,,,,
BenchmarkTest02407.java,0,CWE-79,,,,0,0,0,1,0,0,0,1,,,,,,,,
BenchmarkTest02408.java,0,CWE-79,,,,0,0,1,0,0,0,1,0,,,,,,,,
BenchmarkTest02409.java,0,CWE-79,,,,0,0,0,1,0,0,0,1,,,,,,,,
BenchmarkTest02410.java,0,CWE-79,,,,0,0,0,1,0,0,0,1,,,,,,,,
BenchmarkTest02411.java,0,CWE-78,,,,0,0,0,1,0,0,0,1,,,,,,,,
BenchmarkTest02412.java,0,CWE-78,,,,0,0,0,1,0,0,0,1,,,,,,,,
BenchmarkTest02413.java,0,CWE-78,,,,0,0,1,0,0,0,1,0,,,,,,,,
BenchmarkTest02414.java,0,CWE-78,,,,0,0,0,1,0,0,0,1,,,,,,,,
BenchmarkTest02415.java,0,CWE-330,CWE-330,1,0,1,0,0,0,1,0,0,0,1260,6.3e-05,192,7.680000000000001e-05,13,5.2e-06,0.000145,1.6072680950164795
BenchmarkTest02416.java,0,CWE-330,CWE-330,1,0,1,0,0,0,1,0,0,0,1331,6.654999999999999e-05,448,0.00017920000000000002,13,5.2e-06,0.00025095,3.122619152069092
BenchmarkTest02417.java,0,CWE-330,CWE-330,1,0,1,0,0,0,1,0,0,0,1262,6.31e-05,448,0.00017920000000000002,13,5.2e-06,0.00024750000000000005,4.3944621086120605
BenchmarkTest02418.java,0,CWE-330,CWE-330,1,0,1,0,0,0,1,0,0,0,1316,6.58e-05,768,0.00030720000000000004,13,5.2e-06,0.0003782000000000001,4.057616710662842
BenchmarkTest02419.java,0,CWE-330,CWE-330,1,0,1,0,0,0,1,0,0,0,1486,7.43e-05,640,0.000256,13,5.2e-06,0.0003355,3.3088314533233643
BenchmarkTest02420.java,0,CWE-330,CWE-330,1,0,1,0,0,0,1,0,0,0,1244,6.220000000000001e-05,960,0.000384,13,5.2e-06,0.0004514,4.7386181354522705
BenchmarkTest02421.java,0,CWE-330,CWE-330,1,0,1,0,0,0,1,0,0,0,1316,6.58e-05,384,0.00015360000000000002,13,5.2e-06,0.0002246,3.766505002975464
BenchmarkTest02422.java,0,CWE-330,CWE-330,1,0,1,0,0,0,1,0,0,0,1300,6.5e-05,576,0.00023040000000000002,13,5.2e-06,0.00030060000000000004,3.6059231758117676
BenchmarkTest02423.java,0,CWE-330,CWE-330,1,0,1,0,0,0,1,0,0,0,1433,7.165000000000001e-05,832,0.0003328,13,5.2e-06,0.00040965,4.925320148468018
BenchmarkTest02424.java,0,CWE-330,CWE-330,1,0,1,0,0,0,1,0,0,0,1258,6.290000000000001e-05,320,0.000128,13,5.2e-06,0.0001961,4.816152095794678
BenchmarkTest02425.java,0,CWE-330,CWE-330,1,0,1,0,0,0,1,0,0,0,1220,6.1e-05,1024,0.00040960000000000004,13,5.2e-06,0.00047580000000000007,6.789797067642212
BenchmarkTest02426.java,0,CWE-330,CWE-330,1,0,1,0,0,0,1,0,0,0,1237,6.185e-05,320,0.000128,13,5.2e-06,0.00019504999999999997,3.145591974258423
BenchmarkTest02427.java,0,CWE-614,CWE-614,1,0,1,0,0,0,1,0,0,0,1027,5.135e-05,640,0.000256,13,5.2e-06,0.00031255,4.1252830028533936
BenchmarkTest02428.java,0,CWE-78,,,,0,0,1,0,0,0,1,0,,,,,,,,
BenchmarkTest02429.java,0,CWE-78,,,,0,0,0,1,0,0,0,1,,,,,,,,
BenchmarkTest02430.java,0,CWE-78,,,,0,0,0,1,0,0,0,1,,,,,,,,
BenchmarkTest02431.java,0,CWE-78,,,,0,0,0,1,0,0,0,1,,,,,,,,
BenchmarkTest02432.java,0,CWE-78,,,,0,0,0,1,0,0,0,1,,,,,,,,
BenchmarkTest02433.java,0,CWE-78,,,,0,0,0,1,0,0,0,1,,,,,,,,
BenchmarkTest02434.java,0,CWE-330,,,,0,0,1,0,0,0,1,0,,,,,,,,
BenchmarkTest02435.java,0,CWE-330,,,,0,0,1,0,0,0,1,0,,,,,,,,
BenchmarkTest02436.java,0,CWE-330,,,,0,0,1,0,0,0,1,0,,,,,,,,
BenchmarkTest02437.java,0,CWE-330,,,,0,0,1,0,0,0,1,0,,,,,,,,
BenchmarkTest02438.java,0,CWE-330,,,,0,0,1,0,0,0,1,0,,,,,,,,
BenchmarkTest02439.java,0,CWE-330,,,,0,0,1,0,0,0,1,0,,,,,,,,
BenchmarkTest02440.java,0,CWE-330,,,,0,0,1,0,0,0,1,0,,,,,,,,
BenchmarkTest02441.java,0,CWE-330,,,,0,0,1,0,0,0,1,0,,,,,,,,
BenchmarkTest02442.java,0,CWE-330,,,,0,0,1,0,0,0,1,0,,,,,,,,
BenchmarkTest02443.java,0,CWE-330,,,,0,0,1,0,0,0,1,0,,,,,,,,
BenchmarkTest02444.java,0,CWE-330,,,,0,0,1,0,0,0,1,0,,,,,,,,
BenchmarkTest02445.java,0,CWE-330,,,,0,0,1,0,0,0,1,0,,,,,,,,
BenchmarkTest02449.java,0,CWE-89,,,,0,0,0,1,0,0,0,1,,,,,,,,
BenchmarkTest02450.java,0,CWE-89,,,,0,0,1,0,0,0,1,0,,,,,,,,
BenchmarkTest02451.java,0,CWE-89,,,,0,0,0,1,0,0,0,1,,,,,,,,
BenchmarkTest02452.java,0,CWE-89,,,,0,0,1,0,0,0,1,0,,,,,,,,
BenchmarkTest02453.java,0,CWE-89,,,,0,0,0,1,0,0,0,1,,,,,,,,
BenchmarkTest02454.java,0,CWE-89,,,,0,0,0,1,0,0,0,1,,,,,,,,
BenchmarkTest02455.java,0,CWE-89,,,,0,0,0,1,0,0,0,1,,,,,,,,
BenchmarkTest02456.java,0,CWE-89,,,,0,0,1,0,0,0,1,0,,,,,,,,
BenchmarkTest02457.java,0,CWE-643,,,,0,0,1,0,0,0,1,0,,,,,,,,
BenchmarkTest02458.java,0,CWE-327,CWE-327,1,0,1,0,0,0,1,0,0,0,1573,7.865e-05,256,0.00010240000000000001,13,5.2e-06,0.00018625,2.300657272338867
BenchmarkTest02459.java,0,CWE-327,,,,0,0,1,0,0,0,1,0,,,,,,,,
BenchmarkTest02460.java,0,CWE-327,,,,0,0,1,0,0,0,1,0,,,,,,,,
BenchmarkTest02461.java,0,CWE-327,,,,0,0,1,0,0,0,1,0,,,,,,,,
BenchmarkTest02462.java,0,CWE-22,CWE-23,0,1,0,1,0,0,0,0,1,0,1260,6.3e-05,768,0.00030720000000000004,12,4.800000000000001e-06,0.00037500000000000006,3.7343409061431885
BenchmarkTest02463.java,0,CWE-22,CWE-23,0,0,1,0,0,0,1,0,0,0,1202,6.0100000000000004e-05,1280,0.000512,14,5.600000000000001e-06,0.0005777,6.262924909591675
BenchmarkTest02464.java,0,CWE-22,CWE-23,0,1,0,1,0,0,0,0,1,0,1245,6.225e-05,512,0.00020480000000000002,12,4.800000000000001e-06,0.00027185,2.7774269580841064
BenchmarkTest02465.java,0,CWE-22,CWE-23,0,0,1,0,0,0,1,0,0,0,1340,6.7e-05,896,0.00035840000000000004,13,5.2e-06,0.00043060000000000006,4.327277898788452
BenchmarkTest02466.java,0,CWE-22,CWE-23,0,0,1,0,0,0,1,0,0,0,1403,7.015000000000001e-05,576,0.00023040000000000002,13,5.2e-06,0.00030575000000000003,3.1046640872955322
BenchmarkTest02467.java,0,CWE-22,CWE-23,0,1,0,1,0,0,0,0,1,0,1489,7.445000000000001e-05,2624,0.0010496000000000001,12,4.800000000000001e-06,0.00112885,10.767457723617554
BenchmarkTest02468.java,0,CWE-22,CWE-23,0,1,0,1,0,0,0,0,1,0,1233,6.165000000000001e-05,1152,0.00046080000000000003,12,4.800000000000001e-06,0.00052725,5.261152744293213
BenchmarkTest02469.java,0,CWE-22,CWE-23,0,0,1,0,0,0,1,0,0,0,1248,6.240000000000001e-05,1472,0.0005888000000000001,11,4.4e-06,0.0006556000000000001,6.714849948883057
BenchmarkTest02470.java,0,CWE-22,CWE-23,0,1,0,1,0,0,0,0,1,0,1238,6.19e-05,640,0.000256,12,4.800000000000001e-06,0.0003227,3.403543472290039
BenchmarkTest02471.java,0,CWE-22,CWE-23,0,1,0,1,0,0,0,0,1,0,1360,6.8e-05,576,0.00023040000000000002,12,4.800000000000001e-06,0.0003032,2.8807711601257324
BenchmarkTest02472.java,0,CWE-90,CWE-90,1,0,1,0,0,0,1,0,0,0,1219,6.0950000000000004e-05,1344,0.0005376000000000001,15,6e-06,0.0006045500000000001,5.74977445602417
BenchmarkTest02473.java,0,CWE-330,CWE-330,1,0,1,0,0,0,1,0,0,0,1315,6.575e-05,576,0.00023040000000000002,13,5.2e-06,0.00030135000000000003,2.976567029953003
BenchmarkTest02474.java,0,CWE-328,CWE-916,0,0,1,0,0,0,1,0,0,0,1293,6.465e-05,704,0.0002816,13,5.2e-06,0.00035145,4.128864765167236
BenchmarkTest02475.java,0,CWE-328,CWE-916,0,0,1,0,0,0,1,0,0,0,1237,6.185e-05,576,0.00023040000000000002,13,5.2e-06,0.00029745000000000005,3.566887378692627
BenchmarkTest02476.java,0,CWE-328,CWE-916,0,0,1,0,0,0,1,0,0,0,1166,5.830000000000001e-05,896,0.00035840000000000004,13,5.2e-06,0.00042190000000000006,4.633481740951538
BenchmarkTest02477.java,0,CWE-328,,,,0,0,1,0,0,0,1,0,,,,,,,,
BenchmarkTest02478.java,0,CWE-328,,,,0,0,0,1,0,0,0,1,,,,,,,,
BenchmarkTest02479.java,0,CWE-328,,,,0,0,1,0,0,0,1,0,,,,,,,,
BenchmarkTest02480.java,0,CWE-79,CWE-79,1,0,1,0,0,0,1,0,0,0,1283,6.415e-05,384,0.00015360000000000002,13,5.2e-06,0.00022295,3.435410976409912
BenchmarkTest02481.java,0,CWE-79,CWE-79,1,1,0,1,0,0,0,0,1,0,1324,6.62e-05,960,0.000384,12,4.800000000000001e-06,0.000455,5.599916696548462
BenchmarkTest02482.java,0,CWE-79,CWE-79,1,1,0,1,0,0,0,0,1,0,1339,6.695e-05,384,0.00015360000000000002,12,4.800000000000001e-06,0.00022535000000000003,2.807480812072754
BenchmarkTest02483.java,0,CWE-79,CWE-79,1,0,1,0,0,0,1,0,0,0,1252,6.26e-05,320,0.000128,13,5.2e-06,0.0001958,2.265134811401367
BenchmarkTest02484.java,0,CWE-79,CWE-79,1,1,0,1,0,0,0,0,1,0,1351,6.755e-05,576,0.00023040000000000002,12,4.800000000000001e-06,0.00030275,3.554152250289917
BenchmarkTest02485.java,0,CWE-79,CWE-79,1,1,0,1,0,0,0,0,1,0,1346,6.73e-05,1088,0.00043520000000000006,12,4.800000000000001e-06,0.0005073,7.303769826889038
BenchmarkTest02486.java,0,CWE-79,CWE-79,1,0,1,0,0,0,1,0,0,0,1334,6.670000000000001e-05,1088,0.00043520000000000006,13,5.2e-06,0.0005071000000000001,6.097074747085571
BenchmarkTest02487.java,0,CWE-79,CWE-79,1,0,1,0,0,0,1,0,0,0,1300,6.5e-05,768,0.00030720000000000004,13,5.2e-06,0.00037740000000000007,5.160834312438965
BenchmarkTest02488.java,0,CWE-79,CWE-79,1,1,0,1,0,0,0,0,1,0,1286,6.429999999999999e-05,768,0.00030720000000000004,12,4.800000000000001e-06,0.00037630000000000004,5.38846230506897
BenchmarkTest02489.java,0,CWE-79,CWE-79,1,0,1,0,0,0,1,0,0,0,1264,6.32e-05,1152,0.00046080000000000003,13,5.2e-06,0.0005292000000000001,6.268655061721802
BenchmarkTest02490.java,0,CWE-79,CWE-79,1,1,0,1,0,0,0,0,1,0,1503,7.515000000000001e-05,1664,0.0006656,12,4.800000000000001e-06,0.0007455500000000001,7.608053922653198
BenchmarkTest02491.java,0,CWE-79,CWE-79,1,1,0,1,0,0,0,0,1,0,1488,7.44e-05,1024,0.00040960000000000004,12,4.800000000000001e-06,0.0004888000000000001,5.182604074478149
BenchmarkTest02492.java,0,CWE-79,CWE-79,1,1,0,1,0,0,0,0,1,0,1266,6.330000000000001e-05,832,0.0003328,12,4.800000000000001e-06,0.00040090000000000004,4.138472080230713
BenchmarkTest02493.java,0,CWE-79,CWE-79,1,0,1,0,0,0,1,0,0,0,1367,6.835000000000001e-05,448,0.00017920000000000002,13,5.2e-06,0.00025275000000000004,2.5349221229553223
BenchmarkTest02494.java,0,CWE-79,CWE-79,1,0,1,0,0,0,1,0,0,0,1307,6.535e-05,640,0.000256,13,5.2e-06,0.00032655,3.128425359725952
BenchmarkTest02495.java,0,CWE-79,CWE-79,1,1,0,1,0,0,0,0,1,0,1364,6.82e-05,512,0.00020480000000000002,12,4.800000000000001e-06,0.00027780000000000003,3.0474400520324707
BenchmarkTest02496.java,0,CWE-78,CWE-78,1,0,1,0,0,0,1,0,0,0,988,4.940000000000001e-05,768,0.00030720000000000004,13,5.2e-06,0.00036180000000000007,3.6159186363220215
BenchmarkTest02497.java,0,CWE-330,CWE-330,1,0,1,0,0,0,1,0,0,0,1474,7.37e-05,320,0.000128,13,5.2e-06,0.0002069,2.1279006004333496
BenchmarkTest02498.java,0,CWE-330,CWE-330,1,0,1,0,0,0,1,0,0,0,1258,6.290000000000001e-05,448,0.00017920000000000002,13,5.2e-06,0.00024730000000000005,2.7871522903442383
BenchmarkTest02499.java,0,CWE-330,CWE-330,1,0,1,0,0,0,1,0,0,0,1271,6.355e-05,576,0.00023040000000000002,13,5.2e-06,0.00029915000000000003,3.8830859661102295
BenchmarkTest02500.java,0,CWE-330,CWE-330,1,0,1,0,0,0,1,0,0,0,1247,6.235e-05,448,0.00017920000000000002,13,5.2e-06,0.00024675,2.6135873794555664
BenchmarkTest02501.java,0,CWE-330,CWE-330,1,0,1,0,0,0,1,0,0,0,1231,6.155e-05,320,0.000128,13,5.2e-06,0.00019475,2.1230738162994385
BenchmarkTest02502.java,0,CWE-330,CWE-330,1,0,1,0,0,0,1,0,0,0,1273,6.365e-05,1088,0.00043520000000000006,13,5.2e-06,0.0005040500000000001,5.506019592285156
BenchmarkTest02503.java,0,CWE-330,CWE-330,1,0,1,0,0,0,1,0,0,0,1434,7.170000000000001e-05,448,0.00017920000000000002,13,5.2e-06,0.00025610000000000005,3.1905767917633057
BenchmarkTest02504.java,0,CWE-330,CWE-330,1,0,1,0,0,0,1,0,0,0,1234,6.170000000000001e-05,448,0.00017920000000000002,13,5.2e-06,0.0002461,3.0015032291412354
BenchmarkTest02505.java,0,CWE-330,CWE-330,1,0,1,0,0,0,1,0,0,0,1261,6.305e-05,576,0.00023040000000000002,13,5.2e-06,0.00029865,3.2089080810546875
BenchmarkTest02506.java,0,CWE-330,CWE-330,1,0,1,0,0,0,1,0,0,0,1245,6.225e-05,640,0.000256,13,5.2e-06,0.00032345,3.4730913639068604
BenchmarkTest02507.java,0,CWE-614,CWE-614,1,0,1,0,0,0,1,0,0,0,1018,5.0900000000000004e-05,1216,0.00048640000000000006,13,5.2e-06,0.0005425000000000001,5.489073753356934
BenchmarkTest02508.java,0,CWE-614,,,,0,0,1,0,0,0,1,0,,,,,,,,
BenchmarkTest02509.java,0,CWE-79,CWE-79,1,1,0,1,0,0,0,0,1,0,1289,6.445000000000001e-05,576,0.00023040000000000002,12,4.800000000000001e-06,0.00029965000000000005,3.6124427318573
BenchmarkTest02510.java,0,CWE-78,CWE-78,1,1,0,1,0,0,0,0,1,0,1097,5.485e-05,2944,0.0011776000000000002,12,4.800000000000001e-06,0.00123725,12.969067573547363
BenchmarkTest02511.java,0,CWE-78,CWE-78,1,0,1,0,0,0,1,0,0,0,896,4.4800000000000005e-05,1536,0.0006144000000000001,13,5.2e-06,0.0006644000000000001,8.08986210823059
BenchmarkTest02512.java,0,CWE-78,CWE-78,1,0,1,0,0,0,1,0,0,0,937,4.685e-05,1344,0.0005376000000000001,13,5.2e-06,0.00058965,189.35774111747742
BenchmarkTest02513.java,0,CWE-78,CWE-78,1,0,0,1,0,0,0,1,0,0,959,4.795e-05,1600,0.00064,13,5.2e-06,0.0006931500000000001,8.360361337661743
BenchmarkTest02514.java,0,CWE-78,CWE-78,1,0,1,0,0,0,1,0,0,0,900,4.5e-05,2112,0.0008448,13,5.2e-06,0.0008950000000000001,11.430204629898071
BenchmarkTest02515.java,0,CWE-78,CWE-78,1,0,1,0,0,0,1,0,0,0,886,4.4300000000000006e-05,1728,0.0006912,13,5.2e-06,0.0007407000000000001,8.248939752578735
BenchmarkTest02516.java,0,CWE-78,CWE-78,1,0,1,0,0,0,1,0,0,0,956,4.78e-05,1088,0.00043520000000000006,13,5.2e-06,0.0004882000000000001,5.5488550662994385
BenchmarkTest02517.java,0,CWE-78,CWE-78,1,0,1,0,0,0,1,0,0,0,892,4.46e-05,1408,0.0005632,13,5.2e-06,0.000613,6.595834493637085
BenchmarkTest02518.java,0,CWE-78,CWE-78,1,1,0,1,0,0,0,0,1,0,958,4.7900000000000006e-05,1728,0.0006912,12,4.800000000000001e-06,0.0007439,7.1500084400177
BenchmarkTest02519.java,0,CWE-330,,,,0,0,1,0,0,0,1,0,,,,,,,,
BenchmarkTest02520.java,0,CWE-330,,,,0,0,1,0,0,0,1,0,,,,,,,,
BenchmarkTest02521.java,0,CWE-330,,,,0,0,1,0,0,0,1,0,,,,,,,,
BenchmarkTest02522.java,0,CWE-330,,,,0,0,1,0,0,0,1,0,,,,,,,,
BenchmarkTest02528.java,0,CWE-89,CWE-89,1,0,1,0,0,0,1,0,0,0,926,4.630000000000001e-05,1152,0.00046080000000000003,13,5.2e-06,0.0005123,5.185957670211792
BenchmarkTest02529.java,0,CWE-89,CWE-89,1,1,0,1,0,0,0,0,1,0,963,4.8150000000000005e-05,448,0.00017920000000000002,12,4.800000000000001e-06,0.00023215000000000003,2.389596462249756
BenchmarkTest02530.java,0,CWE-89,CWE-89,1,0,1,0,0,0,1,0,0,0,932,4.66e-05,960,0.000384,13,5.2e-06,0.0004358,5.473315715789795
BenchmarkTest02531.java,0,CWE-89,CWE-89,1,0,1,0,0,0,1,0,0,0,913,4.5650000000000005e-05,1024,0.00040960000000000004,13,5.2e-06,0.00046045000000000005,5.175519943237305
BenchmarkTest02532.java,0,CWE-89,CWE-89,1,0,1,0,0,0,1,0,0,0,941,4.7050000000000005e-05,1024,0.00040960000000000004,14,5.600000000000001e-06,0.0004622500000000001,4.916692495346069
BenchmarkTest02533.java,0,CWE-89,CWE-89,1,0,1,0,0,0,1,0,0,0,976,4.880000000000001e-05,768,0.00030720000000000004,13,5.2e-06,0.00036120000000000005,3.9814889430999756
BenchmarkTest02534.java,0,CWE-89,CWE-89,1,0,1,0,0,0,1,0,0,0,910,4.55e-05,960,0.000384,13,5.2e-06,0.00043470000000000005,5.321444749832153
BenchmarkTest02535.java,0,CWE-89,CWE-89,1,0,1,0,0,0,1,0,0,0,955,4.775e-05,1920,0.000768,13,5.2e-06,0.0008209500000000001,8.598260402679443
BenchmarkTest02536.java,0,CWE-89,CWE-89,1,1,0,1,0,0,0,0,1,0,980,4.9e-05,640,0.000256,12,4.800000000000001e-06,0.0003098,3.8120949268341064
BenchmarkTest02537.java,0,CWE-89,CWE-89,1,0,1,0,0,0,1,0,0,0,931,4.655000000000001e-05,512,0.00020480000000000002,13,5.2e-06,0.00025655000000000003,3.091667652130127
BenchmarkTest02538.java,0,CWE-89,,,,0,0,1,0,0,0,1,0,,,,,,,,
BenchmarkTest02539.java,0,CWE-89,,,,0,0,1,0,0,0,1,0,,,,,,,,
BenchmarkTest02540.java,0,CWE-89,CWE-89,1,1,0,1,0,0,0,0,1,0,933,4.665000000000001e-05,512,0.00020480000000000002,12,4.800000000000001e-06,0.00025625,3.2205357551574707
BenchmarkTest02541.java,0,CWE-89,CWE-89,1,1,0,1,0,0,0,0,1,0,899,4.495e-05,1216,0.00048640000000000006,12,4.800000000000001e-06,0.0005361500000000001,6.682043552398682
BenchmarkTest02542.java,0,CWE-89,CWE-89,1,0,1,0,0,0,1,0,0,0,880,4.4e-05,576,0.00023040000000000002,13,5.2e-06,0.0002796,4.328831195831299
BenchmarkTest02543.java,0,CWE-89,CWE-89,1,0,1,0,0,0,1,0,0,0,896,4.4800000000000005e-05,384,0.00015360000000000002,13,5.2e-06,0.00020360000000000002,3.7060437202453613
BenchmarkTest02544.java,0,CWE-89,CWE-89,1,1,0,1,0,0,0,0,1,0,948,4.740000000000001e-05,448,0.00017920000000000002,12,4.800000000000001e-06,0.00023140000000000004,3.232088565826416
BenchmarkTest02545.java,0,CWE-89,CWE-89,1,0,1,0,0,0,1,0,0,0,887,4.435e-05,640,0.000256,13,5.2e-06,0.00030555000000000003,3.684187173843384
BenchmarkTest02546.java,0,CWE-89,CWE-89,1,1,0,1,0,0,0,0,1,0,952,4.76e-05,640,0.000256,12,4.800000000000001e-06,0.0003084,4.332014322280884
BenchmarkTest02547.java,0,CWE-327,,,,0,0,1,0,0,0,1,0,,,,,,,,
BenchmarkTest02548.java,0,CWE-327,CWE-327,1,0,1,0,0,0,1,0,0,0,1760,8.8e-05,384,0.00015360000000000002,13,5.2e-06,0.00024680000000000004,2.9726834297180176
BenchmarkTest02549.java,0,CWE-327,CWE-327,1,0,1,0,0,0,1,0,0,0,1757,8.785000000000001e-05,384,0.00015360000000000002,13,5.2e-06,0.00024665000000000006,3.419323682785034
BenchmarkTest02550.java,0,CWE-327,CWE-327,1,0,1,0,0,0,1,0,0,0,1383,6.915e-05,448,0.00017920000000000002,13,5.2e-06,0.00025355000000000006,2.4678306579589844
BenchmarkTest02551.java,0,CWE-327,,,,0,0,1,0,0,0,1,0,,,,,,,,
BenchmarkTest02552.java,0,CWE-327,,,,0,0,1,0,0,0,1,0,,,,,,,,
BenchmarkTest02553.java,0,CWE-90,CWE-90,1,1,0,1,0,0,0,0,1,0,1393,6.965e-05,1024,0.00040960000000000004,12,4.800000000000001e-06,0.00048405000000000003,5.77272367477417
BenchmarkTest02554.java,0,CWE-22,CWE-23,0,1,0,1,0,0,0,0,1,0,1352,6.76e-05,832,0.0003328,12,4.800000000000001e-06,0.00040520000000000004,4.200340509414673
BenchmarkTest02555.java,0,CWE-22,CWE-23,0,0,1,0,0,0,1,0,0,0,1344,6.720000000000001e-05,896,0.00035840000000000004,13,5.2e-06,0.00043080000000000006,4.249797105789185
BenchmarkTest02556.java,0,CWE-22,CWE-23,0,0,1,0,0,0,1,0,0,0,1332,6.66e-05,640,0.000256,13,5.2e-06,0.0003278,3.5664138793945312
BenchmarkTest02557.java,0,CWE-22,CWE-23,0,1,0,1,0,0,0,0,1,0,1370,6.85e-05,1024,0.00040960000000000004,12,4.800000000000001e-06,0.00048290000000000003,5.162320613861084
BenchmarkTest02558.java,0,CWE-22,CWE-23,0,1,0,1,0,0,0,0,1,0,1338,6.69e-05,1024,0.00040960000000000004,12,4.800000000000001e-06,0.00048130000000000004,5.204230546951294
BenchmarkTest02559.java,0,CWE-22,CWE-23,0,0,1,0,0,0,1,0,0,0,1465,7.325e-05,1152,0.00046080000000000003,13,5.2e-06,0.00053925,6.0989344120025635
BenchmarkTest02560.java,0,CWE-22,CWE-23,0,0,1,0,0,0,1,0,0,0,1481,7.405e-05,512,0.00020480000000000002,13,5.2e-06,0.00028405000000000005,2.814976453781128
BenchmarkTest02561.java,0,CWE-22,CWE-23,0,0,1,0,0,0,1,0,0,0,1459,7.295e-05,832,0.0003328,13,5.2e-06,0.00041095000000000004,4.011864423751831
BenchmarkTest02562.java,0,CWE-22,CWE-23,0,0,1,0,0,0,1,0,0,0,1430,7.15e-05,576,0.00023040000000000002,13,5.2e-06,0.00030710000000000004,3.455693244934082
BenchmarkTest02563.java,0,CWE-22,CWE-23,0,1,0,1,0,0,0,0,1,0,1582,7.910000000000001e-05,1408,0.0005632,12,4.800000000000001e-06,0.0006471000000000001,7.378969430923462
BenchmarkTest02564.java,0,CWE-22,CWE-23,0,0,1,0,0,0,1,0,0,0,1440,7.2e-05,704,0.0002816,13,5.2e-06,0.00035880000000000005,4.088928461074829
BenchmarkTest02565.java,0,CWE-22,CWE-23,0,0,1,0,0,0,1,0,0,0,1352,6.76e-05,1088,0.00043520000000000006,14,5.600000000000001e-06,0.0005084000000000001,5.344128608703613
BenchmarkTest02566.java,0,CWE-22,CWE-23,0,1,0,1,0,0,0,0,1,0,1392,6.960000000000001e-05,1152,0.00046080000000000003,14,5.600000000000001e-06,0.0005360000000000001,5.358913421630859
BenchmarkTest02567.java,0,CWE-22,CWE-23,0,0,1,0,0,0,1,0,0,0,1347,6.735000000000001e-05,576,0.00023040000000000002,13,5.2e-06,0.00030295000000000007,3.168626070022583
BenchmarkTest02568.java,0,CWE-22,CWE-23,0,1,0,1,0,0,0,0,1,0,1427,7.135000000000001e-05,704,0.0002816,12,4.800000000000001e-06,0.00035775000000000005,7.906107664108276
BenchmarkTest02569.java,0,CWE-22,CWE-23,0,0,1,0,0,0,1,0,0,0,1434,7.170000000000001e-05,896,0.00035840000000000004,13,5.2e-06,0.00043530000000000006,7.492428541183472
BenchmarkTest02570.java,0,CWE-22,CWE-23,0,1,0,1,0,0,0,0,1,0,1530,7.65e-05,832,0.0003328,12,4.800000000000001e-06,0.00041410000000000004,5.3664867877960205
BenchmarkTest02571.java,0,CWE-90,CWE-90,1,1,0,1,0,0,0,0,1,0,1403,7.015000000000001e-05,512,0.00020480000000000002,12,4.800000000000001e-06,0.00027975000000000005,3.1645166873931885
BenchmarkTest02572.java,0,CWE-90,CWE-90,1,1,0,1,0,0,0,0,1,0,1356,6.78e-05,704,0.0002816,12,4.800000000000001e-06,0.00035420000000000004,4.585043668746948
BenchmarkTest02573.java,0,CWE-328,CWE-916,0,0,1,0,0,0,1,0,0,0,1429,7.145e-05,512,0.00020480000000000002,13,5.2e-06,0.00028145000000000004,3.7409980297088623
BenchmarkTest02574.java,0,CWE-328,CWE-916,0,0,1,0,0,0,1,0,0,0,1394,6.97e-05,960,0.000384,13,5.2e-06,0.00045890000000000004,4.779645681381226
BenchmarkTest02575.java,0,CWE-328,CWE-916,0,0,1,0,0,0,1,0,0,0,1328,6.64e-05,640,0.000256,13,5.2e-06,0.0003276,3.61965274810791
BenchmarkTest02576.java,0,CWE-328,,,,0,0,1,0,0,0,1,0,,,,,,,,
BenchmarkTest02577.java,0,CWE-328,,,,0,0,0,1,0,0,0,1,,,,,,,,
BenchmarkTest02578.java,0,CWE-79,CWE-79,1,0,1,0,0,0,1,0,0,0,1439,7.195e-05,1216,0.00048640000000000006,13,5.2e-06,0.0005635500000000001,6.225588321685791
BenchmarkTest02579.java,0,CWE-79,CWE-79,1,0,1,0,0,0,1,0,0,0,1419,7.095e-05,1216,0.00048640000000000006,13,5.2e-06,0.0005625500000000001,6.305581331253052
BenchmarkTest02580.java,0,CWE-79,CWE-79,1,0,1,0,0,0,1,0,0,0,1428,7.14e-05,1408,0.0005632,13,5.2e-06,0.0006398,6.945042371749878
BenchmarkTest02581.java,0,CWE-79,CWE-79,1,1,0,1,0,0,0,0,1,0,1414,7.07e-05,2112,0.0008448,13,5.2e-06,0.0009207000000000001,9.496504545211792
BenchmarkTest02582.java,0,CWE-79,CWE-79,1,0,1,0,0,0,1,0,0,0,1421,7.104999999999999e-05,704,0.0002816,13,5.2e-06,0.00035785000000000005,3.882976770401001
BenchmarkTest02583.java,0,CWE-79,CWE-79,1,0,1,0,0,0,1,0,0,0,1392,6.960000000000001e-05,512,0.00020480000000000002,13,5.2e-06,0.0002796000000000001,2.6883647441864014
BenchmarkTest02584.java,0,CWE-79,CWE-79,1,0,1,0,0,0,1,0,0,0,1415,7.075e-05,704,0.0002816,13,5.2e-06,0.00035755000000000004,4.0768115520477295
BenchmarkTest02585.java,0,CWE-79,CWE-79,1,0,1,0,0,0,1,0,0,0,1424,7.120000000000001e-05,1024,0.00040960000000000004,13,5.2e-06,0.00048600000000000005,5.40171480178833
BenchmarkTest02586.java,0,CWE-79,CWE-79,1,0,1,0,0,0,1,0,0,0,1484,7.42e-05,768,0.00030720000000000004,13,5.2e-06,0.0003866000000000001,4.254096031188965
BenchmarkTest02587.java,0,CWE-79,CWE-79,1,0,1,0,0,0,1,0,0,0,1639,8.195e-05,2112,0.0008448,13,5.2e-06,0.0009319500000000001,9.974217414855957
BenchmarkTest02588.java,0,CWE-79,CWE-79,1,0,1,0,0,0,1,0,0,0,1635,8.175e-05,1472,0.0005888000000000001,13,5.2e-06,0.0006757500000000001,188.34819841384888
BenchmarkTest02589.java,0,CWE-79,CWE-79,1,1,0,1,0,0,0,0,1,0,1477,7.385e-05,1088,0.00043520000000000006,12,4.800000000000001e-06,0.00051385,6.36473536491394
BenchmarkTest02590.java,0,CWE-79,CWE-79,1,1,0,1,0,0,0,0,1,0,1513,7.565000000000001e-05,576,0.00023040000000000002,12,4.800000000000001e-06,0.00031085000000000005,3.8770751953125
BenchmarkTest02591.java,0,CWE-79,CWE-79,1,0,1,0,0,0,1,0,0,0,1438,7.19e-05,512,0.00020480000000000002,13,5.2e-06,0.0002819,3.6402201652526855
BenchmarkTest02592.java,0,CWE-79,CWE-79,1,0,1,0,0,0,1,0,0,0,1474,7.37e-05,640,0.000256,13,5.2e-06,0.0003349,3.941615104675293
BenchmarkTest02593.java,0,CWE-79,CWE-79,1,1,0,1,0,0,0,0,1,0,1436,7.18e-05,640,0.000256,12,4.800000000000001e-06,0.0003326,3.616824150085449
BenchmarkTest02594.java,0,CWE-79,CWE-79,1,1,0,1,0,0,0,0,1,0,1431,7.154999999999999e-05,768,0.00030720000000000004,12,4.800000000000001e-06,0.00038355,4.110280513763428
BenchmarkTest02595.java,0,CWE-79,CWE-79,1,0,1,0,0,0,1,0,0,0,1487,7.435e-05,640,0.000256,13,5.2e-06,0.00033555,3.320556640625
BenchmarkTest02596.java,0,CWE-79,CWE-79,1,1,0,1,0,0,0,0,1,0,1407,7.035e-05,704,0.0002816,12,4.800000000000001e-06,0.00035675,3.57761287689209
BenchmarkTest02597.java,0,CWE-79,CWE-79,1,0,1,0,0,0,1,0,0,0,1448,7.240000000000001e-05,576,0.00023040000000000002,13,5.2e-06,0.00030800000000000006,3.4673380851745605
BenchmarkTest02598.java,0,CWE-79,CWE-79,1,0,1,0,0,0,1,0,0,0,1421,7.104999999999999e-05,640,0.000256,13,5.2e-06,0.00033224999999999997,3.297024965286255
BenchmarkTest02599.java,0,CWE-79,CWE-79,1,1,0,1,0,0,0,0,1,0,1430,7.15e-05,512,0.00020480000000000002,12,4.800000000000001e-06,0.00028110000000000006,3.752671480178833
BenchmarkTest02600.java,0,CWE-79,CWE-79,1,0,1,0,0,0,1,0,0,0,1455,7.275e-05,768,0.00030720000000000004,13,5.2e-06,0.00038515000000000006,3.965437650680542
BenchmarkTest02601.java,0,CWE-79,CWE-79,1,1,0,1,0,0,0,0,1,0,1432,7.16e-05,832,0.0003328,13,5.2e-06,0.00040960000000000004,4.457412004470825
BenchmarkTest02602.java,0,CWE-330,CWE-330,1,0,1,0,0,0,1,0,0,0,1603,8.015000000000001e-05,256,0.00010240000000000001,13,5.2e-06,0.00018775,1.9334619045257568
BenchmarkTest02603.java,0,CWE-330,CWE-330,1,0,1,0,0,0,1,0,0,0,1415,7.075e-05,320,0.000128,13,5.2e-06,0.00020394999999999997,3.2659895420074463
BenchmarkTest02604.java,0,CWE-330,CWE-330,1,0,1,0,0,0,1,0,0,0,1586,7.930000000000002e-05,576,0.00023040000000000002,13,5.2e-06,0.00031490000000000006,3.205928087234497
BenchmarkTest02605.java,0,CWE-330,CWE-330,1,0,1,0,0,0,1,0,0,0,1399,6.995e-05,1152,0.00046080000000000003,13,5.2e-06,0.0005359500000000001,5.327700853347778
BenchmarkTest02606.java,0,CWE-330,CWE-330,1,0,1,0,0,0,1,0,0,0,1435,7.175e-05,512,0.00020480000000000002,13,5.2e-06,0.00028175000000000005,2.89727783203125
BenchmarkTest02607.java,0,CWE-614,,,,0,0,1,0,0,0,1,0,,,,,,,,
BenchmarkTest02608.java,0,CWE-79,CWE-79,1,0,1,0,0,0,1,0,0,0,1398,6.99e-05,448,0.00017920000000000002,13,5.2e-06,0.00025430000000000006,3.5989463329315186
BenchmarkTest02609.java,0,CWE-79,CWE-79,1,1,0,1,0,0,0,0,1,0,1415,7.075e-05,640,0.000256,13,5.2e-06,0.00033195,5.795756578445435
BenchmarkTest02610.java,0,CWE-78,CWE-78,1,1,0,1,0,0,0,0,1,0,1233,6.165000000000001e-05,1536,0.0006144000000000001,12,4.800000000000001e-06,0.0006808500000000001,8.35141110420227
BenchmarkTest02611.java,0,CWE-78,CWE-78,1,0,1,0,0,0,1,0,0,0,1202,6.0100000000000004e-05,1344,0.0005376000000000001,13,5.2e-06,0.0006029000000000001,7.824920177459717
BenchmarkTest02612.java,0,CWE-78,CWE-78,1,0,1,0,0,0,1,0,0,0,1041,5.2050000000000005e-05,1536,0.0006144000000000001,13,5.2e-06,0.0006716500000000001,7.861668348312378
BenchmarkTest02613.java,0,CWE-78,CWE-78,1,0,1,0,0,0,1,0,0,0,1099,5.495e-05,1088,0.00043520000000000006,13,5.2e-06,0.0004953500000000001,6.92335844039917
BenchmarkTest02614.java,0,CWE-330,,,,0,0,1,0,0,0,1,0,,,,,,,,
BenchmarkTest02615.java,0,CWE-330,,,,0,0,1,0,0,0,1,0,,,,,,,,
BenchmarkTest02616.java,0,CWE-330,CWE-330,1,0,0,1,0,0,0,1,0,0,1488,7.44e-05,1152,0.00046080000000000003,13,5.2e-06,0.0005404,7.07622766494751
BenchmarkTest02617.java,0,CWE-330,,,,0,0,1,0,0,0,1,0,,,,,,,,
BenchmarkTest02618.java,0,CWE-330,,,,0,0,1,0,0,0,1,0,,,,,,,,
BenchmarkTest02619.java,0,CWE-330,,,,0,0,1,0,0,0,1,0,,,,,,,,
BenchmarkTest02620.java,0,CWE-330,,,,0,0,1,0,0,0,1,0,,,,,,,,
BenchmarkTest02621.java,0,CWE-330,,,,0,0,1,0,0,0,1,0,,,,,,,,
BenchmarkTest02625.java,0,CWE-89,CWE-89,1,0,1,0,0,0,1,0,0,0,1089,5.445e-05,1216,0.00048640000000000006,13,5.2e-06,0.0005460500000000001,5.873854637145996
BenchmarkTest02626.java,0,CWE-89,CWE-89,1,1,0,1,0,0,0,0,1,0,1035,5.175e-05,512,0.00020480000000000002,12,4.800000000000001e-06,0.00026135000000000004,2.9323887825012207
BenchmarkTest02627.java,0,CWE-89,CWE-89,1,0,1,0,0,0,1,0,0,0,1076,5.380000000000001e-05,1152,0.00046080000000000003,13,5.2e-06,0.0005198000000000001,5.010067462921143
BenchmarkTest02628.java,0,CWE-89,CWE-89,1,0,1,0,0,0,1,0,0,0,1111,5.555e-05,1216,0.00048640000000000006,13,5.2e-06,0.00054715,5.797409534454346
BenchmarkTest02629.java,0,CWE-89,CWE-89,1,1,0,1,0,0,0,0,1,0,1098,5.4900000000000006e-05,1216,0.00048640000000000006,12,4.800000000000001e-06,0.0005461000000000001,6.010129690170288
BenchmarkTest02630.java,0,CWE-89,CWE-89,1,0,1,0,0,0,1,0,0,0,1045,5.225e-05,1664,0.0006656,13,5.2e-06,0.00072305,7.36438775062561
BenchmarkTest02631.java,0,CWE-89,CWE-89,1,1,0,1,0,0,0,0,1,0,1050,5.25e-05,704,0.0002816,12,4.800000000000001e-06,0.00033890000000000005,3.7803869247436523
BenchmarkTest02632.java,0,CWE-89,CWE-89,1,0,1,0,0,0,1,0,0,0,1107,5.5350000000000004e-05,512,0.00020480000000000002,13,5.2e-06,0.00026535,2.8583602905273438
BenchmarkTest02633.java,0,CWE-89,CWE-89,1,0,0,1,0,0,0,1,0,0,1257,6.285e-05,768,0.00030720000000000004,13,5.2e-06,0.00037525000000000004,4.240866661071777
BenchmarkTest02634.java,0,CWE-89,CWE-89,1,1,0,1,0,0,0,0,1,0,1107,5.5350000000000004e-05,1088,0.00043520000000000006,12,4.800000000000001e-06,0.0004953500000000001,5.158792734146118
BenchmarkTest02635.java,0,CWE-89,CWE-89,1,0,1,0,0,0,1,0,0,0,1148,5.7400000000000006e-05,896,0.00035840000000000004,13,5.2e-06,0.00042100000000000004,4.197468519210815
BenchmarkTest02636.java,0,CWE-89,CWE-89,1,1,0,1,0,0,0,0,1,0,1094,5.47e-05,832,0.0003328,12,4.800000000000001e-06,0.00039230000000000005,6.497082471847534
BenchmarkTest02637.java,0,CWE-89,CWE-89,1,1,0,1,0,0,0,0,1,0,1061,5.305e-05,1536,0.0006144000000000001,12,4.800000000000001e-06,0.0006722500000000001,6.966104030609131
BenchmarkTest02638.java,0,CWE-89,CWE-89,1,0,1,0,0,0,1,0,0,0,1041,5.2050000000000005e-05,448,0.00017920000000000002,13,5.2e-06,0.00023645,2.9391651153564453
BenchmarkTest02639.java,0,CWE-89,,,,0,0,1,0,0,0,1,0,,,,,,,,
BenchmarkTest02640.java,0,CWE-89,,,,0,0,1,0,0,0,1,0,,,,,,,,
BenchmarkTest02641.java,0,CWE-89,CWE-89,1,0,1,0,0,0,1,0,0,0,1183,5.915000000000001e-05,448,0.00017920000000000002,13,5.2e-06,0.00024355,3.089243173599243
BenchmarkTest02642.java,0,CWE-89,,,,0,0,0,1,0,0,0,1,,,,,,,,
BenchmarkTest02643.java,0,CWE-89,,,,0,0,0,1,0,0,0,1,,,,,,,,
BenchmarkTest02644.java,0,CWE-89,,,,0,0,0,1,0,0,0,1,,,,,,,,
BenchmarkTest02645.java,0,CWE-89,,,,0,0,0,1,0,0,0,1,,,,,,,,
BenchmarkTest02646.java,0,CWE-89,CWE-89,1,0,1,0,0,0,1,0,0,0,1062,5.31e-05,512,0.00020480000000000002,13,5.2e-06,0.00026310000000000005,2.9580094814300537
BenchmarkTest02647.java,0,CWE-89,CWE-89,1,0,1,0,0,0,1,0,0,0,1054,5.27e-05,832,0.0003328,13,5.2e-06,0.0003907,4.0393877029418945
BenchmarkTest02648.java,0,CWE-89,CWE-89,1,1,0,1,0,0,0,0,1,0,1104,5.52e-05,704,0.0002816,12,4.800000000000001e-06,0.0003416,3.498298168182373
BenchmarkTest02649.java,0,CWE-89,CWE-89,1,0,1,0,0,0,1,0,0,0,1004,5.02e-05,320,0.000128,13,5.2e-06,0.00018339999999999999,1.9085445404052734
BenchmarkTest02650.java,0,CWE-89,CWE-89,1,0,1,0,0,0,1,0,0,0,1096,5.4800000000000004e-05,384,0.00015360000000000002,13,5.2e-06,0.00021360000000000001,2.362725257873535
BenchmarkTest02651.java,0,CWE-89,CWE-89,1,0,1,0,0,0,1,0,0,0,1067,5.335e-05,512,0.00020480000000000002,13,5.2e-06,0.00026335000000000003,2.734560966491699
BenchmarkTest02652.java,0,CWE-89,CWE-89,1,1,0,1,0,0,0,0,1,0,1243,6.215e-05,2112,0.0008448,12,4.800000000000001e-06,0.00091175,9.043227672576904
BenchmarkTest02653.java,0,CWE-89,CWE-89,1,0,1,0,0,0,1,0,0,0,1036,5.1800000000000005e-05,1024,0.00040960000000000004,13,5.2e-06,0.00046660000000000007,5.4148030281066895
BenchmarkTest02654.java,0,CWE-89,CWE-89,1,0,1,0,0,0,1,0,0,0,1062,5.31e-05,512,0.00020480000000000002,13,5.2e-06,0.00026310000000000005,2.637908458709717
BenchmarkTest02655.java,0,CWE-89,CWE-89,1,0,1,0,0,0,1,0,0,0,999,4.995e-05,512,0.00020480000000000002,13,5.2e-06,0.00025995000000000006,2.8250956535339355
BenchmarkTest02656.java,0,CWE-89,CWE-89,1,0,1,0,0,0,1,0,0,0,1040,5.2e-05,448,0.00017920000000000002,13,5.2e-06,0.0002364,2.532892942428589
BenchmarkTest02657.java,0,CWE-89,CWE-89,1,1,0,1,0,0,0,0,1,0,1039,5.195e-05,960,0.000384,13,5.2e-06,0.00044115,4.418007135391235
BenchmarkTest02658.java,0,CWE-327,CWE-327,1,0,1,0,0,0,1,0,0,0,1563,7.815e-05,768,0.00030720000000000004,13,5.2e-06,0.00039055000000000003,4.048888444900513
BenchmarkTest02659.java,0,CWE-327,,,,0,0,1,0,0,0,1,0,,,,,,,,
BenchmarkTest02660.java,0,CWE-327,CWE-327,1,0,1,0,0,0,1,0,0,0,1448,7.240000000000001e-05,192,7.680000000000001e-05,13,5.2e-06,0.0001544,2.1943459510803223
BenchmarkTest02661.java,0,CWE-327,CWE-327,1,0,1,0,0,0,1,0,0,0,1260,6.3e-05,192,7.680000000000001e-05,13,5.2e-06,0.000145,2.2031335830688477
BenchmarkTest02662.java,0,CWE-327,,,,0,0,1,0,0,0,1,0,,,,,,,,
BenchmarkTest02663.java,0,CWE-327,CWE-327,1,0,1,0,0,0,1,0,0,0,1220,6.1e-05,1344,0.0005376000000000001,13,5.2e-06,0.0006038,5.994782447814941
BenchmarkTest02664.java,0,CWE-22,,,,0,0,1,0,0,0,1,0,,,,,,,,
BenchmarkTest02665.java,0,CWE-22,,,,0,0,1,0,0,0,1,0,,,,,,,,
BenchmarkTest02666.java,0,CWE-22,,,,0,0,1,0,0,0,1,0,,,,,,,,
BenchmarkTest02667.java,0,CWE-22,,,,0,0,1,0,0,0,1,0,,,,,,,,
BenchmarkTest02668.java,0,CWE-22,,,,0,0,1,0,0,0,1,0,,,,,,,,
BenchmarkTest02669.java,0,CWE-22,,,,0,0,1,0,0,0,1,0,,,,,,,,
BenchmarkTest02670.java,0,CWE-328,CWE-916,0,0,1,0,0,0,1,0,0,0,1329,6.645e-05,960,0.000384,13,5.2e-06,0.00045565000000000004,4.655894041061401
BenchmarkTest02671.java,0,CWE-328,CWE-916,0,0,1,0,0,0,1,0,0,0,1356,6.78e-05,640,0.000256,13,5.2e-06,0.000329,3.5966384410858154
BenchmarkTest02672.java,0,CWE-328,,,,0,0,1,0,0,0,1,0,,,,,,,,
BenchmarkTest02673.java,0,CWE-328,,,,0,0,1,0,0,0,1,0,,,,,,,,
BenchmarkTest02674.java,0,CWE-328,CWE-916,0,0,1,0,0,0,1,0,0,0,1382,6.910000000000001e-05,1152,0.00046080000000000003,13,5.2e-06,0.0005351,5.592355966567993
BenchmarkTest02675.java,0,CWE-328,CWE-916,0,0,1,0,0,0,1,0,0,0,1180,5.9e-05,832,0.0003328,14,5.600000000000001e-06,0.0003974,4.4540650844573975
BenchmarkTest02676.java,0,CWE-328,,,,0,0,1,0,0,0,1,0,,,,,,,,
BenchmarkTest02677.java,0,CWE-328,,,,0,0,0,1,0,0,0,1,,,,,,,,
BenchmarkTest02678.java,0,CWE-328,,,,0,0,1,0,0,0,1,0,,,,,,,,
BenchmarkTest02679.java,0,CWE-79,,,,0,0,1,0,0,0,1,0,,,,,,,,
BenchmarkTest02680.java,0,CWE-79,,,,0,0,1,0,0,0,1,0,,,,,,,,
BenchmarkTest02681.java,0,CWE-79,,,,0,0,1,0,0,0,1,0,,,,,,,,
BenchmarkTest02682.java,0,CWE-79,,,,0,0,1,0,0,0,1,0,,,,,,,,
BenchmarkTest02683.java,0,CWE-79,,,,0,0,1,0,0,0,1,0,,,,,,,,
BenchmarkTest02684.java,0,CWE-79,,,,0,0,1,0,0,0,1,0,,,,,,,,
BenchmarkTest02685.java,0,CWE-79,,,,0,0,1,0,0,0,1,0,,,,,,,,
BenchmarkTest02686.java,0,CWE-79,,,,0,0,1,0,0,0,1,0,,,,,,,,
BenchmarkTest02687.java,0,CWE-79,,,,0,0,1,0,0,0,1,0,,,,,,,,
BenchmarkTest02688.java,0,CWE-79,,,,0,0,1,0,0,0,1,0,,,,,,,,
BenchmarkTest02689.java,0,CWE-79,,,,0,0,1,0,0,0,1,0,,,,,,,,
BenchmarkTest02690.java,0,CWE-79,,,,0,0,1,0,0,0,1,0,,,,,,,,
BenchmarkTest02691.java,0,CWE-79,,,,0,0,1,0,0,0,1,0,,,,,,,,
BenchmarkTest02692.java,0,CWE-79,,,,0,0,1,0,0,0,1,0,,,,,,,,
BenchmarkTest02693.java,0,CWE-79,,,,0,0,1,0,0,0,1,0,,,,,,,,
BenchmarkTest02694.java,0,CWE-79,,,,0,0,1,0,0,0,1,0,,,,,,,,
BenchmarkTest02695.java,0,CWE-79,,,,0,0,1,0,0,0,1,0,,,,,,,,
BenchmarkTest02696.java,0,CWE-79,,,,0,0,1,0,0,0,1,0,,,,,,,,
BenchmarkTest02697.java,0,CWE-78,,,,0,0,1,0,0,0,1,0,,,,,,,,
BenchmarkTest02698.java,0,CWE-78,,,,0,0,1,0,0,0,1,0,,,,,,,,
BenchmarkTest02699.java,0,CWE-78,,,,0,0,1,0,0,0,1,0,,,,,,,,
BenchmarkTest02700.java,0,CWE-330,CWE-330,1,0,1,0,0,0,1,0,0,0,1283,6.415e-05,320,0.000128,13,5.2e-06,0.00019734999999999997,2.789663076400757
BenchmarkTest02701.java,0,CWE-330,CWE-330,1,0,1,0,0,0,1,0,0,0,1259,6.295e-05,576,0.00023040000000000002,13,5.2e-06,0.00029855,5.060444593429565
BenchmarkTest02702.java,0,CWE-330,CWE-330,1,0,1,0,0,0,1,0,0,0,1251,6.255e-05,512,0.00020480000000000002,13,5.2e-06,0.00027255000000000004,2.904512643814087
BenchmarkTest02703.java,0,CWE-330,CWE-330,1,0,1,0,0,0,1,0,0,0,1248,6.240000000000001e-05,1216,0.00048640000000000006,13,5.2e-06,0.0005540000000000001,5.684670925140381
BenchmarkTest02704.java,0,CWE-330,CWE-330,1,0,1,0,0,0,1,0,0,0,1276,6.38e-05,1280,0.000512,13,5.2e-06,0.000581,6.1841912269592285
BenchmarkTest02705.java,0,CWE-330,CWE-330,1,0,1,0,0,0,1,0,0,0,1266,6.330000000000001e-05,512,0.00020480000000000002,13,5.2e-06,0.00027330000000000003,2.9610066413879395
BenchmarkTest02706.java,0,CWE-330,CWE-330,1,0,1,0,0,0,1,0,0,0,1243,6.215e-05,384,0.00015360000000000002,13,5.2e-06,0.00022095,2.4951860904693604
BenchmarkTest02707.java,0,CWE-330,CWE-330,1,0,1,0,0,0,1,0,0,0,1234,6.170000000000001e-05,320,0.000128,13,5.2e-06,0.0001949,1.9726629257202148
BenchmarkTest02708.java,0,CWE-330,CWE-330,1,0,1,0,0,0,1,0,0,0,1209,6.0450000000000006e-05,576,0.00023040000000000002,13,5.2e-06,0.00029605000000000007,3.2868597507476807
BenchmarkTest02709.java,0,CWE-614,CWE-614,1,0,1,0,0,0,1,0,0,0,1019,5.0950000000000005e-05,384,0.00015360000000000002,13,5.2e-06,0.00020975,2.4930226802825928
BenchmarkTest02710.java,0,CWE-614,CWE-614,1,0,1,0,0,0,1,0,0,0,993,4.965000000000001e-05,448,0.00017920000000000002,13,5.2e-06,0.00023405000000000002,2.4236977100372314
BenchmarkTest02711.java,0,CWE-614,,,,0,0,1,0,0,0,1,0,,,,,,,,
BenchmarkTest02712.java,0,CWE-79,,,,0,0,1,0,0,0,1,0,,,,,,,,
BenchmarkTest02713.java,0,CWE-78,,,,0,0,1,0,0,0,1,0,,,,,,,,
BenchmarkTest02714.java,0,CWE-78,,,,0,0,1,0,0,0,1,0,,,,,,,,
BenchmarkTest02715.java,0,CWE-330,,,,0,0,1,0,0,0,1,0,,,,,,,,
BenchmarkTest02716.java,0,CWE-330,,,,0,0,1,0,0,0,1,0,,,,,,,,
BenchmarkTest02717.java,0,CWE-330,,,,0,0,1,0,0,0,1,0,,,,,,,,
BenchmarkTest02718.java,0,CWE-330,,,,0,0,1,0,0,0,1,0,,,,,,,,
BenchmarkTest02719.java,0,CWE-330,,,,0,0,1,0,0,0,1,0,,,,,,,,
BenchmarkTest02720.java,0,CWE-330,,,,0,0,1,0,0,0,1,0,,,,,,,,
BenchmarkTest02721.java,0,CWE-330,,,,0,0,1,0,0,0,1,0,,,,,,,,
BenchmarkTest02727.java,0,CWE-89,,,,0,0,1,0,0,0,1,0,,,,,,,,
BenchmarkTest02728.java,0,CWE-89,,,,0,0,1,0,0,0,1,0,,,,,,,,
BenchmarkTest02729.java,0,CWE-89,,,,0,0,1,0,0,0,1,0,,,,,,,,
BenchmarkTest02730.java,0,CWE-89,,,,0,0,1,0,0,0,1,0,,,,,,,,
BenchmarkTest02731.java,0,CWE-89,,,,0,0,1,0,0,0,1,0,,,,,,,,
BenchmarkTest02732.java,0,CWE-89,,,,0,0,1,0,0,0,1,0,,,,,,,,
BenchmarkTest02733.java,0,CWE-89,,,,0,0,1,0,0,0,1,0,,,,,,,,
BenchmarkTest02734.java,0,CWE-89,,,,0,0,1,0,0,0,1,0,,,,,,,,
BenchmarkTest02735.java,0,CWE-89,,,,0,0,1,0,0,0,1,0,,,,,,,,
BenchmarkTest02736.java,0,CWE-89,,,,0,0,1,0,0,0,1,0,,,,,,,,
BenchmarkTest02737.java,0,CWE-89,,,,0,0,1,0,0,0,1,0,,,,,,,,
BenchmarkTest02738.java,0,CWE-89,,,,0,0,1,0,0,0,1,0,,,,,,,,
BenchmarkTest02739.java,0,CWE-89,,,,0,0,1,0,0,0,1,0,,,,,,,,
BenchmarkTest02740.java,0,CWE-89,,,,0,0,1,0,0,0,1,0,,,,,,,,
