file_name,error,correct_cwe,matched_cwe,direct_match,was_changed,tp_old,fp_old,tn_old,fn_old,tp_new,fp_new,tn_new,fn_new,input_token,input_cost,reasoning_token,reasoning_cost,output_token,output_cost,total_cost,analysis_time
BenchmarkTest00001.java,0,CWE-22,CWE-23,0,0,1,0,0,0,1,0,0,0,2608,0.00387288,0,0.0,4,1.8239999999999998e-05,0.00389112,1.3124003410339355
BenchmarkTest00002.java,0,CWE-22,CWE-23,0,0,1,0,0,0,1,0,0,0,2500,0.0037125000000000005,0,0.0,4,1.8239999999999998e-05,0.0037307400000000006,9.17734146118164
BenchmarkTest00003.java,0,CWE-328,,,,0,0,0,1,0,0,0,1,,,,,,,,
BenchmarkTest00005.java,0,CWE-327,CWE-327,1,0,1,0,0,0,1,0,0,0,2393,0.003553605,0,0.0,4,1.8239999999999998e-05,0.003571845,1.703993320465088
BenchmarkTest00006.java,0,CWE-78,CWE-78,1,0,1,0,0,0,1,0,0,0,2093,0.003108105,0,0.0,4,1.8239999999999998e-05,0.003126345,1.1924350261688232
BenchmarkTest00007.java,0,CWE-78,CWE-78,1,0,1,0,0,0,1,0,0,0,2007,0.002980395,0,0.0,4,1.8239999999999998e-05,0.002998635,1.025331735610962
BenchmarkTest00008.java,0,CWE-89,CWE-89,1,0,1,0,0,0,1,0,0,0,2013,0.0029893050000000003,0,0.0,4,1.8239999999999998e-05,0.0030075450000000004,1.5124566555023193
BenchmarkTest00009.java,0,CWE-328,,,,0,0,1,0,0,0,1,0,,,,,,,,
BenchmarkTest00010.java,0,CWE-330,,,,0,0,1,0,0,0,1,0,,,,,,,,
BenchmarkTest00011.java,0,CWE-22,CWE-23,0,0,1,0,0,0,1,0,0,0,2313,0.0034348050000000004,0,0.0,4,1.8239999999999998e-05,0.0034530450000000005,1.07969331741333
BenchmarkTest00012.java,0,CWE-90,CWE-90,1,0,1,0,0,0,1,0,0,0,2397,0.003559545,0,0.0,4,1.8239999999999998e-05,0.003577785,1.0639872550964355
BenchmarkTest00013.java,0,CWE-79,CWE-79,1,0,1,0,0,0,1,0,0,0,2431,0.003610035,0,0.0,4,1.8239999999999998e-05,0.0036282750000000002,1.098869800567627
BenchmarkTest00014.java,0,CWE-79,CWE-79,1,0,1,0,0,0,1,0,0,0,2424,0.0035996400000000003,0,0.0,4,1.8239999999999998e-05,0.0036178800000000004,1.030128002166748
BenchmarkTest00015.java,0,CWE-78,CWE-78,1,0,1,0,0,0,1,0,0,0,2106,0.00312741,0,0.0,4,1.8239999999999998e-05,0.0031456500000000003,1.0391061305999756
BenchmarkTest00016.java,0,CWE-614,,,,0,0,1,0,0,0,1,0,,,,,,,,
BenchmarkTest00017.java,0,CWE-78,CWE-78,1,0,1,0,0,0,1,0,0,0,2079,0.003087315,0,0.0,4,1.8239999999999998e-05,0.0031055550000000003,1.1940288543701172
BenchmarkTest00018.java,0,CWE-89,CWE-89,1,0,1,0,0,0,1,0,0,0,2017,0.0029952450000000005,0,0.0,4,1.8239999999999998e-05,0.0030134850000000006,1.006303310394287
BenchmarkTest00019.java,0,CWE-327,CWE-327,1,0,1,0,0,0,1,0,0,0,2338,0.0034719300000000002,0,0.0,4,1.8239999999999998e-05,0.0034901700000000003,1.0284137725830078
BenchmarkTest00020.java,0,CWE-327,CWE-327,1,0,1,0,0,0,1,0,0,0,2728,0.00405108,0,0.0,4,1.8239999999999998e-05,0.00406932,1.1391329765319824
BenchmarkTest00021.java,0,CWE-90,CWE-90,1,0,1,0,0,0,1,0,0,0,2329,0.0034585650000000003,0,0.0,4,1.8239999999999998e-05,0.0034768050000000003,1.056753158569336
BenchmarkTest00022.java,0,CWE-328,,,,0,0,1,0,0,0,1,0,,,,,,,,
BenchmarkTest00023.java,0,CWE-330,CWE-330,1,0,1,0,0,0,1,0,0,0,2345,0.003482325,0,0.0,4,1.8239999999999998e-05,0.003500565,1.2507896423339844
BenchmarkTest00024.java,0,CWE-89,CWE-89,1,0,1,0,0,0,1,0,0,0,2048,0.0030412800000000004,0,0.0,4,1.8239999999999998e-05,0.0030595200000000005,1.5667848587036133
BenchmarkTest00025.java,0,CWE-89,,,,0,0,0,1,0,0,0,1,,,,,,,,
BenchmarkTest00026.java,0,CWE-89,,,,0,0,0,1,0,0,0,1,,,,,,,,
BenchmarkTest00027.java,0,CWE-89,CWE-89,1,0,1,0,0,0,1,0,0,0,1979,0.002938815,0,0.0,4,1.8239999999999998e-05,0.002957055,1.5083770751953125
BenchmarkTest00028.java,0,CWE-22,CWE-23,0,0,1,0,0,0,1,0,0,0,2350,0.0034897500000000007,0,0.0,4,1.8239999999999998e-05,0.0035079900000000008,1.1701257228851318
BenchmarkTest00029.java,0,CWE-328,,,,0,0,0,1,0,0,0,1,,,,,,,,
BenchmarkTest00030.java,0,CWE-79,CWE-79,1,0,1,0,0,0,1,0,0,0,2414,0.0035847900000000005,0,0.0,4,1.8239999999999998e-05,0.0036030300000000006,1.2300829887390137
BenchmarkTest00032.java,0,CWE-89,,,,0,0,0,1,0,0,0,1,,,,,,,,
BenchmarkTest00033.java,0,CWE-89,,,,0,0,0,1,0,0,0,1,,,,,,,,
BenchmarkTest00034.java,0,CWE-89,CWE-89,1,0,1,0,0,0,1,0,0,0,2022,0.0030026700000000003,0,0.0,4,1.8239999999999998e-05,0.0030209100000000003,1.0971786975860596
BenchmarkTest00035.java,0,CWE-327,CWE-327,1,0,1,0,0,0,1,0,0,0,2456,0.0036471600000000004,0,0.0,4,1.8239999999999998e-05,0.0036654000000000005,1.198591709136963
BenchmarkTest00036.java,0,CWE-79,CWE-79,1,0,1,0,0,0,1,0,0,0,2500,0.0037125000000000005,0,0.0,4,1.8239999999999998e-05,0.0037307400000000006,1.1596355438232422
BenchmarkTest00037.java,0,CWE-89,CWE-89,1,0,1,0,0,0,1,0,0,0,2148,0.00318978,0,0.0,4,1.8239999999999998e-05,0.0032080200000000002,1.7130041122436523
BenchmarkTest00038.java,0,CWE-89,CWE-89,1,0,1,0,0,0,1,0,0,0,2283,0.003390255,0,0.0,4,1.8239999999999998e-05,0.003408495,1.4159622192382812
BenchmarkTest00039.java,0,CWE-89,,,,0,0,0,1,0,0,0,1,,,,,,,,
BenchmarkTest00040.java,0,CWE-22,,,,0,0,0,1,0,0,0,1,,,,,,,,
BenchmarkTest00041.java,0,CWE-79,,,,0,0,0,1,0,0,0,1,,,,,,,,
BenchmarkTest00042.java,0,CWE-330,,,,0,0,1,0,0,0,1,0,,,,,,,,
BenchmarkTest00043.java,0,CWE-89,,,,0,0,0,1,0,0,0,1,,,,,,,,
BenchmarkTest00044.java,0,CWE-90,CWE-90,1,0,1,0,0,0,1,0,0,0,2329,0.0034585650000000003,0,0.0,4,1.8239999999999998e-05,0.0034768050000000003,1.011606216430664
BenchmarkTest00045.java,0,CWE-22,CWE-23,0,0,1,0,0,0,1,0,0,0,2301,0.003416985,0,0.0,4,1.8239999999999998e-05,0.003435225,1.030500888824463
BenchmarkTest00046.java,0,CWE-328,CWE-916,0,0,1,0,0,0,1,0,0,0,2315,0.003437775,0,0.0,4,1.8239999999999998e-05,0.003456015,1.0081593990325928
BenchmarkTest00047.java,0,CWE-79,CWE-79,1,0,1,0,0,0,1,0,0,0,2545,0.0037793250000000005,0,0.0,4,1.8239999999999998e-05,0.0037975650000000006,1.122032880783081
BenchmarkTest00048.java,0,CWE-79,CWE-79,1,0,1,0,0,0,1,0,0,0,2539,0.0037704150000000005,0,0.0,4,1.8239999999999998e-05,0.0037886550000000006,1.1151034832000732
BenchmarkTest00049.java,0,CWE-79,CWE-79,1,0,1,0,0,0,1,0,0,0,2538,0.00376893,0,0.0,4,1.8239999999999998e-05,0.0037871700000000003,1.0784823894500732
BenchmarkTest00050.java,0,CWE-327,CWE-327,1,0,1,0,0,0,1,0,0,0,2749,0.004082265000000001,0,0.0,4,1.8239999999999998e-05,0.004100505000000001,1.1135172843933105
BenchmarkTest00051.java,0,CWE-78,,,,0,0,1,0,0,0,1,0,,,,,,,,
BenchmarkTest00052.java,0,CWE-89,,,,0,0,1,0,0,0,1,0,,,,,,,,
BenchmarkTest00053.java,0,CWE-327,CWE-327,1,0,1,0,0,0,1,0,0,0,2892,0.00429462,0,0.0,4,1.8239999999999998e-05,0.00431286,1.1879138946533203
BenchmarkTest00054.java,0,CWE-327,,,,0,0,1,0,0,0,1,0,,,,,,,,
BenchmarkTest00055.java,0,CWE-327,CWE-327,1,0,1,0,0,0,1,0,0,0,2918,0.00433323,0,0.0,4,1.8239999999999998e-05,0.0043514700000000005,1.1081488132476807
BenchmarkTest00056.java,0,CWE-327,CWE-327,1,0,1,0,0,0,1,0,0,0,2984,0.00443124,0,0.0,4,1.8239999999999998e-05,0.0044494800000000004,1.1822850704193115
BenchmarkTest00057.java,0,CWE-327,CWE-327,1,0,1,0,0,0,1,0,0,0,2591,0.0038476350000000003,0,0.0,4,1.8239999999999998e-05,0.0038658750000000004,1.0369760990142822
BenchmarkTest00058.java,0,CWE-327,,,,0,0,1,0,0,0,1,0,,,,,,,,
BenchmarkTest00059.java,0,CWE-327,,,,0,0,1,0,0,0,1,0,,,,,,,,
BenchmarkTest00060.java,0,CWE-22,CWE-23,0,0,1,0,0,0,1,0,0,0,2532,0.0037600200000000006,0,0.0,4,1.8239999999999998e-05,0.0037782600000000007,1.1473069190979004
BenchmarkTest00061.java,0,CWE-22,CWE-23,0,0,1,0,0,0,1,0,0,0,2515,0.003734775,0,0.0,4,1.8239999999999998e-05,0.003753015,1.107872486114502
BenchmarkTest00062.java,0,CWE-22,CWE-23,0,0,1,0,0,0,1,0,0,0,2698,0.00400653,0,0.0,4,1.8239999999999998e-05,0.00402477,1.0868921279907227
BenchmarkTest00063.java,0,CWE-22,,,,0,0,1,0,0,0,1,0,,,,,,,,
BenchmarkTest00064.java,0,CWE-22,,,,0,0,1,0,0,0,1,0,,,,,,,,
BenchmarkTest00065.java,0,CWE-22,CWE-23,0,0,1,0,0,0,1,0,0,0,2690,0.00399465,0,0.0,4,1.8239999999999998e-05,0.00401289,1.496833086013794
BenchmarkTest00066.java,0,CWE-330,CWE-330,1,0,1,0,0,0,1,0,0,0,2563,0.0038060550000000005,0,0.0,4,1.8239999999999998e-05,0.0038242950000000006,1.0097384452819824
BenchmarkTest00067.java,0,CWE-330,CWE-330,1,0,1,0,0,0,1,0,0,0,2771,0.004114935,0,0.0,4,1.8239999999999998e-05,0.004133175,1.1225175857543945
BenchmarkTest00068.java,0,CWE-330,CWE-330,1,0,1,0,0,0,1,0,0,0,2557,0.0037971450000000005,0,0.0,4,1.8239999999999998e-05,0.0038153850000000006,1.185671091079712
BenchmarkTest00069.java,0,CWE-328,,,,0,0,1,0,0,0,1,0,,,,,,,,
BenchmarkTest00070.java,0,CWE-328,CWE-916,0,0,1,0,0,0,1,0,0,0,2583,0.003835755,0,0.0,4,1.8239999999999998e-05,0.0038539950000000003,1.1194541454315186
BenchmarkTest00071.java,0,CWE-328,CWE-916,0,0,1,0,0,0,1,0,0,0,2587,0.003841695,0,0.0,4,1.8239999999999998e-05,0.003859935,1.6475353240966797
BenchmarkTest00072.java,0,CWE-328,,,,0,0,1,0,0,0,1,0,,,,,,,,
BenchmarkTest00073.java,0,CWE-328,CWE-916,0,0,1,0,0,0,1,0,0,0,2566,0.00381051,0,0.0,4,1.8239999999999998e-05,0.00382875,1.1368870735168457
BenchmarkTest00074.java,0,CWE-328,,,,0,0,0,1,0,0,0,1,,,,,,,,
BenchmarkTest00075.java,0,CWE-328,,,,0,0,1,0,0,0,1,0,,,,,,,,
BenchmarkTest00076.java,0,CWE-328,,,,0,0,1,0,0,0,1,0,,,,,,,,
BenchmarkTest00077.java,0,CWE-78,CWE-78,1,0,1,0,0,0,1,0,0,0,2348,0.00348678,0,0.0,4,1.8239999999999998e-05,0.00350502,1.1515257358551025
BenchmarkTest00078.java,0,CWE-330,CWE-330,1,0,1,0,0,0,1,0,0,0,2582,0.0038342700000000003,0,0.0,4,1.8239999999999998e-05,0.0038525100000000004,1.5367803573608398
BenchmarkTest00079.java,0,CWE-330,CWE-330,1,0,1,0,0,0,1,0,0,0,2623,0.0038951550000000004,0,0.0,4,1.8239999999999998e-05,0.003913395,1.1899585723876953
BenchmarkTest00080.java,0,CWE-330,CWE-330,1,0,1,0,0,0,1,0,0,0,2539,0.0037704150000000005,0,0.0,4,1.8239999999999998e-05,0.0037886550000000006,1.1606535911560059
BenchmarkTest00081.java,0,CWE-330,CWE-330,1,0,1,0,0,0,1,0,0,0,2528,0.0037540800000000004,0,0.0,4,1.8239999999999998e-05,0.0037723200000000004,1.1563305854797363
BenchmarkTest00082.java,0,CWE-330,CWE-330,1,0,1,0,0,0,1,0,0,0,2529,0.003755565,0,0.0,4,1.8239999999999998e-05,0.0037738050000000003,1.1347260475158691
BenchmarkTest00083.java,0,CWE-330,CWE-330,1,0,1,0,0,0,1,0,0,0,2547,0.003782295,0,0.0,4,1.8239999999999998e-05,0.0038005350000000003,1.0033369064331055
BenchmarkTest00084.java,0,CWE-330,CWE-330,1,0,1,0,0,0,1,0,0,0,2534,0.0037629900000000003,0,0.0,4,1.8239999999999998e-05,0.0037812300000000004,1.2014474868774414
BenchmarkTest00085.java,0,CWE-330,CWE-330,1,0,1,0,0,0,1,0,0,0,2587,0.003841695,0,0.0,4,1.8239999999999998e-05,0.003859935,1.1969950199127197
BenchmarkTest00086.java,0,CWE-330,CWE-330,1,0,1,0,0,0,1,0,0,0,2545,0.0037793250000000005,0,0.0,4,1.8239999999999998e-05,0.0037975650000000006,1.2028794288635254
BenchmarkTest00087.java,0,CWE-614,CWE-614,1,1,1,0,0,0,0,0,0,1,2344,0.0034808400000000002,0,0.0,3,1.368e-05,0.00349452,1.252060890197754
BenchmarkTest00088.java,0,CWE-614,,,,0,0,1,0,0,0,1,0,,,,,,,,
BenchmarkTest00089.java,0,CWE-614,,,,0,0,1,0,0,0,1,0,,,,,,,,
BenchmarkTest00090.java,0,CWE-78,,,,0,0,1,0,0,0,1,0,,,,,,,,
BenchmarkTest00091.java,0,CWE-78,CWE-78,1,0,1,0,0,0,1,0,0,0,2177,0.0032328450000000002,0,0.0,4,1.8239999999999998e-05,0.0032510850000000003,1.2015812397003174
BenchmarkTest00092.java,0,CWE-78,CWE-78,1,0,1,0,0,0,1,0,0,0,2268,0.00336798,0,0.0,4,1.8239999999999998e-05,0.00338622,1.2173364162445068
BenchmarkTest00093.java,0,CWE-78,CWE-78,1,0,0,1,0,0,0,1,0,0,2318,0.00344223,0,0.0,4,1.8239999999999998e-05,0.00346047,1.5878775119781494
BenchmarkTest00094.java,0,CWE-330,,,,0,0,1,0,0,0,1,0,,,,,,,,
BenchmarkTest00095.java,0,CWE-330,,,,0,0,1,0,0,0,1,0,,,,,,,,
BenchmarkTest00096.java,0,CWE-330,,,,0,0,1,0,0,0,1,0,,,,,,,,
BenchmarkTest00100.java,0,CWE-89,CWE-89,1,0,1,0,0,0,1,0,0,0,2319,0.003443715,0,0.0,4,1.8239999999999998e-05,0.003461955,1.0377073287963867
BenchmarkTest00101.java,0,CWE-89,CWE-89,1,0,1,0,0,0,1,0,0,0,2262,0.00335907,0,0.0,4,1.8239999999999998e-05,0.00337731,1.4436216354370117
BenchmarkTest00102.java,0,CWE-89,,,,0,0,0,1,0,0,0,1,,,,,,,,
BenchmarkTest00103.java,0,CWE-89,,,,0,0,0,1,0,0,0,1,,,,,,,,
BenchmarkTest00104.java,0,CWE-89,,,,0,0,1,0,0,0,1,0,,,,,,,,
BenchmarkTest00105.java,0,CWE-89,,,,0,0,1,0,0,0,1,0,,,,,,,,
BenchmarkTest00106.java,0,CWE-89,CWE-89,1,0,1,0,0,0,1,0,0,0,2248,0.0033382800000000003,0,0.0,4,1.8239999999999998e-05,0.0033565200000000004,0.9493076801300049
BenchmarkTest00107.java,0,CWE-89,,,,0,0,1,0,0,0,1,0,,,,,,,,
BenchmarkTest00108.java,0,CWE-89,CWE-89,1,0,1,0,0,0,1,0,0,0,2274,0.0033768900000000004,0,0.0,4,1.8239999999999998e-05,0.0033951300000000005,0.9882218837738037
BenchmarkTest00109.java,0,CWE-89,CWE-89,1,0,1,0,0,0,1,0,0,0,2229,0.003310065,0,0.0,4,1.8239999999999998e-05,0.003328305,1.4448821544647217
BenchmarkTest00110.java,0,CWE-89,,,,0,0,1,0,0,0,1,0,,,,,,,,
BenchmarkTest00111.java,0,CWE-89,CWE-89,1,0,1,0,0,0,1,0,0,0,2234,0.00331749,0,0.0,4,1.8239999999999998e-05,0.0033357300000000003,0.9858188629150391
BenchmarkTest00112.java,0,CWE-89,CWE-89,1,0,1,0,0,0,1,0,0,0,2198,0.0032640300000000002,0,0.0,4,1.8239999999999998e-05,0.0032822700000000003,0.9569346904754639
BenchmarkTest00113.java,0,CWE-89,CWE-89,1,0,0,1,0,0,0,1,0,0,2267,0.003366495,0,0.0,4,1.8239999999999998e-05,0.0033847350000000003,1.0785865783691406
BenchmarkTest00114.java,0,CWE-89,,,,0,0,1,0,0,0,1,0,,,,,,,,
BenchmarkTest00115.java,0,CWE-89,CWE-89,1,0,1,0,0,0,1,0,0,0,2262,0.00335907,0,0.0,4,1.8239999999999998e-05,0.00337731,1.0008268356323242
BenchmarkTest00116.java,0,CWE-643,CWE-643,1,0,0,1,0,0,0,1,0,0,2477,0.0036783450000000004,0,0.0,4,1.8239999999999998e-05,0.0036965850000000005,1.117621898651123
BenchmarkTest00117.java,0,CWE-643,,,,0,0,1,0,0,0,1,0,,,,,,,,
BenchmarkTest00118.java,0,CWE-643,,,,0,0,1,0,0,0,1,0,,,,,,,,
BenchmarkTest00119.java,0,CWE-327,CWE-327,1,0,1,0,0,0,1,0,0,0,2931,0.004352535,0,0.0,4,1.8239999999999998e-05,0.004370775,1.1926088333129883
BenchmarkTest00120.java,0,CWE-327,CWE-327,1,0,1,0,0,0,1,0,0,0,2754,0.00408969,0,0.0,4,1.8239999999999998e-05,0.00410793,1.0511093139648438
BenchmarkTest00121.java,0,CWE-327,,,,0,0,1,0,0,0,1,0,,,,,,,,
BenchmarkTest00122.java,0,CWE-327,,,,0,0,1,0,0,0,1,0,,,,,,,,
BenchmarkTest00123.java,0,CWE-327,CWE-327,1,0,1,0,0,0,1,0,0,0,2414,0.0035847900000000005,0,0.0,4,1.8239999999999998e-05,0.0036030300000000006,0.9271249771118164
BenchmarkTest00124.java,0,CWE-327,CWE-327,1,0,1,0,0,0,1,0,0,0,2431,0.003610035,0,0.0,4,1.8239999999999998e-05,0.0036282750000000002,1.001542091369629
BenchmarkTest00125.java,0,CWE-327,CWE-327,1,0,1,0,0,0,1,0,0,0,2416,0.00358776,0,0.0,4,1.8239999999999998e-05,0.0036060000000000003,1.119560956954956
BenchmarkTest00126.java,0,CWE-327,,,,0,0,1,0,0,0,1,0,,,,,,,,
BenchmarkTest00127.java,0,CWE-327,,,,0,0,1,0,0,0,1,0,,,,,,,,
BenchmarkTest00128.java,0,CWE-327,,,,0,0,1,0,0,0,1,0,,,,,,,,
BenchmarkTest00129.java,0,CWE-327,,,,0,0,1,0,0,0,1,0,,,,,,,,
BenchmarkTest00130.java,0,CWE-327,,,,0,0,1,0,0,0,1,0,,,,,,,,
BenchmarkTest00131.java,0,CWE-22,CWE-23,0,0,0,1,0,0,0,1,0,0,2389,0.0035476650000000006,0,0.0,4,1.8239999999999998e-05,0.0035659050000000007,1.5177979469299316
BenchmarkTest00132.java,0,CWE-22,CWE-23,0,0,0,1,0,0,0,1,0,0,2544,0.00377784,0,0.0,4,1.8239999999999998e-05,0.0037960800000000003,1.471883773803711
BenchmarkTest00133.java,0,CWE-22,CWE-23,0,0,1,0,0,0,1,0,0,0,2435,0.0036159750000000004,0,0.0,4,1.8239999999999998e-05,0.0036342150000000005,0.9757461547851562
BenchmarkTest00134.java,0,CWE-22,CWE-23,0,0,0,1,0,0,0,1,0,0,2377,0.003529845,0,0.0,4,1.8239999999999998e-05,0.0035480850000000003,1.0096006393432617
BenchmarkTest00135.java,0,CWE-22,CWE-23,0,0,0,1,0,0,0,1,0,0,2397,0.003559545,0,0.0,4,1.8239999999999998e-05,0.003577785,0.9823877811431885
BenchmarkTest00136.java,0,CWE-22,CWE-23,0,0,0,1,0,0,0,1,0,0,2436,0.00361746,0,0.0,4,1.8239999999999998e-05,0.0036357,1.0019605159759521
BenchmarkTest00137.java,0,CWE-22,CWE-23,0,0,0,1,0,0,0,1,0,0,2583,0.003835755,0,0.0,4,1.8239999999999998e-05,0.0038539950000000003,1.2346758842468262
BenchmarkTest00138.java,0,CWE-90,,,,0,0,1,0,0,0,1,0,,,,,,,,
BenchmarkTest00139.java,0,CWE-90,,,,0,0,1,0,0,0,1,0,,,,,,,,
BenchmarkTest00140.java,0,CWE-330,CWE-330,1,0,1,0,0,0,1,0,0,0,2431,0.003610035,0,0.0,4,1.8239999999999998e-05,0.0036282750000000002,0.9748425483703613
BenchmarkTest00141.java,0,CWE-328,CWE-916,0,0,1,0,0,0,1,0,0,0,2477,0.0036783450000000004,0,0.0,4,1.8239999999999998e-05,0.0036965850000000005,1.0153305530548096
BenchmarkTest00142.java,0,CWE-328,,,,0,0,1,0,0,0,1,0,,,,,,,,
BenchmarkTest00143.java,0,CWE-328,,,,0,0,0,1,0,0,0,1,,,,,,,,
BenchmarkTest00144.java,0,CWE-79,CWE-79,1,0,1,0,0,0,1,0,0,0,2485,0.0036902250000000005,0,0.0,4,1.8239999999999998e-05,0.0037084650000000006,1.308089256286621
BenchmarkTest00145.java,0,CWE-79,CWE-79,1,0,1,0,0,0,1,0,0,0,2507,0.0037228950000000004,0,0.0,4,1.8239999999999998e-05,0.0037411350000000005,1.0119242668151855
BenchmarkTest00146.java,0,CWE-79,CWE-79,1,0,1,0,0,0,1,0,0,0,2476,0.00367686,0,0.0,4,1.8239999999999998e-05,0.0036951,1.0628817081451416
BenchmarkTest00147.java,0,CWE-79,CWE-79,1,0,0,1,0,0,0,1,0,0,2492,0.0037006200000000004,0,0.0,4,1.8239999999999998e-05,0.0037188600000000005,1.3763489723205566
BenchmarkTest00148.java,0,CWE-79,CWE-79,1,0,1,0,0,0,1,0,0,0,2459,0.0036516150000000004,0,0.0,4,1.8239999999999998e-05,0.0036698550000000005,1.0685398578643799
BenchmarkTest00149.java,0,CWE-79,CWE-79,1,0,1,0,0,0,1,0,0,0,2456,0.0036471600000000004,0,0.0,4,1.8239999999999998e-05,0.0036654000000000005,1.0543036460876465
BenchmarkTest00150.java,0,CWE-79,CWE-79,1,0,1,0,0,0,1,0,0,0,2468,0.00366498,0,0.0,4,1.8239999999999998e-05,0.00368322,1.0257043838500977
BenchmarkTest00151.java,0,CWE-79,CWE-79,1,0,0,1,0,0,0,1,0,0,2483,0.003687255,0,0.0,4,1.8239999999999998e-05,0.003705495,1.0517687797546387
BenchmarkTest00152.java,0,CWE-79,CWE-79,1,0,1,0,0,0,1,0,0,0,2495,0.0037050750000000004,0,0.0,4,1.8239999999999998e-05,0.0037233150000000005,1.058974027633667
BenchmarkTest00153.java,0,CWE-79,CWE-79,1,0,1,0,0,0,1,0,0,0,2486,0.00369171,0,0.0,4,1.8239999999999998e-05,0.00370995,0.9829530715942383
BenchmarkTest00154.java,0,CWE-79,CWE-79,1,0,1,0,0,0,1,0,0,0,2495,0.0037050750000000004,0,0.0,4,1.8239999999999998e-05,0.0037233150000000005,1.073371171951294
BenchmarkTest00155.java,0,CWE-79,CWE-79,1,0,1,0,0,0,1,0,0,0,2439,0.0036219150000000003,0,0.0,4,1.8239999999999998e-05,0.0036401550000000004,1.0169470310211182
BenchmarkTest00156.java,0,CWE-79,CWE-79,1,0,1,0,0,0,1,0,0,0,2470,0.00366795,0,0.0,4,1.8239999999999998e-05,0.00368619,1.0420327186584473
BenchmarkTest00157.java,0,CWE-79,CWE-79,1,0,1,0,0,0,1,0,0,0,2431,0.003610035,0,0.0,4,1.8239999999999998e-05,0.0036282750000000002,1.1818039417266846
BenchmarkTest00158.java,0,CWE-78,,,,0,0,1,0,0,0,1,0,,,,,,,,
BenchmarkTest00159.java,0,CWE-78,CWE-78,1,0,1,0,0,0,1,0,0,0,2135,0.0031704750000000003,0,0.0,4,1.8239999999999998e-05,0.0031887150000000004,1.0104012489318848
BenchmarkTest00160.java,0,CWE-330,CWE-330,1,0,1,0,0,0,1,0,0,0,2441,0.0036248850000000004,0,0.0,4,1.8239999999999998e-05,0.0036431250000000005,1.0052788257598877
BenchmarkTest00161.java,0,CWE-330,CWE-330,1,0,1,0,0,0,1,0,0,0,2507,0.0037228950000000004,0,0.0,4,1.8239999999999998e-05,0.0037411350000000005,1.0552525520324707
BenchmarkTest00162.java,0,CWE-330,CWE-330,1,0,1,0,0,0,1,0,0,0,2365,0.003512025,0,0.0,4,1.8239999999999998e-05,0.0035302650000000003,1.0380291938781738
BenchmarkTest00163.java,0,CWE-330,CWE-330,1,0,1,0,0,0,1,0,0,0,2378,0.0035313300000000005,0,0.0,4,1.8239999999999998e-05,0.0035495700000000006,1.2174558639526367
BenchmarkTest00164.java,0,CWE-330,CWE-330,1,0,1,0,0,0,1,0,0,0,2378,0.0035313300000000005,0,0.0,4,1.8239999999999998e-05,0.0035495700000000006,0.9975483417510986
BenchmarkTest00165.java,0,CWE-330,CWE-330,1,0,1,0,0,0,1,0,0,0,2374,0.00352539,0,0.0,4,1.8239999999999998e-05,0.0035436300000000003,1.4606192111968994
BenchmarkTest00166.java,0,CWE-330,CWE-330,1,0,1,0,0,0,1,0,0,0,2343,0.003479355,0,0.0,4,1.8239999999999998e-05,0.003497595,1.0218124389648438
BenchmarkTest00167.java,0,CWE-330,CWE-330,1,0,1,0,0,0,1,0,0,0,2398,0.00356103,0,0.0,4,1.8239999999999998e-05,0.0035792700000000003,1.0429015159606934
BenchmarkTest00168.java,0,CWE-330,CWE-330,1,0,1,0,0,0,1,0,0,0,2377,0.003529845,0,0.0,4,1.8239999999999998e-05,0.0035480850000000003,1.3918306827545166
BenchmarkTest00169.java,0,CWE-614,CWE-614,1,0,1,0,0,0,1,0,0,0,2200,0.003267,0,0.0,4,1.8239999999999998e-05,0.00328524,1.6530687808990479
BenchmarkTest00170.java,0,CWE-614,CWE-614,1,0,1,0,0,0,1,0,0,0,2383,0.003538755,0,0.0,4,1.8239999999999998e-05,0.0035569950000000003,0.9797394275665283
BenchmarkTest00171.java,0,CWE-78,CWE-78,1,0,0,1,0,0,0,1,0,0,2289,0.0033991650000000004,0,0.0,4,1.8239999999999998e-05,0.0034174050000000005,1.0353808403015137
BenchmarkTest00172.java,0,CWE-78,CWE-78,1,0,1,0,0,0,1,0,0,0,2109,0.003131865,0,0.0,4,1.8239999999999998e-05,0.0031501050000000003,1.0378913879394531
BenchmarkTest00173.java,0,CWE-78,CWE-78,1,0,1,0,0,0,1,0,0,0,2090,0.00310365,0,0.0,4,1.8239999999999998e-05,0.00312189,0.9398033618927002
BenchmarkTest00174.java,0,CWE-78,CWE-78,1,0,1,0,0,0,1,0,0,0,2043,0.0030338550000000002,0,0.0,4,1.8239999999999998e-05,0.0030520950000000003,0.9975507259368896
BenchmarkTest00175.java,0,CWE-78,CWE-78,1,0,0,1,0,0,0,1,0,0,2107,0.003128895,0,0.0,4,1.8239999999999998e-05,0.003147135,1.006160020828247
BenchmarkTest00176.java,0,CWE-78,CWE-78,1,0,1,0,0,0,1,0,0,0,2099,0.0031170150000000003,0,0.0,4,1.8239999999999998e-05,0.0031352550000000004,1.4867563247680664
BenchmarkTest00177.java,0,CWE-78,,,,0,0,1,0,0,0,1,0,,,,,,,,
BenchmarkTest00178.java,0,CWE-330,,,,0,0,1,0,0,0,1,0,,,,,,,,
BenchmarkTest00179.java,0,CWE-330,,,,0,0,1,0,0,0,1,0,,,,,,,,
BenchmarkTest00180.java,0,CWE-330,,,,0,0,1,0,0,0,1,0,,,,,,,,
BenchmarkTest00181.java,0,CWE-330,,,,0,0,1,0,0,0,1,0,,,,,,,,
BenchmarkTest00182.java,0,CWE-330,,,,0,0,1,0,0,0,1,0,,,,,,,,
BenchmarkTest00183.java,0,CWE-330,,,,0,0,1,0,0,0,1,0,,,,,,,,
BenchmarkTest00184.java,0,CWE-330,,,,0,0,1,0,0,0,1,0,,,,,,,,
BenchmarkTest00185.java,0,CWE-330,,,,0,0,1,0,0,0,1,0,,,,,,,,
BenchmarkTest00186.java,0,CWE-330,,,,0,0,1,0,0,0,1,0,,,,,,,,
BenchmarkTest00187.java,0,CWE-330,,,,0,0,1,0,0,0,1,0,,,,,,,,
BenchmarkTest00188.java,0,CWE-330,,,,0,0,1,0,0,0,1,0,,,,,,,,
BenchmarkTest00190.java,0,CWE-89,CWE-89,1,0,0,1,0,0,0,1,0,0,2121,0.0031496850000000006,0,0.0,4,1.8239999999999998e-05,0.0031679250000000007,1.0901756286621094
BenchmarkTest00191.java,0,CWE-89,CWE-89,1,0,0,1,0,0,0,1,0,0,2136,0.00317196,0,0.0,4,1.8239999999999998e-05,0.0031902000000000002,1.0128891468048096
BenchmarkTest00192.java,0,CWE-89,CWE-89,1,0,1,0,0,0,1,0,0,0,2122,0.00315117,0,0.0,4,1.8239999999999998e-05,0.00316941,1.0641436576843262
BenchmarkTest00193.java,0,CWE-89,CWE-89,1,0,1,0,0,0,1,0,0,0,2077,0.003084345,0,0.0,4,1.8239999999999998e-05,0.003102585,1.065467357635498
BenchmarkTest00194.java,0,CWE-89,CWE-89,1,0,1,0,0,0,1,0,0,0,2111,0.003134835,0,0.0,4,1.8239999999999998e-05,0.003153075,1.0403108596801758
BenchmarkTest00195.java,0,CWE-89,,,,0,0,0,1,0,0,0,1,,,,,,,,
BenchmarkTest00196.java,0,CWE-89,,,,0,0,0,1,0,0,0,1,,,,,,,,
BenchmarkTest00197.java,0,CWE-89,CWE-89,1,0,0,1,0,0,0,1,0,0,2283,0.003390255,0,0.0,4,1.8239999999999998e-05,0.003408495,1.1291859149932861
BenchmarkTest00198.java,0,CWE-89,,,,0,0,0,1,0,0,0,1,,,,,,,,
BenchmarkTest00199.java,0,CWE-89,,,,0,0,0,1,0,0,0,1,,,,,,,,
BenchmarkTest00200.java,0,CWE-89,CWE-89,1,0,0,1,0,0,0,1,0,0,2123,0.0031526550000000003,0,0.0,4,1.8239999999999998e-05,0.0031708950000000004,1.5474154949188232
BenchmarkTest00201.java,0,CWE-89,,,,0,0,1,0,0,0,1,0,,,,,,,,
BenchmarkTest00202.java,0,CWE-89,,,,0,0,1,0,0,0,1,0,,,,,,,,
BenchmarkTest00203.java,0,CWE-89,CWE-89,1,0,1,0,0,0,1,0,0,0,2051,0.003045735,0,0.0,4,1.8239999999999998e-05,0.003063975,1.0907597541809082
BenchmarkTest00204.java,0,CWE-89,CWE-89,1,0,1,0,0,0,1,0,0,0,2056,0.0030531600000000005,0,0.0,4,1.8239999999999998e-05,0.0030714000000000006,1.034560203552246
BenchmarkTest00205.java,0,CWE-89,CWE-89,1,0,0,1,0,0,0,1,0,0,2088,0.00310068,0,0.0,4,1.8239999999999998e-05,0.0031189200000000003,1.2255761623382568
BenchmarkTest00206.java,0,CWE-89,,,,0,0,1,0,0,0,1,0,,,,,,,,
BenchmarkTest00207.java,0,CWE-643,CWE-643,1,0,1,0,0,0,1,0,0,0,2166,0.00321651,0,0.0,4,1.8239999999999998e-05,0.00323475,0.9623708724975586
BenchmarkTest00208.java,0,CWE-327,CWE-327,1,0,1,0,0,0,1,0,0,0,2851,0.004233735000000001,0,0.0,4,1.8239999999999998e-05,0.004251975000000001,1.0504767894744873
BenchmarkTest00209.java,0,CWE-327,,,,0,0,1,0,0,0,1,0,,,,,,,,
BenchmarkTest00210.java,0,CWE-327,CWE-327,1,0,1,0,0,0,1,0,0,0,2486,0.00369171,0,0.0,4,1.8239999999999998e-05,0.00370995,1.0398471355438232
BenchmarkTest00211.java,0,CWE-327,,,,0,0,1,0,0,0,1,0,,,,,,,,
BenchmarkTest00212.java,0,CWE-327,,,,0,0,1,0,0,0,1,0,,,,,,,,
BenchmarkTest00213.java,0,CWE-327,,,,0,0,1,0,0,0,1,0,,,,,,,,
BenchmarkTest00214.java,0,CWE-327,,,,0,0,1,0,0,0,1,0,,,,,,,,
BenchmarkTest00215.java,0,CWE-22,CWE-23,0,0,1,0,0,0,1,0,0,0,2379,0.003532815,0,0.0,4,1.8239999999999998e-05,0.003551055,1.0126237869262695
BenchmarkTest00216.java,0,CWE-22,CWE-23,0,0,1,0,0,0,1,0,0,0,2406,0.0035729100000000003,0,0.0,4,1.8239999999999998e-05,0.0035911500000000004,1.606856346130371
BenchmarkTest00217.java,0,CWE-22,,,,0,0,1,0,0,0,1,0,,,,,,,,
BenchmarkTest00218.java,0,CWE-22,CWE-23,0,0,1,0,0,0,1,0,0,0,2617,0.0038862450000000004,0,0.0,4,1.8239999999999998e-05,0.0039044850000000005,1.0894641876220703
BenchmarkTest00219.java,0,CWE-22,CWE-23,0,0,1,0,0,0,1,0,0,0,2542,0.0037748700000000005,0,0.0,4,1.8239999999999998e-05,0.0037931100000000006,1.0211150646209717
BenchmarkTest00220.java,0,CWE-22,,,,0,0,1,0,0,0,1,0,,,,,,,,
BenchmarkTest00221.java,0,CWE-22,,,,0,0,1,0,0,0,1,0,,,,,,,,
BenchmarkTest00222.java,0,CWE-22,CWE-23,0,0,1,0,0,0,1,0,0,0,2494,0.00370359,0,0.0,4,1.8239999999999998e-05,0.00372183,1.0745928287506104
BenchmarkTest00223.java,0,CWE-328,CWE-916,0,0,1,0,0,0,1,0,0,0,2587,0.003841695,0,0.0,4,1.8239999999999998e-05,0.003859935,1.081752061843872
BenchmarkTest00224.java,0,CWE-328,,,,0,0,1,0,0,0,1,0,,,,,,,,
BenchmarkTest00225.java,0,CWE-328,,,,0,0,1,0,0,0,1,0,,,,,,,,
BenchmarkTest00226.java,0,CWE-328,,,,0,0,0,1,0,0,0,1,,,,,,,,
BenchmarkTest00227.java,0,CWE-328,,,,0,0,0,1,0,0,0,1,,,,,,,,
BenchmarkTest00228.java,0,CWE-328,,,,0,0,1,0,0,0,1,0,,,,,,,,
BenchmarkTest00229.java,0,CWE-328,,,,0,0,1,0,0,0,1,0,,,,,,,,
BenchmarkTest00230.java,0,CWE-330,CWE-330,1,0,1,0,0,0,1,0,0,0,2480,0.0036828000000000004,0,0.0,4,1.8239999999999998e-05,0.0037010400000000005,1.1141035556793213
BenchmarkTest00231.java,0,CWE-330,CWE-330,1,0,1,0,0,0,1,0,0,0,2496,0.0037065600000000002,0,0.0,4,1.8239999999999998e-05,0.0037248000000000003,1.619180679321289
BenchmarkTest00232.java,0,CWE-330,CWE-330,1,0,1,0,0,0,1,0,0,0,2513,0.0037318050000000004,0,0.0,4,1.8239999999999998e-05,0.0037500450000000005,1.5206525325775146
BenchmarkTest00233.java,0,CWE-330,CWE-330,1,0,1,0,0,0,1,0,0,0,2435,0.0036159750000000004,0,0.0,4,1.8239999999999998e-05,0.0036342150000000005,1.2204976081848145
BenchmarkTest00234.java,0,CWE-330,CWE-330,1,0,1,0,0,0,1,0,0,0,2506,0.0037214100000000005,0,0.0,4,1.8239999999999998e-05,0.0037396500000000006,1.2705833911895752
BenchmarkTest00235.java,0,CWE-330,CWE-330,1,0,1,0,0,0,1,0,0,0,2434,0.00361449,0,0.0,4,1.8239999999999998e-05,0.0036327300000000002,1.2256078720092773
BenchmarkTest00236.java,0,CWE-330,CWE-330,1,0,1,0,0,0,1,0,0,0,2438,0.0036204300000000004,0,0.0,4,1.8239999999999998e-05,0.0036386700000000005,1.2422199249267578
BenchmarkTest00237.java,0,CWE-330,CWE-330,1,0,1,0,0,0,1,0,0,0,2488,0.00369468,0,0.0,4,1.8239999999999998e-05,0.00371292,1.1396055221557617
BenchmarkTest00238.java,0,CWE-330,CWE-330,1,0,1,0,0,0,1,0,0,0,2452,0.00364122,0,0.0,4,1.8239999999999998e-05,0.0036594600000000002,1.1636319160461426
BenchmarkTest00239.java,0,CWE-330,CWE-330,1,0,1,0,0,0,1,0,0,0,2627,0.0039010950000000003,0,0.0,4,1.8239999999999998e-05,0.003919335,1.123610019683838
BenchmarkTest00240.java,0,CWE-330,CWE-330,1,0,1,0,0,0,1,0,0,0,2437,0.003618945,0,0.0,4,1.8239999999999998e-05,0.0036371850000000002,1.3292903900146484
BenchmarkTest00241.java,0,CWE-614,CWE-614,1,0,1,0,0,0,1,0,0,0,2228,0.00330858,0,0.0,4,1.8239999999999998e-05,0.0033268200000000003,1.1871693134307861
BenchmarkTest00242.java,0,CWE-614,,,,0,0,1,0,0,0,1,0,,,,,,,,
BenchmarkTest00243.java,0,CWE-330,,,,0,0,1,0,0,0,1,0,,,,,,,,
BenchmarkTest00244.java,0,CWE-330,,,,0,0,1,0,0,0,1,0,,,,,,,,
BenchmarkTest00245.java,0,CWE-330,CWE-330,1,0,0,1,0,0,0,1,0,0,2749,0.004082265000000001,0,0.0,4,1.8239999999999998e-05,0.004100505000000001,1.199143648147583
BenchmarkTest00246.java,0,CWE-330,,,,0,0,1,0,0,0,1,0,,,,,,,,
BenchmarkTest00247.java,0,CWE-330,,,,0,0,1,0,0,0,1,0,,,,,,,,
BenchmarkTest00248.java,0,CWE-330,,,,0,0,1,0,0,0,1,0,,,,,,,,
BenchmarkTest00249.java,0,CWE-330,,,,0,0,1,0,0,0,1,0,,,,,,,,
BenchmarkTest00254.java,0,CWE-327,CWE-327,1,0,1,0,0,0,1,0,0,0,2766,0.00410751,0,0.0,4,1.8239999999999998e-05,0.00412575,1.6444110870361328
BenchmarkTest00255.java,0,CWE-327,,,,0,0,1,0,0,0,1,0,,,,,,,,
BenchmarkTest00256.java,0,CWE-327,CWE-327,1,0,1,0,0,0,1,0,0,0,2834,0.0042084900000000005,0,0.0,4,1.8239999999999998e-05,0.004226730000000001,1.466787576675415
BenchmarkTest00257.java,0,CWE-327,CWE-327,1,0,1,0,0,0,1,0,0,0,2798,0.0041550300000000005,0,0.0,4,1.8239999999999998e-05,0.004173270000000001,1.521590232849121
BenchmarkTest00258.java,0,CWE-327,CWE-327,1,0,1,0,0,0,1,0,0,0,2784,0.004134240000000001,0,0.0,4,1.8239999999999998e-05,0.004152480000000001,1.371398687362671
BenchmarkTest00259.java,0,CWE-327,,,,0,0,1,0,0,0,1,0,,,,,,,,
BenchmarkTest00260.java,0,CWE-327,,,,0,0,1,0,0,0,1,0,,,,,,,,
BenchmarkTest00261.java,0,CWE-22,,,,0,0,1,0,0,0,1,0,,,,,,,,
BenchmarkTest00262.java,0,CWE-22,CWE-23,0,0,1,0,0,0,1,0,0,0,2407,0.0035743950000000006,0,0.0,4,1.8239999999999998e-05,0.0035926350000000007,1.072408676147461
BenchmarkTest00263.java,0,CWE-22,CWE-23,0,0,0,1,0,0,0,1,0,0,2557,0.0037971450000000005,0,0.0,4,1.8239999999999998e-05,0.0038153850000000006,1.0476880073547363
BenchmarkTest00264.java,0,CWE-22,CWE-23,0,0,1,0,0,0,1,0,0,0,2504,0.00371844,0,0.0,4,1.8239999999999998e-05,0.00373668,1.2030107975006104
BenchmarkTest00265.java,0,CWE-22,CWE-23,0,0,0,1,0,0,0,1,0,0,2430,0.0036085500000000003,0,0.0,4,1.8239999999999998e-05,0.0036267900000000004,1.063960313796997
BenchmarkTest00266.java,0,CWE-328,CWE-916,0,0,1,0,0,0,1,0,0,0,2548,0.00378378,0,0.0,4,1.8239999999999998e-05,0.00380202,1.0265543460845947
BenchmarkTest00267.java,0,CWE-328,CWE-916,0,0,1,0,0,0,1,0,0,0,2481,0.0036842850000000003,0,0.0,4,1.8239999999999998e-05,0.0037025250000000003,0.9964382648468018
BenchmarkTest00268.java,0,CWE-328,CWE-916,0,0,1,0,0,0,1,0,0,0,2436,0.00361746,0,0.0,4,1.8239999999999998e-05,0.0036357,1.0097026824951172
BenchmarkTest00269.java,0,CWE-328,CWE-916,0,0,1,0,0,0,1,0,0,0,2444,0.00362934,0,0.0,4,1.8239999999999998e-05,0.00364758,1.0472488403320312
BenchmarkTest00270.java,0,CWE-328,,,,0,0,1,0,0,0,1,0,,,,,,,,
BenchmarkTest00271.java,0,CWE-328,,,,0,0,1,0,0,0,1,0,,,,,,,,
BenchmarkTest00272.java,0,CWE-328,CWE-916,0,0,1,0,0,0,1,0,0,0,2429,0.003607065,0,0.0,4,1.8239999999999998e-05,0.003625305,1.0678865909576416
BenchmarkTest00273.java,0,CWE-328,,,,0,0,0,1,0,0,0,1,,,,,,,,
BenchmarkTest00274.java,0,CWE-328,,,,0,0,0,1,0,0,0,1,,,,,,,,
BenchmarkTest00275.java,0,CWE-79,,,,0,0,1,0,0,0,1,0,,,,,,,,
BenchmarkTest00276.java,0,CWE-79,CWE-79,1,0,1,0,0,0,1,0,0,0,2444,0.00362934,0,0.0,4,1.8239999999999998e-05,0.00364758,1.1931517124176025
BenchmarkTest00277.java,0,CWE-79,,,,0,0,1,0,0,0,1,0,,,,,,,,
BenchmarkTest00278.java,0,CWE-79,,,,0,0,1,0,0,0,1,0,,,,,,,,
BenchmarkTest00279.java,0,CWE-79,CWE-79,1,0,1,0,0,0,1,0,0,0,2477,0.0036783450000000004,0,0.0,4,1.8239999999999998e-05,0.0036965850000000005,1.1515154838562012
BenchmarkTest00280.java,0,CWE-79,CWE-79,1,0,1,0,0,0,1,0,0,0,2506,0.0037214100000000005,0,0.0,4,1.8239999999999998e-05,0.0037396500000000006,1.1034820079803467
BenchmarkTest00281.java,0,CWE-79,,,,0,0,1,0,0,0,1,0,,,,,,,,
BenchmarkTest00282.java,0,CWE-79,,,,0,0,1,0,0,0,1,0,,,,,,,,
BenchmarkTest00283.java,0,CWE-79,,,,0,0,1,0,0,0,1,0,,,,,,,,
BenchmarkTest00284.java,0,CWE-79,CWE-79,1,0,1,0,0,0,1,0,0,0,2415,0.003586275,0,0.0,4,1.8239999999999998e-05,0.003604515,1.0635788440704346
BenchmarkTest00285.java,0,CWE-79,,,,0,0,1,0,0,0,1,0,,,,,,,,
BenchmarkTest00286.java,0,CWE-79,,,,0,0,1,0,0,0,1,0,,,,,,,,
BenchmarkTest00287.java,0,CWE-79,CWE-79,1,0,1,0,0,0,1,0,0,0,2445,0.0036308250000000003,0,0.0,4,1.8239999999999998e-05,0.0036490650000000004,1.0320625305175781
BenchmarkTest00288.java,0,CWE-79,CWE-79,1,0,0,1,0,0,0,1,0,0,2546,0.0037808100000000003,0,0.0,4,1.8239999999999998e-05,0.0037990500000000004,1.086578130722046
BenchmarkTest00289.java,0,CWE-79,,,,0,0,1,0,0,0,1,0,,,,,,,,
BenchmarkTest00290.java,0,CWE-79,CWE-79,1,0,1,0,0,0,1,0,0,0,2436,0.00361746,0,0.0,4,1.8239999999999998e-05,0.0036357,1.0107882022857666
BenchmarkTest00291.java,0,CWE-79,CWE-79,1,0,1,0,0,0,1,0,0,0,2447,0.003633795,0,0.0,4,1.8239999999999998e-05,0.003652035,1.0070290565490723
BenchmarkTest00292.java,0,CWE-79,CWE-79,1,0,1,0,0,0,1,0,0,0,2474,0.0036738900000000004,0,0.0,4,1.8239999999999998e-05,0.0036921300000000005,1.1442577838897705
BenchmarkTest00293.java,0,CWE-78,CWE-78,1,0,1,0,0,0,1,0,0,0,2164,0.0032135400000000004,0,0.0,4,1.8239999999999998e-05,0.0032317800000000005,1.006575107574463
BenchmarkTest00294.java,0,CWE-78,CWE-78,1,0,1,0,0,0,1,0,0,0,2141,0.0031793850000000003,0,0.0,4,1.8239999999999998e-05,0.0031976250000000004,1.077986478805542
BenchmarkTest00295.java,0,CWE-78,CWE-78,1,0,1,0,0,0,1,0,0,0,2145,0.003185325,0,0.0,4,1.8239999999999998e-05,0.0032035650000000002,1.1987385749816895
BenchmarkTest00296.java,0,CWE-330,CWE-330,1,0,1,0,0,0,1,0,0,0,2399,0.0035625150000000005,0,0.0,4,1.8239999999999998e-05,0.0035807550000000006,1.1247084140777588
BenchmarkTest00297.java,0,CWE-330,CWE-330,1,0,1,0,0,0,1,0,0,0,2402,0.0035669700000000005,0,0.0,4,1.8239999999999998e-05,0.0035852100000000006,1.1169822216033936
BenchmarkTest00298.java,0,CWE-330,CWE-330,1,0,1,0,0,0,1,0,0,0,2395,0.003556575,0,0.0,4,1.8239999999999998e-05,0.0035748150000000003,1.0842480659484863
BenchmarkTest00299.java,0,CWE-330,CWE-330,1,0,1,0,0,0,1,0,0,0,2385,0.0035417250000000003,0,0.0,4,1.8239999999999998e-05,0.0035599650000000004,1.1006760597229004
BenchmarkTest00300.java,0,CWE-614,CWE-614,1,0,1,0,0,0,1,0,0,0,2199,0.0032655150000000005,0,0.0,4,1.8239999999999998e-05,0.0032837550000000006,1.1186096668243408
BenchmarkTest00301.java,0,CWE-79,CWE-79,1,0,1,0,0,0,1,0,0,0,2504,0.00371844,0,0.0,4,1.8239999999999998e-05,0.00373668,1.0836310386657715
BenchmarkTest00302.java,0,CWE-78,CWE-78,1,0,1,0,0,0,1,0,0,0,2114,0.0031392900000000003,0,0.0,4,1.8239999999999998e-05,0.0031575300000000004,1.2211134433746338
BenchmarkTest00303.java,0,CWE-78,CWE-78,1,0,1,0,0,0,1,0,0,0,2241,0.003327885,0,0.0,4,1.8239999999999998e-05,0.003346125,1.1644456386566162
BenchmarkTest00304.java,0,CWE-78,CWE-78,1,0,1,0,0,0,1,0,0,0,2263,0.0033605550000000003,0,0.0,4,1.8239999999999998e-05,0.0033787950000000004,1.7858099937438965
BenchmarkTest00305.java,0,CWE-78,,,,0,0,1,0,0,0,1,0,,,,,,,,
BenchmarkTest00306.java,0,CWE-78,CWE-78,1,0,1,0,0,0,1,0,0,0,2071,0.0030754350000000005,0,0.0,4,1.8239999999999998e-05,0.0030936750000000006,1.1124687194824219
BenchmarkTest00307.java,0,CWE-78,CWE-78,1,0,0,1,0,0,0,1,0,0,2169,0.003220965,0,0.0,4,1.8239999999999998e-05,0.003239205,1.1007330417633057
BenchmarkTest00308.java,0,CWE-78,,,,0,0,1,0,0,0,1,0,,,,,,,,
BenchmarkTest00309.java,0,CWE-78,CWE-78,1,0,0,1,0,0,0,1,0,0,2125,0.003155625,0,0.0,4,1.8239999999999998e-05,0.003173865,1.0977332592010498
BenchmarkTest00310.java,0,CWE-78,CWE-78,1,0,0,1,0,0,0,1,0,0,2200,0.003267,0,0.0,4,1.8239999999999998e-05,0.00328524,1.0711774826049805
BenchmarkTest00311.java,0,CWE-78,CWE-78,1,0,1,0,0,0,1,0,0,0,2126,0.0031571100000000003,0,0.0,4,1.8239999999999998e-05,0.0031753500000000004,1.0652341842651367
BenchmarkTest00312.java,0,CWE-330,,,,0,0,1,0,0,0,1,0,,,,,,,,
BenchmarkTest00313.java,0,CWE-330,CWE-330,1,0,0,1,0,0,0,1,0,0,2495,0.0037050750000000004,0,0.0,4,1.8239999999999998e-05,0.0037233150000000005,1.0547535419464111
BenchmarkTest00314.java,0,CWE-330,CWE-330,1,0,0,1,0,0,0,1,0,0,2498,0.0037095300000000004,0,0.0,4,1.8239999999999998e-05,0.0037277700000000005,1.117931842803955
BenchmarkTest00315.java,0,CWE-330,,,,0,0,1,0,0,0,1,0,,,,,,,,
BenchmarkTest00316.java,0,CWE-330,,,,0,0,1,0,0,0,1,0,,,,,,,,
BenchmarkTest00317.java,0,CWE-330,,,,0,0,1,0,0,0,1,0,,,,,,,,
BenchmarkTest00318.java,0,CWE-330,,,,0,0,1,0,0,0,1,0,,,,,,,,
BenchmarkTest00319.java,0,CWE-330,,,,0,0,1,0,0,0,1,0,,,,,,,,
BenchmarkTest00320.java,0,CWE-330,,,,0,0,1,0,0,0,1,0,,,,,,,,
BenchmarkTest00328.java,0,CWE-89,CWE-89,1,0,1,0,0,0,1,0,0,0,2061,0.003060585,0,0.0,4,1.8239999999999998e-05,0.0030788250000000003,1.103527545928955
BenchmarkTest00329.java,0,CWE-89,,,,0,0,1,0,0,0,1,0,,,,,,,,
BenchmarkTest00330.java,0,CWE-89,,,,0,0,1,0,0,0,1,0,,,,,,,,
BenchmarkTest00331.java,0,CWE-89,CWE-89,1,0,0,1,0,0,0,1,0,0,2145,0.003185325,0,0.0,4,1.8239999999999998e-05,0.0032035650000000002,1.1147027015686035
BenchmarkTest00332.java,0,CWE-89,,,,0,0,1,0,0,0,1,0,,,,,,,,
BenchmarkTest00333.java,0,CWE-89,,,,0,0,1,0,0,0,1,0,,,,,,,,
BenchmarkTest00334.java,0,CWE-89,,,,0,0,1,0,0,0,1,0,,,,,,,,
BenchmarkTest00335.java,0,CWE-89,CWE-89,1,0,1,0,0,0,1,0,0,0,2092,0.0031066200000000005,0,0.0,4,1.8239999999999998e-05,0.0031248600000000006,1.109647274017334
BenchmarkTest00336.java,0,CWE-89,,,,0,0,1,0,0,0,1,0,,,,,,,,
BenchmarkTest00337.java,0,CWE-89,,,,0,0,0,1,0,0,0,1,,,,,,,,
BenchmarkTest00338.java,0,CWE-89,,,,0,0,1,0,0,0,1,0,,,,,,,,
BenchmarkTest00339.java,0,CWE-89,,,,0,0,0,1,0,0,0,1,,,,,,,,
BenchmarkTest00340.java,0,CWE-89,CWE-89,1,0,0,1,0,0,0,1,0,0,2156,0.0032016600000000003,0,0.0,4,1.8239999999999998e-05,0.0032199000000000004,1.1139509677886963
BenchmarkTest00341.java,0,CWE-89,CWE-89,1,0,1,0,0,0,1,0,0,0,2100,0.0031185,0,0.0,4,1.8239999999999998e-05,0.0031367400000000003,1.1968750953674316
BenchmarkTest00342.java,0,CWE-89,CWE-89,1,0,1,0,0,0,1,0,0,0,2093,0.003108105,0,0.0,4,1.8239999999999998e-05,0.003126345,1.1084673404693604
BenchmarkTest00343.java,0,CWE-89,,,,0,0,1,0,0,0,1,0,,,,,,,,
BenchmarkTest00344.java,0,CWE-89,,,,0,0,1,0,0,0,1,0,,,,,,,,
BenchmarkTest00345.java,0,CWE-327,,,,0,0,1,0,0,0,1,0,,,,,,,,
BenchmarkTest00346.java,0,CWE-328,CWE-916,0,0,1,0,0,0,1,0,0,0,2413,0.003583305,0,0.0,4,1.8239999999999998e-05,0.0036015450000000003,1.0922014713287354
BenchmarkTest00347.java,0,CWE-330,CWE-330,1,0,1,0,0,0,1,0,0,0,2310,0.0034303500000000004,0,0.0,4,1.8239999999999998e-05,0.0034485900000000005,1.0066637992858887
BenchmarkTest00348.java,0,CWE-614,CWE-614,1,0,1,0,0,0,1,0,0,0,2099,0.0031170150000000003,0,0.0,4,1.8239999999999998e-05,0.0031352550000000004,1.0969552993774414
BenchmarkTest00349.java,0,CWE-330,,,,0,0,1,0,0,0,1,0,,,,,,,,
BenchmarkTest00350.java,0,CWE-327,,,,0,0,1,0,0,0,1,0,,,,,,,,
BenchmarkTest00351.java,0,CWE-327,,,,0,0,1,0,0,0,1,0,,,,,,,,
BenchmarkTest00352.java,0,CWE-327,,,,0,0,1,0,0,0,1,0,,,,,,,,
BenchmarkTest00353.java,0,CWE-327,,,,0,0,1,0,0,0,1,0,,,,,,,,
BenchmarkTest00354.java,0,CWE-327,CWE-327,1,0,1,0,0,0,1,0,0,0,2408,0.00357588,0,0.0,4,1.8239999999999998e-05,0.00359412,1.006953477859497
BenchmarkTest00355.java,0,CWE-327,CWE-327,1,0,1,0,0,0,1,0,0,0,2585,0.0038387250000000003,0,0.0,4,1.8239999999999998e-05,0.0038569650000000004,1.2240710258483887
BenchmarkTest00356.java,0,CWE-327,CWE-327,1,0,1,0,0,0,1,0,0,0,2389,0.0035476650000000006,0,0.0,4,1.8239999999999998e-05,0.0035659050000000007,1.0287270545959473
BenchmarkTest00357.java,0,CWE-327,,,,0,0,1,0,0,0,1,0,,,,,,,,
BenchmarkTest00358.java,0,CWE-327,,,,0,0,1,0,0,0,1,0,,,,,,,,
BenchmarkTest00359.java,0,CWE-22,CWE-23,0,0,1,0,0,0,1,0,0,0,2311,0.003431835,0,0.0,4,1.8239999999999998e-05,0.003450075,1.0378508567810059
BenchmarkTest00360.java,0,CWE-22,CWE-23,0,0,1,0,0,0,1,0,0,0,2485,0.0036902250000000005,0,0.0,4,1.8239999999999998e-05,0.0037084650000000006,1.1396682262420654
BenchmarkTest00361.java,0,CWE-22,CWE-23,0,0,0,1,0,0,0,1,0,0,2467,0.0036634950000000006,0,0.0,4,1.8239999999999998e-05,0.0036817350000000006,1.1248645782470703
BenchmarkTest00362.java,0,CWE-22,CWE-23,0,0,1,0,0,0,1,0,0,0,2327,0.003455595,0,0.0,4,1.8239999999999998e-05,0.003473835,1.5343539714813232
BenchmarkTest00363.java,0,CWE-22,CWE-23,0,0,1,0,0,0,1,0,0,0,2287,0.0033961950000000003,0,0.0,4,1.8239999999999998e-05,0.0034144350000000004,1.0834918022155762
BenchmarkTest00364.java,0,CWE-22,CWE-23,0,0,0,1,0,0,0,1,0,0,2394,0.0035550900000000003,0,0.0,4,1.8239999999999998e-05,0.0035733300000000004,1.0273418426513672
BenchmarkTest00365.java,0,CWE-22,CWE-23,0,0,0,1,0,0,0,1,0,0,2563,0.0038060550000000005,0,0.0,4,1.8239999999999998e-05,0.0038242950000000006,1.060093641281128
BenchmarkTest00366.java,0,CWE-22,CWE-23,0,0,0,1,0,0,0,1,0,0,2543,0.0037763550000000003,0,0.0,4,1.8239999999999998e-05,0.0037945950000000004,1.085658073425293
BenchmarkTest00367.java,0,CWE-90,,,,0,0,1,0,0,0,1,0,,,,,,,,
BenchmarkTest00368.java,0,CWE-330,CWE-330,1,0,1,0,0,0,1,0,0,0,2354,0.00349569,0,0.0,4,1.8239999999999998e-05,0.00351393,1.0789897441864014
BenchmarkTest00369.java,0,CWE-330,CWE-330,1,0,1,0,0,0,1,0,0,0,2377,0.003529845,0,0.0,4,1.8239999999999998e-05,0.0035480850000000003,1.0553779602050781
BenchmarkTest00370.java,0,CWE-328,,,,0,0,1,0,0,0,1,0,,,,,,,,
BenchmarkTest00371.java,0,CWE-328,CWE-916,0,0,1,0,0,0,1,0,0,0,2402,0.0035669700000000005,0,0.0,4,1.8239999999999998e-05,0.0035852100000000006,1.2876553535461426
BenchmarkTest00372.java,0,CWE-328,CWE-916,0,0,1,0,0,0,1,0,0,0,2325,0.003452625,0,0.0,4,1.8239999999999998e-05,0.003470865,1.064410924911499
BenchmarkTest00373.java,0,CWE-328,,,,0,0,1,0,0,0,1,0,,,,,,,,
BenchmarkTest00374.java,0,CWE-328,,,,0,0,0,1,0,0,0,1,,,,,,,,
BenchmarkTest00375.java,0,CWE-79,CWE-79,1,0,1,0,0,0,1,0,0,0,2413,0.003583305,0,0.0,4,1.8239999999999998e-05,0.0036015450000000003,1.0554327964782715
BenchmarkTest00376.java,0,CWE-79,CWE-79,1,0,1,0,0,0,1,0,0,0,2432,0.0036115200000000004,0,0.0,4,1.8239999999999998e-05,0.0036297600000000005,1.1208875179290771
BenchmarkTest00377.java,0,CWE-79,CWE-79,1,0,0,1,0,0,0,1,0,0,2467,0.0036634950000000006,0,0.0,4,1.8239999999999998e-05,0.0036817350000000006,1.043832778930664
BenchmarkTest00378.java,0,CWE-79,CWE-79,1,0,1,0,0,0,1,0,0,0,2411,0.003580335,0,0.0,4,1.8239999999999998e-05,0.003598575,1.0813302993774414
BenchmarkTest00379.java,0,CWE-79,,,,0,0,1,0,0,0,1,0,,,,,,,,
BenchmarkTest00380.java,1,CWE-79,CWE-79,1,0,1,0,0,0,0,0,0,0,0,0,0,0,0,0,0,0
BenchmarkTest00381.java,0,CWE-79,,,,0,0,1,0,0,0,1,0,,,,,,,,
BenchmarkTest00382.java,0,CWE-79,CWE-79,1,0,1,0,0,0,1,0,0,0,2460,0.0036531000000000003,0,0.0,4,1.8239999999999998e-05,0.0036713400000000004,1.0442419052124023
BenchmarkTest00383.java,0,CWE-79,CWE-79,1,0,1,0,0,0,1,0,0,0,2627,0.0039010950000000003,0,0.0,4,1.8239999999999998e-05,0.003919335,1.1310791969299316
BenchmarkTest00384.java,0,CWE-79,CWE-79,1,0,1,0,0,0,1,0,0,0,2429,0.003607065,0,0.0,4,1.8239999999999998e-05,0.003625305,0.9463794231414795
BenchmarkTest00385.java,0,CWE-79,CWE-79,1,0,1,0,0,0,1,0,0,0,2631,0.0039070350000000005,0,0.0,4,1.8239999999999998e-05,0.003925275000000001,1.1648273468017578
BenchmarkTest00386.java,0,CWE-79,CWE-79,1,0,0,1,0,0,0,1,0,0,2503,0.0037169550000000005,0,0.0,4,1.8239999999999998e-05,0.0037351950000000006,1.061500072479248
BenchmarkTest00387.java,0,CWE-79,CWE-79,1,0,1,0,0,0,1,0,0,0,2408,0.00357588,0,0.0,4,1.8239999999999998e-05,0.00359412,1.0626704692840576
BenchmarkTest00388.java,0,CWE-79,CWE-79,1,0,1,0,0,0,1,0,0,0,2400,0.0035640000000000003,0,0.0,4,1.8239999999999998e-05,0.0035822400000000004,1.0647976398468018
BenchmarkTest00389.java,0,CWE-79,,,,0,0,1,0,0,0,1,0,,,,,,,,
BenchmarkTest00390.java,0,CWE-79,CWE-79,1,0,1,0,0,0,1,0,0,0,2433,0.0036130050000000003,0,0.0,4,1.8239999999999998e-05,0.0036312450000000004,1.1148262023925781
BenchmarkTest00391.java,0,CWE-79,,,,0,0,1,0,0,0,1,0,,,,,,,,
BenchmarkTest00392.java,0,CWE-79,CWE-79,1,0,1,0,0,0,1,0,0,0,2460,0.0036531000000000003,0,0.0,4,1.8239999999999998e-05,0.0036713400000000004,1.1258633136749268
BenchmarkTest00393.java,0,CWE-79,,,,0,0,1,0,0,0,1,0,,,,,,,,
BenchmarkTest00394.java,0,CWE-79,CWE-79,1,0,0,1,0,0,0,1,0,0,2476,0.00367686,0,0.0,4,1.8239999999999998e-05,0.0036951,1.0917809009552002
BenchmarkTest00395.java,0,CWE-79,CWE-79,1,0,1,0,0,0,1,0,0,0,2420,0.0035937000000000005,0,0.0,4,1.8239999999999998e-05,0.0036119400000000005,0.9867675304412842
BenchmarkTest00396.java,0,CWE-78,,,,0,0,1,0,0,0,1,0,,,,,,,,
BenchmarkTest00397.java,0,CWE-330,CWE-330,1,0,1,0,0,0,1,0,0,0,2384,0.00354024,0,0.0,4,1.8239999999999998e-05,0.00355848,1.0918734073638916
BenchmarkTest00398.java,0,CWE-330,CWE-330,1,0,1,0,0,0,1,0,0,0,2446,0.0036323100000000006,0,0.0,4,1.8239999999999998e-05,0.0036505500000000007,1.079451084136963
BenchmarkTest00399.java,0,CWE-330,CWE-330,1,0,1,0,0,0,1,0,0,0,2589,0.0038446650000000006,0,0.0,4,1.8239999999999998e-05,0.0038629050000000007,1.2894043922424316
BenchmarkTest00400.java,0,CWE-330,CWE-330,1,0,1,0,0,0,1,0,0,0,2440,0.0036234,0,0.0,4,1.8239999999999998e-05,0.0036416400000000002,1.2795310020446777
BenchmarkTest00401.java,0,CWE-330,CWE-330,1,0,1,0,0,0,1,0,0,0,2381,0.0035357850000000005,0,0.0,4,1.8239999999999998e-05,0.0035540250000000006,1.1932764053344727
BenchmarkTest00402.java,0,CWE-330,CWE-330,1,0,1,0,0,0,1,0,0,0,2372,0.00352242,0,0.0,4,1.8239999999999998e-05,0.00354066,1.5753133296966553
BenchmarkTest00403.java,0,CWE-614,CWE-614,1,0,1,0,0,0,1,0,0,0,2141,0.0031793850000000003,0,0.0,4,1.8239999999999998e-05,0.0031976250000000004,1.1867949962615967
BenchmarkTest00404.java,0,CWE-614,,,,0,0,1,0,0,0,1,0,,,,,,,,
BenchmarkTest00405.java,0,CWE-614,,,,0,0,1,0,0,0,1,0,,,,,,,,
BenchmarkTest00406.java,0,CWE-78,,,,0,0,1,0,0,0,1,0,,,,,,,,
BenchmarkTest00407.java,0,CWE-78,CWE-78,1,0,1,0,0,0,1,0,0,0,2213,0.003286305,0,0.0,4,1.8239999999999998e-05,0.0033045450000000003,1.3436334133148193
BenchmarkTest00408.java,0,CWE-78,,,,0,0,1,0,0,0,1,0,,,,,,,,
BenchmarkTest00409.java,0,CWE-78,CWE-78,1,0,1,0,0,0,1,0,0,0,2254,0.00334719,0,0.0,4,1.8239999999999998e-05,0.00336543,1.5911312103271484
BenchmarkTest00410.java,0,CWE-78,CWE-78,1,0,0,1,0,0,0,1,0,0,2082,0.00309177,0,0.0,4,1.8239999999999998e-05,0.0031100100000000003,2.0177674293518066
BenchmarkTest00411.java,0,CWE-78,,,,0,0,1,0,0,0,1,0,,,,,,,,
BenchmarkTest00412.java,0,CWE-78,CWE-78,1,0,0,1,0,0,0,1,0,0,2061,0.003060585,0,0.0,4,1.8239999999999998e-05,0.0030788250000000003,1.4717683792114258
BenchmarkTest00413.java,0,CWE-330,,,,0,0,1,0,0,0,1,0,,,,,,,,
BenchmarkTest00414.java,0,CWE-330,,,,0,0,1,0,0,0,1,0,,,,,,,,
BenchmarkTest00415.java,0,CWE-330,,,,0,0,1,0,0,0,1,0,,,,,,,,
BenchmarkTest00416.java,0,CWE-330,,,,0,0,1,0,0,0,1,0,,,,,,,,
BenchmarkTest00417.java,0,CWE-330,,,,0,0,1,0,0,0,1,0,,,,,,,,
BenchmarkTest00418.java,0,CWE-330,,,,0,0,1,0,0,0,1,0,,,,,,,,
BenchmarkTest00419.java,0,CWE-330,,,,0,0,1,0,0,0,1,0,,,,,,,,
BenchmarkTest00420.java,0,CWE-330,,,,0,0,1,0,0,0,1,0,,,,,,,,
BenchmarkTest00421.java,0,CWE-330,,,,0,0,1,0,0,0,1,0,,,,,,,,
BenchmarkTest00422.java,0,CWE-330,,,,0,0,1,0,0,0,1,0,,,,,,,,
BenchmarkTest00423.java,0,CWE-330,,,,0,0,1,0,0,0,1,0,,,,,,,,
BenchmarkTest00428.java,0,CWE-89,CWE-89,1,0,1,0,0,0,1,0,0,0,2070,0.00307395,0,0.0,4,1.8239999999999998e-05,0.0030921900000000003,1.7862563133239746
BenchmarkTest00429.java,0,CWE-89,CWE-89,1,0,1,0,0,0,1,0,0,0,2088,0.00310068,0,0.0,4,1.8239999999999998e-05,0.0031189200000000003,1.4571874141693115
BenchmarkTest00430.java,0,CWE-89,,,,0,0,1,0,0,0,1,0,,,,,,,,
BenchmarkTest00431.java,0,CWE-89,CWE-89,1,0,1,0,0,0,1,0,0,0,2218,0.00329373,0,0.0,4,1.8239999999999998e-05,0.00331197,1.6817069053649902
BenchmarkTest00432.java,0,CWE-89,,,,0,0,1,0,0,0,1,0,,,,,,,,
BenchmarkTest00433.java,0,CWE-89,,,,0,0,0,1,0,0,0,1,,,,,,,,
BenchmarkTest00434.java,0,CWE-89,CWE-89,1,0,1,0,0,0,1,0,0,0,2061,0.003060585,0,0.0,4,1.8239999999999998e-05,0.0030788250000000003,1.4686720371246338
BenchmarkTest00435.java,0,CWE-89,CWE-89,1,0,1,0,0,0,1,0,0,0,2077,0.003084345,0,0.0,4,1.8239999999999998e-05,0.003102585,1.2016596794128418
BenchmarkTest00436.java,0,CWE-89,,,,0,0,1,0,0,0,1,0,,,,,,,,
BenchmarkTest00437.java,0,CWE-89,,,,0,0,1,0,0,0,1,0,,,,,,,,
BenchmarkTest00438.java,0,CWE-89,CWE-89,1,0,1,0,0,0,1,0,0,0,2022,0.0030026700000000003,0,0.0,4,1.8239999999999998e-05,0.0030209100000000003,1.1595940589904785
BenchmarkTest00439.java,0,CWE-89,CWE-89,1,0,1,0,0,0,1,0,0,0,1992,0.0029581200000000003,0,0.0,4,1.8239999999999998e-05,0.0029763600000000004,1.2957141399383545
BenchmarkTest00440.java,0,CWE-89,CWE-89,1,0,0,1,0,0,0,1,0,0,2103,0.003122955,0,0.0,4,1.8239999999999998e-05,0.0031411950000000003,1.297771692276001
BenchmarkTest00441.java,0,CWE-89,CWE-89,1,0,1,0,0,0,1,0,0,0,2026,0.00300861,0,0.0,4,1.8239999999999998e-05,0.00302685,1.185957431793213
BenchmarkTest00442.java,0,CWE-643,CWE-643,1,0,1,0,0,0,1,0,0,0,2123,0.0031526550000000003,0,0.0,4,1.8239999999999998e-05,0.0031708950000000004,1.1633822917938232
BenchmarkTest00443.java,0,CWE-327,,,,0,0,1,0,0,0,1,0,,,,,,,,
BenchmarkTest00444.java,0,CWE-327,,,,0,0,1,0,0,0,1,0,,,,,,,,
BenchmarkTest00445.java,0,CWE-327,CWE-327,1,0,1,0,0,0,1,0,0,0,2634,0.00391149,0,0.0,4,1.8239999999999998e-05,0.00392973,1.344980001449585
BenchmarkTest00446.java,0,CWE-327,CWE-327,1,0,1,0,0,0,1,0,0,0,2442,0.0036263700000000003,0,0.0,4,1.8239999999999998e-05,0.0036446100000000004,1.231717586517334
BenchmarkTest00447.java,0,CWE-327,,,,0,0,1,0,0,0,1,0,,,,,,,,
BenchmarkTest00448.java,0,CWE-327,CWE-327,1,0,1,0,0,0,1,0,0,0,2424,0.0035996400000000003,0,0.0,4,1.8239999999999998e-05,0.0036178800000000004,1.2405328750610352
BenchmarkTest00449.java,0,CWE-327,CWE-327,1,0,1,0,0,0,1,0,0,0,2420,0.0035937000000000005,0,0.0,4,1.8239999999999998e-05,0.0036119400000000005,1.2791006565093994
BenchmarkTest00450.java,0,CWE-327,,,,0,0,1,0,0,0,1,0,,,,,,,,
BenchmarkTest00451.java,0,CWE-327,,,,0,0,1,0,0,0,1,0,,,,,,,,
BenchmarkTest00452.java,0,CWE-22,CWE-23,0,0,1,0,0,0,1,0,0,0,2382,0.0035372700000000003,0,0.0,4,1.8239999999999998e-05,0.0035555100000000004,1.2123935222625732
BenchmarkTest00453.java,0,CWE-22,CWE-23,0,0,1,0,0,0,1,0,0,0,2529,0.003755565,0,0.0,4,1.8239999999999998e-05,0.0037738050000000003,1.2732598781585693
BenchmarkTest00454.java,0,CWE-22,,,,0,0,1,0,0,0,1,0,,,,,,,,
BenchmarkTest00455.java,0,CWE-22,CWE-23,0,0,1,0,0,0,1,0,0,0,2464,0.0036590400000000006,0,0.0,4,1.8239999999999998e-05,0.0036772800000000007,1.4204034805297852
BenchmarkTest00456.java,0,CWE-22,CWE-23,0,0,1,0,0,0,1,0,0,0,2496,0.0037065600000000002,0,0.0,4,1.8239999999999998e-05,0.0037248000000000003,1.2726542949676514
BenchmarkTest00457.java,0,CWE-22,CWE-23,0,0,1,0,0,0,1,0,0,0,2422,0.00359667,0,0.0,4,1.8239999999999998e-05,0.0036149100000000003,1.2129790782928467
BenchmarkTest00458.java,0,CWE-22,CWE-23,0,0,0,1,0,0,0,1,0,0,2445,0.0036308250000000003,0,0.0,4,1.8239999999999998e-05,0.0036490650000000004,5.044317960739136
BenchmarkTest00459.java,0,CWE-22,CWE-23,0,0,1,0,0,0,1,0,0,0,2406,0.0035729100000000003,0,0.0,4,1.8239999999999998e-05,0.0035911500000000004,4.311868906021118
BenchmarkTest00460.java,0,CWE-22,,,,0,0,1,0,0,0,1,0,,,,,,,,
BenchmarkTest00461.java,0,CWE-330,CWE-330,1,0,1,0,0,0,1,0,0,0,2392,0.00355212,0,0.0,4,1.8239999999999998e-05,0.0035703600000000003,1.4611976146697998
BenchmarkTest00462.java,0,CWE-328,CWE-916,0,0,1,0,0,0,1,0,0,0,2519,0.0037407150000000004,0,0.0,4,1.8239999999999998e-05,0.0037589550000000005,1.3796932697296143
BenchmarkTest00463.java,0,CWE-328,,,,0,0,1,0,0,0,1,0,,,,,,,,
BenchmarkTest00464.java,0,CWE-328,CWE-916,0,0,1,0,0,0,1,0,0,0,2433,0.0036130050000000003,0,0.0,4,1.8239999999999998e-05,0.0036312450000000004,1.2467060089111328
BenchmarkTest00465.java,0,CWE-328,CWE-916,0,0,1,0,0,0,1,0,0,0,2364,0.0035105400000000004,0,0.0,4,1.8239999999999998e-05,0.0035287800000000005,1.2758657932281494
BenchmarkTest00466.java,0,CWE-328,,,,0,0,1,0,0,0,1,0,,,,,,,,
BenchmarkTest00467.java,0,CWE-79,CWE-79,1,0,1,0,0,0,1,0,0,0,2513,0.0037318050000000004,0,0.0,4,1.8239999999999998e-05,0.0037500450000000005,1.3545801639556885
BenchmarkTest00468.java,0,CWE-79,CWE-79,1,0,0,1,0,0,0,1,0,0,2530,0.00375705,0,0.0,4,1.8239999999999998e-05,0.00377529,1.4861114025115967
BenchmarkTest00469.java,0,CWE-79,,,,0,0,1,0,0,0,1,0,,,,,,,,
BenchmarkTest00470.java,0,CWE-79,,,,0,0,1,0,0,0,1,0,,,,,,,,
BenchmarkTest00471.java,0,CWE-79,,,,0,0,1,0,0,0,1,0,,,,,,,,
BenchmarkTest00472.java,0,CWE-79,CWE-79,1,0,1,0,0,0,1,0,0,0,2466,0.0036620100000000003,0,0.0,4,1.8239999999999998e-05,0.0036802500000000004,1.0838885307312012
BenchmarkTest00473.java,0,CWE-79,CWE-79,1,0,1,0,0,0,1,0,0,0,2477,0.0036783450000000004,0,0.0,4,1.8239999999999998e-05,0.0036965850000000005,1.124859094619751
BenchmarkTest00474.java,0,CWE-79,,,,0,0,1,0,0,0,1,0,,,,,,,,
BenchmarkTest00475.java,0,CWE-79,CWE-79,1,0,1,0,0,0,1,0,0,0,2441,0.0036248850000000004,0,0.0,4,1.8239999999999998e-05,0.0036431250000000005,1.1162352561950684
BenchmarkTest00476.java,0,CWE-79,,,,0,0,1,0,0,0,1,0,,,,,,,,
BenchmarkTest00477.java,0,CWE-79,CWE-79,1,0,1,0,0,0,1,0,0,0,2429,0.003607065,0,0.0,4,1.8239999999999998e-05,0.003625305,1.437349796295166
BenchmarkTest00478.java,0,CWE-79,CWE-79,1,0,1,0,0,0,1,0,0,0,2466,0.0036620100000000003,0,0.0,4,1.8239999999999998e-05,0.0036802500000000004,1.3176453113555908
BenchmarkTest00479.java,0,CWE-79,,,,0,0,1,0,0,0,1,0,,,,,,,,
BenchmarkTest00480.java,0,CWE-78,CWE-78,1,0,1,0,0,0,1,0,0,0,2139,0.0031764150000000006,0,0.0,4,1.8239999999999998e-05,0.0031946550000000007,1.2203314304351807
BenchmarkTest00481.java,0,CWE-78,,,,0,0,1,0,0,0,1,0,,,,,,,,
BenchmarkTest00482.java,0,CWE-330,CWE-330,1,0,1,0,0,0,1,0,0,0,2395,0.003556575,0,0.0,4,1.8239999999999998e-05,0.0035748150000000003,13.372257471084595
BenchmarkTest00483.java,0,CWE-330,CWE-330,1,0,1,0,0,0,1,0,0,0,2429,0.003607065,0,0.0,4,1.8239999999999998e-05,0.003625305,1.4882819652557373
BenchmarkTest00484.java,0,CWE-330,CWE-330,1,0,1,0,0,0,1,0,0,0,2410,0.00357885,0,0.0,4,1.8239999999999998e-05,0.0035970900000000003,1.2278296947479248
BenchmarkTest00485.java,0,CWE-330,CWE-330,1,0,1,0,0,0,1,0,0,0,2388,0.0035461800000000003,0,0.0,4,1.8239999999999998e-05,0.0035644200000000004,3.11389422416687
BenchmarkTest00486.java,0,CWE-330,CWE-330,1,0,1,0,0,0,1,0,0,0,2353,0.0034942050000000002,0,0.0,4,1.8239999999999998e-05,0.0035124450000000003,1.5413031578063965
BenchmarkTest00487.java,0,CWE-330,CWE-330,1,0,1,0,0,0,1,0,0,0,2434,0.00361449,0,0.0,4,1.8239999999999998e-05,0.0036327300000000002,1.4859976768493652
BenchmarkTest00488.java,0,CWE-330,CWE-330,1,0,1,0,0,0,1,0,0,0,2413,0.003583305,0,0.0,4,1.8239999999999998e-05,0.0036015450000000003,0.9986879825592041
BenchmarkTest00489.java,0,CWE-330,CWE-330,1,0,1,0,0,0,1,0,0,0,2440,0.0036234,0,0.0,4,1.8239999999999998e-05,0.0036416400000000002,1.1822352409362793
BenchmarkTest00490.java,0,CWE-330,CWE-330,1,0,1,0,0,0,1,0,0,0,2420,0.0035937000000000005,0,0.0,4,1.8239999999999998e-05,0.0036119400000000005,1.0353717803955078
BenchmarkTest00491.java,0,CWE-614,CWE-614,1,0,1,0,0,0,1,0,0,0,2199,0.0032655150000000005,0,0.0,4,1.8239999999999998e-05,0.0032837550000000006,1.0629372596740723
BenchmarkTest00492.java,0,CWE-79,CWE-79,1,0,1,0,0,0,1,0,0,0,2448,0.0036352800000000003,0,0.0,4,1.8239999999999998e-05,0.0036535200000000004,1.0426270961761475
BenchmarkTest00493.java,0,CWE-79,CWE-79,1,0,0,1,0,0,0,1,0,0,2517,0.003737745,0,0.0,4,1.8239999999999998e-05,0.0037559850000000003,59.45879769325256
BenchmarkTest00494.java,0,CWE-78,CWE-78,1,0,0,1,0,0,0,1,0,0,2248,0.0033382800000000003,0,0.0,4,1.8239999999999998e-05,0.0033565200000000004,1.049548864364624
BenchmarkTest00495.java,0,CWE-78,CWE-78,1,0,1,0,0,0,1,0,0,0,2081,0.0030902850000000003,0,0.0,4,1.8239999999999998e-05,0.0031085250000000004,1.0660068988800049
BenchmarkTest00496.java,0,CWE-78,CWE-78,1,0,1,0,0,0,1,0,0,0,2071,0.0030754350000000005,0,0.0,4,1.8239999999999998e-05,0.0030936750000000006,1.1306922435760498
BenchmarkTest00497.java,0,CWE-78,CWE-78,1,0,1,0,0,0,1,0,0,0,2107,0.003128895,0,0.0,4,1.8239999999999998e-05,0.003147135,1.0079329013824463
BenchmarkTest00498.java,0,CWE-78,CWE-78,1,0,1,0,0,0,1,0,0,0,2083,0.003093255,0,0.0,4,1.8239999999999998e-05,0.003111495,0.9524185657501221
BenchmarkTest00499.java,0,CWE-78,CWE-78,1,0,1,0,0,0,1,0,0,0,2092,0.0031066200000000005,0,0.0,4,1.8239999999999998e-05,0.0031248600000000006,1.5313911437988281
BenchmarkTest00500.java,0,CWE-78,CWE-78,1,0,1,0,0,0,1,0,0,0,2138,0.0031749300000000003,0,0.0,4,1.8239999999999998e-05,0.0031931700000000004,1.5823163986206055
BenchmarkTest00501.java,0,CWE-330,,,,0,0,1,0,0,0,1,0,,,,,,,,
BenchmarkTest00502.java,0,CWE-330,,,,0,0,1,0,0,0,1,0,,,,,,,,
BenchmarkTest00503.java,0,CWE-330,,,,0,0,1,0,0,0,1,0,,,,,,,,
BenchmarkTest00504.java,0,CWE-330,,,,0,0,1,0,0,0,1,0,,,,,,,,
BenchmarkTest00505.java,0,CWE-330,,,,0,0,1,0,0,0,1,0,,,,,,,,
BenchmarkTest00506.java,0,CWE-330,,,,0,0,1,0,0,0,1,0,,,,,,,,
BenchmarkTest00507.java,0,CWE-330,,,,0,0,1,0,0,0,1,0,,,,,,,,
BenchmarkTest00509.java,0,CWE-89,CWE-89,1,0,0,1,0,0,0,1,0,0,2160,0.0032076000000000006,0,0.0,4,1.8239999999999998e-05,0.0032258400000000007,0.9916164875030518
BenchmarkTest00510.java,0,CWE-89,CWE-89,1,0,1,0,0,0,1,0,0,0,2164,0.0032135400000000004,0,0.0,4,1.8239999999999998e-05,0.0032317800000000005,1.0080673694610596
BenchmarkTest00511.java,0,CWE-89,CWE-89,1,0,0,1,0,0,0,1,0,0,2161,0.003209085,0,0.0,4,1.8239999999999998e-05,0.003227325,1.126899003982544
BenchmarkTest00512.java,0,CWE-89,CWE-89,1,0,1,0,0,0,1,0,0,0,2017,0.0029952450000000005,0,0.0,4,1.8239999999999998e-05,0.0030134850000000006,1.5433602333068848
BenchmarkTest00513.java,0,CWE-89,CWE-89,1,0,0,1,0,0,0,1,0,0,2118,0.00314523,0,0.0,4,1.8239999999999998e-05,0.0031634700000000003,1.2022666931152344
BenchmarkTest00514.java,0,CWE-89,,,,0,0,1,0,0,0,1,0,,,,,,,,
BenchmarkTest00515.java,0,CWE-89,CWE-89,1,0,1,0,0,0,1,0,0,0,2090,0.00310365,0,0.0,4,1.8239999999999998e-05,0.00312189,1.0751442909240723
BenchmarkTest00516.java,0,CWE-89,CWE-89,1,0,1,0,0,0,1,0,0,0,2117,0.0031437450000000003,0,0.0,4,1.8239999999999998e-05,0.0031619850000000004,1.6963284015655518
BenchmarkTest00517.java,0,CWE-89,,,,0,0,1,0,0,0,1,0,,,,,,,,
BenchmarkTest00518.java,0,CWE-89,CWE-89,1,0,1,0,0,0,1,0,0,0,2057,0.003054645,0,0.0,4,1.8239999999999998e-05,0.003072885,1.3347835540771484
BenchmarkTest00519.java,0,CWE-89,CWE-89,1,0,0,1,0,0,0,1,0,0,2132,0.00316602,0,0.0,4,1.8239999999999998e-05,0.00318426,1.0186822414398193
BenchmarkTest00520.java,0,CWE-643,,,,0,0,1,0,0,0,1,0,,,,,,,,
BenchmarkTest00521.java,0,CWE-327,CWE-327,1,0,1,0,0,0,1,0,0,0,2806,0.00416691,0,0.0,4,1.8239999999999998e-05,0.00418515,1.1247389316558838
BenchmarkTest00522.java,0,CWE-327,CWE-327,1,0,1,0,0,0,1,0,0,0,2869,0.004260465,0,0.0,4,1.8239999999999998e-05,0.004278705,1.3583555221557617
BenchmarkTest00523.java,0,CWE-327,,,,0,0,1,0,0,0,1,0,,,,,,,,
BenchmarkTest00524.java,0,CWE-327,,,,0,0,1,0,0,0,1,0,,,,,,,,
BenchmarkTest00525.java,0,CWE-22,CWE-23,0,0,1,0,0,0,1,0,0,0,2455,0.003645675,0,0.0,4,1.8239999999999998e-05,0.0036639150000000002,1.6109583377838135
BenchmarkTest00526.java,0,CWE-22,CWE-23,0,0,1,0,0,0,1,0,0,0,2385,0.0035417250000000003,0,0.0,4,1.8239999999999998e-05,0.0035599650000000004,2.157464027404785
BenchmarkTest00527.java,0,CWE-22,CWE-23,0,0,1,0,0,0,1,0,0,0,2414,0.0035847900000000005,0,0.0,4,1.8239999999999998e-05,0.0036030300000000006,1.3199713230133057
BenchmarkTest00528.java,0,CWE-22,CWE-23,0,0,1,0,0,0,1,0,0,0,2630,0.0039055500000000003,0,0.0,4,1.8239999999999998e-05,0.00392379,1.419539213180542
BenchmarkTest00529.java,0,CWE-22,CWE-23,0,0,1,0,0,0,1,0,0,0,2481,0.0036842850000000003,0,0.0,4,1.8239999999999998e-05,0.0037025250000000003,1.0225279331207275
BenchmarkTest00530.java,0,CWE-90,CWE-90,1,0,0,1,0,0,0,1,0,0,2530,0.00375705,0,0.0,4,1.8239999999999998e-05,0.00377529,1.0736515522003174
BenchmarkTest00531.java,0,CWE-328,CWE-916,0,0,1,0,0,0,1,0,0,0,2607,0.0038713950000000006,0,0.0,4,1.8239999999999998e-05,0.0038896350000000007,1.0993995666503906
BenchmarkTest00532.java,0,CWE-328,CWE-916,0,0,1,0,0,0,1,0,0,0,2699,0.004008015,0,0.0,4,1.8239999999999998e-05,0.004026255,1.040238380432129
BenchmarkTest00533.java,0,CWE-328,CWE-916,0,0,1,0,0,0,1,0,0,0,2539,0.0037704150000000005,0,0.0,4,1.8239999999999998e-05,0.0037886550000000006,1.0538113117218018
BenchmarkTest00534.java,0,CWE-328,CWE-916,0,0,1,0,0,0,1,0,0,0,2556,0.00379566,0,0.0,4,1.8239999999999998e-05,0.0038139000000000003,3.96476674079895
BenchmarkTest00535.java,0,CWE-328,,,,0,0,1,0,0,0,1,0,,,,,,,,
BenchmarkTest00536.java,0,CWE-328,CWE-916,0,0,1,0,0,0,1,0,0,0,2480,0.0036828000000000004,0,0.0,4,1.8239999999999998e-05,0.0037010400000000005,1.3934199810028076
BenchmarkTest00537.java,0,CWE-328,CWE-916,0,0,1,0,0,0,1,0,0,0,2406,0.0035729100000000003,0,0.0,4,1.8239999999999998e-05,0.0035911500000000004,1.5977399349212646
BenchmarkTest00538.java,0,CWE-328,,,,0,0,1,0,0,0,1,0,,,,,,,,
BenchmarkTest00539.java,0,CWE-328,,,,0,0,1,0,0,0,1,0,,,,,,,,
BenchmarkTest00540.java,0,CWE-328,,,,0,0,1,0,0,0,1,0,,,,,,,,
BenchmarkTest00541.java,0,CWE-79,CWE-79,1,0,1,0,0,0,1,0,0,0,2550,0.0037867500000000006,0,0.0,4,1.8239999999999998e-05,0.0038049900000000007,1.0452079772949219
BenchmarkTest00542.java,0,CWE-79,CWE-79,1,0,1,0,0,0,1,0,0,0,2589,0.0038446650000000006,0,0.0,4,1.8239999999999998e-05,0.0038629050000000007,1.02581787109375
BenchmarkTest00543.java,0,CWE-79,CWE-79,1,0,1,0,0,0,1,0,0,0,2554,0.00379269,0,0.0,4,1.8239999999999998e-05,0.00381093,1.048856496810913
BenchmarkTest00544.java,0,CWE-79,CWE-79,1,0,0,1,0,0,0,1,0,0,2545,0.0037793250000000005,0,0.0,4,1.8239999999999998e-05,0.0037975650000000006,1.4111089706420898
BenchmarkTest00545.java,0,CWE-79,,,,0,0,1,0,0,0,1,0,,,,,,,,
BenchmarkTest00546.java,0,CWE-79,CWE-79,1,0,0,1,0,0,0,1,0,0,2543,0.0037763550000000003,0,0.0,4,1.8239999999999998e-05,0.0037945950000000004,1.0770783424377441
BenchmarkTest00547.java,0,CWE-79,CWE-79,1,0,1,0,0,0,1,0,0,0,2513,0.0037318050000000004,0,0.0,4,1.8239999999999998e-05,0.0037500450000000005,1.689338207244873
BenchmarkTest00548.java,0,CWE-79,,,,0,0,1,0,0,0,1,0,,,,,,,,
BenchmarkTest00549.java,0,CWE-79,CWE-79,1,0,1,0,0,0,1,0,0,0,2512,0.00373032,0,0.0,4,1.8239999999999998e-05,0.00374856,2.680203437805176
BenchmarkTest00550.java,0,CWE-79,CWE-79,1,0,0,1,0,0,0,1,0,0,2550,0.0037867500000000006,0,0.0,4,1.8239999999999998e-05,0.0038049900000000007,1.0403223037719727
BenchmarkTest00551.java,0,CWE-79,CWE-79,1,0,1,0,0,0,1,0,0,0,2477,0.0036783450000000004,0,0.0,4,1.8239999999999998e-05,0.0036965850000000005,1.0229291915893555
BenchmarkTest00552.java,0,CWE-79,CWE-79,1,0,1,0,0,0,1,0,0,0,2561,0.003803085,0,0.0,4,1.8239999999999998e-05,0.003821325,1.1334097385406494
BenchmarkTest00553.java,0,CWE-79,CWE-79,1,0,0,1,0,0,0,1,0,0,2563,0.0038060550000000005,0,0.0,4,1.8239999999999998e-05,0.0038242950000000006,1.0302824974060059
BenchmarkTest00554.java,0,CWE-79,CWE-79,1,0,1,0,0,0,1,0,0,0,2510,0.0037273500000000004,0,0.0,4,1.8239999999999998e-05,0.0037455900000000005,1.0833866596221924
BenchmarkTest00555.java,0,CWE-79,CWE-79,1,0,1,0,0,0,1,0,0,0,2508,0.0037243800000000002,0,0.0,4,1.8239999999999998e-05,0.0037426200000000003,1.92655348777771
BenchmarkTest00556.java,0,CWE-79,CWE-79,1,0,0,1,0,0,0,1,0,0,2563,0.0038060550000000005,0,0.0,4,1.8239999999999998e-05,0.0038242950000000006,1.994452953338623
BenchmarkTest00557.java,0,CWE-79,CWE-79,1,0,1,0,0,0,1,0,0,0,2520,0.0037422,0,0.0,4,1.8239999999999998e-05,0.0037604400000000003,3.037290334701538
BenchmarkTest00558.java,0,CWE-78,CWE-78,1,0,0,1,0,0,0,1,0,0,2240,0.0033264,0,0.0,4,1.8239999999999998e-05,0.0033446400000000003,1.5582830905914307
BenchmarkTest00559.java,0,CWE-78,,,,0,0,1,0,0,0,1,0,,,,,,,,
BenchmarkTest00560.java,0,CWE-330,CWE-330,1,0,1,0,0,0,1,0,0,0,2485,0.0036902250000000005,0,0.0,4,1.8239999999999998e-05,0.0037084650000000006,1.0498173236846924
BenchmarkTest00561.java,0,CWE-330,CWE-330,1,0,1,0,0,0,1,0,0,0,2512,0.00373032,0,0.0,4,1.8239999999999998e-05,0.00374856,1.1457281112670898
BenchmarkTest00562.java,0,CWE-330,CWE-330,1,0,1,0,0,0,1,0,0,0,2530,0.00375705,0,0.0,4,1.8239999999999998e-05,0.00377529,1.3105075359344482
BenchmarkTest00563.java,0,CWE-330,CWE-330,1,0,1,0,0,0,1,0,0,0,2419,0.003592215,0,0.0,4,1.8239999999999998e-05,0.0036104550000000003,64.98648118972778
BenchmarkTest00564.java,0,CWE-330,CWE-330,1,0,1,0,0,0,1,0,0,0,2441,0.0036248850000000004,0,0.0,4,1.8239999999999998e-05,0.0036431250000000005,1.1093454360961914
BenchmarkTest00565.java,0,CWE-614,CWE-614,1,0,1,0,0,0,1,0,0,0,2224,0.0033026400000000003,0,0.0,4,1.8239999999999998e-05,0.0033208800000000004,1.1814825534820557
BenchmarkTest00566.java,0,CWE-614,CWE-614,1,0,1,0,0,0,1,0,0,0,2244,0.00333234,0,0.0,4,1.8239999999999998e-05,0.00335058,1.0662329196929932
BenchmarkTest00567.java,0,CWE-78,CWE-78,1,0,1,0,0,0,1,0,0,0,2199,0.0032655150000000005,0,0.0,4,1.8239999999999998e-05,0.0032837550000000006,1.0943224430084229
BenchmarkTest00568.java,0,CWE-78,CWE-78,1,0,1,0,0,0,1,0,0,0,2283,0.003390255,0,0.0,4,1.8239999999999998e-05,0.003408495,1.0849292278289795
BenchmarkTest00569.java,0,CWE-78,,,,0,0,1,0,0,0,1,0,,,,,,,,
BenchmarkTest00570.java,0,CWE-78,CWE-78,1,0,0,1,0,0,0,1,0,0,2166,0.00321651,0,0.0,4,1.8239999999999998e-05,0.00323475,1.6040356159210205
BenchmarkTest00571.java,0,CWE-78,,,,0,0,1,0,0,0,1,0,,,,,,,,
BenchmarkTest00572.java,0,CWE-78,,,,0,0,1,0,0,0,1,0,,,,,,,,
BenchmarkTest00573.java,0,CWE-78,CWE-78,1,0,1,0,0,0,1,0,0,0,2081,0.0030902850000000003,0,0.0,4,1.8239999999999998e-05,0.0031085250000000004,2.2415738105773926
BenchmarkTest00574.java,0,CWE-78,CWE-78,1,0,1,0,0,0,1,0,0,0,2115,0.003140775,0,0.0,4,1.8239999999999998e-05,0.0031590150000000003,0.9873595237731934
BenchmarkTest00575.java,0,CWE-78,CWE-78,1,0,1,0,0,0,1,0,0,0,2243,0.003330855,0,0.0,4,1.8239999999999998e-05,0.0033490950000000003,1.0548295974731445
BenchmarkTest00576.java,0,CWE-78,CWE-78,1,0,1,0,0,0,1,0,0,0,2206,0.0032759100000000004,0,0.0,4,1.8239999999999998e-05,0.0032941500000000005,1.7788536548614502
BenchmarkTest00577.java,0,CWE-330,,,,0,0,1,0,0,0,1,0,,,,,,,,
BenchmarkTest00578.java,0,CWE-330,,,,0,0,1,0,0,0,1,0,,,,,,,,
BenchmarkTest00579.java,0,CWE-330,,,,0,0,1,0,0,0,1,0,,,,,,,,
BenchmarkTest00580.java,0,CWE-330,,,,0,0,1,0,0,0,1,0,,,,,,,,
BenchmarkTest00581.java,0,CWE-330,,,,0,0,1,0,0,0,1,0,,,,,,,,
BenchmarkTest00582.java,0,CWE-330,CWE-330,1,1,0,1,0,0,0,0,1,0,2562,0.00380457,0,0.0,3,1.368e-05,0.00381825,0.998445987701416
BenchmarkTest00583.java,0,CWE-330,,,,0,0,1,0,0,0,1,0,,,,,,,,
BenchmarkTest00584.java,0,CWE-330,,,,0,0,1,0,0,0,1,0,,,,,,,,
BenchmarkTest00585.java,0,CWE-330,,,,0,0,1,0,0,0,1,0,,,,,,,,
BenchmarkTest00589.java,0,CWE-89,CWE-89,1,0,0,1,0,0,0,1,0,0,2215,0.003289275,0,0.0,4,1.8239999999999998e-05,0.003307515,1.0148882865905762
BenchmarkTest00590.java,0,CWE-89,CWE-89,1,0,1,0,0,0,1,0,0,0,2175,0.003229875,0,0.0,4,1.8239999999999998e-05,0.003248115,1.028681993484497
BenchmarkTest00591.java,0,CWE-89,CWE-89,1,0,1,0,0,0,1,0,0,0,2153,0.0031972050000000003,0,0.0,4,1.8239999999999998e-05,0.0032154450000000004,1.7414424419403076
BenchmarkTest00592.java,0,CWE-89,,,,0,0,1,0,0,0,1,0,,,,,,,,
BenchmarkTest00593.java,0,CWE-89,CWE-89,1,0,1,0,0,0,1,0,0,0,2245,0.0033338250000000003,0,0.0,4,1.8239999999999998e-05,0.0033520650000000004,2.57002854347229
BenchmarkTest00594.java,0,CWE-89,CWE-89,1,0,1,0,0,0,1,0,0,0,2206,0.0032759100000000004,0,0.0,4,1.8239999999999998e-05,0.0032941500000000005,1.162613868713379
BenchmarkTest00595.java,0,CWE-89,CWE-89,1,0,1,0,0,0,1,0,0,0,2151,0.003194235,0,0.0,4,1.8239999999999998e-05,0.0032124750000000002,1.0501768589019775
BenchmarkTest00596.java,0,CWE-89,,,,0,0,0,1,0,0,0,1,,,,,,,,
BenchmarkTest00597.java,0,CWE-89,,,,0,0,0,1,0,0,0,1,,,,,,,,
BenchmarkTest00598.java,0,CWE-89,,,,0,0,0,1,0,0,0,1,,,,,,,,
BenchmarkTest00599.java,0,CWE-89,,,,0,0,1,0,0,0,1,0,,,,,,,,
BenchmarkTest00600.java,0,CWE-89,CWE-89,1,0,1,0,0,0,1,0,0,0,2220,0.0032967,0,0.0,4,1.8239999999999998e-05,0.00331494,1.0183310508728027
BenchmarkTest00601.java,0,CWE-89,,,,0,0,1,0,0,0,1,0,,,,,,,,
BenchmarkTest00602.java,0,CWE-89,CWE-89,1,0,0,1,0,0,0,1,0,0,2149,0.0031912650000000004,0,0.0,4,1.8239999999999998e-05,0.0032095050000000005,1.0371301174163818
BenchmarkTest00603.java,0,CWE-89,CWE-89,1,0,1,0,0,0,1,0,0,0,2129,0.003161565,0,0.0,4,1.8239999999999998e-05,0.003179805,1.0682034492492676
BenchmarkTest00604.java,0,CWE-89,CWE-89,1,0,1,0,0,0,1,0,0,0,2149,0.0031912650000000004,0,0.0,4,1.8239999999999998e-05,0.0032095050000000005,1.0321002006530762
BenchmarkTest00605.java,0,CWE-89,,,,0,0,1,0,0,0,1,0,,,,,,,,
BenchmarkTest00606.java,0,CWE-89,CWE-89,1,0,1,0,0,0,1,0,0,0,2118,0.00314523,0,0.0,4,1.8239999999999998e-05,0.0031634700000000003,1.5236172676086426
BenchmarkTest00607.java,0,CWE-643,CWE-643,1,0,1,0,0,0,1,0,0,0,2221,0.0032981850000000004,0,0.0,4,1.8239999999999998e-05,0.0033164250000000004,1.983473539352417
BenchmarkTest00608.java,0,CWE-327,CWE-327,1,0,1,0,0,0,1,0,0,0,2770,0.004113449999999999,0,0.0,4,1.8239999999999998e-05,0.0041316899999999995,2.738229990005493
BenchmarkTest00609.java,0,CWE-327,CWE-327,1,0,1,0,0,0,1,0,0,0,2740,0.0040689,0,0.0,4,1.8239999999999998e-05,0.00408714,1.1904561519622803
BenchmarkTest00610.java,0,CWE-327,CWE-327,1,0,1,0,0,0,1,0,0,0,2952,0.004383720000000001,0,0.0,4,1.8239999999999998e-05,0.004401960000000001,1.156639814376831
BenchmarkTest00611.java,0,CWE-327,CWE-327,1,0,1,0,0,0,1,0,0,0,2740,0.0040689,0,0.0,4,1.8239999999999998e-05,0.00408714,1.3374812602996826
BenchmarkTest00612.java,0,CWE-327,,,,0,0,1,0,0,0,1,0,,,,,,,,
BenchmarkTest00613.java,0,CWE-327,,,,0,0,1,0,0,0,1,0,,,,,,,,
BenchmarkTest00614.java,0,CWE-327,CWE-327,1,0,1,0,0,0,1,0,0,0,2468,0.00366498,0,0.0,4,1.8239999999999998e-05,0.00368322,1.615379810333252
BenchmarkTest00615.java,0,CWE-327,CWE-327,1,0,1,0,0,0,1,0,0,0,2507,0.0037228950000000004,0,0.0,4,1.8239999999999998e-05,0.0037411350000000005,1.5377552509307861
BenchmarkTest00616.java,0,CWE-327,CWE-327,1,0,1,0,0,0,1,0,0,0,2403,0.0035684550000000003,0,0.0,4,1.8239999999999998e-05,0.0035866950000000004,1.061286211013794
BenchmarkTest00617.java,0,CWE-327,CWE-327,1,0,1,0,0,0,1,0,0,0,2405,0.003571425,0,0.0,4,1.8239999999999998e-05,0.003589665,2.8592355251312256
BenchmarkTest00618.java,0,CWE-327,,,,0,0,1,0,0,0,1,0,,,,,,,,
BenchmarkTest00619.java,0,CWE-22,,,,0,0,0,1,0,0,0,1,,,,,,,,
BenchmarkTest00620.java,0,CWE-22,,,,0,0,1,0,0,0,1,0,,,,,,,,
BenchmarkTest00621.java,0,CWE-22,,,,0,0,1,0,0,0,1,0,,,,,,,,
BenchmarkTest00622.java,0,CWE-22,,,,0,0,1,0,0,0,1,0,,,,,,,,
BenchmarkTest00623.java,0,CWE-22,,,,0,0,0,1,0,0,0,1,,,,,,,,
BenchmarkTest00624.java,0,CWE-22,,,,0,0,0,1,0,0,0,1,,,,,,,,
BenchmarkTest00625.java,0,CWE-22,,,,0,0,1,0,0,0,1,0,,,,,,,,
BenchmarkTest00626.java,0,CWE-22,,,,0,0,1,0,0,0,1,0,,,,,,,,
BenchmarkTest00627.java,0,CWE-22,,,,0,0,0,1,0,0,0,1,,,,,,,,
BenchmarkTest00628.java,0,CWE-22,,,,0,0,1,0,0,0,1,0,,,,,,,,
BenchmarkTest00629.java,0,CWE-22,,,,0,0,0,1,0,0,0,1,,,,,,,,
BenchmarkTest00630.java,0,CWE-90,,,,0,0,0,1,0,0,0,1,,,,,,,,
BenchmarkTest00631.java,0,CWE-328,CWE-916,0,0,1,0,0,0,1,0,0,0,2476,0.00367686,0,0.0,4,1.8239999999999998e-05,0.0036951,1.6529791355133057
BenchmarkTest00632.java,0,CWE-328,,,,0,0,1,0,0,0,1,0,,,,,,,,
BenchmarkTest00633.java,0,CWE-328,,,,0,0,1,0,0,0,1,0,,,,,,,,
BenchmarkTest00634.java,0,CWE-328,CWE-916,0,0,1,0,0,0,1,0,0,0,2462,0.00365607,0,0.0,4,1.8239999999999998e-05,0.00367431,1.0789210796356201
BenchmarkTest00635.java,0,CWE-328,CWE-916,0,0,1,0,0,0,1,0,0,0,2417,0.0035892450000000005,0,0.0,4,1.8239999999999998e-05,0.0036074850000000006,1.0461170673370361
BenchmarkTest00636.java,0,CWE-328,CWE-916,0,0,1,0,0,0,1,0,0,0,2413,0.003583305,0,0.0,4,1.8239999999999998e-05,0.0036015450000000003,1.3180570602416992
BenchmarkTest00637.java,0,CWE-328,CWE-916,0,0,1,0,0,0,1,0,0,0,2367,0.0035149950000000004,0,0.0,4,1.8239999999999998e-05,0.0035332350000000005,1.0842764377593994
BenchmarkTest00638.java,0,CWE-328,,,,0,0,0,1,0,0,0,1,,,,,,,,
BenchmarkTest00639.java,0,CWE-328,,,,0,0,1,0,0,0,1,0,,,,,,,,
BenchmarkTest00640.java,0,CWE-328,,,,0,0,1,0,0,0,1,0,,,,,,,,
BenchmarkTest00641.java,0,CWE-328,,,,0,0,1,0,0,0,1,0,,,,,,,,
BenchmarkTest00642.java,0,CWE-79,,,,0,0,0,1,0,0,0,1,,,,,,,,
BenchmarkTest00643.java,0,CWE-79,,,,0,0,0,1,0,0,0,1,,,,,,,,
BenchmarkTest00644.java,0,CWE-79,,,,0,0,0,1,0,0,0,1,,,,,,,,
BenchmarkTest00645.java,0,CWE-79,,,,0,0,0,1,0,0,0,1,,,,,,,,
BenchmarkTest00646.java,0,CWE-79,,,,0,0,1,0,0,0,1,0,,,,,,,,
BenchmarkTest00647.java,0,CWE-79,,,,0,0,1,0,0,0,1,0,,,,,,,,
BenchmarkTest00648.java,0,CWE-79,,,,0,0,1,0,0,0,1,0,,,,,,,,
BenchmarkTest00649.java,0,CWE-79,,,,0,0,1,0,0,0,1,0,,,,,,,,
BenchmarkTest00650.java,0,CWE-79,,,,0,0,1,0,0,0,1,0,,,,,,,,
BenchmarkTest00651.java,0,CWE-79,,,,0,0,0,1,0,0,0,1,,,,,,,,
BenchmarkTest00652.java,0,CWE-330,CWE-330,1,0,1,0,0,0,1,0,0,0,2426,0.00360261,0,0.0,4,1.8239999999999998e-05,0.00362085,1.0500411987304688
BenchmarkTest00653.java,0,CWE-330,CWE-330,1,0,1,0,0,0,1,0,0,0,2380,0.0035343,0,0.0,4,1.8239999999999998e-05,0.0035525400000000003,1.6352474689483643
BenchmarkTest00654.java,0,CWE-330,CWE-330,1,0,1,0,0,0,1,0,0,0,2417,0.0035892450000000005,0,0.0,4,1.8239999999999998e-05,0.0036074850000000006,1.0561280250549316
BenchmarkTest00655.java,0,CWE-614,,,,0,0,1,0,0,0,1,0,,,,,,,,
BenchmarkTest00656.java,0,CWE-79,,,,0,0,0,1,0,0,0,1,,,,,,,,
BenchmarkTest00657.java,0,CWE-78,,,,0,0,1,0,0,0,1,0,,,,,,,,
BenchmarkTest00658.java,0,CWE-78,,,,0,0,1,0,0,0,1,0,,,,,,,,
BenchmarkTest00659.java,0,CWE-78,,,,0,0,1,0,0,0,1,0,,,,,,,,
BenchmarkTest00660.java,0,CWE-330,CWE-330,1,1,0,1,0,0,0,0,1,0,2467,0.0036634950000000006,0,0.0,3,1.368e-05,0.0036771750000000004,3.1516456604003906
BenchmarkTest00661.java,0,CWE-330,,,,0,0,1,0,0,0,1,0,,,,,,,,
BenchmarkTest00662.java,0,CWE-330,,,,0,0,1,0,0,0,1,0,,,,,,,,
BenchmarkTest00663.java,0,CWE-330,,,,0,0,1,0,0,0,1,0,,,,,,,,
BenchmarkTest00664.java,0,CWE-330,,,,0,0,1,0,0,0,1,0,,,,,,,,
BenchmarkTest00665.java,0,CWE-330,,,,0,0,1,0,0,0,1,0,,,,,,,,
BenchmarkTest00666.java,0,CWE-330,,,,0,0,1,0,0,0,1,0,,,,,,,,
BenchmarkTest00667.java,0,CWE-330,,,,0,0,1,0,0,0,1,0,,,,,,,,
BenchmarkTest00672.java,0,CWE-89,,,,0,0,1,0,0,0,1,0,,,,,,,,
BenchmarkTest00673.java,0,CWE-89,,,,0,0,0,1,0,0,0,1,,,,,,,,
BenchmarkTest00674.java,0,CWE-89,,,,0,0,1,0,0,0,1,0,,,,,,,,
BenchmarkTest00675.java,0,CWE-89,,,,0,0,1,0,0,0,1,0,,,,,,,,
BenchmarkTest00676.java,0,CWE-89,,,,0,0,1,0,0,0,1,0,,,,,,,,
BenchmarkTest00677.java,0,CWE-89,,,,0,0,0,1,0,0,0,1,,,,,,,,
BenchmarkTest00678.java,0,CWE-89,,,,0,0,0,1,0,0,0,1,,,,,,,,
BenchmarkTest00679.java,0,CWE-89,,,,0,0,0,1,0,0,0,1,,,,,,,,
BenchmarkTest00680.java,0,CWE-89,,,,0,0,1,0,0,0,1,0,,,,,,,,
BenchmarkTest00681.java,0,CWE-89,,,,0,0,0,1,0,0,0,1,,,,,,,,
BenchmarkTest00682.java,0,CWE-89,,,,0,0,1,0,0,0,1,0,,,,,,,,
BenchmarkTest00683.java,0,CWE-643,,,,0,0,1,0,0,0,1,0,,,,,,,,
BenchmarkTest00684.java,0,CWE-327,CWE-327,1,0,1,0,0,0,1,0,0,0,2712,0.00402732,0,0.0,4,1.8239999999999998e-05,0.00404556,1.1066582202911377
BenchmarkTest00685.java,0,CWE-327,CWE-327,1,0,1,0,0,0,1,0,0,0,2751,0.004085235,0,0.0,4,1.8239999999999998e-05,0.0041034750000000005,1.2242648601531982
BenchmarkTest00686.java,0,CWE-327,,,,0,0,1,0,0,0,1,0,,,,,,,,
BenchmarkTest00687.java,0,CWE-327,,,,0,0,1,0,0,0,1,0,,,,,,,,
BenchmarkTest00688.java,0,CWE-327,CWE-327,1,0,1,0,0,0,1,0,0,0,2807,0.004168395,0,0.0,4,1.8239999999999998e-05,0.004186635,1.0302374362945557
BenchmarkTest00689.java,0,CWE-327,,,,0,0,1,0,0,0,1,0,,,,,,,,
BenchmarkTest00690.java,0,CWE-327,,,,0,0,1,0,0,0,1,0,,,,,,,,
BenchmarkTest00691.java,0,CWE-327,CWE-327,1,0,1,0,0,0,1,0,0,0,2456,0.0036471600000000004,0,0.0,4,1.8239999999999998e-05,0.0036654000000000005,0.9754257202148438
BenchmarkTest00692.java,0,CWE-327,CWE-327,1,0,1,0,0,0,1,0,0,0,2406,0.0035729100000000003,0,0.0,4,1.8239999999999998e-05,0.0035911500000000004,0.9642822742462158
BenchmarkTest00693.java,0,CWE-327,CWE-327,1,0,1,0,0,0,1,0,0,0,2428,0.0036055800000000006,0,0.0,4,1.8239999999999998e-05,0.0036238200000000007,1.0596303939819336
BenchmarkTest00694.java,0,CWE-90,CWE-90,1,0,1,0,0,0,1,0,0,0,2330,0.00346005,0,0.0,4,1.8239999999999998e-05,0.00347829,1.0636756420135498
BenchmarkTest00695.java,0,CWE-90,CWE-90,1,0,1,0,0,0,1,0,0,0,2414,0.0035847900000000005,0,0.0,4,1.8239999999999998e-05,0.0036030300000000006,0.9931786060333252
BenchmarkTest00696.java,0,CWE-22,CWE-23,0,0,1,0,0,0,1,0,0,0,2404,0.00356994,0,0.0,4,1.8239999999999998e-05,0.0035881800000000003,1.371565818786621
BenchmarkTest00697.java,0,CWE-22,CWE-23,0,0,1,0,0,0,1,0,0,0,2350,0.0034897500000000007,0,0.0,4,1.8239999999999998e-05,0.0035079900000000008,1.2856228351593018
BenchmarkTest00698.java,0,CWE-22,CWE-23,0,0,1,0,0,0,1,0,0,0,2334,0.0034659900000000004,0,0.0,4,1.8239999999999998e-05,0.0034842300000000005,1.991081714630127
BenchmarkTest00699.java,0,CWE-22,CWE-23,0,0,0,1,0,0,0,1,0,0,2388,0.0035461800000000003,0,0.0,4,1.8239999999999998e-05,0.0035644200000000004,2.5369279384613037
BenchmarkTest00700.java,0,CWE-22,CWE-23,0,0,1,0,0,0,1,0,0,0,2399,0.0035625150000000005,0,0.0,4,1.8239999999999998e-05,0.0035807550000000006,1.6331987380981445
BenchmarkTest00701.java,0,CWE-90,,,,0,0,1,0,0,0,1,0,,,,,,,,
BenchmarkTest00702.java,0,CWE-330,CWE-330,1,0,1,0,0,0,1,0,0,0,2423,0.003598155,0,0.0,4,1.8239999999999998e-05,0.003616395,1.0863263607025146
BenchmarkTest00703.java,0,CWE-328,CWE-916,0,0,1,0,0,0,1,0,0,0,2505,0.0037199250000000002,0,0.0,4,1.8239999999999998e-05,0.0037381650000000003,1.0400643348693848
BenchmarkTest00704.java,0,CWE-328,CWE-916,0,0,1,0,0,0,1,0,0,0,2474,0.0036738900000000004,0,0.0,4,1.8239999999999998e-05,0.0036921300000000005,0.9941353797912598
BenchmarkTest00705.java,0,CWE-328,CWE-916,0,0,1,0,0,0,1,0,0,0,2490,0.0036976500000000002,0,0.0,4,1.8239999999999998e-05,0.0037158900000000003,1.4375853538513184
BenchmarkTest00706.java,0,CWE-328,,,,0,0,1,0,0,0,1,0,,,,,,,,
BenchmarkTest00707.java,0,CWE-328,,,,0,0,1,0,0,0,1,0,,,,,,,,
BenchmarkTest00708.java,0,CWE-328,CWE-916,0,0,1,0,0,0,1,0,0,0,2348,0.00348678,0,0.0,4,1.8239999999999998e-05,0.00350502,1.1124229431152344
BenchmarkTest00709.java,0,CWE-328,,,,0,0,1,0,0,0,1,0,,,,,,,,
BenchmarkTest00710.java,0,CWE-328,,,,0,0,0,1,0,0,0,1,,,,,,,,
BenchmarkTest00711.java,0,CWE-79,CWE-79,1,0,1,0,0,0,1,0,0,0,2535,0.003764475,0,0.0,4,1.8239999999999998e-05,0.0037827150000000003,1.704491138458252
BenchmarkTest00712.java,0,CWE-79,,,,0,0,1,0,0,0,1,0,,,,,,,,
BenchmarkTest00713.java,0,CWE-79,,,,0,0,1,0,0,0,1,0,,,,,,,,
BenchmarkTest00714.java,0,CWE-79,,,,0,0,1,0,0,0,1,0,,,,,,,,
BenchmarkTest00715.java,0,CWE-79,CWE-79,1,0,1,0,0,0,1,0,0,0,2412,0.0035818200000000003,0,0.0,4,1.8239999999999998e-05,0.0036000600000000004,1.6385204792022705
BenchmarkTest00716.java,0,CWE-79,,,,0,0,1,0,0,0,1,0,,,,,,,,
BenchmarkTest00717.java,0,CWE-79,,,,0,0,1,0,0,0,1,0,,,,,,,,
BenchmarkTest00718.java,0,CWE-79,,,,0,0,1,0,0,0,1,0,,,,,,,,
BenchmarkTest00719.java,0,CWE-79,CWE-79,1,0,1,0,0,0,1,0,0,0,2450,0.0036382500000000004,0,0.0,4,1.8239999999999998e-05,0.0036564900000000005,1.5569746494293213
BenchmarkTest00720.java,0,CWE-79,CWE-79,1,0,1,0,0,0,1,0,0,0,2509,0.003725865,0,0.0,4,1.8239999999999998e-05,0.003744105,1.0564827919006348
BenchmarkTest00721.java,0,CWE-79,CWE-79,1,0,1,0,0,0,1,0,0,0,2489,0.0036961650000000004,0,0.0,4,1.8239999999999998e-05,0.0037144050000000005,1.0886013507843018
BenchmarkTest00722.java,0,CWE-79,CWE-79,1,0,0,1,0,0,0,1,0,0,2511,0.0037288350000000002,0,0.0,4,1.8239999999999998e-05,0.0037470750000000003,1.5666451454162598
BenchmarkTest00723.java,0,CWE-79,,,,0,0,1,0,0,0,1,0,,,,,,,,
BenchmarkTest00724.java,0,CWE-79,CWE-79,1,0,1,0,0,0,1,0,0,0,2488,0.00369468,0,0.0,4,1.8239999999999998e-05,0.00371292,1.193376064300537
BenchmarkTest00725.java,0,CWE-79,CWE-79,1,0,1,0,0,0,1,0,0,0,2626,0.00389961,0,0.0,4,1.8239999999999998e-05,0.00391785,1.0917301177978516
BenchmarkTest00726.java,0,CWE-79,,,,0,0,1,0,0,0,1,0,,,,,,,,
BenchmarkTest00727.java,0,CWE-79,CWE-79,1,0,1,0,0,0,1,0,0,0,2429,0.003607065,0,0.0,4,1.8239999999999998e-05,0.003625305,1.0532011985778809
BenchmarkTest00728.java,0,CWE-79,CWE-79,1,0,1,0,0,0,1,0,0,0,2430,0.0036085500000000003,0,0.0,4,1.8239999999999998e-05,0.0036267900000000004,1.073199987411499
BenchmarkTest00729.java,0,CWE-79,CWE-79,1,0,1,0,0,0,1,0,0,0,2431,0.003610035,0,0.0,4,1.8239999999999998e-05,0.0036282750000000002,1.4955801963806152
BenchmarkTest00730.java,0,CWE-79,CWE-79,1,0,0,1,0,0,0,1,0,0,2505,0.0037199250000000002,0,0.0,4,1.8239999999999998e-05,0.0037381650000000003,1.1861217021942139
BenchmarkTest00731.java,0,CWE-78,CWE-78,1,0,1,0,0,0,1,0,0,0,2094,0.00310959,0,0.0,4,1.8239999999999998e-05,0.0031278300000000003,1.0499799251556396
BenchmarkTest00732.java,0,CWE-78,CWE-78,1,0,0,1,0,0,0,1,0,0,2199,0.0032655150000000005,0,0.0,4,1.8239999999999998e-05,0.0032837550000000006,1.2062385082244873
BenchmarkTest00733.java,0,CWE-330,CWE-330,1,0,1,0,0,0,1,0,0,0,2392,0.00355212,0,0.0,4,1.8239999999999998e-05,0.0035703600000000003,1.627913475036621
BenchmarkTest00734.java,0,CWE-330,CWE-330,1,0,1,0,0,0,1,0,0,0,2436,0.00361746,0,0.0,4,1.8239999999999998e-05,0.0036357,1.1028988361358643
BenchmarkTest00735.java,0,CWE-330,CWE-330,1,0,1,0,0,0,1,0,0,0,2408,0.00357588,0,0.0,4,1.8239999999999998e-05,0.00359412,1.0019800662994385
BenchmarkTest00736.java,0,CWE-614,CWE-614,1,0,1,0,0,0,1,0,0,0,2167,0.0032179950000000004,0,0.0,4,1.8239999999999998e-05,0.0032362350000000005,0.9972903728485107
BenchmarkTest00737.java,0,CWE-79,CWE-79,1,0,1,0,0,0,1,0,0,0,2635,0.003912975,0,0.0,4,1.8239999999999998e-05,0.003931215,1.0404284000396729
BenchmarkTest00738.java,0,CWE-78,,,,0,0,1,0,0,0,1,0,,,,,,,,
BenchmarkTest00739.java,0,CWE-78,,,,0,0,1,0,0,0,1,0,,,,,,,,
BenchmarkTest00740.java,0,CWE-78,CWE-78,1,0,1,0,0,0,1,0,0,0,2097,0.003114045,0,0.0,4,1.8239999999999998e-05,0.0031322850000000003,1.0017051696777344
BenchmarkTest00741.java,0,CWE-78,CWE-78,1,0,0,1,0,0,0,1,0,0,2149,0.0031912650000000004,0,0.0,4,1.8239999999999998e-05,0.0032095050000000005,1.4472951889038086
BenchmarkTest00742.java,0,CWE-78,CWE-78,1,0,0,1,0,0,0,1,0,0,2200,0.003267,0,0.0,4,1.8239999999999998e-05,0.00328524,1.313077688217163
BenchmarkTest00743.java,0,CWE-78,CWE-78,1,0,0,1,0,0,0,1,0,0,2101,0.003119985,0,0.0,4,1.8239999999999998e-05,0.003138225,2.601766586303711
BenchmarkTest00744.java,0,CWE-330,,,,0,0,1,0,0,0,1,0,,,,,,,,
BenchmarkTest00745.java,0,CWE-330,,,,0,0,1,0,0,0,1,0,,,,,,,,
BenchmarkTest00746.java,0,CWE-330,,,,0,0,1,0,0,0,1,0,,,,,,,,
BenchmarkTest00747.java,0,CWE-330,,,,0,0,1,0,0,0,1,0,,,,,,,,
BenchmarkTest00748.java,0,CWE-330,,,,0,0,1,0,0,0,1,0,,,,,,,,
BenchmarkTest00749.java,0,CWE-330,CWE-330,1,1,0,1,0,0,0,0,1,0,2464,0.0036590400000000006,0,0.0,3,1.368e-05,0.0036727200000000004,2.084623098373413
BenchmarkTest00750.java,0,CWE-330,,,,0,0,1,0,0,0,1,0,,,,,,,,
BenchmarkTest00751.java,0,CWE-330,,,,0,0,1,0,0,0,1,0,,,,,,,,
BenchmarkTest00752.java,0,CWE-330,,,,0,0,1,0,0,0,1,0,,,,,,,,
BenchmarkTest00753.java,0,CWE-330,,,,0,0,1,0,0,0,1,0,,,,,,,,
BenchmarkTest00760.java,0,CWE-89,CWE-89,1,0,1,0,0,0,1,0,0,0,2103,0.003122955,0,0.0,4,1.8239999999999998e-05,0.0031411950000000003,3.9736993312835693
BenchmarkTest00761.java,0,CWE-89,CWE-89,1,0,1,0,0,0,1,0,0,0,2105,0.0031259250000000003,0,0.0,4,1.8239999999999998e-05,0.0031441650000000004,1.5205118656158447
BenchmarkTest00762.java,0,CWE-89,CWE-89,1,0,1,0,0,0,1,0,0,0,2095,0.0031110750000000005,0,0.0,4,1.8239999999999998e-05,0.0031293150000000006,1.1704189777374268
BenchmarkTest00763.java,0,CWE-89,CWE-89,1,0,0,1,0,0,0,1,0,0,2128,0.0031600800000000004,0,0.0,4,1.8239999999999998e-05,0.0031783200000000005,1.1801517009735107
BenchmarkTest00764.java,0,CWE-89,,,,0,0,0,1,0,0,0,1,,,,,,,,
BenchmarkTest00765.java,0,CWE-89,,,,0,0,0,1,0,0,0,1,,,,,,,,
BenchmarkTest00766.java,0,CWE-89,,,,0,0,1,0,0,0,1,0,,,,,,,,
BenchmarkTest00767.java,0,CWE-89,,,,0,0,0,1,0,0,0,1,,,,,,,,
BenchmarkTest00768.java,0,CWE-89,,,,0,0,0,1,0,0,0,1,,,,,,,,
BenchmarkTest00769.java,0,CWE-89,CWE-89,1,0,1,0,0,0,1,0,0,0,2135,0.0031704750000000003,0,0.0,4,1.8239999999999998e-05,0.0031887150000000004,1.1541426181793213
BenchmarkTest00770.java,0,CWE-89,CWE-89,1,0,1,0,0,0,1,0,0,0,2082,0.00309177,0,0.0,4,1.8239999999999998e-05,0.0031100100000000003,0.9782655239105225
BenchmarkTest00771.java,0,CWE-89,CWE-89,1,0,1,0,0,0,1,0,0,0,2087,0.0030991950000000003,0,0.0,4,1.8239999999999998e-05,0.0031174350000000004,1.033005714416504
BenchmarkTest00772.java,0,CWE-89,CWE-89,1,0,0,1,0,0,0,1,0,0,2089,0.0031021650000000005,0,0.0,4,1.8239999999999998e-05,0.0031204050000000006,1.3016164302825928
BenchmarkTest00773.java,0,CWE-89,CWE-89,1,0,0,1,0,0,0,1,0,0,2073,0.003078405,0,0.0,4,1.8239999999999998e-05,0.0030966450000000003,1.014035940170288
BenchmarkTest00774.java,0,CWE-89,CWE-89,1,0,0,1,0,0,0,1,0,0,2106,0.00312741,0,0.0,4,1.8239999999999998e-05,0.0031456500000000003,1.164090633392334
BenchmarkTest00775.java,0,CWE-327,,,,0,0,1,0,0,0,1,0,,,,,,,,
BenchmarkTest00776.java,0,CWE-327,,,,0,0,1,0,0,0,1,0,,,,,,,,
BenchmarkTest00777.java,0,CWE-327,,,,0,0,1,0,0,0,1,0,,,,,,,,
BenchmarkTest00778.java,0,CWE-327,,,,0,0,1,0,0,0,1,0,,,,,,,,
BenchmarkTest00779.java,0,CWE-327,CWE-327,1,0,1,0,0,0,1,0,0,0,2896,0.00430056,0,0.0,4,1.8239999999999998e-05,0.0043188,1.2126495838165283
BenchmarkTest00780.java,0,CWE-327,,,,0,0,1,0,0,0,1,0,,,,,,,,
BenchmarkTest00781.java,0,CWE-327,CWE-327,1,0,1,0,0,0,1,0,0,0,2551,0.003788235,0,0.0,4,1.8239999999999998e-05,0.003806475,0.9710228443145752
BenchmarkTest00782.java,0,CWE-327,,,,0,0,1,0,0,0,1,0,,,,,,,,
BenchmarkTest00783.java,0,CWE-22,CWE-23,0,0,1,0,0,0,1,0,0,0,2679,0.003978315,0,0.0,4,1.8239999999999998e-05,0.003996555,2.080472707748413
BenchmarkTest00784.java,0,CWE-22,CWE-23,0,0,0,1,0,0,0,1,0,0,2629,0.003904065,0,0.0,4,1.8239999999999998e-05,0.003922305,1.6438713073730469
BenchmarkTest00785.java,0,CWE-22,CWE-23,0,0,1,0,0,0,1,0,0,0,2571,0.0038179350000000006,0,0.0,4,1.8239999999999998e-05,0.0038361750000000007,4.4904022216796875
BenchmarkTest00786.java,0,CWE-22,CWE-23,0,0,0,1,0,0,0,1,0,0,2588,0.0038431800000000003,0,0.0,4,1.8239999999999998e-05,0.0038614200000000004,2.670562744140625
BenchmarkTest00787.java,0,CWE-22,CWE-23,0,0,1,0,0,0,1,0,0,0,2537,0.0037674450000000003,0,0.0,4,1.8239999999999998e-05,0.0037856850000000004,1.5089666843414307
BenchmarkTest00788.java,0,CWE-22,CWE-23,0,0,1,0,0,0,1,0,0,0,2517,0.003737745,0,0.0,4,1.8239999999999998e-05,0.0037559850000000003,1.2778475284576416
BenchmarkTest00789.java,0,CWE-328,CWE-916,0,0,1,0,0,0,1,0,0,0,2588,0.0038431800000000003,0,0.0,4,1.8239999999999998e-05,0.0038614200000000004,2.002225399017334
BenchmarkTest00790.java,0,CWE-328,CWE-916,0,0,1,0,0,0,1,0,0,0,2552,0.0037897200000000003,0,0.0,4,1.8239999999999998e-05,0.0038079600000000004,1.5869719982147217
BenchmarkTest00791.java,0,CWE-328,,,,0,0,1,0,0,0,1,0,,,,,,,,
BenchmarkTest00792.java,0,CWE-328,,,,0,0,1,0,0,0,1,0,,,,,,,,
BenchmarkTest00793.java,0,CWE-328,,,,0,0,1,0,0,0,1,0,,,,,,,,
BenchmarkTest00794.java,0,CWE-328,CWE-916,0,0,1,0,0,0,1,0,0,0,2490,0.0036976500000000002,0,0.0,4,1.8239999999999998e-05,0.0037158900000000003,2.5562503337860107
BenchmarkTest00795.java,0,CWE-328,,,,0,0,1,0,0,0,1,0,,,,,,,,
BenchmarkTest00796.java,0,CWE-328,,,,0,0,0,1,0,0,0,1,,,,,,,,
BenchmarkTest00797.java,0,CWE-328,,,,0,0,0,1,0,0,0,1,,,,,,,,
BenchmarkTest00798.java,0,CWE-328,,,,0,0,1,0,0,0,1,0,,,,,,,,
BenchmarkTest00799.java,0,CWE-79,CWE-79,1,0,0,1,0,0,0,1,0,0,2681,0.003981285,0,0.0,4,1.8239999999999998e-05,0.003999525,2.1511547565460205
BenchmarkTest00800.java,0,CWE-79,CWE-79,1,0,1,0,0,0,1,0,0,0,2654,0.00394119,0,0.0,4,1.8239999999999998e-05,0.00395943,1.3156156539916992
BenchmarkTest00801.java,0,CWE-79,CWE-79,1,0,1,0,0,0,1,0,0,0,2551,0.003788235,0,0.0,4,1.8239999999999998e-05,0.003806475,1.0079684257507324
BenchmarkTest00802.java,0,CWE-79,CWE-79,1,0,1,0,0,0,1,0,0,0,2592,0.00384912,0,0.0,4,1.8239999999999998e-05,0.0038673600000000002,1.0481257438659668
BenchmarkTest00803.java,0,CWE-79,CWE-79,1,0,1,0,0,0,1,0,0,0,2539,0.0037704150000000005,0,0.0,4,1.8239999999999998e-05,0.0037886550000000006,1.0661113262176514
BenchmarkTest00804.java,0,CWE-79,CWE-79,1,0,1,0,0,0,1,0,0,0,2562,0.00380457,0,0.0,4,1.8239999999999998e-05,0.0038228100000000003,1.0228054523468018
BenchmarkTest00805.java,0,CWE-79,CWE-79,1,0,1,0,0,0,1,0,0,0,2768,0.0041104800000000006,0,0.0,4,1.8239999999999998e-05,0.004128720000000001,1.0958378314971924
BenchmarkTest00806.java,0,CWE-79,CWE-79,1,0,1,0,0,0,1,0,0,0,2625,0.0038981250000000005,0,0.0,4,1.8239999999999998e-05,0.003916365000000001,1.4683115482330322
BenchmarkTest00807.java,0,CWE-79,CWE-79,1,0,1,0,0,0,1,0,0,0,2575,0.0038238750000000005,0,0.0,4,1.8239999999999998e-05,0.0038421150000000005,1.2281413078308105
BenchmarkTest00808.java,0,CWE-79,CWE-79,1,0,0,1,0,0,0,1,0,0,2618,0.0038877300000000003,0,0.0,4,1.8239999999999998e-05,0.0039059700000000004,1.2378671169281006
BenchmarkTest00809.java,0,CWE-79,CWE-79,1,0,1,0,0,0,1,0,0,0,2585,0.0038387250000000003,0,0.0,4,1.8239999999999998e-05,0.0038569650000000004,1.6278762817382812
BenchmarkTest00810.java,0,CWE-79,CWE-79,1,0,1,0,0,0,1,0,0,0,2562,0.00380457,0,0.0,4,1.8239999999999998e-05,0.0038228100000000003,1.5305988788604736
BenchmarkTest00811.java,0,CWE-79,CWE-79,1,0,1,0,0,0,1,0,0,0,2635,0.003912975,0,0.0,4,1.8239999999999998e-05,0.003931215,1.1090822219848633
BenchmarkTest00812.java,0,CWE-79,,,,0,0,1,0,0,0,1,0,,,,,,,,
BenchmarkTest00813.java,0,CWE-79,,,,0,0,1,0,0,0,1,0,,,,,,,,
BenchmarkTest00814.java,0,CWE-78,,,,0,0,1,0,0,0,1,0,,,,,,,,
BenchmarkTest00815.java,0,CWE-78,CWE-78,1,0,1,0,0,0,1,0,0,0,2240,0.0033264,0,0.0,4,1.8239999999999998e-05,0.0033446400000000003,1.8997483253479004
BenchmarkTest00816.java,0,CWE-78,CWE-78,1,0,1,0,0,0,1,0,0,0,2324,0.0034511400000000005,0,0.0,4,1.8239999999999998e-05,0.0034693800000000006,1.8701469898223877
BenchmarkTest00817.java,0,CWE-330,CWE-330,1,0,1,0,0,0,1,0,0,0,2739,0.0040674150000000004,0,0.0,4,1.8239999999999998e-05,0.0040856550000000005,2.0635907649993896
BenchmarkTest00818.java,0,CWE-330,CWE-330,1,0,1,0,0,0,1,0,0,0,2544,0.00377784,0,0.0,4,1.8239999999999998e-05,0.0037960800000000003,2.0663247108459473
BenchmarkTest00819.java,0,CWE-330,CWE-330,1,0,1,0,0,0,1,0,0,0,2511,0.0037288350000000002,0,0.0,4,1.8239999999999998e-05,0.0037470750000000003,1.0657250881195068
BenchmarkTest00820.java,0,CWE-614,CWE-614,1,0,1,0,0,0,1,0,0,0,2271,0.0033724350000000004,0,0.0,4,1.8239999999999998e-05,0.0033906750000000005,1.0859830379486084
BenchmarkTest00821.java,0,CWE-614,CWE-614,1,0,1,0,0,0,1,0,0,0,2286,0.00339471,0,0.0,4,1.8239999999999998e-05,0.00341295,1.1470844745635986
BenchmarkTest00822.java,0,CWE-79,CWE-79,1,0,1,0,0,0,1,0,0,0,2577,0.003826845,0,0.0,4,1.8239999999999998e-05,0.0038450850000000003,1.1272761821746826
BenchmarkTest00823.java,0,CWE-78,CWE-78,1,0,1,0,0,0,1,0,0,0,2212,0.0032848200000000004,0,0.0,4,1.8239999999999998e-05,0.0033030600000000005,1.4468345642089844
BenchmarkTest00824.java,0,CWE-78,CWE-78,1,0,1,0,0,0,1,0,0,0,2409,0.0035773650000000003,0,0.0,4,1.8239999999999998e-05,0.0035956050000000004,1.1161112785339355
BenchmarkTest00825.java,0,CWE-78,CWE-78,1,0,1,0,0,0,1,0,0,0,2199,0.0032655150000000005,0,0.0,4,1.8239999999999998e-05,0.0032837550000000006,1.2177038192749023
BenchmarkTest00826.java,0,CWE-78,,,,0,0,1,0,0,0,1,0,,,,,,,,
BenchmarkTest00827.java,0,CWE-78,CWE-78,1,0,0,1,0,0,0,1,0,0,2226,0.00330561,0,0.0,4,1.8239999999999998e-05,0.00332385,1.086400032043457
BenchmarkTest00828.java,0,CWE-330,,,,0,0,1,0,0,0,1,0,,,,,,,,
BenchmarkTest00829.java,0,CWE-330,,,,0,0,1,0,0,0,1,0,,,,,,,,
BenchmarkTest00830.java,0,CWE-330,,,,0,0,1,0,0,0,1,0,,,,,,,,
BenchmarkTest00831.java,0,CWE-330,,,,0,0,1,0,0,0,1,0,,,,,,,,
BenchmarkTest00832.java,0,CWE-330,,,,0,0,1,0,0,0,1,0,,,,,,,,
BenchmarkTest00837.java,0,CWE-89,CWE-89,1,0,0,1,0,0,0,1,0,0,2310,0.0034303500000000004,0,0.0,4,1.8239999999999998e-05,0.0034485900000000005,1.0822803974151611
BenchmarkTest00838.java,0,CWE-89,CWE-89,1,0,0,1,0,0,0,1,0,0,2302,0.0034184700000000003,0,0.0,4,1.8239999999999998e-05,0.0034367100000000004,0.9967591762542725
BenchmarkTest00839.java,0,CWE-89,CWE-89,1,0,1,0,0,0,1,0,0,0,2215,0.003289275,0,0.0,4,1.8239999999999998e-05,0.003307515,1.0769798755645752
BenchmarkTest00840.java,0,CWE-89,CWE-89,1,0,1,0,0,0,1,0,0,0,2220,0.0032967,0,0.0,4,1.8239999999999998e-05,0.00331494,1.0389316082000732
BenchmarkTest00841.java,0,CWE-89,CWE-89,1,0,1,0,0,0,1,0,0,0,2285,0.003393225,0,0.0,4,1.8239999999999998e-05,0.0034114650000000002,1.041430950164795
BenchmarkTest00842.java,0,CWE-89,,,,0,0,0,1,0,0,0,1,,,,,,,,
BenchmarkTest00843.java,0,CWE-89,,,,0,0,0,1,0,0,0,1,,,,,,,,
BenchmarkTest00844.java,0,CWE-89,,,,0,0,1,0,0,0,1,0,,,,,,,,
BenchmarkTest00845.java,0,CWE-89,,,,0,0,0,1,0,0,0,1,,,,,,,,
BenchmarkTest00846.java,0,CWE-89,CWE-89,1,0,1,0,0,0,1,0,0,0,2191,0.0032536350000000004,0,0.0,4,1.8239999999999998e-05,0.0032718750000000005,28.216545343399048
BenchmarkTest00847.java,0,CWE-89,CWE-89,1,0,1,0,0,0,1,0,0,0,2217,0.0032922450000000005,0,0.0,4,1.8239999999999998e-05,0.0033104850000000006,1.152268648147583
BenchmarkTest00848.java,0,CWE-89,CWE-89,1,0,1,0,0,0,1,0,0,0,2155,0.003200175,0,0.0,4,1.8239999999999998e-05,0.003218415,2.118818759918213
BenchmarkTest00849.java,0,CWE-89,CWE-89,1,0,1,0,0,0,1,0,0,0,2221,0.0032981850000000004,0,0.0,4,1.8239999999999998e-05,0.0033164250000000004,2.127849817276001
BenchmarkTest00850.java,0,CWE-89,CWE-89,1,0,1,0,0,0,1,0,0,0,2219,0.003295215,0,0.0,4,1.8239999999999998e-05,0.0033134550000000003,1.1102192401885986
BenchmarkTest00851.java,0,CWE-89,,,,0,0,1,0,0,0,1,0,,,,,,,,
BenchmarkTest00852.java,0,CWE-643,CWE-643,1,0,0,1,0,0,0,1,0,0,2352,0.0034927200000000004,0,0.0,4,1.8239999999999998e-05,0.0035109600000000005,1.247471570968628
BenchmarkTest00853.java,0,CWE-327,CWE-327,1,0,1,0,0,0,1,0,0,0,2718,0.004036230000000001,0,0.0,4,1.8239999999999998e-05,0.004054470000000001,1.1525020599365234
BenchmarkTest00854.java,0,CWE-327,,,,0,0,1,0,0,0,1,0,,,,,,,,
BenchmarkTest00855.java,0,CWE-327,CWE-327,1,0,1,0,0,0,1,0,0,0,2817,0.0041832449999999995,0,0.0,4,1.8239999999999998e-05,0.004201485,1.0501601696014404
BenchmarkTest00856.java,0,CWE-327,CWE-327,1,0,1,0,0,0,1,0,0,0,2624,0.0038966400000000003,0,0.0,4,1.8239999999999998e-05,0.00391488,1.1517534255981445
BenchmarkTest00857.java,0,CWE-327,CWE-327,1,0,1,0,0,0,1,0,0,0,2481,0.0036842850000000003,0,0.0,4,1.8239999999999998e-05,0.0037025250000000003,1.2048869132995605
BenchmarkTest00858.java,0,CWE-327,,,,0,0,1,0,0,0,1,0,,,,,,,,
BenchmarkTest00859.java,0,CWE-327,CWE-327,1,0,1,0,0,0,1,0,0,0,2461,0.003654585,0,0.0,4,1.8239999999999998e-05,0.0036728250000000002,2.398036479949951
BenchmarkTest00860.java,0,CWE-90,,,,0,0,1,0,0,0,1,0,,,,,,,,
BenchmarkTest00861.java,0,CWE-90,,,,0,0,1,0,0,0,1,0,,,,,,,,
BenchmarkTest00862.java,0,CWE-22,,,,0,0,1,0,0,0,1,0,,,,,,,,
BenchmarkTest00863.java,0,CWE-22,,,,0,0,1,0,0,0,1,0,,,,,,,,
BenchmarkTest00864.java,0,CWE-22,,,,0,0,1,0,0,0,1,0,,,,,,,,
BenchmarkTest00865.java,0,CWE-22,,,,0,0,1,0,0,0,1,0,,,,,,,,
BenchmarkTest00866.java,0,CWE-22,,,,0,0,1,0,0,0,1,0,,,,,,,,
BenchmarkTest00867.java,0,CWE-22,,,,0,0,1,0,0,0,1,0,,,,,,,,
BenchmarkTest00868.java,0,CWE-328,CWE-916,0,0,1,0,0,0,1,0,0,0,2673,0.0039694050000000005,0,0.0,4,1.8239999999999998e-05,0.003987645000000001,4.006353139877319
BenchmarkTest00869.java,0,CWE-328,CWE-916,0,0,1,0,0,0,1,0,0,0,2535,0.003764475,0,0.0,4,1.8239999999999998e-05,0.0037827150000000003,1.0071940422058105
BenchmarkTest00870.java,0,CWE-328,CWE-916,0,0,1,0,0,0,1,0,0,0,2411,0.003580335,0,0.0,4,1.8239999999999998e-05,0.003598575,1.1068212985992432
BenchmarkTest00871.java,0,CWE-328,CWE-916,0,0,1,0,0,0,1,0,0,0,2475,0.0036753750000000003,0,0.0,4,1.8239999999999998e-05,0.0036936150000000004,1.557133674621582
BenchmarkTest00872.java,0,CWE-328,CWE-916,0,0,1,0,0,0,1,0,0,0,2406,0.0035729100000000003,0,0.0,4,1.8239999999999998e-05,0.0035911500000000004,1.0926048755645752
BenchmarkTest00873.java,0,CWE-328,,,,0,0,1,0,0,0,1,0,,,,,,,,
BenchmarkTest00874.java,0,CWE-328,,,,0,0,1,0,0,0,1,0,,,,,,,,
BenchmarkTest00875.java,0,CWE-328,,,,0,0,0,1,0,0,0,1,,,,,,,,
BenchmarkTest00876.java,0,CWE-328,,,,0,0,0,1,0,0,0,1,,,,,,,,
BenchmarkTest00877.java,0,CWE-328,,,,0,0,1,0,0,0,1,0,,,,,,,,
BenchmarkTest00878.java,0,CWE-328,,,,0,0,1,0,0,0,1,0,,,,,,,,
BenchmarkTest00879.java,0,CWE-79,,,,0,0,1,0,0,0,1,0,,,,,,,,
BenchmarkTest00880.java,0,CWE-79,,,,0,0,1,0,0,0,1,0,,,,,,,,
BenchmarkTest00881.java,0,CWE-79,,,,0,0,1,0,0,0,1,0,,,,,,,,
BenchmarkTest00882.java,0,CWE-79,,,,0,0,1,0,0,0,1,0,,,,,,,,
BenchmarkTest00883.java,0,CWE-79,,,,0,0,1,0,0,0,1,0,,,,,,,,
BenchmarkTest00884.java,0,CWE-79,,,,0,0,1,0,0,0,1,0,,,,,,,,
BenchmarkTest00885.java,0,CWE-79,,,,0,0,1,0,0,0,1,0,,,,,,,,
BenchmarkTest00886.java,0,CWE-79,,,,0,0,1,0,0,0,1,0,,,,,,,,
BenchmarkTest00887.java,0,CWE-79,,,,0,0,1,0,0,0,1,0,,,,,,,,
BenchmarkTest00888.java,0,CWE-79,,,,0,0,1,0,0,0,1,0,,,,,,,,
BenchmarkTest00889.java,0,CWE-79,,,,0,0,1,0,0,0,1,0,,,,,,,,
BenchmarkTest00890.java,0,CWE-79,,,,0,0,1,0,0,0,1,0,,,,,,,,
BenchmarkTest00891.java,0,CWE-79,,,,0,0,1,0,0,0,1,0,,,,,,,,
BenchmarkTest00892.java,0,CWE-79,,,,0,0,1,0,0,0,1,0,,,,,,,,
BenchmarkTest00893.java,0,CWE-79,,,,0,0,1,0,0,0,1,0,,,,,,,,
BenchmarkTest00894.java,0,CWE-79,,,,0,0,1,0,0,0,1,0,,,,,,,,
BenchmarkTest00895.java,0,CWE-78,,,,0,0,1,0,0,0,1,0,,,,,,,,
BenchmarkTest00896.java,0,CWE-78,,,,0,0,1,0,0,0,1,0,,,,,,,,
BenchmarkTest00897.java,0,CWE-78,,,,0,0,1,0,0,0,1,0,,,,,,,,
BenchmarkTest00898.java,0,CWE-330,CWE-330,1,0,1,0,0,0,1,0,0,0,2438,0.0036204300000000004,0,0.0,4,1.8239999999999998e-05,0.0036386700000000005,0.9895892143249512
BenchmarkTest00899.java,0,CWE-330,CWE-330,1,0,1,0,0,0,1,0,0,0,2452,0.00364122,0,0.0,4,1.8239999999999998e-05,0.0036594600000000002,2.6608059406280518
BenchmarkTest00900.java,0,CWE-330,CWE-330,1,0,1,0,0,0,1,0,0,0,2444,0.00362934,0,0.0,4,1.8239999999999998e-05,0.00364758,1.6939435005187988
BenchmarkTest00901.java,0,CWE-330,CWE-330,1,0,1,0,0,0,1,0,0,0,2440,0.0036234,0,0.0,4,1.8239999999999998e-05,0.0036416400000000002,1.676452398300171
BenchmarkTest00902.java,0,CWE-330,CWE-330,1,0,1,0,0,0,1,0,0,0,2424,0.0035996400000000003,0,0.0,4,1.8239999999999998e-05,0.0036178800000000004,1.1209616661071777
BenchmarkTest00903.java,0,CWE-614,CWE-614,1,0,1,0,0,0,1,0,0,0,2216,0.00329076,0,0.0,4,1.8239999999999998e-05,0.0033090000000000003,1.6014916896820068
BenchmarkTest00904.java,0,CWE-614,,,,0,0,1,0,0,0,1,0,,,,,,,,
BenchmarkTest00905.java,0,CWE-78,,,,0,0,1,0,0,0,1,0,,,,,,,,
BenchmarkTest00906.java,0,CWE-78,,,,0,0,1,0,0,0,1,0,,,,,,,,
BenchmarkTest00907.java,0,CWE-78,,,,0,0,1,0,0,0,1,0,,,,,,,,
BenchmarkTest00908.java,0,CWE-78,,,,0,0,1,0,0,0,1,0,,,,,,,,
BenchmarkTest00909.java,0,CWE-78,,,,0,0,1,0,0,0,1,0,,,,,,,,
BenchmarkTest00910.java,0,CWE-78,,,,0,0,1,0,0,0,1,0,,,,,,,,
BenchmarkTest00911.java,0,CWE-330,,,,0,0,1,0,0,0,1,0,,,,,,,,
BenchmarkTest00912.java,0,CWE-330,,,,0,0,1,0,0,0,1,0,,,,,,,,
BenchmarkTest00913.java,0,CWE-330,,,,0,0,1,0,0,0,1,0,,,,,,,,
BenchmarkTest00914.java,0,CWE-330,,,,0,0,1,0,0,0,1,0,,,,,,,,
BenchmarkTest00915.java,0,CWE-330,,,,0,0,1,0,0,0,1,0,,,,,,,,
BenchmarkTest00916.java,0,CWE-330,,,,0,0,1,0,0,0,1,0,,,,,,,,
BenchmarkTest00917.java,0,CWE-330,,,,0,0,1,0,0,0,1,0,,,,,,,,
BenchmarkTest00918.java,0,CWE-330,,,,0,0,1,0,0,0,1,0,,,,,,,,
BenchmarkTest00919.java,0,CWE-330,,,,0,0,1,0,0,0,1,0,,,,,,,,
BenchmarkTest00920.java,0,CWE-330,,,,0,0,1,0,0,0,1,0,,,,,,,,
BenchmarkTest00921.java,0,CWE-330,,,,0,0,1,0,0,0,1,0,,,,,,,,
BenchmarkTest00924.java,0,CWE-89,,,,0,0,1,0,0,0,1,0,,,,,,,,
BenchmarkTest00925.java,0,CWE-89,,,,0,0,1,0,0,0,1,0,,,,,,,,
BenchmarkTest00926.java,0,CWE-89,,,,0,0,1,0,0,0,1,0,,,,,,,,
BenchmarkTest00927.java,0,CWE-89,,,,0,0,1,0,0,0,1,0,,,,,,,,
BenchmarkTest00928.java,0,CWE-89,,,,0,0,1,0,0,0,1,0,,,,,,,,
BenchmarkTest00929.java,0,CWE-89,,,,0,0,1,0,0,0,1,0,,,,,,,,
BenchmarkTest00930.java,0,CWE-89,,,,0,0,1,0,0,0,1,0,,,,,,,,
BenchmarkTest00931.java,0,CWE-89,,,,0,0,1,0,0,0,1,0,,,,,,,,
BenchmarkTest00932.java,0,CWE-89,,,,0,0,1,0,0,0,1,0,,,,,,,,
BenchmarkTest00933.java,0,CWE-89,,,,0,0,1,0,0,0,1,0,,,,,,,,
BenchmarkTest00934.java,0,CWE-89,,,,0,0,1,0,0,0,1,0,,,,,,,,
BenchmarkTest00935.java,0,CWE-89,,,,0,0,1,0,0,0,1,0,,,,,,,,
BenchmarkTest00936.java,0,CWE-89,,,,0,0,1,0,0,0,1,0,,,,,,,,
BenchmarkTest00937.java,0,CWE-89,,,,0,0,1,0,0,0,1,0,,,,,,,,
BenchmarkTest00938.java,0,CWE-89,,,,0,0,1,0,0,0,1,0,,,,,,,,
BenchmarkTest00939.java,0,CWE-89,,,,0,0,1,0,0,0,1,0,,,,,,,,
BenchmarkTest00940.java,0,CWE-89,,,,0,0,1,0,0,0,1,0,,,,,,,,
BenchmarkTest00941.java,0,CWE-643,,,,0,0,1,0,0,0,1,0,,,,,,,,
BenchmarkTest00942.java,0,CWE-327,,,,0,0,1,0,0,0,1,0,,,,,,,,
BenchmarkTest00943.java,0,CWE-327,,,,0,0,1,0,0,0,1,0,,,,,,,,
BenchmarkTest00944.java,0,CWE-327,,,,0,0,1,0,0,0,1,0,,,,,,,,
BenchmarkTest00945.java,0,CWE-327,CWE-327,1,0,1,0,0,0,1,0,0,0,2660,0.003950100000000001,0,0.0,4,1.8239999999999998e-05,0.003968340000000001,1.0702977180480957
BenchmarkTest00946.java,0,CWE-327,CWE-327,1,0,1,0,0,0,1,0,0,0,2618,0.0038877300000000003,0,0.0,4,1.8239999999999998e-05,0.0039059700000000004,1.4050495624542236
BenchmarkTest00947.java,0,CWE-90,CWE-90,1,0,1,0,0,0,1,0,0,0,2595,0.003853575,0,0.0,4,1.8239999999999998e-05,0.0038718150000000002,1.050171136856079
BenchmarkTest00948.java,0,CWE-90,CWE-90,1,0,0,1,0,0,0,1,0,0,2639,0.003918915,0,0.0,4,1.8239999999999998e-05,0.003937155,1.0671687126159668
BenchmarkTest00949.java,0,CWE-22,CWE-23,0,0,1,0,0,0,1,0,0,0,2524,0.0037481400000000005,0,0.0,4,1.8239999999999998e-05,0.0037663800000000006,1.2980599403381348
BenchmarkTest00950.java,0,CWE-22,CWE-23,0,0,1,0,0,0,1,0,0,0,2508,0.0037243800000000002,0,0.0,4,1.8239999999999998e-05,0.0037426200000000003,1.610757827758789
BenchmarkTest00951.java,0,CWE-22,CWE-23,0,0,0,1,0,0,0,1,0,0,2691,0.0039961350000000005,0,0.0,4,1.8239999999999998e-05,0.004014375000000001,44.95953059196472
BenchmarkTest00952.java,0,CWE-22,CWE-23,0,0,1,0,0,0,1,0,0,0,2773,0.004117905000000001,0,0.0,4,1.8239999999999998e-05,0.004136145000000001,1.0709161758422852
BenchmarkTest00953.java,0,CWE-22,CWE-23,0,0,1,0,0,0,1,0,0,0,2579,0.003829815,0,0.0,4,1.8239999999999998e-05,0.003848055,2.09403395652771
BenchmarkTest00954.java,0,CWE-22,CWE-23,0,1,0,1,0,0,0,0,1,0,2613,0.003880305,0,0.0,3,1.368e-05,0.003893985,2.1400229930877686
BenchmarkTest00955.java,0,CWE-22,CWE-23,0,0,0,1,0,0,0,1,0,0,2548,0.00378378,0,0.0,4,1.8239999999999998e-05,0.00380202,1.1587932109832764
BenchmarkTest00956.java,0,CWE-22,CWE-23,0,0,1,0,0,0,1,0,0,0,2545,0.0037793250000000005,0,0.0,4,1.8239999999999998e-05,0.0037975650000000006,1.1276803016662598
BenchmarkTest00957.java,0,CWE-22,CWE-23,0,0,0,1,0,0,0,1,0,0,2749,0.004082265000000001,0,0.0,4,1.8239999999999998e-05,0.004100505000000001,1.2930853366851807
BenchmarkTest00958.java,0,CWE-22,CWE-23,0,0,0,1,0,0,0,1,0,0,2790,0.004143150000000001,0,0.0,4,1.8239999999999998e-05,0.004161390000000001,1.0337483882904053
BenchmarkTest00959.java,0,CWE-90,CWE-90,1,0,1,0,0,0,1,0,0,0,2626,0.00389961,0,0.0,4,1.8239999999999998e-05,0.00391785,0.9964361190795898
BenchmarkTest00960.java,0,CWE-330,CWE-330,1,0,1,0,0,0,1,0,0,0,2683,0.003984255,0,0.0,4,1.8239999999999998e-05,0.004002495,1.0612390041351318
BenchmarkTest00961.java,0,CWE-328,CWE-916,0,1,1,0,0,0,0,0,0,1,2705,0.004016925,0,0.0,3,1.368e-05,0.0040306050000000005,1.5640294551849365
BenchmarkTest00962.java,0,CWE-328,,,,0,0,1,0,0,0,1,0,,,,,,,,
BenchmarkTest00963.java,0,CWE-328,CWE-916,0,0,1,0,0,0,1,0,0,0,2550,0.0037867500000000006,0,0.0,4,1.8239999999999998e-05,0.0038049900000000007,3.618960380554199
BenchmarkTest00964.java,0,CWE-328,,,,0,0,1,0,0,0,1,0,,,,,,,,
BenchmarkTest00965.java,0,CWE-328,,,,0,0,1,0,0,0,1,0,,,,,,,,
BenchmarkTest00966.java,0,CWE-328,,,,0,0,1,0,0,0,1,0,,,,,,,,
BenchmarkTest00967.java,0,CWE-328,,,,0,0,1,0,0,0,1,0,,,,,,,,
BenchmarkTest00968.java,0,CWE-78,CWE-78,1,0,1,0,0,0,1,0,0,0,2310,0.0034303500000000004,0,0.0,4,1.8239999999999998e-05,0.0034485900000000005,1.0255353450775146
BenchmarkTest00969.java,0,CWE-78,CWE-78,1,0,0,1,0,0,0,1,0,0,2546,0.0037808100000000003,0,0.0,4,1.8239999999999998e-05,0.0037990500000000004,0.9941234588623047
BenchmarkTest00970.java,0,CWE-78,CWE-78,1,0,0,1,0,0,0,1,0,0,2334,0.0034659900000000004,0,0.0,4,1.8239999999999998e-05,0.0034842300000000005,1.0156474113464355
BenchmarkTest00971.java,0,CWE-330,CWE-330,1,0,1,0,0,0,1,0,0,0,2628,0.0039025800000000005,0,0.0,4,1.8239999999999998e-05,0.00392082,1.1146159172058105
BenchmarkTest00972.java,0,CWE-330,CWE-330,1,0,1,0,0,0,1,0,0,0,2675,0.003972375,0,0.0,4,1.8239999999999998e-05,0.003990615,1.0529472827911377
BenchmarkTest00973.java,0,CWE-330,CWE-330,1,0,1,0,0,0,1,0,0,0,2570,0.0038164500000000003,0,0.0,4,1.8239999999999998e-05,0.0038346900000000004,1.1505537033081055
BenchmarkTest00974.java,0,CWE-330,CWE-330,1,0,1,0,0,0,1,0,0,0,2611,0.003877335,0,0.0,4,1.8239999999999998e-05,0.003895575,1.1868445873260498
BenchmarkTest00975.java,0,CWE-330,CWE-330,1,0,1,0,0,0,1,0,0,0,2572,0.00381942,0,0.0,4,1.8239999999999998e-05,0.00383766,1.1588478088378906
BenchmarkTest00976.java,0,CWE-330,CWE-330,1,0,1,0,0,0,1,0,0,0,2585,0.0038387250000000003,0,0.0,4,1.8239999999999998e-05,0.0038569650000000004,1.442537546157837
BenchmarkTest00977.java,0,CWE-614,CWE-614,1,1,1,0,0,0,0,0,0,1,2366,0.00351351,0,0.0,3,1.368e-05,0.00352719,1.8318753242492676
BenchmarkTest00978.java,0,CWE-78,CWE-78,1,0,0,1,0,0,0,1,0,0,2621,0.0038921850000000003,0,0.0,4,1.8239999999999998e-05,0.003910425,3.688835620880127
BenchmarkTest00979.java,0,CWE-78,CWE-78,1,0,1,0,0,0,1,0,0,0,2467,0.0036634950000000006,0,0.0,4,1.8239999999999998e-05,0.0036817350000000006,2.6172027587890625
BenchmarkTest00980.java,0,CWE-78,CWE-78,1,0,0,1,0,0,0,1,0,0,2288,0.00339768,0,0.0,4,1.8239999999999998e-05,0.0034159200000000002,0.9792861938476562
BenchmarkTest00981.java,0,CWE-78,CWE-78,1,0,1,0,0,0,1,0,0,0,2417,0.0035892450000000005,0,0.0,4,1.8239999999999998e-05,0.0036074850000000006,1.0643582344055176
BenchmarkTest00982.java,0,CWE-78,CWE-78,1,0,0,1,0,0,0,1,0,0,2340,0.0034749,0,0.0,4,1.8239999999999998e-05,0.00349314,1.5060608386993408
BenchmarkTest00983.java,0,CWE-78,CWE-78,1,0,1,0,0,0,1,0,0,0,2248,0.0033382800000000003,0,0.0,4,1.8239999999999998e-05,0.0033565200000000004,0.9549586772918701
BenchmarkTest00984.java,0,CWE-330,CWE-330,1,1,0,1,0,0,0,0,1,0,2897,0.004302045,0,0.0,3,1.368e-05,0.004315725,1.060304880142212
BenchmarkTest00985.java,0,CWE-330,CWE-330,1,0,0,1,0,0,0,1,0,0,2715,0.0040317750000000005,0,0.0,4,1.8239999999999998e-05,0.0040500150000000006,1.1373977661132812
BenchmarkTest00986.java,0,CWE-330,CWE-330,1,1,0,1,0,0,0,0,1,0,2685,0.0039872250000000005,0,0.0,3,1.368e-05,0.004000905000000001,1.2414977550506592
BenchmarkTest00987.java,0,CWE-330,,,,0,0,1,0,0,0,1,0,,,,,,,,
BenchmarkTest00988.java,0,CWE-330,,,,0,0,1,0,0,0,1,0,,,,,,,,
BenchmarkTest00989.java,0,CWE-330,,,,0,0,1,0,0,0,1,0,,,,,,,,
BenchmarkTest00990.java,0,CWE-330,,,,0,0,1,0,0,0,1,0,,,,,,,,
BenchmarkTest00996.java,0,CWE-89,CWE-89,1,0,1,0,0,0,1,0,0,0,2297,0.003411045,0,0.0,4,1.8239999999999998e-05,0.0034292850000000002,59.46739387512207
BenchmarkTest00997.java,0,CWE-89,CWE-89,1,0,1,0,0,0,1,0,0,0,2334,0.0034659900000000004,0,0.0,4,1.8239999999999998e-05,0.0034842300000000005,0.9487190246582031
BenchmarkTest00998.java,0,CWE-89,CWE-89,1,0,1,0,0,0,1,0,0,0,2301,0.003416985,0,0.0,4,1.8239999999999998e-05,0.003435225,1.0792598724365234
BenchmarkTest00999.java,0,CWE-89,CWE-89,1,0,0,1,0,0,0,1,0,0,2314,0.0034362900000000003,0,0.0,4,1.8239999999999998e-05,0.0034545300000000004,1.8504281044006348
BenchmarkTest01000.java,0,CWE-89,CWE-89,1,0,1,0,0,0,1,0,0,0,2341,0.0034763850000000002,0,0.0,4,1.8239999999999998e-05,0.0034946250000000003,2.085359573364258
BenchmarkTest01001.java,0,CWE-89,CWE-89,1,0,0,1,0,0,0,1,0,0,2264,0.0033620400000000006,0,0.0,4,1.8239999999999998e-05,0.0033802800000000007,1.6578865051269531
BenchmarkTest01002.java,0,CWE-89,CWE-89,1,0,1,0,0,0,1,0,0,0,2271,0.0033724350000000004,0,0.0,4,1.8239999999999998e-05,0.0033906750000000005,0.973752498626709
BenchmarkTest01003.java,0,CWE-89,CWE-89,1,0,1,0,0,0,1,0,0,0,2307,0.0034258950000000004,0,0.0,4,1.8239999999999998e-05,0.0034441350000000005,1.0909709930419922
BenchmarkTest01004.java,0,CWE-89,CWE-89,1,0,1,0,0,0,1,0,0,0,2336,0.00346896,0,0.0,4,1.8239999999999998e-05,0.0034872,1.2464923858642578
BenchmarkTest01005.java,0,CWE-89,CWE-89,1,0,1,0,0,0,1,0,0,0,2317,0.0034407450000000003,0,0.0,4,1.8239999999999998e-05,0.0034589850000000004,1.5375502109527588
BenchmarkTest01006.java,0,CWE-89,,,,0,0,0,1,0,0,0,1,,,,,,,,
BenchmarkTest01007.java,0,CWE-89,,,,0,0,0,1,0,0,0,1,,,,,,,,
BenchmarkTest01008.java,0,CWE-89,,,,0,0,0,1,0,0,0,1,,,,,,,,
BenchmarkTest01009.java,0,CWE-89,,,,0,0,0,1,0,0,0,1,,,,,,,,
BenchmarkTest01010.java,0,CWE-89,CWE-89,1,0,0,1,0,0,0,1,0,0,2327,0.003455595,0,0.0,4,1.8239999999999998e-05,0.003473835,1.1166462898254395
BenchmarkTest01011.java,0,CWE-89,CWE-89,1,0,1,0,0,0,1,0,0,0,2260,0.0033561000000000003,0,0.0,4,1.8239999999999998e-05,0.0033743400000000004,1.082223892211914
BenchmarkTest01012.java,0,CWE-89,CWE-89,1,0,0,1,0,0,0,1,0,0,2293,0.003405105,0,0.0,4,1.8239999999999998e-05,0.003423345,1.075178861618042
BenchmarkTest01013.java,0,CWE-643,CWE-643,1,0,0,1,0,0,0,1,0,0,2443,0.003627855,0,0.0,4,1.8239999999999998e-05,0.0036460950000000002,5.165299892425537
BenchmarkTest01014.java,0,CWE-643,CWE-643,1,0,0,1,0,0,0,1,0,0,2402,0.0035669700000000005,0,0.0,4,1.8239999999999998e-05,0.0035852100000000006,1.0137217044830322
BenchmarkTest01015.java,0,CWE-327,CWE-327,1,0,1,0,0,0,1,0,0,0,2778,0.00412533,0,0.0,4,1.8239999999999998e-05,0.00414357,1.574491024017334
BenchmarkTest01016.java,0,CWE-327,CWE-327,1,0,1,0,0,0,1,0,0,0,2918,0.00433323,0,0.0,4,1.8239999999999998e-05,0.0043514700000000005,2.8814501762390137
BenchmarkTest01017.java,0,CWE-327,CWE-327,1,0,1,0,0,0,1,0,0,0,3048,0.004526280000000001,0,0.0,4,1.8239999999999998e-05,0.004544520000000001,1.3322453498840332
BenchmarkTest01018.java,0,CWE-327,CWE-327,1,0,1,0,0,0,1,0,0,0,2459,0.0036516150000000004,0,0.0,4,1.8239999999999998e-05,0.0036698550000000005,1.495485782623291
BenchmarkTest01019.java,0,CWE-327,,,,0,0,1,0,0,0,1,0,,,,,,,,
BenchmarkTest01020.java,0,CWE-327,CWE-327,1,0,1,0,0,0,1,0,0,0,2458,0.00365013,0,0.0,4,1.8239999999999998e-05,0.0036683700000000002,1.4276471138000488
BenchmarkTest01021.java,0,CWE-327,,,,0,0,1,0,0,0,1,0,,,,,,,,
BenchmarkTest01022.java,0,CWE-327,,,,0,0,1,0,0,0,1,0,,,,,,,,
BenchmarkTest01023.java,0,CWE-90,CWE-90,1,0,1,0,0,0,1,0,0,0,2434,0.00361449,0,0.0,4,1.8239999999999998e-05,0.0036327300000000002,1.0170543193817139
BenchmarkTest01024.java,0,CWE-90,CWE-90,1,0,0,1,0,0,0,1,0,0,2446,0.0036323100000000006,0,0.0,4,1.8239999999999998e-05,0.0036505500000000007,1.4853887557983398
BenchmarkTest01025.java,0,CWE-22,CWE-23,0,0,1,0,0,0,1,0,0,0,2395,0.003556575,0,0.0,4,1.8239999999999998e-05,0.0035748150000000003,1.0375139713287354
BenchmarkTest01026.java,0,CWE-22,CWE-23,0,0,0,1,0,0,0,1,0,0,2592,0.00384912,0,0.0,4,1.8239999999999998e-05,0.0038673600000000002,1.1812365055084229
BenchmarkTest01027.java,0,CWE-22,CWE-23,0,0,0,1,0,0,0,1,0,0,2380,0.0035343,0,0.0,4,1.8239999999999998e-05,0.0035525400000000003,1.1410117149353027
BenchmarkTest01028.java,0,CWE-22,CWE-23,0,0,0,1,0,0,0,1,0,0,2572,0.00381942,0,0.0,4,1.8239999999999998e-05,0.00383766,1.5081665515899658
BenchmarkTest01029.java,0,CWE-22,CWE-23,0,0,1,0,0,0,1,0,0,0,2553,0.003791205,0,0.0,4,1.8239999999999998e-05,0.0038094450000000003,1.2826595306396484
BenchmarkTest01030.java,0,CWE-22,CWE-23,0,0,0,1,0,0,0,1,0,0,2602,0.0038639700000000004,0,0.0,4,1.8239999999999998e-05,0.0038822100000000005,1.1710174083709717
BenchmarkTest01031.java,0,CWE-22,CWE-23,0,0,0,1,0,0,0,1,0,0,2517,0.003737745,0,0.0,4,1.8239999999999998e-05,0.0037559850000000003,1.140089511871338
BenchmarkTest01032.java,0,CWE-22,CWE-23,0,0,1,0,0,0,1,0,0,0,2432,0.0036115200000000004,0,0.0,4,1.8239999999999998e-05,0.0036297600000000005,1.1929206848144531
BenchmarkTest01033.java,0,CWE-22,CWE-23,0,0,1,0,0,0,1,0,0,0,2432,0.0036115200000000004,0,0.0,4,1.8239999999999998e-05,0.0036297600000000005,1.6228914260864258
BenchmarkTest01034.java,0,CWE-22,CWE-23,0,0,1,0,0,0,1,0,0,0,2445,0.0036308250000000003,0,0.0,4,1.8239999999999998e-05,0.0036490650000000004,1.5157990455627441
BenchmarkTest01035.java,0,CWE-22,CWE-23,0,0,0,1,0,0,0,1,0,0,2429,0.003607065,0,0.0,4,1.8239999999999998e-05,0.003625305,3.1982991695404053
BenchmarkTest01036.java,0,CWE-22,CWE-23,0,0,0,1,0,0,0,1,0,0,2628,0.0039025800000000005,0,0.0,4,1.8239999999999998e-05,0.00392082,2.1673593521118164
BenchmarkTest01037.java,0,CWE-328,,,,0,0,1,0,0,0,1,0,,,,,,,,
BenchmarkTest01038.java,0,CWE-328,CWE-916,0,0,1,0,0,0,1,0,0,0,2418,0.00359073,0,0.0,4,1.8239999999999998e-05,0.00360897,1.4672093391418457
BenchmarkTest01039.java,0,CWE-328,,,,0,0,1,0,0,0,1,0,,,,,,,,
BenchmarkTest01040.java,0,CWE-328,,,,0,0,1,0,0,0,1,0,,,,,,,,
BenchmarkTest01041.java,0,CWE-328,,,,0,0,0,1,0,0,0,1,,,,,,,,
BenchmarkTest01042.java,0,CWE-328,,,,0,0,0,1,0,0,0,1,,,,,,,,
BenchmarkTest01043.java,0,CWE-328,,,,0,0,0,1,0,0,0,1,,,,,,,,
BenchmarkTest01044.java,0,CWE-328,,,,0,0,0,1,0,0,0,1,,,,,,,,
BenchmarkTest01045.java,0,CWE-328,,,,0,0,1,0,0,0,1,0,,,,,,,,
BenchmarkTest01046.java,0,CWE-79,CWE-79,1,0,1,0,0,0,1,0,0,0,2617,0.0038862450000000004,0,0.0,4,1.8239999999999998e-05,0.0039044850000000005,1.2473692893981934
BenchmarkTest01047.java,0,CWE-79,CWE-79,1,0,1,0,0,0,1,0,0,0,2581,0.0038327850000000004,0,0.0,4,1.8239999999999998e-05,0.0038510250000000005,1.1798770427703857
BenchmarkTest01048.java,0,CWE-79,CWE-79,1,0,0,1,0,0,0,1,0,0,2478,0.0036798300000000003,0,0.0,4,1.8239999999999998e-05,0.0036980700000000003,1.7061724662780762
BenchmarkTest01049.java,0,CWE-79,CWE-79,1,0,1,0,0,0,1,0,0,0,2533,0.003761505,0,0.0,4,1.8239999999999998e-05,0.003779745,1.4684488773345947
BenchmarkTest01050.java,0,CWE-79,CWE-79,1,0,1,0,0,0,1,0,0,0,2468,0.00366498,0,0.0,4,1.8239999999999998e-05,0.00368322,4.207956314086914
BenchmarkTest01051.java,0,CWE-79,CWE-79,1,0,0,1,0,0,0,1,0,0,2504,0.00371844,0,0.0,4,1.8239999999999998e-05,0.00373668,3.7300610542297363
BenchmarkTest01052.java,0,CWE-79,CWE-79,1,0,0,1,0,0,0,1,0,0,2526,0.00375111,0,0.0,4,1.8239999999999998e-05,0.0037693500000000003,1.4940910339355469
BenchmarkTest01053.java,0,CWE-79,CWE-79,1,0,0,1,0,0,0,1,0,0,2479,0.003681315,0,0.0,4,1.8239999999999998e-05,0.003699555,2.2405035495758057
BenchmarkTest01054.java,0,CWE-79,CWE-79,1,1,0,1,0,0,0,0,1,0,2457,0.0036486450000000003,0,0.0,3,1.368e-05,0.003662325,2.0380823612213135
BenchmarkTest01055.java,0,CWE-79,CWE-79,1,0,1,0,0,0,1,0,0,0,2509,0.003725865,0,0.0,4,1.8239999999999998e-05,0.003744105,2.0679285526275635
BenchmarkTest01056.java,0,CWE-79,CWE-79,1,0,1,0,0,0,1,0,0,0,2506,0.0037214100000000005,0,0.0,4,1.8239999999999998e-05,0.0037396500000000006,2.0967345237731934
BenchmarkTest01057.java,0,CWE-79,CWE-79,1,0,1,0,0,0,1,0,0,0,2476,0.00367686,0,0.0,4,1.8239999999999998e-05,0.0036951,1.1487348079681396
BenchmarkTest01058.java,0,CWE-330,CWE-330,1,0,1,0,0,0,1,0,0,0,2456,0.0036471600000000004,0,0.0,4,1.8239999999999998e-05,0.0036654000000000005,1.0148382186889648
BenchmarkTest01059.java,0,CWE-330,CWE-330,1,0,1,0,0,0,1,0,0,0,2451,0.0036397350000000003,0,0.0,4,1.8239999999999998e-05,0.0036579750000000004,1.0583977699279785
BenchmarkTest01060.java,0,CWE-330,CWE-330,1,0,1,0,0,0,1,0,0,0,2482,0.0036857700000000005,0,0.0,4,1.8239999999999998e-05,0.0037040100000000006,25.46049666404724
BenchmarkTest01061.java,0,CWE-614,CWE-614,1,0,1,0,0,0,1,0,0,0,2242,0.0033293700000000003,0,0.0,4,1.8239999999999998e-05,0.0033476100000000004,1.4073214530944824
BenchmarkTest01062.java,0,CWE-614,,,,0,0,1,0,0,0,1,0,,,,,,,,
BenchmarkTest01063.java,0,CWE-79,CWE-79,1,0,1,0,0,0,1,0,0,0,2681,0.003981285,0,0.0,4,1.8239999999999998e-05,0.003999525,1.0529344081878662
BenchmarkTest01064.java,0,CWE-78,CWE-78,1,0,1,0,0,0,1,0,0,0,2206,0.0032759100000000004,0,0.0,4,1.8239999999999998e-05,0.0032941500000000005,0.9946272373199463
BenchmarkTest01065.java,0,CWE-78,CWE-78,1,0,0,1,0,0,0,1,0,0,2257,0.0033516450000000003,0,0.0,4,1.8239999999999998e-05,0.0033698850000000004,1.025162696838379
BenchmarkTest01066.java,0,CWE-78,CWE-78,1,0,1,0,0,0,1,0,0,0,2110,0.0031333500000000005,0,0.0,4,1.8239999999999998e-05,0.0031515900000000006,1.195124864578247
BenchmarkTest01067.java,0,CWE-78,CWE-78,1,0,0,1,0,0,0,1,0,0,2117,0.0031437450000000003,0,0.0,4,1.8239999999999998e-05,0.0031619850000000004,1.497389554977417
BenchmarkTest01068.java,0,CWE-78,CWE-78,1,0,0,1,0,0,0,1,0,0,2176,0.00323136,0,0.0,4,1.8239999999999998e-05,0.0032496,2.586728572845459
BenchmarkTest01069.java,0,CWE-330,,,,0,0,1,0,0,0,1,0,,,,,,,,
BenchmarkTest01070.java,0,CWE-330,,,,0,0,1,0,0,0,1,0,,,,,,,,
BenchmarkTest01071.java,0,CWE-330,,,,0,0,1,0,0,0,1,0,,,,,,,,
BenchmarkTest01072.java,0,CWE-330,CWE-330,1,1,0,1,0,0,0,0,1,0,2548,0.00378378,0,0.0,3,1.368e-05,0.00379746,1.0437557697296143
BenchmarkTest01073.java,0,CWE-330,,,,0,0,1,0,0,0,1,0,,,,,,,,
BenchmarkTest01074.java,0,CWE-330,,,,0,0,1,0,0,0,1,0,,,,,,,,
BenchmarkTest01075.java,0,CWE-330,,,,0,0,1,0,0,0,1,0,,,,,,,,
BenchmarkTest01076.java,0,CWE-330,,,,0,0,1,0,0,0,1,0,,,,,,,,
BenchmarkTest01077.java,0,CWE-330,,,,0,0,1,0,0,0,1,0,,,,,,,,
BenchmarkTest01078.java,0,CWE-330,,,,0,0,1,0,0,0,1,0,,,,,,,,
BenchmarkTest01079.java,0,CWE-330,,,,0,0,1,0,0,0,1,0,,,,,,,,
BenchmarkTest01083.java,0,CWE-89,CWE-89,1,0,1,0,0,0,1,0,0,0,2107,0.003128895,0,0.0,4,1.8239999999999998e-05,0.003147135,1.0718238353729248
BenchmarkTest01084.java,0,CWE-89,CWE-89,1,0,1,0,0,0,1,0,0,0,2127,0.003158595,0,0.0,4,1.8239999999999998e-05,0.0031768350000000002,1.3719186782836914
BenchmarkTest01085.java,0,CWE-89,,,,0,0,1,0,0,0,1,0,,,,,,,,
BenchmarkTest01086.java,0,CWE-89,,,,0,0,1,0,0,0,1,0,,,,,,,,
BenchmarkTest01087.java,0,CWE-89,,,,0,0,0,1,0,0,0,1,,,,,,,,
BenchmarkTest01088.java,0,CWE-89,,,,0,0,0,1,0,0,0,1,,,,,,,,
BenchmarkTest01089.java,0,CWE-89,,,,0,0,1,0,0,0,1,0,,,,,,,,
BenchmarkTest01090.java,0,CWE-89,CWE-89,1,0,1,0,0,0,1,0,0,0,2147,0.0031882950000000003,0,0.0,4,1.8239999999999998e-05,0.0032065350000000004,1.5048167705535889
BenchmarkTest01091.java,0,CWE-89,CWE-89,1,0,1,0,0,0,1,0,0,0,2115,0.003140775,0,0.0,4,1.8239999999999998e-05,0.0031590150000000003,1.1278126239776611
BenchmarkTest01092.java,0,CWE-89,CWE-89,1,0,0,1,0,0,0,1,0,0,2094,0.00310959,0,0.0,4,1.8239999999999998e-05,0.0031278300000000003,1.1370558738708496
BenchmarkTest01093.java,0,CWE-89,CWE-89,1,0,1,0,0,0,1,0,0,0,2146,0.0031868100000000004,0,0.0,4,1.8239999999999998e-05,0.0032050500000000005,1.2301149368286133
BenchmarkTest01094.java,0,CWE-89,CWE-89,1,0,1,0,0,0,1,0,0,0,2063,0.0030635550000000004,0,0.0,4,1.8239999999999998e-05,0.0030817950000000005,1.1559514999389648
BenchmarkTest01095.java,0,CWE-89,CWE-89,1,0,0,1,0,0,0,1,0,0,2099,0.0031170150000000003,0,0.0,4,1.8239999999999998e-05,0.0031352550000000004,1.058563470840454
BenchmarkTest01096.java,0,CWE-89,CWE-89,1,0,0,1,0,0,0,1,0,0,2141,0.0031793850000000003,0,0.0,4,1.8239999999999998e-05,0.0031976250000000004,1.2703089714050293
BenchmarkTest01097.java,0,CWE-89,CWE-89,1,0,1,0,0,0,1,0,0,0,2093,0.003108105,0,0.0,4,1.8239999999999998e-05,0.003126345,1.0832431316375732
BenchmarkTest01098.java,0,CWE-89,CWE-89,1,0,0,1,0,0,0,1,0,0,2130,0.00316305,0,0.0,4,1.8239999999999998e-05,0.0031812900000000002,2.9485161304473877
BenchmarkTest01099.java,0,CWE-327,CWE-327,1,0,1,0,0,0,1,0,0,0,2902,0.00430947,0,0.0,4,1.8239999999999998e-05,0.00432771,3.614652156829834
BenchmarkTest01100.java,0,CWE-327,,,,0,0,1,0,0,0,1,0,,,,,,,,
BenchmarkTest01101.java,0,CWE-327,,,,0,0,1,0,0,0,1,0,,,,,,,,
BenchmarkTest01102.java,0,CWE-327,CWE-327,1,0,1,0,0,0,1,0,0,0,2586,0.00384021,0,0.0,4,1.8239999999999998e-05,0.0038584500000000002,1.4151320457458496
BenchmarkTest01103.java,0,CWE-327,CWE-327,1,0,1,0,0,0,1,0,0,0,2595,0.003853575,0,0.0,4,1.8239999999999998e-05,0.0038718150000000002,0.9973797798156738
BenchmarkTest01104.java,0,CWE-327,,,,0,0,1,0,0,0,1,0,,,,,,,,
BenchmarkTest01105.java,0,CWE-327,CWE-327,1,0,1,0,0,0,1,0,0,0,2482,0.0036857700000000005,0,0.0,4,1.8239999999999998e-05,0.0037040100000000006,1.2022826671600342
BenchmarkTest01106.java,0,CWE-327,CWE-327,1,0,1,0,0,0,1,0,0,0,2494,0.00370359,0,0.0,4,1.8239999999999998e-05,0.00372183,1.4113786220550537
BenchmarkTest01107.java,0,CWE-327,CWE-327,1,0,1,0,0,0,1,0,0,0,2522,0.00374517,0,0.0,4,1.8239999999999998e-05,0.00376341,1.0841727256774902
BenchmarkTest01108.java,0,CWE-327,,,,0,0,1,0,0,0,1,0,,,,,,,,
BenchmarkTest01109.java,0,CWE-22,CWE-23,0,0,0,1,0,0,0,1,0,0,2651,0.003936735,0,0.0,4,1.8239999999999998e-05,0.003954975,1.0188298225402832
BenchmarkTest01110.java,0,CWE-22,CWE-23,0,0,0,1,0,0,0,1,0,0,2644,0.00392634,0,0.0,4,1.8239999999999998e-05,0.0039445800000000005,1.035651683807373
BenchmarkTest01111.java,0,CWE-22,CWE-23,0,0,1,0,0,0,1,0,0,0,2539,0.0037704150000000005,0,0.0,4,1.8239999999999998e-05,0.0037886550000000006,1.3158972263336182
BenchmarkTest01112.java,0,CWE-22,CWE-23,0,0,1,0,0,0,1,0,0,0,2602,0.0038639700000000004,0,0.0,4,1.8239999999999998e-05,0.0038822100000000005,1.7514991760253906
BenchmarkTest01113.java,0,CWE-22,CWE-23,0,0,0,1,0,0,0,1,0,0,2555,0.0037941750000000003,0,0.0,4,1.8239999999999998e-05,0.0038124150000000004,1.1767923831939697
BenchmarkTest01114.java,0,CWE-22,CWE-23,0,0,0,1,0,0,0,1,0,0,2701,0.004010985,0,0.0,4,1.8239999999999998e-05,0.004029225,1.1533398628234863
BenchmarkTest01115.java,0,CWE-22,CWE-23,0,0,0,1,0,0,0,1,0,0,2696,0.004003560000000001,0,0.0,4,1.8239999999999998e-05,0.004021800000000001,1.3948562145233154
BenchmarkTest01116.java,0,CWE-22,CWE-23,0,0,1,0,0,0,1,0,0,0,2473,0.003672405,0,0.0,4,1.8239999999999998e-05,0.003690645,1.0360629558563232
BenchmarkTest01117.java,0,CWE-22,CWE-23,0,0,1,0,0,0,1,0,0,0,2463,0.0036575550000000003,0,0.0,4,1.8239999999999998e-05,0.0036757950000000004,1.1579341888427734
BenchmarkTest01118.java,0,CWE-22,CWE-23,0,0,0,1,0,0,0,1,0,0,2683,0.003984255,0,0.0,4,1.8239999999999998e-05,0.004002495,1.2023615837097168
BenchmarkTest01119.java,0,CWE-330,CWE-330,1,0,1,0,0,0,1,0,0,0,2565,0.003809025,0,0.0,4,1.8239999999999998e-05,0.0038272650000000003,2.32985520362854
BenchmarkTest01120.java,0,CWE-328,,,,0,0,1,0,0,0,1,0,,,,,,,,
BenchmarkTest01121.java,0,CWE-328,,,,0,0,1,0,0,0,1,0,,,,,,,,
BenchmarkTest01122.java,0,CWE-328,,,,0,0,1,0,0,0,1,0,,,,,,,,
BenchmarkTest01123.java,0,CWE-328,CWE-916,0,0,1,0,0,0,1,0,0,0,2546,0.0037808100000000003,0,0.0,4,1.8239999999999998e-05,0.0037990500000000004,1.379918098449707
BenchmarkTest01124.java,0,CWE-328,,,,0,0,0,1,0,0,0,1,,,,,,,,
BenchmarkTest01125.java,0,CWE-328,,,,0,0,1,0,0,0,1,0,,,,,,,,
BenchmarkTest01126.java,0,CWE-328,,,,0,0,1,0,0,0,1,0,,,,,,,,
BenchmarkTest01127.java,0,CWE-330,CWE-330,1,0,1,0,0,0,1,0,0,0,2506,0.0037214100000000005,0,0.0,4,1.8239999999999998e-05,0.0037396500000000006,2.0041327476501465
BenchmarkTest01128.java,0,CWE-330,CWE-330,1,0,1,0,0,0,1,0,0,0,2516,0.0037362600000000004,0,0.0,4,1.8239999999999998e-05,0.0037545000000000005,3.0569558143615723
BenchmarkTest01129.java,0,CWE-330,CWE-330,1,0,1,0,0,0,1,0,0,0,2479,0.003681315,0,0.0,4,1.8239999999999998e-05,0.003699555,2.968853712081909
BenchmarkTest01130.java,0,CWE-330,CWE-330,1,0,1,0,0,0,1,0,0,0,2496,0.0037065600000000002,0,0.0,4,1.8239999999999998e-05,0.0037248000000000003,2.0035884380340576
BenchmarkTest01131.java,0,CWE-330,CWE-330,1,0,1,0,0,0,1,0,0,0,2474,0.0036738900000000004,0,0.0,4,1.8239999999999998e-05,0.0036921300000000005,1.1282458305358887
BenchmarkTest01132.java,0,CWE-330,CWE-330,1,0,1,0,0,0,1,0,0,0,2540,0.0037719,0,0.0,4,1.8239999999999998e-05,0.00379014,1.1851394176483154
BenchmarkTest01133.java,0,CWE-330,CWE-330,1,0,1,0,0,0,1,0,0,0,2458,0.00365013,0,0.0,4,1.8239999999999998e-05,0.0036683700000000002,1.1524991989135742
BenchmarkTest01134.java,0,CWE-614,CWE-614,1,0,1,0,0,0,1,0,0,0,2318,0.00344223,0,0.0,4,1.8239999999999998e-05,0.00346047,0.9902503490447998
BenchmarkTest01135.java,0,CWE-330,,,,0,0,1,0,0,0,1,0,,,,,,,,
BenchmarkTest01136.java,0,CWE-330,,,,0,0,1,0,0,0,1,0,,,,,,,,
BenchmarkTest01137.java,0,CWE-330,,,,0,0,1,0,0,0,1,0,,,,,,,,
BenchmarkTest01138.java,0,CWE-330,,,,0,0,1,0,0,0,1,0,,,,,,,,
BenchmarkTest01139.java,0,CWE-330,,,,0,0,1,0,0,0,1,0,,,,,,,,
BenchmarkTest01140.java,0,CWE-330,,,,0,0,1,0,0,0,1,0,,,,,,,,
BenchmarkTest01141.java,0,CWE-330,,,,0,0,1,0,0,0,1,0,,,,,,,,
BenchmarkTest01147.java,0,CWE-327,,,,0,0,1,0,0,0,1,0,,,,,,,,
BenchmarkTest01148.java,0,CWE-327,CWE-327,1,0,1,0,0,0,1,0,0,0,2853,0.004236705,0,0.0,4,1.8239999999999998e-05,0.004254945,1.2215309143066406
BenchmarkTest01149.java,0,CWE-327,CWE-327,1,0,1,0,0,0,1,0,0,0,2908,0.00431838,0,0.0,4,1.8239999999999998e-05,0.00433662,1.111985445022583
BenchmarkTest01150.java,0,CWE-327,CWE-327,1,0,1,0,0,0,1,0,0,0,2522,0.00374517,0,0.0,4,1.8239999999999998e-05,0.00376341,4.971712589263916
BenchmarkTest01151.java,0,CWE-327,,,,0,0,1,0,0,0,1,0,,,,,,,,
BenchmarkTest01152.java,0,CWE-327,,,,0,0,1,0,0,0,1,0,,,,,,,,
BenchmarkTest01153.java,0,CWE-327,,,,0,0,1,0,0,0,1,0,,,,,,,,
BenchmarkTest01154.java,0,CWE-90,CWE-90,1,0,0,1,0,0,0,1,0,0,2504,0.00371844,0,0.0,4,1.8239999999999998e-05,0.00373668,1.1300482749938965
BenchmarkTest01155.java,0,CWE-22,CWE-23,0,0,1,0,0,0,1,0,0,0,2428,0.0036055800000000006,0,0.0,4,1.8239999999999998e-05,0.0036238200000000007,1.1958680152893066
BenchmarkTest01156.java,0,CWE-22,CWE-23,0,0,1,0,0,0,1,0,0,0,2603,0.0038654550000000003,0,0.0,4,1.8239999999999998e-05,0.0038836950000000004,1.3841187953948975
BenchmarkTest01157.java,0,CWE-22,CWE-23,0,0,1,0,0,0,1,0,0,0,2607,0.0038713950000000006,0,0.0,4,1.8239999999999998e-05,0.0038896350000000007,1.0272784233093262
BenchmarkTest01158.java,0,CWE-22,CWE-23,0,0,0,1,0,0,0,1,0,0,2533,0.003761505,0,0.0,4,1.8239999999999998e-05,0.003779745,1.2254176139831543
BenchmarkTest01159.java,0,CWE-22,CWE-23,0,0,0,1,0,0,0,1,0,0,2711,0.004025835,0,0.0,4,1.8239999999999998e-05,0.004044075,1.2074594497680664
BenchmarkTest01160.java,0,CWE-22,CWE-23,0,0,0,1,0,0,0,1,0,0,2448,0.0036352800000000003,0,0.0,4,1.8239999999999998e-05,0.0036535200000000004,1.2430336475372314
BenchmarkTest01161.java,0,CWE-22,CWE-23,0,0,1,0,0,0,1,0,0,0,2470,0.00366795,0,0.0,4,1.8239999999999998e-05,0.00368619,1.4518742561340332
BenchmarkTest01162.java,0,CWE-330,CWE-330,1,0,1,0,0,0,1,0,0,0,2526,0.00375111,0,0.0,4,1.8239999999999998e-05,0.0037693500000000003,1.087716817855835
BenchmarkTest01163.java,0,CWE-330,CWE-330,1,0,1,0,0,0,1,0,0,0,2465,0.003660525,0,0.0,4,1.8239999999999998e-05,0.003678765,1.483992576599121
BenchmarkTest01164.java,0,CWE-328,,,,0,0,1,0,0,0,1,0,,,,,,,,
BenchmarkTest01165.java,0,CWE-328,CWE-916,0,0,1,0,0,0,1,0,0,0,2696,0.004003560000000001,0,0.0,4,1.8239999999999998e-05,0.004021800000000001,1.2750041484832764
BenchmarkTest01166.java,0,CWE-328,CWE-916,0,0,1,0,0,0,1,0,0,0,2512,0.00373032,0,0.0,4,1.8239999999999998e-05,0.00374856,2.7415366172790527
BenchmarkTest01167.java,0,CWE-328,CWE-916,0,0,1,0,0,0,1,0,0,0,2463,0.0036575550000000003,0,0.0,4,1.8239999999999998e-05,0.0036757950000000004,2.609010696411133
BenchmarkTest01168.java,0,CWE-328,,,,0,0,0,1,0,0,0,1,,,,,,,,
BenchmarkTest01169.java,0,CWE-328,,,,0,0,1,0,0,0,1,0,,,,,,,,
BenchmarkTest01170.java,0,CWE-328,,,,0,0,1,0,0,0,1,0,,,,,,,,
BenchmarkTest01171.java,0,CWE-79,CWE-79,1,0,1,0,0,0,1,0,0,0,2540,0.0037719,0,0.0,4,1.8239999999999998e-05,0.00379014,2.0490450859069824
BenchmarkTest01172.java,0,CWE-79,CWE-79,1,0,1,0,0,0,1,0,0,0,2568,0.0038134800000000006,0,0.0,4,1.8239999999999998e-05,0.0038317200000000007,1.8142707347869873
BenchmarkTest01173.java,0,CWE-79,CWE-79,1,0,1,0,0,0,1,0,0,0,2522,0.00374517,0,0.0,4,1.8239999999999998e-05,0.00376341,2.1628663539886475
BenchmarkTest01174.java,0,CWE-79,CWE-79,1,0,1,0,0,0,1,0,0,0,2491,0.003699135,0,0.0,4,1.8239999999999998e-05,0.003717375,1.2453422546386719
BenchmarkTest01175.java,0,CWE-79,CWE-79,1,1,0,1,0,0,0,0,1,0,2511,0.0037288350000000002,0,0.0,3,1.368e-05,0.003742515,1.1905360221862793
BenchmarkTest01176.java,0,CWE-79,CWE-79,1,0,0,1,0,0,0,1,0,0,2578,0.0038283300000000004,0,0.0,4,1.8239999999999998e-05,0.0038465700000000005,1.1294934749603271
BenchmarkTest01177.java,0,CWE-79,CWE-79,1,0,1,0,0,0,1,0,0,0,2584,0.0038372400000000004,0,0.0,4,1.8239999999999998e-05,0.0038554800000000005,1.6173095703125
BenchmarkTest01178.java,0,CWE-79,CWE-79,1,0,1,0,0,0,1,0,0,0,2483,0.003687255,0,0.0,4,1.8239999999999998e-05,0.003705495,1.2347490787506104
BenchmarkTest01179.java,0,CWE-79,CWE-79,1,0,1,0,0,0,1,0,0,0,2475,0.0036753750000000003,0,0.0,4,1.8239999999999998e-05,0.0036936150000000004,1.184934139251709
BenchmarkTest01180.java,0,CWE-79,CWE-79,1,0,0,1,0,0,0,1,0,0,2546,0.0037808100000000003,0,0.0,4,1.8239999999999998e-05,0.0037990500000000004,1.1468522548675537
BenchmarkTest01181.java,0,CWE-79,CWE-79,1,0,1,0,0,0,1,0,0,0,2514,0.0037332900000000002,0,0.0,4,1.8239999999999998e-05,0.0037515300000000003,1.191511869430542
BenchmarkTest01182.java,0,CWE-78,CWE-78,1,0,0,1,0,0,0,1,0,0,2228,0.00330858,0,0.0,4,1.8239999999999998e-05,0.0033268200000000003,1.0990536212921143
BenchmarkTest01183.java,0,CWE-330,CWE-330,1,0,1,0,0,0,1,0,0,0,2524,0.0037481400000000005,0,0.0,4,1.8239999999999998e-05,0.0037663800000000006,1.0418815612792969
BenchmarkTest01184.java,0,CWE-330,CWE-330,1,0,1,0,0,0,1,0,0,0,2445,0.0036308250000000003,0,0.0,4,1.8239999999999998e-05,0.0036490650000000004,1.1770930290222168
BenchmarkTest01185.java,0,CWE-614,CWE-614,1,0,1,0,0,0,1,0,0,0,2254,0.00334719,0,0.0,4,1.8239999999999998e-05,0.00336543,1.157902479171753
BenchmarkTest01186.java,0,CWE-614,CWE-614,1,0,1,0,0,0,1,0,0,0,2202,0.00326997,0,0.0,4,1.8239999999999998e-05,0.00328821,1.202103853225708
BenchmarkTest01187.java,0,CWE-614,CWE-614,1,0,1,0,0,0,1,0,0,0,2204,0.0032729400000000002,0,0.0,4,1.8239999999999998e-05,0.0032911800000000003,1.0954854488372803
BenchmarkTest01188.java,0,CWE-79,CWE-79,1,0,0,1,0,0,0,1,0,0,2479,0.003681315,0,0.0,4,1.8239999999999998e-05,0.003699555,1.603173017501831
BenchmarkTest01189.java,0,CWE-78,CWE-78,1,0,0,1,0,0,0,1,0,0,2270,0.00337095,0,0.0,4,1.8239999999999998e-05,0.0033891900000000003,1.2083714008331299
BenchmarkTest01190.java,0,CWE-78,CWE-78,1,0,1,0,0,0,1,0,0,0,2105,0.0031259250000000003,0,0.0,4,1.8239999999999998e-05,0.0031441650000000004,1.2295432090759277
BenchmarkTest01191.java,0,CWE-78,CWE-78,1,0,1,0,0,0,1,0,0,0,2108,0.0031303800000000003,0,0.0,4,1.8239999999999998e-05,0.0031486200000000004,1.0165541172027588
BenchmarkTest01192.java,0,CWE-78,CWE-78,1,0,1,0,0,0,1,0,0,0,2108,0.0031303800000000003,0,0.0,4,1.8239999999999998e-05,0.0031486200000000004,1.5636522769927979
BenchmarkTest01193.java,0,CWE-78,CWE-78,1,0,0,1,0,0,0,1,0,0,2284,0.0033917400000000003,0,0.0,4,1.8239999999999998e-05,0.0034099800000000004,1.154996395111084
BenchmarkTest01194.java,0,CWE-78,CWE-78,1,0,1,0,0,0,1,0,0,0,2235,0.0033189750000000005,0,0.0,4,1.8239999999999998e-05,0.0033372150000000006,1.8034603595733643
BenchmarkTest01195.java,0,CWE-330,,,,0,0,1,0,0,0,1,0,,,,,,,,
BenchmarkTest01196.java,0,CWE-330,CWE-330,1,0,0,1,0,0,0,1,0,0,2521,0.0037436850000000005,0,0.0,4,1.8239999999999998e-05,0.0037619250000000006,2.9444236755371094
BenchmarkTest01197.java,0,CWE-330,,,,0,0,1,0,0,0,1,0,,,,,,,,
BenchmarkTest01198.java,0,CWE-330,,,,0,0,1,0,0,0,1,0,,,,,,,,
BenchmarkTest01199.java,0,CWE-330,,,,0,0,1,0,0,0,1,0,,,,,,,,
BenchmarkTest01200.java,0,CWE-330,,,,0,0,1,0,0,0,1,0,,,,,,,,
BenchmarkTest01201.java,0,CWE-330,,,,0,0,1,0,0,0,1,0,,,,,,,,
BenchmarkTest01202.java,0,CWE-330,,,,0,0,1,0,0,0,1,0,,,,,,,,
BenchmarkTest01208.java,0,CWE-89,CWE-89,1,0,1,0,0,0,1,0,0,0,2154,0.00319869,0,0.0,4,1.8239999999999998e-05,0.0032169300000000002,2.0500078201293945
BenchmarkTest01209.java,0,CWE-89,CWE-89,1,0,1,0,0,0,1,0,0,0,2166,0.00321651,0,0.0,4,1.8239999999999998e-05,0.00323475,2.601414203643799
BenchmarkTest01210.java,0,CWE-89,CWE-89,1,0,1,0,0,0,1,0,0,0,2204,0.0032729400000000002,0,0.0,4,1.8239999999999998e-05,0.0032911800000000003,1.4924399852752686
BenchmarkTest01211.java,0,CWE-89,CWE-89,1,0,1,0,0,0,1,0,0,0,2137,0.003173445,0,0.0,4,1.8239999999999998e-05,0.003191685,1.112640619277954
BenchmarkTest01212.java,0,CWE-89,CWE-89,1,0,0,1,0,0,0,1,0,0,2170,0.0032224500000000004,0,0.0,4,1.8239999999999998e-05,0.0032406900000000005,1.7474620342254639
BenchmarkTest01213.java,0,CWE-89,CWE-89,1,0,0,1,0,0,0,1,0,0,2138,0.0031749300000000003,0,0.0,4,1.8239999999999998e-05,0.0031931700000000004,1.490562915802002
BenchmarkTest01214.java,0,CWE-89,CWE-89,1,0,1,0,0,0,1,0,0,0,2174,0.0032283900000000003,0,0.0,4,1.8239999999999998e-05,0.0032466300000000003,1.2443945407867432
BenchmarkTest01215.java,0,CWE-89,,,,0,0,1,0,0,0,1,0,,,,,,,,
BenchmarkTest01216.java,0,CWE-89,CWE-89,1,0,0,1,0,0,0,1,0,0,2142,0.00318087,0,0.0,4,1.8239999999999998e-05,0.0031991100000000002,1.0436244010925293
BenchmarkTest01217.java,0,CWE-89,CWE-89,1,0,0,1,0,0,0,1,0,0,2320,0.0034452000000000003,0,0.0,4,1.8239999999999998e-05,0.0034634400000000004,1.112513542175293
BenchmarkTest01218.java,0,CWE-89,CWE-89,1,0,0,1,0,0,0,1,0,0,2113,0.0031378050000000005,0,0.0,4,1.8239999999999998e-05,0.0031560450000000006,1.1395845413208008
BenchmarkTest01219.java,0,CWE-89,CWE-89,1,0,0,1,0,0,0,1,0,0,2176,0.00323136,0,0.0,4,1.8239999999999998e-05,0.0032496,1.1036946773529053
BenchmarkTest01220.java,0,CWE-89,CWE-89,1,0,0,1,0,0,0,1,0,0,2100,0.0031185,0,0.0,4,1.8239999999999998e-05,0.0031367400000000003,1.1623616218566895
BenchmarkTest01221.java,0,CWE-89,CWE-89,1,0,1,0,0,0,1,0,0,0,2134,0.0031689900000000004,0,0.0,4,1.8239999999999998e-05,0.0031872300000000005,1.1939630508422852
BenchmarkTest01222.java,0,CWE-89,CWE-89,1,0,1,0,0,0,1,0,0,0,2166,0.00321651,0,0.0,4,1.8239999999999998e-05,0.00323475,1.0504190921783447
BenchmarkTest01223.java,0,CWE-643,CWE-643,1,0,1,0,0,0,1,0,0,0,2363,0.0035090550000000005,0,0.0,4,1.8239999999999998e-05,0.0035272950000000006,1.3308851718902588
BenchmarkTest01224.java,0,CWE-643,CWE-643,1,0,1,0,0,0,1,0,0,0,2234,0.00331749,0,0.0,4,1.8239999999999998e-05,0.0033357300000000003,1.084207534790039
BenchmarkTest01225.java,0,CWE-643,CWE-643,1,0,0,1,0,0,0,1,0,0,2204,0.0032729400000000002,0,0.0,4,1.8239999999999998e-05,0.0032911800000000003,0.9625916481018066
BenchmarkTest01226.java,0,CWE-327,,,,0,0,1,0,0,0,1,0,,,,,,,,
BenchmarkTest01227.java,0,CWE-327,,,,0,0,1,0,0,0,1,0,,,,,,,,
BenchmarkTest01228.java,0,CWE-327,CWE-327,1,0,1,0,0,0,1,0,0,0,2419,0.003592215,0,0.0,4,1.8239999999999998e-05,0.0036104550000000003,1.0821285247802734
BenchmarkTest01229.java,0,CWE-327,CWE-327,1,0,1,0,0,0,1,0,0,0,2451,0.0036397350000000003,0,0.0,4,1.8239999999999998e-05,0.0036579750000000004,1.0454695224761963
BenchmarkTest01230.java,0,CWE-327,CWE-327,1,0,1,0,0,0,1,0,0,0,2422,0.00359667,0,0.0,4,1.8239999999999998e-05,0.0036149100000000003,1.0587632656097412
BenchmarkTest01231.java,0,CWE-22,CWE-23,0,0,1,0,0,0,1,0,0,0,2428,0.0036055800000000006,0,0.0,4,1.8239999999999998e-05,0.0036238200000000007,1.2087335586547852
BenchmarkTest01232.java,0,CWE-22,CWE-23,0,0,1,0,0,0,1,0,0,0,2376,0.00352836,0,0.0,4,1.8239999999999998e-05,0.0035466,1.0865721702575684
BenchmarkTest01233.java,0,CWE-22,CWE-23,0,0,0,1,0,0,0,1,0,0,2430,0.0036085500000000003,0,0.0,4,1.8239999999999998e-05,0.0036267900000000004,1.7149899005889893
BenchmarkTest01234.java,0,CWE-22,CWE-23,0,0,1,0,0,0,1,0,0,0,2370,0.0035194500000000004,0,0.0,4,1.8239999999999998e-05,0.0035376900000000005,2.0924196243286133
BenchmarkTest01235.java,0,CWE-22,CWE-23,0,0,1,0,0,0,1,0,0,0,2562,0.00380457,0,0.0,4,1.8239999999999998e-05,0.0038228100000000003,3.0753746032714844
BenchmarkTest01236.java,0,CWE-22,CWE-23,0,0,1,0,0,0,1,0,0,0,2510,0.0037273500000000004,0,0.0,4,1.8239999999999998e-05,0.0037455900000000005,2.160457134246826
BenchmarkTest01237.java,0,CWE-22,CWE-23,0,0,0,1,0,0,0,1,0,0,2514,0.0037332900000000002,0,0.0,4,1.8239999999999998e-05,0.0037515300000000003,1.5980634689331055
BenchmarkTest01238.java,0,CWE-22,CWE-23,0,0,1,0,0,0,1,0,0,0,2436,0.00361746,0,0.0,4,1.8239999999999998e-05,0.0036357,1.2195193767547607
BenchmarkTest01239.java,0,CWE-22,CWE-23,0,0,0,1,0,0,0,1,0,0,2398,0.00356103,0,0.0,4,1.8239999999999998e-05,0.0035792700000000003,1.2855684757232666
BenchmarkTest01240.java,0,CWE-22,CWE-23,0,0,0,1,0,0,0,1,0,0,2439,0.0036219150000000003,0,0.0,4,1.8239999999999998e-05,0.0036401550000000004,1.411017656326294
BenchmarkTest01241.java,0,CWE-90,CWE-90,1,0,1,0,0,0,1,0,0,0,2467,0.0036634950000000006,0,0.0,4,1.8239999999999998e-05,0.0036817350000000006,1.2238035202026367
BenchmarkTest01242.java,0,CWE-90,CWE-90,1,0,1,0,0,0,1,0,0,0,2442,0.0036263700000000003,0,0.0,4,1.8239999999999998e-05,0.0036446100000000004,1.0668964385986328
BenchmarkTest01243.java,0,CWE-90,CWE-90,1,0,1,0,0,0,1,0,0,0,2416,0.00358776,0,0.0,4,1.8239999999999998e-05,0.0036060000000000003,1.1314828395843506
BenchmarkTest01244.java,0,CWE-328,CWE-916,0,0,1,0,0,0,1,0,0,0,2478,0.0036798300000000003,0,0.0,4,1.8239999999999998e-05,0.0036980700000000003,1.206644058227539
BenchmarkTest01245.java,0,CWE-328,,,,0,0,1,0,0,0,1,0,,,,,,,,
BenchmarkTest01246.java,0,CWE-328,CWE-916,0,0,1,0,0,0,1,0,0,0,2505,0.0037199250000000002,0,0.0,4,1.8239999999999998e-05,0.0037381650000000003,1.188718557357788
BenchmarkTest01247.java,0,CWE-328,CWE-916,0,0,1,0,0,0,1,0,0,0,2380,0.0035343,0,0.0,4,1.8239999999999998e-05,0.0035525400000000003,1.1961207389831543
BenchmarkTest01248.java,0,CWE-328,,,,0,0,0,1,0,0,0,1,,,,,,,,
BenchmarkTest01249.java,0,CWE-328,,,,0,0,1,0,0,0,1,0,,,,,,,,
BenchmarkTest01250.java,0,CWE-328,,,,0,0,1,0,0,0,1,0,,,,,,,,
BenchmarkTest01251.java,0,CWE-79,CWE-79,1,1,0,1,0,0,0,0,1,0,2513,0.0037318050000000004,0,0.0,3,1.368e-05,0.0037454850000000002,1.110886573791504
BenchmarkTest01252.java,0,CWE-79,CWE-79,1,0,0,1,0,0,0,1,0,0,2534,0.0037629900000000003,0,0.0,4,1.8239999999999998e-05,0.0037812300000000004,1.8851897716522217
BenchmarkTest01253.java,0,CWE-79,CWE-79,1,0,1,0,0,0,1,0,0,0,2519,0.0037407150000000004,0,0.0,4,1.8239999999999998e-05,0.0037589550000000005,1.0477159023284912
BenchmarkTest01254.java,0,CWE-79,CWE-79,1,0,1,0,0,0,1,0,0,0,2653,0.003939705000000001,0,0.0,4,1.8239999999999998e-05,0.003957945000000001,1.0369861125946045
BenchmarkTest01255.java,0,CWE-79,CWE-79,1,1,0,1,0,0,0,0,1,0,2441,0.0036248850000000004,0,0.0,3,1.368e-05,0.0036385650000000003,1.268035650253296
BenchmarkTest01256.java,0,CWE-79,CWE-79,1,0,0,1,0,0,0,1,0,0,2510,0.0037273500000000004,0,0.0,4,1.8239999999999998e-05,0.0037455900000000005,1.1436889171600342
BenchmarkTest01257.java,0,CWE-79,CWE-79,1,0,1,0,0,0,1,0,0,0,2454,0.00364419,0,0.0,4,1.8239999999999998e-05,0.00366243,1.1307530403137207
BenchmarkTest01258.java,0,CWE-79,CWE-79,1,0,1,0,0,0,1,0,0,0,2507,0.0037228950000000004,0,0.0,4,1.8239999999999998e-05,0.0037411350000000005,1.451550006866455
BenchmarkTest01259.java,0,CWE-79,CWE-79,1,0,1,0,0,0,1,0,0,0,2530,0.00375705,0,0.0,4,1.8239999999999998e-05,0.00377529,1.4096043109893799
BenchmarkTest01260.java,0,CWE-79,CWE-79,1,0,1,0,0,0,1,0,0,0,2466,0.0036620100000000003,0,0.0,4,1.8239999999999998e-05,0.0036802500000000004,1.1273376941680908
BenchmarkTest01261.java,0,CWE-79,CWE-79,1,0,1,0,0,0,1,0,0,0,2653,0.003939705000000001,0,0.0,4,1.8239999999999998e-05,0.003957945000000001,1.933513879776001
BenchmarkTest01262.java,0,CWE-79,CWE-79,1,0,1,0,0,0,1,0,0,0,2458,0.00365013,0,0.0,4,1.8239999999999998e-05,0.0036683700000000002,4.05974006652832
BenchmarkTest01263.java,0,CWE-79,CWE-79,1,0,1,0,0,0,1,0,0,0,2515,0.003734775,0,0.0,4,1.8239999999999998e-05,0.003753015,4.021219968795776
BenchmarkTest01264.java,0,CWE-79,CWE-79,1,1,0,1,0,0,0,0,1,0,2437,0.003618945,0,0.0,3,1.368e-05,0.003632625,3.4589555263519287
BenchmarkTest01265.java,0,CWE-79,CWE-79,1,0,0,1,0,0,0,1,0,0,2488,0.00369468,0,0.0,4,1.8239999999999998e-05,0.00371292,1.3020193576812744
BenchmarkTest01266.java,0,CWE-79,CWE-79,1,0,1,0,0,0,1,0,0,0,2467,0.0036634950000000006,0,0.0,4,1.8239999999999998e-05,0.0036817350000000006,1.3083903789520264
BenchmarkTest01267.java,0,CWE-79,CWE-79,1,0,1,0,0,0,1,0,0,0,2505,0.0037199250000000002,0,0.0,4,1.8239999999999998e-05,0.0037381650000000003,1.2022552490234375
BenchmarkTest01268.java,0,CWE-79,CWE-79,1,0,1,0,0,0,1,0,0,0,2679,0.003978315,0,0.0,4,1.8239999999999998e-05,0.003996555,1.3006184101104736
BenchmarkTest01269.java,0,CWE-78,CWE-78,1,0,0,1,0,0,0,1,0,0,2159,0.0032061150000000003,0,0.0,4,1.8239999999999998e-05,0.0032243550000000004,1.126631498336792
BenchmarkTest01270.java,0,CWE-78,CWE-78,1,0,1,0,0,0,1,0,0,0,2152,0.0031957200000000004,0,0.0,4,1.8239999999999998e-05,0.0032139600000000005,1.639664888381958
BenchmarkTest01271.java,0,CWE-330,CWE-330,1,0,1,0,0,0,1,0,0,0,2635,0.003912975,0,0.0,4,1.8239999999999998e-05,0.003931215,1.5534908771514893
BenchmarkTest01272.java,0,CWE-330,CWE-330,1,0,1,0,0,0,1,0,0,0,2391,0.0035506350000000003,0,0.0,4,1.8239999999999998e-05,0.0035688750000000004,1.4514403343200684
BenchmarkTest01273.java,0,CWE-330,CWE-330,1,0,1,0,0,0,1,0,0,0,2411,0.003580335,0,0.0,4,1.8239999999999998e-05,0.003598575,1.1850261688232422
BenchmarkTest01274.java,0,CWE-330,CWE-330,1,0,1,0,0,0,1,0,0,0,2370,0.0035194500000000004,0,0.0,4,1.8239999999999998e-05,0.0035376900000000005,1.2923684120178223
BenchmarkTest01275.java,0,CWE-330,CWE-330,1,0,1,0,0,0,1,0,0,0,2391,0.0035506350000000003,0,0.0,4,1.8239999999999998e-05,0.0035688750000000004,1.5849134922027588
BenchmarkTest01276.java,0,CWE-330,CWE-330,1,0,1,0,0,0,1,0,0,0,2593,0.0038506050000000004,0,0.0,4,1.8239999999999998e-05,0.0038688450000000005,1.5248486995697021
BenchmarkTest01277.java,0,CWE-330,CWE-330,1,0,1,0,0,0,1,0,0,0,2396,0.0035580600000000005,0,0.0,4,1.8239999999999998e-05,0.0035763000000000006,1.2288365364074707
BenchmarkTest01278.java,0,CWE-330,CWE-330,1,0,1,0,0,0,1,0,0,0,2402,0.0035669700000000005,0,0.0,4,1.8239999999999998e-05,0.0035852100000000006,1.1498212814331055
BenchmarkTest01279.java,0,CWE-330,CWE-330,1,0,1,0,0,0,1,0,0,0,2404,0.00356994,0,0.0,4,1.8239999999999998e-05,0.0035881800000000003,61.63728094100952
BenchmarkTest01280.java,0,CWE-614,CWE-614,1,0,1,0,0,0,1,0,0,0,2198,0.0032640300000000002,0,0.0,4,1.8239999999999998e-05,0.0032822700000000003,1.1698319911956787
BenchmarkTest01281.java,0,CWE-614,CWE-614,1,0,1,0,0,0,1,0,0,0,2169,0.003220965,0,0.0,4,1.8239999999999998e-05,0.003239205,2.37870454788208
BenchmarkTest01282.java,0,CWE-614,CWE-614,1,0,1,0,0,0,1,0,0,0,2189,0.0032506650000000002,0,0.0,4,1.8239999999999998e-05,0.0032689050000000003,1.817197561264038
BenchmarkTest01283.java,0,CWE-614,CWE-614,1,0,1,0,0,0,1,0,0,0,2187,0.003247695,0,0.0,4,1.8239999999999998e-05,0.003265935,1.6820504665374756
BenchmarkTest01284.java,0,CWE-79,CWE-79,1,0,1,0,0,0,1,0,0,0,2493,0.003702105,0,0.0,4,1.8239999999999998e-05,0.003720345,3.0975358486175537
BenchmarkTest01285.java,0,CWE-78,CWE-78,1,0,1,0,0,0,1,0,0,0,2158,0.00320463,0,0.0,4,1.8239999999999998e-05,0.00322287,1.5849425792694092
BenchmarkTest01286.java,0,CWE-78,CWE-78,1,0,1,0,0,0,1,0,0,0,2263,0.0033605550000000003,0,0.0,4,1.8239999999999998e-05,0.0033787950000000004,1.2811706066131592
BenchmarkTest01287.java,0,CWE-78,CWE-78,1,0,1,0,0,0,1,0,0,0,2085,0.003096225,0,0.0,4,1.8239999999999998e-05,0.0031144650000000003,1.5926952362060547
BenchmarkTest01288.java,0,CWE-78,CWE-78,1,0,1,0,0,0,1,0,0,0,2129,0.003161565,0,0.0,4,1.8239999999999998e-05,0.003179805,1.2302591800689697
BenchmarkTest01289.java,0,CWE-78,CWE-78,1,0,0,1,0,0,0,1,0,0,2172,0.00322542,0,0.0,4,1.8239999999999998e-05,0.00324366,1.1443564891815186
BenchmarkTest01290.java,0,CWE-78,CWE-78,1,0,0,1,0,0,0,1,0,0,2062,0.00306207,0,0.0,4,1.8239999999999998e-05,0.00308031,1.1889498233795166
BenchmarkTest01291.java,0,CWE-330,,,,0,0,1,0,0,0,1,0,,,,,,,,
BenchmarkTest01292.java,0,CWE-330,,,,0,0,1,0,0,0,1,0,,,,,,,,
BenchmarkTest01293.java,0,CWE-330,,,,0,0,1,0,0,0,1,0,,,,,,,,
BenchmarkTest01294.java,0,CWE-330,,,,0,0,1,0,0,0,1,0,,,,,,,,
BenchmarkTest01295.java,0,CWE-330,,,,0,0,1,0,0,0,1,0,,,,,,,,
BenchmarkTest01296.java,0,CWE-330,,,,0,0,1,0,0,0,1,0,,,,,,,,
BenchmarkTest01297.java,0,CWE-330,,,,0,0,1,0,0,0,1,0,,,,,,,,
BenchmarkTest01298.java,0,CWE-330,,,,0,0,1,0,0,0,1,0,,,,,,,,
BenchmarkTest01301.java,0,CWE-89,CWE-89,1,0,0,1,0,0,0,1,0,0,2317,0.0034407450000000003,0,0.0,4,1.8239999999999998e-05,0.0034589850000000004,1.1754977703094482
BenchmarkTest01302.java,0,CWE-89,CWE-89,1,0,1,0,0,0,1,0,0,0,2144,0.0031838400000000003,0,0.0,4,1.8239999999999998e-05,0.0032020800000000004,1.0240612030029297
BenchmarkTest01303.java,0,CWE-89,CWE-89,1,0,0,1,0,0,0,1,0,0,2132,0.00316602,0,0.0,4,1.8239999999999998e-05,0.00318426,1.0105912685394287
BenchmarkTest01304.java,0,CWE-89,CWE-89,1,0,1,0,0,0,1,0,0,0,2161,0.003209085,0,0.0,4,1.8239999999999998e-05,0.003227325,1.2742705345153809
BenchmarkTest01305.java,0,CWE-89,CWE-89,1,0,0,1,0,0,0,1,0,0,2099,0.0031170150000000003,0,0.0,4,1.8239999999999998e-05,0.0031352550000000004,1.303945779800415
BenchmarkTest01306.java,0,CWE-89,CWE-89,1,0,1,0,0,0,1,0,0,0,2116,0.00314226,0,0.0,4,1.8239999999999998e-05,0.0031605,1.0873911380767822
BenchmarkTest01307.java,0,CWE-89,CWE-89,1,0,0,1,0,0,0,1,0,0,2100,0.0031185,0,0.0,4,1.8239999999999998e-05,0.0031367400000000003,1.067450761795044
BenchmarkTest01308.java,0,CWE-89,,,,0,0,0,1,0,0,0,1,,,,,,,,
BenchmarkTest01309.java,0,CWE-89,,,,0,0,1,0,0,0,1,0,,,,,,,,
BenchmarkTest01310.java,0,CWE-89,CWE-89,1,0,0,1,0,0,0,1,0,0,2094,0.00310959,0,0.0,4,1.8239999999999998e-05,0.0031278300000000003,1.1801106929779053
BenchmarkTest01311.java,0,CWE-89,CWE-89,1,0,1,0,0,0,1,0,0,0,2061,0.003060585,0,0.0,4,1.8239999999999998e-05,0.0030788250000000003,2.1372129917144775
BenchmarkTest01312.java,0,CWE-89,CWE-89,1,0,1,0,0,0,1,0,0,0,2151,0.003194235,0,0.0,4,1.8239999999999998e-05,0.0032124750000000002,3.125234365463257
BenchmarkTest01313.java,0,CWE-89,CWE-89,1,0,1,0,0,0,1,0,0,0,2092,0.0031066200000000005,0,0.0,4,1.8239999999999998e-05,0.0031248600000000006,2.2014927864074707
BenchmarkTest01314.java,0,CWE-89,CWE-89,1,0,1,0,0,0,1,0,0,0,2063,0.0030635550000000004,0,0.0,4,1.8239999999999998e-05,0.0030817950000000005,1.0773310661315918
BenchmarkTest01315.java,0,CWE-89,CWE-89,1,0,0,1,0,0,0,1,0,0,2076,0.00308286,0,0.0,4,1.8239999999999998e-05,0.0031011000000000003,1.105410099029541
BenchmarkTest01316.java,0,CWE-643,CWE-643,1,0,1,0,0,0,1,0,0,0,2167,0.0032179950000000004,0,0.0,4,1.8239999999999998e-05,0.0032362350000000005,1.5615227222442627
BenchmarkTest01317.java,0,CWE-327,CWE-327,1,0,1,0,0,0,1,0,0,0,2814,0.00417879,0,0.0,4,1.8239999999999998e-05,0.00419703,1.1450493335723877
BenchmarkTest01318.java,0,CWE-327,CWE-327,1,0,1,0,0,0,1,0,0,0,2997,0.004450545,0,0.0,4,1.8239999999999998e-05,0.004468785,1.1722619533538818
BenchmarkTest01319.java,0,CWE-327,,,,0,0,1,0,0,0,1,0,,,,,,,,
BenchmarkTest01320.java,0,CWE-327,CWE-327,1,0,1,0,0,0,1,0,0,0,2862,0.004250070000000001,0,0.0,4,1.8239999999999998e-05,0.004268310000000001,1.2981364727020264
BenchmarkTest01321.java,0,CWE-327,,,,0,0,1,0,0,0,1,0,,,,,,,,
BenchmarkTest01322.java,0,CWE-327,CWE-327,1,0,1,0,0,0,1,0,0,0,2450,0.0036382500000000004,0,0.0,4,1.8239999999999998e-05,0.0036564900000000005,1.1552300453186035
BenchmarkTest01323.java,0,CWE-327,CWE-327,1,0,1,0,0,0,1,0,0,0,2539,0.0037704150000000005,0,0.0,4,1.8239999999999998e-05,0.0037886550000000006,1.341641902923584
BenchmarkTest01324.java,0,CWE-327,,,,0,0,1,0,0,0,1,0,,,,,,,,
BenchmarkTest01325.java,0,CWE-327,CWE-327,1,0,1,0,0,0,1,0,0,0,2560,0.0038016000000000005,0,0.0,4,1.8239999999999998e-05,0.0038198400000000006,1.1657130718231201
BenchmarkTest01326.java,0,CWE-90,CWE-90,1,0,1,0,0,0,1,0,0,0,2463,0.0036575550000000003,0,0.0,4,1.8239999999999998e-05,0.0036757950000000004,1.7010397911071777
BenchmarkTest01327.java,0,CWE-90,CWE-90,1,0,0,1,0,0,0,1,0,0,2512,0.00373032,0,0.0,4,1.8239999999999998e-05,0.00374856,1.116577386856079
BenchmarkTest01328.java,0,CWE-22,CWE-23,0,0,0,1,0,0,0,1,0,0,2753,0.004088205,0,0.0,4,1.8239999999999998e-05,0.004106445,1.6196129322052002
BenchmarkTest01329.java,0,CWE-22,CWE-23,0,0,1,0,0,0,1,0,0,0,2584,0.0038372400000000004,0,0.0,4,1.8239999999999998e-05,0.0038554800000000005,1.5879383087158203
BenchmarkTest01330.java,0,CWE-22,CWE-23,0,0,1,0,0,0,1,0,0,0,2436,0.00361746,0,0.0,4,1.8239999999999998e-05,0.0036357,1.5774452686309814
BenchmarkTest01331.java,0,CWE-22,CWE-23,0,0,0,1,0,0,0,1,0,0,2465,0.003660525,0,0.0,4,1.8239999999999998e-05,0.003678765,3.1313047409057617
BenchmarkTest01332.java,0,CWE-328,,,,0,0,1,0,0,0,1,0,,,,,,,,
BenchmarkTest01333.java,0,CWE-328,CWE-916,0,0,1,0,0,0,1,0,0,0,2392,0.00355212,0,0.0,4,1.8239999999999998e-05,0.0035703600000000003,2.0770158767700195
BenchmarkTest01334.java,0,CWE-328,CWE-916,0,0,1,0,0,0,1,0,0,0,2438,0.0036204300000000004,0,0.0,4,1.8239999999999998e-05,0.0036386700000000005,1.3096179962158203
BenchmarkTest01335.java,0,CWE-79,CWE-79,1,0,1,0,0,0,1,0,0,0,2615,0.0038832750000000003,0,0.0,4,1.8239999999999998e-05,0.0039015150000000004,1.5235953330993652
BenchmarkTest01336.java,0,CWE-79,CWE-79,1,0,0,1,0,0,0,1,0,0,2506,0.0037214100000000005,0,0.0,4,1.8239999999999998e-05,0.0037396500000000006,1.1491270065307617
BenchmarkTest01337.java,0,CWE-79,CWE-79,1,0,1,0,0,0,1,0,0,0,2487,0.0036931950000000002,0,0.0,4,1.8239999999999998e-05,0.0037114350000000003,1.0516088008880615
BenchmarkTest01338.java,0,CWE-79,CWE-79,1,0,0,1,0,0,0,1,0,0,2526,0.00375111,0,0.0,4,1.8239999999999998e-05,0.0037693500000000003,1.0590922832489014
BenchmarkTest01339.java,0,CWE-79,CWE-79,1,1,0,1,0,0,0,0,1,0,2465,0.003660525,0,0.0,3,1.368e-05,0.003674205,1.252852201461792
BenchmarkTest01340.java,0,CWE-79,CWE-79,1,1,0,1,0,0,0,0,1,0,2554,0.00379269,0,0.0,3,1.368e-05,0.00380637,1.140105962753296
BenchmarkTest01341.java,0,CWE-79,CWE-79,1,0,0,1,0,0,0,1,0,0,2744,0.00407484,0,0.0,4,1.8239999999999998e-05,0.00409308,1.204756498336792
BenchmarkTest01342.java,0,CWE-79,CWE-79,1,1,0,1,0,0,0,0,1,0,2496,0.0037065600000000002,0,0.0,3,1.368e-05,0.00372024,1.1178314685821533
BenchmarkTest01343.java,0,CWE-79,CWE-79,1,0,0,1,0,0,0,1,0,0,2539,0.0037704150000000005,0,0.0,4,1.8239999999999998e-05,0.0037886550000000006,1.1467301845550537
BenchmarkTest01344.java,0,CWE-79,CWE-79,1,0,0,1,0,0,0,1,0,0,2565,0.003809025,0,0.0,4,1.8239999999999998e-05,0.0038272650000000003,1.1681010723114014
BenchmarkTest01345.java,0,CWE-79,CWE-79,1,0,0,1,0,0,0,1,0,0,2488,0.00369468,0,0.0,4,1.8239999999999998e-05,0.00371292,1.3652806282043457
BenchmarkTest01346.java,0,CWE-79,CWE-79,1,0,1,0,0,0,1,0,0,0,2546,0.0037808100000000003,0,0.0,4,1.8239999999999998e-05,0.0037990500000000004,1.3476979732513428
BenchmarkTest01347.java,0,CWE-79,CWE-79,1,0,1,0,0,0,1,0,0,0,2681,0.003981285,0,0.0,4,1.8239999999999998e-05,0.003999525,4.171976566314697
BenchmarkTest01348.java,0,CWE-79,CWE-79,1,1,0,1,0,0,0,0,1,0,2463,0.0036575550000000003,0,0.0,3,1.368e-05,0.003671235,2.52241587638855
BenchmarkTest01349.java,0,CWE-79,CWE-79,1,0,1,0,0,0,1,0,0,0,2478,0.0036798300000000003,0,0.0,4,1.8239999999999998e-05,0.0036980700000000003,2.03104567527771
BenchmarkTest01350.java,0,CWE-79,CWE-79,1,0,1,0,0,0,1,0,0,0,2515,0.003734775,0,0.0,4,1.8239999999999998e-05,0.003753015,0.9856724739074707
BenchmarkTest01351.java,0,CWE-79,CWE-79,1,1,0,1,0,0,0,0,1,0,2497,0.003708045,0,0.0,3,1.368e-05,0.003721725,1.591252326965332
BenchmarkTest01352.java,0,CWE-79,CWE-79,1,1,0,1,0,0,0,0,1,0,2465,0.003660525,0,0.0,3,1.368e-05,0.003674205,1.0887231826782227
BenchmarkTest01353.java,0,CWE-78,CWE-78,1,0,0,1,0,0,0,1,0,0,2236,0.00332046,0,0.0,4,1.8239999999999998e-05,0.0033387,1.233870029449463
BenchmarkTest01354.java,0,CWE-330,CWE-330,1,0,1,0,0,0,1,0,0,0,2441,0.0036248850000000004,0,0.0,4,1.8239999999999998e-05,0.0036431250000000005,1.3905613422393799
BenchmarkTest01355.java,0,CWE-330,CWE-330,1,0,1,0,0,0,1,0,0,0,2442,0.0036263700000000003,0,0.0,4,1.8239999999999998e-05,0.0036446100000000004,1.4721481800079346
BenchmarkTest01356.java,0,CWE-330,CWE-330,1,0,1,0,0,0,1,0,0,0,2459,0.0036516150000000004,0,0.0,4,1.8239999999999998e-05,0.0036698550000000005,1.5491912364959717
BenchmarkTest01357.java,0,CWE-330,CWE-330,1,0,1,0,0,0,1,0,0,0,2452,0.00364122,0,0.0,4,1.8239999999999998e-05,0.0036594600000000002,1.0935001373291016
BenchmarkTest01358.java,0,CWE-330,CWE-330,1,0,1,0,0,0,1,0,0,0,2464,0.0036590400000000006,0,0.0,4,1.8239999999999998e-05,0.0036772800000000007,1.2865581512451172
BenchmarkTest01359.java,0,CWE-614,,,,0,0,1,0,0,0,1,0,,,,,,,,
BenchmarkTest01360.java,0,CWE-78,CWE-78,1,0,1,0,0,0,1,0,0,0,2219,0.003295215,0,0.0,4,1.8239999999999998e-05,0.0033134550000000003,1.6886398792266846
BenchmarkTest01361.java,0,CWE-78,CWE-78,1,0,1,0,0,0,1,0,0,0,2064,0.00306504,0,0.0,4,1.8239999999999998e-05,0.0030832800000000003,1.1138195991516113
BenchmarkTest01362.java,0,CWE-78,CWE-78,1,0,1,0,0,0,1,0,0,0,2335,0.0034674750000000002,0,0.0,4,1.8239999999999998e-05,0.0034857150000000003,4.552439212799072
BenchmarkTest01363.java,0,CWE-78,CWE-78,1,0,1,0,0,0,1,0,0,0,2109,0.003131865,0,0.0,4,1.8239999999999998e-05,0.0031501050000000003,2.03700590133667
BenchmarkTest01364.java,0,CWE-78,CWE-78,1,0,0,1,0,0,0,1,0,0,2098,0.00311553,0,0.0,4,1.8239999999999998e-05,0.00313377,1.531304121017456
BenchmarkTest01365.java,0,CWE-78,CWE-78,1,0,0,1,0,0,0,1,0,0,2191,0.0032536350000000004,0,0.0,4,1.8239999999999998e-05,0.0032718750000000005,1.153367280960083
BenchmarkTest01366.java,0,CWE-330,,,,0,0,1,0,0,0,1,0,,,,,,,,
BenchmarkTest01367.java,0,CWE-330,,,,0,0,1,0,0,0,1,0,,,,,,,,
BenchmarkTest01368.java,0,CWE-330,,,,0,0,1,0,0,0,1,0,,,,,,,,
BenchmarkTest01369.java,0,CWE-330,,,,0,0,1,0,0,0,1,0,,,,,,,,
BenchmarkTest01370.java,0,CWE-330,,,,0,0,1,0,0,0,1,0,,,,,,,,
BenchmarkTest01371.java,0,CWE-330,,,,0,0,1,0,0,0,1,0,,,,,,,,
BenchmarkTest01372.java,0,CWE-330,,,,0,0,1,0,0,0,1,0,,,,,,,,
BenchmarkTest01373.java,0,CWE-330,,,,0,0,1,0,0,0,1,0,,,,,,,,
BenchmarkTest01378.java,0,CWE-89,CWE-89,1,0,0,1,0,0,0,1,0,0,2350,0.0034897500000000007,0,0.0,4,1.8239999999999998e-05,0.0035079900000000008,1.6739459037780762
BenchmarkTest01379.java,0,CWE-89,CWE-89,1,0,1,0,0,0,1,0,0,0,2183,0.0032417550000000002,0,0.0,4,1.8239999999999998e-05,0.0032599950000000003,1.0859887599945068
BenchmarkTest01380.java,0,CWE-89,CWE-89,1,0,0,1,0,0,0,1,0,0,2153,0.0031972050000000003,0,0.0,4,1.8239999999999998e-05,0.0032154450000000004,1.056347131729126
BenchmarkTest01381.java,0,CWE-89,CWE-89,1,0,1,0,0,0,1,0,0,0,2126,0.0031571100000000003,0,0.0,4,1.8239999999999998e-05,0.0031753500000000004,1.098595142364502
BenchmarkTest01382.java,0,CWE-89,CWE-89,1,0,1,0,0,0,1,0,0,0,2130,0.00316305,0,0.0,4,1.8239999999999998e-05,0.0031812900000000002,1.5586588382720947
BenchmarkTest01383.java,0,CWE-89,CWE-89,1,0,1,0,0,0,1,0,0,0,2145,0.003185325,0,0.0,4,1.8239999999999998e-05,0.0032035650000000002,1.2865400314331055
BenchmarkTest01384.java,0,CWE-89,CWE-89,1,0,1,0,0,0,1,0,0,0,2124,0.00315414,0,0.0,4,1.8239999999999998e-05,0.0031723800000000003,1.125525712966919
BenchmarkTest01385.java,0,CWE-89,CWE-89,1,0,0,1,0,0,0,1,0,0,2186,0.0032462100000000002,0,0.0,4,1.8239999999999998e-05,0.0032644500000000003,1.0741205215454102
BenchmarkTest01386.java,0,CWE-89,,,,0,0,1,0,0,0,1,0,,,,,,,,
BenchmarkTest01387.java,0,CWE-89,,,,0,0,1,0,0,0,1,0,,,,,,,,
BenchmarkTest01388.java,0,CWE-89,,,,0,0,0,1,0,0,0,1,,,,,,,,
BenchmarkTest01389.java,0,CWE-89,,,,0,0,1,0,0,0,1,0,,,,,,,,
BenchmarkTest01390.java,0,CWE-89,,,,0,0,0,1,0,0,0,1,,,,,,,,
BenchmarkTest01391.java,0,CWE-89,CWE-89,1,0,1,0,0,0,1,0,0,0,2152,0.0031957200000000004,0,0.0,4,1.8239999999999998e-05,0.0032139600000000005,1.0769877433776855
BenchmarkTest01392.java,0,CWE-89,CWE-89,1,0,0,1,0,0,0,1,0,0,2103,0.003122955,0,0.0,4,1.8239999999999998e-05,0.0031411950000000003,1.1041486263275146
BenchmarkTest01393.java,0,CWE-89,CWE-89,1,0,0,1,0,0,0,1,0,0,2314,0.0034362900000000003,0,0.0,4,1.8239999999999998e-05,0.0034545300000000004,1.278095006942749
BenchmarkTest01394.java,0,CWE-89,CWE-89,1,0,1,0,0,0,1,0,0,0,2168,0.00321948,0,0.0,4,1.8239999999999998e-05,0.00323772,4.24099588394165
BenchmarkTest01395.java,0,CWE-89,CWE-89,1,0,1,0,0,0,1,0,0,0,2102,0.0031214700000000003,0,0.0,4,1.8239999999999998e-05,0.0031397100000000004,3.103487491607666
BenchmarkTest01396.java,0,CWE-89,CWE-89,1,0,1,0,0,0,1,0,0,0,2105,0.0031259250000000003,0,0.0,4,1.8239999999999998e-05,0.0031441650000000004,3.8460941314697266
BenchmarkTest01397.java,0,CWE-643,CWE-643,1,0,0,1,0,0,0,1,0,0,2201,0.0032684850000000002,0,0.0,4,1.8239999999999998e-05,0.0032867250000000003,1.5499892234802246
BenchmarkTest01398.java,0,CWE-327,CWE-327,1,0,1,0,0,0,1,0,0,0,3123,0.004637655000000001,0,0.0,4,1.8239999999999998e-05,0.004655895000000001,1.5319304466247559
BenchmarkTest01399.java,0,CWE-327,,,,0,0,1,0,0,0,1,0,,,,,,,,
BenchmarkTest01400.java,0,CWE-327,,,,0,0,1,0,0,0,1,0,,,,,,,,
BenchmarkTest01401.java,0,CWE-327,,,,0,0,1,0,0,0,1,0,,,,,,,,
BenchmarkTest01402.java,0,CWE-90,CWE-90,1,0,0,1,0,0,0,1,0,0,2507,0.0037228950000000004,0,0.0,4,1.8239999999999998e-05,0.0037411350000000005,1.1932711601257324
BenchmarkTest01403.java,0,CWE-22,CWE-23,0,0,1,0,0,0,1,0,0,0,2476,0.00367686,0,0.0,4,1.8239999999999998e-05,0.0036951,1.2549552917480469
BenchmarkTest01404.java,0,CWE-22,CWE-23,0,0,0,1,0,0,0,1,0,0,2671,0.003966435000000001,0,0.0,4,1.8239999999999998e-05,0.003984675000000001,3.0908524990081787
BenchmarkTest01405.java,0,CWE-22,CWE-23,0,0,1,0,0,0,1,0,0,0,2588,0.0038431800000000003,0,0.0,4,1.8239999999999998e-05,0.0038614200000000004,1.0633893013000488
BenchmarkTest01406.java,0,CWE-22,CWE-23,0,0,0,1,0,0,0,1,0,0,2612,0.0038788200000000003,0,0.0,4,1.8239999999999998e-05,0.0038970600000000004,1.0540142059326172
BenchmarkTest01407.java,0,CWE-22,CWE-23,0,0,0,1,0,0,0,1,0,0,2468,0.00366498,0,0.0,4,1.8239999999999998e-05,0.00368322,1.2495455741882324
BenchmarkTest01408.java,0,CWE-22,CWE-23,0,0,1,0,0,0,1,0,0,0,2502,0.0037154700000000002,0,0.0,4,1.8239999999999998e-05,0.0037337100000000003,1.5425491333007812
BenchmarkTest01409.java,0,CWE-22,CWE-23,0,0,0,1,0,0,0,1,0,0,2703,0.0040139550000000005,0,0.0,4,1.8239999999999998e-05,0.004032195000000001,9.557038307189941
BenchmarkTest01410.java,0,CWE-328,,,,0,0,1,0,0,0,1,0,,,,,,,,
BenchmarkTest01411.java,0,CWE-328,CWE-916,0,0,1,0,0,0,1,0,0,0,2551,0.003788235,0,0.0,4,1.8239999999999998e-05,0.003806475,9.508624076843262
BenchmarkTest01412.java,0,CWE-328,,,,0,0,1,0,0,0,1,0,,,,,,,,
BenchmarkTest01413.java,0,CWE-328,,,,0,0,1,0,0,0,1,0,,,,,,,,
BenchmarkTest01414.java,0,CWE-328,,,,0,0,0,1,0,0,0,1,,,,,,,,
BenchmarkTest01415.java,0,CWE-328,,,,0,0,0,1,0,0,0,1,,,,,,,,
BenchmarkTest01416.java,0,CWE-328,,,,0,0,0,1,0,0,0,1,,,,,,,,
BenchmarkTest01417.java,0,CWE-79,CWE-79,1,0,1,0,0,0,1,0,0,0,2602,0.0038639700000000004,0,0.0,4,1.8239999999999998e-05,0.0038822100000000005,1.0393049716949463
BenchmarkTest01418.java,0,CWE-79,CWE-79,1,0,1,0,0,0,1,0,0,0,2600,0.0038610000000000003,0,0.0,4,1.8239999999999998e-05,0.0038792400000000004,1.1556639671325684
BenchmarkTest01419.java,0,CWE-79,CWE-79,1,0,0,1,0,0,0,1,0,0,2587,0.003841695,0,0.0,4,1.8239999999999998e-05,0.003859935,6.5901501178741455
BenchmarkTest01420.java,0,CWE-79,CWE-79,1,1,0,1,0,0,0,0,1,0,2541,0.003773385,0,0.0,3,1.368e-05,0.003787065,1.2519323825836182
BenchmarkTest01421.java,0,CWE-79,CWE-79,1,0,0,1,0,0,0,1,0,0,2591,0.0038476350000000003,0,0.0,4,1.8239999999999998e-05,0.0038658750000000004,1.2444756031036377
BenchmarkTest01422.java,0,CWE-79,CWE-79,1,0,0,1,0,0,0,1,0,0,2649,0.0039337650000000005,0,0.0,4,1.8239999999999998e-05,0.003952005000000001,1.3918561935424805
BenchmarkTest01423.java,0,CWE-79,CWE-79,1,0,1,0,0,0,1,0,0,0,2547,0.003782295,0,0.0,4,1.8239999999999998e-05,0.0038005350000000003,1.2506294250488281
BenchmarkTest01424.java,0,CWE-79,CWE-79,1,0,1,0,0,0,1,0,0,0,2573,0.0038209050000000003,0,0.0,4,1.8239999999999998e-05,0.0038391450000000004,1.2025365829467773
BenchmarkTest01425.java,0,CWE-79,CWE-79,1,0,0,1,0,0,0,1,0,0,2608,0.00387288,0,0.0,4,1.8239999999999998e-05,0.00389112,1.2525596618652344
BenchmarkTest01426.java,0,CWE-79,CWE-79,1,0,1,0,0,0,1,0,0,0,2613,0.003880305,0,0.0,4,1.8239999999999998e-05,0.0038985450000000002,1.2115838527679443
BenchmarkTest01427.java,0,CWE-79,CWE-79,1,0,1,0,0,0,1,0,0,0,2522,0.00374517,0,0.0,4,1.8239999999999998e-05,0.00376341,1.2272286415100098
BenchmarkTest01428.java,0,CWE-79,CWE-79,1,0,1,0,0,0,1,0,0,0,2528,0.0037540800000000004,0,0.0,4,1.8239999999999998e-05,0.0037723200000000004,1.662332534790039
BenchmarkTest01429.java,0,CWE-79,CWE-79,1,0,1,0,0,0,1,0,0,0,2615,0.0038832750000000003,0,0.0,4,1.8239999999999998e-05,0.0039015150000000004,1.4530904293060303
BenchmarkTest01430.java,0,CWE-78,CWE-78,1,0,1,0,0,0,1,0,0,0,2280,0.0033858,0,0.0,4,1.8239999999999998e-05,0.00340404,1.148503303527832
BenchmarkTest01431.java,0,CWE-330,CWE-330,1,0,1,0,0,0,1,0,0,0,2491,0.003699135,0,0.0,4,1.8239999999999998e-05,0.003717375,1.3332877159118652
BenchmarkTest01432.java,0,CWE-330,CWE-330,1,0,1,0,0,0,1,0,0,0,2545,0.0037793250000000005,0,0.0,4,1.8239999999999998e-05,0.0037975650000000006,3.3256781101226807
BenchmarkTest01433.java,0,CWE-330,CWE-330,1,0,1,0,0,0,1,0,0,0,2503,0.0037169550000000005,0,0.0,4,1.8239999999999998e-05,0.0037351950000000006,3.0675294399261475
BenchmarkTest01434.java,0,CWE-330,CWE-330,1,0,1,0,0,0,1,0,0,0,2498,0.0037095300000000004,0,0.0,4,1.8239999999999998e-05,0.0037277700000000005,2.0391201972961426
BenchmarkTest01435.java,0,CWE-330,CWE-330,1,0,1,0,0,0,1,0,0,0,2479,0.003681315,0,0.0,4,1.8239999999999998e-05,0.003699555,1.526660680770874
BenchmarkTest01436.java,0,CWE-614,,,,0,0,1,0,0,0,1,0,,,,,,,,
BenchmarkTest01437.java,0,CWE-79,CWE-79,1,0,1,0,0,0,1,0,0,0,2594,0.0038520900000000003,0,0.0,4,1.8239999999999998e-05,0.0038703300000000004,1.4305126667022705
BenchmarkTest01438.java,0,CWE-79,CWE-79,1,0,1,0,0,0,1,0,0,0,2756,0.004092660000000001,0,0.0,4,1.8239999999999998e-05,0.004110900000000001,1.9110944271087646
BenchmarkTest01439.java,0,CWE-79,CWE-79,1,1,0,1,0,0,0,0,1,0,2631,0.0039070350000000005,0,0.0,3,1.368e-05,0.003920715000000001,1.2153728008270264
BenchmarkTest01440.java,0,CWE-78,CWE-78,1,0,0,1,0,0,0,1,0,0,2224,0.0033026400000000003,0,0.0,4,1.8239999999999998e-05,0.0033208800000000004,1.16176438331604
BenchmarkTest01441.java,0,CWE-78,CWE-78,1,0,1,0,0,0,1,0,0,0,2328,0.0034570800000000004,0,0.0,4,1.8239999999999998e-05,0.0034753200000000005,1.0910747051239014
BenchmarkTest01442.java,0,CWE-78,CWE-78,1,0,1,0,0,0,1,0,0,0,2227,0.0033070950000000003,0,0.0,4,1.8239999999999998e-05,0.0033253350000000004,1.130659818649292
BenchmarkTest01443.java,0,CWE-78,CWE-78,1,0,0,1,0,0,0,1,0,0,2238,0.0033234300000000005,0,0.0,4,1.8239999999999998e-05,0.0033416700000000006,1.1449902057647705
BenchmarkTest01444.java,0,CWE-78,CWE-78,1,0,0,1,0,0,0,1,0,0,2192,0.0032551200000000002,0,0.0,4,1.8239999999999998e-05,0.0032733600000000003,1.0327410697937012
BenchmarkTest01445.java,0,CWE-78,CWE-78,1,0,0,1,0,0,0,1,0,0,2227,0.0033070950000000003,0,0.0,4,1.8239999999999998e-05,0.0033253350000000004,1.671501636505127
BenchmarkTest01446.java,0,CWE-78,CWE-78,1,0,1,0,0,0,1,0,0,0,2271,0.0033724350000000004,0,0.0,4,1.8239999999999998e-05,0.0033906750000000005,1.1025729179382324
BenchmarkTest01447.java,0,CWE-330,,,,0,0,1,0,0,0,1,0,,,,,,,,
BenchmarkTest01448.java,0,CWE-330,,,,0,0,1,0,0,0,1,0,,,,,,,,
BenchmarkTest01449.java,0,CWE-330,CWE-330,1,0,0,1,0,0,0,1,0,0,2622,0.00389367,0,0.0,4,1.8239999999999998e-05,0.00391191,1.1085517406463623
BenchmarkTest01450.java,0,CWE-330,,,,0,0,1,0,0,0,1,0,,,,,,,,
BenchmarkTest01451.java,0,CWE-330,,,,0,0,1,0,0,0,1,0,,,,,,,,
BenchmarkTest01452.java,0,CWE-330,,,,0,0,1,0,0,0,1,0,,,,,,,,
BenchmarkTest01453.java,0,CWE-330,,,,0,0,1,0,0,0,1,0,,,,,,,,
BenchmarkTest01459.java,0,CWE-89,CWE-89,1,0,0,1,0,0,0,1,0,0,2210,0.0032818500000000002,0,0.0,4,1.8239999999999998e-05,0.0033000900000000003,1.133751392364502
BenchmarkTest01460.java,0,CWE-89,CWE-89,1,0,1,0,0,0,1,0,0,0,2254,0.00334719,0,0.0,4,1.8239999999999998e-05,0.00336543,1.6164381504058838
BenchmarkTest01461.java,0,CWE-89,CWE-89,1,0,0,1,0,0,0,1,0,0,2271,0.0033724350000000004,0,0.0,4,1.8239999999999998e-05,0.0033906750000000005,1.0884404182434082
BenchmarkTest01462.java,0,CWE-89,CWE-89,1,0,1,0,0,0,1,0,0,0,2189,0.0032506650000000002,0,0.0,4,1.8239999999999998e-05,0.0032689050000000003,1.3633601665496826
BenchmarkTest01463.java,0,CWE-89,CWE-89,1,0,1,0,0,0,1,0,0,0,2219,0.003295215,0,0.0,4,1.8239999999999998e-05,0.0033134550000000003,1.119842290878296
BenchmarkTest01464.java,0,CWE-89,CWE-89,1,0,1,0,0,0,1,0,0,0,2290,0.0034006500000000003,0,0.0,4,1.8239999999999998e-05,0.0034188900000000004,1.529191017150879
BenchmarkTest01465.java,0,CWE-89,,,,0,0,0,1,0,0,0,1,,,,,,,,
BenchmarkTest01466.java,0,CWE-89,CWE-89,1,0,1,0,0,0,1,0,0,0,2401,0.003565485,0,0.0,4,1.8239999999999998e-05,0.0035837250000000003,1.1395199298858643
BenchmarkTest01467.java,0,CWE-89,,,,0,0,1,0,0,0,1,0,,,,,,,,
BenchmarkTest01468.java,0,CWE-89,,,,0,0,1,0,0,0,1,0,,,,,,,,
BenchmarkTest01469.java,0,CWE-89,,,,0,0,1,0,0,0,1,0,,,,,,,,
BenchmarkTest01470.java,0,CWE-89,,,,0,0,0,1,0,0,0,1,,,,,,,,
BenchmarkTest01471.java,0,CWE-89,CWE-89,1,0,1,0,0,0,1,0,0,0,2245,0.0033338250000000003,0,0.0,4,1.8239999999999998e-05,0.0033520650000000004,1.1348590850830078
BenchmarkTest01472.java,0,CWE-89,CWE-89,1,0,0,1,0,0,0,1,0,0,2382,0.0035372700000000003,0,0.0,4,1.8239999999999998e-05,0.0035555100000000004,1.2875969409942627
BenchmarkTest01473.java,0,CWE-89,CWE-89,1,0,1,0,0,0,1,0,0,0,2166,0.00321651,0,0.0,4,1.8239999999999998e-05,0.00323475,2.0094268321990967
BenchmarkTest01474.java,0,CWE-89,CWE-89,1,0,1,0,0,0,1,0,0,0,2199,0.0032655150000000005,0,0.0,4,1.8239999999999998e-05,0.0032837550000000006,1.9908726215362549
BenchmarkTest01475.java,0,CWE-89,CWE-89,1,0,1,0,0,0,1,0,0,0,2176,0.00323136,0,0.0,4,1.8239999999999998e-05,0.0032496,2.0056028366088867
BenchmarkTest01476.java,0,CWE-89,CWE-89,1,0,1,0,0,0,1,0,0,0,2179,0.003235815,0,0.0,4,1.8239999999999998e-05,0.003254055,44.60196590423584
BenchmarkTest01477.java,0,CWE-89,CWE-89,1,0,1,0,0,0,1,0,0,0,2233,0.003316005,0,0.0,4,1.8239999999999998e-05,0.003334245,2.540687084197998
BenchmarkTest01478.java,0,CWE-643,CWE-643,1,0,1,0,0,0,1,0,0,0,2358,0.00350163,0,0.0,4,1.8239999999999998e-05,0.00351987,1.487797737121582
BenchmarkTest01479.java,0,CWE-643,CWE-643,1,0,0,1,0,0,0,1,0,0,2370,0.0035194500000000004,0,0.0,4,1.8239999999999998e-05,0.0035376900000000005,1.2498998641967773
BenchmarkTest01480.java,0,CWE-327,CWE-327,1,0,1,0,0,0,1,0,0,0,2982,0.004428270000000001,0,0.0,4,1.8239999999999998e-05,0.004446510000000001,1.2650890350341797
BenchmarkTest01481.java,0,CWE-327,,,,0,0,1,0,0,0,1,0,,,,,,,,
BenchmarkTest01482.java,0,CWE-327,,,,0,0,1,0,0,0,1,0,,,,,,,,
BenchmarkTest01483.java,0,CWE-327,CWE-327,1,0,1,0,0,0,1,0,0,0,2877,0.004272345,0,0.0,4,1.8239999999999998e-05,0.004290585,1.3274447917938232
BenchmarkTest01484.java,0,CWE-327,CWE-327,1,0,1,0,0,0,1,0,0,0,2826,0.004196610000000001,0,0.0,4,1.8239999999999998e-05,0.004214850000000001,1.304638385772705
BenchmarkTest01485.java,0,CWE-327,,,,0,0,1,0,0,0,1,0,,,,,,,,
BenchmarkTest01486.java,0,CWE-327,CWE-327,1,0,1,0,0,0,1,0,0,0,2483,0.003687255,0,0.0,4,1.8239999999999998e-05,0.003705495,1.1776156425476074
BenchmarkTest01487.java,0,CWE-327,,,,0,0,1,0,0,0,1,0,,,,,,,,
BenchmarkTest01488.java,0,CWE-327,,,,0,0,1,0,0,0,1,0,,,,,,,,
BenchmarkTest01489.java,0,CWE-327,CWE-327,1,0,1,0,0,0,1,0,0,0,2467,0.0036634950000000006,0,0.0,4,1.8239999999999998e-05,0.0036817350000000006,1.6555819511413574
BenchmarkTest01490.java,0,CWE-90,,,,0,0,0,1,0,0,0,1,,,,,,,,
BenchmarkTest01491.java,0,CWE-90,,,,0,0,1,0,0,0,1,0,,,,,,,,
BenchmarkTest01492.java,0,CWE-90,,,,0,0,1,0,0,0,1,0,,,,,,,,
BenchmarkTest01493.java,0,CWE-22,,,,0,0,1,0,0,0,1,0,,,,,,,,
BenchmarkTest01494.java,0,CWE-22,,,,0,0,0,1,0,0,0,1,,,,,,,,
BenchmarkTest01495.java,0,CWE-22,,,,0,0,0,1,0,0,0,1,,,,,,,,
BenchmarkTest01496.java,0,CWE-22,,,,0,0,0,1,0,0,0,1,,,,,,,,
BenchmarkTest01497.java,0,CWE-22,,,,0,0,0,1,0,0,0,1,,,,,,,,
BenchmarkTest01498.java,0,CWE-22,,,,0,0,0,1,0,0,0,1,,,,,,,,
BenchmarkTest01499.java,0,CWE-22,,,,0,0,1,0,0,0,1,0,,,,,,,,
BenchmarkTest01500.java,0,CWE-22,,,,0,0,0,1,0,0,0,1,,,,,,,,
BenchmarkTest01501.java,0,CWE-90,,,,0,0,0,1,0,0,0,1,,,,,,,,
BenchmarkTest01502.java,0,CWE-330,CWE-330,1,0,1,0,0,0,1,0,0,0,2665,0.003957525,0,0.0,4,1.8239999999999998e-05,0.003975765,1.188237190246582
BenchmarkTest01503.java,0,CWE-328,CWE-916,0,0,1,0,0,0,1,0,0,0,2586,0.00384021,0,0.0,4,1.8239999999999998e-05,0.0038584500000000002,1.167649745941162
BenchmarkTest01504.java,0,CWE-328,CWE-916,0,0,1,0,0,0,1,0,0,0,2402,0.0035669700000000005,0,0.0,4,1.8239999999999998e-05,0.0035852100000000006,1.1238930225372314
BenchmarkTest01505.java,0,CWE-79,,,,0,0,0,1,0,0,0,1,,,,,,,,
BenchmarkTest01506.java,0,CWE-79,,,,0,0,0,1,0,0,0,1,,,,,,,,
BenchmarkTest01507.java,0,CWE-79,,,,0,0,0,1,0,0,0,1,,,,,,,,
BenchmarkTest01508.java,0,CWE-79,,,,0,0,1,0,0,0,1,0,,,,,,,,
BenchmarkTest01509.java,0,CWE-79,,,,0,0,0,1,0,0,0,1,,,,,,,,
BenchmarkTest01510.java,0,CWE-79,,,,0,0,0,1,0,0,0,1,,,,,,,,
BenchmarkTest01511.java,0,CWE-79,,,,0,0,0,1,0,0,0,1,,,,,,,,
BenchmarkTest01512.java,0,CWE-79,,,,0,0,0,1,0,0,0,1,,,,,,,,
BenchmarkTest01513.java,0,CWE-79,,,,0,0,1,0,0,0,1,0,,,,,,,,
BenchmarkTest01514.java,0,CWE-79,,,,0,0,1,0,0,0,1,0,,,,,,,,
BenchmarkTest01515.java,0,CWE-79,,,,0,0,1,0,0,0,1,0,,,,,,,,
BenchmarkTest01516.java,0,CWE-78,,,,0,0,1,0,0,0,1,0,,,,,,,,
BenchmarkTest01517.java,0,CWE-78,,,,0,0,0,1,0,0,0,1,,,,,,,,
BenchmarkTest01518.java,0,CWE-330,CWE-330,1,0,1,0,0,0,1,0,0,0,2653,0.003939705000000001,0,0.0,4,1.8239999999999998e-05,0.003957945000000001,1.1524062156677246
BenchmarkTest01519.java,0,CWE-330,CWE-330,1,0,1,0,0,0,1,0,0,0,2482,0.0036857700000000005,0,0.0,4,1.8239999999999998e-05,0.0037040100000000006,1.3332269191741943
BenchmarkTest01520.java,0,CWE-330,CWE-330,1,0,1,0,0,0,1,0,0,0,2498,0.0037095300000000004,0,0.0,4,1.8239999999999998e-05,0.0037277700000000005,3.4712095260620117
BenchmarkTest01521.java,0,CWE-614,CWE-614,1,0,1,0,0,0,1,0,0,0,2201,0.0032684850000000002,0,0.0,4,1.8239999999999998e-05,0.0032867250000000003,2.614682197570801
BenchmarkTest01522.java,0,CWE-614,,,,0,0,1,0,0,0,1,0,,,,,,,,
BenchmarkTest01523.java,0,CWE-614,,,,0,0,1,0,0,0,1,0,,,,,,,,
BenchmarkTest01524.java,0,CWE-614,,,,0,0,1,0,0,0,1,0,,,,,,,,
BenchmarkTest01525.java,0,CWE-79,,,,0,0,0,1,0,0,0,1,,,,,,,,
BenchmarkTest01526.java,0,CWE-78,,,,0,0,1,0,0,0,1,0,,,,,,,,
BenchmarkTest01527.java,0,CWE-78,,,,0,0,1,0,0,0,1,0,,,,,,,,
BenchmarkTest01528.java,0,CWE-78,,,,0,0,1,0,0,0,1,0,,,,,,,,
BenchmarkTest01529.java,0,CWE-78,,,,0,0,1,0,0,0,1,0,,,,,,,,
BenchmarkTest01530.java,0,CWE-78,,,,0,0,1,0,0,0,1,0,,,,,,,,
BenchmarkTest01531.java,0,CWE-78,,,,0,0,0,1,0,0,0,1,,,,,,,,
BenchmarkTest01532.java,0,CWE-78,,,,0,0,1,0,0,0,1,0,,,,,,,,
BenchmarkTest01533.java,0,CWE-78,,,,0,0,0,1,0,0,0,1,,,,,,,,
BenchmarkTest01534.java,0,CWE-330,,,,0,0,1,0,0,0,1,0,,,,,,,,
BenchmarkTest01535.java,0,CWE-330,,,,0,0,1,0,0,0,1,0,,,,,,,,
BenchmarkTest01536.java,0,CWE-330,,,,0,0,1,0,0,0,1,0,,,,,,,,
BenchmarkTest01537.java,0,CWE-330,CWE-330,1,1,0,1,0,0,0,0,1,0,2603,0.0038654550000000003,0,0.0,3,1.368e-05,0.003879135,1.5670719146728516
BenchmarkTest01538.java,0,CWE-330,,,,0,0,1,0,0,0,1,0,,,,,,,,
BenchmarkTest01539.java,0,CWE-330,,,,0,0,1,0,0,0,1,0,,,,,,,,
BenchmarkTest01540.java,0,CWE-330,,,,0,0,1,0,0,0,1,0,,,,,,,,
BenchmarkTest01541.java,0,CWE-330,,,,0,0,1,0,0,0,1,0,,,,,,,,
BenchmarkTest01542.java,0,CWE-330,,,,0,0,1,0,0,0,1,0,,,,,,,,
BenchmarkTest01543.java,0,CWE-330,,,,0,0,1,0,0,0,1,0,,,,,,,,
BenchmarkTest01544.java,0,CWE-330,,,,0,0,1,0,0,0,1,0,,,,,,,,
BenchmarkTest01545.java,0,CWE-330,,,,0,0,1,0,0,0,1,0,,,,,,,,
BenchmarkTest01552.java,0,CWE-89,,,,0,0,0,1,0,0,0,1,,,,,,,,
BenchmarkTest01553.java,0,CWE-89,,,,0,0,1,0,0,0,1,0,,,,,,,,
BenchmarkTest01554.java,0,CWE-89,,,,0,0,0,1,0,0,0,1,,,,,,,,
BenchmarkTest01555.java,0,CWE-89,,,,0,0,1,0,0,0,1,0,,,,,,,,
BenchmarkTest01556.java,0,CWE-89,,,,0,0,1,0,0,0,1,0,,,,,,,,
BenchmarkTest01557.java,0,CWE-89,,,,0,0,0,1,0,0,0,1,,,,,,,,
BenchmarkTest01558.java,0,CWE-89,,,,0,0,0,1,0,0,0,1,,,,,,,,
BenchmarkTest01559.java,0,CWE-89,,,,0,0,0,1,0,0,0,1,,,,,,,,
BenchmarkTest01560.java,0,CWE-89,,,,0,0,0,1,0,0,0,1,,,,,,,,
BenchmarkTest01561.java,0,CWE-643,,,,0,0,0,1,0,0,0,1,,,,,,,,
BenchmarkTest01562.java,0,CWE-643,,,,0,0,1,0,0,0,1,0,,,,,,,,
BenchmarkTest01563.java,0,CWE-327,,,,0,0,1,0,0,0,1,0,,,,,,,,
BenchmarkTest01564.java,0,CWE-327,,,,0,0,1,0,0,0,1,0,,,,,,,,
BenchmarkTest01565.java,0,CWE-327,CWE-327,1,0,1,0,0,0,1,0,0,0,2454,0.00364419,0,0.0,4,1.8239999999999998e-05,0.00366243,1.6643826961517334
BenchmarkTest01566.java,0,CWE-327,CWE-327,1,0,1,0,0,0,1,0,0,0,2487,0.0036931950000000002,0,0.0,4,1.8239999999999998e-05,0.0037114350000000003,1.3435611724853516
BenchmarkTest01567.java,0,CWE-327,,,,0,0,1,0,0,0,1,0,,,,,,,,
BenchmarkTest01568.java,0,CWE-90,CWE-90,1,0,1,0,0,0,1,0,0,0,2427,0.0036040950000000003,0,0.0,4,1.8239999999999998e-05,0.0036223350000000004,1.2455618381500244
BenchmarkTest01569.java,0,CWE-90,CWE-90,1,0,0,1,0,0,0,1,0,0,2639,0.003918915,0,0.0,4,1.8239999999999998e-05,0.003937155,1.1315231323242188
BenchmarkTest01570.java,0,CWE-22,CWE-23,0,0,0,1,0,0,0,1,0,0,2396,0.0035580600000000005,0,0.0,4,1.8239999999999998e-05,0.0035763000000000006,1.2502479553222656
BenchmarkTest01571.java,0,CWE-22,CWE-23,0,0,1,0,0,0,1,0,0,0,2441,0.0036248850000000004,0,0.0,4,1.8239999999999998e-05,0.0036431250000000005,1.186945915222168
BenchmarkTest01572.java,0,CWE-22,CWE-23,0,0,1,0,0,0,1,0,0,0,2530,0.00375705,0,0.0,4,1.8239999999999998e-05,0.00377529,1.2077817916870117
BenchmarkTest01573.java,0,CWE-22,CWE-23,0,0,0,1,0,0,0,1,0,0,2564,0.0038075400000000003,0,0.0,4,1.8239999999999998e-05,0.0038257800000000004,1.0742268562316895
BenchmarkTest01574.java,0,CWE-22,CWE-23,0,0,0,1,0,0,0,1,0,0,2491,0.003699135,0,0.0,4,1.8239999999999998e-05,0.003717375,1.0994541645050049
BenchmarkTest01575.java,0,CWE-330,CWE-330,1,0,1,0,0,0,1,0,0,0,2503,0.0037169550000000005,0,0.0,4,1.8239999999999998e-05,0.0037351950000000006,1.364769458770752
BenchmarkTest01576.java,0,CWE-328,,,,0,0,1,0,0,0,1,0,,,,,,,,
BenchmarkTest01577.java,0,CWE-328,CWE-916,0,0,1,0,0,0,1,0,0,0,2376,0.00352836,0,0.0,4,1.8239999999999998e-05,0.0035466,1.1871614456176758
BenchmarkTest01578.java,0,CWE-328,,,,0,0,1,0,0,0,1,0,,,,,,,,
BenchmarkTest01579.java,0,CWE-328,,,,0,0,0,1,0,0,0,1,,,,,,,,
BenchmarkTest01580.java,0,CWE-328,,,,0,0,0,1,0,0,0,1,,,,,,,,
BenchmarkTest01581.java,0,CWE-328,,,,0,0,1,0,0,0,1,0,,,,,,,,
BenchmarkTest01582.java,0,CWE-328,,,,0,0,1,0,0,0,1,0,,,,,,,,
BenchmarkTest01583.java,0,CWE-79,CWE-79,1,0,1,0,0,0,1,0,0,0,2539,0.0037704150000000005,0,0.0,4,1.8239999999999998e-05,0.0037886550000000006,1.1001582145690918
BenchmarkTest01584.java,0,CWE-79,CWE-79,1,0,1,0,0,0,1,0,0,0,2496,0.0037065600000000002,0,0.0,4,1.8239999999999998e-05,0.0037248000000000003,1.6600236892700195
BenchmarkTest01585.java,0,CWE-79,CWE-79,1,0,0,1,0,0,0,1,0,0,2466,0.0036620100000000003,0,0.0,4,1.8239999999999998e-05,0.0036802500000000004,1.6098244190216064
BenchmarkTest01586.java,0,CWE-79,CWE-79,1,1,0,1,0,0,0,0,1,0,2457,0.0036486450000000003,0,0.0,3,1.368e-05,0.003662325,2.8894805908203125
BenchmarkTest01587.java,0,CWE-79,CWE-79,1,0,1,0,0,0,1,0,0,0,2492,0.0037006200000000004,0,0.0,4,1.8239999999999998e-05,0.0037188600000000005,2.7180678844451904
BenchmarkTest01588.java,0,CWE-79,CWE-79,1,0,0,1,0,0,0,1,0,0,2499,0.0037110150000000002,0,0.0,4,1.8239999999999998e-05,0.0037292550000000003,1.180041790008545
BenchmarkTest01589.java,0,CWE-79,CWE-79,1,0,1,0,0,0,1,0,0,0,2564,0.0038075400000000003,0,0.0,4,1.8239999999999998e-05,0.0038257800000000004,1.0187926292419434
BenchmarkTest01590.java,0,CWE-79,CWE-79,1,0,1,0,0,0,1,0,0,0,2455,0.003645675,0,0.0,4,1.8239999999999998e-05,0.0036639150000000002,1.1129484176635742
BenchmarkTest01591.java,0,CWE-79,CWE-79,1,0,0,1,0,0,0,1,0,0,2701,0.004010985,0,0.0,4,1.8239999999999998e-05,0.004029225,1.0605626106262207
BenchmarkTest01592.java,0,CWE-79,CWE-79,1,0,1,0,0,0,1,0,0,0,2470,0.00366795,0,0.0,4,1.8239999999999998e-05,0.00368619,1.0898046493530273
BenchmarkTest01593.java,0,CWE-79,CWE-79,1,0,0,1,0,0,0,1,0,0,2478,0.0036798300000000003,0,0.0,4,1.8239999999999998e-05,0.0036980700000000003,1.1350700855255127
BenchmarkTest01594.java,0,CWE-79,CWE-79,1,0,1,0,0,0,1,0,0,0,2463,0.0036575550000000003,0,0.0,4,1.8239999999999998e-05,0.0036757950000000004,1.474266767501831
BenchmarkTest01595.java,0,CWE-79,CWE-79,1,1,0,1,0,0,0,0,1,0,2456,0.0036471600000000004,0,0.0,3,1.368e-05,0.0036608400000000003,1.0117626190185547
BenchmarkTest01596.java,0,CWE-79,CWE-79,1,0,1,0,0,0,1,0,0,0,2487,0.0036931950000000002,0,0.0,4,1.8239999999999998e-05,0.0037114350000000003,1.1728508472442627
BenchmarkTest01597.java,0,CWE-79,CWE-79,1,0,1,0,0,0,1,0,0,0,2492,0.0037006200000000004,0,0.0,4,1.8239999999999998e-05,0.0037188600000000005,1.3421645164489746
BenchmarkTest01598.java,0,CWE-79,CWE-79,1,0,1,0,0,0,1,0,0,0,2671,0.003966435000000001,0,0.0,4,1.8239999999999998e-05,0.003984675000000001,1.6128790378570557
BenchmarkTest01599.java,0,CWE-79,CWE-79,1,0,0,1,0,0,0,1,0,0,2546,0.0037808100000000003,0,0.0,4,1.8239999999999998e-05,0.0037990500000000004,1.2198963165283203
BenchmarkTest01600.java,0,CWE-78,CWE-78,1,0,0,1,0,0,0,1,0,0,2205,0.003274425,0,0.0,4,1.8239999999999998e-05,0.003292665,1.4888741970062256
BenchmarkTest01601.java,0,CWE-78,CWE-78,1,0,1,0,0,0,1,0,0,0,2206,0.0032759100000000004,0,0.0,4,1.8239999999999998e-05,0.0032941500000000005,1.4835314750671387
BenchmarkTest01602.java,0,CWE-330,CWE-330,1,0,1,0,0,0,1,0,0,0,2497,0.003708045,0,0.0,4,1.8239999999999998e-05,0.003726285,2.61704421043396
BenchmarkTest01603.java,0,CWE-330,CWE-330,1,0,1,0,0,0,1,0,0,0,2629,0.003904065,0,0.0,4,1.8239999999999998e-05,0.003922305,2.6160478591918945
BenchmarkTest01604.java,0,CWE-614,,,,0,0,1,0,0,0,1,0,,,,,,,,
BenchmarkTest01605.java,0,CWE-614,,,,0,0,1,0,0,0,1,0,,,,,,,,
BenchmarkTest01606.java,0,CWE-78,CWE-78,1,0,0,1,0,0,0,1,0,0,2153,0.0031972050000000003,0,0.0,4,1.8239999999999998e-05,0.0032154450000000004,1.1827311515808105
BenchmarkTest01607.java,0,CWE-78,CWE-78,1,0,0,1,0,0,0,1,0,0,2307,0.0034258950000000004,0,0.0,4,1.8239999999999998e-05,0.0034441350000000005,1.4814441204071045
BenchmarkTest01608.java,0,CWE-78,CWE-78,1,0,0,1,0,0,0,1,0,0,2166,0.00321651,0,0.0,4,1.8239999999999998e-05,0.00323475,1.1075952053070068
BenchmarkTest01609.java,0,CWE-78,CWE-78,1,0,1,0,0,0,1,0,0,0,2206,0.0032759100000000004,0,0.0,4,1.8239999999999998e-05,0.0032941500000000005,1.118382453918457
BenchmarkTest01610.java,0,CWE-78,CWE-78,1,0,1,0,0,0,1,0,0,0,2193,0.003256605,0,0.0,4,1.8239999999999998e-05,0.003274845,0.9966516494750977
BenchmarkTest01611.java,0,CWE-330,,,,0,0,1,0,0,0,1,0,,,,,,,,
BenchmarkTest01612.java,0,CWE-330,,,,0,0,1,0,0,0,1,0,,,,,,,,
BenchmarkTest01613.java,0,CWE-330,,,,0,0,1,0,0,0,1,0,,,,,,,,
BenchmarkTest01614.java,0,CWE-330,,,,0,0,1,0,0,0,1,0,,,,,,,,
BenchmarkTest01620.java,0,CWE-89,CWE-89,1,0,1,0,0,0,1,0,0,0,2150,0.00319275,0,0.0,4,1.8239999999999998e-05,0.00321099,62.97302961349487
BenchmarkTest01621.java,0,CWE-89,CWE-89,1,0,1,0,0,0,1,0,0,0,2119,0.003146715,0,0.0,4,1.8239999999999998e-05,0.003164955,1.5122687816619873
BenchmarkTest01622.java,0,CWE-89,CWE-89,1,0,0,1,0,0,0,1,0,0,2173,0.0032269050000000004,0,0.0,4,1.8239999999999998e-05,0.0032451450000000005,1.0787935256958008
BenchmarkTest01623.java,0,CWE-89,CWE-89,1,0,1,0,0,0,1,0,0,0,2140,0.0031779,0,0.0,4,1.8239999999999998e-05,0.00319614,1.068908452987671
BenchmarkTest01624.java,0,CWE-89,CWE-89,1,0,1,0,0,0,1,0,0,0,2159,0.0032061150000000003,0,0.0,4,1.8239999999999998e-05,0.0032243550000000004,1.1839096546173096
BenchmarkTest01625.java,0,CWE-89,,,,0,0,0,1,0,0,0,1,,,,,,,,
BenchmarkTest01626.java,0,CWE-89,CWE-89,1,0,1,0,0,0,1,0,0,0,2149,0.0031912650000000004,0,0.0,4,1.8239999999999998e-05,0.0032095050000000005,1.6166932582855225
BenchmarkTest01627.java,0,CWE-89,CWE-89,1,0,1,0,0,0,1,0,0,0,2058,0.0030561300000000002,0,0.0,4,1.8239999999999998e-05,0.0030743700000000003,1.3855242729187012
BenchmarkTest01628.java,0,CWE-89,CWE-89,1,0,0,1,0,0,0,1,0,0,2144,0.0031838400000000003,0,0.0,4,1.8239999999999998e-05,0.0032020800000000004,2.9797165393829346
BenchmarkTest01629.java,0,CWE-89,CWE-89,1,0,0,1,0,0,0,1,0,0,2100,0.0031185,0,0.0,4,1.8239999999999998e-05,0.0031367400000000003,3.185990571975708
BenchmarkTest01630.java,0,CWE-89,CWE-89,1,0,1,0,0,0,1,0,0,0,2111,0.003134835,0,0.0,4,1.8239999999999998e-05,0.003153075,1.690258264541626
BenchmarkTest01631.java,0,CWE-89,CWE-89,1,0,1,0,0,0,1,0,0,0,2095,0.0031110750000000005,0,0.0,4,1.8239999999999998e-05,0.0031293150000000006,1.554340124130249
BenchmarkTest01632.java,0,CWE-643,CWE-643,1,0,0,1,0,0,0,1,0,0,2335,0.0034674750000000002,0,0.0,4,1.8239999999999998e-05,0.0034857150000000003,1.1792430877685547
BenchmarkTest01633.java,0,CWE-643,CWE-643,1,0,0,1,0,0,0,1,0,0,2403,0.0035684550000000003,0,0.0,4,1.8239999999999998e-05,0.0035866950000000004,1.1353850364685059
BenchmarkTest01634.java,0,CWE-327,CWE-327,1,0,1,0,0,0,1,0,0,0,3132,0.0046510200000000005,0,0.0,4,1.8239999999999998e-05,0.004669260000000001,1.2736051082611084
BenchmarkTest01635.java,0,CWE-327,,,,0,0,1,0,0,0,1,0,,,,,,,,
BenchmarkTest01636.java,0,CWE-327,,,,0,0,1,0,0,0,1,0,,,,,,,,
BenchmarkTest01637.java,0,CWE-327,CWE-327,1,0,1,0,0,0,1,0,0,0,3027,0.004495095,0,0.0,4,1.8239999999999998e-05,0.004513335,1.3310790061950684
BenchmarkTest01638.java,0,CWE-327,CWE-327,1,0,1,0,0,0,1,0,0,0,2813,0.004177305,0,0.0,4,1.8239999999999998e-05,0.004195545,1.3729662895202637
BenchmarkTest01639.java,0,CWE-327,CWE-327,1,0,1,0,0,0,1,0,0,0,2687,0.003990195,0,0.0,4,1.8239999999999998e-05,0.004008435,1.338608741760254
BenchmarkTest01640.java,0,CWE-327,,,,0,0,1,0,0,0,1,0,,,,,,,,
BenchmarkTest01641.java,0,CWE-327,CWE-327,1,0,1,0,0,0,1,0,0,0,2664,0.00395604,0,0.0,4,1.8239999999999998e-05,0.00397428,1.255476951599121
BenchmarkTest01642.java,0,CWE-22,CWE-23,0,0,1,0,0,0,1,0,0,0,2532,0.0037600200000000006,0,0.0,4,1.8239999999999998e-05,0.0037782600000000007,1.2331547737121582
BenchmarkTest01643.java,0,CWE-22,CWE-23,0,0,1,0,0,0,1,0,0,0,2669,0.003963465,0,0.0,4,1.8239999999999998e-05,0.003981705,1.2774722576141357
BenchmarkTest01644.java,0,CWE-22,CWE-23,0,0,0,1,0,0,0,1,0,0,2672,0.00396792,0,0.0,4,1.8239999999999998e-05,0.00398616,1.1625316143035889
BenchmarkTest01645.java,0,CWE-22,CWE-23,0,0,1,0,0,0,1,0,0,0,2679,0.003978315,0,0.0,4,1.8239999999999998e-05,0.003996555,2.0510802268981934
BenchmarkTest01646.java,0,CWE-22,CWE-23,0,0,0,1,0,0,0,1,0,0,2640,0.0039204,0,0.0,4,1.8239999999999998e-05,0.00393864,2.4521334171295166
BenchmarkTest01647.java,0,CWE-22,CWE-23,0,0,1,0,0,0,1,0,0,0,2561,0.003803085,0,0.0,4,1.8239999999999998e-05,0.003821325,2.580660820007324
BenchmarkTest01648.java,0,CWE-330,CWE-330,1,0,1,0,0,0,1,0,0,0,2561,0.003803085,0,0.0,4,1.8239999999999998e-05,0.003821325,2.5049808025360107
BenchmarkTest01649.java,0,CWE-328,CWE-916,0,0,1,0,0,0,1,0,0,0,2678,0.003976830000000001,0,0.0,4,1.8239999999999998e-05,0.003995070000000001,1.021310806274414
BenchmarkTest01650.java,0,CWE-328,CWE-916,0,0,1,0,0,0,1,0,0,0,2614,0.0038817900000000004,0,0.0,4,1.8239999999999998e-05,0.0039000300000000005,1.0418193340301514
BenchmarkTest01651.java,0,CWE-328,CWE-916,0,0,1,0,0,0,1,0,0,0,2589,0.0038446650000000006,0,0.0,4,1.8239999999999998e-05,0.0038629050000000007,1.4990825653076172
BenchmarkTest01652.java,0,CWE-328,,,,0,0,1,0,0,0,1,0,,,,,,,,
BenchmarkTest01653.java,0,CWE-328,CWE-916,0,0,1,0,0,0,1,0,0,0,2539,0.0037704150000000005,0,0.0,4,1.8239999999999998e-05,0.0037886550000000006,1.147585391998291
BenchmarkTest01654.java,0,CWE-328,,,,0,0,0,1,0,0,0,1,,,,,,,,
BenchmarkTest01655.java,0,CWE-328,,,,0,0,1,0,0,0,1,0,,,,,,,,
BenchmarkTest01656.java,0,CWE-328,,,,0,0,1,0,0,0,1,0,,,,,,,,
BenchmarkTest01657.java,0,CWE-79,CWE-79,1,0,1,0,0,0,1,0,0,0,2660,0.003950100000000001,0,0.0,4,1.8239999999999998e-05,0.003968340000000001,1.4381814002990723
BenchmarkTest01658.java,0,CWE-79,CWE-79,1,0,1,0,0,0,1,0,0,0,2608,0.00387288,0,0.0,4,1.8239999999999998e-05,0.00389112,1.5995757579803467
BenchmarkTest01659.java,0,CWE-79,CWE-79,1,1,0,1,0,0,0,0,1,0,2594,0.0038520900000000003,0,0.0,3,1.368e-05,0.00386577,1.1952617168426514
BenchmarkTest01660.java,0,CWE-79,CWE-79,1,0,1,0,0,0,1,0,0,0,2616,0.00388476,0,0.0,4,1.8239999999999998e-05,0.0039030000000000002,1.1430139541625977
BenchmarkTest01661.java,0,CWE-79,CWE-79,1,1,0,1,0,0,0,0,1,0,2627,0.0039010950000000003,0,0.0,3,1.368e-05,0.0039147750000000005,1.3660953044891357
BenchmarkTest01662.java,0,CWE-79,CWE-79,1,0,1,0,0,0,1,0,0,0,2661,0.003951585,0,0.0,4,1.8239999999999998e-05,0.003969825,1.428753137588501
BenchmarkTest01663.java,0,CWE-79,CWE-79,1,0,0,1,0,0,0,1,0,0,2698,0.00400653,0,0.0,4,1.8239999999999998e-05,0.00402477,1.8314142227172852
BenchmarkTest01664.java,0,CWE-79,CWE-79,1,0,0,1,0,0,0,1,0,0,2601,0.003862485,0,0.0,4,1.8239999999999998e-05,0.0038807250000000002,2.0298871994018555
BenchmarkTest01665.java,0,CWE-79,CWE-79,1,0,1,0,0,0,1,0,0,0,2607,0.0038713950000000006,0,0.0,4,1.8239999999999998e-05,0.0038896350000000007,1.6144940853118896
BenchmarkTest01666.java,1,CWE-79,CWE-79,1,0,1,0,0,0,0,0,0,0,0,0,0,0,0,0,0,0
BenchmarkTest01667.java,0,CWE-79,CWE-79,1,0,1,0,0,0,1,0,0,0,2672,0.00396792,0,0.0,4,1.8239999999999998e-05,0.00398616,2.0093960762023926
BenchmarkTest01668.java,0,CWE-79,CWE-79,1,0,0,1,0,0,0,1,0,0,2689,0.003993165000000001,0,0.0,4,1.8239999999999998e-05,0.004011405000000001,1.4649438858032227
BenchmarkTest01669.java,0,CWE-79,CWE-79,1,1,0,1,0,0,0,0,1,0,2599,0.0038595150000000004,0,0.0,3,1.368e-05,0.0038731950000000003,1.0436241626739502
BenchmarkTest01670.java,0,CWE-79,CWE-79,1,0,1,0,0,0,1,0,0,0,2591,0.0038476350000000003,0,0.0,4,1.8239999999999998e-05,0.0038658750000000004,1.182215929031372
BenchmarkTest01671.java,0,CWE-79,CWE-79,1,1,0,1,0,0,0,0,1,0,2603,0.0038654550000000003,0,0.0,3,1.368e-05,0.003879135,1.2286760807037354
BenchmarkTest01672.java,0,CWE-78,CWE-78,1,0,0,1,0,0,0,1,0,0,2321,0.0034466850000000005,0,0.0,4,1.8239999999999998e-05,0.0034649250000000006,1.0922105312347412
BenchmarkTest01673.java,0,CWE-78,CWE-78,1,0,1,0,0,0,1,0,0,0,2284,0.0033917400000000003,0,0.0,4,1.8239999999999998e-05,0.0034099800000000004,1.0634431838989258
BenchmarkTest01674.java,0,CWE-78,CWE-78,1,0,1,0,0,0,1,0,0,0,2317,0.0034407450000000003,0,0.0,4,1.8239999999999998e-05,0.0034589850000000004,1.665360927581787
BenchmarkTest01675.java,0,CWE-330,CWE-330,1,0,1,0,0,0,1,0,0,0,2638,0.00391743,0,0.0,4,1.8239999999999998e-05,0.0039356700000000005,1.62156343460083
BenchmarkTest01676.java,0,CWE-330,CWE-330,1,0,1,0,0,0,1,0,0,0,2584,0.0038372400000000004,0,0.0,4,1.8239999999999998e-05,0.0038554800000000005,1.653719425201416
BenchmarkTest01677.java,0,CWE-330,CWE-330,1,0,1,0,0,0,1,0,0,0,2615,0.0038832750000000003,0,0.0,4,1.8239999999999998e-05,0.0039015150000000004,1.4395942687988281
BenchmarkTest01678.java,0,CWE-330,CWE-330,1,0,1,0,0,0,1,0,0,0,2780,0.0041283000000000005,0,0.0,4,1.8239999999999998e-05,0.004146540000000001,1.170806646347046
BenchmarkTest01679.java,0,CWE-330,CWE-330,1,0,1,0,0,0,1,0,0,0,2563,0.0038060550000000005,0,0.0,4,1.8239999999999998e-05,0.0038242950000000006,1.0972411632537842
BenchmarkTest01680.java,0,CWE-330,CWE-330,1,0,1,0,0,0,1,0,0,0,2565,0.003809025,0,0.0,4,1.8239999999999998e-05,0.0038272650000000003,1.0908534526824951
BenchmarkTest01681.java,0,CWE-330,CWE-330,1,0,1,0,0,0,1,0,0,0,2625,0.0038981250000000005,0,0.0,4,1.8239999999999998e-05,0.003916365000000001,1.495863914489746
BenchmarkTest01682.java,0,CWE-614,CWE-614,1,0,1,0,0,0,1,0,0,0,2316,0.0034392600000000004,0,0.0,4,1.8239999999999998e-05,0.0034575000000000005,1.0255463123321533
BenchmarkTest01683.java,0,CWE-614,CWE-614,1,0,1,0,0,0,1,0,0,0,2348,0.00348678,0,0.0,4,1.8239999999999998e-05,0.00350502,1.9383516311645508
BenchmarkTest01684.java,0,CWE-614,,,,0,0,1,0,0,0,1,0,,,,,,,,
BenchmarkTest01685.java,0,CWE-78,CWE-78,1,0,1,0,0,0,1,0,0,0,2396,0.0035580600000000005,0,0.0,4,1.8239999999999998e-05,0.0035763000000000006,2.9341976642608643
BenchmarkTest01686.java,0,CWE-78,CWE-78,1,0,0,1,0,0,0,1,0,0,2227,0.0033070950000000003,0,0.0,4,1.8239999999999998e-05,0.0033253350000000004,1.1241047382354736
BenchmarkTest01687.java,0,CWE-78,CWE-78,1,0,0,1,0,0,0,1,0,0,2411,0.003580335,0,0.0,4,1.8239999999999998e-05,0.003598575,1.2370080947875977
BenchmarkTest01688.java,0,CWE-78,CWE-78,1,0,0,1,0,0,0,1,0,0,2305,0.0034229250000000003,0,0.0,4,1.8239999999999998e-05,0.0034411650000000004,1.0151638984680176
BenchmarkTest01689.java,0,CWE-78,CWE-78,1,0,1,0,0,0,1,0,0,0,2306,0.00342441,0,0.0,4,1.8239999999999998e-05,0.0034426500000000002,1.0291621685028076
BenchmarkTest01690.java,0,CWE-78,CWE-78,1,0,1,0,0,0,1,0,0,0,2193,0.003256605,0,0.0,4,1.8239999999999998e-05,0.003274845,1.0314948558807373
BenchmarkTest01691.java,0,CWE-78,CWE-78,1,0,1,0,0,0,1,0,0,0,2283,0.003390255,0,0.0,4,1.8239999999999998e-05,0.003408495,1.1396706104278564
BenchmarkTest01692.java,0,CWE-78,CWE-78,1,0,0,1,0,0,0,1,0,0,2525,0.0037496250000000004,0,0.0,4,1.8239999999999998e-05,0.0037678650000000004,1.0883235931396484
BenchmarkTest01693.java,0,CWE-78,CWE-78,1,0,0,1,0,0,0,1,0,0,2313,0.0034348050000000004,0,0.0,4,1.8239999999999998e-05,0.0034530450000000005,1.1184256076812744
BenchmarkTest01694.java,0,CWE-330,,,,0,0,1,0,0,0,1,0,,,,,,,,
BenchmarkTest01695.java,0,CWE-330,,,,0,0,1,0,0,0,1,0,,,,,,,,
BenchmarkTest01696.java,0,CWE-330,,,,0,0,1,0,0,0,1,0,,,,,,,,
BenchmarkTest01697.java,0,CWE-330,,,,0,0,1,0,0,0,1,0,,,,,,,,
BenchmarkTest01698.java,0,CWE-330,CWE-330,1,0,0,1,0,0,0,1,0,0,2877,0.004272345,0,0.0,4,1.8239999999999998e-05,0.004290585,1.3388302326202393
BenchmarkTest01699.java,0,CWE-330,CWE-330,1,1,0,1,0,0,0,0,1,0,2642,0.003923370000000001,0,0.0,3,1.368e-05,0.003937050000000001,1.3028907775878906
BenchmarkTest01700.java,0,CWE-330,CWE-330,1,1,0,1,0,0,0,0,1,0,2716,0.00403326,0,0.0,3,1.368e-05,0.004046940000000001,2.128756284713745
BenchmarkTest01701.java,0,CWE-330,,,,0,0,1,0,0,0,1,0,,,,,,,,
BenchmarkTest01702.java,0,CWE-330,,,,0,0,1,0,0,0,1,0,,,,,,,,
BenchmarkTest01703.java,0,CWE-330,,,,0,0,1,0,0,0,1,0,,,,,,,,
BenchmarkTest01704.java,0,CWE-330,,,,0,0,1,0,0,0,1,0,,,,,,,,
BenchmarkTest01705.java,0,CWE-330,,,,0,0,1,0,0,0,1,0,,,,,,,,
BenchmarkTest01706.java,0,CWE-330,,,,0,0,1,0,0,0,1,0,,,,,,,,
BenchmarkTest01707.java,0,CWE-330,,,,0,0,1,0,0,0,1,0,,,,,,,,
BenchmarkTest01712.java,0,CWE-89,CWE-89,1,0,1,0,0,0,1,0,0,0,2285,0.003393225,0,0.0,4,1.8239999999999998e-05,0.0034114650000000002,2.9858827590942383
BenchmarkTest01713.java,0,CWE-89,CWE-89,1,0,0,1,0,0,0,1,0,0,2302,0.0034184700000000003,0,0.0,4,1.8239999999999998e-05,0.0034367100000000004,2.162470817565918
BenchmarkTest01714.java,0,CWE-89,CWE-89,1,0,0,1,0,0,0,1,0,0,2264,0.0033620400000000006,0,0.0,4,1.8239999999999998e-05,0.0033802800000000007,1.0641686916351318
BenchmarkTest01715.java,0,CWE-89,CWE-89,1,0,1,0,0,0,1,0,0,0,2281,0.0033872850000000003,0,0.0,4,1.8239999999999998e-05,0.0034055250000000004,1.1225488185882568
BenchmarkTest01716.java,0,CWE-89,CWE-89,1,0,1,0,0,0,1,0,0,0,2281,0.0033872850000000003,0,0.0,4,1.8239999999999998e-05,0.0034055250000000004,1.1065869331359863
BenchmarkTest01717.java,0,CWE-89,CWE-89,1,0,0,1,0,0,0,1,0,0,2327,0.003455595,0,0.0,4,1.8239999999999998e-05,0.003473835,1.454758882522583
BenchmarkTest01718.java,0,CWE-89,CWE-89,1,0,1,0,0,0,1,0,0,0,2297,0.003411045,0,0.0,4,1.8239999999999998e-05,0.0034292850000000002,1.0094594955444336
BenchmarkTest01719.java,0,CWE-89,CWE-89,1,0,0,1,0,0,0,1,0,0,2295,0.0034080750000000004,0,0.0,4,1.8239999999999998e-05,0.0034263150000000005,1.0282227993011475
BenchmarkTest01720.java,0,CWE-89,,,,0,0,0,1,0,0,0,1,,,,,,,,
BenchmarkTest01721.java,0,CWE-89,CWE-89,1,0,1,0,0,0,1,0,0,0,2428,0.0036055800000000006,0,0.0,4,1.8239999999999998e-05,0.0036238200000000007,1.0964388847351074
BenchmarkTest01722.java,0,CWE-89,CWE-89,1,0,0,1,0,0,0,1,0,0,2497,0.003708045,0,0.0,4,1.8239999999999998e-05,0.003726285,1.1553022861480713
BenchmarkTest01723.java,0,CWE-89,,,,0,0,0,1,0,0,0,1,,,,,,,,
BenchmarkTest01724.java,0,CWE-89,,,,0,0,0,1,0,0,0,1,,,,,,,,
BenchmarkTest01725.java,0,CWE-89,,,,0,0,0,1,0,0,0,1,,,,,,,,
BenchmarkTest01726.java,0,CWE-89,,,,0,0,0,1,0,0,0,1,,,,,,,,
BenchmarkTest01727.java,0,CWE-89,CWE-89,1,0,1,0,0,0,1,0,0,0,2269,0.0033694650000000003,0,0.0,4,1.8239999999999998e-05,0.0033877050000000004,1.0146925449371338
BenchmarkTest01728.java,0,CWE-89,CWE-89,1,0,1,0,0,0,1,0,0,0,2229,0.003310065,0,0.0,4,1.8239999999999998e-05,0.003328305,1.0945959091186523
BenchmarkTest01729.java,0,CWE-89,CWE-89,1,0,0,1,0,0,0,1,0,0,2289,0.0033991650000000004,0,0.0,4,1.8239999999999998e-05,0.0034174050000000005,1.8558430671691895
BenchmarkTest01730.java,0,CWE-89,CWE-89,1,0,1,0,0,0,1,0,0,0,2266,0.0033650100000000003,0,0.0,4,1.8239999999999998e-05,0.0033832500000000004,1.490440845489502
BenchmarkTest01731.java,0,CWE-89,CWE-89,1,0,1,0,0,0,1,0,0,0,2291,0.003402135,0,0.0,4,1.8239999999999998e-05,0.0034203750000000002,3.2464330196380615
BenchmarkTest01732.java,0,CWE-89,CWE-89,1,0,0,1,0,0,0,1,0,0,2231,0.003313035,0,0.0,4,1.8239999999999998e-05,0.0033312750000000003,3.186999797821045
BenchmarkTest01733.java,0,CWE-89,CWE-89,1,0,1,0,0,0,1,0,0,0,2236,0.00332046,0,0.0,4,1.8239999999999998e-05,0.0033387,1.8731122016906738
BenchmarkTest01734.java,0,CWE-643,CWE-643,1,0,1,0,0,0,1,0,0,0,2420,0.0035937000000000005,0,0.0,4,1.8239999999999998e-05,0.0036119400000000005,1.093510389328003
BenchmarkTest01735.java,0,CWE-643,CWE-643,1,0,0,1,0,0,0,1,0,0,2423,0.003598155,0,0.0,4,1.8239999999999998e-05,0.003616395,1.006758451461792
BenchmarkTest01736.java,0,CWE-643,CWE-643,1,0,1,0,0,0,1,0,0,0,2358,0.00350163,0,0.0,4,1.8239999999999998e-05,0.00351987,1.1046853065490723
BenchmarkTest01737.java,0,CWE-327,,,,0,0,1,0,0,0,1,0,,,,,,,,
BenchmarkTest01738.java,0,CWE-327,,,,0,0,1,0,0,0,1,0,,,,,,,,
BenchmarkTest01739.java,0,CWE-327,,,,0,0,1,0,0,0,1,0,,,,,,,,
BenchmarkTest01740.java,0,CWE-327,CWE-327,1,0,1,0,0,0,1,0,0,0,2438,0.0036204300000000004,0,0.0,4,1.8239999999999998e-05,0.0036386700000000005,1.5289149284362793
BenchmarkTest01741.java,0,CWE-327,CWE-327,1,0,1,0,0,0,1,0,0,0,2486,0.00369171,0,0.0,4,1.8239999999999998e-05,0.00370995,1.2378475666046143
BenchmarkTest01742.java,0,CWE-327,CWE-327,1,0,1,0,0,0,1,0,0,0,2435,0.0036159750000000004,0,0.0,4,1.8239999999999998e-05,0.0036342150000000005,1.1755614280700684
BenchmarkTest01743.java,0,CWE-90,,,,0,0,1,0,0,0,1,0,,,,,,,,
BenchmarkTest01744.java,0,CWE-22,,,,0,0,1,0,0,0,1,0,,,,,,,,
BenchmarkTest01745.java,0,CWE-22,,,,0,0,1,0,0,0,1,0,,,,,,,,
BenchmarkTest01746.java,0,CWE-22,,,,0,0,1,0,0,0,1,0,,,,,,,,
BenchmarkTest01747.java,0,CWE-22,,,,0,0,1,0,0,0,1,0,,,,,,,,
BenchmarkTest01748.java,0,CWE-22,,,,0,0,1,0,0,0,1,0,,,,,,,,
BenchmarkTest01749.java,0,CWE-22,,,,0,0,1,0,0,0,1,0,,,,,,,,
BenchmarkTest01750.java,0,CWE-22,,,,0,0,1,0,0,0,1,0,,,,,,,,
BenchmarkTest01751.java,0,CWE-22,,,,0,0,1,0,0,0,1,0,,,,,,,,
BenchmarkTest01752.java,0,CWE-22,,,,0,0,1,0,0,0,1,0,,,,,,,,
BenchmarkTest01753.java,0,CWE-90,,,,0,0,1,0,0,0,1,0,,,,,,,,
BenchmarkTest01754.java,0,CWE-90,,,,0,0,1,0,0,0,1,0,,,,,,,,
BenchmarkTest01755.java,0,CWE-90,,,,0,0,1,0,0,0,1,0,,,,,,,,
BenchmarkTest01756.java,0,CWE-90,,,,0,0,1,0,0,0,1,0,,,,,,,,
BenchmarkTest01757.java,0,CWE-328,CWE-916,0,0,1,0,0,0,1,0,0,0,2541,0.003773385,0,0.0,4,1.8239999999999998e-05,0.0037916250000000003,1.0891227722167969
BenchmarkTest01758.java,0,CWE-328,,,,0,0,1,0,0,0,1,0,,,,,,,,
BenchmarkTest01759.java,0,CWE-328,,,,0,0,1,0,0,0,1,0,,,,,,,,
BenchmarkTest01760.java,0,CWE-328,,,,0,0,1,0,0,0,1,0,,,,,,,,
BenchmarkTest01761.java,0,CWE-328,CWE-916,0,0,1,0,0,0,1,0,0,0,2468,0.00366498,0,0.0,4,1.8239999999999998e-05,0.00368322,1.150533676147461
BenchmarkTest01762.java,0,CWE-328,,,,0,0,1,0,0,0,1,0,,,,,,,,
BenchmarkTest01763.java,0,CWE-328,,,,0,0,1,0,0,0,1,0,,,,,,,,
BenchmarkTest01764.java,0,CWE-328,,,,0,0,1,0,0,0,1,0,,,,,,,,
BenchmarkTest01765.java,0,CWE-328,,,,0,0,0,1,0,0,0,1,,,,,,,,
BenchmarkTest01766.java,0,CWE-328,,,,0,0,0,1,0,0,0,1,,,,,,,,
BenchmarkTest01767.java,0,CWE-79,,,,0,0,1,0,0,0,1,0,,,,,,,,
BenchmarkTest01768.java,0,CWE-79,,,,0,0,1,0,0,0,1,0,,,,,,,,
BenchmarkTest01769.java,0,CWE-79,,,,0,0,1,0,0,0,1,0,,,,,,,,
BenchmarkTest01770.java,0,CWE-79,,,,0,0,1,0,0,0,1,0,,,,,,,,
BenchmarkTest01771.java,0,CWE-79,,,,0,0,1,0,0,0,1,0,,,,,,,,
BenchmarkTest01772.java,0,CWE-79,,,,0,0,1,0,0,0,1,0,,,,,,,,
BenchmarkTest01773.java,0,CWE-79,,,,0,0,1,0,0,0,1,0,,,,,,,,
BenchmarkTest01774.java,0,CWE-79,,,,0,0,1,0,0,0,1,0,,,,,,,,
BenchmarkTest01775.java,0,CWE-79,,,,0,0,1,0,0,0,1,0,,,,,,,,
BenchmarkTest01776.java,0,CWE-79,,,,0,0,1,0,0,0,1,0,,,,,,,,
BenchmarkTest01777.java,0,CWE-79,,,,0,0,1,0,0,0,1,0,,,,,,,,
BenchmarkTest01778.java,0,CWE-78,,,,0,0,1,0,0,0,1,0,,,,,,,,
BenchmarkTest01779.java,0,CWE-78,,,,0,0,1,0,0,0,1,0,,,,,,,,
BenchmarkTest01780.java,0,CWE-78,,,,0,0,1,0,0,0,1,0,,,,,,,,
BenchmarkTest01781.java,0,CWE-330,CWE-330,1,0,1,0,0,0,1,0,0,0,2475,0.0036753750000000003,0,0.0,4,1.8239999999999998e-05,0.0036936150000000004,1.097890853881836
BenchmarkTest01782.java,0,CWE-330,CWE-330,1,0,1,0,0,0,1,0,0,0,2460,0.0036531000000000003,0,0.0,4,1.8239999999999998e-05,0.0036713400000000004,1.15079927444458
BenchmarkTest01783.java,0,CWE-330,CWE-330,1,0,1,0,0,0,1,0,0,0,2433,0.0036130050000000003,0,0.0,4,1.8239999999999998e-05,0.0036312450000000004,1.1417911052703857
BenchmarkTest01784.java,0,CWE-330,CWE-330,1,0,1,0,0,0,1,0,0,0,2449,0.003636765,0,0.0,4,1.8239999999999998e-05,0.0036550050000000002,1.0773119926452637
BenchmarkTest01785.java,0,CWE-330,CWE-330,1,0,1,0,0,0,1,0,0,0,2417,0.0035892450000000005,0,0.0,4,1.8239999999999998e-05,0.0036074850000000006,1.2202942371368408
BenchmarkTest01786.java,0,CWE-330,CWE-330,1,0,1,0,0,0,1,0,0,0,2451,0.0036397350000000003,0,0.0,4,1.8239999999999998e-05,0.0036579750000000004,2.652700185775757
BenchmarkTest01787.java,0,CWE-330,CWE-330,1,0,1,0,0,0,1,0,0,0,2393,0.003553605,0,0.0,4,1.8239999999999998e-05,0.003571845,2.0241096019744873
BenchmarkTest01788.java,0,CWE-330,CWE-330,1,0,1,0,0,0,1,0,0,0,2417,0.0035892450000000005,0,0.0,4,1.8239999999999998e-05,0.0036074850000000006,2.2303946018218994
BenchmarkTest01789.java,0,CWE-614,CWE-614,1,0,1,0,0,0,1,0,0,0,2204,0.0032729400000000002,0,0.0,4,1.8239999999999998e-05,0.0032911800000000003,1.8256440162658691
BenchmarkTest01790.java,0,CWE-79,,,,0,0,1,0,0,0,1,0,,,,,,,,
BenchmarkTest01791.java,0,CWE-78,,,,0,0,1,0,0,0,1,0,,,,,,,,
BenchmarkTest01792.java,0,CWE-78,,,,0,0,1,0,0,0,1,0,,,,,,,,
BenchmarkTest01793.java,0,CWE-78,,,,0,0,1,0,0,0,1,0,,,,,,,,
BenchmarkTest01794.java,0,CWE-78,,,,0,0,1,0,0,0,1,0,,,,,,,,
BenchmarkTest01795.java,0,CWE-78,,,,0,0,1,0,0,0,1,0,,,,,,,,
BenchmarkTest01796.java,0,CWE-78,,,,0,0,1,0,0,0,1,0,,,,,,,,
BenchmarkTest01797.java,0,CWE-330,,,,0,0,1,0,0,0,1,0,,,,,,,,
BenchmarkTest01798.java,0,CWE-330,,,,0,0,1,0,0,0,1,0,,,,,,,,
BenchmarkTest01799.java,0,CWE-330,,,,0,0,1,0,0,0,1,0,,,,,,,,
BenchmarkTest01800.java,0,CWE-330,,,,0,0,1,0,0,0,1,0,,,,,,,,
BenchmarkTest01801.java,0,CWE-330,,,,0,0,1,0,0,0,1,0,,,,,,,,
BenchmarkTest01803.java,0,CWE-89,,,,0,0,1,0,0,0,1,0,,,,,,,,
BenchmarkTest01804.java,0,CWE-89,,,,0,0,1,0,0,0,1,0,,,,,,,,
BenchmarkTest01805.java,0,CWE-89,,,,0,0,1,0,0,0,1,0,,,,,,,,
BenchmarkTest01806.java,0,CWE-89,,,,0,0,1,0,0,0,1,0,,,,,,,,
BenchmarkTest01807.java,0,CWE-89,,,,0,0,1,0,0,0,1,0,,,,,,,,
BenchmarkTest01808.java,0,CWE-89,,,,0,0,1,0,0,0,1,0,,,,,,,,
BenchmarkTest01809.java,0,CWE-89,,,,0,0,1,0,0,0,1,0,,,,,,,,
BenchmarkTest01810.java,0,CWE-89,,,,0,0,1,0,0,0,1,0,,,,,,,,
BenchmarkTest01811.java,0,CWE-89,,,,0,0,1,0,0,0,1,0,,,,,,,,
BenchmarkTest01812.java,0,CWE-89,,,,0,0,1,0,0,0,1,0,,,,,,,,
BenchmarkTest01813.java,0,CWE-89,,,,0,0,1,0,0,0,1,0,,,,,,,,
BenchmarkTest01814.java,0,CWE-89,,,,0,0,1,0,0,0,1,0,,,,,,,,
BenchmarkTest01815.java,0,CWE-89,,,,0,0,1,0,0,0,1,0,,,,,,,,
BenchmarkTest01816.java,0,CWE-89,,,,0,0,1,0,0,0,1,0,,,,,,,,
BenchmarkTest01817.java,0,CWE-89,,,,0,0,1,0,0,0,1,0,,,,,,,,
BenchmarkTest01818.java,0,CWE-89,,,,0,0,1,0,0,0,1,0,,,,,,,,
BenchmarkTest01819.java,0,CWE-89,,,,0,0,1,0,0,0,1,0,,,,,,,,
BenchmarkTest01820.java,0,CWE-89,,,,0,0,1,0,0,0,1,0,,,,,,,,
BenchmarkTest01821.java,0,CWE-643,,,,0,0,1,0,0,0,1,0,,,,,,,,
BenchmarkTest01822.java,0,CWE-327,CWE-327,1,0,1,0,0,0,1,0,0,0,2980,0.0044253,0,0.0,4,1.8239999999999998e-05,0.00444354,1.4324021339416504
BenchmarkTest01823.java,0,CWE-327,CWE-327,1,0,1,0,0,0,1,0,0,0,2932,0.00435402,0,0.0,4,1.8239999999999998e-05,0.00437226,1.3452470302581787
BenchmarkTest01824.java,0,CWE-327,,,,0,0,1,0,0,0,1,0,,,,,,,,
BenchmarkTest01825.java,0,CWE-327,,,,0,0,1,0,0,0,1,0,,,,,,,,
BenchmarkTest01826.java,0,CWE-327,,,,0,0,1,0,0,0,1,0,,,,,,,,
BenchmarkTest01827.java,0,CWE-327,,,,0,0,1,0,0,0,1,0,,,,,,,,
BenchmarkTest01828.java,0,CWE-327,,,,0,0,1,0,0,0,1,0,,,,,,,,
BenchmarkTest01829.java,0,CWE-327,CWE-327,1,0,1,0,0,0,1,0,0,0,2806,0.00416691,0,0.0,4,1.8239999999999998e-05,0.00418515,1.2522330284118652
BenchmarkTest01830.java,0,CWE-327,CWE-327,1,0,1,0,0,0,1,0,0,0,2615,0.0038832750000000003,0,0.0,4,1.8239999999999998e-05,0.0039015150000000004,1.170053243637085
BenchmarkTest01831.java,0,CWE-90,CWE-90,1,0,1,0,0,0,1,0,0,0,2606,0.0038699100000000003,0,0.0,4,1.8239999999999998e-05,0.0038881500000000004,1.4016149044036865
BenchmarkTest01832.java,0,CWE-90,CWE-90,1,0,1,0,0,0,1,0,0,0,2597,0.0038565450000000003,0,0.0,4,1.8239999999999998e-05,0.0038747850000000004,1.757730484008789
BenchmarkTest01833.java,0,CWE-22,CWE-23,0,0,1,0,0,0,1,0,0,0,2594,0.0038520900000000003,0,0.0,4,1.8239999999999998e-05,0.0038703300000000004,1.1085798740386963
BenchmarkTest01834.java,0,CWE-22,CWE-23,0,0,0,1,0,0,0,1,0,0,2596,0.0038550600000000004,0,0.0,4,1.8239999999999998e-05,0.0038733000000000005,1.0951311588287354
BenchmarkTest01835.java,0,CWE-22,CWE-23,0,0,1,0,0,0,1,0,0,0,2543,0.0037763550000000003,0,0.0,4,1.8239999999999998e-05,0.0037945950000000004,1.594376802444458
BenchmarkTest01836.java,0,CWE-22,CWE-23,0,0,1,0,0,0,1,0,0,0,2734,0.00405999,0,0.0,4,1.8239999999999998e-05,0.00407823,1.1595182418823242
BenchmarkTest01837.java,0,CWE-22,CWE-23,0,0,0,1,0,0,0,1,0,0,2695,0.004002075,0,0.0,4,1.8239999999999998e-05,0.004020315,1.4903666973114014
BenchmarkTest01838.java,0,CWE-22,CWE-23,0,0,0,1,0,0,0,1,0,0,2736,0.004062960000000001,0,0.0,4,1.8239999999999998e-05,0.004081200000000001,1.0431478023529053
BenchmarkTest01839.java,0,CWE-22,CWE-23,0,0,1,0,0,0,1,0,0,0,2575,0.0038238750000000005,0,0.0,4,1.8239999999999998e-05,0.0038421150000000005,1.9844300746917725
BenchmarkTest01840.java,0,CWE-22,CWE-23,0,0,1,0,0,0,1,0,0,0,2544,0.00377784,0,0.0,4,1.8239999999999998e-05,0.0037960800000000003,3.4996519088745117
BenchmarkTest01841.java,0,CWE-22,CWE-23,0,0,0,1,0,0,0,1,0,0,2748,0.00408078,0,0.0,4,1.8239999999999998e-05,0.00409902,2.4242677688598633
BenchmarkTest01842.java,0,CWE-330,CWE-330,1,0,1,0,0,0,1,0,0,0,2564,0.0038075400000000003,0,0.0,4,1.8239999999999998e-05,0.0038257800000000004,2.1063506603240967
BenchmarkTest01843.java,0,CWE-330,CWE-330,1,0,1,0,0,0,1,0,0,0,2629,0.003904065,0,0.0,4,1.8239999999999998e-05,0.003922305,2.1671526432037354
BenchmarkTest01844.java,0,CWE-328,CWE-916,0,0,1,0,0,0,1,0,0,0,2887,0.004287195000000001,0,0.0,4,1.8239999999999998e-05,0.004305435000000001,1.1993145942687988
BenchmarkTest01845.java,0,CWE-328,CWE-916,0,0,1,0,0,0,1,0,0,0,2674,0.00397089,0,0.0,4,1.8239999999999998e-05,0.0039891300000000005,1.1426167488098145
BenchmarkTest01846.java,0,CWE-328,CWE-916,0,0,1,0,0,0,1,0,0,0,2654,0.00394119,0,0.0,4,1.8239999999999998e-05,0.00395943,1.1383259296417236
BenchmarkTest01847.java,0,CWE-328,,,,0,0,1,0,0,0,1,0,,,,,,,,
BenchmarkTest01848.java,0,CWE-328,,,,0,0,1,0,0,0,1,0,,,,,,,,
BenchmarkTest01849.java,0,CWE-328,,,,0,0,1,0,0,0,1,0,,,,,,,,
BenchmarkTest01850.java,0,CWE-78,CWE-78,1,0,1,0,0,0,1,0,0,0,2322,0.00344817,0,0.0,4,1.8239999999999998e-05,0.00346641,1.166243076324463
BenchmarkTest01851.java,0,CWE-78,CWE-78,1,0,1,0,0,0,1,0,0,0,2384,0.00354024,0,0.0,4,1.8239999999999998e-05,0.00355848,1.0645971298217773
BenchmarkTest01852.java,0,CWE-78,CWE-78,1,0,1,0,0,0,1,0,0,0,2334,0.0034659900000000004,0,0.0,4,1.8239999999999998e-05,0.0034842300000000005,1.225165843963623
BenchmarkTest01853.java,0,CWE-330,CWE-330,1,0,1,0,0,0,1,0,0,0,2616,0.00388476,0,0.0,4,1.8239999999999998e-05,0.0039030000000000002,1.0769433975219727
BenchmarkTest01854.java,0,CWE-330,CWE-330,1,0,1,0,0,0,1,0,0,0,2809,0.004171365000000001,0,0.0,4,1.8239999999999998e-05,0.004189605000000001,1.6218788623809814
BenchmarkTest01855.java,0,CWE-330,CWE-330,1,0,1,0,0,0,1,0,0,0,2601,0.003862485,0,0.0,4,1.8239999999999998e-05,0.0038807250000000002,1.2679722309112549
BenchmarkTest01856.java,0,CWE-330,CWE-330,1,0,1,0,0,0,1,0,0,0,2539,0.0037704150000000005,0,0.0,4,1.8239999999999998e-05,0.0037886550000000006,2.2064454555511475
BenchmarkTest01857.java,0,CWE-330,CWE-330,1,0,1,0,0,0,1,0,0,0,2592,0.00384912,0,0.0,4,1.8239999999999998e-05,0.0038673600000000002,2.156820058822632
BenchmarkTest01858.java,0,CWE-330,CWE-330,1,0,1,0,0,0,1,0,0,0,2638,0.00391743,0,0.0,4,1.8239999999999998e-05,0.0039356700000000005,2.5817677974700928
BenchmarkTest01859.java,0,CWE-330,CWE-330,1,0,1,0,0,0,1,0,0,0,2553,0.003791205,0,0.0,4,1.8239999999999998e-05,0.0038094450000000003,2.298328161239624
BenchmarkTest01860.java,0,CWE-330,CWE-330,1,0,1,0,0,0,1,0,0,0,2551,0.003788235,0,0.0,4,1.8239999999999998e-05,0.003806475,1.0344572067260742
BenchmarkTest01861.java,0,CWE-614,CWE-614,1,1,1,0,0,0,0,0,0,1,2367,0.0035149950000000004,0,0.0,3,1.368e-05,0.003528675,1.371765375137329
BenchmarkTest01862.java,0,CWE-614,,,,0,0,1,0,0,0,1,0,,,,,,,,
BenchmarkTest01863.java,0,CWE-614,,,,0,0,1,0,0,0,1,0,,,,,,,,
BenchmarkTest01864.java,0,CWE-78,CWE-78,1,0,1,0,0,0,1,0,0,0,2307,0.0034258950000000004,0,0.0,4,1.8239999999999998e-05,0.0034441350000000005,1.5050415992736816
BenchmarkTest01865.java,0,CWE-78,CWE-78,1,0,0,1,0,0,0,1,0,0,2354,0.00349569,0,0.0,4,1.8239999999999998e-05,0.00351393,1.0410714149475098
BenchmarkTest01866.java,0,CWE-330,CWE-330,1,1,0,1,0,0,0,0,1,0,2682,0.00398277,0,0.0,3,1.368e-05,0.00399645,1.228665828704834
BenchmarkTest01867.java,0,CWE-330,CWE-330,1,1,0,1,0,0,0,0,1,0,2750,0.004083750000000001,0,0.0,3,1.368e-05,0.004097430000000001,1.0220568180084229
BenchmarkTest01868.java,0,CWE-330,,,,0,0,1,0,0,0,1,0,,,,,,,,
BenchmarkTest01869.java,0,CWE-330,,,,0,0,1,0,0,0,1,0,,,,,,,,
BenchmarkTest01870.java,0,CWE-330,,,,0,0,1,0,0,0,1,0,,,,,,,,
BenchmarkTest01871.java,0,CWE-330,,,,0,0,1,0,0,0,1,0,,,,,,,,
BenchmarkTest01877.java,0,CWE-89,CWE-89,1,0,0,1,0,0,0,1,0,0,2359,0.0035031150000000002,0,0.0,4,1.8239999999999998e-05,0.0035213550000000003,1.090294599533081
BenchmarkTest01878.java,0,CWE-89,CWE-89,1,0,0,1,0,0,0,1,0,0,2270,0.00337095,0,0.0,4,1.8239999999999998e-05,0.0033891900000000003,50.17623567581177
BenchmarkTest01879.java,0,CWE-89,CWE-89,1,0,0,1,0,0,0,1,0,0,2326,0.0034541100000000003,0,0.0,4,1.8239999999999998e-05,0.0034723500000000003,1.1505701541900635
BenchmarkTest01880.java,0,CWE-89,CWE-89,1,0,0,1,0,0,0,1,0,0,2372,0.00352242,0,0.0,4,1.8239999999999998e-05,0.00354066,0.9868080615997314
BenchmarkTest01881.java,0,CWE-89,CWE-89,1,0,1,0,0,0,1,0,0,0,2330,0.00346005,0,0.0,4,1.8239999999999998e-05,0.00347829,1.6013646125793457
BenchmarkTest01882.java,0,CWE-89,CWE-89,1,0,1,0,0,0,1,0,0,0,2490,0.0036976500000000002,0,0.0,4,1.8239999999999998e-05,0.0037158900000000003,2.713801383972168
BenchmarkTest01883.java,0,CWE-89,,,,0,0,0,1,0,0,0,1,,,,,,,,
BenchmarkTest01884.java,0,CWE-89,CWE-89,1,0,0,1,0,0,0,1,0,0,2278,0.0033828300000000003,0,0.0,4,1.8239999999999998e-05,0.0034010700000000004,1.0707943439483643
BenchmarkTest01885.java,0,CWE-89,CWE-89,1,0,0,1,0,0,0,1,0,0,2280,0.0033858,0,0.0,4,1.8239999999999998e-05,0.00340404,1.5664613246917725
BenchmarkTest01886.java,0,CWE-89,CWE-89,1,0,0,1,0,0,0,1,0,0,2454,0.00364419,0,0.0,4,1.8239999999999998e-05,0.00366243,1.138002634048462
BenchmarkTest01887.java,0,CWE-89,CWE-89,1,0,1,0,0,0,1,0,0,0,2202,0.00326997,0,0.0,4,1.8239999999999998e-05,0.00328821,1.019012212753296
BenchmarkTest01888.java,0,CWE-89,CWE-89,1,0,1,0,0,0,1,0,0,0,2245,0.0033338250000000003,0,0.0,4,1.8239999999999998e-05,0.0033520650000000004,1.0439205169677734
BenchmarkTest01889.java,0,CWE-89,CWE-89,1,0,1,0,0,0,1,0,0,0,2211,0.003283335,0,0.0,4,1.8239999999999998e-05,0.003301575,1.131164312362671
BenchmarkTest01890.java,0,CWE-89,CWE-89,1,0,1,0,0,0,1,0,0,0,2214,0.0032877900000000005,0,0.0,4,1.8239999999999998e-05,0.0033060300000000006,1.0135729312896729
BenchmarkTest01891.java,0,CWE-89,CWE-89,1,0,1,0,0,0,1,0,0,0,2253,0.0033457050000000005,0,0.0,4,1.8239999999999998e-05,0.0033639450000000006,1.8910634517669678
BenchmarkTest01892.java,0,CWE-643,CWE-643,1,0,1,0,0,0,1,0,0,0,2486,0.00369171,0,0.0,4,1.8239999999999998e-05,0.00370995,2.515929937362671
BenchmarkTest01893.java,0,CWE-643,CWE-643,1,0,0,1,0,0,0,1,0,0,2446,0.0036323100000000006,0,0.0,4,1.8239999999999998e-05,0.0036505500000000007,1.0254392623901367
BenchmarkTest01894.java,0,CWE-643,CWE-643,1,0,1,0,0,0,1,0,0,0,2336,0.00346896,0,0.0,4,1.8239999999999998e-05,0.0034872,1.0476000308990479
BenchmarkTest01895.java,0,CWE-327,CWE-327,1,0,1,0,0,0,1,0,0,0,2831,0.004204035,0,0.0,4,1.8239999999999998e-05,0.004222275,1.1229031085968018
BenchmarkTest01896.java,0,CWE-327,,,,0,0,1,0,0,0,1,0,,,,,,,,
BenchmarkTest01897.java,0,CWE-327,CWE-327,1,0,1,0,0,0,1,0,0,0,2501,0.003713985,0,0.0,4,1.8239999999999998e-05,0.003732225,1.4891912937164307
BenchmarkTest01898.java,0,CWE-327,CWE-327,1,0,1,0,0,0,1,0,0,0,2526,0.00375111,0,0.0,4,1.8239999999999998e-05,0.0037693500000000003,0.9796383380889893
BenchmarkTest01899.java,0,CWE-327,,,,0,0,1,0,0,0,1,0,,,,,,,,
BenchmarkTest01900.java,0,CWE-327,CWE-327,1,0,1,0,0,0,1,0,0,0,2450,0.0036382500000000004,0,0.0,4,1.8239999999999998e-05,0.0036564900000000005,1.4849956035614014
BenchmarkTest01901.java,0,CWE-327,,,,0,0,1,0,0,0,1,0,,,,,,,,
BenchmarkTest01902.java,0,CWE-90,CWE-90,1,0,1,0,0,0,1,0,0,0,2433,0.0036130050000000003,0,0.0,4,1.8239999999999998e-05,0.0036312450000000004,1.0528016090393066
BenchmarkTest01903.java,0,CWE-90,CWE-90,1,0,0,1,0,0,0,1,0,0,2412,0.0035818200000000003,0,0.0,4,1.8239999999999998e-05,0.0036000600000000004,1.8703176975250244
BenchmarkTest01904.java,0,CWE-22,CWE-23,0,0,1,0,0,0,1,0,0,0,2426,0.00360261,0,0.0,4,1.8239999999999998e-05,0.00362085,2.324732542037964
BenchmarkTest01905.java,0,CWE-22,CWE-23,0,0,0,1,0,0,0,1,0,0,2543,0.0037763550000000003,0,0.0,4,1.8239999999999998e-05,0.0037945950000000004,1.1139624118804932
BenchmarkTest01906.java,0,CWE-22,CWE-23,0,0,1,0,0,0,1,0,0,0,2450,0.0036382500000000004,0,0.0,4,1.8239999999999998e-05,0.0036564900000000005,1.1431829929351807
BenchmarkTest01907.java,0,CWE-22,CWE-23,0,0,1,0,0,0,1,0,0,0,2417,0.0035892450000000005,0,0.0,4,1.8239999999999998e-05,0.0036074850000000006,1.0187313556671143
BenchmarkTest01908.java,0,CWE-22,CWE-23,0,0,1,0,0,0,1,0,0,0,2585,0.0038387250000000003,0,0.0,4,1.8239999999999998e-05,0.0038569650000000004,1.0879185199737549
BenchmarkTest01909.java,0,CWE-90,CWE-90,1,0,0,1,0,0,0,1,0,0,2506,0.0037214100000000005,0,0.0,4,1.8239999999999998e-05,0.0037396500000000006,1.042804479598999
BenchmarkTest01910.java,0,CWE-330,CWE-330,1,0,1,0,0,0,1,0,0,0,2495,0.0037050750000000004,0,0.0,4,1.8239999999999998e-05,0.0037233150000000005,1.0332393646240234
BenchmarkTest01911.java,0,CWE-328,CWE-916,0,0,1,0,0,0,1,0,0,0,2570,0.0038164500000000003,0,0.0,4,1.8239999999999998e-05,0.0038346900000000004,0.9984855651855469
BenchmarkTest01912.java,0,CWE-328,,,,0,0,1,0,0,0,1,0,,,,,,,,
BenchmarkTest01913.java,0,CWE-328,,,,0,0,1,0,0,0,1,0,,,,,,,,
BenchmarkTest01914.java,0,CWE-79,CWE-79,1,0,0,1,0,0,0,1,0,0,2550,0.0037867500000000006,0,0.0,4,1.8239999999999998e-05,0.0038049900000000007,2.1353843212127686
BenchmarkTest01915.java,0,CWE-79,CWE-79,1,0,0,1,0,0,0,1,0,0,2498,0.0037095300000000004,0,0.0,4,1.8239999999999998e-05,0.0037277700000000005,2.0889744758605957
BenchmarkTest01916.java,0,CWE-79,CWE-79,1,0,1,0,0,0,1,0,0,0,2460,0.0036531000000000003,0,0.0,4,1.8239999999999998e-05,0.0036713400000000004,1.1007874011993408
BenchmarkTest01917.java,0,CWE-79,CWE-79,1,1,0,1,0,0,0,0,1,0,2458,0.00365013,0,0.0,3,1.368e-05,0.00366381,0.994412899017334
BenchmarkTest01918.java,0,CWE-79,CWE-79,1,0,0,1,0,0,0,1,0,0,2503,0.0037169550000000005,0,0.0,4,1.8239999999999998e-05,0.0037351950000000006,1.0308423042297363
BenchmarkTest01919.java,0,CWE-79,CWE-79,1,0,1,0,0,0,1,0,0,0,2493,0.003702105,0,0.0,4,1.8239999999999998e-05,0.003720345,1.1370060443878174
BenchmarkTest01920.java,0,CWE-79,CWE-79,1,0,1,0,0,0,1,0,0,0,2525,0.0037496250000000004,0,0.0,4,1.8239999999999998e-05,0.0037678650000000004,1.002469539642334
BenchmarkTest01921.java,0,CWE-79,CWE-79,1,0,1,0,0,0,1,0,0,0,2559,0.003800115,0,0.0,4,1.8239999999999998e-05,0.0038183550000000003,1.0055179595947266
BenchmarkTest01922.java,0,CWE-79,CWE-79,1,0,1,0,0,0,1,0,0,0,2519,0.0037407150000000004,0,0.0,4,1.8239999999999998e-05,0.0037589550000000005,1.4064688682556152
BenchmarkTest01923.java,0,CWE-79,CWE-79,1,0,1,0,0,0,1,0,0,0,2484,0.0036887400000000002,0,0.0,4,1.8239999999999998e-05,0.0037069800000000003,1.2174715995788574
BenchmarkTest01924.java,0,CWE-79,CWE-79,1,0,0,1,0,0,0,1,0,0,2465,0.003660525,0,0.0,4,1.8239999999999998e-05,0.003678765,2.097285270690918
BenchmarkTest01925.java,0,CWE-79,CWE-79,1,0,1,0,0,0,1,0,0,0,2491,0.003699135,0,0.0,4,1.8239999999999998e-05,0.003717375,2.1441826820373535
BenchmarkTest01926.java,0,CWE-79,CWE-79,1,0,1,0,0,0,1,0,0,0,2475,0.0036753750000000003,0,0.0,4,1.8239999999999998e-05,0.0036936150000000004,2.217522144317627
BenchmarkTest01927.java,0,CWE-79,CWE-79,1,0,1,0,0,0,1,0,0,0,2490,0.0036976500000000002,0,0.0,4,1.8239999999999998e-05,0.0037158900000000003,1.546915054321289
BenchmarkTest01928.java,0,CWE-78,CWE-78,1,0,1,0,0,0,1,0,0,0,2229,0.003310065,0,0.0,4,1.8239999999999998e-05,0.003328305,1.008542537689209
BenchmarkTest01929.java,0,CWE-78,CWE-78,1,0,1,0,0,0,1,0,0,0,2215,0.003289275,0,0.0,4,1.8239999999999998e-05,0.003307515,0.9550518989562988
BenchmarkTest01930.java,0,CWE-330,CWE-330,1,0,1,0,0,0,1,0,0,0,2425,0.0036011250000000006,0,0.0,4,1.8239999999999998e-05,0.0036193650000000007,1.0553181171417236
BenchmarkTest01931.java,0,CWE-330,CWE-330,1,0,1,0,0,0,1,0,0,0,2638,0.00391743,0,0.0,4,1.8239999999999998e-05,0.0039356700000000005,0.9785630702972412
BenchmarkTest01932.java,0,CWE-330,CWE-330,1,0,1,0,0,0,1,0,0,0,2449,0.003636765,0,0.0,4,1.8239999999999998e-05,0.0036550050000000002,1.016690731048584
BenchmarkTest01933.java,0,CWE-330,CWE-330,1,0,1,0,0,0,1,0,0,0,2398,0.00356103,0,0.0,4,1.8239999999999998e-05,0.0035792700000000003,1.088665246963501
BenchmarkTest01934.java,0,CWE-330,CWE-330,1,0,1,0,0,0,1,0,0,0,2393,0.003553605,0,0.0,4,1.8239999999999998e-05,0.003571845,1.097285270690918
BenchmarkTest01935.java,0,CWE-614,,,,0,0,1,0,0,0,1,0,,,,,,,,
BenchmarkTest01936.java,0,CWE-78,CWE-78,1,0,1,0,0,0,1,0,0,0,2175,0.003229875,0,0.0,4,1.8239999999999998e-05,0.003248115,1.0894525051116943
BenchmarkTest01937.java,0,CWE-78,CWE-78,1,0,0,1,0,0,0,1,0,0,2178,0.0032343300000000005,0,0.0,4,1.8239999999999998e-05,0.0032525700000000006,1.0262815952301025
BenchmarkTest01938.java,0,CWE-78,CWE-78,1,0,1,0,0,0,1,0,0,0,2291,0.003402135,0,0.0,4,1.8239999999999998e-05,0.0034203750000000002,1.02695894241333
BenchmarkTest01939.java,0,CWE-78,CWE-78,1,0,0,1,0,0,0,1,0,0,2097,0.003114045,0,0.0,4,1.8239999999999998e-05,0.0031322850000000003,1.1127824783325195
BenchmarkTest01940.java,0,CWE-78,CWE-78,1,0,1,0,0,0,1,0,0,0,2175,0.003229875,0,0.0,4,1.8239999999999998e-05,0.003248115,1.0225553512573242
BenchmarkTest01941.java,0,CWE-78,CWE-78,1,0,0,1,0,0,0,1,0,0,2286,0.00339471,0,0.0,4,1.8239999999999998e-05,0.00341295,1.0568797588348389
BenchmarkTest01942.java,0,CWE-78,CWE-78,1,0,1,0,0,0,1,0,0,0,2135,0.0031704750000000003,0,0.0,4,1.8239999999999998e-05,0.0031887150000000004,1.4891448020935059
BenchmarkTest01943.java,0,CWE-78,CWE-78,1,0,0,1,0,0,0,1,0,0,2236,0.00332046,0,0.0,4,1.8239999999999998e-05,0.0033387,2.371795892715454
BenchmarkTest01944.java,0,CWE-78,CWE-78,1,0,1,0,0,0,1,0,0,0,2226,0.00330561,0,0.0,4,1.8239999999999998e-05,0.00332385,4.027972221374512
BenchmarkTest01945.java,0,CWE-330,,,,0,0,1,0,0,0,1,0,,,,,,,,
BenchmarkTest01946.java,0,CWE-330,,,,0,0,1,0,0,0,1,0,,,,,,,,
BenchmarkTest01947.java,0,CWE-330,,,,0,0,1,0,0,0,1,0,,,,,,,,
BenchmarkTest01948.java,0,CWE-330,,,,0,0,1,0,0,0,1,0,,,,,,,,
BenchmarkTest01949.java,0,CWE-330,,,,0,0,1,0,0,0,1,0,,,,,,,,
BenchmarkTest01950.java,0,CWE-330,,,,0,0,1,0,0,0,1,0,,,,,,,,
BenchmarkTest01951.java,0,CWE-330,,,,0,0,1,0,0,0,1,0,,,,,,,,
BenchmarkTest01952.java,0,CWE-330,,,,0,0,1,0,0,0,1,0,,,,,,,,
BenchmarkTest01953.java,0,CWE-330,,,,0,0,1,0,0,0,1,0,,,,,,,,
BenchmarkTest01954.java,0,CWE-330,,,,0,0,1,0,0,0,1,0,,,,,,,,
BenchmarkTest01961.java,0,CWE-89,CWE-89,1,0,0,1,0,0,0,1,0,0,2326,0.0034541100000000003,0,0.0,4,1.8239999999999998e-05,0.0034723500000000003,2.793330430984497
BenchmarkTest01962.java,0,CWE-89,CWE-89,1,0,1,0,0,0,1,0,0,0,2132,0.00316602,0,0.0,4,1.8239999999999998e-05,0.00318426,1.0659198760986328
BenchmarkTest01963.java,0,CWE-89,CWE-89,1,0,1,0,0,0,1,0,0,0,2090,0.00310365,0,0.0,4,1.8239999999999998e-05,0.00312189,0.9840188026428223
BenchmarkTest01964.java,0,CWE-89,CWE-89,1,0,1,0,0,0,1,0,0,0,2341,0.0034763850000000002,0,0.0,4,1.8239999999999998e-05,0.0034946250000000003,1.1853840351104736
BenchmarkTest01965.java,0,CWE-89,,,,0,0,1,0,0,0,1,0,,,,,,,,
BenchmarkTest01966.java,0,CWE-89,,,,0,0,1,0,0,0,1,0,,,,,,,,
BenchmarkTest01967.java,0,CWE-89,,,,0,0,1,0,0,0,1,0,,,,,,,,
BenchmarkTest01968.java,0,CWE-89,CWE-89,1,0,0,1,0,0,0,1,0,0,2156,0.0032016600000000003,0,0.0,4,1.8239999999999998e-05,0.0032199000000000004,1.066105842590332
BenchmarkTest01969.java,0,CWE-89,CWE-89,1,0,0,1,0,0,0,1,0,0,2087,0.0030991950000000003,0,0.0,4,1.8239999999999998e-05,0.0031174350000000004,1.3412799835205078
BenchmarkTest01970.java,0,CWE-89,CWE-89,1,0,1,0,0,0,1,0,0,0,2148,0.00318978,0,0.0,4,1.8239999999999998e-05,0.0032080200000000002,1.2545647621154785
BenchmarkTest01971.java,0,CWE-89,CWE-89,1,0,1,0,0,0,1,0,0,0,2149,0.0031912650000000004,0,0.0,4,1.8239999999999998e-05,0.0032095050000000005,1.3052008152008057
BenchmarkTest01972.java,0,CWE-89,CWE-89,1,0,1,0,0,0,1,0,0,0,2054,0.00305019,0,0.0,4,1.8239999999999998e-05,0.00306843,1.145205020904541
BenchmarkTest01973.java,0,CWE-89,CWE-89,1,0,0,1,0,0,0,1,0,0,2132,0.00316602,0,0.0,4,1.8239999999999998e-05,0.00318426,1.1285440921783447
BenchmarkTest01974.java,0,CWE-643,CWE-643,1,0,1,0,0,0,1,0,0,0,2329,0.0034585650000000003,0,0.0,4,1.8239999999999998e-05,0.0034768050000000003,1.1223716735839844
BenchmarkTest01975.java,0,CWE-327,,,,0,0,1,0,0,0,1,0,,,,,,,,
BenchmarkTest01976.java,0,CWE-327,,,,0,0,1,0,0,0,1,0,,,,,,,,
BenchmarkTest01977.java,0,CWE-327,,,,0,0,1,0,0,0,1,0,,,,,,,,
BenchmarkTest01978.java,0,CWE-327,CWE-327,1,0,1,0,0,0,1,0,0,0,2543,0.0037763550000000003,0,0.0,4,1.8239999999999998e-05,0.0037945950000000004,1.1412873268127441
BenchmarkTest01979.java,0,CWE-327,,,,0,0,1,0,0,0,1,0,,,,,,,,
BenchmarkTest01980.java,0,CWE-327,CWE-327,1,0,1,0,0,0,1,0,0,0,2499,0.0037110150000000002,0,0.0,4,1.8239999999999998e-05,0.0037292550000000003,1.1104943752288818
BenchmarkTest01981.java,0,CWE-327,CWE-327,1,0,1,0,0,0,1,0,0,0,2511,0.0037288350000000002,0,0.0,4,1.8239999999999998e-05,0.0037470750000000003,1.946498155593872
BenchmarkTest01982.java,0,CWE-327,,,,0,0,1,0,0,0,1,0,,,,,,,,
BenchmarkTest01983.java,0,CWE-22,CWE-23,0,0,1,0,0,0,1,0,0,0,2441,0.0036248850000000004,0,0.0,4,1.8239999999999998e-05,0.0036431250000000005,2.409806489944458
BenchmarkTest01984.java,0,CWE-22,CWE-23,0,0,0,1,0,0,0,1,0,0,2510,0.0037273500000000004,0,0.0,4,1.8239999999999998e-05,0.0037455900000000005,1.9843976497650146
BenchmarkTest01985.java,0,CWE-22,CWE-23,0,0,1,0,0,0,1,0,0,0,2450,0.0036382500000000004,0,0.0,4,1.8239999999999998e-05,0.0036564900000000005,2.0510756969451904
BenchmarkTest01986.java,0,CWE-22,CWE-23,0,0,0,1,0,0,0,1,0,0,2663,0.003954555,0,0.0,4,1.8239999999999998e-05,0.003972795,1.1053056716918945
BenchmarkTest01987.java,0,CWE-22,CWE-23,0,0,1,0,0,0,1,0,0,0,2653,0.003939705000000001,0,0.0,4,1.8239999999999998e-05,0.003957945000000001,0.9900565147399902
BenchmarkTest01988.java,0,CWE-22,CWE-23,0,0,1,0,0,0,1,0,0,0,2601,0.003862485,0,0.0,4,1.8239999999999998e-05,0.0038807250000000002,1.1980352401733398
BenchmarkTest01989.java,0,CWE-22,CWE-23,0,0,1,0,0,0,1,0,0,0,2470,0.00366795,0,0.0,4,1.8239999999999998e-05,0.00368619,1.0578856468200684
BenchmarkTest01990.java,0,CWE-22,CWE-23,0,0,0,1,0,0,0,1,0,0,2528,0.0037540800000000004,0,0.0,4,1.8239999999999998e-05,0.0037723200000000004,1.1949095726013184
BenchmarkTest01991.java,0,CWE-22,CWE-23,0,0,0,1,0,0,0,1,0,0,2817,0.0041832449999999995,0,0.0,4,1.8239999999999998e-05,0.004201485,1.6609642505645752
BenchmarkTest01992.java,0,CWE-330,CWE-330,1,0,1,0,0,0,1,0,0,0,2692,0.00399762,0,0.0,4,1.8239999999999998e-05,0.0040158600000000004,1.5734658241271973
BenchmarkTest01993.java,0,CWE-328,,,,0,0,1,0,0,0,1,0,,,,,,,,
BenchmarkTest01994.java,0,CWE-328,,,,0,0,1,0,0,0,1,0,,,,,,,,
BenchmarkTest01995.java,0,CWE-328,,,,0,0,1,0,0,0,1,0,,,,,,,,
BenchmarkTest01996.java,0,CWE-328,,,,0,0,0,1,0,0,0,1,,,,,,,,
BenchmarkTest01997.java,0,CWE-328,,,,0,0,0,1,0,0,0,1,,,,,,,,
BenchmarkTest01998.java,0,CWE-328,,,,0,0,1,0,0,0,1,0,,,,,,,,
BenchmarkTest01999.java,0,CWE-330,CWE-330,1,0,1,0,0,0,1,0,0,0,2567,0.0038119950000000003,0,0.0,4,1.8239999999999998e-05,0.0038302350000000004,1.5206854343414307
BenchmarkTest02000.java,0,CWE-330,CWE-330,1,0,1,0,0,0,1,0,0,0,2490,0.0036976500000000002,0,0.0,4,1.8239999999999998e-05,0.0037158900000000003,1.1401758193969727
BenchmarkTest02001.java,0,CWE-330,CWE-330,1,0,1,0,0,0,1,0,0,0,2474,0.0036738900000000004,0,0.0,4,1.8239999999999998e-05,0.0036921300000000005,1.1647601127624512
BenchmarkTest02002.java,0,CWE-330,CWE-330,1,0,1,0,0,0,1,0,0,0,2480,0.0036828000000000004,0,0.0,4,1.8239999999999998e-05,0.0037010400000000005,1.010695457458496
BenchmarkTest02003.java,0,CWE-330,CWE-330,1,0,1,0,0,0,1,0,0,0,2679,0.003978315,0,0.0,4,1.8239999999999998e-05,0.003996555,2.038835287094116
BenchmarkTest02004.java,0,CWE-330,CWE-330,1,0,1,0,0,0,1,0,0,0,2436,0.00361746,0,0.0,4,1.8239999999999998e-05,0.0036357,1.0471861362457275
BenchmarkTest02005.java,0,CWE-614,CWE-614,1,0,1,0,0,0,1,0,0,0,2309,0.003428865,0,0.0,4,1.8239999999999998e-05,0.0034471050000000002,1.8214266300201416
BenchmarkTest02006.java,0,CWE-614,,,,0,0,1,0,0,0,1,0,,,,,,,,
BenchmarkTest02007.java,0,CWE-330,,,,0,0,1,0,0,0,1,0,,,,,,,,
BenchmarkTest02008.java,0,CWE-330,,,,0,0,1,0,0,0,1,0,,,,,,,,
BenchmarkTest02009.java,0,CWE-330,,,,0,0,1,0,0,0,1,0,,,,,,,,
BenchmarkTest02010.java,0,CWE-330,,,,0,0,1,0,0,0,1,0,,,,,,,,
BenchmarkTest02011.java,0,CWE-330,,,,0,0,1,0,0,0,1,0,,,,,,,,
BenchmarkTest02012.java,0,CWE-330,,,,0,0,1,0,0,0,1,0,,,,,,,,
BenchmarkTest02013.java,0,CWE-330,,,,0,0,1,0,0,0,1,0,,,,,,,,
BenchmarkTest02014.java,0,CWE-330,,,,0,0,1,0,0,0,1,0,,,,,,,,
BenchmarkTest02017.java,0,CWE-327,CWE-327,1,0,1,0,0,0,1,0,0,0,2802,0.00416097,0,0.0,4,1.8239999999999998e-05,0.00417921,2.596569061279297
BenchmarkTest02018.java,0,CWE-327,CWE-327,1,0,1,0,0,0,1,0,0,0,2979,0.004423815,0,0.0,4,1.8239999999999998e-05,0.004442055,1.9979748725891113
BenchmarkTest02019.java,0,CWE-327,CWE-327,1,0,1,0,0,0,1,0,0,0,2782,0.00413127,0,0.0,4,1.8239999999999998e-05,0.00414951,1.5034222602844238
BenchmarkTest02020.java,0,CWE-327,CWE-327,1,0,1,0,0,0,1,0,0,0,2912,0.00432432,0,0.0,4,1.8239999999999998e-05,0.0043425600000000005,1.2792298793792725
BenchmarkTest02021.java,0,CWE-327,,,,0,0,1,0,0,0,1,0,,,,,,,,
BenchmarkTest02022.java,0,CWE-327,CWE-327,1,0,1,0,0,0,1,0,0,0,2463,0.0036575550000000003,0,0.0,4,1.8239999999999998e-05,0.0036757950000000004,1.1279866695404053
BenchmarkTest02023.java,0,CWE-327,CWE-327,1,0,1,0,0,0,1,0,0,0,2464,0.0036590400000000006,0,0.0,4,1.8239999999999998e-05,0.0036772800000000007,1.123744249343872
BenchmarkTest02024.java,0,CWE-327,,,,0,0,1,0,0,0,1,0,,,,,,,,
BenchmarkTest02025.java,0,CWE-90,CWE-90,1,0,0,1,0,0,0,1,0,0,2416,0.00358776,0,0.0,4,1.8239999999999998e-05,0.0036060000000000003,1.3857131004333496
BenchmarkTest02026.java,0,CWE-22,CWE-23,0,0,0,1,0,0,0,1,0,0,2444,0.00362934,0,0.0,4,1.8239999999999998e-05,0.00364758,1.0583546161651611
BenchmarkTest02027.java,0,CWE-22,CWE-23,0,0,1,0,0,0,1,0,0,0,2396,0.0035580600000000005,0,0.0,4,1.8239999999999998e-05,0.0035763000000000006,1.5141096115112305
BenchmarkTest02028.java,0,CWE-22,CWE-23,0,0,0,1,0,0,0,1,0,0,2453,0.0036427050000000004,0,0.0,4,1.8239999999999998e-05,0.0036609450000000005,1.1652488708496094
BenchmarkTest02029.java,0,CWE-22,CWE-23,0,0,0,1,0,0,0,1,0,0,2453,0.0036427050000000004,0,0.0,4,1.8239999999999998e-05,0.0036609450000000005,1.1011731624603271
BenchmarkTest02030.java,0,CWE-22,CWE-23,0,0,0,1,0,0,0,1,0,0,2764,0.00410454,0,0.0,4,1.8239999999999998e-05,0.00412278,1.1512136459350586
BenchmarkTest02031.java,0,CWE-22,CWE-23,0,0,0,1,0,0,0,1,0,0,2529,0.003755565,0,0.0,4,1.8239999999999998e-05,0.0037738050000000003,0.9889523983001709
BenchmarkTest02032.java,0,CWE-22,CWE-23,0,0,1,0,0,0,1,0,0,0,2488,0.00369468,0,0.0,4,1.8239999999999998e-05,0.00371292,1.6345586776733398
BenchmarkTest02033.java,0,CWE-22,CWE-23,0,0,0,1,0,0,0,1,0,0,2489,0.0036961650000000004,0,0.0,4,1.8239999999999998e-05,0.0037144050000000005,0.9996664524078369
BenchmarkTest02034.java,0,CWE-22,CWE-23,0,0,1,0,0,0,1,0,0,0,2393,0.003553605,0,0.0,4,1.8239999999999998e-05,0.003571845,2.2834932804107666
BenchmarkTest02035.java,0,CWE-22,CWE-23,0,0,0,1,0,0,0,1,0,0,2565,0.003809025,0,0.0,4,1.8239999999999998e-05,0.0038272650000000003,1.709761381149292
BenchmarkTest02036.java,0,CWE-90,CWE-90,1,0,1,0,0,0,1,0,0,0,2501,0.003713985,0,0.0,4,1.8239999999999998e-05,0.003732225,2.7118234634399414
BenchmarkTest02037.java,0,CWE-90,CWE-90,1,0,1,0,0,0,1,0,0,0,2463,0.0036575550000000003,0,0.0,4,1.8239999999999998e-05,0.0036757950000000004,2.0913658142089844
BenchmarkTest02038.java,0,CWE-330,CWE-330,1,0,1,0,0,0,1,0,0,0,2483,0.003687255,0,0.0,4,1.8239999999999998e-05,0.003705495,1.6295528411865234
BenchmarkTest02039.java,0,CWE-330,CWE-330,1,0,1,0,0,0,1,0,0,0,2431,0.003610035,0,0.0,4,1.8239999999999998e-05,0.0036282750000000002,1.5430212020874023
BenchmarkTest02040.java,0,CWE-330,CWE-330,1,0,1,0,0,0,1,0,0,0,2504,0.00371844,0,0.0,4,1.8239999999999998e-05,0.00373668,1.1159279346466064
BenchmarkTest02041.java,0,CWE-328,,,,0,0,1,0,0,0,1,0,,,,,,,,
BenchmarkTest02042.java,0,CWE-328,CWE-916,0,0,1,0,0,0,1,0,0,0,2500,0.0037125000000000005,0,0.0,4,1.8239999999999998e-05,0.0037307400000000006,1.0490212440490723
BenchmarkTest02043.java,0,CWE-328,,,,0,0,1,0,0,0,1,0,,,,,,,,
BenchmarkTest02044.java,0,CWE-328,,,,0,0,1,0,0,0,1,0,,,,,,,,
BenchmarkTest02045.java,0,CWE-79,CWE-79,1,0,0,1,0,0,0,1,0,0,2563,0.0038060550000000005,0,0.0,4,1.8239999999999998e-05,0.0038242950000000006,1.123727798461914
BenchmarkTest02046.java,0,CWE-79,CWE-79,1,0,1,0,0,0,1,0,0,0,2537,0.0037674450000000003,0,0.0,4,1.8239999999999998e-05,0.0037856850000000004,1.0925533771514893
BenchmarkTest02047.java,0,CWE-79,CWE-79,1,0,1,0,0,0,1,0,0,0,2488,0.00369468,0,0.0,4,1.8239999999999998e-05,0.00371292,1.2501306533813477
BenchmarkTest02048.java,0,CWE-79,CWE-79,1,0,0,1,0,0,0,1,0,0,2728,0.00405108,0,0.0,4,1.8239999999999998e-05,0.00406932,1.1321954727172852
BenchmarkTest02049.java,0,CWE-79,CWE-79,1,0,0,1,0,0,0,1,0,0,2500,0.0037125000000000005,0,0.0,4,1.8239999999999998e-05,0.0037307400000000006,1.1151630878448486
BenchmarkTest02050.java,0,CWE-79,CWE-79,1,0,1,0,0,0,1,0,0,0,2517,0.003737745,0,0.0,4,1.8239999999999998e-05,0.0037559850000000003,1.3897221088409424
BenchmarkTest02051.java,0,CWE-79,CWE-79,1,0,1,0,0,0,1,0,0,0,2505,0.0037199250000000002,0,0.0,4,1.8239999999999998e-05,0.0037381650000000003,1.776017427444458
BenchmarkTest02052.java,0,CWE-79,CWE-79,1,0,0,1,0,0,0,1,0,0,2576,0.0038253600000000003,0,0.0,4,1.8239999999999998e-05,0.0038436000000000004,1.8796281814575195
BenchmarkTest02053.java,0,CWE-79,CWE-79,1,0,0,1,0,0,0,1,0,0,2512,0.00373032,0,0.0,4,1.8239999999999998e-05,0.00374856,3.457443952560425
BenchmarkTest02054.java,0,CWE-79,CWE-79,1,0,1,0,0,0,1,0,0,0,2479,0.003681315,0,0.0,4,1.8239999999999998e-05,0.003699555,2.1563026905059814
BenchmarkTest02055.java,0,CWE-79,CWE-79,1,0,1,0,0,0,1,0,0,0,2485,0.0036902250000000005,0,0.0,4,1.8239999999999998e-05,0.0037084650000000006,1.5214920043945312
BenchmarkTest02056.java,0,CWE-79,CWE-79,1,0,1,0,0,0,1,0,0,0,2535,0.003764475,0,0.0,4,1.8239999999999998e-05,0.0037827150000000003,1.0800859928131104
BenchmarkTest02057.java,0,CWE-79,CWE-79,1,0,1,0,0,0,1,0,0,0,2570,0.0038164500000000003,0,0.0,4,1.8239999999999998e-05,0.0038346900000000004,1.1402783393859863
BenchmarkTest02058.java,0,CWE-78,CWE-78,1,0,0,1,0,0,0,1,0,0,2214,0.0032877900000000005,0,0.0,4,1.8239999999999998e-05,0.0033060300000000006,1.3236172199249268
BenchmarkTest02059.java,0,CWE-78,CWE-78,1,0,1,0,0,0,1,0,0,0,2236,0.00332046,0,0.0,4,1.8239999999999998e-05,0.0033387,1.5304670333862305
BenchmarkTest02060.java,0,CWE-330,CWE-330,1,0,1,0,0,0,1,0,0,0,2471,0.0036694350000000004,0,0.0,4,1.8239999999999998e-05,0.0036876750000000005,1.2088203430175781
BenchmarkTest02061.java,0,CWE-330,CWE-330,1,0,1,0,0,0,1,0,0,0,2425,0.0036011250000000006,0,0.0,4,1.8239999999999998e-05,0.0036193650000000007,1.1165375709533691
BenchmarkTest02062.java,0,CWE-330,CWE-330,1,0,1,0,0,0,1,0,0,0,2637,0.0039159450000000005,0,0.0,4,1.8239999999999998e-05,0.003934185000000001,1.5286152362823486
BenchmarkTest02063.java,0,CWE-330,CWE-330,1,0,1,0,0,0,1,0,0,0,2409,0.0035773650000000003,0,0.0,4,1.8239999999999998e-05,0.0035956050000000004,1.553623914718628
BenchmarkTest02064.java,0,CWE-614,,,,0,0,1,0,0,0,1,0,,,,,,,,
BenchmarkTest02065.java,0,CWE-614,,,,0,0,1,0,0,0,1,0,,,,,,,,
BenchmarkTest02066.java,0,CWE-614,,,,0,0,1,0,0,0,1,0,,,,,,,,
BenchmarkTest02067.java,0,CWE-78,CWE-78,1,0,0,1,0,0,0,1,0,0,2311,0.003431835,0,0.0,4,1.8239999999999998e-05,0.003450075,1.048750400543213
BenchmarkTest02068.java,0,CWE-78,CWE-78,1,0,0,1,0,0,0,1,0,0,2106,0.00312741,0,0.0,4,1.8239999999999998e-05,0.0031456500000000003,1.0602061748504639
BenchmarkTest02069.java,0,CWE-78,CWE-78,1,0,0,1,0,0,0,1,0,0,2221,0.0032981850000000004,0,0.0,4,1.8239999999999998e-05,0.0033164250000000004,1.4905140399932861
BenchmarkTest02070.java,0,CWE-78,CWE-78,1,0,1,0,0,0,1,0,0,0,2101,0.003119985,0,0.0,4,1.8239999999999998e-05,0.003138225,1.3738055229187012
BenchmarkTest02071.java,0,CWE-330,,,,0,0,1,0,0,0,1,0,,,,,,,,
BenchmarkTest02072.java,0,CWE-330,,,,0,0,1,0,0,0,1,0,,,,,,,,
BenchmarkTest02073.java,0,CWE-330,,,,0,0,1,0,0,0,1,0,,,,,,,,
BenchmarkTest02074.java,0,CWE-330,,,,0,0,1,0,0,0,1,0,,,,,,,,
BenchmarkTest02075.java,0,CWE-330,CWE-330,1,0,0,1,0,0,0,1,0,0,2554,0.00379269,0,0.0,4,1.8239999999999998e-05,0.00381093,3.860029458999634
BenchmarkTest02076.java,0,CWE-330,CWE-330,1,0,0,1,0,0,0,1,0,0,2586,0.00384021,0,0.0,4,1.8239999999999998e-05,0.0038584500000000002,3.185563802719116
BenchmarkTest02077.java,0,CWE-330,,,,0,0,1,0,0,0,1,0,,,,,,,,
BenchmarkTest02078.java,0,CWE-330,,,,0,0,1,0,0,0,1,0,,,,,,,,
BenchmarkTest02079.java,0,CWE-330,,,,0,0,1,0,0,0,1,0,,,,,,,,
BenchmarkTest02080.java,0,CWE-330,,,,0,0,1,0,0,0,1,0,,,,,,,,
BenchmarkTest02081.java,0,CWE-330,,,,0,0,1,0,0,0,1,0,,,,,,,,
BenchmarkTest02082.java,0,CWE-330,,,,0,0,1,0,0,0,1,0,,,,,,,,
BenchmarkTest02083.java,0,CWE-330,,,,0,0,1,0,0,0,1,0,,,,,,,,
BenchmarkTest02087.java,0,CWE-89,CWE-89,1,0,1,0,0,0,1,0,0,0,2127,0.003158595,0,0.0,4,1.8239999999999998e-05,0.0031768350000000002,1.0658857822418213
BenchmarkTest02088.java,0,CWE-89,CWE-89,1,0,1,0,0,0,1,0,0,0,2148,0.00318978,0,0.0,4,1.8239999999999998e-05,0.0032080200000000002,1.7244105339050293
BenchmarkTest02089.java,0,CWE-89,CWE-89,1,0,0,1,0,0,0,1,0,0,2147,0.0031882950000000003,0,0.0,4,1.8239999999999998e-05,0.0032065350000000004,1.0232205390930176
BenchmarkTest02090.java,0,CWE-89,,,,0,0,0,1,0,0,0,1,,,,,,,,
BenchmarkTest02091.java,0,CWE-89,CWE-89,1,0,1,0,0,0,1,0,0,0,2263,0.0033605550000000003,0,0.0,4,1.8239999999999998e-05,0.0033787950000000004,1.0842981338500977
BenchmarkTest02092.java,0,CWE-89,CWE-89,1,0,1,0,0,0,1,0,0,0,2122,0.00315117,0,0.0,4,1.8239999999999998e-05,0.00316941,1.0095772743225098
BenchmarkTest02093.java,0,CWE-89,CWE-89,1,0,0,1,0,0,0,1,0,0,2146,0.0031868100000000004,0,0.0,4,1.8239999999999998e-05,0.0032050500000000005,1.1264433860778809
BenchmarkTest02094.java,0,CWE-89,CWE-89,1,0,1,0,0,0,1,0,0,0,2090,0.00310365,0,0.0,4,1.8239999999999998e-05,0.00312189,1.0365002155303955
BenchmarkTest02095.java,0,CWE-89,CWE-89,1,0,0,1,0,0,0,1,0,0,2175,0.003229875,0,0.0,4,1.8239999999999998e-05,0.003248115,1.2140874862670898
BenchmarkTest02096.java,0,CWE-89,CWE-89,1,0,1,0,0,0,1,0,0,0,2118,0.00314523,0,0.0,4,1.8239999999999998e-05,0.0031634700000000003,1.0503013134002686
BenchmarkTest02097.java,0,CWE-89,CWE-89,1,0,0,1,0,0,0,1,0,0,2167,0.0032179950000000004,0,0.0,4,1.8239999999999998e-05,0.0032362350000000005,0.9655580520629883
BenchmarkTest02098.java,0,CWE-89,CWE-89,1,0,0,1,0,0,0,1,0,0,2155,0.003200175,0,0.0,4,1.8239999999999998e-05,0.003218415,1.0201475620269775
BenchmarkTest02099.java,0,CWE-89,CWE-89,1,0,1,0,0,0,1,0,0,0,2116,0.00314226,0,0.0,4,1.8239999999999998e-05,0.0031605,1.0368311405181885
BenchmarkTest02100.java,0,CWE-643,CWE-643,1,0,1,0,0,0,1,0,0,0,2349,0.0034882650000000004,0,0.0,4,1.8239999999999998e-05,0.0035065050000000005,1.0080928802490234
BenchmarkTest02101.java,0,CWE-327,CWE-327,1,0,1,0,0,0,1,0,0,0,2802,0.00416097,0,0.0,4,1.8239999999999998e-05,0.00417921,1.2340993881225586
BenchmarkTest02102.java,0,CWE-327,,,,0,0,1,0,0,0,1,0,,,,,,,,
BenchmarkTest02103.java,0,CWE-327,,,,0,0,1,0,0,0,1,0,,,,,,,,
BenchmarkTest02104.java,0,CWE-90,CWE-90,1,0,0,1,0,0,0,1,0,0,2437,0.003618945,0,0.0,4,1.8239999999999998e-05,0.0036371850000000002,1.5676443576812744
BenchmarkTest02105.java,0,CWE-22,CWE-23,0,0,1,0,0,0,1,0,0,0,2391,0.0035506350000000003,0,0.0,4,1.8239999999999998e-05,0.0035688750000000004,2.5084784030914307
BenchmarkTest02106.java,0,CWE-22,CWE-23,0,0,1,0,0,0,1,0,0,0,2366,0.00351351,0,0.0,4,1.8239999999999998e-05,0.00353175,2.5000901222229004
BenchmarkTest02107.java,0,CWE-22,CWE-23,0,0,0,1,0,0,0,1,0,0,2353,0.0034942050000000002,0,0.0,4,1.8239999999999998e-05,0.0035124450000000003,1.5263352394104004
BenchmarkTest02108.java,0,CWE-22,CWE-23,0,0,0,1,0,0,0,1,0,0,2471,0.0036694350000000004,0,0.0,4,1.8239999999999998e-05,0.0036876750000000005,1.543788194656372
BenchmarkTest02109.java,0,CWE-22,CWE-23,0,0,1,0,0,0,1,0,0,0,2415,0.003586275,0,0.0,4,1.8239999999999998e-05,0.003604515,1.1245183944702148
BenchmarkTest02110.java,1,CWE-22,CWE-23,0,0,0,1,0,0,0,0,0,0,0,0,0,0,0,0,0,0
BenchmarkTest02111.java,0,CWE-22,CWE-23,0,0,0,1,0,0,0,1,0,0,2389,0.0035476650000000006,0,0.0,4,1.8239999999999998e-05,0.0035659050000000007,1.0426294803619385
BenchmarkTest02112.java,0,CWE-22,CWE-23,0,0,1,0,0,0,1,0,0,0,2452,0.00364122,0,0.0,4,1.8239999999999998e-05,0.0036594600000000002,1.1284592151641846
BenchmarkTest02113.java,0,CWE-22,CWE-23,0,0,1,0,0,0,1,0,0,0,2589,0.0038446650000000006,0,0.0,4,1.8239999999999998e-05,0.0038629050000000007,1.1924962997436523
BenchmarkTest02114.java,0,CWE-90,CWE-90,1,0,0,1,0,0,0,1,0,0,2467,0.0036634950000000006,0,0.0,4,1.8239999999999998e-05,0.0036817350000000006,1.1400768756866455
BenchmarkTest02115.java,0,CWE-90,CWE-90,1,0,0,1,0,0,0,1,0,0,2502,0.0037154700000000002,0,0.0,4,1.8239999999999998e-05,0.0037337100000000003,1.013195514678955
BenchmarkTest02116.java,0,CWE-90,CWE-90,1,0,0,1,0,0,0,1,0,0,2461,0.003654585,0,0.0,4,1.8239999999999998e-05,0.0036728250000000002,1.0378541946411133
BenchmarkTest02117.java,0,CWE-330,CWE-330,1,0,1,0,0,0,1,0,0,0,2469,0.0036664650000000003,0,0.0,4,1.8239999999999998e-05,0.0036847050000000004,2.163638114929199
BenchmarkTest02118.java,0,CWE-328,CWE-916,0,0,1,0,0,0,1,0,0,0,2494,0.00370359,0,0.0,4,1.8239999999999998e-05,0.00372183,2.1825687885284424
BenchmarkTest02119.java,0,CWE-328,,,,0,0,1,0,0,0,1,0,,,,,,,,
BenchmarkTest02120.java,0,CWE-328,,,,0,0,1,0,0,0,1,0,,,,,,,,
BenchmarkTest02121.java,0,CWE-328,,,,0,0,0,1,0,0,0,1,,,,,,,,
BenchmarkTest02122.java,0,CWE-79,CWE-79,1,0,0,1,0,0,0,1,0,0,2555,0.0037941750000000003,0,0.0,4,1.8239999999999998e-05,0.0038124150000000004,1.54787278175354
BenchmarkTest02123.java,0,CWE-79,CWE-79,1,0,1,0,0,0,1,0,0,0,2472,0.0036709200000000003,0,0.0,4,1.8239999999999998e-05,0.0036891600000000004,1.1568748950958252
BenchmarkTest02124.java,0,CWE-79,CWE-79,1,0,1,0,0,0,1,0,0,0,2468,0.00366498,0,0.0,4,1.8239999999999998e-05,0.00368322,1.081812858581543
BenchmarkTest02125.java,0,CWE-79,CWE-79,1,1,0,1,0,0,0,0,1,0,2427,0.0036040950000000003,0,0.0,3,1.368e-05,0.003617775,1.015242576599121
BenchmarkTest02126.java,0,CWE-79,CWE-79,1,0,1,0,0,0,1,0,0,0,2642,0.003923370000000001,0,0.0,4,1.8239999999999998e-05,0.003941610000000001,1.1514098644256592
BenchmarkTest02127.java,0,CWE-79,CWE-79,1,0,1,0,0,0,1,0,0,0,2446,0.0036323100000000006,0,0.0,4,1.8239999999999998e-05,0.0036505500000000007,0.980461835861206
BenchmarkTest02128.java,0,CWE-79,CWE-79,1,0,1,0,0,0,1,0,0,0,2448,0.0036352800000000003,0,0.0,4,1.8239999999999998e-05,0.0036535200000000004,1.8689301013946533
BenchmarkTest02129.java,0,CWE-79,CWE-79,1,0,1,0,0,0,1,0,0,0,2461,0.003654585,0,0.0,4,1.8239999999999998e-05,0.0036728250000000002,2.177279472351074
BenchmarkTest02130.java,0,CWE-79,CWE-79,1,0,1,0,0,0,1,0,0,0,2467,0.0036634950000000006,0,0.0,4,1.8239999999999998e-05,0.0036817350000000006,1.4801254272460938
BenchmarkTest02131.java,0,CWE-79,CWE-79,1,0,1,0,0,0,1,0,0,0,2466,0.0036620100000000003,0,0.0,4,1.8239999999999998e-05,0.0036802500000000004,1.0888323783874512
BenchmarkTest02132.java,0,CWE-79,CWE-79,1,0,1,0,0,0,1,0,0,0,2642,0.003923370000000001,0,0.0,4,1.8239999999999998e-05,0.003941610000000001,0.9724326133728027
BenchmarkTest02133.java,0,CWE-79,CWE-79,1,0,1,0,0,0,1,0,0,0,2442,0.0036263700000000003,0,0.0,4,1.8239999999999998e-05,0.0036446100000000004,1.250234842300415
BenchmarkTest02134.java,0,CWE-79,CWE-79,1,0,1,0,0,0,1,0,0,0,2450,0.0036382500000000004,0,0.0,4,1.8239999999999998e-05,0.0036564900000000005,1.132624864578247
BenchmarkTest02135.java,0,CWE-79,CWE-79,1,0,0,1,0,0,0,1,0,0,2657,0.003945645,0,0.0,4,1.8239999999999998e-05,0.003963885,1.120147943496704
BenchmarkTest02136.java,0,CWE-79,CWE-79,1,0,1,0,0,0,1,0,0,0,2470,0.00366795,0,0.0,4,1.8239999999999998e-05,0.00368619,1.5721864700317383
BenchmarkTest02137.java,0,CWE-78,CWE-78,1,0,1,0,0,0,1,0,0,0,2143,0.003182355,0,0.0,4,1.8239999999999998e-05,0.003200595,1.7285277843475342
BenchmarkTest02138.java,0,CWE-330,CWE-330,1,0,1,0,0,0,1,0,0,0,2428,0.0036055800000000006,0,0.0,4,1.8239999999999998e-05,0.0036238200000000007,2.6204371452331543
BenchmarkTest02139.java,0,CWE-330,CWE-330,1,0,1,0,0,0,1,0,0,0,2395,0.003556575,0,0.0,4,1.8239999999999998e-05,0.0035748150000000003,1.0272603034973145
BenchmarkTest02140.java,0,CWE-330,CWE-330,1,0,1,0,0,0,1,0,0,0,2405,0.003571425,0,0.0,4,1.8239999999999998e-05,0.003589665,1.0384480953216553
BenchmarkTest02141.java,0,CWE-330,CWE-330,1,0,1,0,0,0,1,0,0,0,2361,0.003506085,0,0.0,4,1.8239999999999998e-05,0.003524325,1.1429340839385986
BenchmarkTest02142.java,0,CWE-614,CWE-614,1,0,1,0,0,0,1,0,0,0,2220,0.0032967,0,0.0,4,1.8239999999999998e-05,0.00331494,1.0586802959442139
BenchmarkTest02143.java,0,CWE-614,,,,0,0,1,0,0,0,1,0,,,,,,,,
BenchmarkTest02144.java,0,CWE-614,,,,0,0,1,0,0,0,1,0,,,,,,,,
BenchmarkTest02145.java,0,CWE-79,CWE-79,1,0,1,0,0,0,1,0,0,0,2647,0.003930795,0,0.0,4,1.8239999999999998e-05,0.003949035,1.131941318511963
BenchmarkTest02146.java,0,CWE-78,CWE-78,1,0,1,0,0,0,1,0,0,0,2145,0.003185325,0,0.0,4,1.8239999999999998e-05,0.0032035650000000002,1.1168463230133057
BenchmarkTest02147.java,0,CWE-78,CWE-78,1,0,1,0,0,0,1,0,0,0,2086,0.00309771,0,0.0,4,1.8239999999999998e-05,0.00311595,1.8100435733795166
BenchmarkTest02148.java,0,CWE-78,CWE-78,1,0,0,1,0,0,0,1,0,0,2431,0.003610035,0,0.0,4,1.8239999999999998e-05,0.0036282750000000002,2.9510815143585205
BenchmarkTest02149.java,0,CWE-78,CWE-78,1,0,0,1,0,0,0,1,0,0,2224,0.0033026400000000003,0,0.0,4,1.8239999999999998e-05,0.0033208800000000004,1.0475823879241943
BenchmarkTest02150.java,0,CWE-78,CWE-78,1,0,1,0,0,0,1,0,0,0,2283,0.003390255,0,0.0,4,1.8239999999999998e-05,0.003408495,1.308288812637329
BenchmarkTest02151.java,0,CWE-78,CWE-78,1,0,1,0,0,0,1,0,0,0,2261,0.003357585,0,0.0,4,1.8239999999999998e-05,0.0033758250000000003,1.035787582397461
BenchmarkTest02152.java,0,CWE-78,CWE-78,1,0,1,0,0,0,1,0,0,0,2251,0.0033427350000000003,0,0.0,4,1.8239999999999998e-05,0.0033609750000000004,1.0383834838867188
BenchmarkTest02153.java,0,CWE-78,CWE-78,1,0,0,1,0,0,0,1,0,0,2280,0.0033858,0,0.0,4,1.8239999999999998e-05,0.00340404,1.1646664142608643
BenchmarkTest02154.java,0,CWE-78,CWE-78,1,0,1,0,0,0,1,0,0,0,2139,0.0031764150000000006,0,0.0,4,1.8239999999999998e-05,0.0031946550000000007,1.0509576797485352
BenchmarkTest02155.java,0,CWE-78,CWE-78,1,0,1,0,0,0,1,0,0,0,2091,0.003105135,0,0.0,4,1.8239999999999998e-05,0.0031233750000000003,121.66655683517456
BenchmarkTest02156.java,0,CWE-78,CWE-78,1,0,0,1,0,0,0,1,0,0,2065,0.003066525,0,0.0,4,1.8239999999999998e-05,0.003084765,1.091545820236206
BenchmarkTest02157.java,0,CWE-330,,,,0,0,1,0,0,0,1,0,,,,,,,,
BenchmarkTest02158.java,0,CWE-330,,,,0,0,1,0,0,0,1,0,,,,,,,,
BenchmarkTest02159.java,0,CWE-330,,,,0,0,1,0,0,0,1,0,,,,,,,,
BenchmarkTest02160.java,0,CWE-330,CWE-330,1,1,0,1,0,0,0,0,1,0,2560,0.0038016000000000005,0,0.0,3,1.368e-05,0.0038152800000000003,1.572026252746582
BenchmarkTest02161.java,0,CWE-330,,,,0,0,1,0,0,0,1,0,,,,,,,,
BenchmarkTest02162.java,0,CWE-330,,,,0,0,1,0,0,0,1,0,,,,,,,,
BenchmarkTest02163.java,0,CWE-330,,,,0,0,1,0,0,0,1,0,,,,,,,,
BenchmarkTest02164.java,0,CWE-330,,,,0,0,1,0,0,0,1,0,,,,,,,,
BenchmarkTest02169.java,0,CWE-89,CWE-89,1,0,1,0,0,0,1,0,0,0,2094,0.00310959,0,0.0,4,1.8239999999999998e-05,0.0031278300000000003,1.089794635772705
BenchmarkTest02170.java,0,CWE-89,CWE-89,1,0,1,0,0,0,1,0,0,0,2133,0.003167505,0,0.0,4,1.8239999999999998e-05,0.0031857450000000002,1.0924830436706543
BenchmarkTest02171.java,0,CWE-89,CWE-89,1,0,1,0,0,0,1,0,0,0,2126,0.0031571100000000003,0,0.0,4,1.8239999999999998e-05,0.0031753500000000004,0.9754259586334229
BenchmarkTest02172.java,0,CWE-89,CWE-89,1,0,0,1,0,0,0,1,0,0,2105,0.0031259250000000003,0,0.0,4,1.8239999999999998e-05,0.0031441650000000004,2.725619077682495
BenchmarkTest02173.java,0,CWE-89,CWE-89,1,0,0,1,0,0,0,1,0,0,2164,0.0032135400000000004,0,0.0,4,1.8239999999999998e-05,0.0032317800000000005,18.74084496498108
BenchmarkTest02174.java,0,CWE-89,CWE-89,1,0,0,1,0,0,0,1,0,0,2097,0.003114045,0,0.0,4,1.8239999999999998e-05,0.0031322850000000003,1.202979326248169
BenchmarkTest02175.java,0,CWE-89,,,,0,0,1,0,0,0,1,0,,,,,,,,
BenchmarkTest02176.java,0,CWE-89,,,,0,0,1,0,0,0,1,0,,,,,,,,
BenchmarkTest02177.java,0,CWE-89,CWE-89,1,0,1,0,0,0,1,0,0,0,2316,0.0034392600000000004,0,0.0,4,1.8239999999999998e-05,0.0034575000000000005,1.1803410053253174
BenchmarkTest02178.java,0,CWE-89,,,,0,0,0,1,0,0,0,1,,,,,,,,
BenchmarkTest02179.java,0,CWE-89,,,,0,0,0,1,0,0,0,1,,,,,,,,
BenchmarkTest02180.java,0,CWE-89,,,,0,0,1,0,0,0,1,0,,,,,,,,
BenchmarkTest02181.java,0,CWE-89,,,,0,0,0,1,0,0,0,1,,,,,,,,
BenchmarkTest02182.java,0,CWE-89,,,,0,0,0,1,0,0,0,1,,,,,,,,
BenchmarkTest02183.java,0,CWE-89,,,,0,0,1,0,0,0,1,0,,,,,,,,
BenchmarkTest02184.java,0,CWE-89,,,,0,0,1,0,0,0,1,0,,,,,,,,
BenchmarkTest02185.java,0,CWE-89,CWE-89,1,0,0,1,0,0,0,1,0,0,2095,0.0031110750000000005,0,0.0,4,1.8239999999999998e-05,0.0031293150000000006,3.5096778869628906
BenchmarkTest02186.java,0,CWE-89,CWE-89,1,0,1,0,0,0,1,0,0,0,2051,0.003045735,0,0.0,4,1.8239999999999998e-05,0.003063975,1.2956326007843018
BenchmarkTest02187.java,0,CWE-89,CWE-89,1,0,1,0,0,0,1,0,0,0,2113,0.0031378050000000005,0,0.0,4,1.8239999999999998e-05,0.0031560450000000006,1.0978198051452637
BenchmarkTest02188.java,0,CWE-89,CWE-89,1,0,0,1,0,0,0,1,0,0,2277,0.0033813450000000004,0,0.0,4,1.8239999999999998e-05,0.0033995850000000005,1.0602385997772217
BenchmarkTest02189.java,0,CWE-643,CWE-643,1,0,1,0,0,0,1,0,0,0,2225,0.003304125,0,0.0,4,1.8239999999999998e-05,0.0033223650000000003,1.6164329051971436
BenchmarkTest02190.java,0,CWE-327,,,,0,0,1,0,0,0,1,0,,,,,,,,
BenchmarkTest02191.java,0,CWE-327,,,,0,0,1,0,0,0,1,0,,,,,,,,
BenchmarkTest02192.java,0,CWE-327,CWE-327,1,0,1,0,0,0,1,0,0,0,2863,0.004251555000000001,0,0.0,4,1.8239999999999998e-05,0.004269795000000001,1.1399788856506348
BenchmarkTest02193.java,0,CWE-327,CWE-327,1,0,1,0,0,0,1,0,0,0,2887,0.004287195000000001,0,0.0,4,1.8239999999999998e-05,0.004305435000000001,1.6340601444244385
BenchmarkTest02194.java,0,CWE-327,CWE-327,1,0,1,0,0,0,1,0,0,0,2453,0.0036427050000000004,0,0.0,4,1.8239999999999998e-05,0.0036609450000000005,1.1687383651733398
BenchmarkTest02195.java,0,CWE-327,CWE-327,1,0,1,0,0,0,1,0,0,0,2474,0.0036738900000000004,0,0.0,4,1.8239999999999998e-05,0.0036921300000000005,3.2133169174194336
BenchmarkTest02196.java,0,CWE-90,CWE-90,1,0,1,0,0,0,1,0,0,0,2468,0.00366498,0,0.0,4,1.8239999999999998e-05,0.00368322,1.1311261653900146
BenchmarkTest02197.java,0,CWE-22,CWE-23,0,0,1,0,0,0,1,0,0,0,2450,0.0036382500000000004,0,0.0,4,1.8239999999999998e-05,0.0036564900000000005,1.1642653942108154
BenchmarkTest02198.java,0,CWE-22,CWE-23,0,0,1,0,0,0,1,0,0,0,2451,0.0036397350000000003,0,0.0,4,1.8239999999999998e-05,0.0036579750000000004,1.0940978527069092
BenchmarkTest02199.java,0,CWE-22,CWE-23,0,0,1,0,0,0,1,0,0,0,2345,0.003482325,0,0.0,4,1.8239999999999998e-05,0.003500565,1.159919261932373
BenchmarkTest02200.java,0,CWE-22,CWE-23,0,0,0,1,0,0,0,1,0,0,2377,0.003529845,0,0.0,4,1.8239999999999998e-05,0.0035480850000000003,1.1136558055877686
BenchmarkTest02201.java,0,CWE-22,CWE-23,0,0,0,1,0,0,0,1,0,0,2586,0.00384021,0,0.0,4,1.8239999999999998e-05,0.0038584500000000002,1.1828083992004395
BenchmarkTest02202.java,0,CWE-22,CWE-23,0,0,0,1,0,0,0,1,0,0,2432,0.0036115200000000004,0,0.0,4,1.8239999999999998e-05,0.0036297600000000005,1.503859519958496
BenchmarkTest02203.java,0,CWE-22,CWE-23,0,0,0,1,0,0,0,1,0,0,2638,0.00391743,0,0.0,4,1.8239999999999998e-05,0.0039356700000000005,1.7110202312469482
BenchmarkTest02204.java,0,CWE-22,CWE-23,0,0,0,1,0,0,0,1,0,0,2423,0.003598155,0,0.0,4,1.8239999999999998e-05,0.003616395,2.419771671295166
BenchmarkTest02205.java,0,CWE-22,CWE-23,0,0,1,0,0,0,1,0,0,0,2423,0.003598155,0,0.0,4,1.8239999999999998e-05,0.003616395,1.0422940254211426
BenchmarkTest02206.java,0,CWE-22,CWE-23,0,0,0,1,0,0,0,1,0,0,2563,0.0038060550000000005,0,0.0,4,1.8239999999999998e-05,0.0038242950000000006,1.0350122451782227
BenchmarkTest02207.java,0,CWE-22,CWE-23,0,0,0,1,0,0,0,1,0,0,2615,0.0038832750000000003,0,0.0,4,1.8239999999999998e-05,0.0039015150000000004,1.1341967582702637
BenchmarkTest02208.java,0,CWE-90,CWE-90,1,0,1,0,0,0,1,0,0,0,2545,0.0037793250000000005,0,0.0,4,1.8239999999999998e-05,0.0037975650000000006,1.0657870769500732
BenchmarkTest02209.java,0,CWE-330,CWE-330,1,0,1,0,0,0,1,0,0,0,2497,0.003708045,0,0.0,4,1.8239999999999998e-05,0.003726285,1.093163251876831
BenchmarkTest02210.java,0,CWE-328,,,,0,0,1,0,0,0,1,0,,,,,,,,
BenchmarkTest02211.java,0,CWE-328,CWE-916,0,0,1,0,0,0,1,0,0,0,2452,0.00364122,0,0.0,4,1.8239999999999998e-05,0.0036594600000000002,1.571155071258545
BenchmarkTest02212.java,0,CWE-328,CWE-916,0,0,1,0,0,0,1,0,0,0,2467,0.0036634950000000006,0,0.0,4,1.8239999999999998e-05,0.0036817350000000006,1.6468603610992432
BenchmarkTest02213.java,0,CWE-328,CWE-916,0,0,1,0,0,0,1,0,0,0,2468,0.00366498,0,0.0,4,1.8239999999999998e-05,0.00368322,2.5987582206726074
BenchmarkTest02214.java,0,CWE-328,,,,0,0,1,0,0,0,1,0,,,,,,,,
BenchmarkTest02215.java,0,CWE-328,,,,0,0,1,0,0,0,1,0,,,,,,,,
BenchmarkTest02216.java,0,CWE-328,,,,0,0,1,0,0,0,1,0,,,,,,,,
BenchmarkTest02217.java,0,CWE-328,CWE-916,0,0,1,0,0,0,1,0,0,0,2395,0.003556575,0,0.0,4,1.8239999999999998e-05,0.0035748150000000003,1.5747451782226562
BenchmarkTest02218.java,0,CWE-328,,,,0,0,1,0,0,0,1,0,,,,,,,,
BenchmarkTest02219.java,0,CWE-328,,,,0,0,0,1,0,0,0,1,,,,,,,,
BenchmarkTest02220.java,0,CWE-328,,,,0,0,1,0,0,0,1,0,,,,,,,,
BenchmarkTest02221.java,0,CWE-79,CWE-79,1,0,1,0,0,0,1,0,0,0,2574,0.00382239,0,0.0,4,1.8239999999999998e-05,0.0038406300000000003,1.0964598655700684
BenchmarkTest02222.java,0,CWE-79,CWE-79,1,0,0,1,0,0,0,1,0,0,2551,0.003788235,0,0.0,4,1.8239999999999998e-05,0.003806475,1.159797191619873
BenchmarkTest02223.java,0,CWE-79,CWE-79,1,0,1,0,0,0,1,0,0,0,2489,0.0036961650000000004,0,0.0,4,1.8239999999999998e-05,0.0037144050000000005,1.0548956394195557
BenchmarkTest02224.java,0,CWE-79,CWE-79,1,0,1,0,0,0,1,0,0,0,2502,0.0037154700000000002,0,0.0,4,1.8239999999999998e-05,0.0037337100000000003,1.1472773551940918
BenchmarkTest02225.java,0,CWE-79,CWE-79,1,0,1,0,0,0,1,0,0,0,2541,0.003773385,0,0.0,4,1.8239999999999998e-05,0.0037916250000000003,1.1230907440185547
BenchmarkTest02226.java,0,CWE-79,CWE-79,1,0,0,1,0,0,0,1,0,0,2478,0.0036798300000000003,0,0.0,4,1.8239999999999998e-05,0.0036980700000000003,1.1231162548065186
BenchmarkTest02227.java,0,CWE-79,CWE-79,1,0,1,0,0,0,1,0,0,0,2468,0.00366498,0,0.0,4,1.8239999999999998e-05,0.00368322,1.542576789855957
BenchmarkTest02228.java,0,CWE-79,CWE-79,1,0,1,0,0,0,1,0,0,0,2466,0.0036620100000000003,0,0.0,4,1.8239999999999998e-05,0.0036802500000000004,2.6374452114105225
BenchmarkTest02229.java,0,CWE-79,CWE-79,1,1,0,1,0,0,0,0,1,0,2577,0.003826845,0,0.0,3,1.368e-05,0.003840525,1.2115824222564697
BenchmarkTest02230.java,0,CWE-79,CWE-79,1,0,1,0,0,0,1,0,0,0,2533,0.003761505,0,0.0,4,1.8239999999999998e-05,0.003779745,1.7557010650634766
BenchmarkTest02231.java,0,CWE-79,CWE-79,1,0,0,1,0,0,0,1,0,0,2713,0.004028805,0,0.0,4,1.8239999999999998e-05,0.004047045,1.1625428199768066
BenchmarkTest02232.java,0,CWE-79,CWE-79,1,0,1,0,0,0,1,0,0,0,2457,0.0036486450000000003,0,0.0,4,1.8239999999999998e-05,0.0036668850000000004,1.1394305229187012
BenchmarkTest02233.java,0,CWE-79,CWE-79,1,0,0,1,0,0,0,1,0,0,2528,0.0037540800000000004,0,0.0,4,1.8239999999999998e-05,0.0037723200000000004,1.261495590209961
BenchmarkTest02234.java,0,CWE-79,CWE-79,1,0,1,0,0,0,1,0,0,0,2478,0.0036798300000000003,0,0.0,4,1.8239999999999998e-05,0.0036980700000000003,1.6089286804199219
BenchmarkTest02235.java,0,CWE-79,CWE-79,1,0,0,1,0,0,0,1,0,0,2482,0.0036857700000000005,0,0.0,4,1.8239999999999998e-05,0.0037040100000000006,2.2555367946624756
BenchmarkTest02236.java,0,CWE-79,CWE-79,1,0,0,1,0,0,0,1,0,0,2485,0.0036902250000000005,0,0.0,4,1.8239999999999998e-05,0.0037084650000000006,2.64499831199646
BenchmarkTest02237.java,0,CWE-79,CWE-79,1,1,0,1,0,0,0,0,1,0,2459,0.0036516150000000004,0,0.0,3,1.368e-05,0.0036652950000000003,1.1281719207763672
BenchmarkTest02238.java,0,CWE-79,CWE-79,1,0,0,1,0,0,0,1,0,0,2688,0.00399168,0,0.0,4,1.8239999999999998e-05,0.00400992,1.0977098941802979
BenchmarkTest02239.java,0,CWE-79,CWE-79,1,0,0,1,0,0,0,1,0,0,2512,0.00373032,0,0.0,4,1.8239999999999998e-05,0.00374856,1.1062021255493164
BenchmarkTest02240.java,0,CWE-79,CWE-79,1,0,0,1,0,0,0,1,0,0,2530,0.00375705,0,0.0,4,1.8239999999999998e-05,0.00377529,1.0452325344085693
BenchmarkTest02241.java,0,CWE-79,CWE-79,1,0,1,0,0,0,1,0,0,0,2535,0.003764475,0,0.0,4,1.8239999999999998e-05,0.0037827150000000003,1.1770799160003662
BenchmarkTest02242.java,0,CWE-78,CWE-78,1,0,0,1,0,0,0,1,0,0,2389,0.0035476650000000006,0,0.0,4,1.8239999999999998e-05,0.0035659050000000007,1.1073830127716064
BenchmarkTest02243.java,0,CWE-78,CWE-78,1,0,1,0,0,0,1,0,0,0,2225,0.003304125,0,0.0,4,1.8239999999999998e-05,0.0033223650000000003,1.2214038372039795
BenchmarkTest02244.java,0,CWE-78,CWE-78,1,0,1,0,0,0,1,0,0,0,2174,0.0032283900000000003,0,0.0,4,1.8239999999999998e-05,0.0032466300000000003,1.8238019943237305
BenchmarkTest02245.java,0,CWE-330,CWE-330,1,0,1,0,0,0,1,0,0,0,2444,0.00362934,0,0.0,4,1.8239999999999998e-05,0.00364758,1.6178717613220215
BenchmarkTest02246.java,0,CWE-330,CWE-330,1,0,1,0,0,0,1,0,0,0,2479,0.003681315,0,0.0,4,1.8239999999999998e-05,0.003699555,3.089942216873169
BenchmarkTest02247.java,0,CWE-614,,,,0,0,1,0,0,0,1,0,,,,,,,,
BenchmarkTest02248.java,0,CWE-614,,,,0,0,1,0,0,0,1,0,,,,,,,,
BenchmarkTest02249.java,0,CWE-78,CWE-78,1,0,1,0,0,0,1,0,0,0,2176,0.00323136,0,0.0,4,1.8239999999999998e-05,0.0032496,2.1708357334136963
BenchmarkTest02250.java,0,CWE-78,CWE-78,1,0,1,0,0,0,1,0,0,0,2198,0.0032640300000000002,0,0.0,4,1.8239999999999998e-05,0.0032822700000000003,1.5403656959533691
BenchmarkTest02251.java,0,CWE-78,CWE-78,1,0,1,0,0,0,1,0,0,0,2251,0.0033427350000000003,0,0.0,4,1.8239999999999998e-05,0.0033609750000000004,1.1574463844299316
BenchmarkTest02252.java,0,CWE-78,CWE-78,1,0,0,1,0,0,0,1,0,0,2266,0.0033650100000000003,0,0.0,4,1.8239999999999998e-05,0.0033832500000000004,1.1358139514923096
BenchmarkTest02253.java,0,CWE-78,CWE-78,1,0,0,1,0,0,0,1,0,0,2316,0.0034392600000000004,0,0.0,4,1.8239999999999998e-05,0.0034575000000000005,1.1025805473327637
BenchmarkTest02254.java,0,CWE-330,,,,0,0,1,0,0,0,1,0,,,,,,,,
BenchmarkTest02255.java,0,CWE-330,,,,0,0,1,0,0,0,1,0,,,,,,,,
BenchmarkTest02256.java,0,CWE-330,,,,0,0,1,0,0,0,1,0,,,,,,,,
BenchmarkTest02257.java,0,CWE-330,,,,0,0,1,0,0,0,1,0,,,,,,,,
BenchmarkTest02258.java,0,CWE-330,CWE-330,1,1,0,1,0,0,0,0,1,0,2522,0.00374517,0,0.0,3,1.368e-05,0.0037588499999999998,1.2506532669067383
BenchmarkTest02259.java,0,CWE-330,,,,0,0,1,0,0,0,1,0,,,,,,,,
BenchmarkTest02260.java,0,CWE-330,,,,0,0,1,0,0,0,1,0,,,,,,,,
BenchmarkTest02264.java,0,CWE-89,CWE-89,1,0,1,0,0,0,1,0,0,0,2123,0.0031526550000000003,0,0.0,4,1.8239999999999998e-05,0.0031708950000000004,1.5685696601867676
BenchmarkTest02265.java,0,CWE-89,CWE-89,1,0,0,1,0,0,0,1,0,0,2158,0.00320463,0,0.0,4,1.8239999999999998e-05,0.00322287,1.237436056137085
BenchmarkTest02266.java,0,CWE-89,CWE-89,1,0,0,1,0,0,0,1,0,0,2195,0.0032595750000000002,0,0.0,4,1.8239999999999998e-05,0.0032778150000000003,1.1672601699829102
BenchmarkTest02267.java,0,CWE-89,CWE-89,1,0,0,1,0,0,0,1,0,0,2139,0.0031764150000000006,0,0.0,4,1.8239999999999998e-05,0.0031946550000000007,1.1290132999420166
BenchmarkTest02268.java,0,CWE-89,CWE-89,1,0,0,1,0,0,0,1,0,0,2222,0.00329967,0,0.0,4,1.8239999999999998e-05,0.0033179100000000003,1.2121033668518066
BenchmarkTest02269.java,0,CWE-89,CWE-89,1,0,1,0,0,0,1,0,0,0,2154,0.00319869,0,0.0,4,1.8239999999999998e-05,0.0032169300000000002,1.2447404861450195
BenchmarkTest02270.java,0,CWE-89,CWE-89,1,0,1,0,0,0,1,0,0,0,2237,0.003321945,0,0.0,4,1.8239999999999998e-05,0.0033401850000000003,1.5965557098388672
BenchmarkTest02271.java,0,CWE-89,CWE-89,1,0,0,1,0,0,0,1,0,0,2115,0.003140775,0,0.0,4,1.8239999999999998e-05,0.0031590150000000003,4.680516242980957
BenchmarkTest02272.java,0,CWE-89,CWE-89,1,0,1,0,0,0,1,0,0,0,2129,0.003161565,0,0.0,4,1.8239999999999998e-05,0.003179805,3.246279001235962
BenchmarkTest02273.java,0,CWE-89,CWE-89,1,0,1,0,0,0,1,0,0,0,2187,0.003247695,0,0.0,4,1.8239999999999998e-05,0.003265935,1.689382553100586
BenchmarkTest02274.java,0,CWE-89,CWE-89,1,0,0,1,0,0,0,1,0,0,2345,0.003482325,0,0.0,4,1.8239999999999998e-05,0.003500565,1.2457606792449951
BenchmarkTest02275.java,0,CWE-89,,,,0,0,0,1,0,0,0,1,,,,,,,,
BenchmarkTest02276.java,0,CWE-89,,,,0,0,1,0,0,0,1,0,,,,,,,,
BenchmarkTest02277.java,0,CWE-89,,,,0,0,0,1,0,0,0,1,,,,,,,,
BenchmarkTest02278.java,0,CWE-89,,,,0,0,1,0,0,0,1,0,,,,,,,,
BenchmarkTest02279.java,0,CWE-89,,,,0,0,1,0,0,0,1,0,,,,,,,,
BenchmarkTest02280.java,0,CWE-89,,,,0,0,1,0,0,0,1,0,,,,,,,,
BenchmarkTest02281.java,0,CWE-89,,,,0,0,0,1,0,0,0,1,,,,,,,,
BenchmarkTest02282.java,0,CWE-89,CWE-89,1,0,0,1,0,0,0,1,0,0,2133,0.003167505,0,0.0,4,1.8239999999999998e-05,0.0031857450000000002,1.8027548789978027
BenchmarkTest02283.java,0,CWE-89,CWE-89,1,0,0,1,0,0,0,1,0,0,2125,0.003155625,0,0.0,4,1.8239999999999998e-05,0.003173865,1.1529388427734375
BenchmarkTest02284.java,0,CWE-89,CWE-89,1,0,1,0,0,0,1,0,0,0,2089,0.0031021650000000005,0,0.0,4,1.8239999999999998e-05,0.0031204050000000006,1.1835064888000488
BenchmarkTest02285.java,0,CWE-89,CWE-89,1,0,0,1,0,0,0,1,0,0,2094,0.00310959,0,0.0,4,1.8239999999999998e-05,0.0031278300000000003,1.116189956665039
BenchmarkTest02286.java,0,CWE-89,CWE-89,1,0,1,0,0,0,1,0,0,0,2104,0.00312444,0,0.0,4,1.8239999999999998e-05,0.00314268,1.5732452869415283
BenchmarkTest02287.java,0,CWE-89,CWE-89,1,0,1,0,0,0,1,0,0,0,2093,0.003108105,0,0.0,4,1.8239999999999998e-05,0.003126345,1.2819554805755615
BenchmarkTest02288.java,0,CWE-89,CWE-89,1,0,1,0,0,0,1,0,0,0,2097,0.003114045,0,0.0,4,1.8239999999999998e-05,0.0031322850000000003,1.1035664081573486
BenchmarkTest02289.java,0,CWE-327,,,,0,0,1,0,0,0,1,0,,,,,,,,
BenchmarkTest02290.java,0,CWE-327,CWE-327,1,0,1,0,0,0,1,0,0,0,2922,0.00433917,0,0.0,4,1.8239999999999998e-05,0.00435741,1.1626932621002197
BenchmarkTest02291.java,0,CWE-327,CWE-327,1,0,1,0,0,0,1,0,0,0,3117,0.004628745,0,0.0,4,1.8239999999999998e-05,0.004646985,1.7671821117401123
BenchmarkTest02292.java,0,CWE-327,CWE-327,1,0,1,0,0,0,1,0,0,0,2882,0.0042797700000000004,0,0.0,4,1.8239999999999998e-05,0.0042980100000000005,1.6940679550170898
BenchmarkTest02293.java,0,CWE-327,CWE-327,1,0,1,0,0,0,1,0,0,0,2739,0.0040674150000000004,0,0.0,4,1.8239999999999998e-05,0.0040856550000000005,3.088341236114502
BenchmarkTest02294.java,0,CWE-327,CWE-327,1,0,1,0,0,0,1,0,0,0,2539,0.0037704150000000005,0,0.0,4,1.8239999999999998e-05,0.0037886550000000006,3.0934696197509766
BenchmarkTest02295.java,0,CWE-327,CWE-327,1,0,1,0,0,0,1,0,0,0,2546,0.0037808100000000003,0,0.0,4,1.8239999999999998e-05,0.0037990500000000004,1.589151382446289
BenchmarkTest02296.java,0,CWE-327,,,,0,0,1,0,0,0,1,0,,,,,,,,
BenchmarkTest02297.java,0,CWE-327,,,,0,0,1,0,0,0,1,0,,,,,,,,
BenchmarkTest02298.java,0,CWE-327,,,,0,0,1,0,0,0,1,0,,,,,,,,
BenchmarkTest02299.java,0,CWE-90,CWE-90,1,0,1,0,0,0,1,0,0,0,2498,0.0037095300000000004,0,0.0,4,1.8239999999999998e-05,0.0037277700000000005,1.2800416946411133
BenchmarkTest02300.java,0,CWE-22,CWE-23,0,0,0,1,0,0,0,1,0,0,2691,0.0039961350000000005,0,0.0,4,1.8239999999999998e-05,0.004014375000000001,1.5724830627441406
BenchmarkTest02301.java,0,CWE-22,CWE-23,0,0,0,1,0,0,0,1,0,0,2484,0.0036887400000000002,0,0.0,4,1.8239999999999998e-05,0.0037069800000000003,1.277306318283081
BenchmarkTest02302.java,0,CWE-22,CWE-23,0,0,1,0,0,0,1,0,0,0,2451,0.0036397350000000003,0,0.0,4,1.8239999999999998e-05,0.0036579750000000004,1.2359459400177002
BenchmarkTest02303.java,0,CWE-22,CWE-23,0,0,1,0,0,0,1,0,0,0,2660,0.003950100000000001,0,0.0,4,1.8239999999999998e-05,0.003968340000000001,1.4309732913970947
BenchmarkTest02304.java,0,CWE-22,CWE-23,0,0,1,0,0,0,1,0,0,0,2579,0.003829815,0,0.0,4,1.8239999999999998e-05,0.003848055,1.046874761581421
BenchmarkTest02305.java,0,CWE-90,CWE-90,1,0,1,0,0,0,1,0,0,0,2563,0.0038060550000000005,0,0.0,4,1.8239999999999998e-05,0.0038242950000000006,1.1242055892944336
BenchmarkTest02306.java,0,CWE-90,CWE-90,1,0,1,0,0,0,1,0,0,0,2512,0.00373032,0,0.0,4,1.8239999999999998e-05,0.00374856,1.9317357540130615
BenchmarkTest02307.java,0,CWE-328,CWE-916,0,0,1,0,0,0,1,0,0,0,2650,0.00393525,0,0.0,4,1.8239999999999998e-05,0.0039534900000000005,1.0980780124664307
BenchmarkTest02308.java,0,CWE-328,CWE-916,0,0,1,0,0,0,1,0,0,0,2506,0.0037214100000000005,0,0.0,4,1.8239999999999998e-05,0.0037396500000000006,1.0044772624969482
BenchmarkTest02309.java,0,CWE-328,,,,0,0,1,0,0,0,1,0,,,,,,,,
BenchmarkTest02310.java,0,CWE-328,,,,0,0,1,0,0,0,1,0,,,,,,,,
BenchmarkTest02311.java,0,CWE-328,CWE-916,0,0,1,0,0,0,1,0,0,0,2464,0.0036590400000000006,0,0.0,4,1.8239999999999998e-05,0.0036772800000000007,1.0659277439117432
BenchmarkTest02312.java,0,CWE-328,,,,0,0,1,0,0,0,1,0,,,,,,,,
BenchmarkTest02313.java,0,CWE-79,CWE-79,1,0,0,1,0,0,0,1,0,0,2833,0.004207005,0,0.0,4,1.8239999999999998e-05,0.004225245,1.8704333305358887
BenchmarkTest02314.java,0,CWE-79,CWE-79,1,0,1,0,0,0,1,0,0,0,2564,0.0038075400000000003,0,0.0,4,1.8239999999999998e-05,0.0038257800000000004,2.860100746154785
BenchmarkTest02315.java,0,CWE-79,CWE-79,1,0,1,0,0,0,1,0,0,0,2538,0.00376893,0,0.0,4,1.8239999999999998e-05,0.0037871700000000003,3.1973636150360107
BenchmarkTest02316.java,0,CWE-79,CWE-79,1,0,1,0,0,0,1,0,0,0,2558,0.0037986300000000003,0,0.0,4,1.8239999999999998e-05,0.0038168700000000004,1.743553876876831
BenchmarkTest02317.java,0,CWE-79,CWE-79,1,0,1,0,0,0,1,0,0,0,2560,0.0038016000000000005,0,0.0,4,1.8239999999999998e-05,0.0038198400000000006,1.1106805801391602
BenchmarkTest02318.java,0,CWE-79,CWE-79,1,1,0,1,0,0,0,0,1,0,2527,0.003752595,0,0.0,3,1.368e-05,0.003766275,1.650787591934204
BenchmarkTest02319.java,0,CWE-79,CWE-79,1,0,0,1,0,0,0,1,0,0,2549,0.0037852650000000003,0,0.0,4,1.8239999999999998e-05,0.0038035050000000004,1.2057361602783203
BenchmarkTest02320.java,0,CWE-79,CWE-79,1,1,0,1,0,0,0,0,1,0,2564,0.0038075400000000003,0,0.0,3,1.368e-05,0.00382122,1.1546225547790527
BenchmarkTest02321.java,0,CWE-79,CWE-79,1,0,1,0,0,0,1,0,0,0,2767,0.004108995,0,0.0,4,1.8239999999999998e-05,0.004127235,1.1098597049713135
BenchmarkTest02322.java,0,CWE-79,CWE-79,1,0,1,0,0,0,1,0,0,0,2567,0.0038119950000000003,0,0.0,4,1.8239999999999998e-05,0.0038302350000000004,1.0743329524993896
BenchmarkTest02323.java,0,CWE-79,CWE-79,1,0,1,0,0,0,1,0,0,0,2570,0.0038164500000000003,0,0.0,4,1.8239999999999998e-05,0.0038346900000000004,1.2975366115570068
BenchmarkTest02324.java,0,CWE-79,CWE-79,1,0,1,0,0,0,1,0,0,0,2591,0.0038476350000000003,0,0.0,4,1.8239999999999998e-05,0.0038658750000000004,1.0962393283843994
BenchmarkTest02325.java,0,CWE-79,CWE-79,1,0,0,1,0,0,0,1,0,0,2545,0.0037793250000000005,0,0.0,4,1.8239999999999998e-05,0.0037975650000000006,1.1752371788024902
BenchmarkTest02326.java,0,CWE-79,CWE-79,1,0,1,0,0,0,1,0,0,0,2568,0.0038134800000000006,0,0.0,4,1.8239999999999998e-05,0.0038317200000000007,1.2036757469177246
BenchmarkTest02327.java,0,CWE-79,CWE-79,1,0,1,0,0,0,1,0,0,0,2610,0.0038758500000000006,0,0.0,4,1.8239999999999998e-05,0.0038940900000000007,1.0312895774841309
BenchmarkTest02328.java,0,CWE-79,CWE-79,1,0,1,0,0,0,1,0,0,0,2543,0.0037763550000000003,0,0.0,4,1.8239999999999998e-05,0.0037945950000000004,1.1789565086364746
BenchmarkTest02329.java,0,CWE-79,CWE-79,1,0,0,1,0,0,0,1,0,0,2584,0.0038372400000000004,0,0.0,4,1.8239999999999998e-05,0.0038554800000000005,1.349740743637085
BenchmarkTest02330.java,0,CWE-79,CWE-79,1,0,0,1,0,0,0,1,0,0,2576,0.0038253600000000003,0,0.0,4,1.8239999999999998e-05,0.0038436000000000004,1.8571827411651611
BenchmarkTest02331.java,0,CWE-79,CWE-79,1,1,0,1,0,0,0,0,1,0,2531,0.0037585350000000003,0,0.0,3,1.368e-05,0.003772215,4.032755613327026
BenchmarkTest02332.java,0,CWE-79,CWE-79,1,0,1,0,0,0,1,0,0,0,2545,0.0037793250000000005,0,0.0,4,1.8239999999999998e-05,0.0037975650000000006,2.722499370574951
BenchmarkTest02333.java,0,CWE-78,CWE-78,1,0,1,0,0,0,1,0,0,0,2242,0.0033293700000000003,0,0.0,4,1.8239999999999998e-05,0.0033476100000000004,1.1238148212432861
BenchmarkTest02334.java,0,CWE-78,CWE-78,1,0,1,0,0,0,1,0,0,0,2301,0.003416985,0,0.0,4,1.8239999999999998e-05,0.003435225,1.2164206504821777
BenchmarkTest02335.java,0,CWE-78,CWE-78,1,0,0,1,0,0,0,1,0,0,2280,0.0033858,0,0.0,4,1.8239999999999998e-05,0.00340404,1.0757582187652588
BenchmarkTest02336.java,0,CWE-78,CWE-78,1,0,0,1,0,0,0,1,0,0,2458,0.00365013,0,0.0,4,1.8239999999999998e-05,0.0036683700000000002,1.1016721725463867
BenchmarkTest02337.java,0,CWE-330,CWE-330,1,0,1,0,0,0,1,0,0,0,2555,0.0037941750000000003,0,0.0,4,1.8239999999999998e-05,0.0038124150000000004,1.193458080291748
BenchmarkTest02338.java,0,CWE-330,CWE-330,1,0,1,0,0,0,1,0,0,0,2493,0.003702105,0,0.0,4,1.8239999999999998e-05,0.003720345,1.0819635391235352
BenchmarkTest02339.java,0,CWE-614,CWE-614,1,0,1,0,0,0,1,0,0,0,2311,0.003431835,0,0.0,4,1.8239999999999998e-05,0.003450075,1.1249346733093262
BenchmarkTest02340.java,0,CWE-78,CWE-78,1,0,0,1,0,0,0,1,0,0,2373,0.0035239050000000004,0,0.0,4,1.8239999999999998e-05,0.0035421450000000004,1.1208069324493408
BenchmarkTest02341.java,0,CWE-78,CWE-78,1,0,0,1,0,0,0,1,0,0,2225,0.003304125,0,0.0,4,1.8239999999999998e-05,0.0033223650000000003,1.2229888439178467
BenchmarkTest02342.java,0,CWE-78,CWE-78,1,0,1,0,0,0,1,0,0,0,2198,0.0032640300000000002,0,0.0,4,1.8239999999999998e-05,0.0032822700000000003,1.105794906616211
BenchmarkTest02343.java,0,CWE-78,CWE-78,1,0,1,0,0,0,1,0,0,0,2242,0.0033293700000000003,0,0.0,4,1.8239999999999998e-05,0.0033476100000000004,1.144960641860962
BenchmarkTest02344.java,0,CWE-78,CWE-78,1,0,1,0,0,0,1,0,0,0,2158,0.00320463,0,0.0,4,1.8239999999999998e-05,0.00322287,1.0711414813995361
BenchmarkTest02345.java,0,CWE-330,,,,0,0,1,0,0,0,1,0,,,,,,,,
BenchmarkTest02346.java,0,CWE-330,,,,0,0,1,0,0,0,1,0,,,,,,,,
BenchmarkTest02347.java,0,CWE-330,,,,0,0,1,0,0,0,1,0,,,,,,,,
BenchmarkTest02348.java,0,CWE-330,,,,0,0,1,0,0,0,1,0,,,,,,,,
BenchmarkTest02349.java,0,CWE-330,,,,0,0,1,0,0,0,1,0,,,,,,,,
BenchmarkTest02350.java,0,CWE-330,,,,0,0,1,0,0,0,1,0,,,,,,,,
BenchmarkTest02351.java,0,CWE-330,,,,0,0,1,0,0,0,1,0,,,,,,,,
BenchmarkTest02353.java,0,CWE-89,CWE-89,1,0,0,1,0,0,0,1,0,0,2193,0.003256605,0,0.0,4,1.8239999999999998e-05,0.003274845,1.26511812210083
BenchmarkTest02354.java,0,CWE-89,CWE-89,1,0,1,0,0,0,1,0,0,0,2184,0.00324324,0,0.0,4,1.8239999999999998e-05,0.00326148,1.2121012210845947
BenchmarkTest02355.java,0,CWE-89,CWE-89,1,0,1,0,0,0,1,0,0,0,2217,0.0032922450000000005,0,0.0,4,1.8239999999999998e-05,0.0033104850000000006,2.052802562713623
BenchmarkTest02356.java,0,CWE-89,,,,0,0,0,1,0,0,0,1,,,,,,,,
BenchmarkTest02357.java,0,CWE-89,CWE-89,1,0,1,0,0,0,1,0,0,0,2387,0.003544695,0,0.0,4,1.8239999999999998e-05,0.003562935,2.5444462299346924
BenchmarkTest02358.java,0,CWE-89,,,,0,0,0,1,0,0,0,1,,,,,,,,
BenchmarkTest02359.java,0,CWE-89,,,,0,0,0,1,0,0,0,1,,,,,,,,
BenchmarkTest02360.java,0,CWE-89,,,,0,0,0,1,0,0,0,1,,,,,,,,
BenchmarkTest02361.java,0,CWE-89,,,,0,0,1,0,0,0,1,0,,,,,,,,
BenchmarkTest02362.java,0,CWE-89,,,,0,0,0,1,0,0,0,1,,,,,,,,
BenchmarkTest02363.java,0,CWE-89,CWE-89,1,0,0,1,0,0,0,1,0,0,2409,0.0035773650000000003,0,0.0,4,1.8239999999999998e-05,0.0035956050000000004,1.618255853652954
BenchmarkTest02364.java,0,CWE-89,CWE-89,1,0,1,0,0,0,1,0,0,0,2148,0.00318978,0,0.0,4,1.8239999999999998e-05,0.0032080200000000002,1.1302590370178223
BenchmarkTest02365.java,0,CWE-89,CWE-89,1,0,0,1,0,0,0,1,0,0,2199,0.0032655150000000005,0,0.0,4,1.8239999999999998e-05,0.0032837550000000006,1.1213321685791016
BenchmarkTest02366.java,0,CWE-89,CWE-89,1,0,0,1,0,0,0,1,0,0,2165,0.0032150250000000003,0,0.0,4,1.8239999999999998e-05,0.0032332650000000004,1.3026423454284668
BenchmarkTest02367.java,0,CWE-89,CWE-89,1,0,0,1,0,0,0,1,0,0,2372,0.00352242,0,0.0,4,1.8239999999999998e-05,0.00354066,1.0977747440338135
BenchmarkTest02368.java,0,CWE-89,CWE-89,1,0,0,1,0,0,0,1,0,0,2167,0.0032179950000000004,0,0.0,4,1.8239999999999998e-05,0.0032362350000000005,1.1010005474090576
BenchmarkTest02369.java,0,CWE-89,CWE-89,1,0,1,0,0,0,1,0,0,0,2159,0.0032061150000000003,0,0.0,4,1.8239999999999998e-05,0.0032243550000000004,1.0268197059631348
BenchmarkTest02370.java,0,CWE-643,CWE-643,1,0,0,1,0,0,0,1,0,0,2389,0.0035476650000000006,0,0.0,4,1.8239999999999998e-05,0.0035659050000000007,1.108888864517212
BenchmarkTest02371.java,0,CWE-327,,,,0,0,1,0,0,0,1,0,,,,,,,,
BenchmarkTest02372.java,0,CWE-327,,,,0,0,1,0,0,0,1,0,,,,,,,,
BenchmarkTest02373.java,0,CWE-327,CWE-327,1,0,1,0,0,0,1,0,0,0,2476,0.00367686,0,0.0,4,1.8239999999999998e-05,0.0036951,1.5148746967315674
BenchmarkTest02374.java,0,CWE-327,CWE-327,1,0,1,0,0,0,1,0,0,0,2508,0.0037243800000000002,0,0.0,4,1.8239999999999998e-05,0.0037426200000000003,1.7987487316131592
BenchmarkTest02375.java,0,CWE-327,CWE-327,1,0,1,0,0,0,1,0,0,0,2454,0.00364419,0,0.0,4,1.8239999999999998e-05,0.00366243,1.5459659099578857
BenchmarkTest02376.java,0,CWE-90,,,,0,0,1,0,0,0,1,0,,,,,,,,
BenchmarkTest02377.java,0,CWE-22,,,,0,0,0,1,0,0,0,1,,,,,,,,
BenchmarkTest02378.java,0,CWE-22,,,,0,0,0,1,0,0,0,1,,,,,,,,
BenchmarkTest02379.java,0,CWE-22,,,,0,0,1,0,0,0,1,0,,,,,,,,
BenchmarkTest02380.java,0,CWE-22,,,,0,0,1,0,0,0,1,0,,,,,,,,
BenchmarkTest02381.java,0,CWE-22,,,,0,0,1,0,0,0,1,0,,,,,,,,
BenchmarkTest02382.java,0,CWE-22,,,,0,0,1,0,0,0,1,0,,,,,,,,
BenchmarkTest02383.java,0,CWE-22,,,,0,0,0,1,0,0,0,1,,,,,,,,
BenchmarkTest02384.java,0,CWE-90,,,,0,0,1,0,0,0,1,0,,,,,,,,
BenchmarkTest02385.java,0,CWE-328,CWE-916,0,0,1,0,0,0,1,0,0,0,2523,0.003746655,0,0.0,4,1.8239999999999998e-05,0.0037648950000000003,1.6692473888397217
BenchmarkTest02386.java,0,CWE-328,CWE-916,0,0,1,0,0,0,1,0,0,0,2470,0.00366795,0,0.0,4,1.8239999999999998e-05,0.00368619,1.490917682647705
BenchmarkTest02387.java,0,CWE-328,CWE-916,0,0,1,0,0,0,1,0,0,0,2448,0.0036352800000000003,0,0.0,4,1.8239999999999998e-05,0.0036535200000000004,1.362323522567749
BenchmarkTest02388.java,0,CWE-328,CWE-916,0,0,1,0,0,0,1,0,0,0,2465,0.003660525,0,0.0,4,1.8239999999999998e-05,0.003678765,1.6025044918060303
BenchmarkTest02389.java,0,CWE-328,,,,0,0,1,0,0,0,1,0,,,,,,,,
BenchmarkTest02390.java,0,CWE-328,,,,0,0,1,0,0,0,1,0,,,,,,,,
BenchmarkTest02391.java,0,CWE-328,,,,0,0,0,1,0,0,0,1,,,,,,,,
BenchmarkTest02392.java,0,CWE-328,,,,0,0,0,1,0,0,0,1,,,,,,,,
BenchmarkTest02393.java,0,CWE-328,,,,0,0,0,1,0,0,0,1,,,,,,,,
BenchmarkTest02394.java,0,CWE-79,,,,0,0,1,0,0,0,1,0,,,,,,,,
BenchmarkTest02395.java,0,CWE-79,,,,0,0,0,1,0,0,0,1,,,,,,,,
BenchmarkTest02396.java,0,CWE-79,,,,0,0,0,1,0,0,0,1,,,,,,,,
BenchmarkTest02397.java,0,CWE-79,,,,0,0,0,1,0,0,0,1,,,,,,,,
BenchmarkTest02398.java,0,CWE-79,,,,0,0,1,0,0,0,1,0,,,,,,,,
BenchmarkTest02399.java,0,CWE-79,,,,0,0,0,1,0,0,0,1,,,,,,,,
BenchmarkTest02400.java,0,CWE-79,,,,0,0,0,1,0,0,0,1,,,,,,,,
BenchmarkTest02401.java,0,CWE-79,,,,0,0,1,0,0,0,1,0,,,,,,,,
BenchmarkTest02402.java,0,CWE-79,,,,0,0,0,1,0,0,0,1,,,,,,,,
BenchmarkTest02403.java,0,CWE-79,,,,0,0,0,1,0,0,0,1,,,,,,,,
BenchmarkTest02404.java,0,CWE-79,,,,0,0,1,0,0,0,1,0,,,,,,,,
BenchmarkTest02405.java,0,CWE-79,,,,0,0,0,1,0,0,0,1,,,,,,,,
BenchmarkTest02406.java,0,CWE-79,,,,0,0,1,0,0,0,1,0,,,,,,,,
BenchmarkTest02407.java,0,CWE-79,,,,0,0,0,1,0,0,0,1,,,,,,,,
BenchmarkTest02408.java,0,CWE-79,,,,0,0,1,0,0,0,1,0,,,,,,,,
BenchmarkTest02409.java,0,CWE-79,,,,0,0,0,1,0,0,0,1,,,,,,,,
BenchmarkTest02410.java,0,CWE-79,,,,0,0,0,1,0,0,0,1,,,,,,,,
BenchmarkTest02411.java,0,CWE-78,,,,0,0,0,1,0,0,0,1,,,,,,,,
BenchmarkTest02412.java,0,CWE-78,,,,0,0,0,1,0,0,0,1,,,,,,,,
BenchmarkTest02413.java,0,CWE-78,,,,0,0,1,0,0,0,1,0,,,,,,,,
BenchmarkTest02414.java,0,CWE-78,,,,0,0,0,1,0,0,0,1,,,,,,,,
BenchmarkTest02415.java,0,CWE-330,CWE-330,1,0,1,0,0,0,1,0,0,0,2447,0.003633795,0,0.0,4,1.8239999999999998e-05,0.003652035,5.264077186584473
BenchmarkTest02416.java,0,CWE-330,CWE-330,1,0,1,0,0,0,1,0,0,0,2514,0.0037332900000000002,0,0.0,4,1.8239999999999998e-05,0.0037515300000000003,2.1085715293884277
BenchmarkTest02417.java,0,CWE-330,CWE-330,1,0,1,0,0,0,1,0,0,0,2445,0.0036308250000000003,0,0.0,4,1.8239999999999998e-05,0.0036490650000000004,0.9970800876617432
BenchmarkTest02418.java,0,CWE-330,CWE-330,1,0,1,0,0,0,1,0,0,0,2499,0.0037110150000000002,0,0.0,4,1.8239999999999998e-05,0.0037292550000000003,1.3256540298461914
BenchmarkTest02419.java,0,CWE-330,CWE-330,1,0,1,0,0,0,1,0,0,0,2677,0.003975345,0,0.0,4,1.8239999999999998e-05,0.003993585,1.549480676651001
BenchmarkTest02420.java,0,CWE-330,CWE-330,1,0,1,0,0,0,1,0,0,0,2430,0.0036085500000000003,0,0.0,4,1.8239999999999998e-05,0.0036267900000000004,1.0874073505401611
BenchmarkTest02421.java,0,CWE-330,CWE-330,1,0,1,0,0,0,1,0,0,0,2502,0.0037154700000000002,0,0.0,4,1.8239999999999998e-05,0.0037337100000000003,1.5361082553863525
BenchmarkTest02422.java,0,CWE-330,CWE-330,1,0,1,0,0,0,1,0,0,0,2486,0.00369171,0,0.0,4,1.8239999999999998e-05,0.00370995,1.1462304592132568
BenchmarkTest02423.java,0,CWE-330,CWE-330,1,0,1,0,0,0,1,0,0,0,2622,0.00389367,0,0.0,4,1.8239999999999998e-05,0.00391191,1.4267468452453613
BenchmarkTest02424.java,0,CWE-330,CWE-330,1,0,1,0,0,0,1,0,0,0,2444,0.00362934,0,0.0,4,1.8239999999999998e-05,0.00364758,1.1217985153198242
BenchmarkTest02425.java,0,CWE-330,CWE-330,1,0,1,0,0,0,1,0,0,0,2402,0.0035669700000000005,0,0.0,4,1.8239999999999998e-05,0.0035852100000000006,1.5342199802398682
BenchmarkTest02426.java,0,CWE-330,CWE-330,1,0,1,0,0,0,1,0,0,0,2418,0.00359073,0,0.0,4,1.8239999999999998e-05,0.00360897,1.1037862300872803
BenchmarkTest02427.java,0,CWE-614,CWE-614,1,0,1,0,0,0,1,0,0,0,2209,0.0032803650000000004,0,0.0,4,1.8239999999999998e-05,0.0032986050000000005,1.3909387588500977
BenchmarkTest02428.java,0,CWE-78,,,,0,0,1,0,0,0,1,0,,,,,,,,
BenchmarkTest02429.java,0,CWE-78,,,,0,0,0,1,0,0,0,1,,,,,,,,
BenchmarkTest02430.java,0,CWE-78,,,,0,0,0,1,0,0,0,1,,,,,,,,
BenchmarkTest02431.java,0,CWE-78,,,,0,0,0,1,0,0,0,1,,,,,,,,
BenchmarkTest02432.java,0,CWE-78,,,,0,0,0,1,0,0,0,1,,,,,,,,
BenchmarkTest02433.java,0,CWE-78,,,,0,0,0,1,0,0,0,1,,,,,,,,
BenchmarkTest02434.java,0,CWE-330,,,,0,0,1,0,0,0,1,0,,,,,,,,
BenchmarkTest02435.java,0,CWE-330,,,,0,0,1,0,0,0,1,0,,,,,,,,
BenchmarkTest02436.java,0,CWE-330,,,,0,0,1,0,0,0,1,0,,,,,,,,
BenchmarkTest02437.java,0,CWE-330,,,,0,0,1,0,0,0,1,0,,,,,,,,
BenchmarkTest02438.java,0,CWE-330,,,,0,0,1,0,0,0,1,0,,,,,,,,
BenchmarkTest02439.java,0,CWE-330,,,,0,0,1,0,0,0,1,0,,,,,,,,
BenchmarkTest02440.java,0,CWE-330,,,,0,0,1,0,0,0,1,0,,,,,,,,
BenchmarkTest02441.java,0,CWE-330,,,,0,0,1,0,0,0,1,0,,,,,,,,
BenchmarkTest02442.java,0,CWE-330,,,,0,0,1,0,0,0,1,0,,,,,,,,
BenchmarkTest02443.java,0,CWE-330,,,,0,0,1,0,0,0,1,0,,,,,,,,
BenchmarkTest02444.java,0,CWE-330,,,,0,0,1,0,0,0,1,0,,,,,,,,
BenchmarkTest02445.java,0,CWE-330,,,,0,0,1,0,0,0,1,0,,,,,,,,
BenchmarkTest02449.java,0,CWE-89,,,,0,0,0,1,0,0,0,1,,,,,,,,
BenchmarkTest02450.java,0,CWE-89,,,,0,0,1,0,0,0,1,0,,,,,,,,
BenchmarkTest02451.java,0,CWE-89,,,,0,0,0,1,0,0,0,1,,,,,,,,
BenchmarkTest02452.java,0,CWE-89,,,,0,0,1,0,0,0,1,0,,,,,,,,
BenchmarkTest02453.java,0,CWE-89,,,,0,0,0,1,0,0,0,1,,,,,,,,
BenchmarkTest02454.java,0,CWE-89,,,,0,0,0,1,0,0,0,1,,,,,,,,
BenchmarkTest02455.java,0,CWE-89,,,,0,0,0,1,0,0,0,1,,,,,,,,
BenchmarkTest02456.java,0,CWE-89,,,,0,0,1,0,0,0,1,0,,,,,,,,
BenchmarkTest02457.java,0,CWE-643,,,,0,0,1,0,0,0,1,0,,,,,,,,
BenchmarkTest02458.java,0,CWE-327,CWE-327,1,0,1,0,0,0,1,0,0,0,2784,0.004134240000000001,0,0.0,4,1.8239999999999998e-05,0.004152480000000001,1.6183955669403076
BenchmarkTest02459.java,0,CWE-327,,,,0,0,1,0,0,0,1,0,,,,,,,,
BenchmarkTest02460.java,0,CWE-327,,,,0,0,1,0,0,0,1,0,,,,,,,,
BenchmarkTest02461.java,0,CWE-327,,,,0,0,1,0,0,0,1,0,,,,,,,,
BenchmarkTest02462.java,0,CWE-22,CWE-23,0,0,0,1,0,0,0,1,0,0,2441,0.0036248850000000004,0,0.0,4,1.8239999999999998e-05,0.0036431250000000005,2.626509189605713
BenchmarkTest02463.java,0,CWE-22,CWE-23,0,0,1,0,0,0,1,0,0,0,2382,0.0035372700000000003,0,0.0,4,1.8239999999999998e-05,0.0035555100000000004,2.771033763885498
BenchmarkTest02464.java,0,CWE-22,CWE-23,0,0,0,1,0,0,0,1,0,0,2422,0.00359667,0,0.0,4,1.8239999999999998e-05,0.0036149100000000003,1.152116060256958
BenchmarkTest02465.java,0,CWE-22,CWE-23,0,0,1,0,0,0,1,0,0,0,2518,0.0037392300000000005,0,0.0,4,1.8239999999999998e-05,0.0037574700000000006,1.015594244003296
BenchmarkTest02466.java,0,CWE-22,CWE-23,0,0,1,0,0,0,1,0,0,0,2580,0.0038313,0,0.0,4,1.8239999999999998e-05,0.0038495400000000003,1.1076350212097168
BenchmarkTest02467.java,0,CWE-22,CWE-23,0,0,0,1,0,0,0,1,0,0,2681,0.003981285,0,0.0,4,1.8239999999999998e-05,0.003999525,1.0949618816375732
BenchmarkTest02468.java,0,CWE-22,CWE-23,0,0,0,1,0,0,0,1,0,0,2409,0.0035773650000000003,0,0.0,4,1.8239999999999998e-05,0.0035956050000000004,1.175863265991211
BenchmarkTest02469.java,0,CWE-22,CWE-23,0,0,1,0,0,0,1,0,0,0,2433,0.0036130050000000003,0,0.0,4,1.8239999999999998e-05,0.0036312450000000004,1.1489627361297607
BenchmarkTest02470.java,0,CWE-22,CWE-23,0,0,0,1,0,0,0,1,0,0,2417,0.0035892450000000005,0,0.0,4,1.8239999999999998e-05,0.0036074850000000006,1.228825569152832
BenchmarkTest02471.java,0,CWE-22,CWE-23,0,0,0,1,0,0,0,1,0,0,2552,0.0037897200000000003,0,0.0,4,1.8239999999999998e-05,0.0038079600000000004,1.1809334754943848
BenchmarkTest02472.java,0,CWE-90,CWE-90,1,0,1,0,0,0,1,0,0,0,2473,0.003672405,0,0.0,4,1.8239999999999998e-05,0.003690645,1.0478382110595703
BenchmarkTest02473.java,0,CWE-330,CWE-330,1,0,1,0,0,0,1,0,0,0,2491,0.003699135,0,0.0,4,1.8239999999999998e-05,0.003717375,8.565847158432007
BenchmarkTest02474.java,0,CWE-328,CWE-916,0,0,1,0,0,0,1,0,0,0,2497,0.003708045,0,0.0,4,1.8239999999999998e-05,0.003726285,1.1395511627197266
BenchmarkTest02475.java,0,CWE-328,CWE-916,0,0,1,0,0,0,1,0,0,0,2436,0.00361746,0,0.0,4,1.8239999999999998e-05,0.0036357,0.9887454509735107
BenchmarkTest02476.java,0,CWE-328,CWE-916,0,0,1,0,0,0,1,0,0,0,2367,0.0035149950000000004,0,0.0,4,1.8239999999999998e-05,0.0035332350000000005,1.081824779510498
BenchmarkTest02477.java,0,CWE-328,,,,0,0,1,0,0,0,1,0,,,,,,,,
BenchmarkTest02478.java,0,CWE-328,,,,0,0,0,1,0,0,0,1,,,,,,,,
BenchmarkTest02479.java,0,CWE-328,,,,0,0,1,0,0,0,1,0,,,,,,,,
BenchmarkTest02480.java,0,CWE-79,CWE-79,1,0,1,0,0,0,1,0,0,0,2464,0.0036590400000000006,0,0.0,4,1.8239999999999998e-05,0.0036772800000000007,3.1684703826904297
BenchmarkTest02481.java,0,CWE-79,CWE-79,1,0,0,1,0,0,0,1,0,0,2504,0.00371844,0,0.0,4,1.8239999999999998e-05,0.00373668,1.495298147201538
BenchmarkTest02482.java,0,CWE-79,CWE-79,1,0,0,1,0,0,0,1,0,0,2521,0.0037436850000000005,0,0.0,4,1.8239999999999998e-05,0.0037619250000000006,1.6204237937927246
BenchmarkTest02483.java,0,CWE-79,CWE-79,1,0,1,0,0,0,1,0,0,0,2434,0.00361449,0,0.0,4,1.8239999999999998e-05,0.0036327300000000002,1.059542179107666
BenchmarkTest02484.java,0,CWE-79,CWE-79,1,0,0,1,0,0,0,1,0,0,2534,0.0037629900000000003,0,0.0,4,1.8239999999999998e-05,0.0037812300000000004,1.1692261695861816
BenchmarkTest02485.java,0,CWE-79,CWE-79,1,0,0,1,0,0,0,1,0,0,2534,0.0037629900000000003,0,0.0,4,1.8239999999999998e-05,0.0037812300000000004,1.0600323677062988
BenchmarkTest02486.java,0,CWE-79,CWE-79,1,0,1,0,0,0,1,0,0,0,2519,0.0037407150000000004,0,0.0,4,1.8239999999999998e-05,0.0037589550000000005,1.1598763465881348
BenchmarkTest02487.java,0,CWE-79,CWE-79,1,0,1,0,0,0,1,0,0,0,2490,0.0036976500000000002,0,0.0,4,1.8239999999999998e-05,0.0037158900000000003,1.2089943885803223
BenchmarkTest02488.java,0,CWE-79,CWE-79,1,1,0,1,0,0,0,0,1,0,2473,0.003672405,0,0.0,3,1.368e-05,0.003686085,1.0068302154541016
BenchmarkTest02489.java,0,CWE-79,CWE-79,1,0,1,0,0,0,1,0,0,0,2446,0.0036323100000000006,0,0.0,4,1.8239999999999998e-05,0.0036505500000000007,1.0706408023834229
BenchmarkTest02490.java,0,CWE-79,CWE-79,1,0,0,1,0,0,0,1,0,0,2695,0.004002075,0,0.0,4,1.8239999999999998e-05,0.004020315,1.0447649955749512
BenchmarkTest02491.java,0,CWE-79,CWE-79,1,0,0,1,0,0,0,1,0,0,2679,0.003978315,0,0.0,4,1.8239999999999998e-05,0.003996555,1.1022815704345703
BenchmarkTest02492.java,0,CWE-79,CWE-79,1,1,0,1,0,0,0,0,1,0,2450,0.0036382500000000004,0,0.0,3,1.368e-05,0.0036519300000000003,1.1587421894073486
BenchmarkTest02493.java,0,CWE-79,CWE-79,1,0,1,0,0,0,1,0,0,0,2547,0.003782295,0,0.0,4,1.8239999999999998e-05,0.0038005350000000003,1.04597806930542
BenchmarkTest02494.java,0,CWE-79,CWE-79,1,0,1,0,0,0,1,0,0,0,2486,0.00369171,0,0.0,4,1.8239999999999998e-05,0.00370995,1.2188336849212646
BenchmarkTest02495.java,0,CWE-79,CWE-79,1,0,0,1,0,0,0,1,0,0,2547,0.003782295,0,0.0,4,1.8239999999999998e-05,0.0038005350000000003,3.8929502964019775
BenchmarkTest02496.java,0,CWE-78,CWE-78,1,0,1,0,0,0,1,0,0,0,2167,0.0032179950000000004,0,0.0,4,1.8239999999999998e-05,0.0032362350000000005,3.304260015487671
BenchmarkTest02497.java,0,CWE-330,CWE-330,1,0,1,0,0,0,1,0,0,0,2659,0.003948615,0,0.0,4,1.8239999999999998e-05,0.003966855,1.2216134071350098
BenchmarkTest02498.java,0,CWE-330,CWE-330,1,0,1,0,0,0,1,0,0,0,2434,0.00361449,0,0.0,4,1.8239999999999998e-05,0.0036327300000000002,1.6159749031066895
BenchmarkTest02499.java,0,CWE-330,CWE-330,1,0,1,0,0,0,1,0,0,0,2454,0.00364419,0,0.0,4,1.8239999999999998e-05,0.00366243,1.567340612411499
BenchmarkTest02500.java,0,CWE-330,CWE-330,1,0,1,0,0,0,1,0,0,0,2427,0.0036040950000000003,0,0.0,4,1.8239999999999998e-05,0.0036223350000000004,1.0401802062988281
BenchmarkTest02501.java,0,CWE-330,CWE-330,1,0,1,0,0,0,1,0,0,0,2404,0.00356994,0,0.0,4,1.8239999999999998e-05,0.0035881800000000003,1.5740621089935303
BenchmarkTest02502.java,0,CWE-330,CWE-330,1,0,1,0,0,0,1,0,0,0,2445,0.0036308250000000003,0,0.0,4,1.8239999999999998e-05,0.0036490650000000004,1.5583155155181885
BenchmarkTest02503.java,0,CWE-330,CWE-330,1,0,1,0,0,0,1,0,0,0,2617,0.0038862450000000004,0,0.0,4,1.8239999999999998e-05,0.0039044850000000005,1.515984296798706
BenchmarkTest02504.java,0,CWE-330,CWE-330,1,0,1,0,0,0,1,0,0,0,2407,0.0035743950000000006,0,0.0,4,1.8239999999999998e-05,0.0035926350000000007,1.1175377368927002
BenchmarkTest02505.java,0,CWE-330,CWE-330,1,0,1,0,0,0,1,0,0,0,2434,0.00361449,0,0.0,4,1.8239999999999998e-05,0.0036327300000000002,1.2317805290222168
BenchmarkTest02506.java,0,CWE-330,CWE-330,1,0,1,0,0,0,1,0,0,0,2426,0.00360261,0,0.0,4,1.8239999999999998e-05,0.00362085,1.0917727947235107
BenchmarkTest02507.java,0,CWE-614,CWE-614,1,0,1,0,0,0,1,0,0,0,2194,0.00325809,0,0.0,4,1.8239999999999998e-05,0.00327633,1.016848087310791
BenchmarkTest02508.java,0,CWE-614,,,,0,0,1,0,0,0,1,0,,,,,,,,
BenchmarkTest02509.java,0,CWE-79,CWE-79,1,0,0,1,0,0,0,1,0,0,2471,0.0036694350000000004,0,0.0,4,1.8239999999999998e-05,0.0036876750000000005,1.0649549961090088
BenchmarkTest02510.java,0,CWE-78,CWE-78,1,0,0,1,0,0,0,1,0,0,2288,0.00339768,0,0.0,4,1.8239999999999998e-05,0.0034159200000000002,1.582439661026001
BenchmarkTest02511.java,0,CWE-78,CWE-78,1,0,1,0,0,0,1,0,0,0,2077,0.003084345,0,0.0,4,1.8239999999999998e-05,0.003102585,4.365088224411011
BenchmarkTest02512.java,0,CWE-78,CWE-78,1,0,1,0,0,0,1,0,0,0,2118,0.00314523,0,0.0,4,1.8239999999999998e-05,0.0031634700000000003,2.672598123550415
BenchmarkTest02513.java,0,CWE-78,CWE-78,1,0,0,1,0,0,0,1,0,0,2142,0.00318087,0,0.0,4,1.8239999999999998e-05,0.0031991100000000002,1.0369951725006104
BenchmarkTest02514.java,0,CWE-78,CWE-78,1,0,1,0,0,0,1,0,0,0,2089,0.0031021650000000005,0,0.0,4,1.8239999999999998e-05,0.0031204050000000006,1.4321067333221436
BenchmarkTest02515.java,0,CWE-78,CWE-78,1,0,1,0,0,0,1,0,0,0,2074,0.0030798900000000005,0,0.0,4,1.8239999999999998e-05,0.0030981300000000006,1.0442390441894531
BenchmarkTest02516.java,0,CWE-78,CWE-78,1,0,1,0,0,0,1,0,0,0,2138,0.0031749300000000003,0,0.0,4,1.8239999999999998e-05,0.0031931700000000004,1.0394840240478516
BenchmarkTest02517.java,0,CWE-78,CWE-78,1,0,1,0,0,0,1,0,0,0,2081,0.0030902850000000003,0,0.0,4,1.8239999999999998e-05,0.0031085250000000004,1.3992877006530762
BenchmarkTest02518.java,0,CWE-78,CWE-78,1,0,0,1,0,0,0,1,0,0,2142,0.00318087,0,0.0,4,1.8239999999999998e-05,0.0031991100000000002,1.4307069778442383
BenchmarkTest02519.java,0,CWE-330,,,,0,0,1,0,0,0,1,0,,,,,,,,
BenchmarkTest02520.java,0,CWE-330,,,,0,0,1,0,0,0,1,0,,,,,,,,
BenchmarkTest02521.java,0,CWE-330,,,,0,0,1,0,0,0,1,0,,,,,,,,
BenchmarkTest02522.java,0,CWE-330,,,,0,0,1,0,0,0,1,0,,,,,,,,
BenchmarkTest02528.java,0,CWE-89,CWE-89,1,0,1,0,0,0,1,0,0,0,2112,0.00313632,0,0.0,4,1.8239999999999998e-05,0.0031545600000000003,1.4395971298217773
BenchmarkTest02529.java,0,CWE-89,CWE-89,1,0,0,1,0,0,0,1,0,0,2151,0.003194235,0,0.0,4,1.8239999999999998e-05,0.0032124750000000002,1.0077147483825684
BenchmarkTest02530.java,0,CWE-89,CWE-89,1,0,1,0,0,0,1,0,0,0,2131,0.0031645350000000004,0,0.0,4,1.8239999999999998e-05,0.0031827750000000005,1.054431676864624
BenchmarkTest02531.java,0,CWE-89,CWE-89,1,0,1,0,0,0,1,0,0,0,2106,0.00312741,0,0.0,4,1.8239999999999998e-05,0.0031456500000000003,1.6037213802337646
BenchmarkTest02532.java,0,CWE-89,CWE-89,1,0,1,0,0,0,1,0,0,0,2145,0.003185325,0,0.0,4,1.8239999999999998e-05,0.0032035650000000002,1.5433144569396973
BenchmarkTest02533.java,0,CWE-89,CWE-89,1,0,1,0,0,0,1,0,0,0,2175,0.003229875,0,0.0,4,1.8239999999999998e-05,0.003248115,1.6843292713165283
BenchmarkTest02534.java,0,CWE-89,CWE-89,1,0,1,0,0,0,1,0,0,0,2110,0.0031333500000000005,0,0.0,4,1.8239999999999998e-05,0.0031515900000000006,1.0866026878356934
BenchmarkTest02535.java,0,CWE-89,CWE-89,1,0,1,0,0,0,1,0,0,0,2162,0.0032105700000000003,0,0.0,4,1.8239999999999998e-05,0.0032288100000000004,1.1324164867401123
BenchmarkTest02536.java,0,CWE-89,CWE-89,1,0,0,1,0,0,0,1,0,0,2171,0.0032239350000000003,0,0.0,4,1.8239999999999998e-05,0.0032421750000000004,1.0873873233795166
BenchmarkTest02537.java,0,CWE-89,CWE-89,1,0,1,0,0,0,1,0,0,0,2121,0.0031496850000000006,0,0.0,4,1.8239999999999998e-05,0.0031679250000000007,1.1102206707000732
BenchmarkTest02538.java,0,CWE-89,,,,0,0,1,0,0,0,1,0,,,,,,,,
BenchmarkTest02539.java,0,CWE-89,,,,0,0,1,0,0,0,1,0,,,,,,,,
BenchmarkTest02540.java,0,CWE-89,CWE-89,1,0,0,1,0,0,0,1,0,0,2124,0.00315414,0,0.0,4,1.8239999999999998e-05,0.0031723800000000003,1.3475720882415771
BenchmarkTest02541.java,0,CWE-89,CWE-89,1,0,0,1,0,0,0,1,0,0,2084,0.0030947400000000003,0,0.0,4,1.8239999999999998e-05,0.0031129800000000004,1.4045219421386719
BenchmarkTest02542.java,0,CWE-89,CWE-89,1,0,1,0,0,0,1,0,0,0,2071,0.0030754350000000005,0,0.0,4,1.8239999999999998e-05,0.0030936750000000006,1.183251142501831
BenchmarkTest02543.java,0,CWE-89,CWE-89,1,0,1,0,0,0,1,0,0,0,2086,0.00309771,0,0.0,4,1.8239999999999998e-05,0.00311595,2.571521282196045
BenchmarkTest02544.java,0,CWE-89,CWE-89,1,0,0,1,0,0,0,1,0,0,2134,0.0031689900000000004,0,0.0,4,1.8239999999999998e-05,0.0031872300000000005,2.5845377445220947
BenchmarkTest02545.java,0,CWE-89,CWE-89,1,0,1,0,0,0,1,0,0,0,2070,0.00307395,0,0.0,4,1.8239999999999998e-05,0.0030921900000000003,3.011152982711792
BenchmarkTest02546.java,0,CWE-89,CWE-89,1,0,0,1,0,0,0,1,0,0,2136,0.00317196,0,0.0,4,1.8239999999999998e-05,0.0031902000000000002,1.6106908321380615
BenchmarkTest02547.java,0,CWE-327,,,,0,0,1,0,0,0,1,0,,,,,,,,
BenchmarkTest02548.java,0,CWE-327,CWE-327,1,0,1,0,0,0,1,0,0,0,2969,0.004408965,0,0.0,4,1.8239999999999998e-05,0.004427205,1.8226184844970703
BenchmarkTest02549.java,0,CWE-327,CWE-327,1,0,1,0,0,0,1,0,0,0,2958,0.00439263,0,0.0,4,1.8239999999999998e-05,0.00441087,1.2321417331695557
BenchmarkTest02550.java,0,CWE-327,CWE-327,1,0,1,0,0,0,1,0,0,0,2586,0.00384021,0,0.0,4,1.8239999999999998e-05,0.0038584500000000002,1.265608310699463
BenchmarkTest02551.java,0,CWE-327,,,,0,0,1,0,0,0,1,0,,,,,,,,
BenchmarkTest02552.java,0,CWE-327,,,,0,0,1,0,0,0,1,0,,,,,,,,
BenchmarkTest02553.java,0,CWE-90,CWE-90,1,0,0,1,0,0,0,1,0,0,2634,0.00391149,0,0.0,4,1.8239999999999998e-05,0.00392973,1.231109380722046
BenchmarkTest02554.java,0,CWE-22,CWE-23,0,0,0,1,0,0,0,1,0,0,2534,0.0037629900000000003,0,0.0,4,1.8239999999999998e-05,0.0037812300000000004,1.1352133750915527
BenchmarkTest02555.java,0,CWE-22,CWE-23,0,0,1,0,0,0,1,0,0,0,2528,0.0037540800000000004,0,0.0,4,1.8239999999999998e-05,0.0037723200000000004,1.5001425743103027
BenchmarkTest02556.java,0,CWE-22,CWE-23,0,0,1,0,0,0,1,0,0,0,2509,0.003725865,0,0.0,4,1.8239999999999998e-05,0.003744105,1.5500268936157227
BenchmarkTest02557.java,0,CWE-22,CWE-23,0,0,0,1,0,0,0,1,0,0,2546,0.0037808100000000003,0,0.0,4,1.8239999999999998e-05,0.0037990500000000004,1.1039583683013916
BenchmarkTest02558.java,0,CWE-22,CWE-23,0,0,0,1,0,0,0,1,0,0,2516,0.0037362600000000004,0,0.0,4,1.8239999999999998e-05,0.0037545000000000005,1.1051609516143799
BenchmarkTest02559.java,0,CWE-22,CWE-23,0,0,1,0,0,0,1,0,0,0,2663,0.003954555,0,0.0,4,1.8239999999999998e-05,0.003972795,1.1811468601226807
BenchmarkTest02560.java,0,CWE-22,CWE-23,0,0,1,0,0,0,1,0,0,0,2660,0.003950100000000001,0,0.0,4,1.8239999999999998e-05,0.003968340000000001,0.9666521549224854
BenchmarkTest02561.java,0,CWE-22,CWE-23,0,0,1,0,0,0,1,0,0,0,2641,0.003921885,0,0.0,4,1.8239999999999998e-05,0.003940125,1.50589919090271
BenchmarkTest02562.java,0,CWE-22,CWE-23,0,0,1,0,0,0,1,0,0,0,2613,0.003880305,0,0.0,4,1.8239999999999998e-05,0.0038985450000000002,1.2620813846588135
BenchmarkTest02563.java,0,CWE-22,CWE-23,0,0,0,1,0,0,0,1,0,0,2771,0.004114935,0,0.0,4,1.8239999999999998e-05,0.004133175,1.6316354274749756
BenchmarkTest02564.java,0,CWE-22,CWE-23,0,0,1,0,0,0,1,0,0,0,2618,0.0038877300000000003,0,0.0,4,1.8239999999999998e-05,0.0039059700000000004,1.1426968574523926
BenchmarkTest02565.java,0,CWE-22,CWE-23,0,0,1,0,0,0,1,0,0,0,2537,0.0037674450000000003,0,0.0,4,1.8239999999999998e-05,0.0037856850000000004,1.1510589122772217
BenchmarkTest02566.java,0,CWE-22,CWE-23,0,0,0,1,0,0,0,1,0,0,2571,0.0038179350000000006,0,0.0,4,1.8239999999999998e-05,0.0038361750000000007,1.503218173980713
BenchmarkTest02567.java,0,CWE-22,CWE-23,0,0,1,0,0,0,1,0,0,0,2526,0.00375111,0,0.0,4,1.8239999999999998e-05,0.0037693500000000003,1.256901741027832
BenchmarkTest02568.java,0,CWE-22,CWE-23,0,0,0,1,0,0,0,1,0,0,2607,0.0038713950000000006,0,0.0,4,1.8239999999999998e-05,0.0038896350000000007,1.2212679386138916
BenchmarkTest02569.java,0,CWE-22,CWE-23,0,0,1,0,0,0,1,0,0,0,2612,0.0038788200000000003,0,0.0,4,1.8239999999999998e-05,0.0038970600000000004,1.9918479919433594
BenchmarkTest02570.java,0,CWE-22,CWE-23,0,0,0,1,0,0,0,1,0,0,2721,0.0040406850000000005,0,0.0,4,1.8239999999999998e-05,0.0040589250000000006,1.6765515804290771
BenchmarkTest02571.java,0,CWE-90,CWE-90,1,0,0,1,0,0,0,1,0,0,2652,0.00393822,0,0.0,4,1.8239999999999998e-05,0.00395646,2.118499279022217
BenchmarkTest02572.java,0,CWE-90,CWE-90,1,0,0,1,0,0,0,1,0,0,2603,0.0038654550000000003,0,0.0,4,1.8239999999999998e-05,0.0038836950000000004,2.581727981567383
BenchmarkTest02573.java,0,CWE-328,CWE-916,0,0,1,0,0,0,1,0,0,0,2634,0.00391149,0,0.0,4,1.8239999999999998e-05,0.00392973,2.1804964542388916
BenchmarkTest02574.java,0,CWE-328,CWE-916,0,0,1,0,0,0,1,0,0,0,2600,0.0038610000000000003,0,0.0,4,1.8239999999999998e-05,0.0038792400000000004,1.991762638092041
BenchmarkTest02575.java,0,CWE-328,CWE-916,0,0,1,0,0,0,1,0,0,0,2530,0.00375705,0,0.0,4,1.8239999999999998e-05,0.00377529,0.9947304725646973
BenchmarkTest02576.java,0,CWE-328,,,,0,0,1,0,0,0,1,0,,,,,,,,
BenchmarkTest02577.java,0,CWE-328,,,,0,0,0,1,0,0,0,1,,,,,,,,
BenchmarkTest02578.java,0,CWE-79,CWE-79,1,0,1,0,0,0,1,0,0,0,2625,0.0038981250000000005,0,0.0,4,1.8239999999999998e-05,0.003916365000000001,1.135007619857788
BenchmarkTest02579.java,0,CWE-79,CWE-79,1,0,1,0,0,0,1,0,0,0,2603,0.0038654550000000003,0,0.0,4,1.8239999999999998e-05,0.0038836950000000004,1.048462152481079
BenchmarkTest02580.java,0,CWE-79,CWE-79,1,0,1,0,0,0,1,0,0,0,2609,0.0038743650000000003,0,0.0,4,1.8239999999999998e-05,0.0038926050000000004,1.0284883975982666
BenchmarkTest02581.java,0,CWE-79,CWE-79,1,0,0,1,0,0,0,1,0,0,2600,0.0038610000000000003,0,0.0,4,1.8239999999999998e-05,0.0038792400000000004,1.145702838897705
BenchmarkTest02582.java,0,CWE-79,CWE-79,1,0,1,0,0,0,1,0,0,0,2601,0.003862485,0,0.0,4,1.8239999999999998e-05,0.0038807250000000002,2.3046510219573975
BenchmarkTest02583.java,0,CWE-79,CWE-79,1,0,1,0,0,0,1,0,0,0,2575,0.0038238750000000005,0,0.0,4,1.8239999999999998e-05,0.0038421150000000005,1.2962911128997803
BenchmarkTest02584.java,0,CWE-79,CWE-79,1,0,1,0,0,0,1,0,0,0,2596,0.0038550600000000004,0,0.0,4,1.8239999999999998e-05,0.0038733000000000005,1.0684432983398438
BenchmarkTest02585.java,0,CWE-79,CWE-79,1,0,1,0,0,0,1,0,0,0,2607,0.0038713950000000006,0,0.0,4,1.8239999999999998e-05,0.0038896350000000007,1.0215709209442139
BenchmarkTest02586.java,0,CWE-79,CWE-79,1,0,1,0,0,0,1,0,0,0,2666,0.00395901,0,0.0,4,1.8239999999999998e-05,0.00397725,1.140390157699585
BenchmarkTest02587.java,0,CWE-79,CWE-79,1,0,1,0,0,0,1,0,0,0,2837,0.004212945000000001,0,0.0,4,1.8239999999999998e-05,0.004231185000000001,1.1402387619018555
BenchmarkTest02588.java,0,CWE-79,CWE-79,1,0,1,0,0,0,1,0,0,0,2830,0.00420255,0,0.0,4,1.8239999999999998e-05,0.00422079,1.091369867324829
BenchmarkTest02589.java,0,CWE-79,CWE-79,1,0,0,1,0,0,0,1,0,0,2662,0.00395307,0,0.0,4,1.8239999999999998e-05,0.0039713100000000005,1.0364885330200195
BenchmarkTest02590.java,0,CWE-79,CWE-79,1,0,0,1,0,0,0,1,0,0,2700,0.0040095,0,0.0,4,1.8239999999999998e-05,0.00402774,1.0828583240509033
BenchmarkTest02591.java,0,CWE-79,CWE-79,1,0,1,0,0,0,1,0,0,0,2621,0.0038921850000000003,0,0.0,4,1.8239999999999998e-05,0.003910425,1.097243309020996
BenchmarkTest02592.java,0,CWE-79,CWE-79,1,0,1,0,0,0,1,0,0,0,2656,0.00394416,0,0.0,4,1.8239999999999998e-05,0.0039624000000000005,1.2944116592407227
BenchmarkTest02593.java,0,CWE-79,CWE-79,1,0,0,1,0,0,0,1,0,0,2620,0.0038907000000000004,0,0.0,4,1.8239999999999998e-05,0.0039089400000000005,1.1900115013122559
BenchmarkTest02594.java,0,CWE-79,CWE-79,1,0,0,1,0,0,0,1,0,0,2614,0.0038817900000000004,0,0.0,4,1.8239999999999998e-05,0.0039000300000000005,2.1322104930877686
BenchmarkTest02595.java,0,CWE-79,CWE-79,1,0,1,0,0,0,1,0,0,0,2668,0.00396198,0,0.0,4,1.8239999999999998e-05,0.0039802200000000005,1.5551340579986572
BenchmarkTest02596.java,0,CWE-79,CWE-79,1,1,0,1,0,0,0,0,1,0,2592,0.00384912,0,0.0,3,1.368e-05,0.0038628,2.063537836074829
BenchmarkTest02597.java,0,CWE-79,CWE-79,1,0,1,0,0,0,1,0,0,0,2628,0.0039025800000000005,0,0.0,4,1.8239999999999998e-05,0.00392082,1.639176607131958
BenchmarkTest02598.java,0,CWE-79,CWE-79,1,0,1,0,0,0,1,0,0,0,2604,0.00386694,0,0.0,4,1.8239999999999998e-05,0.0038851800000000002,2.6547129154205322
BenchmarkTest02599.java,0,CWE-79,CWE-79,1,0,0,1,0,0,0,1,0,0,2613,0.003880305,0,0.0,4,1.8239999999999998e-05,0.0038985450000000002,1.6080045700073242
BenchmarkTest02600.java,0,CWE-79,CWE-79,1,0,1,0,0,0,1,0,0,0,2638,0.00391743,0,0.0,4,1.8239999999999998e-05,0.0039356700000000005,1.8761935234069824
BenchmarkTest02601.java,0,CWE-79,CWE-79,1,1,0,1,0,0,0,0,1,0,2617,0.0038862450000000004,0,0.0,3,1.368e-05,0.0038999250000000003,1.0728366374969482
BenchmarkTest02602.java,0,CWE-330,CWE-330,1,0,1,0,0,0,1,0,0,0,2791,0.004144635,0,0.0,4,1.8239999999999998e-05,0.004162875,0.9775686264038086
BenchmarkTest02603.java,0,CWE-330,CWE-330,1,0,1,0,0,0,1,0,0,0,2594,0.0038520900000000003,0,0.0,4,1.8239999999999998e-05,0.0038703300000000004,1.6280207633972168
BenchmarkTest02604.java,0,CWE-330,CWE-330,1,0,1,0,0,0,1,0,0,0,2772,0.00411642,0,0.0,4,1.8239999999999998e-05,0.00413466,1.1065771579742432
BenchmarkTest02605.java,0,CWE-330,CWE-330,1,0,1,0,0,0,1,0,0,0,2577,0.003826845,0,0.0,4,1.8239999999999998e-05,0.0038450850000000003,1.4078378677368164
BenchmarkTest02606.java,0,CWE-330,CWE-330,1,0,1,0,0,0,1,0,0,0,2611,0.003877335,0,0.0,4,1.8239999999999998e-05,0.003895575,0.9917025566101074
BenchmarkTest02607.java,0,CWE-614,,,,0,0,1,0,0,0,1,0,,,,,,,,
BenchmarkTest02608.java,0,CWE-79,CWE-79,1,0,1,0,0,0,1,0,0,0,2580,0.0038313,0,0.0,4,1.8239999999999998e-05,0.0038495400000000003,1.2921581268310547
BenchmarkTest02609.java,0,CWE-79,CWE-79,1,1,0,1,0,0,0,0,1,0,2600,0.0038610000000000003,0,0.0,3,1.368e-05,0.00387468,0.9896979331970215
BenchmarkTest02610.java,0,CWE-78,CWE-78,1,0,0,1,0,0,0,1,0,0,2417,0.0035892450000000005,0,0.0,4,1.8239999999999998e-05,0.0036074850000000006,0.9845829010009766
BenchmarkTest02611.java,0,CWE-78,CWE-78,1,0,1,0,0,0,1,0,0,0,2393,0.003553605,0,0.0,4,1.8239999999999998e-05,0.003571845,1.0993645191192627
BenchmarkTest02612.java,0,CWE-78,CWE-78,1,0,1,0,0,0,1,0,0,0,2230,0.0033115500000000003,0,0.0,4,1.8239999999999998e-05,0.0033297900000000004,1.4731836318969727
BenchmarkTest02613.java,0,CWE-78,CWE-78,1,0,1,0,0,0,1,0,0,0,2282,0.0033887700000000006,0,0.0,4,1.8239999999999998e-05,0.0034070100000000007,1.2952923774719238
BenchmarkTest02614.java,0,CWE-330,,,,0,0,1,0,0,0,1,0,,,,,,,,
BenchmarkTest02615.java,0,CWE-330,,,,0,0,1,0,0,0,1,0,,,,,,,,
BenchmarkTest02616.java,0,CWE-330,CWE-330,1,0,0,1,0,0,0,1,0,0,2675,0.003972375,0,0.0,4,1.8239999999999998e-05,0.003990615,1.0306313037872314
BenchmarkTest02617.java,0,CWE-330,,,,0,0,1,0,0,0,1,0,,,,,,,,
BenchmarkTest02618.java,0,CWE-330,,,,0,0,1,0,0,0,1,0,,,,,,,,
BenchmarkTest02619.java,0,CWE-330,,,,0,0,1,0,0,0,1,0,,,,,,,,
BenchmarkTest02620.java,0,CWE-330,,,,0,0,1,0,0,0,1,0,,,,,,,,
BenchmarkTest02621.java,0,CWE-330,,,,0,0,1,0,0,0,1,0,,,,,,,,
BenchmarkTest02625.java,0,CWE-89,CWE-89,1,0,1,0,0,0,1,0,0,0,2276,0.00337986,0,0.0,4,1.8239999999999998e-05,0.0033981000000000003,1.0515563488006592
BenchmarkTest02626.java,0,CWE-89,CWE-89,1,0,0,1,0,0,0,1,0,0,2224,0.0033026400000000003,0,0.0,4,1.8239999999999998e-05,0.0033208800000000004,1.087839126586914
BenchmarkTest02627.java,0,CWE-89,CWE-89,1,0,1,0,0,0,1,0,0,0,2280,0.0033858,0,0.0,4,1.8239999999999998e-05,0.00340404,1.1364333629608154
BenchmarkTest02628.java,0,CWE-89,CWE-89,1,0,1,0,0,0,1,0,0,0,2307,0.0034258950000000004,0,0.0,4,1.8239999999999998e-05,0.0034441350000000005,1.0065317153930664
BenchmarkTest02629.java,0,CWE-89,CWE-89,1,0,0,1,0,0,0,1,0,0,2294,0.00340659,0,0.0,4,1.8239999999999998e-05,0.0034248300000000002,1.0141620635986328
BenchmarkTest02630.java,0,CWE-89,CWE-89,1,0,1,0,0,0,1,0,0,0,2245,0.0033338250000000003,0,0.0,4,1.8239999999999998e-05,0.0033520650000000004,1.052966594696045
BenchmarkTest02631.java,0,CWE-89,CWE-89,1,0,0,1,0,0,0,1,0,0,2240,0.0033264,0,0.0,4,1.8239999999999998e-05,0.0033446400000000003,1.2659573554992676
BenchmarkTest02632.java,0,CWE-89,CWE-89,1,0,1,0,0,0,1,0,0,0,2295,0.0034080750000000004,0,0.0,4,1.8239999999999998e-05,0.0034263150000000005,1.4014520645141602
BenchmarkTest02633.java,0,CWE-89,CWE-89,1,0,0,1,0,0,0,1,0,0,2461,0.003654585,0,0.0,4,1.8239999999999998e-05,0.0036728250000000002,3.0965259075164795
BenchmarkTest02634.java,0,CWE-89,CWE-89,1,0,0,1,0,0,0,1,0,0,2304,0.00342144,0,0.0,4,1.8239999999999998e-05,0.00343968,3.0503909587860107
BenchmarkTest02635.java,0,CWE-89,CWE-89,1,0,1,0,0,0,1,0,0,0,2348,0.00348678,0,0.0,4,1.8239999999999998e-05,0.00350502,2.0427193641662598
BenchmarkTest02636.java,0,CWE-89,CWE-89,1,0,0,1,0,0,0,1,0,0,2283,0.003390255,0,0.0,4,1.8239999999999998e-05,0.003408495,1.6614747047424316
BenchmarkTest02637.java,0,CWE-89,CWE-89,1,0,0,1,0,0,0,1,0,0,2252,0.00334422,0,0.0,4,1.8239999999999998e-05,0.0033624600000000003,1.7026941776275635
BenchmarkTest02638.java,0,CWE-89,CWE-89,1,0,1,0,0,0,1,0,0,0,2232,0.0033145200000000005,0,0.0,4,1.8239999999999998e-05,0.0033327600000000006,1.1587157249450684
BenchmarkTest02639.java,0,CWE-89,,,,0,0,1,0,0,0,1,0,,,,,,,,
BenchmarkTest02640.java,0,CWE-89,,,,0,0,1,0,0,0,1,0,,,,,,,,
BenchmarkTest02641.java,0,CWE-89,CWE-89,1,0,1,0,0,0,1,0,0,0,2387,0.003544695,0,0.0,4,1.8239999999999998e-05,0.003562935,1.0841476917266846
BenchmarkTest02642.java,0,CWE-89,,,,0,0,0,1,0,0,0,1,,,,,,,,
BenchmarkTest02643.java,0,CWE-89,,,,0,0,0,1,0,0,0,1,,,,,,,,
BenchmarkTest02644.java,0,CWE-89,,,,0,0,0,1,0,0,0,1,,,,,,,,
BenchmarkTest02645.java,0,CWE-89,,,,0,0,0,1,0,0,0,1,,,,,,,,
BenchmarkTest02646.java,0,CWE-89,CWE-89,1,0,1,0,0,0,1,0,0,0,2259,0.003354615,0,0.0,4,1.8239999999999998e-05,0.003372855,1.2160184383392334
BenchmarkTest02647.java,0,CWE-89,CWE-89,1,0,1,0,0,0,1,0,0,0,2246,0.00333531,0,0.0,4,1.8239999999999998e-05,0.0033535500000000003,1.2249834537506104
BenchmarkTest02648.java,0,CWE-89,CWE-89,1,0,0,1,0,0,0,1,0,0,2296,0.0034095600000000003,0,0.0,4,1.8239999999999998e-05,0.0034278000000000004,1.0832228660583496
BenchmarkTest02649.java,0,CWE-89,CWE-89,1,0,1,0,0,0,1,0,0,0,2190,0.00325215,0,0.0,4,1.8239999999999998e-05,0.00327039,1.0788886547088623
BenchmarkTest02650.java,0,CWE-89,CWE-89,1,0,1,0,0,0,1,0,0,0,2281,0.0033872850000000003,0,0.0,4,1.8239999999999998e-05,0.0034055250000000004,22.547527074813843
BenchmarkTest02651.java,0,CWE-89,CWE-89,1,0,1,0,0,0,1,0,0,0,2253,0.0033457050000000005,0,0.0,4,1.8239999999999998e-05,0.0033639450000000006,1.0674798488616943
BenchmarkTest02652.java,0,CWE-89,CWE-89,1,0,0,1,0,0,0,1,0,0,2440,0.0036234,0,0.0,4,1.8239999999999998e-05,0.0036416400000000002,1.132007122039795
BenchmarkTest02653.java,0,CWE-89,CWE-89,1,0,1,0,0,0,1,0,0,0,2223,0.003301155,0,0.0,4,1.8239999999999998e-05,0.003319395,0.9815270900726318
BenchmarkTest02654.java,0,CWE-89,CWE-89,1,0,1,0,0,0,1,0,0,0,2245,0.0033338250000000003,0,0.0,4,1.8239999999999998e-05,0.0033520650000000004,0.9960687160491943
BenchmarkTest02655.java,0,CWE-89,CWE-89,1,0,1,0,0,0,1,0,0,0,2183,0.0032417550000000002,0,0.0,4,1.8239999999999998e-05,0.0032599950000000003,1.024698257446289
BenchmarkTest02656.java,0,CWE-89,CWE-89,1,0,1,0,0,0,1,0,0,0,2229,0.003310065,0,0.0,4,1.8239999999999998e-05,0.003328305,0.9932355880737305
BenchmarkTest02657.java,0,CWE-89,CWE-89,1,0,0,1,0,0,0,1,0,0,2224,0.0033026400000000003,0,0.0,4,1.8239999999999998e-05,0.0033208800000000004,1.1312930583953857
BenchmarkTest02658.java,0,CWE-327,CWE-327,1,0,1,0,0,0,1,0,0,0,2773,0.004117905000000001,0,0.0,4,1.8239999999999998e-05,0.004136145000000001,1.1299288272857666
BenchmarkTest02659.java,0,CWE-327,,,,0,0,1,0,0,0,1,0,,,,,,,,
BenchmarkTest02660.java,0,CWE-327,CWE-327,1,0,1,0,0,0,1,0,0,0,2660,0.003950100000000001,0,0.0,4,1.8239999999999998e-05,0.003968340000000001,1.5178935527801514
BenchmarkTest02661.java,0,CWE-327,CWE-327,1,0,1,0,0,0,1,0,0,0,2463,0.0036575550000000003,0,0.0,4,1.8239999999999998e-05,0.0036757950000000004,1.3018989562988281
BenchmarkTest02662.java,0,CWE-327,,,,0,0,1,0,0,0,1,0,,,,,,,,
BenchmarkTest02663.java,0,CWE-327,CWE-327,1,0,1,0,0,0,1,0,0,0,2425,0.0036011250000000006,0,0.0,4,1.8239999999999998e-05,0.0036193650000000007,1.5764195919036865
BenchmarkTest02664.java,0,CWE-22,,,,0,0,1,0,0,0,1,0,,,,,,,,
BenchmarkTest02665.java,0,CWE-22,,,,0,0,1,0,0,0,1,0,,,,,,,,
BenchmarkTest02666.java,0,CWE-22,,,,0,0,1,0,0,0,1,0,,,,,,,,
BenchmarkTest02667.java,0,CWE-22,,,,0,0,1,0,0,0,1,0,,,,,,,,
BenchmarkTest02668.java,0,CWE-22,,,,0,0,1,0,0,0,1,0,,,,,,,,
BenchmarkTest02669.java,0,CWE-22,,,,0,0,1,0,0,0,1,0,,,,,,,,
BenchmarkTest02670.java,0,CWE-328,CWE-916,0,0,1,0,0,0,1,0,0,0,2542,0.0037748700000000005,0,0.0,4,1.8239999999999998e-05,0.0037931100000000006,2.6100034713745117
BenchmarkTest02671.java,0,CWE-328,CWE-916,0,0,1,0,0,0,1,0,0,0,2569,0.003814965,0,0.0,4,1.8239999999999998e-05,0.003833205,2.7308878898620605
BenchmarkTest02672.java,0,CWE-328,,,,0,0,1,0,0,0,1,0,,,,,,,,
BenchmarkTest02673.java,0,CWE-328,,,,0,0,1,0,0,0,1,0,,,,,,,,
BenchmarkTest02674.java,0,CWE-328,CWE-916,0,0,1,0,0,0,1,0,0,0,2597,0.0038565450000000003,0,0.0,4,1.8239999999999998e-05,0.0038747850000000004,1.3492364883422852
BenchmarkTest02675.java,0,CWE-328,CWE-916,0,0,1,0,0,0,1,0,0,0,2385,0.0035417250000000003,0,0.0,4,1.8239999999999998e-05,0.0035599650000000004,1.0176873207092285
BenchmarkTest02676.java,0,CWE-328,,,,0,0,1,0,0,0,1,0,,,,,,,,
BenchmarkTest02677.java,0,CWE-328,,,,0,0,0,1,0,0,0,1,,,,,,,,
BenchmarkTest02678.java,0,CWE-328,,,,0,0,1,0,0,0,1,0,,,,,,,,
BenchmarkTest02679.java,0,CWE-79,,,,0,0,1,0,0,0,1,0,,,,,,,,
BenchmarkTest02680.java,0,CWE-79,,,,0,0,1,0,0,0,1,0,,,,,,,,
BenchmarkTest02681.java,0,CWE-79,,,,0,0,1,0,0,0,1,0,,,,,,,,
BenchmarkTest02682.java,0,CWE-79,,,,0,0,1,0,0,0,1,0,,,,,,,,
BenchmarkTest02683.java,0,CWE-79,,,,0,0,1,0,0,0,1,0,,,,,,,,
BenchmarkTest02684.java,0,CWE-79,,,,0,0,1,0,0,0,1,0,,,,,,,,
BenchmarkTest02685.java,0,CWE-79,,,,0,0,1,0,0,0,1,0,,,,,,,,
BenchmarkTest02686.java,0,CWE-79,,,,0,0,1,0,0,0,1,0,,,,,,,,
BenchmarkTest02687.java,0,CWE-79,,,,0,0,1,0,0,0,1,0,,,,,,,,
BenchmarkTest02688.java,0,CWE-79,,,,0,0,1,0,0,0,1,0,,,,,,,,
BenchmarkTest02689.java,0,CWE-79,,,,0,0,1,0,0,0,1,0,,,,,,,,
BenchmarkTest02690.java,0,CWE-79,,,,0,0,1,0,0,0,1,0,,,,,,,,
BenchmarkTest02691.java,0,CWE-79,,,,0,0,1,0,0,0,1,0,,,,,,,,
BenchmarkTest02692.java,0,CWE-79,,,,0,0,1,0,0,0,1,0,,,,,,,,
BenchmarkTest02693.java,0,CWE-79,,,,0,0,1,0,0,0,1,0,,,,,,,,
BenchmarkTest02694.java,0,CWE-79,,,,0,0,1,0,0,0,1,0,,,,,,,,
BenchmarkTest02695.java,0,CWE-79,,,,0,0,1,0,0,0,1,0,,,,,,,,
BenchmarkTest02696.java,0,CWE-79,,,,0,0,1,0,0,0,1,0,,,,,,,,
BenchmarkTest02697.java,0,CWE-78,,,,0,0,1,0,0,0,1,0,,,,,,,,
BenchmarkTest02698.java,0,CWE-78,,,,0,0,1,0,0,0,1,0,,,,,,,,
BenchmarkTest02699.java,0,CWE-78,,,,0,0,1,0,0,0,1,0,,,,,,,,
BenchmarkTest02700.java,0,CWE-330,CWE-330,1,0,1,0,0,0,1,0,0,0,2473,0.003672405,0,0.0,4,1.8239999999999998e-05,0.003690645,1.1337745189666748
BenchmarkTest02701.java,0,CWE-330,CWE-330,1,0,1,0,0,0,1,0,0,0,2440,0.0036234,0,0.0,4,1.8239999999999998e-05,0.0036416400000000002,0.9663131237030029
BenchmarkTest02702.java,0,CWE-330,CWE-330,1,0,1,0,0,0,1,0,0,0,2432,0.0036115200000000004,0,0.0,4,1.8239999999999998e-05,0.0036297600000000005,1.092775821685791
BenchmarkTest02703.java,0,CWE-330,CWE-330,1,0,1,0,0,0,1,0,0,0,2427,0.0036040950000000003,0,0.0,4,1.8239999999999998e-05,0.0036223350000000004,0.9898300170898438
BenchmarkTest02704.java,0,CWE-330,CWE-330,1,0,1,0,0,0,1,0,0,0,2454,0.00364419,0,0.0,4,1.8239999999999998e-05,0.00366243,4.775433778762817
BenchmarkTest02705.java,0,CWE-330,CWE-330,1,0,1,0,0,0,1,0,0,0,2447,0.003633795,0,0.0,4,1.8239999999999998e-05,0.003652035,1.4909086227416992
BenchmarkTest02706.java,0,CWE-330,CWE-330,1,0,1,0,0,0,1,0,0,0,2428,0.0036055800000000006,0,0.0,4,1.8239999999999998e-05,0.0036238200000000007,1.059450387954712
BenchmarkTest02707.java,0,CWE-330,CWE-330,1,0,1,0,0,0,1,0,0,0,2412,0.0035818200000000003,0,0.0,4,1.8239999999999998e-05,0.0036000600000000004,1.0920565128326416
BenchmarkTest02708.java,0,CWE-330,CWE-330,1,0,1,0,0,0,1,0,0,0,2390,0.00354915,0,0.0,4,1.8239999999999998e-05,0.00356739,1.408846139907837
BenchmarkTest02709.java,0,CWE-614,CWE-614,1,0,1,0,0,0,1,0,0,0,2200,0.003267,0,0.0,4,1.8239999999999998e-05,0.00328524,3.7886569499969482
BenchmarkTest02710.java,0,CWE-614,CWE-614,1,0,1,0,0,0,1,0,0,0,2176,0.00323136,0,0.0,4,1.8239999999999998e-05,0.0032496,3.2565929889678955
BenchmarkTest02711.java,0,CWE-614,,,,0,0,1,0,0,0,1,0,,,,,,,,
BenchmarkTest02712.java,0,CWE-79,,,,0,0,1,0,0,0,1,0,,,,,,,,
BenchmarkTest02713.java,0,CWE-78,,,,0,0,1,0,0,0,1,0,,,,,,,,
BenchmarkTest02714.java,0,CWE-78,,,,0,0,1,0,0,0,1,0,,,,,,,,
BenchmarkTest02715.java,0,CWE-330,,,,0,0,1,0,0,0,1,0,,,,,,,,
BenchmarkTest02716.java,0,CWE-330,,,,0,0,1,0,0,0,1,0,,,,,,,,
BenchmarkTest02717.java,0,CWE-330,,,,0,0,1,0,0,0,1,0,,,,,,,,
BenchmarkTest02718.java,0,CWE-330,,,,0,0,1,0,0,0,1,0,,,,,,,,
BenchmarkTest02719.java,0,CWE-330,,,,0,0,1,0,0,0,1,0,,,,,,,,
BenchmarkTest02720.java,0,CWE-330,,,,0,0,1,0,0,0,1,0,,,,,,,,
BenchmarkTest02721.java,0,CWE-330,,,,0,0,1,0,0,0,1,0,,,,,,,,
BenchmarkTest02727.java,0,CWE-89,,,,0,0,1,0,0,0,1,0,,,,,,,,
BenchmarkTest02728.java,0,CWE-89,,,,0,0,1,0,0,0,1,0,,,,,,,,
BenchmarkTest02729.java,0,CWE-89,,,,0,0,1,0,0,0,1,0,,,,,,,,
BenchmarkTest02730.java,0,CWE-89,,,,0,0,1,0,0,0,1,0,,,,,,,,
BenchmarkTest02731.java,0,CWE-89,,,,0,0,1,0,0,0,1,0,,,,,,,,
BenchmarkTest02732.java,0,CWE-89,,,,0,0,1,0,0,0,1,0,,,,,,,,
BenchmarkTest02733.java,0,CWE-89,,,,0,0,1,0,0,0,1,0,,,,,,,,
BenchmarkTest02734.java,0,CWE-89,,,,0,0,1,0,0,0,1,0,,,,,,,,
BenchmarkTest02735.java,0,CWE-89,,,,0,0,1,0,0,0,1,0,,,,,,,,
BenchmarkTest02736.java,0,CWE-89,,,,0,0,1,0,0,0,1,0,,,,,,,,
BenchmarkTest02737.java,0,CWE-89,,,,0,0,1,0,0,0,1,0,,,,,,,,
BenchmarkTest02738.java,0,CWE-89,,,,0,0,1,0,0,0,1,0,,,,,,,,
BenchmarkTest02739.java,0,CWE-89,,,,0,0,1,0,0,0,1,0,,,,,,,,
BenchmarkTest02740.java,0,CWE-89,,,,0,0,1,0,0,0,1,0,,,,,,,,
