file_name,error,correct_cwe,matched_cwe,direct_match,was_changed,tp_old,fp_old,tn_old,fn_old,tp_new,fp_new,tn_new,fn_new,input_token,input_cost,reasoning_token,reasoning_cost,output_token,output_cost,total_cost,analysis_time
BenchmarkTest00001.java,0,CWE-22,CWE-23,0,0,1,0,0,0,1,0,0,0,1596,0.00047879999999999993,616,0.00154,2,5e-06,0.0020237999999999996,3.328467845916748
BenchmarkTest00002.java,0,CWE-22,CWE-23,0,0,1,0,0,0,1,0,0,0,1460,0.000438,768,0.00192,2,5e-06,0.0023629999999999996,3.5975067615509033
BenchmarkTest00003.java,0,CWE-328,,,,0,0,0,1,0,0,0,1,,,,,,,,
BenchmarkTest00005.java,0,CWE-327,CWE-327,1,0,1,0,0,0,1,0,0,0,1351,0.0004053,188,0.00047,2,5e-06,0.0008803,1.4497225284576416
BenchmarkTest00006.java,0,CWE-78,CWE-78,1,0,1,0,0,0,1,0,0,0,1019,0.0003057,764,0.00191,2,5e-06,0.0022207,4.239310026168823
BenchmarkTest00007.java,0,CWE-78,CWE-78,1,0,1,0,0,0,1,0,0,0,897,0.0002691,2126,0.005315,2,5e-06,0.0055891,12.054522514343262
BenchmarkTest00008.java,0,CWE-89,CWE-89,1,0,1,0,0,0,1,0,0,0,902,0.00027059999999999996,668,0.00167,2,5e-06,0.0019456,3.7716245651245117
BenchmarkTest00009.java,0,CWE-328,,,,0,0,1,0,0,0,1,0,,,,,,,,
BenchmarkTest00010.java,0,CWE-330,,,,0,0,1,0,0,0,1,0,,,,,,,,
BenchmarkTest00011.java,0,CWE-22,CWE-23,0,0,1,0,0,0,1,0,0,0,1238,0.0003714,3331,0.0083275,2,5e-06,0.008703899999999999,15.482041835784912
BenchmarkTest00012.java,0,CWE-90,CWE-90,1,0,1,0,0,0,1,0,0,0,1313,0.0003939,632,0.00158,2,5e-06,0.0019788999999999996,3.5143306255340576
BenchmarkTest00013.java,0,CWE-79,CWE-79,1,0,1,0,0,0,1,0,0,0,1310,0.000393,1390,0.003475,2,5e-06,0.0038729999999999997,6.90897798538208
BenchmarkTest00014.java,0,CWE-79,CWE-79,1,0,1,0,0,0,1,0,0,0,1305,0.0003915,930,0.002325,2,5e-06,0.0027214999999999995,5.305042505264282
BenchmarkTest00015.java,0,CWE-78,CWE-78,1,0,1,0,0,0,1,0,0,0,1033,0.0003099,718,0.001795,2,5e-06,0.0021098999999999996,4.018409967422485
BenchmarkTest00016.java,0,CWE-614,,,,0,0,1,0,0,0,1,0,,,,,,,,
BenchmarkTest00017.java,0,CWE-78,CWE-78,1,0,1,0,0,0,1,0,0,0,987,0.0002961,751,0.0018775,2,5e-06,0.0021785999999999997,4.164635419845581
BenchmarkTest00018.java,0,CWE-89,CWE-89,1,0,1,0,0,0,1,0,0,0,909,0.0002727,472,0.00118,2,5e-06,0.0014577000000000001,2.8736467361450195
BenchmarkTest00019.java,0,CWE-327,CWE-327,1,0,1,0,0,0,1,0,0,0,1287,0.00038609999999999995,212,0.00053,2,5e-06,0.0009211,1.5186262130737305
BenchmarkTest00020.java,0,CWE-327,CWE-327,1,0,1,0,0,0,1,0,0,0,1764,0.0005292,257,0.0006425,2,5e-06,0.0011767,1.6376616954803467
BenchmarkTest00021.java,0,CWE-90,CWE-90,1,0,1,0,0,0,1,0,0,0,1238,0.0003714,638,0.001595,2,5e-06,0.0019714,3.780824661254883
BenchmarkTest00022.java,0,CWE-328,,,,0,0,1,0,0,0,1,0,,,,,,,,
BenchmarkTest00023.java,0,CWE-330,CWE-330,1,0,1,0,0,0,1,0,0,0,1287,0.00038609999999999995,420,0.00105,2,5e-06,0.0014410999999999998,2.3722925186157227
BenchmarkTest00024.java,0,CWE-89,CWE-89,1,0,1,0,0,0,1,0,0,0,932,0.00027959999999999997,384,0.00096,2,5e-06,0.0012446,3.137571096420288
BenchmarkTest00025.java,0,CWE-89,,,,0,0,0,1,0,0,0,1,,,,,,,,
BenchmarkTest00026.java,0,CWE-89,,,,0,0,0,1,0,0,0,1,,,,,,,,
BenchmarkTest00027.java,0,CWE-89,CWE-89,1,0,1,0,0,0,1,0,0,0,863,0.00025889999999999995,446,0.001115,2,5e-06,0.0013789,3.4765634536743164
BenchmarkTest00028.java,0,CWE-22,CWE-23,0,0,1,0,0,0,1,0,0,0,1280,0.000384,651,0.0016275,2,5e-06,0.0020165,4.5160441398620605
BenchmarkTest00029.java,0,CWE-328,,,,0,0,0,1,0,0,0,1,,,,,,,,
BenchmarkTest00030.java,0,CWE-79,CWE-79,1,0,1,0,0,0,1,0,0,0,1296,0.0003888,918,0.002295,2,5e-06,0.0026888,5.584286212921143
BenchmarkTest00032.java,0,CWE-89,,,,0,0,0,1,0,0,0,1,,,,,,,,
BenchmarkTest00033.java,0,CWE-89,,,,0,0,0,1,0,0,0,1,,,,,,,,
BenchmarkTest00034.java,0,CWE-89,CWE-89,1,0,1,0,0,0,1,0,0,0,912,0.0002736,471,0.0011775,2,5e-06,0.0014560999999999999,3.4802961349487305
BenchmarkTest00035.java,0,CWE-327,CWE-327,1,0,1,0,0,0,1,0,0,0,1422,0.00042659999999999996,218,0.000545,2,5e-06,0.0009766,2.7168753147125244
BenchmarkTest00036.java,0,CWE-79,CWE-79,1,0,1,0,0,0,1,0,0,0,1395,0.0004185,832,0.00208,2,5e-06,0.0025034999999999996,5.437621355056763
BenchmarkTest00037.java,0,CWE-89,CWE-89,1,0,1,0,0,0,1,0,0,0,1051,0.0003153,929,0.0023225,2,5e-06,0.0026428,5.357267141342163
BenchmarkTest00038.java,0,CWE-89,CWE-89,1,0,1,0,0,0,1,0,0,0,1221,0.0003663,830,0.002075,2,5e-06,0.0024462999999999998,4.599652528762817
BenchmarkTest00039.java,0,CWE-89,,,,0,0,0,1,0,0,0,1,,,,,,,,
BenchmarkTest00040.java,0,CWE-22,,,,0,0,0,1,0,0,0,1,,,,,,,,
BenchmarkTest00041.java,0,CWE-79,,,,0,0,0,1,0,0,0,1,,,,,,,,
BenchmarkTest00042.java,0,CWE-330,,,,0,0,1,0,0,0,1,0,,,,,,,,
BenchmarkTest00043.java,0,CWE-89,,,,0,0,0,1,0,0,0,1,,,,,,,,
BenchmarkTest00044.java,0,CWE-90,CWE-90,1,0,1,0,0,0,1,0,0,0,1241,0.0003723,696,0.00174,2,5e-06,0.0021173,3.5631282329559326
BenchmarkTest00045.java,0,CWE-22,CWE-23,0,0,1,0,0,0,1,0,0,0,1217,0.0003651,1097,0.0027425,2,5e-06,0.0031126,5.4887144565582275
BenchmarkTest00046.java,0,CWE-328,CWE-916,0,0,1,0,0,0,1,0,0,0,1247,0.0003741,427,0.0010675,2,5e-06,0.0014466000000000001,2.4957973957061768
BenchmarkTest00047.java,0,CWE-79,CWE-79,1,0,1,0,0,0,1,0,0,0,1440,0.000432,784,0.00196,2,5e-06,0.002397,3.916551351547241
BenchmarkTest00048.java,0,CWE-79,CWE-79,1,0,1,0,0,0,1,0,0,0,1434,0.0004302,661,0.0016525,2,5e-06,0.0020877,3.0490200519561768
BenchmarkTest00049.java,0,CWE-79,CWE-79,1,0,1,0,0,0,1,0,0,0,1431,0.0004293,569,0.0014225,2,5e-06,0.0018568,2.9728012084960938
BenchmarkTest00050.java,0,CWE-327,CWE-327,1,0,1,0,0,0,1,0,0,0,1789,0.0005367,261,0.0006525,2,5e-06,0.0011942,1.5692181587219238
BenchmarkTest00051.java,0,CWE-78,,,,0,0,1,0,0,0,1,0,,,,,,,,
BenchmarkTest00052.java,0,CWE-89,,,,0,0,1,0,0,0,1,0,,,,,,,,
BenchmarkTest00053.java,0,CWE-327,CWE-327,1,0,1,0,0,0,1,0,0,0,1965,0.0005895,223,0.0005575,2,5e-06,0.001152,1.4168517589569092
BenchmarkTest00054.java,0,CWE-327,,,,0,0,1,0,0,0,1,0,,,,,,,,
BenchmarkTest00055.java,0,CWE-327,CWE-327,1,0,1,0,0,0,1,0,0,0,1995,0.0005985,214,0.000535,2,5e-06,0.0011385,1.379206895828247
BenchmarkTest00056.java,0,CWE-327,CWE-327,1,0,1,0,0,0,1,0,0,0,2081,0.0006242999999999999,228,0.00057,2,5e-06,0.0011993,1.8484842777252197
BenchmarkTest00057.java,0,CWE-327,CWE-327,1,0,1,0,0,0,1,0,0,0,1593,0.00047789999999999996,225,0.0005625,2,5e-06,0.0010454,1.8690369129180908
BenchmarkTest00058.java,0,CWE-327,,,,0,0,1,0,0,0,1,0,,,,,,,,
BenchmarkTest00059.java,0,CWE-327,,,,0,0,1,0,0,0,1,0,,,,,,,,
BenchmarkTest00060.java,0,CWE-22,CWE-23,0,0,1,0,0,0,1,0,0,0,1512,0.00045359999999999997,1290,0.003225,2,5e-06,0.0036835999999999995,6.130187749862671
BenchmarkTest00061.java,0,CWE-22,CWE-23,0,0,1,0,0,0,1,0,0,0,1490,0.000447,1083,0.0027075,2,5e-06,0.0031594999999999995,6.005179166793823
BenchmarkTest00062.java,0,CWE-22,CWE-23,0,0,1,0,0,0,1,0,0,0,1725,0.0005175,919,0.0022975,2,5e-06,0.0028199999999999996,4.213044166564941
BenchmarkTest00063.java,0,CWE-22,,,,0,0,1,0,0,0,1,0,,,,,,,,
BenchmarkTest00064.java,0,CWE-22,,,,0,0,1,0,0,0,1,0,,,,,,,,
BenchmarkTest00065.java,0,CWE-22,CWE-23,0,0,1,0,0,0,1,0,0,0,1704,0.0005112,891,0.0022275,2,5e-06,0.0027436999999999995,4.751393556594849
BenchmarkTest00066.java,0,CWE-330,CWE-330,1,0,1,0,0,0,1,0,0,0,1556,0.00046679999999999996,472,0.00118,2,5e-06,0.0016518,2.52128529548645
BenchmarkTest00067.java,0,CWE-330,CWE-330,1,0,1,0,0,0,1,0,0,0,1876,0.0005627999999999999,612,0.00153,2,5e-06,0.0020977999999999995,3.066859006881714
BenchmarkTest00068.java,0,CWE-330,CWE-330,1,0,1,0,0,0,1,0,0,0,1548,0.00046439999999999996,609,0.0015225,2,5e-06,0.0019918999999999996,3.498579740524292
BenchmarkTest00069.java,0,CWE-328,,,,0,0,1,0,0,0,1,0,,,,,,,,
BenchmarkTest00070.java,0,CWE-328,CWE-916,0,0,1,0,0,0,1,0,0,0,1576,0.00047279999999999995,1102,0.002755,2,5e-06,0.0032327999999999996,5.8245790004730225
BenchmarkTest00071.java,0,CWE-328,CWE-916,0,0,1,0,0,0,1,0,0,0,1583,0.0004749,735,0.0018375,2,5e-06,0.0023174,4.18050742149353
BenchmarkTest00072.java,0,CWE-328,,,,0,0,1,0,0,0,1,0,,,,,,,,
BenchmarkTest00073.java,0,CWE-328,CWE-916,0,0,1,0,0,0,1,0,0,0,1552,0.0004656,300,0.00075,2,5e-06,0.0012206,2.0752649307250977
BenchmarkTest00074.java,0,CWE-328,,,,0,0,0,1,0,0,0,1,,,,,,,,
BenchmarkTest00075.java,0,CWE-328,,,,0,0,1,0,0,0,1,0,,,,,,,,
BenchmarkTest00076.java,0,CWE-328,,,,0,0,1,0,0,0,1,0,,,,,,,,
BenchmarkTest00077.java,0,CWE-78,CWE-78,1,0,1,0,0,0,1,0,0,0,1324,0.0003972,898,0.002245,2,5e-06,0.0026471999999999997,4.4312543869018555
BenchmarkTest00078.java,0,CWE-330,CWE-330,1,0,1,0,0,0,1,0,0,0,1581,0.00047429999999999993,479,0.0011975,2,5e-06,0.0016768,3.5308005809783936
BenchmarkTest00079.java,0,CWE-330,CWE-330,1,0,1,0,0,0,1,0,0,0,1645,0.0004935,597,0.0014925,2,5e-06,0.0019909999999999997,3.8500418663024902
BenchmarkTest00080.java,0,CWE-330,CWE-330,1,0,1,0,0,0,1,0,0,0,1525,0.0004575,481,0.0012025,2,5e-06,0.001665,3.8361775875091553
BenchmarkTest00081.java,0,CWE-330,CWE-330,1,0,1,0,0,0,1,0,0,0,1508,0.0004524,608,0.00152,2,5e-06,0.0019774,4.3425133228302
BenchmarkTest00082.java,0,CWE-330,CWE-330,1,0,1,0,0,0,1,0,0,0,1518,0.00045539999999999996,584,0.00146,2,5e-06,0.0019203999999999998,4.432366609573364
BenchmarkTest00083.java,0,CWE-330,CWE-330,1,0,1,0,0,0,1,0,0,0,1538,0.0004614,750,0.001875,2,5e-06,0.0023413999999999996,5.056703329086304
BenchmarkTest00084.java,0,CWE-330,CWE-330,1,0,1,0,0,0,1,0,0,0,1518,0.00045539999999999996,662,0.001655,2,5e-06,0.0021154,4.16875147819519
BenchmarkTest00085.java,0,CWE-330,CWE-330,1,0,1,0,0,0,1,0,0,0,1605,0.0004815,631,0.0015775,2,5e-06,0.002064,4.0165979862213135
BenchmarkTest00086.java,0,CWE-330,CWE-330,1,0,1,0,0,0,1,0,0,0,1532,0.00045959999999999995,733,0.0018325,2,5e-06,0.0022971,3.7130165100097656
BenchmarkTest00087.java,0,CWE-614,CWE-614,1,0,1,0,0,0,1,0,0,0,1315,0.0003945,475,0.0011875,2,5e-06,0.001587,2.9956490993499756
BenchmarkTest00088.java,0,CWE-614,,,,0,0,1,0,0,0,1,0,,,,,,,,
BenchmarkTest00089.java,0,CWE-614,,,,0,0,1,0,0,0,1,0,,,,,,,,
BenchmarkTest00090.java,0,CWE-78,,,,0,0,1,0,0,0,1,0,,,,,,,,
BenchmarkTest00091.java,0,CWE-78,CWE-78,1,0,1,0,0,0,1,0,0,0,1099,0.0003297,1851,0.0046275,2,5e-06,0.004962199999999999,9.790831327438354
BenchmarkTest00092.java,0,CWE-78,CWE-78,1,0,1,0,0,0,1,0,0,0,1208,0.00036239999999999997,788,0.00197,2,5e-06,0.0023374,4.042909622192383
BenchmarkTest00093.java,0,CWE-78,CWE-78,1,0,0,1,0,0,0,1,0,0,1282,0.00038459999999999997,860,0.00215,2,5e-06,0.0025396,4.094472646713257
BenchmarkTest00094.java,0,CWE-330,,,,0,0,1,0,0,0,1,0,,,,,,,,
BenchmarkTest00095.java,0,CWE-330,,,,0,0,1,0,0,0,1,0,,,,,,,,
BenchmarkTest00096.java,0,CWE-330,,,,0,0,1,0,0,0,1,0,,,,,,,,
BenchmarkTest00100.java,0,CWE-89,CWE-89,1,0,1,0,0,0,1,0,0,0,1282,0.00038459999999999997,997,0.0024925,2,5e-06,0.0028821,4.52746319770813
BenchmarkTest00101.java,0,CWE-89,CWE-89,1,0,1,0,0,0,1,0,0,0,1205,0.0003615,942,0.002355,2,5e-06,0.0027214999999999995,4.271238803863525
BenchmarkTest00102.java,0,CWE-89,,,,0,0,0,1,0,0,0,1,,,,,,,,
BenchmarkTest00103.java,0,CWE-89,,,,0,0,0,1,0,0,0,1,,,,,,,,
BenchmarkTest00104.java,0,CWE-89,,,,0,0,1,0,0,0,1,0,,,,,,,,
BenchmarkTest00105.java,0,CWE-89,,,,0,0,1,0,0,0,1,0,,,,,,,,
BenchmarkTest00106.java,0,CWE-89,CWE-89,1,0,1,0,0,0,1,0,0,0,1191,0.0003573,706,0.001765,2,5e-06,0.0021273,3.895705461502075
BenchmarkTest00107.java,0,CWE-89,,,,0,0,1,0,0,0,1,0,,,,,,,,
BenchmarkTest00108.java,0,CWE-89,CWE-89,1,0,1,0,0,0,1,0,0,0,1217,0.0003651,921,0.0023025,2,5e-06,0.0026726,4.191307544708252
BenchmarkTest00109.java,0,CWE-89,CWE-89,1,0,1,0,0,0,1,0,0,0,1169,0.0003507,800,0.002,2,5e-06,0.0023556999999999996,4.001939296722412
BenchmarkTest00110.java,0,CWE-89,,,,0,0,1,0,0,0,1,0,,,,,,,,
BenchmarkTest00111.java,0,CWE-89,CWE-89,1,0,1,0,0,0,1,0,0,0,1179,0.0003537,781,0.0019525,2,5e-06,0.0023112,3.5882785320281982
BenchmarkTest00112.java,0,CWE-89,CWE-89,1,0,1,0,0,0,1,0,0,0,1128,0.0003384,988,0.00247,2,5e-06,0.0028133999999999998,5.815677881240845
BenchmarkTest00113.java,0,CWE-89,CWE-89,1,1,0,1,0,0,0,0,1,0,1238,0.0003714,2386,0.005965,2,5e-06,0.0063414,11.505227088928223
BenchmarkTest00114.java,0,CWE-89,,,,0,0,1,0,0,0,1,0,,,,,,,,
BenchmarkTest00115.java,0,CWE-89,CWE-89,1,0,1,0,0,0,1,0,0,0,1222,0.00036659999999999997,798,0.001995,2,5e-06,0.0023665999999999995,4.082818269729614
BenchmarkTest00116.java,0,CWE-643,CWE-643,1,1,0,1,0,0,0,0,1,0,1471,0.0004413,1007,0.0025175,2,5e-06,0.0029638,4.252069473266602
BenchmarkTest00117.java,0,CWE-643,,,,0,0,1,0,0,0,1,0,,,,,,,,
BenchmarkTest00118.java,0,CWE-643,,,,0,0,1,0,0,0,1,0,,,,,,,,
BenchmarkTest00119.java,0,CWE-327,CWE-327,1,0,1,0,0,0,1,0,0,0,2055,0.0006165,225,0.0005625,2,5e-06,0.001184,1.3793296813964844
BenchmarkTest00120.java,0,CWE-327,CWE-327,1,0,1,0,0,0,1,0,0,0,1803,0.0005409,222,0.000555,2,5e-06,0.0011009,1.4821984767913818
BenchmarkTest00121.java,0,CWE-327,,,,0,0,1,0,0,0,1,0,,,,,,,,
BenchmarkTest00122.java,0,CWE-327,,,,0,0,1,0,0,0,1,0,,,,,,,,
BenchmarkTest00123.java,0,CWE-327,CWE-327,1,0,1,0,0,0,1,0,0,0,1374,0.0004122,253,0.0006325,2,5e-06,0.0010497,1.784301519393921
BenchmarkTest00124.java,0,CWE-327,CWE-327,1,0,1,0,0,0,1,0,0,0,1397,0.00041909999999999994,219,0.0005475,2,5e-06,0.0009716,1.745718240737915
BenchmarkTest00125.java,0,CWE-327,CWE-327,1,0,1,0,0,0,1,0,0,0,1379,0.00041369999999999997,238,0.000595,2,5e-06,0.0010137,1.7133913040161133
BenchmarkTest00126.java,0,CWE-327,,,,0,0,1,0,0,0,1,0,,,,,,,,
BenchmarkTest00127.java,0,CWE-327,,,,0,0,1,0,0,0,1,0,,,,,,,,
BenchmarkTest00128.java,0,CWE-327,,,,0,0,1,0,0,0,1,0,,,,,,,,
BenchmarkTest00129.java,0,CWE-327,,,,0,0,1,0,0,0,1,0,,,,,,,,
BenchmarkTest00130.java,0,CWE-327,,,,0,0,1,0,0,0,1,0,,,,,,,,
BenchmarkTest00131.java,0,CWE-22,CWE-23,0,1,0,1,0,0,0,0,1,0,1329,0.0003987,757,0.0018925,2,5e-06,0.0022962,3.5388288497924805
BenchmarkTest00132.java,0,CWE-22,CWE-23,0,1,0,1,0,0,0,0,1,0,1517,0.00045509999999999995,797,0.0019925,2,5e-06,0.0024525999999999997,3.919276237487793
BenchmarkTest00133.java,0,CWE-22,CWE-23,0,0,1,0,0,0,1,0,0,0,1381,0.0004143,813,0.0020325,2,5e-06,0.0024517999999999996,6.235073566436768
BenchmarkTest00134.java,0,CWE-22,CWE-23,0,0,0,1,0,0,0,1,0,0,1318,0.00039539999999999996,567,0.0014175,2,5e-06,0.0018179,3.2001655101776123
BenchmarkTest00135.java,0,CWE-22,CWE-23,0,1,0,1,0,0,0,0,1,0,1335,0.0004005,1048,0.00262,2,5e-06,0.0030254999999999995,5.1524670124053955
BenchmarkTest00136.java,0,CWE-22,CWE-23,0,1,0,1,0,0,0,0,1,0,1381,0.0004143,917,0.0022925,2,5e-06,0.0027117999999999995,5.603479623794556
BenchmarkTest00137.java,0,CWE-22,CWE-23,0,1,0,1,0,0,0,0,1,0,1592,0.00047759999999999995,1163,0.0029075,2,5e-06,0.0033900999999999996,6.172155141830444
BenchmarkTest00138.java,0,CWE-90,,,,0,0,1,0,0,0,1,0,,,,,,,,
BenchmarkTest00139.java,0,CWE-90,,,,0,0,1,0,0,0,1,0,,,,,,,,
BenchmarkTest00140.java,0,CWE-330,CWE-330,1,0,1,0,0,0,1,0,0,0,1404,0.0004212,535,0.0013375,2,5e-06,0.0017637,3.5126960277557373
BenchmarkTest00141.java,0,CWE-328,CWE-916,0,0,1,0,0,0,1,0,0,0,1446,0.00043380000000000003,873,0.0021825,2,5e-06,0.0026213,5.77103853225708
BenchmarkTest00142.java,0,CWE-328,,,,0,0,1,0,0,0,1,0,,,,,,,,
BenchmarkTest00143.java,0,CWE-328,,,,0,0,0,1,0,0,0,1,,,,,,,,
BenchmarkTest00144.java,0,CWE-79,CWE-79,1,0,1,0,0,0,1,0,0,0,1384,0.0004152,872,0.00218,2,5e-06,0.0026002,4.935986757278442
BenchmarkTest00145.java,0,CWE-79,CWE-79,1,0,1,0,0,0,1,0,0,0,1424,0.0004272,735,0.0018375,2,5e-06,0.0022696999999999995,3.50553822517395
BenchmarkTest00146.java,0,CWE-79,CWE-79,1,0,1,0,0,0,1,0,0,0,1371,0.0004113,964,0.00241,2,5e-06,0.0028262999999999995,4.838370084762573
BenchmarkTest00147.java,0,CWE-79,CWE-79,1,1,0,1,0,0,0,0,1,0,1390,0.000417,831,0.0020775,2,5e-06,0.0024994999999999996,4.034749269485474
BenchmarkTest00148.java,0,CWE-79,CWE-79,1,0,1,0,0,0,1,0,0,0,1347,0.00040409999999999996,879,0.0021975,2,5e-06,0.0026065999999999997,4.490451812744141
BenchmarkTest00149.java,0,CWE-79,CWE-79,1,0,1,0,0,0,1,0,0,0,1342,0.0004026,868,0.00217,2,5e-06,0.0025775999999999998,4.272270679473877
BenchmarkTest00150.java,0,CWE-79,CWE-79,1,0,1,0,0,0,1,0,0,0,1356,0.0004068,690,0.001725,2,5e-06,0.0021368,3.451111078262329
BenchmarkTest00151.java,0,CWE-79,CWE-79,1,1,0,1,0,0,0,0,1,0,1382,0.00041459999999999994,1435,0.0035875,2,5e-06,0.0040070999999999996,6.348865985870361
BenchmarkTest00152.java,0,CWE-79,CWE-79,1,0,1,0,0,0,1,0,0,0,1391,0.0004173,657,0.0016425,2,5e-06,0.0020648,3.5693366527557373
BenchmarkTest00153.java,0,CWE-79,CWE-79,1,0,1,0,0,0,1,0,0,0,1402,0.0004206,717,0.0017925,2,5e-06,0.0022180999999999998,3.770296335220337
BenchmarkTest00154.java,0,CWE-79,CWE-79,1,0,1,0,0,0,1,0,0,0,1391,0.0004173,794,0.001985,2,5e-06,0.0024072999999999994,3.978337049484253
BenchmarkTest00155.java,0,CWE-79,CWE-79,1,0,1,0,0,0,1,0,0,0,1323,0.0003969,880,0.0022,2,5e-06,0.0026019,4.899694442749023
BenchmarkTest00156.java,0,CWE-79,CWE-79,1,0,1,0,0,0,1,0,0,0,1369,0.0004107,955,0.0023875,2,5e-06,0.0028031999999999996,4.87876033782959
BenchmarkTest00157.java,0,CWE-79,CWE-79,1,0,1,0,0,0,1,0,0,0,1316,0.0003948,654,0.001635,2,5e-06,0.0020348,3.3568341732025146
BenchmarkTest00158.java,0,CWE-78,,,,0,0,1,0,0,0,1,0,,,,,,,,
BenchmarkTest00159.java,0,CWE-78,CWE-78,1,0,1,0,0,0,1,0,0,0,1056,0.0003168,980,0.00245,2,5e-06,0.0027717999999999996,5.021202802658081
BenchmarkTest00160.java,0,CWE-330,CWE-330,1,0,1,0,0,0,1,0,0,0,1413,0.0004239,524,0.00131,2,5e-06,0.0017389,3.3480145931243896
BenchmarkTest00161.java,0,CWE-330,CWE-330,1,0,1,0,0,0,1,0,0,0,1502,0.00045059999999999995,586,0.001465,2,5e-06,0.0019206,3.2785258293151855
BenchmarkTest00162.java,0,CWE-330,CWE-330,1,0,1,0,0,0,1,0,0,0,1312,0.00039359999999999997,547,0.0013675,2,5e-06,0.0017661,3.2019011974334717
BenchmarkTest00163.java,0,CWE-330,CWE-330,1,0,1,0,0,0,1,0,0,0,1329,0.0003987,573,0.0014325,2,5e-06,0.0018361999999999999,3.0092828273773193
BenchmarkTest00164.java,0,CWE-330,CWE-330,1,0,1,0,0,0,1,0,0,0,1331,0.0003993,658,0.001645,2,5e-06,0.0020492999999999996,3.7269225120544434
BenchmarkTest00165.java,0,CWE-330,CWE-330,1,0,1,0,0,0,1,0,0,0,1326,0.0003978,569,0.0014225,2,5e-06,0.0018253,3.2787232398986816
BenchmarkTest00166.java,0,CWE-330,CWE-330,1,0,1,0,0,0,1,0,0,0,1290,0.000387,386,0.000965,2,5e-06,0.001357,2.66408109664917
BenchmarkTest00167.java,0,CWE-330,CWE-330,1,0,1,0,0,0,1,0,0,0,1363,0.00040889999999999996,831,0.0020775,2,5e-06,0.0024913999999999995,4.423017501831055
BenchmarkTest00168.java,0,CWE-330,CWE-330,1,0,1,0,0,0,1,0,0,0,1332,0.00039959999999999996,521,0.0013025,2,5e-06,0.0017071,3.1527812480926514
BenchmarkTest00169.java,0,CWE-614,CWE-614,1,0,1,0,0,0,1,0,0,0,1140,0.000342,226,0.000565,2,5e-06,0.000912,2.9145705699920654
BenchmarkTest00170.java,0,CWE-614,CWE-614,1,0,1,0,0,0,1,0,0,0,1400,0.00042,315,0.0007875,2,5e-06,0.0012125,2.9013309478759766
BenchmarkTest00171.java,0,CWE-78,CWE-78,1,1,0,1,0,0,0,0,1,0,1259,0.00037769999999999997,1814,0.004535,2,5e-06,0.0049177,10.42292308807373
BenchmarkTest00172.java,0,CWE-78,CWE-78,1,0,1,0,0,0,1,0,0,0,1041,0.0003123,943,0.0023575,2,5e-06,0.0026747999999999997,5.589550733566284
BenchmarkTest00173.java,0,CWE-78,CWE-78,1,0,1,0,0,0,1,0,0,0,1017,0.0003051,1876,0.00469,2,5e-06,0.0050000999999999995,9.80426549911499
BenchmarkTest00174.java,0,CWE-78,CWE-78,1,0,1,0,0,0,1,0,0,0,938,0.00028139999999999996,2109,0.0052725,2,5e-06,0.0055589,10.954564571380615
BenchmarkTest00175.java,0,CWE-78,CWE-78,1,1,0,1,0,0,0,0,1,0,1042,0.00031259999999999995,684,0.00171,2,5e-06,0.0020275999999999996,3.2208175659179688
BenchmarkTest00176.java,0,CWE-78,CWE-78,1,0,1,0,0,0,1,0,0,0,1012,0.00030359999999999995,924,0.00231,2,5e-06,0.0026185999999999996,4.550882577896118
BenchmarkTest00177.java,0,CWE-78,,,,0,0,1,0,0,0,1,0,,,,,,,,
BenchmarkTest00178.java,0,CWE-330,,,,0,0,1,0,0,0,1,0,,,,,,,,
BenchmarkTest00179.java,0,CWE-330,,,,0,0,1,0,0,0,1,0,,,,,,,,
BenchmarkTest00180.java,0,CWE-330,,,,0,0,1,0,0,0,1,0,,,,,,,,
BenchmarkTest00181.java,0,CWE-330,,,,0,0,1,0,0,0,1,0,,,,,,,,
BenchmarkTest00182.java,0,CWE-330,,,,0,0,1,0,0,0,1,0,,,,,,,,
BenchmarkTest00183.java,0,CWE-330,,,,0,0,1,0,0,0,1,0,,,,,,,,
BenchmarkTest00184.java,0,CWE-330,,,,0,0,1,0,0,0,1,0,,,,,,,,
BenchmarkTest00185.java,0,CWE-330,,,,0,0,1,0,0,0,1,0,,,,,,,,
BenchmarkTest00186.java,0,CWE-330,,,,0,0,1,0,0,0,1,0,,,,,,,,
BenchmarkTest00187.java,0,CWE-330,,,,0,0,1,0,0,0,1,0,,,,,,,,
BenchmarkTest00188.java,0,CWE-330,,,,0,0,1,0,0,0,1,0,,,,,,,,
BenchmarkTest00190.java,0,CWE-89,CWE-89,1,1,0,1,0,0,0,0,1,0,1033,0.0003099,2297,0.0057425,2,5e-06,0.0060574,10.689861297607422
BenchmarkTest00191.java,0,CWE-89,CWE-89,1,1,0,1,0,0,0,0,1,0,1045,0.0003135,1349,0.0033725,2,5e-06,0.003691,6.8162360191345215
BenchmarkTest00192.java,0,CWE-89,CWE-89,1,0,1,0,0,0,1,0,0,0,1030,0.000309,794,0.001985,2,5e-06,0.0022989999999999994,4.095766067504883
BenchmarkTest00193.java,0,CWE-89,CWE-89,1,0,1,0,0,0,1,0,0,0,977,0.00029309999999999997,645,0.0016125,2,5e-06,0.0019106,3.0061514377593994
BenchmarkTest00194.java,0,CWE-89,CWE-89,1,0,1,0,0,0,1,0,0,0,1022,0.00030659999999999997,737,0.0018425,2,5e-06,0.0021541,3.604673147201538
BenchmarkTest00195.java,0,CWE-89,,,,0,0,0,1,0,0,0,1,,,,,,,,
BenchmarkTest00196.java,0,CWE-89,,,,0,0,0,1,0,0,0,1,,,,,,,,
BenchmarkTest00197.java,0,CWE-89,CWE-89,1,1,0,1,0,0,0,0,1,0,1230,0.000369,1158,0.002895,2,5e-06,0.0032689999999999998,5.3029258251190186
BenchmarkTest00198.java,0,CWE-89,,,,0,0,0,1,0,0,0,1,,,,,,,,
BenchmarkTest00199.java,0,CWE-89,,,,0,0,0,1,0,0,0,1,,,,,,,,
BenchmarkTest00200.java,0,CWE-89,CWE-89,1,1,0,1,0,0,0,0,1,0,1035,0.0003105,1137,0.0028425,2,5e-06,0.0031579999999999998,5.743474245071411
BenchmarkTest00201.java,0,CWE-89,,,,0,0,1,0,0,0,1,0,,,,,,,,
BenchmarkTest00202.java,0,CWE-89,,,,0,0,1,0,0,0,1,0,,,,,,,,
BenchmarkTest00203.java,0,CWE-89,CWE-89,1,0,1,0,0,0,1,0,0,0,947,0.00028409999999999997,903,0.0022575,2,5e-06,0.0025465999999999996,4.55916953086853
BenchmarkTest00204.java,0,CWE-89,CWE-89,1,0,1,0,0,0,1,0,0,0,950,0.000285,534,0.001335,2,5e-06,0.001625,2.7149882316589355
BenchmarkTest00205.java,0,CWE-89,CWE-89,1,0,0,1,0,0,0,1,0,0,997,0.00029909999999999995,586,0.001465,2,5e-06,0.0017690999999999998,3.0277531147003174
BenchmarkTest00206.java,0,CWE-89,,,,0,0,1,0,0,0,1,0,,,,,,,,
BenchmarkTest00207.java,0,CWE-643,CWE-643,1,0,1,0,0,0,1,0,0,0,1080,0.000324,623,0.0015575,2,5e-06,0.0018865000000000002,3.599771499633789
BenchmarkTest00208.java,0,CWE-327,CWE-327,1,0,1,0,0,0,1,0,0,0,1914,0.0005742,261,0.0006525,2,5e-06,0.0012316999999999999,1.7851858139038086
BenchmarkTest00209.java,0,CWE-327,,,,0,0,1,0,0,0,1,0,,,,,,,,
BenchmarkTest00210.java,0,CWE-327,CWE-327,1,0,1,0,0,0,1,0,0,0,1462,0.0004386,239,0.0005975,2,5e-06,0.0010411,2.6059412956237793
BenchmarkTest00211.java,0,CWE-327,,,,0,0,1,0,0,0,1,0,,,,,,,,
BenchmarkTest00212.java,0,CWE-327,,,,0,0,1,0,0,0,1,0,,,,,,,,
BenchmarkTest00213.java,0,CWE-327,,,,0,0,1,0,0,0,1,0,,,,,,,,
BenchmarkTest00214.java,0,CWE-327,,,,0,0,1,0,0,0,1,0,,,,,,,,
BenchmarkTest00215.java,0,CWE-22,CWE-23,0,0,1,0,0,0,1,0,0,0,1319,0.00039569999999999997,941,0.0023525,2,5e-06,0.0027532,5.095101594924927
BenchmarkTest00216.java,0,CWE-22,CWE-23,0,0,1,0,0,0,1,0,0,0,1353,0.0004059,1080,0.0027,2,5e-06,0.0031108999999999998,6.150120735168457
BenchmarkTest00217.java,0,CWE-22,,,,0,0,1,0,0,0,1,0,,,,,,,,
BenchmarkTest00218.java,0,CWE-22,CWE-23,0,0,1,0,0,0,1,0,0,0,1591,0.00047729999999999995,1328,0.00332,2,5e-06,0.0038022999999999998,7.601233005523682
BenchmarkTest00219.java,0,CWE-22,CWE-23,0,0,1,0,0,0,1,0,0,0,1516,0.0004548,1349,0.0033725,2,5e-06,0.0038323,7.327216148376465
BenchmarkTest00220.java,0,CWE-22,,,,0,0,1,0,0,0,1,0,,,,,,,,
BenchmarkTest00221.java,0,CWE-22,,,,0,0,1,0,0,0,1,0,,,,,,,,
BenchmarkTest00222.java,0,CWE-22,CWE-23,0,0,1,0,0,0,1,0,0,0,1451,0.0004353,5336,0.01334,2,5e-06,0.013780299999999999,27.969273567199707
BenchmarkTest00223.java,0,CWE-328,CWE-916,0,0,1,0,0,0,1,0,0,0,1598,0.0004794,987,0.0024675,2,5e-06,0.0029519,6.301649332046509
BenchmarkTest00224.java,0,CWE-328,,,,0,0,1,0,0,0,1,0,,,,,,,,
BenchmarkTest00225.java,0,CWE-328,,,,0,0,1,0,0,0,1,0,,,,,,,,
BenchmarkTest00226.java,0,CWE-328,,,,0,0,0,1,0,0,0,1,,,,,,,,
BenchmarkTest00227.java,0,CWE-328,,,,0,0,0,1,0,0,0,1,,,,,,,,
BenchmarkTest00228.java,0,CWE-328,,,,0,0,1,0,0,0,1,0,,,,,,,,
BenchmarkTest00229.java,0,CWE-328,,,,0,0,1,0,0,0,1,0,,,,,,,,
BenchmarkTest00230.java,0,CWE-330,CWE-330,1,0,1,0,0,0,1,0,0,0,1452,0.00043559999999999996,608,0.00152,2,5e-06,0.0019606,4.043890476226807
BenchmarkTest00231.java,0,CWE-330,CWE-330,1,0,1,0,0,0,1,0,0,0,1488,0.00044639999999999995,536,0.00134,2,5e-06,0.0017914,2.9626028537750244
BenchmarkTest00232.java,0,CWE-330,CWE-330,1,0,1,0,0,0,1,0,0,0,1513,0.0004539,605,0.0015125,2,5e-06,0.0019714,3.374494791030884
BenchmarkTest00233.java,0,CWE-330,CWE-330,1,0,1,0,0,0,1,0,0,0,1399,0.0004197,511,0.0012775,2,5e-06,0.0017022,3.14180850982666
BenchmarkTest00234.java,0,CWE-330,CWE-330,1,0,1,0,0,0,1,0,0,0,1511,0.0004533,735,0.0018375,2,5e-06,0.0022957999999999998,3.866734027862549
BenchmarkTest00235.java,0,CWE-330,CWE-330,1,0,1,0,0,0,1,0,0,0,1397,0.00041909999999999994,453,0.0011325,2,5e-06,0.0015566,2.4880552291870117
BenchmarkTest00236.java,0,CWE-330,CWE-330,1,0,1,0,0,0,1,0,0,0,1403,0.0004209,625,0.0015625,2,5e-06,0.0019884,2.9520580768585205
BenchmarkTest00237.java,0,CWE-330,CWE-330,1,0,1,0,0,0,1,0,0,0,1463,0.0004389,489,0.0012225,2,5e-06,0.0016664,2.6413042545318604
BenchmarkTest00238.java,0,CWE-330,CWE-330,1,0,1,0,0,0,1,0,0,0,1428,0.00042839999999999995,524,0.00131,2,5e-06,0.0017434,2.7277746200561523
BenchmarkTest00239.java,0,CWE-330,CWE-330,1,0,1,0,0,0,1,0,0,0,1699,0.0005097,623,0.0015575,2,5e-06,0.0020721999999999997,3.3911871910095215
BenchmarkTest00240.java,0,CWE-330,CWE-330,1,0,1,0,0,0,1,0,0,0,1401,0.0004203,461,0.0011525,2,5e-06,0.0015778,2.4883930683135986
BenchmarkTest00241.java,0,CWE-614,CWE-614,1,0,1,0,0,0,1,0,0,0,1166,0.0003498,280,0.0007,2,5e-06,0.0010548,1.6435754299163818
BenchmarkTest00242.java,0,CWE-614,,,,0,0,1,0,0,0,1,0,,,,,,,,
BenchmarkTest00243.java,0,CWE-330,,,,0,0,1,0,0,0,1,0,,,,,,,,
BenchmarkTest00244.java,0,CWE-330,,,,0,0,1,0,0,0,1,0,,,,,,,,
BenchmarkTest00245.java,0,CWE-330,CWE-330,1,0,0,1,0,0,0,1,0,0,1840,0.000552,3084,0.00771,2,5e-06,0.008267,16.649451971054077
BenchmarkTest00246.java,0,CWE-330,,,,0,0,1,0,0,0,1,0,,,,,,,,
BenchmarkTest00247.java,0,CWE-330,,,,0,0,1,0,0,0,1,0,,,,,,,,
BenchmarkTest00248.java,0,CWE-330,,,,0,0,1,0,0,0,1,0,,,,,,,,
BenchmarkTest00249.java,0,CWE-330,,,,0,0,1,0,0,0,1,0,,,,,,,,
BenchmarkTest00254.java,0,CWE-327,CWE-327,1,0,1,0,0,0,1,0,0,0,1818,0.0005454,239,0.0005975,2,5e-06,0.0011479,1.5429463386535645
BenchmarkTest00255.java,0,CWE-327,,,,0,0,1,0,0,0,1,0,,,,,,,,
BenchmarkTest00256.java,0,CWE-327,CWE-327,1,0,1,0,0,0,1,0,0,0,1899,0.0005696999999999999,284,0.00071,2,5e-06,0.0012847,1.488501787185669
BenchmarkTest00257.java,0,CWE-327,CWE-327,1,0,1,0,0,0,1,0,0,0,1852,0.0005556000000000001,210,0.000525,2,5e-06,0.0010856000000000001,1.6388466358184814
BenchmarkTest00258.java,0,CWE-327,CWE-327,1,0,1,0,0,0,1,0,0,0,1832,0.0005496,248,0.00062,2,5e-06,0.0011746,1.8638639450073242
BenchmarkTest00259.java,0,CWE-327,,,,0,0,1,0,0,0,1,0,,,,,,,,
BenchmarkTest00260.java,0,CWE-327,,,,0,0,1,0,0,0,1,0,,,,,,,,
BenchmarkTest00261.java,0,CWE-22,,,,0,0,1,0,0,0,1,0,,,,,,,,
BenchmarkTest00262.java,0,CWE-22,CWE-23,0,0,1,0,0,0,1,0,0,0,1349,0.00040469999999999997,1039,0.0025975,2,5e-06,0.0030072,5.33244252204895
BenchmarkTest00263.java,0,CWE-22,CWE-23,0,1,0,1,0,0,0,0,1,0,1531,0.0004593,960,0.0024,2,5e-06,0.0028642999999999997,4.957258462905884
BenchmarkTest00264.java,0,CWE-22,CWE-23,0,0,1,0,0,0,1,0,0,0,1471,0.0004413,710,0.001775,2,5e-06,0.0022213,3.717954635620117
BenchmarkTest00265.java,0,CWE-22,CWE-23,0,0,0,1,0,0,0,1,0,0,1379,0.00041369999999999997,858,0.002145,2,5e-06,0.0025637,4.581136465072632
BenchmarkTest00266.java,0,CWE-328,CWE-916,0,0,1,0,0,0,1,0,0,0,1549,0.00046469999999999997,292,0.00073,2,5e-06,0.0011997,2.458416700363159
BenchmarkTest00267.java,0,CWE-328,CWE-916,0,0,1,0,0,0,1,0,0,0,1453,0.00043589999999999997,848,0.00212,2,5e-06,0.0025608999999999996,4.829071044921875
BenchmarkTest00268.java,0,CWE-328,CWE-916,0,0,1,0,0,0,1,0,0,0,1398,0.0004194,688,0.00172,2,5e-06,0.0021444,4.2004618644714355
BenchmarkTest00269.java,0,CWE-328,CWE-916,0,0,1,0,0,0,1,0,0,0,1405,0.0004215,798,0.001995,2,5e-06,0.0024214999999999996,4.221002578735352
BenchmarkTest00270.java,0,CWE-328,,,,0,0,1,0,0,0,1,0,,,,,,,,
BenchmarkTest00271.java,0,CWE-328,,,,0,0,1,0,0,0,1,0,,,,,,,,
BenchmarkTest00272.java,0,CWE-328,CWE-916,0,0,1,0,0,0,1,0,0,0,1385,0.0004155,665,0.0016625,2,5e-06,0.0020829999999999998,4.033942461013794
BenchmarkTest00273.java,0,CWE-328,,,,0,0,0,1,0,0,0,1,,,,,,,,
BenchmarkTest00274.java,0,CWE-328,,,,0,0,0,1,0,0,0,1,,,,,,,,
BenchmarkTest00275.java,0,CWE-79,,,,0,0,1,0,0,0,1,0,,,,,,,,
BenchmarkTest00276.java,0,CWE-79,CWE-79,1,0,1,0,0,0,1,0,0,0,1330,0.000399,722,0.001805,2,5e-06,0.0022089999999999996,4.389453649520874
BenchmarkTest00277.java,0,CWE-79,,,,0,0,1,0,0,0,1,0,,,,,,,,
BenchmarkTest00278.java,0,CWE-79,,,,0,0,1,0,0,0,1,0,,,,,,,,
BenchmarkTest00279.java,0,CWE-79,CWE-79,1,0,1,0,0,0,1,0,0,0,1376,0.0004128,688,0.00172,2,5e-06,0.0021377999999999996,3.9166078567504883
BenchmarkTest00280.java,0,CWE-79,CWE-79,1,0,1,0,0,0,1,0,0,0,1403,0.0004209,899,0.0022475,2,5e-06,0.0026734,4.4123852252960205
BenchmarkTest00281.java,0,CWE-79,,,,0,0,1,0,0,0,1,0,,,,,,,,
BenchmarkTest00282.java,0,CWE-79,,,,0,0,1,0,0,0,1,0,,,,,,,,
BenchmarkTest00283.java,0,CWE-79,,,,0,0,1,0,0,0,1,0,,,,,,,,
BenchmarkTest00284.java,0,CWE-79,CWE-79,1,0,1,0,0,0,1,0,0,0,1294,0.0003882,537,0.0013425,2,5e-06,0.0017357,3.1431427001953125
BenchmarkTest00285.java,0,CWE-79,,,,0,0,1,0,0,0,1,0,,,,,,,,
BenchmarkTest00286.java,0,CWE-79,,,,0,0,1,0,0,0,1,0,,,,,,,,
BenchmarkTest00287.java,0,CWE-79,CWE-79,1,0,1,0,0,0,1,0,0,0,1329,0.0003987,721,0.0018025,2,5e-06,0.0022061999999999997,3.7393462657928467
BenchmarkTest00288.java,0,CWE-79,CWE-79,1,1,0,1,0,0,0,0,1,0,1476,0.00044280000000000003,1028,0.00257,2,5e-06,0.0030177999999999997,5.18699836730957
BenchmarkTest00289.java,0,CWE-79,,,,0,0,1,0,0,0,1,0,,,,,,,,
BenchmarkTest00290.java,0,CWE-79,CWE-79,1,0,1,0,0,0,1,0,0,0,1323,0.0003969,700,0.00175,2,5e-06,0.0021519,4.4372475147247314
BenchmarkTest00291.java,0,CWE-79,CWE-79,1,0,1,0,0,0,1,0,0,0,1332,0.00039959999999999996,679,0.0016975,2,5e-06,0.0021021,3.695455312728882
BenchmarkTest00292.java,0,CWE-79,CWE-79,1,0,1,0,0,0,1,0,0,0,1364,0.00040919999999999997,644,0.00161,2,5e-06,0.0020242,3.480809211730957
BenchmarkTest00293.java,0,CWE-78,CWE-78,1,0,1,0,0,0,1,0,0,0,1110,0.000333,773,0.0019325,2,5e-06,0.0022705,4.159858703613281
BenchmarkTest00294.java,0,CWE-78,CWE-78,1,0,1,0,0,0,1,0,0,0,1075,0.0003225,889,0.0022225,2,5e-06,0.0025499999999999997,4.375423431396484
BenchmarkTest00295.java,0,CWE-78,CWE-78,1,0,1,0,0,0,1,0,0,0,1069,0.0003207,913,0.0022825,2,5e-06,0.0026081999999999998,4.549908638000488
BenchmarkTest00296.java,0,CWE-330,CWE-330,1,0,1,0,0,0,1,0,0,0,1350,0.000405,512,0.00128,2,5e-06,0.00169,2.8538756370544434
BenchmarkTest00297.java,0,CWE-330,CWE-330,1,0,1,0,0,0,1,0,0,0,1351,0.0004053,509,0.0012725,2,5e-06,0.0016828,2.7601816654205322
BenchmarkTest00298.java,0,CWE-330,CWE-330,1,0,1,0,0,0,1,0,0,0,1351,0.0004053,458,0.001145,2,5e-06,0.0015553,2.4343676567077637
BenchmarkTest00299.java,0,CWE-330,CWE-330,1,0,1,0,0,0,1,0,0,0,1340,0.000402,488,0.00122,2,5e-06,0.001627,2.520514488220215
BenchmarkTest00300.java,0,CWE-614,CWE-614,1,0,1,0,0,0,1,0,0,0,1138,0.0003414,498,0.001245,2,5e-06,0.0015914,3.0376267433166504
BenchmarkTest00301.java,0,CWE-79,CWE-79,1,0,1,0,0,0,1,0,0,0,1421,0.0004263,825,0.0020625,2,5e-06,0.0024938,4.557481288909912
BenchmarkTest00302.java,0,CWE-78,CWE-78,1,0,1,0,0,0,1,0,0,0,1030,0.000309,875,0.0021875,2,5e-06,0.0025015,4.704083204269409
BenchmarkTest00303.java,0,CWE-78,CWE-78,1,0,1,0,0,0,1,0,0,0,1184,0.0003552,1229,0.0030725,2,5e-06,0.0034327,5.548418760299683
BenchmarkTest00304.java,0,CWE-78,CWE-78,1,0,1,0,0,0,1,0,0,0,1208,0.00036239999999999997,2553,0.0063825,2,5e-06,0.0067499,11.807996034622192
BenchmarkTest00305.java,0,CWE-78,,,,0,0,1,0,0,0,1,0,,,,,,,,
BenchmarkTest00306.java,0,CWE-78,CWE-78,1,0,1,0,0,0,1,0,0,0,976,0.0002928,3969,0.0099225,2,5e-06,0.0102203,18.459916591644287
BenchmarkTest00307.java,0,CWE-78,CWE-78,1,1,0,1,0,0,0,0,1,0,1100,0.00033,1588,0.00397,2,5e-06,0.004305,7.357831239700317
BenchmarkTest00308.java,0,CWE-78,,,,0,0,1,0,0,0,1,0,,,,,,,,
BenchmarkTest00309.java,0,CWE-78,CWE-78,1,1,0,1,0,0,0,0,1,0,1062,0.0003186,1343,0.0033575,2,5e-06,0.0036810999999999997,6.275813341140747
BenchmarkTest00310.java,0,CWE-78,CWE-78,1,1,0,1,0,0,0,0,1,0,1131,0.0003393,891,0.0022275,2,5e-06,0.0025717999999999995,4.5738935470581055
BenchmarkTest00311.java,0,CWE-78,CWE-78,1,0,1,0,0,0,1,0,0,0,1038,0.0003114,1276,0.00319,2,5e-06,0.0035064,6.698821783065796
BenchmarkTest00312.java,0,CWE-330,,,,0,0,1,0,0,0,1,0,,,,,,,,
BenchmarkTest00313.java,0,CWE-330,CWE-330,1,1,0,1,0,0,0,0,1,0,1462,0.0004386,1599,0.0039975,2,5e-06,0.0044411,7.631255149841309
BenchmarkTest00314.java,0,CWE-330,CWE-330,1,1,0,1,0,0,0,0,1,0,1467,0.00044009999999999996,735,0.0018375,2,5e-06,0.0022825999999999996,3.64083194732666
BenchmarkTest00315.java,0,CWE-330,,,,0,0,1,0,0,0,1,0,,,,,,,,
BenchmarkTest00316.java,0,CWE-330,,,,0,0,1,0,0,0,1,0,,,,,,,,
BenchmarkTest00317.java,0,CWE-330,,,,0,0,1,0,0,0,1,0,,,,,,,,
BenchmarkTest00318.java,0,CWE-330,,,,0,0,1,0,0,0,1,0,,,,,,,,
BenchmarkTest00319.java,0,CWE-330,,,,0,0,1,0,0,0,1,0,,,,,,,,
BenchmarkTest00320.java,0,CWE-330,,,,0,0,1,0,0,0,1,0,,,,,,,,
BenchmarkTest00328.java,0,CWE-89,CWE-89,1,0,1,0,0,0,1,0,0,0,959,0.0002877,923,0.0023075,2,5e-06,0.0026002,4.6866233348846436
BenchmarkTest00329.java,0,CWE-89,,,,0,0,1,0,0,0,1,0,,,,,,,,
BenchmarkTest00330.java,0,CWE-89,,,,0,0,1,0,0,0,1,0,,,,,,,,
BenchmarkTest00331.java,0,CWE-89,CWE-89,1,1,0,1,0,0,0,0,1,0,1082,0.0003246,945,0.0023625,2,5e-06,0.0026921,4.415046215057373
BenchmarkTest00332.java,0,CWE-89,,,,0,0,1,0,0,0,1,0,,,,,,,,
BenchmarkTest00333.java,0,CWE-89,,,,0,0,1,0,0,0,1,0,,,,,,,,
BenchmarkTest00334.java,0,CWE-89,,,,0,0,1,0,0,0,1,0,,,,,,,,
BenchmarkTest00335.java,0,CWE-89,CWE-89,1,0,1,0,0,0,1,0,0,0,995,0.0002985,646,0.001615,2,5e-06,0.0019184999999999998,3.5673654079437256
BenchmarkTest00336.java,0,CWE-89,,,,0,0,1,0,0,0,1,0,,,,,,,,
BenchmarkTest00337.java,0,CWE-89,,,,0,0,0,1,0,0,0,1,,,,,,,,
BenchmarkTest00338.java,0,CWE-89,,,,0,0,1,0,0,0,1,0,,,,,,,,
BenchmarkTest00339.java,0,CWE-89,,,,0,0,0,1,0,0,0,1,,,,,,,,
BenchmarkTest00340.java,0,CWE-89,CWE-89,1,0,0,1,0,0,0,1,0,0,1066,0.0003198,761,0.0019025,2,5e-06,0.0022272999999999998,3.8719897270202637
BenchmarkTest00341.java,0,CWE-89,CWE-89,1,0,1,0,0,0,1,0,0,0,1003,0.0003009,536,0.00134,2,5e-06,0.0016459,2.8482329845428467
BenchmarkTest00342.java,0,CWE-89,CWE-89,1,0,1,0,0,0,1,0,0,0,1003,0.0003009,713,0.0017825,2,5e-06,0.0020884,4.3615100383758545
BenchmarkTest00343.java,0,CWE-89,,,,0,0,1,0,0,0,1,0,,,,,,,,
BenchmarkTest00344.java,0,CWE-89,,,,0,0,1,0,0,0,1,0,,,,,,,,
BenchmarkTest00345.java,0,CWE-327,,,,0,0,1,0,0,0,1,0,,,,,,,,
BenchmarkTest00346.java,0,CWE-328,CWE-916,0,0,1,0,0,0,1,0,0,0,1372,0.0004116,410,0.001025,2,5e-06,0.0014416000000000001,2.558570623397827
BenchmarkTest00347.java,0,CWE-330,CWE-330,1,0,1,0,0,0,1,0,0,0,1254,0.0003762,492,0.00123,2,5e-06,0.0016112,2.7854762077331543
BenchmarkTest00348.java,0,CWE-614,CWE-614,1,0,1,0,0,0,1,0,0,0,1016,0.00030480000000000004,403,0.0010075,2,5e-06,0.0013173,2.4985640048980713
BenchmarkTest00349.java,0,CWE-330,,,,0,0,1,0,0,0,1,0,,,,,,,,
BenchmarkTest00350.java,0,CWE-327,,,,0,0,1,0,0,0,1,0,,,,,,,,
BenchmarkTest00351.java,0,CWE-327,,,,0,0,1,0,0,0,1,0,,,,,,,,
BenchmarkTest00352.java,0,CWE-327,,,,0,0,1,0,0,0,1,0,,,,,,,,
BenchmarkTest00353.java,0,CWE-327,,,,0,0,1,0,0,0,1,0,,,,,,,,
BenchmarkTest00354.java,0,CWE-327,CWE-327,1,0,1,0,0,0,1,0,0,0,1374,0.0004122,428,0.00107,2,5e-06,0.0014872,2.579160213470459
BenchmarkTest00355.java,0,CWE-327,CWE-327,1,0,1,0,0,0,1,0,0,0,1647,0.0004940999999999999,270,0.000675,2,5e-06,0.0011741,1.5389814376831055
BenchmarkTest00356.java,0,CWE-327,CWE-327,1,0,1,0,0,0,1,0,0,0,1347,0.00040409999999999996,212,0.00053,2,5e-06,0.0009391,1.406930685043335
BenchmarkTest00357.java,0,CWE-327,,,,0,0,1,0,0,0,1,0,,,,,,,,
BenchmarkTest00358.java,0,CWE-327,,,,0,0,1,0,0,0,1,0,,,,,,,,
BenchmarkTest00359.java,0,CWE-22,CWE-23,0,0,1,0,0,0,1,0,0,0,1237,0.00037109999999999997,1029,0.0025725,2,5e-06,0.0029486,4.63442850112915
BenchmarkTest00360.java,0,CWE-22,CWE-23,0,0,1,0,0,0,1,0,0,0,1452,0.00043559999999999996,919,0.0022975,2,5e-06,0.0027381,4.518874168395996
BenchmarkTest00361.java,0,CWE-22,CWE-23,0,1,0,1,0,0,0,0,1,0,1416,0.0004248,746,0.001865,2,5e-06,0.0022947999999999996,3.4491970539093018
BenchmarkTest00362.java,0,CWE-22,CWE-23,0,0,1,0,0,0,1,0,0,0,1251,0.0003753,574,0.001435,2,5e-06,0.0018153000000000002,3.0346570014953613
BenchmarkTest00363.java,0,CWE-22,CWE-23,0,0,1,0,0,0,1,0,0,0,1201,0.00036030000000000003,1035,0.0025875,2,5e-06,0.0029527999999999998,4.685232877731323
BenchmarkTest00364.java,0,CWE-22,CWE-23,0,0,0,1,0,0,0,1,0,0,1335,0.0004005,776,0.00194,2,5e-06,0.0023455,3.68410325050354
BenchmarkTest00365.java,0,CWE-22,CWE-23,0,1,0,1,0,0,0,0,1,0,1566,0.0004698,1185,0.0029625,2,5e-06,0.0034372999999999995,5.869938135147095
BenchmarkTest00366.java,0,CWE-22,CWE-23,0,1,0,1,0,0,0,0,1,0,1516,0.0004548,847,0.0021175,2,5e-06,0.0025773,4.747722387313843
BenchmarkTest00367.java,0,CWE-90,,,,0,0,1,0,0,0,1,0,,,,,,,,
BenchmarkTest00368.java,0,CWE-330,CWE-330,1,0,1,0,0,0,1,0,0,0,1304,0.00039119999999999997,791,0.0019775,2,5e-06,0.0023737,4.2450032234191895
BenchmarkTest00369.java,0,CWE-330,CWE-330,1,0,1,0,0,0,1,0,0,0,1329,0.0003987,548,0.00137,2,5e-06,0.0017736999999999998,3.39339017868042
BenchmarkTest00370.java,0,CWE-328,,,,0,0,1,0,0,0,1,0,,,,,,,,
BenchmarkTest00371.java,0,CWE-328,CWE-916,0,0,1,0,0,0,1,0,0,0,1359,0.0004077,528,0.00132,2,5e-06,0.0017327,3.891075849533081
BenchmarkTest00372.java,0,CWE-328,CWE-916,0,0,1,0,0,0,1,0,0,0,1261,0.00037830000000000003,767,0.0019175,2,5e-06,0.0023007999999999995,3.7038280963897705
BenchmarkTest00373.java,0,CWE-328,,,,0,0,1,0,0,0,1,0,,,,,,,,
BenchmarkTest00374.java,0,CWE-328,,,,0,0,0,1,0,0,0,1,,,,,,,,
BenchmarkTest00375.java,0,CWE-79,CWE-79,1,0,1,0,0,0,1,0,0,0,1286,0.0003858,1486,0.003715,2,5e-06,0.0041058,6.899177312850952
BenchmarkTest00376.java,0,CWE-79,CWE-79,1,0,1,0,0,0,1,0,0,0,1310,0.000393,693,0.0017325,2,5e-06,0.0021305,3.371992826461792
BenchmarkTest00377.java,0,CWE-79,CWE-79,1,1,0,1,0,0,0,0,1,0,1358,0.0004074,725,0.0018125,2,5e-06,0.0022248999999999997,3.4785525798797607
BenchmarkTest00378.java,0,CWE-79,CWE-79,1,0,1,0,0,0,1,0,0,0,1291,0.00038730000000000004,692,0.00173,2,5e-06,0.0021222999999999997,3.576792001724243
BenchmarkTest00379.java,0,CWE-79,,,,0,0,1,0,0,0,1,0,,,,,,,,
BenchmarkTest00380.java,0,CWE-79,CWE-79,1,0,1,0,0,0,1,0,0,0,1357,0.0004071,560,0.0014,2,5e-06,0.0018120999999999999,3.024784803390503
BenchmarkTest00381.java,0,CWE-79,,,,0,0,1,0,0,0,1,0,,,,,,,,
BenchmarkTest00382.java,0,CWE-79,CWE-79,1,0,1,0,0,0,1,0,0,0,1352,0.0004056,864,0.00216,2,5e-06,0.0025705999999999997,3.846116542816162
BenchmarkTest00383.java,0,CWE-79,CWE-79,1,0,1,0,0,0,1,0,0,0,1591,0.00047729999999999995,1669,0.0041725,2,5e-06,0.0046548,8.265286684036255
BenchmarkTest00384.java,0,CWE-79,CWE-79,1,0,1,0,0,0,1,0,0,0,1306,0.00039180000000000004,1458,0.003645,2,5e-06,0.0040418,6.916034698486328
BenchmarkTest00385.java,0,CWE-79,CWE-79,1,0,1,0,0,0,1,0,0,0,1616,0.00048479999999999997,1377,0.0034425,2,5e-06,0.0039323,6.651764631271362
BenchmarkTest00386.java,0,CWE-79,CWE-79,1,1,0,1,0,0,0,0,1,0,1410,0.000423,674,0.001685,2,5e-06,0.002113,3.4464759826660156
BenchmarkTest00387.java,0,CWE-79,CWE-79,1,0,1,0,0,0,1,0,0,0,1286,0.0003858,704,0.00176,2,5e-06,0.0021508,3.3370752334594727
BenchmarkTest00388.java,0,CWE-79,CWE-79,1,0,1,0,0,0,1,0,0,0,1279,0.0003837,555,0.0013875,2,5e-06,0.0017762000000000001,2.9810307025909424
BenchmarkTest00389.java,0,CWE-79,,,,0,0,1,0,0,0,1,0,,,,,,,,
BenchmarkTest00390.java,0,CWE-79,CWE-79,1,0,1,0,0,0,1,0,0,0,1323,0.0003969,769,0.0019225,2,5e-06,0.0023244,4.055177450180054
BenchmarkTest00391.java,0,CWE-79,,,,0,0,1,0,0,0,1,0,,,,,,,,
BenchmarkTest00392.java,0,CWE-79,CWE-79,1,0,1,0,0,0,1,0,0,0,1352,0.0004056,668,0.00167,2,5e-06,0.0020805999999999997,3.2514939308166504
BenchmarkTest00393.java,0,CWE-79,,,,0,0,1,0,0,0,1,0,,,,,,,,
BenchmarkTest00394.java,0,CWE-79,CWE-79,1,1,0,1,0,0,0,0,1,0,1373,0.0004119,720,0.0018,2,5e-06,0.0022169,3.3681633472442627
BenchmarkTest00395.java,0,CWE-79,CWE-79,1,0,1,0,0,0,1,0,0,0,1297,0.00038909999999999997,736,0.00184,2,5e-06,0.0022340999999999997,3.8584110736846924
BenchmarkTest00396.java,0,CWE-78,,,,0,0,1,0,0,0,1,0,,,,,,,,
BenchmarkTest00397.java,0,CWE-330,CWE-330,1,0,1,0,0,0,1,0,0,0,1333,0.00039989999999999996,495,0.0012375,2,5e-06,0.0016424,2.7297263145446777
BenchmarkTest00398.java,0,CWE-330,CWE-330,1,0,1,0,0,0,1,0,0,0,1433,0.0004299,660,0.00165,2,5e-06,0.0020848999999999998,3.681957483291626
BenchmarkTest00399.java,0,CWE-330,CWE-330,1,0,1,0,0,0,1,0,0,0,1649,0.0004946999999999999,396,0.00099,2,5e-06,0.0014896999999999998,2.3105525970458984
BenchmarkTest00400.java,0,CWE-330,CWE-330,1,0,1,0,0,0,1,0,0,0,1400,0.00042,716,0.00179,2,5e-06,0.002215,3.9240846633911133
BenchmarkTest00401.java,0,CWE-330,CWE-330,1,0,1,0,0,0,1,0,0,0,1341,0.0004023,769,0.0019225,2,5e-06,0.0023298,3.8834476470947266
BenchmarkTest00402.java,0,CWE-330,CWE-330,1,0,1,0,0,0,1,0,0,0,1327,0.0003981,381,0.0009525,2,5e-06,0.0013556,3.1651053428649902
BenchmarkTest00403.java,0,CWE-614,CWE-614,1,0,1,0,0,0,1,0,0,0,1061,0.0003183,281,0.0007025,2,5e-06,0.0010258,2.807961940765381
BenchmarkTest00404.java,0,CWE-614,,,,0,0,1,0,0,0,1,0,,,,,,,,
BenchmarkTest00405.java,0,CWE-614,,,,0,0,1,0,0,0,1,0,,,,,,,,
BenchmarkTest00406.java,0,CWE-78,,,,0,0,1,0,0,0,1,0,,,,,,,,
BenchmarkTest00407.java,0,CWE-78,CWE-78,1,0,1,0,0,0,1,0,0,0,1147,0.00034409999999999996,920,0.0023,2,5e-06,0.0026490999999999997,5.248650312423706
BenchmarkTest00408.java,0,CWE-78,,,,0,0,1,0,0,0,1,0,,,,,,,,
BenchmarkTest00409.java,0,CWE-78,CWE-78,1,0,1,0,0,0,1,0,0,0,1189,0.0003567,914,0.002285,2,5e-06,0.0026467,4.928532600402832
BenchmarkTest00410.java,0,CWE-78,CWE-78,1,1,0,1,0,0,0,0,1,0,1010,0.000303,1266,0.003165,2,5e-06,0.0034729999999999995,7.173182010650635
BenchmarkTest00411.java,0,CWE-78,,,,0,0,1,0,0,0,1,0,,,,,,,,
BenchmarkTest00412.java,0,CWE-78,CWE-78,1,0,0,1,0,0,0,1,0,0,966,0.0002898,2186,0.005465,2,5e-06,0.0057598,11.99322509765625
BenchmarkTest00413.java,0,CWE-330,,,,0,0,1,0,0,0,1,0,,,,,,,,
BenchmarkTest00414.java,0,CWE-330,,,,0,0,1,0,0,0,1,0,,,,,,,,
BenchmarkTest00415.java,0,CWE-330,,,,0,0,1,0,0,0,1,0,,,,,,,,
BenchmarkTest00416.java,0,CWE-330,,,,0,0,1,0,0,0,1,0,,,,,,,,
BenchmarkTest00417.java,0,CWE-330,,,,0,0,1,0,0,0,1,0,,,,,,,,
BenchmarkTest00418.java,0,CWE-330,,,,0,0,1,0,0,0,1,0,,,,,,,,
BenchmarkTest00419.java,0,CWE-330,,,,0,0,1,0,0,0,1,0,,,,,,,,
BenchmarkTest00420.java,0,CWE-330,,,,0,0,1,0,0,0,1,0,,,,,,,,
BenchmarkTest00421.java,0,CWE-330,,,,0,0,1,0,0,0,1,0,,,,,,,,
BenchmarkTest00422.java,0,CWE-330,,,,0,0,1,0,0,0,1,0,,,,,,,,
BenchmarkTest00423.java,0,CWE-330,,,,0,0,1,0,0,0,1,0,,,,,,,,
BenchmarkTest00428.java,0,CWE-89,CWE-89,1,0,1,0,0,0,1,0,0,0,973,0.0002919,632,0.00158,2,5e-06,0.0018769000000000001,3.7913389205932617
BenchmarkTest00429.java,0,CWE-89,CWE-89,1,0,1,0,0,0,1,0,0,0,981,0.0002943,487,0.0012175,2,5e-06,0.0015168,3.4444680213928223
BenchmarkTest00430.java,0,CWE-89,,,,0,0,1,0,0,0,1,0,,,,,,,,
BenchmarkTest00431.java,0,CWE-89,CWE-89,1,0,1,0,0,0,1,0,0,0,1145,0.0003435,450,0.001125,2,5e-06,0.0014735,2.2626559734344482
BenchmarkTest00432.java,0,CWE-89,,,,0,0,1,0,0,0,1,0,,,,,,,,
BenchmarkTest00433.java,0,CWE-89,,,,0,0,0,1,0,0,0,1,,,,,,,,
BenchmarkTest00434.java,0,CWE-89,CWE-89,1,0,1,0,0,0,1,0,0,0,951,0.0002853,728,0.00182,2,5e-06,0.0021103,3.9735121726989746
BenchmarkTest00435.java,0,CWE-89,CWE-89,1,0,1,0,0,0,1,0,0,0,1001,0.00030030000000000004,377,0.0009425,2,5e-06,0.0012478,2.2727150917053223
BenchmarkTest00436.java,0,CWE-89,,,,0,0,1,0,0,0,1,0,,,,,,,,
BenchmarkTest00437.java,0,CWE-89,,,,0,0,1,0,0,0,1,0,,,,,,,,
BenchmarkTest00438.java,0,CWE-89,CWE-89,1,0,1,0,0,0,1,0,0,0,911,0.00027330000000000003,477,0.0011925,2,5e-06,0.0014708,2.4319989681243896
BenchmarkTest00439.java,0,CWE-89,CWE-89,1,0,1,0,0,0,1,0,0,0,874,0.0002622,450,0.001125,2,5e-06,0.0013922,2.395420789718628
BenchmarkTest00440.java,0,CWE-89,CWE-89,1,1,0,1,0,0,0,0,1,0,1032,0.0003096,789,0.0019725,2,5e-06,0.0022871,3.557725429534912
BenchmarkTest00441.java,0,CWE-89,CWE-89,1,0,1,0,0,0,1,0,0,0,916,0.0002748,635,0.0015875,2,5e-06,0.0018673,3.325151205062866
BenchmarkTest00442.java,0,CWE-643,CWE-643,1,0,1,0,0,0,1,0,0,0,1020,0.000306,597,0.0014925,2,5e-06,0.0018035,3.0041608810424805
BenchmarkTest00443.java,0,CWE-327,,,,0,0,1,0,0,0,1,0,,,,,,,,
BenchmarkTest00444.java,0,CWE-327,,,,0,0,1,0,0,0,1,0,,,,,,,,
BenchmarkTest00445.java,0,CWE-327,CWE-327,1,0,1,0,0,0,1,0,0,0,1710,0.000513,196,0.00049,2,5e-06,0.001008,1.4798614978790283
BenchmarkTest00446.java,0,CWE-327,CWE-327,1,0,1,0,0,0,1,0,0,0,1412,0.00042359999999999994,228,0.00057,2,5e-06,0.0009985999999999999,1.3964669704437256
BenchmarkTest00447.java,0,CWE-327,,,,0,0,1,0,0,0,1,0,,,,,,,,
BenchmarkTest00448.java,0,CWE-327,CWE-327,1,0,1,0,0,0,1,0,0,0,1388,0.0004164,205,0.0005125,2,5e-06,0.0009339000000000001,1.3976600170135498
BenchmarkTest00449.java,0,CWE-327,CWE-327,1,0,1,0,0,0,1,0,0,0,1383,0.0004149,309,0.0007725,2,5e-06,0.0011924,1.893784523010254
BenchmarkTest00450.java,0,CWE-327,,,,0,0,1,0,0,0,1,0,,,,,,,,
BenchmarkTest00451.java,0,CWE-327,,,,0,0,1,0,0,0,1,0,,,,,,,,
BenchmarkTest00452.java,0,CWE-22,CWE-23,0,0,1,0,0,0,1,0,0,0,1332,0.00039959999999999996,942,0.002355,2,5e-06,0.0027595999999999996,4.831321716308594
BenchmarkTest00453.java,0,CWE-22,CWE-23,0,0,1,0,0,0,1,0,0,0,1495,0.0004485,1963,0.0049075,2,5e-06,0.005361,9.23649263381958
BenchmarkTest00454.java,0,CWE-22,,,,0,0,1,0,0,0,1,0,,,,,,,,
BenchmarkTest00455.java,0,CWE-22,CWE-23,0,0,1,0,0,0,1,0,0,0,1424,0.0004272,705,0.0017625,2,5e-06,0.0021947,3.513110637664795
BenchmarkTest00456.java,0,CWE-22,CWE-23,0,0,1,0,0,0,1,0,0,0,1476,0.00044280000000000003,742,0.001855,2,5e-06,0.0023028,3.898069143295288
BenchmarkTest00457.java,0,CWE-22,CWE-23,0,0,1,0,0,0,1,0,0,0,1376,0.0004128,843,0.0021075,2,5e-06,0.0025253,4.281414747238159
BenchmarkTest00458.java,0,CWE-22,CWE-23,0,1,0,1,0,0,0,0,1,0,1396,0.0004188,774,0.001935,2,5e-06,0.0023588,3.5548226833343506
BenchmarkTest00459.java,0,CWE-22,CWE-23,0,0,1,0,0,0,1,0,0,0,1355,0.0004065,722,0.001805,2,5e-06,0.0022164999999999997,3.802983522415161
BenchmarkTest00460.java,0,CWE-22,,,,0,0,1,0,0,0,1,0,,,,,,,,
BenchmarkTest00461.java,0,CWE-330,CWE-330,1,0,1,0,0,0,1,0,0,0,1352,0.0004056,512,0.00128,2,5e-06,0.0016906000000000002,2.638256788253784
BenchmarkTest00462.java,0,CWE-328,CWE-916,0,0,1,0,0,0,1,0,0,0,1504,0.00045119999999999996,842,0.002105,2,5e-06,0.0025612,5.000078201293945
BenchmarkTest00463.java,0,CWE-328,,,,0,0,1,0,0,0,1,0,,,,,,,,
BenchmarkTest00464.java,0,CWE-328,CWE-916,0,0,1,0,0,0,1,0,0,0,1395,0.0004185,487,0.0012175,2,5e-06,0.001641,3.815621852874756
BenchmarkTest00465.java,0,CWE-328,CWE-916,0,0,1,0,0,0,1,0,0,0,1310,0.000393,612,0.00153,2,5e-06,0.0019279999999999998,3.759145498275757
BenchmarkTest00466.java,0,CWE-328,,,,0,0,1,0,0,0,1,0,,,,,,,,
BenchmarkTest00467.java,0,CWE-79,CWE-79,1,0,1,0,0,0,1,0,0,0,1433,0.0004299,792,0.00198,2,5e-06,0.0024148999999999998,4.738317966461182
BenchmarkTest00468.java,0,CWE-79,CWE-79,1,1,0,1,0,0,0,0,1,0,1458,0.00043739999999999995,958,0.002395,2,5e-06,0.0028374,5.460626840591431
BenchmarkTest00469.java,0,CWE-79,,,,0,0,1,0,0,0,1,0,,,,,,,,
BenchmarkTest00470.java,0,CWE-79,,,,0,0,1,0,0,0,1,0,,,,,,,,
BenchmarkTest00471.java,0,CWE-79,,,,0,0,1,0,0,0,1,0,,,,,,,,
BenchmarkTest00472.java,0,CWE-79,CWE-79,1,0,1,0,0,0,1,0,0,0,1357,0.0004071,821,0.0020525,2,5e-06,0.0024646,4.854522943496704
BenchmarkTest00473.java,0,CWE-79,CWE-79,1,0,1,0,0,0,1,0,0,0,1378,0.00041339999999999997,818,0.002045,2,5e-06,0.0024633999999999997,5.59650182723999
BenchmarkTest00474.java,0,CWE-79,,,,0,0,1,0,0,0,1,0,,,,,,,,
BenchmarkTest00475.java,0,CWE-79,CWE-79,1,0,1,0,0,0,1,0,0,0,1332,0.00039959999999999996,557,0.0013925,2,5e-06,0.0017971,4.5119733810424805
BenchmarkTest00476.java,0,CWE-79,,,,0,0,1,0,0,0,1,0,,,,,,,,
BenchmarkTest00477.java,0,CWE-79,CWE-79,1,0,1,0,0,0,1,0,0,0,1318,0.00039539999999999996,676,0.00169,2,5e-06,0.0020904,4.089713096618652
BenchmarkTest00478.java,0,CWE-79,CWE-79,1,0,1,0,0,0,1,0,0,0,1366,0.0004098,668,0.00167,2,5e-06,0.0020848,4.230123519897461
BenchmarkTest00479.java,0,CWE-79,,,,0,0,1,0,0,0,1,0,,,,,,,,
BenchmarkTest00480.java,0,CWE-78,CWE-78,1,0,1,0,0,0,1,0,0,0,1077,0.00032309999999999994,764,0.00191,2,5e-06,0.0022381,3.7771027088165283
BenchmarkTest00481.java,0,CWE-78,,,,0,0,1,0,0,0,1,0,,,,,,,,
BenchmarkTest00482.java,0,CWE-330,CWE-330,1,0,1,0,0,0,1,0,0,0,1352,0.0004056,503,0.0012575,2,5e-06,0.0016680999999999998,3.054837465286255
BenchmarkTest00483.java,0,CWE-330,CWE-330,1,0,1,0,0,0,1,0,0,0,1393,0.00041789999999999997,543,0.0013575,2,5e-06,0.0017804,2.8682339191436768
BenchmarkTest00484.java,0,CWE-330,CWE-330,1,0,1,0,0,0,1,0,0,0,1368,0.0004104,432,0.00108,2,5e-06,0.0014954,2.440401315689087
BenchmarkTest00485.java,0,CWE-330,CWE-330,1,0,1,0,0,0,1,0,0,0,1344,0.0004032,506,0.001265,2,5e-06,0.0016732000000000001,2.801149368286133
BenchmarkTest00486.java,0,CWE-330,CWE-330,1,0,1,0,0,0,1,0,0,0,1302,0.00039059999999999995,484,0.00121,2,5e-06,0.0016055999999999998,2.5060441493988037
BenchmarkTest00487.java,0,CWE-330,CWE-330,1,0,1,0,0,0,1,0,0,0,1421,0.0004263,540,0.00135,2,5e-06,0.0017813000000000002,2.721255302429199
BenchmarkTest00488.java,0,CWE-330,CWE-330,1,0,1,0,0,0,1,0,0,0,1383,0.0004149,543,0.0013575,2,5e-06,0.0017774,2.78257417678833
BenchmarkTest00489.java,0,CWE-330,CWE-330,1,0,1,0,0,0,1,0,0,0,1429,0.0004287,676,0.00169,2,5e-06,0.0021237,3.3293144702911377
BenchmarkTest00490.java,0,CWE-330,CWE-330,1,0,1,0,0,0,1,0,0,0,1391,0.0004173,385,0.0009625,2,5e-06,0.0013848,2.1760261058807373
BenchmarkTest00491.java,0,CWE-614,CWE-614,1,0,1,0,0,0,1,0,0,0,1139,0.0003417,279,0.0006975,2,5e-06,0.0010442000000000001,1.6815729141235352
BenchmarkTest00492.java,0,CWE-79,CWE-79,1,0,1,0,0,0,1,0,0,0,1334,0.00040019999999999997,690,0.001725,2,5e-06,0.0021301999999999996,3.790695905685425
BenchmarkTest00493.java,0,CWE-79,CWE-79,1,1,0,1,0,0,0,0,1,0,1434,0.0004302,898,0.002245,2,5e-06,0.0026801999999999998,4.610057353973389
BenchmarkTest00494.java,0,CWE-78,CWE-78,1,1,0,1,0,0,0,0,1,0,1195,0.0003585,1599,0.0039975,2,5e-06,0.004361,7.002896070480347
BenchmarkTest00495.java,0,CWE-78,CWE-78,1,0,1,0,0,0,1,0,0,0,995,0.0002985,1707,0.0042675,2,5e-06,0.0045709999999999995,8.46325397491455
BenchmarkTest00496.java,0,CWE-78,CWE-78,1,0,1,0,0,0,1,0,0,0,983,0.00029489999999999996,1004,0.00251,2,5e-06,0.0028098999999999997,4.863545656204224
BenchmarkTest00497.java,0,CWE-78,CWE-78,1,0,1,0,0,0,1,0,0,0,1020,0.000306,1466,0.003665,2,5e-06,0.0039759999999999995,6.534713506698608
BenchmarkTest00498.java,0,CWE-78,CWE-78,1,0,1,0,0,0,1,0,0,0,998,0.00029939999999999996,2447,0.0061175,2,5e-06,0.0064218999999999995,12.491936683654785
BenchmarkTest00499.java,0,CWE-78,CWE-78,1,0,1,0,0,0,1,0,0,0,1004,0.0003012,626,0.001565,2,5e-06,0.0018712,3.078622341156006
BenchmarkTest00500.java,0,CWE-78,CWE-78,1,0,1,0,0,0,1,0,0,0,1064,0.0003192,762,0.001905,2,5e-06,0.0022291999999999998,4.156664133071899
BenchmarkTest00501.java,0,CWE-330,,,,0,0,1,0,0,0,1,0,,,,,,,,
BenchmarkTest00502.java,0,CWE-330,,,,0,0,1,0,0,0,1,0,,,,,,,,
BenchmarkTest00503.java,0,CWE-330,,,,0,0,1,0,0,0,1,0,,,,,,,,
BenchmarkTest00504.java,0,CWE-330,,,,0,0,1,0,0,0,1,0,,,,,,,,
BenchmarkTest00505.java,0,CWE-330,,,,0,0,1,0,0,0,1,0,,,,,,,,
BenchmarkTest00506.java,0,CWE-330,,,,0,0,1,0,0,0,1,0,,,,,,,,
BenchmarkTest00507.java,0,CWE-330,,,,0,0,1,0,0,0,1,0,,,,,,,,
BenchmarkTest00509.java,0,CWE-89,CWE-89,1,1,0,1,0,0,0,0,1,0,1101,0.0003303,853,0.0021325,2,5e-06,0.0024677999999999996,4.263298511505127
BenchmarkTest00510.java,0,CWE-89,CWE-89,1,0,1,0,0,0,1,0,0,0,1077,0.00032309999999999994,1065,0.0026625,2,5e-06,0.0029905999999999995,5.7357470989227295
BenchmarkTest00511.java,0,CWE-89,CWE-89,1,1,0,1,0,0,0,0,1,0,1102,0.00033059999999999996,1188,0.00297,2,5e-06,0.0033055999999999997,5.4917216300964355
BenchmarkTest00512.java,0,CWE-89,CWE-89,1,0,1,0,0,0,1,0,0,0,910,0.000273,522,0.001305,2,5e-06,0.001583,2.8014800548553467
BenchmarkTest00513.java,0,CWE-89,CWE-89,1,1,0,1,0,0,0,0,1,0,1057,0.00031709999999999996,618,0.001545,2,5e-06,0.0018670999999999998,3.7043955326080322
BenchmarkTest00514.java,0,CWE-89,,,,0,0,1,0,0,0,1,0,,,,,,,,
BenchmarkTest00515.java,0,CWE-89,CWE-89,1,0,1,0,0,0,1,0,0,0,1004,0.0003012,472,0.00118,2,5e-06,0.0014862,3.2063515186309814
BenchmarkTest00516.java,0,CWE-89,CWE-89,1,0,1,0,0,0,1,0,0,0,1028,0.00030839999999999996,480,0.0012,2,5e-06,0.0015133999999999998,2.7108004093170166
BenchmarkTest00517.java,0,CWE-89,,,,0,0,1,0,0,0,1,0,,,,,,,,
BenchmarkTest00518.java,0,CWE-89,CWE-89,1,0,1,0,0,0,1,0,0,0,957,0.0002871,726,0.001815,2,5e-06,0.0021070999999999998,3.7309207916259766
BenchmarkTest00519.java,0,CWE-89,CWE-89,1,1,0,1,0,0,0,0,1,0,1070,0.000321,875,0.0021875,2,5e-06,0.0025135,3.931647777557373
BenchmarkTest00520.java,0,CWE-643,,,,0,0,1,0,0,0,1,0,,,,,,,,
BenchmarkTest00521.java,0,CWE-327,CWE-327,1,0,1,0,0,0,1,0,0,0,1857,0.0005571,203,0.0005075,2,5e-06,0.0010696000000000002,1.3450684547424316
BenchmarkTest00522.java,0,CWE-327,CWE-327,1,0,1,0,0,0,1,0,0,0,1932,0.0005796,250,0.000625,2,5e-06,0.0012096000000000001,1.6565935611724854
BenchmarkTest00523.java,0,CWE-327,,,,0,0,1,0,0,0,1,0,,,,,,,,
BenchmarkTest00524.java,0,CWE-327,,,,0,0,1,0,0,0,1,0,,,,,,,,
BenchmarkTest00525.java,0,CWE-22,CWE-23,0,0,1,0,0,0,1,0,0,0,1413,0.0004239,951,0.0023775,2,5e-06,0.0028063999999999997,4.479328870773315
BenchmarkTest00526.java,0,CWE-22,CWE-23,0,0,1,0,0,0,1,0,0,0,1321,0.00039630000000000004,1001,0.0025025,2,5e-06,0.0029038,4.629382610321045
BenchmarkTest00527.java,0,CWE-22,CWE-23,0,0,1,0,0,0,1,0,0,0,1355,0.0004065,1877,0.0046925,2,5e-06,0.005103999999999999,9.217317819595337
BenchmarkTest00528.java,0,CWE-22,CWE-23,0,0,1,0,0,0,1,0,0,0,1617,0.0004851,1732,0.00433,2,5e-06,0.004820099999999999,8.00532579421997
BenchmarkTest00529.java,0,CWE-22,CWE-23,0,0,1,0,0,0,1,0,0,0,1432,0.0004296,807,0.0020175,2,5e-06,0.0024521,4.268519639968872
BenchmarkTest00530.java,0,CWE-90,CWE-90,1,1,0,1,0,0,0,0,1,0,1476,0.00044280000000000003,1148,0.00287,2,5e-06,0.0033178,5.5740063190460205
BenchmarkTest00531.java,0,CWE-328,CWE-916,0,0,1,0,0,0,1,0,0,0,1619,0.0004857,315,0.0007875,2,5e-06,0.0012782,2.030113935470581
BenchmarkTest00532.java,0,CWE-328,CWE-916,0,0,1,0,0,0,1,0,0,0,1778,0.0005334,425,0.0010625,2,5e-06,0.0016009,2.403320074081421
BenchmarkTest00533.java,0,CWE-328,CWE-916,0,0,1,0,0,0,1,0,0,0,1524,0.0004572,593,0.0014825,2,5e-06,0.0019447000000000002,3.3031105995178223
BenchmarkTest00534.java,0,CWE-328,CWE-916,0,0,1,0,0,0,1,0,0,0,1538,0.0004614,696,0.00174,2,5e-06,0.0022064,4.1631269454956055
BenchmarkTest00535.java,0,CWE-328,,,,0,0,1,0,0,0,1,0,,,,,,,,
BenchmarkTest00536.java,0,CWE-328,CWE-916,0,0,1,0,0,0,1,0,0,0,1466,0.0004398,713,0.0017825,2,5e-06,0.0022272999999999998,3.949018955230713
BenchmarkTest00537.java,0,CWE-328,CWE-916,0,0,1,0,0,0,1,0,0,0,1358,0.0004074,578,0.001445,2,5e-06,0.0018574000000000002,3.817251682281494
BenchmarkTest00538.java,0,CWE-328,,,,0,0,1,0,0,0,1,0,,,,,,,,
BenchmarkTest00539.java,0,CWE-328,,,,0,0,1,0,0,0,1,0,,,,,,,,
BenchmarkTest00540.java,0,CWE-328,,,,0,0,1,0,0,0,1,0,,,,,,,,
BenchmarkTest00541.java,0,CWE-79,CWE-79,1,0,1,0,0,0,1,0,0,0,1459,0.0004377,1209,0.0030225,2,5e-06,0.0034652,6.205915451049805
BenchmarkTest00542.java,0,CWE-79,CWE-79,1,0,1,0,0,0,1,0,0,0,1498,0.0004494,966,0.002415,2,5e-06,0.0028694,4.716651678085327
BenchmarkTest00543.java,0,CWE-79,CWE-79,1,0,1,0,0,0,1,0,0,0,1465,0.0004395,1310,0.003275,2,5e-06,0.0037194999999999997,6.109115362167358
BenchmarkTest00544.java,0,CWE-79,CWE-79,1,1,0,1,0,0,0,0,1,0,1455,0.0004365,1005,0.0025125,2,5e-06,0.0029539999999999996,5.723062753677368
BenchmarkTest00545.java,0,CWE-79,,,,0,0,1,0,0,0,1,0,,,,,,,,
BenchmarkTest00546.java,0,CWE-79,CWE-79,1,1,0,1,0,0,0,0,1,0,1453,0.00043589999999999997,1521,0.0038025,2,5e-06,0.0042434,7.446141004562378
BenchmarkTest00547.java,0,CWE-79,CWE-79,1,0,1,0,0,0,1,0,0,0,1405,0.0004215,913,0.0022825,2,5e-06,0.0027089999999999996,5.121239185333252
BenchmarkTest00548.java,0,CWE-79,,,,0,0,1,0,0,0,1,0,,,,,,,,
BenchmarkTest00549.java,0,CWE-79,CWE-79,1,0,1,0,0,0,1,0,0,0,1410,0.000423,898,0.002245,2,5e-06,0.002673,5.242104530334473
BenchmarkTest00550.java,0,CWE-79,CWE-79,1,1,0,1,0,0,0,0,1,0,1461,0.00043830000000000003,2084,0.00521,2,5e-06,0.0056533,10.398848533630371
BenchmarkTest00551.java,0,CWE-79,CWE-79,1,0,1,0,0,0,1,0,0,0,1367,0.00041009999999999994,599,0.0014975,2,5e-06,0.0019125999999999998,4.112683296203613
BenchmarkTest00552.java,0,CWE-79,CWE-79,1,0,1,0,0,0,1,0,0,0,1489,0.00044669999999999996,695,0.0017375,2,5e-06,0.0021891999999999997,3.2860219478607178
BenchmarkTest00553.java,0,CWE-79,CWE-79,1,1,0,1,0,0,0,0,1,0,1470,0.000441,898,0.002245,2,5e-06,0.002691,4.7626378536224365
BenchmarkTest00554.java,0,CWE-79,CWE-79,1,0,1,0,0,0,1,0,0,0,1410,0.000423,796,0.00199,2,5e-06,0.002418,4.090025424957275
BenchmarkTest00555.java,0,CWE-79,CWE-79,1,0,1,0,0,0,1,0,0,0,1405,0.0004215,704,0.00176,2,5e-06,0.0021865,3.6023356914520264
BenchmarkTest00556.java,0,CWE-79,CWE-79,1,1,0,1,0,0,0,0,1,0,1470,0.000441,663,0.0016575,2,5e-06,0.0021034999999999995,3.2100610733032227
BenchmarkTest00557.java,0,CWE-79,CWE-79,1,0,1,0,0,0,1,0,0,0,1416,0.0004248,959,0.0023975,2,5e-06,0.0028272999999999996,4.4565136432647705
BenchmarkTest00558.java,0,CWE-78,CWE-78,1,0,0,1,0,0,0,1,0,0,1198,0.00035939999999999995,1406,0.003515,2,5e-06,0.0038794,6.549981355667114
BenchmarkTest00559.java,0,CWE-78,,,,0,0,1,0,0,0,1,0,,,,,,,,
BenchmarkTest00560.java,0,CWE-330,CWE-330,1,0,1,0,0,0,1,0,0,0,1456,0.0004368,683,0.0017075,2,5e-06,0.0021493,3.1304783821105957
BenchmarkTest00561.java,0,CWE-330,CWE-330,1,0,1,0,0,0,1,0,0,0,1493,0.0004479,690,0.001725,2,5e-06,0.0021779,3.9140067100524902
BenchmarkTest00562.java,0,CWE-330,CWE-330,1,0,1,0,0,0,1,0,0,0,1508,0.0004524,474,0.001185,2,5e-06,0.0016424,2.458523988723755
BenchmarkTest00563.java,0,CWE-330,CWE-330,1,0,1,0,0,0,1,0,0,0,1377,0.00041309999999999996,537,0.0013425,2,5e-06,0.0017606,2.439008951187134
BenchmarkTest00564.java,0,CWE-330,CWE-330,1,0,1,0,0,0,1,0,0,0,1408,0.00042239999999999997,428,0.00107,2,5e-06,0.0014974,2.1518712043762207
BenchmarkTest00565.java,0,CWE-614,CWE-614,1,0,1,0,0,0,1,0,0,0,1157,0.0003471,242,0.000605,2,5e-06,0.0009571,1.4575135707855225
BenchmarkTest00566.java,0,CWE-614,CWE-614,1,0,1,0,0,0,1,0,0,0,1181,0.0003543,233,0.0005825,2,5e-06,0.0009418,1.5014631748199463
BenchmarkTest00567.java,0,CWE-78,CWE-78,1,0,1,0,0,0,1,0,0,0,1137,0.00034109999999999994,1224,0.00306,2,5e-06,0.0034060999999999996,5.847351551055908
BenchmarkTest00568.java,0,CWE-78,CWE-78,1,0,1,0,0,0,1,0,0,0,1221,0.0003663,3926,0.009815,2,5e-06,0.0101863,18.505252361297607
BenchmarkTest00569.java,0,CWE-78,,,,0,0,1,0,0,0,1,0,,,,,,,,
BenchmarkTest00570.java,0,CWE-78,CWE-78,1,0,0,1,0,0,0,1,0,0,1092,0.00032759999999999994,1452,0.00363,2,5e-06,0.0039626,7.376452445983887
BenchmarkTest00571.java,0,CWE-78,,,,0,0,1,0,0,0,1,0,,,,,,,,
BenchmarkTest00572.java,0,CWE-78,,,,0,0,1,0,0,0,1,0,,,,,,,,
BenchmarkTest00573.java,0,CWE-78,CWE-78,1,0,1,0,0,0,1,0,0,0,982,0.00029459999999999995,2853,0.0071325,2,5e-06,0.0074321,13.575114965438843
BenchmarkTest00574.java,0,CWE-78,CWE-78,1,0,1,0,0,0,1,0,0,0,1024,0.0003072,2521,0.0063025,2,5e-06,0.006614699999999999,12.78072214126587
BenchmarkTest00575.java,0,CWE-78,CWE-78,1,0,1,0,0,0,1,0,0,0,1189,0.0003567,1188,0.00297,2,5e-06,0.0033317,5.662215232849121
BenchmarkTest00576.java,0,CWE-78,CWE-78,1,0,1,0,0,0,1,0,0,0,1136,0.0003408,1425,0.0035625,2,5e-06,0.0039083,7.808026075363159
BenchmarkTest00577.java,0,CWE-330,,,,0,0,1,0,0,0,1,0,,,,,,,,
BenchmarkTest00578.java,0,CWE-330,,,,0,0,1,0,0,0,1,0,,,,,,,,
BenchmarkTest00579.java,0,CWE-330,,,,0,0,1,0,0,0,1,0,,,,,,,,
BenchmarkTest00580.java,0,CWE-330,,,,0,0,1,0,0,0,1,0,,,,,,,,
BenchmarkTest00581.java,0,CWE-330,,,,0,0,1,0,0,0,1,0,,,,,,,,
BenchmarkTest00582.java,0,CWE-330,CWE-330,1,1,0,1,0,0,0,0,1,0,1543,0.0004629,901,0.0022525,2,5e-06,0.0027204,4.252570629119873
BenchmarkTest00583.java,0,CWE-330,,,,0,0,1,0,0,0,1,0,,,,,,,,
BenchmarkTest00584.java,0,CWE-330,,,,0,0,1,0,0,0,1,0,,,,,,,,
BenchmarkTest00585.java,0,CWE-330,,,,0,0,1,0,0,0,1,0,,,,,,,,
BenchmarkTest00589.java,0,CWE-89,CWE-89,1,1,0,1,0,0,0,0,1,0,1140,0.000342,1778,0.004445,2,5e-06,0.004792,9.141029119491577
BenchmarkTest00590.java,0,CWE-89,CWE-89,1,0,1,0,0,0,1,0,0,0,1089,0.00032669999999999997,1056,0.00264,2,5e-06,0.0029717,6.971884489059448
BenchmarkTest00591.java,0,CWE-89,CWE-89,1,0,1,0,0,0,1,0,0,0,1059,0.00031769999999999997,1119,0.0027975,2,5e-06,0.0031202,5.56267786026001
BenchmarkTest00592.java,0,CWE-89,,,,0,0,1,0,0,0,1,0,,,,,,,,
BenchmarkTest00593.java,0,CWE-89,CWE-89,1,0,1,0,0,0,1,0,0,0,1167,0.00035009999999999994,1041,0.0026025,2,5e-06,0.0029576,4.899001598358154
BenchmarkTest00594.java,0,CWE-89,CWE-89,1,0,1,0,0,0,1,0,0,0,1146,0.0003438,754,0.001885,2,5e-06,0.0022337999999999998,3.9413716793060303
BenchmarkTest00595.java,0,CWE-89,CWE-89,1,0,1,0,0,0,1,0,0,0,1060,0.000318,630,0.001575,2,5e-06,0.001898,3.3210651874542236
BenchmarkTest00596.java,0,CWE-89,,,,0,0,0,1,0,0,0,1,,,,,,,,
BenchmarkTest00597.java,0,CWE-89,,,,0,0,0,1,0,0,0,1,,,,,,,,
BenchmarkTest00598.java,0,CWE-89,,,,0,0,0,1,0,0,0,1,,,,,,,,
BenchmarkTest00599.java,0,CWE-89,,,,0,0,1,0,0,0,1,0,,,,,,,,
BenchmarkTest00600.java,0,CWE-89,CWE-89,1,0,1,0,0,0,1,0,0,0,1142,0.0003426,1361,0.0034025,2,5e-06,0.0037501,5.952806711196899
BenchmarkTest00601.java,0,CWE-89,,,,0,0,1,0,0,0,1,0,,,,,,,,
BenchmarkTest00602.java,0,CWE-89,CWE-89,1,0,0,1,0,0,0,1,0,0,1071,0.0003213,881,0.0022025,2,5e-06,0.0025288,3.9518861770629883
BenchmarkTest00603.java,0,CWE-89,CWE-89,1,0,1,0,0,0,1,0,0,0,1034,0.0003102,1382,0.003455,2,5e-06,0.0037702,7.044336795806885
BenchmarkTest00604.java,0,CWE-89,CWE-89,1,0,1,0,0,0,1,0,0,0,1069,0.0003207,1062,0.002655,2,5e-06,0.0029806999999999998,4.977082252502441
BenchmarkTest00605.java,0,CWE-89,,,,0,0,1,0,0,0,1,0,,,,,,,,
BenchmarkTest00606.java,0,CWE-89,CWE-89,1,0,1,0,0,0,1,0,0,0,1032,0.0003096,669,0.0016725,2,5e-06,0.0019871,3.4867732524871826
BenchmarkTest00607.java,0,CWE-643,CWE-643,1,0,1,0,0,0,1,0,0,0,1134,0.0003402,986,0.002465,2,5e-06,0.0028102,4.97061824798584
BenchmarkTest00608.java,0,CWE-327,CWE-327,1,0,1,0,0,0,1,0,0,0,1820,0.000546,252,0.00063,2,5e-06,0.001181,1.5666155815124512
BenchmarkTest00609.java,0,CWE-327,CWE-327,1,0,1,0,0,0,1,0,0,0,1775,0.0005325,212,0.00053,2,5e-06,0.0010675,1.8061802387237549
BenchmarkTest00610.java,0,CWE-327,CWE-327,1,0,1,0,0,0,1,0,0,0,2101,0.0006303,288,0.00072,2,5e-06,0.0013553,1.7781422138214111
BenchmarkTest00611.java,0,CWE-327,CWE-327,1,0,1,0,0,0,1,0,0,0,1777,0.0005331,260,0.00065,2,5e-06,0.0011880999999999999,2.111217737197876
BenchmarkTest00612.java,0,CWE-327,,,,0,0,1,0,0,0,1,0,,,,,,,,
BenchmarkTest00613.java,0,CWE-327,,,,0,0,1,0,0,0,1,0,,,,,,,,
BenchmarkTest00614.java,0,CWE-327,CWE-327,1,0,1,0,0,0,1,0,0,0,1444,0.0004332,186,0.000465,2,5e-06,0.0009032,2.0833253860473633
BenchmarkTest00615.java,0,CWE-327,CWE-327,1,0,1,0,0,0,1,0,0,0,1499,0.0004497,197,0.0004925,2,5e-06,0.0009472,2.6932570934295654
BenchmarkTest00616.java,0,CWE-327,CWE-327,1,0,1,0,0,0,1,0,0,0,1356,0.0004068,530,0.001325,2,5e-06,0.0017368,3.73867130279541
BenchmarkTest00617.java,0,CWE-327,CWE-327,1,0,1,0,0,0,1,0,0,0,1364,0.00040919999999999997,284,0.00071,2,5e-06,0.0011242,2.6473209857940674
BenchmarkTest00618.java,0,CWE-327,,,,0,0,1,0,0,0,1,0,,,,,,,,
BenchmarkTest00619.java,0,CWE-22,,,,0,0,0,1,0,0,0,1,,,,,,,,
BenchmarkTest00620.java,0,CWE-22,,,,0,0,1,0,0,0,1,0,,,,,,,,
BenchmarkTest00621.java,0,CWE-22,,,,0,0,1,0,0,0,1,0,,,,,,,,
BenchmarkTest00622.java,0,CWE-22,,,,0,0,1,0,0,0,1,0,,,,,,,,
BenchmarkTest00623.java,0,CWE-22,,,,0,0,0,1,0,0,0,1,,,,,,,,
BenchmarkTest00624.java,0,CWE-22,,,,0,0,0,1,0,0,0,1,,,,,,,,
BenchmarkTest00625.java,0,CWE-22,,,,0,0,1,0,0,0,1,0,,,,,,,,
BenchmarkTest00626.java,0,CWE-22,,,,0,0,1,0,0,0,1,0,,,,,,,,
BenchmarkTest00627.java,0,CWE-22,,,,0,0,0,1,0,0,0,1,,,,,,,,
BenchmarkTest00628.java,0,CWE-22,,,,0,0,1,0,0,0,1,0,,,,,,,,
BenchmarkTest00629.java,0,CWE-22,,,,0,0,0,1,0,0,0,1,,,,,,,,
BenchmarkTest00630.java,0,CWE-90,,,,0,0,0,1,0,0,0,1,,,,,,,,
BenchmarkTest00631.java,0,CWE-328,CWE-916,0,0,1,0,0,0,1,0,0,0,1443,0.00043289999999999995,759,0.0018975,2,5e-06,0.0023353999999999996,5.02784538269043
BenchmarkTest00632.java,0,CWE-328,,,,0,0,1,0,0,0,1,0,,,,,,,,
BenchmarkTest00633.java,0,CWE-328,,,,0,0,1,0,0,0,1,0,,,,,,,,
BenchmarkTest00634.java,0,CWE-328,CWE-916,0,0,1,0,0,0,1,0,0,0,1434,0.0004302,812,0.00203,2,5e-06,0.0024652,5.353500127792358
BenchmarkTest00635.java,0,CWE-328,CWE-916,0,0,1,0,0,0,1,0,0,0,1368,0.0004104,523,0.0013075,2,5e-06,0.0017229,3.9108431339263916
BenchmarkTest00636.java,0,CWE-328,CWE-916,0,0,1,0,0,0,1,0,0,0,1367,0.00041009999999999994,475,0.0011875,2,5e-06,0.0016025999999999998,3.645334005355835
BenchmarkTest00637.java,0,CWE-328,CWE-916,0,0,1,0,0,0,1,0,0,0,1307,0.0003921,559,0.0013975,2,5e-06,0.0017946000000000001,4.435431718826294
BenchmarkTest00638.java,0,CWE-328,,,,0,0,0,1,0,0,0,1,,,,,,,,
BenchmarkTest00639.java,0,CWE-328,,,,0,0,1,0,0,0,1,0,,,,,,,,
BenchmarkTest00640.java,0,CWE-328,,,,0,0,1,0,0,0,1,0,,,,,,,,
BenchmarkTest00641.java,0,CWE-328,,,,0,0,1,0,0,0,1,0,,,,,,,,
BenchmarkTest00642.java,0,CWE-79,,,,0,0,0,1,0,0,0,1,,,,,,,,
BenchmarkTest00643.java,0,CWE-79,,,,0,0,0,1,0,0,0,1,,,,,,,,
BenchmarkTest00644.java,0,CWE-79,,,,0,0,0,1,0,0,0,1,,,,,,,,
BenchmarkTest00645.java,0,CWE-79,,,,0,0,0,1,0,0,0,1,,,,,,,,
BenchmarkTest00646.java,0,CWE-79,,,,0,0,1,0,0,0,1,0,,,,,,,,
BenchmarkTest00647.java,0,CWE-79,,,,0,0,1,0,0,0,1,0,,,,,,,,
BenchmarkTest00648.java,0,CWE-79,,,,0,0,1,0,0,0,1,0,,,,,,,,
BenchmarkTest00649.java,0,CWE-79,,,,0,0,1,0,0,0,1,0,,,,,,,,
BenchmarkTest00650.java,0,CWE-79,,,,0,0,1,0,0,0,1,0,,,,,,,,
BenchmarkTest00651.java,0,CWE-79,,,,0,0,0,1,0,0,0,1,,,,,,,,
BenchmarkTest00652.java,0,CWE-330,CWE-330,1,0,1,0,0,0,1,0,0,0,1382,0.00041459999999999994,392,0.00098,2,5e-06,0.0013996,2.1635777950286865
BenchmarkTest00653.java,0,CWE-330,CWE-330,1,0,1,0,0,0,1,0,0,0,1330,0.000399,570,0.001425,2,5e-06,0.0018290000000000001,3.062152624130249
BenchmarkTest00654.java,0,CWE-330,CWE-330,1,0,1,0,0,0,1,0,0,0,1381,0.0004143,565,0.0014125,2,5e-06,0.0018318,2.8464252948760986
BenchmarkTest00655.java,0,CWE-614,,,,0,0,1,0,0,0,1,0,,,,,,,,
BenchmarkTest00656.java,0,CWE-79,,,,0,0,0,1,0,0,0,1,,,,,,,,
BenchmarkTest00657.java,0,CWE-78,,,,0,0,1,0,0,0,1,0,,,,,,,,
BenchmarkTest00658.java,0,CWE-78,,,,0,0,1,0,0,0,1,0,,,,,,,,
BenchmarkTest00659.java,0,CWE-78,,,,0,0,1,0,0,0,1,0,,,,,,,,
BenchmarkTest00660.java,0,CWE-330,CWE-330,1,1,0,1,0,0,0,0,1,0,1429,0.0004287,3526,0.008815,2,5e-06,0.0092487,16.53346538543701
BenchmarkTest00661.java,0,CWE-330,,,,0,0,1,0,0,0,1,0,,,,,,,,
BenchmarkTest00662.java,0,CWE-330,,,,0,0,1,0,0,0,1,0,,,,,,,,
BenchmarkTest00663.java,0,CWE-330,,,,0,0,1,0,0,0,1,0,,,,,,,,
BenchmarkTest00664.java,0,CWE-330,,,,0,0,1,0,0,0,1,0,,,,,,,,
BenchmarkTest00665.java,0,CWE-330,,,,0,0,1,0,0,0,1,0,,,,,,,,
BenchmarkTest00666.java,0,CWE-330,,,,0,0,1,0,0,0,1,0,,,,,,,,
BenchmarkTest00667.java,0,CWE-330,,,,0,0,1,0,0,0,1,0,,,,,,,,
BenchmarkTest00672.java,0,CWE-89,,,,0,0,1,0,0,0,1,0,,,,,,,,
BenchmarkTest00673.java,0,CWE-89,,,,0,0,0,1,0,0,0,1,,,,,,,,
BenchmarkTest00674.java,0,CWE-89,,,,0,0,1,0,0,0,1,0,,,,,,,,
BenchmarkTest00675.java,0,CWE-89,,,,0,0,1,0,0,0,1,0,,,,,,,,
BenchmarkTest00676.java,0,CWE-89,,,,0,0,1,0,0,0,1,0,,,,,,,,
BenchmarkTest00677.java,0,CWE-89,,,,0,0,0,1,0,0,0,1,,,,,,,,
BenchmarkTest00678.java,0,CWE-89,,,,0,0,0,1,0,0,0,1,,,,,,,,
BenchmarkTest00679.java,0,CWE-89,,,,0,0,0,1,0,0,0,1,,,,,,,,
BenchmarkTest00680.java,0,CWE-89,,,,0,0,1,0,0,0,1,0,,,,,,,,
BenchmarkTest00681.java,0,CWE-89,,,,0,0,0,1,0,0,0,1,,,,,,,,
BenchmarkTest00682.java,0,CWE-89,,,,0,0,1,0,0,0,1,0,,,,,,,,
BenchmarkTest00683.java,0,CWE-643,,,,0,0,1,0,0,0,1,0,,,,,,,,
BenchmarkTest00684.java,0,CWE-327,CWE-327,1,0,1,0,0,0,1,0,0,0,1741,0.0005223,319,0.0007975,2,5e-06,0.0013248,1.6262505054473877
BenchmarkTest00685.java,0,CWE-327,CWE-327,1,0,1,0,0,0,1,0,0,0,1796,0.0005388,229,0.0005725,2,5e-06,0.0011163,1.2354061603546143
BenchmarkTest00686.java,0,CWE-327,,,,0,0,1,0,0,0,1,0,,,,,,,,
BenchmarkTest00687.java,0,CWE-327,,,,0,0,1,0,0,0,1,0,,,,,,,,
BenchmarkTest00688.java,0,CWE-327,CWE-327,1,0,1,0,0,0,1,0,0,0,1864,0.0005591999999999999,296,0.00074,2,5e-06,0.0013042,1.7918038368225098
BenchmarkTest00689.java,0,CWE-327,,,,0,0,1,0,0,0,1,0,,,,,,,,
BenchmarkTest00690.java,0,CWE-327,,,,0,0,1,0,0,0,1,0,,,,,,,,
BenchmarkTest00691.java,0,CWE-327,CWE-327,1,0,1,0,0,0,1,0,0,0,1431,0.0004293,213,0.0005325,2,5e-06,0.0009668000000000001,1.456376075744629
BenchmarkTest00692.java,0,CWE-327,CWE-327,1,0,1,0,0,0,1,0,0,0,1364,0.00040919999999999997,186,0.000465,2,5e-06,0.0008792,1.598806381225586
BenchmarkTest00693.java,0,CWE-327,CWE-327,1,0,1,0,0,0,1,0,0,0,1389,0.0004167,200,0.0005,2,5e-06,0.0009217,1.307784080505371
BenchmarkTest00694.java,0,CWE-90,CWE-90,1,0,1,0,0,0,1,0,0,0,1242,0.00037259999999999995,629,0.0015725,2,5e-06,0.0019501,3.470059633255005
BenchmarkTest00695.java,0,CWE-90,CWE-90,1,0,1,0,0,0,1,0,0,0,1356,0.0004068,612,0.00153,2,5e-06,0.0019417999999999998,3.13154673576355
BenchmarkTest00696.java,0,CWE-22,CWE-23,0,0,1,0,0,0,1,0,0,0,1344,0.0004032,1302,0.003255,2,5e-06,0.0036631999999999997,6.34943962097168
BenchmarkTest00697.java,0,CWE-22,CWE-23,0,0,1,0,0,0,1,0,0,0,1287,0.00038609999999999995,1011,0.0025275,2,5e-06,0.0029185999999999995,4.874527215957642
BenchmarkTest00698.java,0,CWE-22,CWE-23,0,1,1,0,0,0,0,0,0,1,1259,0.00037769999999999997,2201,0.0055025,2,5e-06,0.005885199999999999,10.460089206695557
BenchmarkTest00699.java,0,CWE-22,CWE-23,0,1,0,1,0,0,0,0,1,0,1325,0.0003975,645,0.0016125,2,5e-06,0.002015,3.3197989463806152
BenchmarkTest00700.java,0,CWE-22,CWE-23,0,0,1,0,0,0,1,0,0,0,1344,0.0004032,653,0.0016325,2,5e-06,0.0020407,3.4005415439605713
BenchmarkTest00701.java,0,CWE-90,,,,0,0,1,0,0,0,1,0,,,,,,,,
BenchmarkTest00702.java,0,CWE-330,CWE-330,1,0,1,0,0,0,1,0,0,0,1391,0.0004173,435,0.0010875,2,5e-06,0.0015098,2.344209671020508
BenchmarkTest00703.java,0,CWE-328,CWE-916,0,0,1,0,0,0,1,0,0,0,1483,0.00044489999999999997,655,0.0016375,2,5e-06,0.0020873999999999997,3.361578941345215
BenchmarkTest00704.java,0,CWE-328,CWE-916,0,0,1,0,0,0,1,0,0,0,1439,0.0004317,764,0.00191,2,5e-06,0.0023466999999999997,3.79325795173645
BenchmarkTest00705.java,0,CWE-328,CWE-916,0,0,1,0,0,0,1,0,0,0,1486,0.0004458,698,0.001745,2,5e-06,0.0021958,3.785719394683838
BenchmarkTest00706.java,0,CWE-328,,,,0,0,1,0,0,0,1,0,,,,,,,,
BenchmarkTest00707.java,0,CWE-328,,,,0,0,1,0,0,0,1,0,,,,,,,,
BenchmarkTest00708.java,0,CWE-328,CWE-916,0,0,1,0,0,0,1,0,0,0,1285,0.0003855,466,0.001165,2,5e-06,0.0015555,2.5205891132354736
BenchmarkTest00709.java,0,CWE-328,,,,0,0,1,0,0,0,1,0,,,,,,,,
BenchmarkTest00710.java,0,CWE-328,,,,0,0,0,1,0,0,0,1,,,,,,,,
BenchmarkTest00711.java,0,CWE-79,CWE-79,1,0,1,0,0,0,1,0,0,0,1437,0.00043109999999999996,863,0.0021575,2,5e-06,0.0025935999999999997,4.209148645401001
BenchmarkTest00712.java,0,CWE-79,,,,0,0,1,0,0,0,1,0,,,,,,,,
BenchmarkTest00713.java,0,CWE-79,,,,0,0,1,0,0,0,1,0,,,,,,,,
BenchmarkTest00714.java,0,CWE-79,,,,0,0,1,0,0,0,1,0,,,,,,,,
BenchmarkTest00715.java,0,CWE-79,CWE-79,1,0,1,0,0,0,1,0,0,0,1287,0.00038609999999999995,738,0.001845,2,5e-06,0.0022361,4.001214265823364
BenchmarkTest00716.java,0,CWE-79,,,,0,0,1,0,0,0,1,0,,,,,,,,
BenchmarkTest00717.java,0,CWE-79,,,,0,0,1,0,0,0,1,0,,,,,,,,
BenchmarkTest00718.java,0,CWE-79,,,,0,0,1,0,0,0,1,0,,,,,,,,
BenchmarkTest00719.java,0,CWE-79,CWE-79,1,0,1,0,0,0,1,0,0,0,1330,0.000399,1038,0.002595,2,5e-06,0.002999,5.355270862579346
BenchmarkTest00720.java,0,CWE-79,CWE-79,1,0,1,0,0,0,1,0,0,0,1402,0.0004206,785,0.0019625,2,5e-06,0.0023880999999999998,4.6909637451171875
BenchmarkTest00721.java,0,CWE-79,CWE-79,1,0,1,0,0,0,1,0,0,0,1383,0.0004149,722,0.001805,2,5e-06,0.0022248999999999997,4.067908525466919
BenchmarkTest00722.java,0,CWE-79,CWE-79,1,1,0,1,0,0,0,0,1,0,1432,0.0004296,685,0.0017125,2,5e-06,0.0021471,4.058335304260254
BenchmarkTest00723.java,0,CWE-79,,,,0,0,1,0,0,0,1,0,,,,,,,,
BenchmarkTest00724.java,0,CWE-79,CWE-79,1,0,1,0,0,0,1,0,0,0,1380,0.000414,536,0.00134,2,5e-06,0.001759,4.088580131530762
BenchmarkTest00725.java,0,CWE-79,CWE-79,1,0,1,0,0,0,1,0,0,0,1614,0.0004842,2045,0.0051125,2,5e-06,0.005601699999999999,11.501169204711914
BenchmarkTest00726.java,0,CWE-79,,,,0,0,1,0,0,0,1,0,,,,,,,,
BenchmarkTest00727.java,0,CWE-79,CWE-79,1,0,1,0,0,0,1,0,0,0,1309,0.0003927,806,0.002015,2,5e-06,0.0024127,3.9382128715515137
BenchmarkTest00728.java,0,CWE-79,CWE-79,1,0,1,0,0,0,1,0,0,0,1314,0.0003942,702,0.001755,2,5e-06,0.0021541999999999998,3.552565574645996
BenchmarkTest00729.java,0,CWE-79,CWE-79,1,0,1,0,0,0,1,0,0,0,1310,0.000393,665,0.0016625,2,5e-06,0.0020605,3.638673782348633
BenchmarkTest00730.java,0,CWE-79,CWE-79,1,1,0,1,0,0,0,0,1,0,1426,0.0004278,712,0.00178,2,5e-06,0.0022127999999999996,3.226839303970337
BenchmarkTest00731.java,0,CWE-78,CWE-78,1,0,1,0,0,0,1,0,0,0,1016,0.00030480000000000004,680,0.0017,2,5e-06,0.0020098,3.374227285385132
BenchmarkTest00732.java,0,CWE-78,CWE-78,1,1,0,1,0,0,0,0,1,0,1157,0.0003471,643,0.0016075,2,5e-06,0.0019595999999999997,2.9947025775909424
BenchmarkTest00733.java,0,CWE-330,CWE-330,1,0,1,0,0,0,1,0,0,0,1345,0.0004035,402,0.001005,2,5e-06,0.0014135,2.5778799057006836
BenchmarkTest00734.java,0,CWE-330,CWE-330,1,0,1,0,0,0,1,0,0,0,1392,0.00041759999999999996,467,0.0011675,2,5e-06,0.0015900999999999999,3.1335813999176025
BenchmarkTest00735.java,0,CWE-330,CWE-330,1,0,1,0,0,0,1,0,0,0,1371,0.0004113,457,0.0011425,2,5e-06,0.0015588000000000002,2.3651466369628906
BenchmarkTest00736.java,0,CWE-614,CWE-614,1,0,1,0,0,0,1,0,0,0,1091,0.0003273,404,0.00101,2,5e-06,0.0013423,2.2356653213500977
BenchmarkTest00737.java,0,CWE-79,CWE-79,1,0,1,0,0,0,1,0,0,0,1624,0.00048719999999999997,1458,0.003645,2,5e-06,0.0041372,6.831728219985962
BenchmarkTest00738.java,0,CWE-78,,,,0,0,1,0,0,0,1,0,,,,,,,,
BenchmarkTest00739.java,0,CWE-78,,,,0,0,1,0,0,0,1,0,,,,,,,,
BenchmarkTest00740.java,0,CWE-78,CWE-78,1,0,1,0,0,0,1,0,0,0,1023,0.0003069,2701,0.0067525,2,5e-06,0.007064399999999999,12.93120265007019
BenchmarkTest00741.java,0,CWE-78,CWE-78,1,1,0,1,0,0,0,0,1,0,1074,0.00032219999999999997,1029,0.0025725,2,5e-06,0.0028997,4.602907657623291
BenchmarkTest00742.java,0,CWE-78,CWE-78,1,1,0,1,0,0,0,0,1,0,1156,0.0003468,1928,0.00482,2,5e-06,0.0051718,8.480589389801025
BenchmarkTest00743.java,0,CWE-78,CWE-78,1,1,0,1,0,0,0,0,1,0,1006,0.0003018,907,0.0022675,2,5e-06,0.0025743,4.473654508590698
BenchmarkTest00744.java,0,CWE-330,,,,0,0,1,0,0,0,1,0,,,,,,,,
BenchmarkTest00745.java,0,CWE-330,,,,0,0,1,0,0,0,1,0,,,,,,,,
BenchmarkTest00746.java,0,CWE-330,,,,0,0,1,0,0,0,1,0,,,,,,,,
BenchmarkTest00747.java,0,CWE-330,,,,0,0,1,0,0,0,1,0,,,,,,,,
BenchmarkTest00748.java,0,CWE-330,,,,0,0,1,0,0,0,1,0,,,,,,,,
BenchmarkTest00749.java,0,CWE-330,CWE-330,1,0,0,1,0,0,0,1,0,0,1429,0.0004287,3182,0.007955,2,5e-06,0.0083887,16.879813194274902
BenchmarkTest00750.java,0,CWE-330,,,,0,0,1,0,0,0,1,0,,,,,,,,
BenchmarkTest00751.java,0,CWE-330,,,,0,0,1,0,0,0,1,0,,,,,,,,
BenchmarkTest00752.java,0,CWE-330,,,,0,0,1,0,0,0,1,0,,,,,,,,
BenchmarkTest00753.java,0,CWE-330,,,,0,0,1,0,0,0,1,0,,,,,,,,
BenchmarkTest00760.java,0,CWE-89,CWE-89,1,0,1,0,0,0,1,0,0,0,1028,0.00030839999999999996,671,0.0016775,2,5e-06,0.0019909,3.1509430408477783
BenchmarkTest00761.java,0,CWE-89,CWE-89,1,0,1,0,0,0,1,0,0,0,1009,0.0003027,1087,0.0027175,2,5e-06,0.0030251999999999996,5.515831470489502
BenchmarkTest00762.java,0,CWE-89,CWE-89,1,0,1,0,0,0,1,0,0,0,993,0.0002979,741,0.0018525,2,5e-06,0.0021553999999999996,3.916220188140869
BenchmarkTest00763.java,0,CWE-89,CWE-89,1,1,0,1,0,0,0,0,1,0,1033,0.0003099,986,0.002465,2,5e-06,0.0027799,5.136810779571533
BenchmarkTest00764.java,0,CWE-89,,,,0,0,0,1,0,0,0,1,,,,,,,,
BenchmarkTest00765.java,0,CWE-89,,,,0,0,0,1,0,0,0,1,,,,,,,,
BenchmarkTest00766.java,0,CWE-89,,,,0,0,1,0,0,0,1,0,,,,,,,,
BenchmarkTest00767.java,0,CWE-89,,,,0,0,0,1,0,0,0,1,,,,,,,,
BenchmarkTest00768.java,0,CWE-89,,,,0,0,0,1,0,0,0,1,,,,,,,,
BenchmarkTest00769.java,0,CWE-89,CWE-89,1,0,1,0,0,0,1,0,0,0,1061,0.0003183,654,0.001635,2,5e-06,0.0019582999999999996,3.4861257076263428
BenchmarkTest00770.java,0,CWE-89,CWE-89,1,0,1,0,0,0,1,0,0,0,992,0.00029759999999999997,700,0.00175,2,5e-06,0.0020526,3.7785544395446777
BenchmarkTest00771.java,0,CWE-89,CWE-89,1,0,1,0,0,0,1,0,0,0,1011,0.0003033,658,0.001645,2,5e-06,0.0019533,3.517484426498413
BenchmarkTest00772.java,0,CWE-89,CWE-89,1,1,0,1,0,0,0,0,1,0,992,0.00029759999999999997,563,0.0014075,2,5e-06,0.0017100999999999998,3.8451995849609375
BenchmarkTest00773.java,0,CWE-89,CWE-89,1,1,0,1,0,0,0,0,1,0,981,0.0002943,624,0.00156,2,5e-06,0.0018593,2.856602430343628
BenchmarkTest00774.java,0,CWE-89,CWE-89,1,1,0,1,0,0,0,0,1,0,1009,0.0003027,718,0.001795,2,5e-06,0.0021027,3.6032087802886963
BenchmarkTest00775.java,0,CWE-327,,,,0,0,1,0,0,0,1,0,,,,,,,,
BenchmarkTest00776.java,0,CWE-327,,,,0,0,1,0,0,0,1,0,,,,,,,,
BenchmarkTest00777.java,0,CWE-327,,,,0,0,1,0,0,0,1,0,,,,,,,,
BenchmarkTest00778.java,0,CWE-327,,,,0,0,1,0,0,0,1,0,,,,,,,,
BenchmarkTest00779.java,0,CWE-327,CWE-327,1,0,1,0,0,0,1,0,0,0,1956,0.0005868,284,0.00071,2,5e-06,0.0013017999999999999,2.098231792449951
BenchmarkTest00780.java,0,CWE-327,,,,0,0,1,0,0,0,1,0,,,,,,,,
BenchmarkTest00781.java,0,CWE-327,CWE-327,1,0,1,0,0,0,1,0,0,0,1527,0.00045809999999999997,207,0.0005175,2,5e-06,0.0009805999999999999,1.543163537979126
BenchmarkTest00782.java,0,CWE-327,,,,0,0,1,0,0,0,1,0,,,,,,,,
BenchmarkTest00783.java,0,CWE-22,CWE-23,0,0,1,0,0,0,1,0,0,0,1681,0.0005043,1003,0.0025075,2,5e-06,0.0030168,4.635009765625
BenchmarkTest00784.java,0,CWE-22,CWE-23,0,1,0,1,0,0,0,0,1,0,1601,0.00048029999999999997,940,0.00235,2,5e-06,0.0028353,4.317508220672607
BenchmarkTest00785.java,0,CWE-22,CWE-23,0,0,1,0,0,0,1,0,0,0,1553,0.0004659,880,0.0022,2,5e-06,0.0026709,4.305286169052124
BenchmarkTest00786.java,0,CWE-22,CWE-23,0,1,0,1,0,0,0,0,1,0,1578,0.00047339999999999996,1566,0.003915,2,5e-06,0.0043933999999999996,6.9424567222595215
BenchmarkTest00787.java,0,CWE-22,CWE-23,0,0,1,0,0,0,1,0,0,0,1499,0.0004497,796,0.00199,2,5e-06,0.0024446999999999997,4.211685657501221
BenchmarkTest00788.java,0,CWE-22,CWE-23,0,0,1,0,0,0,1,0,0,0,1466,0.0004398,1020,0.00255,2,5e-06,0.0029948,5.2506184577941895
BenchmarkTest00789.java,0,CWE-328,CWE-916,0,0,1,0,0,0,1,0,0,0,1577,0.00047309999999999995,559,0.0013975,2,5e-06,0.0018756,3.178666114807129
BenchmarkTest00790.java,0,CWE-328,CWE-916,0,0,1,0,0,0,1,0,0,0,1523,0.0004569,506,0.001265,2,5e-06,0.0017269000000000002,3.0191469192504883
BenchmarkTest00791.java,0,CWE-328,,,,0,0,1,0,0,0,1,0,,,,,,,,
BenchmarkTest00792.java,0,CWE-328,,,,0,0,1,0,0,0,1,0,,,,,,,,
BenchmarkTest00793.java,0,CWE-328,,,,0,0,1,0,0,0,1,0,,,,,,,,
BenchmarkTest00794.java,0,CWE-328,CWE-916,0,0,1,0,0,0,1,0,0,0,1448,0.0004344,456,0.00114,2,5e-06,0.0015794,2.7175745964050293
BenchmarkTest00795.java,0,CWE-328,,,,0,0,1,0,0,0,1,0,,,,,,,,
BenchmarkTest00796.java,0,CWE-328,,,,0,0,0,1,0,0,0,1,,,,,,,,
BenchmarkTest00797.java,0,CWE-328,,,,0,0,0,1,0,0,0,1,,,,,,,,
BenchmarkTest00798.java,0,CWE-328,,,,0,0,1,0,0,0,1,0,,,,,,,,
BenchmarkTest00799.java,0,CWE-79,CWE-79,1,0,0,1,0,0,0,1,0,0,1603,0.0004809,702,0.001755,2,5e-06,0.0022408999999999997,3.707284450531006
BenchmarkTest00800.java,0,CWE-79,CWE-79,1,0,1,0,0,0,1,0,0,0,1566,0.0004698,865,0.0021625,2,5e-06,0.0026372999999999995,4.472426176071167
BenchmarkTest00801.java,0,CWE-79,CWE-79,1,0,1,0,0,0,1,0,0,0,1446,0.00043380000000000003,983,0.0024575,2,5e-06,0.0028963,4.901330947875977
BenchmarkTest00802.java,0,CWE-79,CWE-79,1,0,1,0,0,0,1,0,0,0,1504,0.00045119999999999996,765,0.0019125,2,5e-06,0.0023686999999999996,4.384761810302734
BenchmarkTest00803.java,0,CWE-79,CWE-79,1,0,1,0,0,0,1,0,0,0,1433,0.0004299,656,0.00164,2,5e-06,0.0020748999999999997,4.732598781585693
BenchmarkTest00804.java,0,CWE-79,CWE-79,1,0,1,0,0,0,1,0,0,0,1464,0.0004392,661,0.0016525,2,5e-06,0.0020967,4.038897752761841
BenchmarkTest00805.java,0,CWE-79,CWE-79,1,0,1,0,0,0,1,0,0,0,1776,0.0005327999999999999,1174,0.002935,2,5e-06,0.0034728,6.7421839237213135
BenchmarkTest00806.java,0,CWE-79,CWE-79,1,0,1,0,0,0,1,0,0,0,1540,0.000462,1078,0.002695,2,5e-06,0.003162,5.70776629447937
BenchmarkTest00807.java,0,CWE-79,CWE-79,1,0,1,0,0,0,1,0,0,0,1471,0.0004413,1237,0.0030925,2,5e-06,0.0035388,6.808003902435303
BenchmarkTest00808.java,0,CWE-79,CWE-79,1,0,0,1,0,0,0,1,0,0,1533,0.00045989999999999996,865,0.0021625,2,5e-06,0.0026274,4.993829011917114
BenchmarkTest00809.java,0,CWE-79,CWE-79,1,0,1,0,0,0,1,0,0,0,1490,0.000447,988,0.00247,2,5e-06,0.0029219999999999997,5.661740303039551
BenchmarkTest00810.java,0,CWE-79,CWE-79,1,0,1,0,0,0,1,0,0,0,1464,0.0004392,693,0.0017325,2,5e-06,0.0021766999999999997,4.167369604110718
BenchmarkTest00811.java,0,CWE-79,CWE-79,1,0,1,0,0,0,1,0,0,0,1547,0.00046409999999999995,790,0.001975,2,5e-06,0.0024441,4.855239391326904
BenchmarkTest00812.java,0,CWE-79,,,,0,0,1,0,0,0,1,0,,,,,,,,
BenchmarkTest00813.java,0,CWE-79,,,,0,0,1,0,0,0,1,0,,,,,,,,
BenchmarkTest00814.java,0,CWE-78,,,,0,0,1,0,0,0,1,0,,,,,,,,
BenchmarkTest00815.java,0,CWE-78,CWE-78,1,0,1,0,0,0,1,0,0,0,1173,0.0003519,755,0.0018875,2,5e-06,0.0022443999999999997,4.333447694778442
BenchmarkTest00816.java,0,CWE-78,CWE-78,1,0,1,0,0,0,1,0,0,0,1295,0.0003885,792,0.00198,2,5e-06,0.0023734999999999997,4.133424758911133
BenchmarkTest00817.java,0,CWE-330,CWE-330,1,0,1,0,0,0,1,0,0,0,1796,0.0005388,477,0.0011925,2,5e-06,0.0017362999999999999,2.694699287414551
BenchmarkTest00818.java,0,CWE-330,CWE-330,1,0,1,0,0,0,1,0,0,0,1516,0.0004548,447,0.0011175,2,5e-06,0.0015773,2.6943984031677246
BenchmarkTest00819.java,0,CWE-330,CWE-330,1,0,1,0,0,0,1,0,0,0,1481,0.0004443,455,0.0011375,2,5e-06,0.0015868,2.7302231788635254
BenchmarkTest00820.java,0,CWE-614,CWE-614,1,0,1,0,0,0,1,0,0,0,1207,0.00036209999999999997,496,0.00124,2,5e-06,0.0016071,2.714348793029785
BenchmarkTest00821.java,0,CWE-614,CWE-614,1,0,1,0,0,0,1,0,0,0,1223,0.0003669,316,0.00079,2,5e-06,0.0011619,1.9619081020355225
BenchmarkTest00822.java,0,CWE-79,CWE-79,1,0,1,0,0,0,1,0,0,0,1481,0.0004443,831,0.0020775,2,5e-06,0.0025267999999999996,4.3691933155059814
BenchmarkTest00823.java,0,CWE-78,CWE-78,1,0,1,0,0,0,1,0,0,0,1139,0.0003417,882,0.002205,2,5e-06,0.0025516999999999996,4.485667943954468
BenchmarkTest00824.java,0,CWE-78,CWE-78,1,0,1,0,0,0,1,0,0,0,1387,0.0004161,979,0.0024475,2,5e-06,0.0028686,5.395444393157959
BenchmarkTest00825.java,0,CWE-78,CWE-78,1,0,1,0,0,0,1,0,0,0,1115,0.0003345,2499,0.0062475,2,5e-06,0.006586999999999999,12.52820634841919
BenchmarkTest00826.java,0,CWE-78,,,,0,0,1,0,0,0,1,0,,,,,,,,
BenchmarkTest00827.java,0,CWE-78,CWE-78,1,1,0,1,0,0,0,0,1,0,1155,0.0003465,1204,0.00301,2,5e-06,0.0033615,5.75901198387146
BenchmarkTest00828.java,0,CWE-330,,,,0,0,1,0,0,0,1,0,,,,,,,,
BenchmarkTest00829.java,0,CWE-330,,,,0,0,1,0,0,0,1,0,,,,,,,,
BenchmarkTest00830.java,0,CWE-330,,,,0,0,1,0,0,0,1,0,,,,,,,,
BenchmarkTest00831.java,0,CWE-330,,,,0,0,1,0,0,0,1,0,,,,,,,,
BenchmarkTest00832.java,0,CWE-330,,,,0,0,1,0,0,0,1,0,,,,,,,,
BenchmarkTest00837.java,0,CWE-89,CWE-89,1,1,0,1,0,0,0,0,1,0,1255,0.0003765,877,0.0021925,2,5e-06,0.002574,3.819911241531372
BenchmarkTest00838.java,0,CWE-89,CWE-89,1,1,0,1,0,0,0,0,1,0,1227,0.00036809999999999995,1018,0.002545,2,5e-06,0.0029181,5.725515127182007
BenchmarkTest00839.java,0,CWE-89,CWE-89,1,0,1,0,0,0,1,0,0,0,1129,0.0003387,797,0.0019925,2,5e-06,0.0023361999999999996,4.341710090637207
BenchmarkTest00840.java,0,CWE-89,CWE-89,1,0,1,0,0,0,1,0,0,0,1135,0.0003405,765,0.0019125,2,5e-06,0.0022579999999999996,4.109029531478882
BenchmarkTest00841.java,0,CWE-89,CWE-89,1,0,1,0,0,0,1,0,0,0,1211,0.0003633,709,0.0017725,2,5e-06,0.0021408,3.7618987560272217
BenchmarkTest00842.java,0,CWE-89,,,,0,0,0,1,0,0,0,1,,,,,,,,
BenchmarkTest00843.java,0,CWE-89,,,,0,0,0,1,0,0,0,1,,,,,,,,
BenchmarkTest00844.java,0,CWE-89,,,,0,0,1,0,0,0,1,0,,,,,,,,
BenchmarkTest00845.java,0,CWE-89,,,,0,0,0,1,0,0,0,1,,,,,,,,
BenchmarkTest00846.java,0,CWE-89,CWE-89,1,0,1,0,0,0,1,0,0,0,1099,0.0003297,575,0.0014375,2,5e-06,0.0017722,3.4308722019195557
BenchmarkTest00847.java,0,CWE-89,CWE-89,1,0,1,0,0,0,1,0,0,0,1146,0.0003438,518,0.001295,2,5e-06,0.0016438,3.603868007659912
BenchmarkTest00848.java,0,CWE-89,CWE-89,1,0,1,0,0,0,1,0,0,0,1064,0.0003192,593,0.0014825,2,5e-06,0.0018067,3.939545154571533
BenchmarkTest00849.java,0,CWE-89,CWE-89,1,0,1,0,0,0,1,0,0,0,1148,0.00034439999999999997,751,0.0018775,2,5e-06,0.0022269,4.292338132858276
BenchmarkTest00850.java,0,CWE-89,CWE-89,1,0,1,0,0,0,1,0,0,0,1144,0.0003432,668,0.00167,2,5e-06,0.0020182,4.380652189254761
BenchmarkTest00851.java,0,CWE-89,,,,0,0,1,0,0,0,1,0,,,,,,,,
BenchmarkTest00852.java,0,CWE-643,CWE-643,1,1,0,1,0,0,0,0,1,0,1310,0.000393,861,0.0021525,2,5e-06,0.0025505,5.569401502609253
BenchmarkTest00853.java,0,CWE-327,CWE-327,1,0,1,0,0,0,1,0,0,0,1756,0.0005267999999999999,220,0.00055,2,5e-06,0.0010818,2.40995717048645
BenchmarkTest00854.java,0,CWE-327,,,,0,0,1,0,0,0,1,0,,,,,,,,
BenchmarkTest00855.java,0,CWE-327,CWE-327,1,0,1,0,0,0,1,0,0,0,1878,0.0005633999999999999,240,0.0006,2,5e-06,0.0011683999999999998,2.1157639026641846
BenchmarkTest00856.java,0,CWE-327,CWE-327,1,0,1,0,0,0,1,0,0,0,1695,0.0005085,219,0.0005475,2,5e-06,0.001061,1.6590847969055176
BenchmarkTest00857.java,0,CWE-327,CWE-327,1,0,1,0,0,0,1,0,0,0,1454,0.0004362,301,0.0007525,2,5e-06,0.0011937,2.4013595581054688
BenchmarkTest00858.java,0,CWE-327,,,,0,0,1,0,0,0,1,0,,,,,,,,
BenchmarkTest00859.java,0,CWE-327,CWE-327,1,0,1,0,0,0,1,0,0,0,1451,0.0004353,598,0.001495,2,5e-06,0.0019353,3.2118136882781982
BenchmarkTest00860.java,0,CWE-90,,,,0,0,1,0,0,0,1,0,,,,,,,,
BenchmarkTest00861.java,0,CWE-90,,,,0,0,1,0,0,0,1,0,,,,,,,,
BenchmarkTest00862.java,0,CWE-22,,,,0,0,1,0,0,0,1,0,,,,,,,,
BenchmarkTest00863.java,0,CWE-22,,,,0,0,1,0,0,0,1,0,,,,,,,,
BenchmarkTest00864.java,0,CWE-22,,,,0,0,1,0,0,0,1,0,,,,,,,,
BenchmarkTest00865.java,0,CWE-22,,,,0,0,1,0,0,0,1,0,,,,,,,,
BenchmarkTest00866.java,0,CWE-22,,,,0,0,1,0,0,0,1,0,,,,,,,,
BenchmarkTest00867.java,0,CWE-22,,,,0,0,1,0,0,0,1,0,,,,,,,,
BenchmarkTest00868.java,0,CWE-328,CWE-916,0,0,1,0,0,0,1,0,0,0,1746,0.0005237999999999999,983,0.0024575,2,5e-06,0.0029863,4.782769680023193
BenchmarkTest00869.java,0,CWE-328,CWE-916,0,0,1,0,0,0,1,0,0,0,1512,0.00045359999999999997,971,0.0024275,2,5e-06,0.0028861,4.574392318725586
BenchmarkTest00870.java,0,CWE-328,CWE-916,0,0,1,0,0,0,1,0,0,0,1363,0.00040889999999999996,677,0.0016925,2,5e-06,0.0021063999999999996,3.90608811378479
BenchmarkTest00871.java,0,CWE-328,CWE-916,0,0,1,0,0,0,1,0,0,0,1463,0.0004389,508,0.00127,2,5e-06,0.0017139000000000002,3.151956558227539
BenchmarkTest00872.java,0,CWE-328,CWE-916,0,0,1,0,0,0,1,0,0,0,1357,0.0004071,860,0.00215,2,5e-06,0.0025621,4.178059101104736
BenchmarkTest00873.java,0,CWE-328,,,,0,0,1,0,0,0,1,0,,,,,,,,
BenchmarkTest00874.java,0,CWE-328,,,,0,0,1,0,0,0,1,0,,,,,,,,
BenchmarkTest00875.java,0,CWE-328,,,,0,0,0,1,0,0,0,1,,,,,,,,
BenchmarkTest00876.java,0,CWE-328,,,,0,0,0,1,0,0,0,1,,,,,,,,
BenchmarkTest00877.java,0,CWE-328,,,,0,0,1,0,0,0,1,0,,,,,,,,
BenchmarkTest00878.java,0,CWE-328,,,,0,0,1,0,0,0,1,0,,,,,,,,
BenchmarkTest00879.java,0,CWE-79,,,,0,0,1,0,0,0,1,0,,,,,,,,
BenchmarkTest00880.java,0,CWE-79,,,,0,0,1,0,0,0,1,0,,,,,,,,
BenchmarkTest00881.java,0,CWE-79,,,,0,0,1,0,0,0,1,0,,,,,,,,
BenchmarkTest00882.java,0,CWE-79,,,,0,0,1,0,0,0,1,0,,,,,,,,
BenchmarkTest00883.java,0,CWE-79,,,,0,0,1,0,0,0,1,0,,,,,,,,
BenchmarkTest00884.java,0,CWE-79,,,,0,0,1,0,0,0,1,0,,,,,,,,
BenchmarkTest00885.java,0,CWE-79,,,,0,0,1,0,0,0,1,0,,,,,,,,
BenchmarkTest00886.java,0,CWE-79,,,,0,0,1,0,0,0,1,0,,,,,,,,
BenchmarkTest00887.java,0,CWE-79,,,,0,0,1,0,0,0,1,0,,,,,,,,
BenchmarkTest00888.java,0,CWE-79,,,,0,0,1,0,0,0,1,0,,,,,,,,
BenchmarkTest00889.java,0,CWE-79,,,,0,0,1,0,0,0,1,0,,,,,,,,
BenchmarkTest00890.java,0,CWE-79,,,,0,0,1,0,0,0,1,0,,,,,,,,
BenchmarkTest00891.java,0,CWE-79,,,,0,0,1,0,0,0,1,0,,,,,,,,
BenchmarkTest00892.java,0,CWE-79,,,,0,0,1,0,0,0,1,0,,,,,,,,
BenchmarkTest00893.java,0,CWE-79,,,,0,0,1,0,0,0,1,0,,,,,,,,
BenchmarkTest00894.java,0,CWE-79,,,,0,0,1,0,0,0,1,0,,,,,,,,
BenchmarkTest00895.java,0,CWE-78,,,,0,0,1,0,0,0,1,0,,,,,,,,
BenchmarkTest00896.java,0,CWE-78,,,,0,0,1,0,0,0,1,0,,,,,,,,
BenchmarkTest00897.java,0,CWE-78,,,,0,0,1,0,0,0,1,0,,,,,,,,
BenchmarkTest00898.java,0,CWE-330,CWE-330,1,0,1,0,0,0,1,0,0,0,1407,0.00042209999999999996,537,0.0013425,2,5e-06,0.0017695999999999999,2.693044662475586
BenchmarkTest00899.java,0,CWE-330,CWE-330,1,0,1,0,0,0,1,0,0,0,1414,0.0004242,494,0.001235,2,5e-06,0.0016642,2.580312728881836
BenchmarkTest00900.java,0,CWE-330,CWE-330,1,0,1,0,0,0,1,0,0,0,1402,0.0004206,536,0.00134,2,5e-06,0.0017656,3.1766436100006104
BenchmarkTest00901.java,0,CWE-330,CWE-330,1,0,1,0,0,0,1,0,0,0,1404,0.0004212,518,0.001295,2,5e-06,0.0017212,2.6633150577545166
BenchmarkTest00902.java,0,CWE-330,CWE-330,1,0,1,0,0,0,1,0,0,0,1405,0.0004215,579,0.0014475,2,5e-06,0.001874,4.892740488052368
BenchmarkTest00903.java,0,CWE-614,CWE-614,1,0,1,0,0,0,1,0,0,0,1150,0.000345,617,0.0015425,2,5e-06,0.0018925,3.298104763031006
BenchmarkTest00904.java,0,CWE-614,,,,0,0,1,0,0,0,1,0,,,,,,,,
BenchmarkTest00905.java,0,CWE-78,,,,0,0,1,0,0,0,1,0,,,,,,,,
BenchmarkTest00906.java,0,CWE-78,,,,0,0,1,0,0,0,1,0,,,,,,,,
BenchmarkTest00907.java,0,CWE-78,,,,0,0,1,0,0,0,1,0,,,,,,,,
BenchmarkTest00908.java,0,CWE-78,,,,0,0,1,0,0,0,1,0,,,,,,,,
BenchmarkTest00909.java,0,CWE-78,,,,0,0,1,0,0,0,1,0,,,,,,,,
BenchmarkTest00910.java,0,CWE-78,,,,0,0,1,0,0,0,1,0,,,,,,,,
BenchmarkTest00911.java,0,CWE-330,,,,0,0,1,0,0,0,1,0,,,,,,,,
BenchmarkTest00912.java,0,CWE-330,,,,0,0,1,0,0,0,1,0,,,,,,,,
BenchmarkTest00913.java,0,CWE-330,,,,0,0,1,0,0,0,1,0,,,,,,,,
BenchmarkTest00914.java,0,CWE-330,,,,0,0,1,0,0,0,1,0,,,,,,,,
BenchmarkTest00915.java,0,CWE-330,,,,0,0,1,0,0,0,1,0,,,,,,,,
BenchmarkTest00916.java,0,CWE-330,,,,0,0,1,0,0,0,1,0,,,,,,,,
BenchmarkTest00917.java,0,CWE-330,,,,0,0,1,0,0,0,1,0,,,,,,,,
BenchmarkTest00918.java,0,CWE-330,,,,0,0,1,0,0,0,1,0,,,,,,,,
BenchmarkTest00919.java,0,CWE-330,,,,0,0,1,0,0,0,1,0,,,,,,,,
BenchmarkTest00920.java,0,CWE-330,,,,0,0,1,0,0,0,1,0,,,,,,,,
BenchmarkTest00921.java,0,CWE-330,,,,0,0,1,0,0,0,1,0,,,,,,,,
BenchmarkTest00924.java,0,CWE-89,,,,0,0,1,0,0,0,1,0,,,,,,,,
BenchmarkTest00925.java,0,CWE-89,,,,0,0,1,0,0,0,1,0,,,,,,,,
BenchmarkTest00926.java,0,CWE-89,,,,0,0,1,0,0,0,1,0,,,,,,,,
BenchmarkTest00927.java,0,CWE-89,,,,0,0,1,0,0,0,1,0,,,,,,,,
BenchmarkTest00928.java,0,CWE-89,,,,0,0,1,0,0,0,1,0,,,,,,,,
BenchmarkTest00929.java,0,CWE-89,,,,0,0,1,0,0,0,1,0,,,,,,,,
BenchmarkTest00930.java,0,CWE-89,,,,0,0,1,0,0,0,1,0,,,,,,,,
BenchmarkTest00931.java,0,CWE-89,,,,0,0,1,0,0,0,1,0,,,,,,,,
BenchmarkTest00932.java,0,CWE-89,,,,0,0,1,0,0,0,1,0,,,,,,,,
BenchmarkTest00933.java,0,CWE-89,,,,0,0,1,0,0,0,1,0,,,,,,,,
BenchmarkTest00934.java,0,CWE-89,,,,0,0,1,0,0,0,1,0,,,,,,,,
BenchmarkTest00935.java,0,CWE-89,,,,0,0,1,0,0,0,1,0,,,,,,,,
BenchmarkTest00936.java,0,CWE-89,,,,0,0,1,0,0,0,1,0,,,,,,,,
BenchmarkTest00937.java,0,CWE-89,,,,0,0,1,0,0,0,1,0,,,,,,,,
BenchmarkTest00938.java,0,CWE-89,,,,0,0,1,0,0,0,1,0,,,,,,,,
BenchmarkTest00939.java,0,CWE-89,,,,0,0,1,0,0,0,1,0,,,,,,,,
BenchmarkTest00940.java,0,CWE-89,,,,0,0,1,0,0,0,1,0,,,,,,,,
BenchmarkTest00941.java,0,CWE-643,,,,0,0,1,0,0,0,1,0,,,,,,,,
BenchmarkTest00942.java,0,CWE-327,,,,0,0,1,0,0,0,1,0,,,,,,,,
BenchmarkTest00943.java,0,CWE-327,,,,0,0,1,0,0,0,1,0,,,,,,,,
BenchmarkTest00944.java,0,CWE-327,,,,0,0,1,0,0,0,1,0,,,,,,,,
BenchmarkTest00945.java,0,CWE-327,CWE-327,1,0,1,0,0,0,1,0,0,0,1679,0.0005036999999999999,221,0.0005525,2,5e-06,0.0010612,1.4235005378723145
BenchmarkTest00946.java,0,CWE-327,CWE-327,1,0,1,0,0,0,1,0,0,0,1620,0.000486,480,0.0012,2,5e-06,0.001691,2.5370683670043945
BenchmarkTest00947.java,0,CWE-90,CWE-90,1,0,1,0,0,0,1,0,0,0,1559,0.0004677,896,0.00224,2,5e-06,0.0027126999999999997,4.505643367767334
BenchmarkTest00948.java,0,CWE-90,CWE-90,1,1,0,1,0,0,0,0,1,0,1643,0.0004929,1090,0.002725,2,5e-06,0.0032229,4.838776588439941
BenchmarkTest00949.java,0,CWE-22,CWE-23,0,0,1,0,0,0,1,0,0,0,1492,0.0004476,834,0.002085,2,5e-06,0.0025375999999999997,4.272136449813843
BenchmarkTest00950.java,0,CWE-22,CWE-23,0,1,1,0,0,0,0,0,0,1,1474,0.0004422,2670,0.006675,2,5e-06,0.0071222,11.575361251831055
BenchmarkTest00951.java,0,CWE-22,CWE-23,0,1,0,1,0,0,0,0,1,0,1680,0.000504,943,0.0023575,2,5e-06,0.0028664999999999997,4.511925220489502
BenchmarkTest00952.java,0,CWE-22,CWE-23,0,0,1,0,0,0,1,0,0,0,1780,0.000534,1552,0.00388,2,5e-06,0.004419,7.125845909118652
BenchmarkTest00953.java,0,CWE-22,CWE-23,0,0,1,0,0,0,1,0,0,0,1562,0.00046859999999999995,1403,0.0035075,2,5e-06,0.0039811,6.478271722793579
BenchmarkTest00954.java,0,CWE-22,CWE-23,0,1,0,1,0,0,0,0,1,0,1612,0.0004836,1195,0.0029875,2,5e-06,0.0034760999999999998,6.82021427154541
BenchmarkTest00955.java,0,CWE-22,CWE-23,0,1,0,1,0,0,0,0,1,0,1518,0.00045539999999999996,1133,0.0028325,2,5e-06,0.0032928999999999996,5.315064191818237
BenchmarkTest00956.java,0,CWE-22,CWE-23,0,0,1,0,0,0,1,0,0,0,1518,0.00045539999999999996,1045,0.0026125,2,5e-06,0.0030728999999999995,5.3004069328308105
BenchmarkTest00957.java,0,CWE-22,CWE-23,0,1,0,1,0,0,0,0,1,0,1774,0.0005321999999999999,1642,0.004105,2,5e-06,0.0046422,7.3855931758880615
BenchmarkTest00958.java,0,CWE-22,CWE-23,0,1,0,1,0,0,0,0,1,0,1841,0.0005522999999999999,1266,0.003165,2,5e-06,0.0037222999999999996,6.2934935092926025
BenchmarkTest00959.java,0,CWE-90,CWE-90,1,0,1,0,0,0,1,0,0,0,1594,0.00047819999999999997,754,0.001885,2,5e-06,0.0023681999999999996,4.791454553604126
BenchmarkTest00960.java,0,CWE-330,CWE-330,1,0,1,0,0,0,1,0,0,0,1726,0.0005177999999999999,434,0.001085,2,5e-06,0.0016078,2.5675551891326904
BenchmarkTest00961.java,0,CWE-328,CWE-916,0,0,1,0,0,0,1,0,0,0,1747,0.0005241,835,0.0020875,2,5e-06,0.0026165999999999997,4.505007028579712
BenchmarkTest00962.java,0,CWE-328,,,,0,0,1,0,0,0,1,0,,,,,,,,
BenchmarkTest00963.java,0,CWE-328,CWE-916,0,0,1,0,0,0,1,0,0,0,1531,0.0004593,1125,0.0028125,2,5e-06,0.0032768,4.9824676513671875
BenchmarkTest00964.java,0,CWE-328,,,,0,0,1,0,0,0,1,0,,,,,,,,
BenchmarkTest00965.java,0,CWE-328,,,,0,0,1,0,0,0,1,0,,,,,,,,
BenchmarkTest00966.java,0,CWE-328,,,,0,0,1,0,0,0,1,0,,,,,,,,
BenchmarkTest00967.java,0,CWE-328,,,,0,0,1,0,0,0,1,0,,,,,,,,
BenchmarkTest00968.java,0,CWE-78,CWE-78,1,0,1,0,0,0,1,0,0,0,1279,0.0003837,1138,0.002845,2,5e-06,0.0032336999999999995,5.0137619972229
BenchmarkTest00969.java,0,CWE-78,CWE-78,1,1,0,1,0,0,0,0,1,0,1633,0.0004898999999999999,1120,0.0028,2,5e-06,0.0032949,4.680605411529541
BenchmarkTest00970.java,0,CWE-78,CWE-78,1,1,0,1,0,0,0,0,1,0,1308,0.0003924,2240,0.0056,2,5e-06,0.0059974,9.942662954330444
BenchmarkTest00971.java,0,CWE-330,CWE-330,1,0,1,0,0,0,1,0,0,0,1637,0.0004911,691,0.0017275,2,5e-06,0.0022236,3.6358206272125244
BenchmarkTest00972.java,0,CWE-330,CWE-330,1,0,1,0,0,0,1,0,0,0,1712,0.0005136,467,0.0011675,2,5e-06,0.0016861,2.452078104019165
BenchmarkTest00973.java,0,CWE-330,CWE-330,1,0,1,0,0,0,1,0,0,0,1559,0.0004677,606,0.001515,2,5e-06,0.0019877,3.5639572143554688
BenchmarkTest00974.java,0,CWE-330,CWE-330,1,0,1,0,0,0,1,0,0,0,1621,0.00048629999999999995,511,0.0012775,2,5e-06,0.0017687999999999998,3.0381357669830322
BenchmarkTest00975.java,0,CWE-330,CWE-330,1,0,1,0,0,0,1,0,0,0,1567,0.0004701,637,0.0015925,2,5e-06,0.0020675999999999997,3.6855456829071045
BenchmarkTest00976.java,0,CWE-330,CWE-330,1,0,1,0,0,0,1,0,0,0,1580,0.000474,525,0.0013125,2,5e-06,0.0017915000000000001,3.0984151363372803
BenchmarkTest00977.java,0,CWE-614,CWE-614,1,0,1,0,0,0,1,0,0,0,1335,0.0004005,787,0.0019675,2,5e-06,0.0023729999999999997,4.032749891281128
BenchmarkTest00978.java,0,CWE-78,CWE-78,1,1,0,1,0,0,0,0,1,0,1707,0.0005121,2205,0.0055125,2,5e-06,0.0060295999999999995,8.848053693771362
BenchmarkTest00979.java,0,CWE-78,CWE-78,1,0,1,0,0,0,1,0,0,0,1448,0.0004344,931,0.0023275,2,5e-06,0.0027669,4.619770526885986
BenchmarkTest00980.java,0,CWE-78,CWE-78,1,0,0,1,0,0,0,1,0,0,1239,0.0003717,2139,0.0053475,2,5e-06,0.0057242,10.429839849472046
BenchmarkTest00981.java,0,CWE-78,CWE-78,1,0,1,0,0,0,1,0,0,0,1390,0.000417,1049,0.0026225,2,5e-06,0.0030444999999999995,4.655206203460693
BenchmarkTest00982.java,0,CWE-78,CWE-78,1,1,0,1,0,0,0,0,1,0,1320,0.000396,1982,0.004955,2,5e-06,0.005356,8.96967101097107
BenchmarkTest00983.java,0,CWE-78,CWE-78,1,0,1,0,0,0,1,0,0,0,1187,0.0003561,2350,0.005875,2,5e-06,0.0062361,11.44792628288269
BenchmarkTest00984.java,0,CWE-330,CWE-330,1,1,0,1,0,0,0,0,1,0,2020,0.000606,1471,0.0036775,2,5e-06,0.0042885,8.055853605270386
BenchmarkTest00985.java,0,CWE-330,CWE-330,1,1,0,1,0,0,0,0,1,0,1735,0.0005205,2661,0.0066525,2,5e-06,0.007178,14.366057634353638
BenchmarkTest00986.java,0,CWE-330,CWE-330,1,1,0,1,0,0,0,0,1,0,1694,0.0005082,1305,0.0032625,2,5e-06,0.0037757,6.912553548812866
BenchmarkTest00987.java,0,CWE-330,,,,0,0,1,0,0,0,1,0,,,,,,,,
BenchmarkTest00988.java,0,CWE-330,,,,0,0,1,0,0,0,1,0,,,,,,,,
BenchmarkTest00989.java,0,CWE-330,,,,0,0,1,0,0,0,1,0,,,,,,,,
BenchmarkTest00990.java,0,CWE-330,,,,0,0,1,0,0,0,1,0,,,,,,,,
BenchmarkTest00996.java,0,CWE-89,CWE-89,1,0,1,0,0,0,1,0,0,0,1254,0.0003762,882,0.002205,2,5e-06,0.0025862,4.4252097606658936
BenchmarkTest00997.java,0,CWE-89,CWE-89,1,0,1,0,0,0,1,0,0,0,1295,0.0003885,1338,0.003345,2,5e-06,0.0037384999999999996,6.335633754730225
BenchmarkTest00998.java,0,CWE-89,CWE-89,1,0,1,0,0,0,1,0,0,0,1249,0.0003747,1026,0.002565,2,5e-06,0.0029446999999999997,5.1676716804504395
BenchmarkTest00999.java,0,CWE-89,CWE-89,1,1,0,1,0,0,0,0,1,0,1262,0.0003786,1685,0.0042125,2,5e-06,0.0045961,7.441119432449341
BenchmarkTest01000.java,0,CWE-89,CWE-89,1,0,1,0,0,0,1,0,0,0,1300,0.00039,1107,0.0027675,2,5e-06,0.0031625,5.750239133834839
BenchmarkTest01001.java,0,CWE-89,CWE-89,1,1,0,1,0,0,0,0,1,0,1203,0.0003609,906,0.002265,2,5e-06,0.0026309,4.508273124694824
BenchmarkTest01002.java,0,CWE-89,CWE-89,1,0,1,0,0,0,1,0,0,0,1211,0.0003633,827,0.0020675,2,5e-06,0.0024357999999999997,4.409790992736816
BenchmarkTest01003.java,0,CWE-89,CWE-89,1,0,1,0,0,0,1,0,0,0,1259,0.00037769999999999997,699,0.0017475,2,5e-06,0.0021301999999999996,3.88132643699646
BenchmarkTest01004.java,0,CWE-89,CWE-89,1,0,1,0,0,0,1,0,0,0,1286,0.0003858,896,0.00224,2,5e-06,0.0026307999999999995,4.271677017211914
BenchmarkTest01005.java,0,CWE-89,CWE-89,1,0,1,0,0,0,1,0,0,0,1271,0.0003813,649,0.0016225,2,5e-06,0.0020088,3.572113275527954
BenchmarkTest01006.java,0,CWE-89,,,,0,0,0,1,0,0,0,1,,,,,,,,
BenchmarkTest01007.java,0,CWE-89,,,,0,0,0,1,0,0,0,1,,,,,,,,
BenchmarkTest01008.java,0,CWE-89,,,,0,0,0,1,0,0,0,1,,,,,,,,
BenchmarkTest01009.java,0,CWE-89,,,,0,0,0,1,0,0,0,1,,,,,,,,
BenchmarkTest01010.java,0,CWE-89,CWE-89,1,1,0,1,0,0,0,0,1,0,1281,0.0003843,922,0.002305,2,5e-06,0.0026943,4.496233224868774
BenchmarkTest01011.java,0,CWE-89,CWE-89,1,0,1,0,0,0,1,0,0,0,1207,0.00036209999999999997,781,0.0019525,2,5e-06,0.0023196,4.420384407043457
BenchmarkTest01012.java,0,CWE-89,CWE-89,1,1,0,1,0,0,0,0,1,0,1243,0.00037289999999999996,1596,0.00399,2,5e-06,0.004367899999999999,7.417485952377319
BenchmarkTest01013.java,0,CWE-643,CWE-643,1,1,0,1,0,0,0,0,1,0,1405,0.0004215,792,0.00198,2,5e-06,0.0024065,4.378844738006592
BenchmarkTest01014.java,0,CWE-643,CWE-643,1,1,0,1,0,0,0,0,1,0,1359,0.0004077,1166,0.002915,2,5e-06,0.0033277,6.384493112564087
BenchmarkTest01015.java,0,CWE-327,CWE-327,1,0,1,0,0,0,1,0,0,0,1826,0.0005478,220,0.00055,2,5e-06,0.0011028,2.1859865188598633
BenchmarkTest01016.java,0,CWE-327,CWE-327,1,0,1,0,0,0,1,0,0,0,2017,0.0006051,186,0.000465,2,5e-06,0.0010751,2.026730537414551
BenchmarkTest01017.java,0,CWE-327,CWE-327,1,0,1,0,0,0,1,0,0,0,2221,0.0006663,208,0.00052,2,5e-06,0.0011913,2.267780065536499
BenchmarkTest01018.java,0,CWE-327,CWE-327,1,0,1,0,0,0,1,0,0,0,1432,0.0004296,274,0.000685,2,5e-06,0.0011196,1.556004524230957
BenchmarkTest01019.java,0,CWE-327,,,,0,0,1,0,0,0,1,0,,,,,,,,
BenchmarkTest01020.java,0,CWE-327,CWE-327,1,0,1,0,0,0,1,0,0,0,1428,0.00042839999999999995,1604,0.00401,2,5e-06,0.004443399999999999,8.109937191009521
BenchmarkTest01021.java,0,CWE-327,,,,0,0,1,0,0,0,1,0,,,,,,,,
BenchmarkTest01022.java,0,CWE-327,,,,0,0,1,0,0,0,1,0,,,,,,,,
BenchmarkTest01023.java,0,CWE-90,CWE-90,1,0,1,0,0,0,1,0,0,0,1367,0.00041009999999999994,934,0.002335,2,5e-06,0.0027500999999999997,4.287309408187866
BenchmarkTest01024.java,0,CWE-90,CWE-90,1,1,0,1,0,0,0,0,1,0,1380,0.000414,803,0.0020075,2,5e-06,0.0024265,4.8227455615997314
BenchmarkTest01025.java,0,CWE-22,CWE-23,0,0,1,0,0,0,1,0,0,0,1335,0.0004005,1243,0.0031075,2,5e-06,0.0035129999999999996,6.007023572921753
BenchmarkTest01026.java,0,CWE-22,CWE-23,0,1,0,1,0,0,0,0,1,0,1644,0.0004932,1364,0.00341,2,5e-06,0.0039082,5.712770223617554
BenchmarkTest01027.java,0,CWE-22,CWE-23,0,1,0,1,0,0,0,0,1,0,1319,0.00039569999999999997,782,0.001955,2,5e-06,0.0023557,3.852280378341675
BenchmarkTest01028.java,0,CWE-22,CWE-23,0,0,0,1,0,0,0,1,0,0,1541,0.00046229999999999996,1234,0.003085,2,5e-06,0.0035523,6.3755481243133545
BenchmarkTest01029.java,0,CWE-22,CWE-23,0,0,1,0,0,0,1,0,0,0,1513,0.0004539,1341,0.0033525,2,5e-06,0.0038114,7.182019472122192
BenchmarkTest01030.java,0,CWE-22,CWE-23,0,1,0,1,0,0,0,0,1,0,1573,0.0004719,1068,0.00267,2,5e-06,0.0031469,4.785146236419678
BenchmarkTest01031.java,0,CWE-22,CWE-23,0,1,0,1,0,0,0,0,1,0,1485,0.0004455,1073,0.0026825,2,5e-06,0.003133,5.205664157867432
BenchmarkTest01032.java,0,CWE-22,CWE-23,0,0,1,0,0,0,1,0,0,0,1382,0.00041459999999999994,670,0.001675,2,5e-06,0.0020946,3.6605215072631836
BenchmarkTest01033.java,0,CWE-22,CWE-23,0,0,1,0,0,0,1,0,0,0,1377,0.00041309999999999996,949,0.0023725,2,5e-06,0.0027906,4.64067816734314
BenchmarkTest01034.java,0,CWE-22,CWE-23,0,0,1,0,0,0,1,0,0,0,1400,0.00042,985,0.0024625,2,5e-06,0.0028874999999999994,4.581455230712891
BenchmarkTest01035.java,0,CWE-22,CWE-23,0,1,0,1,0,0,0,0,1,0,1373,0.0004119,1266,0.003165,2,5e-06,0.0035819,5.948174715042114
BenchmarkTest01036.java,0,CWE-22,CWE-23,0,1,0,1,0,0,0,0,1,0,1636,0.0004908,1192,0.00298,2,5e-06,0.0034758,5.049992322921753
BenchmarkTest01037.java,0,CWE-328,,,,0,0,1,0,0,0,1,0,,,,,,,,
BenchmarkTest01038.java,0,CWE-328,CWE-916,0,0,1,0,0,0,1,0,0,0,1381,0.0004143,375,0.0009375,2,5e-06,0.0013568,2.3181939125061035
BenchmarkTest01039.java,0,CWE-328,,,,0,0,1,0,0,0,1,0,,,,,,,,
BenchmarkTest01040.java,0,CWE-328,,,,0,0,1,0,0,0,1,0,,,,,,,,
BenchmarkTest01041.java,0,CWE-328,,,,0,0,0,1,0,0,0,1,,,,,,,,
BenchmarkTest01042.java,0,CWE-328,,,,0,0,0,1,0,0,0,1,,,,,,,,
BenchmarkTest01043.java,0,CWE-328,,,,0,0,0,1,0,0,0,1,,,,,,,,
BenchmarkTest01044.java,0,CWE-328,,,,0,0,0,1,0,0,0,1,,,,,,,,
BenchmarkTest01045.java,0,CWE-328,,,,0,0,1,0,0,0,1,0,,,,,,,,
BenchmarkTest01046.java,0,CWE-79,CWE-79,1,0,1,0,0,0,1,0,0,0,1550,0.000465,971,0.0024275,2,5e-06,0.0028975,4.442972660064697
BenchmarkTest01047.java,0,CWE-79,CWE-79,1,0,1,0,0,0,1,0,0,0,1493,0.0004479,703,0.0017575,2,5e-06,0.0022103999999999995,4.133397340774536
BenchmarkTest01048.java,0,CWE-79,CWE-79,1,1,0,1,0,0,0,0,1,0,1370,0.000411,2869,0.0071725,2,5e-06,0.0075885,15.015441656112671
BenchmarkTest01049.java,0,CWE-79,CWE-79,1,0,1,0,0,0,1,0,0,0,1440,0.000432,1042,0.002605,2,5e-06,0.003042,5.40073823928833
BenchmarkTest01050.java,0,CWE-79,CWE-79,1,0,1,0,0,0,1,0,0,0,1363,0.00040889999999999996,533,0.0013325,2,5e-06,0.0017464,3.5401835441589355
BenchmarkTest01051.java,0,CWE-79,CWE-79,1,1,0,1,0,0,0,0,1,0,1398,0.0004194,761,0.0019025,2,5e-06,0.0023269,4.722398996353149
BenchmarkTest01052.java,0,CWE-79,CWE-79,1,0,0,1,0,0,0,1,0,0,1434,0.0004302,1187,0.0029675,2,5e-06,0.0034027,6.475335359573364
BenchmarkTest01053.java,0,CWE-79,CWE-79,1,1,0,1,0,0,0,0,1,0,1373,0.0004119,1257,0.0031425,2,5e-06,0.0035594,6.59209132194519
BenchmarkTest01054.java,0,CWE-79,CWE-79,1,1,0,1,0,0,0,0,1,0,1348,0.00040439999999999996,469,0.0011725,2,5e-06,0.0015819,2.5786666870117188
BenchmarkTest01055.java,0,CWE-79,CWE-79,1,0,1,0,0,0,1,0,0,0,1416,0.0004248,667,0.0016675,2,5e-06,0.0020973,3.3838155269622803
BenchmarkTest01056.java,0,CWE-79,CWE-79,1,0,1,0,0,0,1,0,0,0,1405,0.0004215,788,0.00197,2,5e-06,0.0023964999999999998,4.122386455535889
BenchmarkTest01057.java,0,CWE-79,CWE-79,1,0,1,0,0,0,1,0,0,0,1370,0.000411,721,0.0018025,2,5e-06,0.0022185,3.841785192489624
BenchmarkTest01058.java,0,CWE-330,CWE-330,1,0,1,0,0,0,1,0,0,0,1427,0.00042809999999999994,481,0.0012025,2,5e-06,0.0016355999999999999,2.352367877960205
BenchmarkTest01059.java,0,CWE-330,CWE-330,1,0,1,0,0,0,1,0,0,0,1415,0.0004245,512,0.00128,2,5e-06,0.0017095,2.3758370876312256
BenchmarkTest01060.java,0,CWE-330,CWE-330,1,0,1,0,0,0,1,0,0,0,1460,0.000438,662,0.001655,2,5e-06,0.002098,3.309570789337158
BenchmarkTest01061.java,0,CWE-614,CWE-614,1,0,1,0,0,0,1,0,0,0,1189,0.0003567,770,0.001925,2,5e-06,0.0022867,4.082336664199829
BenchmarkTest01062.java,0,CWE-614,,,,0,0,1,0,0,0,1,0,,,,,,,,
BenchmarkTest01063.java,0,CWE-79,CWE-79,1,0,1,0,0,0,1,0,0,0,1683,0.0005049,1383,0.0034575,2,5e-06,0.003967399999999999,6.771745920181274
BenchmarkTest01064.java,0,CWE-78,CWE-78,1,0,1,0,0,0,1,0,0,0,1162,0.00034859999999999996,919,0.0022975,2,5e-06,0.0026511,4.509947299957275
BenchmarkTest01065.java,0,CWE-78,CWE-78,1,1,0,1,0,0,0,0,1,0,1197,0.00035909999999999995,1713,0.0042825,2,5e-06,0.0046466,7.63831353187561
BenchmarkTest01066.java,0,CWE-78,CWE-78,1,0,1,0,0,0,1,0,0,0,1028,0.00030839999999999996,1234,0.003085,2,5e-06,0.0033983999999999998,6.821917533874512
BenchmarkTest01067.java,0,CWE-78,CWE-78,1,0,0,1,0,0,0,1,0,0,1035,0.0003105,1721,0.0043025,2,5e-06,0.004618,9.001170873641968
BenchmarkTest01068.java,0,CWE-78,CWE-78,1,1,0,1,0,0,0,0,1,0,1105,0.0003315,946,0.002365,2,5e-06,0.0027015,4.198503494262695
BenchmarkTest01069.java,0,CWE-330,,,,0,0,1,0,0,0,1,0,,,,,,,,
BenchmarkTest01070.java,0,CWE-330,,,,0,0,1,0,0,0,1,0,,,,,,,,
BenchmarkTest01071.java,0,CWE-330,,,,0,0,1,0,0,0,1,0,,,,,,,,
BenchmarkTest01072.java,0,CWE-330,CWE-330,1,1,0,1,0,0,0,0,1,0,1536,0.0004608,978,0.002445,2,5e-06,0.0029108,5.283968448638916
BenchmarkTest01073.java,0,CWE-330,,,,0,0,1,0,0,0,1,0,,,,,,,,
BenchmarkTest01074.java,0,CWE-330,,,,0,0,1,0,0,0,1,0,,,,,,,,
BenchmarkTest01075.java,0,CWE-330,,,,0,0,1,0,0,0,1,0,,,,,,,,
BenchmarkTest01076.java,0,CWE-330,,,,0,0,1,0,0,0,1,0,,,,,,,,
BenchmarkTest01077.java,0,CWE-330,,,,0,0,1,0,0,0,1,0,,,,,,,,
BenchmarkTest01078.java,0,CWE-330,,,,0,0,1,0,0,0,1,0,,,,,,,,
BenchmarkTest01079.java,0,CWE-330,,,,0,0,1,0,0,0,1,0,,,,,,,,
BenchmarkTest01083.java,0,CWE-89,CWE-89,1,0,1,0,0,0,1,0,0,0,1008,0.0003024,842,0.002105,2,5e-06,0.0024124,4.379974126815796
BenchmarkTest01084.java,0,CWE-89,CWE-89,1,0,1,0,0,0,1,0,0,0,1037,0.00031109999999999997,880,0.0022,2,5e-06,0.0025161,4.0163633823394775
BenchmarkTest01085.java,0,CWE-89,,,,0,0,1,0,0,0,1,0,,,,,,,,
BenchmarkTest01086.java,0,CWE-89,,,,0,0,1,0,0,0,1,0,,,,,,,,
BenchmarkTest01087.java,0,CWE-89,,,,0,0,0,1,0,0,0,1,,,,,,,,
BenchmarkTest01088.java,0,CWE-89,,,,0,0,0,1,0,0,0,1,,,,,,,,
BenchmarkTest01089.java,0,CWE-89,,,,0,0,1,0,0,0,1,0,,,,,,,,
BenchmarkTest01090.java,0,CWE-89,CWE-89,1,0,1,0,0,0,1,0,0,0,1087,0.00032609999999999996,817,0.0020425,2,5e-06,0.0023736,4.798219203948975
BenchmarkTest01091.java,0,CWE-89,CWE-89,1,0,1,0,0,0,1,0,0,0,1034,0.0003102,757,0.0018925,2,5e-06,0.0022077,4.363062858581543
BenchmarkTest01092.java,0,CWE-89,CWE-89,1,1,0,1,0,0,0,0,1,0,1001,0.00030030000000000004,1141,0.0028525,2,5e-06,0.0031577999999999997,5.628836154937744
BenchmarkTest01093.java,0,CWE-89,CWE-89,1,0,1,0,0,0,1,0,0,0,1083,0.0003249,679,0.0016975,2,5e-06,0.0020274,4.125455617904663
BenchmarkTest01094.java,0,CWE-89,CWE-89,1,0,1,0,0,0,1,0,0,0,961,0.0002883,513,0.0012825,2,5e-06,0.0015758,3.178011894226074
BenchmarkTest01095.java,0,CWE-89,CWE-89,1,1,0,1,0,0,0,0,1,0,1004,0.0003012,1532,0.00383,2,5e-06,0.0041362,6.573702096939087
BenchmarkTest01096.java,0,CWE-89,CWE-89,1,1,0,1,0,0,0,0,1,0,1059,0.00031769999999999997,708,0.00177,2,5e-06,0.0020927,3.252537250518799
BenchmarkTest01097.java,0,CWE-89,CWE-89,1,0,1,0,0,0,1,0,0,0,1005,0.0003015,874,0.002185,2,5e-06,0.0024915,4.418648719787598
BenchmarkTest01098.java,0,CWE-89,CWE-89,1,0,0,1,0,0,0,1,0,0,1051,0.0003153,889,0.0022225,2,5e-06,0.0025428,4.110283851623535
BenchmarkTest01099.java,0,CWE-327,CWE-327,1,0,1,0,0,0,1,0,0,0,2001,0.0006002999999999999,220,0.00055,2,5e-06,0.0011553,1.3649394512176514
BenchmarkTest01100.java,0,CWE-327,,,,0,0,1,0,0,0,1,0,,,,,,,,
BenchmarkTest01101.java,0,CWE-327,,,,0,0,1,0,0,0,1,0,,,,,,,,
BenchmarkTest01102.java,0,CWE-327,CWE-327,1,0,1,0,0,0,1,0,0,0,1603,0.0004809,157,0.0003925,2,5e-06,0.0008784,1.4449098110198975
BenchmarkTest01103.java,0,CWE-327,CWE-327,1,0,1,0,0,0,1,0,0,0,1593,0.00047789999999999996,177,0.0004425,2,5e-06,0.0009254,1.6071043014526367
BenchmarkTest01104.java,0,CWE-327,,,,0,0,1,0,0,0,1,0,,,,,,,,
BenchmarkTest01105.java,0,CWE-327,CWE-327,1,0,1,0,0,0,1,0,0,0,1456,0.0004368,217,0.0005425,2,5e-06,0.0009843,1.4168174266815186
BenchmarkTest01106.java,0,CWE-327,CWE-327,1,0,1,0,0,0,1,0,0,0,1472,0.00044159999999999995,512,0.00128,2,5e-06,0.0017266,2.6714723110198975
BenchmarkTest01107.java,0,CWE-327,CWE-327,1,0,1,0,0,0,1,0,0,0,1505,0.0004515,227,0.0005675,2,5e-06,0.001024,1.4033739566802979
BenchmarkTest01108.java,0,CWE-327,,,,0,0,1,0,0,0,1,0,,,,,,,,
BenchmarkTest01109.java,0,CWE-22,CWE-23,0,1,0,1,0,0,0,0,1,0,1715,0.0005145,1605,0.0040125,2,5e-06,0.004532,7.642811298370361
BenchmarkTest01110.java,0,CWE-22,CWE-23,0,1,0,1,0,0,0,0,1,0,1621,0.00048629999999999995,1033,0.0025825,2,5e-06,0.0030738,4.689499855041504
BenchmarkTest01111.java,0,CWE-22,CWE-23,0,0,1,0,0,0,1,0,0,0,1508,0.0004524,940,0.00235,2,5e-06,0.0028074,4.4401586055755615
BenchmarkTest01112.java,0,CWE-22,CWE-23,0,0,1,0,0,0,1,0,0,0,1580,0.000474,838,0.002095,2,5e-06,0.002574,4.277037143707275
BenchmarkTest01113.java,0,CWE-22,CWE-23,0,1,0,1,0,0,0,0,1,0,1552,0.0004656,1448,0.00362,2,5e-06,0.0040906,6.758369445800781
BenchmarkTest01114.java,0,CWE-22,CWE-23,0,1,0,1,0,0,0,0,1,0,1772,0.0005316,2487,0.0062175,2,5e-06,0.0067541,10.403526544570923
BenchmarkTest01115.java,0,CWE-22,CWE-23,0,1,0,1,0,0,0,0,1,0,1767,0.0005301,1558,0.003895,2,5e-06,0.0044301,6.5467188358306885
BenchmarkTest01116.java,0,CWE-22,CWE-23,0,1,1,0,0,0,0,0,0,1,1434,0.0004302,2685,0.0067125,2,5e-06,0.0071477,12.535144329071045
BenchmarkTest01117.java,0,CWE-22,CWE-23,0,0,1,0,0,0,1,0,0,0,1422,0.00042659999999999996,1886,0.004715,2,5e-06,0.0051465999999999994,8.868775129318237
BenchmarkTest01118.java,0,CWE-22,CWE-23,0,1,0,1,0,0,0,0,1,0,1712,0.0005136,814,0.002035,2,5e-06,0.0025535999999999996,4.043393135070801
BenchmarkTest01119.java,0,CWE-330,CWE-330,1,0,1,0,0,0,1,0,0,0,1557,0.00046709999999999997,477,0.0011925,2,5e-06,0.0016646,2.863959312438965
BenchmarkTest01120.java,0,CWE-328,,,,0,0,1,0,0,0,1,0,,,,,,,,
BenchmarkTest01121.java,0,CWE-328,,,,0,0,1,0,0,0,1,0,,,,,,,,
BenchmarkTest01122.java,0,CWE-328,,,,0,0,1,0,0,0,1,0,,,,,,,,
BenchmarkTest01123.java,0,CWE-328,CWE-916,0,0,1,0,0,0,1,0,0,0,1538,0.0004614,1599,0.0039975,2,5e-06,0.0044639,8.492046594619751
BenchmarkTest01124.java,0,CWE-328,,,,0,0,0,1,0,0,0,1,,,,,,,,
BenchmarkTest01125.java,0,CWE-328,,,,0,0,1,0,0,0,1,0,,,,,,,,
BenchmarkTest01126.java,0,CWE-328,,,,0,0,1,0,0,0,1,0,,,,,,,,
BenchmarkTest01127.java,0,CWE-330,CWE-330,1,0,1,0,0,0,1,0,0,0,1484,0.0004452,506,0.001265,2,5e-06,0.0017152,3.2214856147766113
BenchmarkTest01128.java,0,CWE-330,CWE-330,1,0,1,0,0,0,1,0,0,0,1496,0.0004488,496,0.00124,2,5e-06,0.0016938,2.7958335876464844
BenchmarkTest01129.java,0,CWE-330,CWE-330,1,0,1,0,0,0,1,0,0,0,1454,0.0004362,491,0.0012275,2,5e-06,0.0016687000000000002,2.503854274749756
BenchmarkTest01130.java,0,CWE-330,CWE-330,1,0,1,0,0,0,1,0,0,0,1480,0.000444,450,0.001125,2,5e-06,0.0015739999999999999,2.454800605773926
BenchmarkTest01131.java,0,CWE-330,CWE-330,1,0,1,0,0,0,1,0,0,0,1446,0.00043380000000000003,535,0.0013375,2,5e-06,0.0017763,2.62272572517395
BenchmarkTest01132.java,0,CWE-330,CWE-330,1,0,1,0,0,0,1,0,0,0,1525,0.0004575,441,0.0011025,2,5e-06,0.001565,2.2715470790863037
BenchmarkTest01133.java,0,CWE-330,CWE-330,1,0,1,0,0,0,1,0,0,0,1426,0.0004278,645,0.0016125,2,5e-06,0.0020453,3.2720205783843994
BenchmarkTest01134.java,0,CWE-614,CWE-614,1,0,1,0,0,0,1,0,0,0,1288,0.00038639999999999996,440,0.0011,2,5e-06,0.0014914000000000001,2.5559637546539307
BenchmarkTest01135.java,0,CWE-330,,,,0,0,1,0,0,0,1,0,,,,,,,,
BenchmarkTest01136.java,0,CWE-330,,,,0,0,1,0,0,0,1,0,,,,,,,,
BenchmarkTest01137.java,0,CWE-330,,,,0,0,1,0,0,0,1,0,,,,,,,,
BenchmarkTest01138.java,0,CWE-330,,,,0,0,1,0,0,0,1,0,,,,,,,,
BenchmarkTest01139.java,0,CWE-330,,,,0,0,1,0,0,0,1,0,,,,,,,,
BenchmarkTest01140.java,0,CWE-330,,,,0,0,1,0,0,0,1,0,,,,,,,,
BenchmarkTest01141.java,0,CWE-330,,,,0,0,1,0,0,0,1,0,,,,,,,,
BenchmarkTest01147.java,0,CWE-327,,,,0,0,1,0,0,0,1,0,,,,,,,,
BenchmarkTest01148.java,0,CWE-327,CWE-327,1,0,1,0,0,0,1,0,0,0,1914,0.0005742,255,0.0006375,2,5e-06,0.0012167,1.4617373943328857
BenchmarkTest01149.java,0,CWE-327,CWE-327,1,0,1,0,0,0,1,0,0,0,1980,0.000594,266,0.000665,2,5e-06,0.0012640000000000001,1.6079919338226318
BenchmarkTest01150.java,0,CWE-327,CWE-327,1,0,1,0,0,0,1,0,0,0,1511,0.0004533,232,0.00058,2,5e-06,0.0010383,1.6329872608184814
BenchmarkTest01151.java,0,CWE-327,,,,0,0,1,0,0,0,1,0,,,,,,,,
BenchmarkTest01152.java,0,CWE-327,,,,0,0,1,0,0,0,1,0,,,,,,,,
BenchmarkTest01153.java,0,CWE-327,,,,0,0,1,0,0,0,1,0,,,,,,,,
BenchmarkTest01154.java,0,CWE-90,CWE-90,1,1,0,1,0,0,0,0,1,0,1448,0.0004344,2287,0.0057175,2,5e-06,0.0061569,11.42594861984253
BenchmarkTest01155.java,0,CWE-22,CWE-23,0,0,1,0,0,0,1,0,0,0,1382,0.00041459999999999994,1116,0.00279,2,5e-06,0.0032095999999999995,5.369833946228027
BenchmarkTest01156.java,0,CWE-22,CWE-23,0,0,1,0,0,0,1,0,0,0,1591,0.00047729999999999995,1126,0.002815,2,5e-06,0.0032972999999999995,5.190089225769043
BenchmarkTest01157.java,0,CWE-22,CWE-23,0,0,1,0,0,0,1,0,0,0,1575,0.0004725,967,0.0024175,2,5e-06,0.0028949999999999996,5.111535549163818
BenchmarkTest01158.java,0,CWE-22,CWE-23,0,1,0,1,0,0,0,0,1,0,1502,0.00045059999999999995,1473,0.0036825,2,5e-06,0.0041381,6.6370978355407715
BenchmarkTest01159.java,0,CWE-22,CWE-23,0,1,0,1,0,0,0,0,1,0,1780,0.000534,2179,0.0054475,2,5e-06,0.0059865,9.126172304153442
BenchmarkTest01160.java,0,CWE-22,CWE-23,0,1,0,1,0,0,0,0,1,0,1396,0.0004188,2898,0.007245,2,5e-06,0.0076688,13.682660341262817
BenchmarkTest01161.java,0,CWE-22,CWE-23,0,0,1,0,0,0,1,0,0,0,1428,0.00042839999999999995,903,0.0022575,2,5e-06,0.0026908999999999995,4.162784576416016
BenchmarkTest01162.java,0,CWE-330,CWE-330,1,0,1,0,0,0,1,0,0,0,1535,0.0004605,431,0.0010775,2,5e-06,0.0015429999999999999,2.246917486190796
BenchmarkTest01163.java,0,CWE-330,CWE-330,1,0,1,0,0,0,1,0,0,0,1439,0.0004317,528,0.00132,2,5e-06,0.0017567,3.8781816959381104
BenchmarkTest01164.java,0,CWE-328,,,,0,0,1,0,0,0,1,0,,,,,,,,
BenchmarkTest01165.java,0,CWE-328,CWE-916,0,0,1,0,0,0,1,0,0,0,1780,0.000534,1214,0.003035,2,5e-06,0.003574,6.556810617446899
BenchmarkTest01166.java,0,CWE-328,CWE-916,0,0,1,0,0,0,1,0,0,0,1492,0.0004476,480,0.0012,2,5e-06,0.0016526,3.4019980430603027
BenchmarkTest01167.java,0,CWE-328,CWE-916,0,0,1,0,0,0,1,0,0,0,1447,0.0004341,586,0.001465,2,5e-06,0.0019041,4.187042236328125
BenchmarkTest01168.java,0,CWE-328,,,,0,0,0,1,0,0,0,1,,,,,,,,
BenchmarkTest01169.java,0,CWE-328,,,,0,0,1,0,0,0,1,0,,,,,,,,
BenchmarkTest01170.java,0,CWE-328,,,,0,0,1,0,0,0,1,0,,,,,,,,
BenchmarkTest01171.java,0,CWE-79,CWE-79,1,0,1,0,0,0,1,0,0,0,1446,0.00043380000000000003,1194,0.002985,2,5e-06,0.0034237999999999994,5.885905504226685
BenchmarkTest01172.java,0,CWE-79,CWE-79,1,0,1,0,0,0,1,0,0,0,1494,0.0004482,846,0.002115,2,5e-06,0.0025682,5.125755548477173
BenchmarkTest01173.java,0,CWE-79,CWE-79,1,0,1,0,0,0,1,0,0,0,1430,0.000429,871,0.0021775,2,5e-06,0.0026115,4.315218687057495
BenchmarkTest01174.java,0,CWE-79,CWE-79,1,0,1,0,0,0,1,0,0,0,1385,0.0004155,1082,0.002705,2,5e-06,0.0031255,6.546276807785034
BenchmarkTest01175.java,0,CWE-79,CWE-79,1,0,0,1,0,0,0,1,0,0,1400,0.00042,1957,0.0048925,2,5e-06,0.0053175,10.138373136520386
BenchmarkTest01176.java,0,CWE-79,CWE-79,1,1,0,1,0,0,0,0,1,0,1483,0.00044489999999999997,1093,0.0027325,2,5e-06,0.0031823999999999997,4.902681112289429
BenchmarkTest01177.java,0,CWE-79,CWE-79,1,0,1,0,0,0,1,0,0,0,1490,0.000447,803,0.0020075,2,5e-06,0.0024595,4.112176179885864
BenchmarkTest01178.java,0,CWE-79,CWE-79,1,0,1,0,0,0,1,0,0,0,1379,0.00041369999999999997,778,0.001945,2,5e-06,0.0023637,3.9319217205047607
BenchmarkTest01179.java,0,CWE-79,CWE-79,1,0,1,0,0,0,1,0,0,0,1364,0.00040919999999999997,745,0.0018625,2,5e-06,0.0022766999999999996,3.762526273727417
BenchmarkTest01180.java,0,CWE-79,CWE-79,1,1,0,1,0,0,0,0,1,0,1451,0.0004353,671,0.0016775,2,5e-06,0.0021177999999999995,3.7025046348571777
BenchmarkTest01181.java,0,CWE-79,CWE-79,1,0,1,0,0,0,1,0,0,0,1420,0.000426,998,0.002495,2,5e-06,0.0029259999999999998,4.90074896812439
BenchmarkTest01182.java,0,CWE-78,CWE-78,1,0,0,1,0,0,0,1,0,0,1185,0.0003555,972,0.00243,2,5e-06,0.0027904999999999996,4.189416885375977
BenchmarkTest01183.java,0,CWE-330,CWE-330,1,0,1,0,0,0,1,0,0,0,1502,0.00045059999999999995,660,0.00165,2,5e-06,0.0021055999999999996,3.1417927742004395
BenchmarkTest01184.java,0,CWE-330,CWE-330,1,0,1,0,0,0,1,0,0,0,1403,0.0004209,502,0.001255,2,5e-06,0.0016809000000000001,2.8440980911254883
BenchmarkTest01185.java,0,CWE-614,CWE-614,1,0,1,0,0,0,1,0,0,0,1204,0.0003612,305,0.0007625,2,5e-06,0.0011287,1.6268036365509033
BenchmarkTest01186.java,0,CWE-614,CWE-614,1,0,1,0,0,0,1,0,0,0,1136,0.0003408,491,0.0012275,2,5e-06,0.0015733000000000001,2.5810203552246094
BenchmarkTest01187.java,0,CWE-614,CWE-614,1,0,1,0,0,0,1,0,0,0,1137,0.00034109999999999994,483,0.0012075,2,5e-06,0.0015536,3.0773727893829346
BenchmarkTest01188.java,0,CWE-79,CWE-79,1,1,0,1,0,0,0,0,1,0,1368,0.0004104,1126,0.002815,2,5e-06,0.0032303999999999996,5.963456153869629
BenchmarkTest01189.java,0,CWE-78,CWE-78,1,1,0,1,0,0,0,0,1,0,1211,0.0003633,1974,0.004935,2,5e-06,0.0053033,8.715386867523193
BenchmarkTest01190.java,0,CWE-78,CWE-78,1,0,1,0,0,0,1,0,0,0,1014,0.00030419999999999997,4030,0.010075,2,5e-06,0.0103842,19.69972801208496
BenchmarkTest01191.java,0,CWE-78,CWE-78,1,0,1,0,0,0,1,0,0,0,1015,0.0003045,1285,0.0032125,2,5e-06,0.003522,6.33823037147522
BenchmarkTest01192.java,0,CWE-78,CWE-78,1,0,1,0,0,0,1,0,0,0,1020,0.000306,2918,0.007295,2,5e-06,0.007606,14.156678199768066
BenchmarkTest01193.java,0,CWE-78,CWE-78,1,1,0,1,0,0,0,0,1,0,1225,0.0003675,1350,0.003375,2,5e-06,0.0037475,5.711137294769287
BenchmarkTest01194.java,0,CWE-78,CWE-78,1,0,1,0,0,0,1,0,0,0,1172,0.0003516,696,0.00174,2,5e-06,0.0020965999999999997,3.6863839626312256
BenchmarkTest01195.java,0,CWE-330,,,,0,0,1,0,0,0,1,0,,,,,,,,
BenchmarkTest01196.java,0,CWE-330,CWE-330,1,1,0,1,0,0,0,0,1,0,1496,0.0004488,686,0.001715,2,5e-06,0.0021688,4.309952735900879
BenchmarkTest01197.java,0,CWE-330,,,,0,0,1,0,0,0,1,0,,,,,,,,
BenchmarkTest01198.java,0,CWE-330,,,,0,0,1,0,0,0,1,0,,,,,,,,
BenchmarkTest01199.java,0,CWE-330,,,,0,0,1,0,0,0,1,0,,,,,,,,
BenchmarkTest01200.java,0,CWE-330,,,,0,0,1,0,0,0,1,0,,,,,,,,
BenchmarkTest01201.java,0,CWE-330,,,,0,0,1,0,0,0,1,0,,,,,,,,
BenchmarkTest01202.java,0,CWE-330,,,,0,0,1,0,0,0,1,0,,,,,,,,
BenchmarkTest01208.java,0,CWE-89,CWE-89,1,0,1,0,0,0,1,0,0,0,1063,0.0003189,756,0.00189,2,5e-06,0.0022138999999999995,4.396456480026245
BenchmarkTest01209.java,0,CWE-89,CWE-89,1,0,1,0,0,0,1,0,0,0,1085,0.0003255,658,0.001645,2,5e-06,0.0019755,4.1457602977752686
BenchmarkTest01210.java,0,CWE-89,CWE-89,1,0,1,0,0,0,1,0,0,0,1144,0.0003432,757,0.0018925,2,5e-06,0.0022407,3.4604549407958984
BenchmarkTest01211.java,0,CWE-89,CWE-89,1,0,1,0,0,0,1,0,0,0,1039,0.0003117,932,0.00233,2,5e-06,0.0026466999999999997,4.747101068496704
BenchmarkTest01212.java,0,CWE-89,CWE-89,1,1,0,1,0,0,0,0,1,0,1092,0.00032759999999999994,1217,0.0030425,2,5e-06,0.0033751,5.642188787460327
BenchmarkTest01213.java,0,CWE-89,CWE-89,1,1,0,1,0,0,0,0,1,0,1045,0.0003135,772,0.00193,2,5e-06,0.0022484999999999996,4.0337793827056885
BenchmarkTest01214.java,0,CWE-89,CWE-89,1,0,1,0,0,0,1,0,0,0,1096,0.0003288,787,0.0019675,2,5e-06,0.0023013,4.2846527099609375
BenchmarkTest01215.java,0,CWE-89,,,,0,0,1,0,0,0,1,0,,,,,,,,
BenchmarkTest01216.java,0,CWE-89,CWE-89,1,1,0,1,0,0,0,0,1,0,1065,0.0003195,1751,0.0043775,2,5e-06,0.0047020000000000005,8.065974950790405
BenchmarkTest01217.java,0,CWE-89,CWE-89,1,1,0,1,0,0,0,0,1,0,1343,0.0004029,3181,0.0079525,2,5e-06,0.008360399999999999,15.71568775177002
BenchmarkTest01218.java,0,CWE-89,CWE-89,1,1,0,1,0,0,0,0,1,0,1024,0.0003072,865,0.0021625,2,5e-06,0.0024747,4.097338438034058
BenchmarkTest01219.java,0,CWE-89,CWE-89,1,1,0,1,0,0,0,0,1,0,1121,0.0003363,1032,0.00258,2,5e-06,0.0029212999999999995,6.012773752212524
BenchmarkTest01220.java,0,CWE-89,CWE-89,1,1,0,1,0,0,0,0,1,0,1009,0.0003027,644,0.00161,2,5e-06,0.0019177,3.2234809398651123
BenchmarkTest01221.java,0,CWE-89,CWE-89,1,0,1,0,0,0,1,0,0,0,1052,0.0003156,857,0.0021425,2,5e-06,0.0024630999999999998,4.51284646987915
BenchmarkTest01222.java,0,CWE-89,CWE-89,1,0,1,0,0,0,1,0,0,0,1104,0.0003312,831,0.0020775,2,5e-06,0.0024136999999999995,3.8424670696258545
BenchmarkTest01223.java,0,CWE-643,CWE-643,1,0,1,0,0,0,1,0,0,0,1303,0.00039089999999999996,983,0.0024575,2,5e-06,0.0028534,4.39933705329895
BenchmarkTest01224.java,0,CWE-643,CWE-643,1,0,1,0,0,0,1,0,0,0,1160,0.000348,836,0.00209,2,5e-06,0.002443,4.012447357177734
BenchmarkTest01225.java,0,CWE-643,CWE-643,1,1,0,1,0,0,0,0,1,0,1117,0.00033509999999999996,650,0.001625,2,5e-06,0.0019650999999999996,4.117615461349487
BenchmarkTest01226.java,0,CWE-327,,,,0,0,1,0,0,0,1,0,,,,,,,,
BenchmarkTest01227.java,0,CWE-327,,,,0,0,1,0,0,0,1,0,,,,,,,,
BenchmarkTest01228.java,0,CWE-327,CWE-327,1,0,1,0,0,0,1,0,0,0,1380,0.000414,198,0.000495,2,5e-06,0.000914,2.164641857147217
BenchmarkTest01229.java,0,CWE-327,CWE-327,1,0,1,0,0,0,1,0,0,0,1418,0.0004254,333,0.0008325,2,5e-06,0.0012629,2.731367826461792
BenchmarkTest01230.java,0,CWE-327,CWE-327,1,0,1,0,0,0,1,0,0,0,1387,0.0004161,244,0.00061,2,5e-06,0.0010310999999999999,2.4676942825317383
BenchmarkTest01231.java,0,CWE-22,CWE-23,0,0,1,0,0,0,1,0,0,0,1397,0.00041909999999999994,761,0.0019025,2,5e-06,0.0023266,4.969301223754883
BenchmarkTest01232.java,0,CWE-22,CWE-23,0,0,1,0,0,0,1,0,0,0,1312,0.00039359999999999997,948,0.00237,2,5e-06,0.0027686,5.310180902481079
BenchmarkTest01233.java,0,CWE-22,CWE-23,0,1,0,1,0,0,0,0,1,0,1378,0.00041339999999999997,904,0.00226,2,5e-06,0.0026783999999999996,4.232396841049194
BenchmarkTest01234.java,0,CWE-22,CWE-23,0,0,1,0,0,0,1,0,0,0,1303,0.00039089999999999996,1132,0.00283,2,5e-06,0.0032259,5.344361782073975
BenchmarkTest01235.java,0,CWE-22,CWE-23,0,0,1,0,0,0,1,0,0,0,1542,0.00046259999999999997,990,0.002475,2,5e-06,0.0029426,4.758801221847534
BenchmarkTest01236.java,0,CWE-22,CWE-23,0,0,1,0,0,0,1,0,0,0,1457,0.00043709999999999995,1206,0.003015,2,5e-06,0.0034570999999999994,5.90114688873291
BenchmarkTest01237.java,0,CWE-22,CWE-23,0,1,0,1,0,0,0,0,1,0,1463,0.0004389,761,0.0019025,2,5e-06,0.0023464,3.750825881958008
BenchmarkTest01238.java,0,CWE-22,CWE-23,0,0,1,0,0,0,1,0,0,0,1389,0.0004167,948,0.00237,2,5e-06,0.0027917,4.536832332611084
BenchmarkTest01239.java,0,CWE-22,CWE-23,0,1,0,1,0,0,0,0,1,0,1341,0.0004023,966,0.002415,2,5e-06,0.0028223,5.203581809997559
BenchmarkTest01240.java,0,CWE-22,CWE-23,0,1,0,1,0,0,0,0,1,0,1390,0.000417,949,0.0023725,2,5e-06,0.0027944999999999997,4.502483606338501
BenchmarkTest01241.java,0,CWE-90,CWE-90,1,0,1,0,0,0,1,0,0,0,1404,0.0004212,504,0.00126,2,5e-06,0.0016862000000000001,2.9355998039245605
BenchmarkTest01242.java,0,CWE-90,CWE-90,1,0,1,0,0,0,1,0,0,0,1365,0.0004095,536,0.00134,2,5e-06,0.0017545,2.9848272800445557
BenchmarkTest01243.java,0,CWE-90,CWE-90,1,0,1,0,0,0,1,0,0,0,1341,0.0004023,681,0.0017025,2,5e-06,0.0021098,3.1893045902252197
BenchmarkTest01244.java,0,CWE-328,CWE-916,0,0,1,0,0,0,1,0,0,0,1446,0.00043380000000000003,703,0.0017575,2,5e-06,0.0021963,3.7579259872436523
BenchmarkTest01245.java,0,CWE-328,,,,0,0,1,0,0,0,1,0,,,,,,,,
BenchmarkTest01246.java,0,CWE-328,CWE-916,0,0,1,0,0,0,1,0,0,0,1479,0.0004437,726,0.001815,2,5e-06,0.0022636999999999996,4.5540525913238525
BenchmarkTest01247.java,0,CWE-328,CWE-916,0,0,1,0,0,0,1,0,0,0,1326,0.0003978,540,0.00135,2,5e-06,0.0017528,3.218024253845215
BenchmarkTest01248.java,0,CWE-328,,,,0,0,0,1,0,0,0,1,,,,,,,,
BenchmarkTest01249.java,0,CWE-328,,,,0,0,1,0,0,0,1,0,,,,,,,,
BenchmarkTest01250.java,0,CWE-328,,,,0,0,1,0,0,0,1,0,,,,,,,,
BenchmarkTest01251.java,0,CWE-79,CWE-79,1,1,0,1,0,0,0,0,1,0,1402,0.0004206,735,0.0018375,2,5e-06,0.0022630999999999997,3.963958501815796
BenchmarkTest01252.java,0,CWE-79,CWE-79,1,1,0,1,0,0,0,0,1,0,1433,0.0004299,722,0.001805,2,5e-06,0.0022398999999999995,4.436691045761108
BenchmarkTest01253.java,0,CWE-79,CWE-79,1,0,1,0,0,0,1,0,0,0,1438,0.00043139999999999997,867,0.0021675,2,5e-06,0.0026039,4.5368804931640625
BenchmarkTest01254.java,0,CWE-79,CWE-79,1,0,1,0,0,0,1,0,0,0,1648,0.0004944,1539,0.0038475,2,5e-06,0.0043469,7.305631637573242
BenchmarkTest01255.java,0,CWE-79,CWE-79,1,1,0,1,0,0,0,0,1,0,1325,0.0003975,695,0.0017375,2,5e-06,0.0021399999999999995,3.911125659942627
BenchmarkTest01256.java,0,CWE-79,CWE-79,1,1,0,1,0,0,0,0,1,0,1407,0.00042209999999999996,814,0.002035,2,5e-06,0.0024620999999999996,4.3640148639678955
BenchmarkTest01257.java,0,CWE-79,CWE-79,1,0,1,0,0,0,1,0,0,0,1339,0.0004017,750,0.001875,2,5e-06,0.0022817,5.006574392318726
BenchmarkTest01258.java,0,CWE-79,CWE-79,1,0,1,0,0,0,1,0,0,0,1405,0.0004215,832,0.00208,2,5e-06,0.0025064999999999996,5.609936714172363
BenchmarkTest01259.java,0,CWE-79,CWE-79,1,0,1,0,0,0,1,0,0,0,1448,0.0004344,605,0.0015125,2,5e-06,0.0019519,3.8028409481048584
BenchmarkTest01260.java,0,CWE-79,CWE-79,1,0,1,0,0,0,1,0,0,0,1348,0.00040439999999999996,847,0.0021175,2,5e-06,0.0025269,5.085660934448242
BenchmarkTest01261.java,0,CWE-79,CWE-79,1,0,1,0,0,0,1,0,0,0,1648,0.0004944,1353,0.0033825,2,5e-06,0.0038818999999999998,6.925569534301758
BenchmarkTest01262.java,0,CWE-79,CWE-79,1,0,1,0,0,0,1,0,0,0,1344,0.0004032,703,0.0017575,2,5e-06,0.0021656999999999996,4.238365888595581
BenchmarkTest01263.java,0,CWE-79,CWE-79,1,0,1,0,0,0,1,0,0,0,1413,0.0004239,582,0.001455,2,5e-06,0.0018839,3.205146551132202
BenchmarkTest01264.java,0,CWE-79,CWE-79,1,1,0,1,0,0,0,0,1,0,1318,0.00039539999999999996,384,0.00096,2,5e-06,0.0013604,2.1361424922943115
BenchmarkTest01265.java,0,CWE-79,CWE-79,1,1,0,1,0,0,0,0,1,0,1380,0.000414,735,0.0018375,2,5e-06,0.0022565,3.5438148975372314
BenchmarkTest01266.java,0,CWE-79,CWE-79,1,0,1,0,0,0,1,0,0,0,1353,0.0004059,804,0.00201,2,5e-06,0.0024208999999999997,4.226037263870239
BenchmarkTest01267.java,0,CWE-79,CWE-79,1,0,1,0,0,0,1,0,0,0,1423,0.00042689999999999997,717,0.0017925,2,5e-06,0.0022243999999999996,3.3174757957458496
BenchmarkTest01268.java,0,CWE-79,CWE-79,1,0,1,0,0,0,1,0,0,0,1679,0.0005036999999999999,1572,0.00393,2,5e-06,0.0044387,7.529785871505737
BenchmarkTest01269.java,0,CWE-78,CWE-78,1,1,0,1,0,0,0,0,1,0,1085,0.0003255,609,0.0015225,2,5e-06,0.001853,3.1464576721191406
BenchmarkTest01270.java,0,CWE-78,CWE-78,1,0,1,0,0,0,1,0,0,0,1077,0.00032309999999999994,975,0.0024375,2,5e-06,0.0027655999999999996,4.635536432266235
BenchmarkTest01271.java,0,CWE-330,CWE-330,1,0,1,0,0,0,1,0,0,0,1683,0.0005049,453,0.0011325,2,5e-06,0.0016424,2.4917919635772705
BenchmarkTest01272.java,0,CWE-330,CWE-330,1,0,1,0,0,0,1,0,0,0,1340,0.000402,514,0.001285,2,5e-06,0.001692,2.8944950103759766
BenchmarkTest01273.java,0,CWE-330,CWE-330,1,0,1,0,0,0,1,0,0,0,1363,0.00040889999999999996,462,0.001155,2,5e-06,0.0015689,2.597532272338867
BenchmarkTest01274.java,0,CWE-330,CWE-330,1,0,1,0,0,0,1,0,0,0,1320,0.000396,732,0.00183,2,5e-06,0.002231,4.0993053913116455
BenchmarkTest01275.java,0,CWE-330,CWE-330,1,0,1,0,0,0,1,0,0,0,1349,0.00040469999999999997,533,0.0013325,2,5e-06,0.0017422,5.157222032546997
BenchmarkTest01276.java,0,CWE-330,CWE-330,1,0,1,0,0,0,1,0,0,0,1656,0.0004967999999999999,519,0.0012975,2,5e-06,0.0017993,2.5072999000549316
BenchmarkTest01277.java,0,CWE-330,CWE-330,1,0,1,0,0,0,1,0,0,0,1353,0.0004059,546,0.001365,2,5e-06,0.0017759,2.8883707523345947
BenchmarkTest01278.java,0,CWE-330,CWE-330,1,0,1,0,0,0,1,0,0,0,1357,0.0004071,736,0.00184,2,5e-06,0.0022521,4.208358287811279
BenchmarkTest01279.java,0,CWE-330,CWE-330,1,0,1,0,0,0,1,0,0,0,1361,0.0004083,536,0.00134,2,5e-06,0.0017533,3.0899622440338135
BenchmarkTest01280.java,0,CWE-614,CWE-614,1,0,1,0,0,0,1,0,0,0,1128,0.0003384,353,0.0008825,2,5e-06,0.0012259,2.1166419982910156
BenchmarkTest01281.java,0,CWE-614,CWE-614,1,0,1,0,0,0,1,0,0,0,1092,0.00032759999999999994,334,0.000835,2,5e-06,0.0011676,2.080519199371338
BenchmarkTest01282.java,0,CWE-614,CWE-614,1,0,1,0,0,0,1,0,0,0,1117,0.00033509999999999996,276,0.00069,2,5e-06,0.0010301,2.0342249870300293
BenchmarkTest01283.java,0,CWE-614,CWE-614,1,0,1,0,0,0,1,0,0,0,1119,0.0003357,531,0.0013275,2,5e-06,0.0016681999999999999,3.509032964706421
BenchmarkTest01284.java,0,CWE-79,CWE-79,1,0,1,0,0,0,1,0,0,0,1394,0.0004182,684,0.00171,2,5e-06,0.0021331999999999996,3.8146286010742188
BenchmarkTest01285.java,0,CWE-78,CWE-78,1,0,1,0,0,0,1,0,0,0,1089,0.00032669999999999997,779,0.0019475,2,5e-06,0.0022792,4.232547044754028
BenchmarkTest01286.java,0,CWE-78,CWE-78,1,0,1,0,0,0,1,0,0,0,1210,0.000363,1186,0.002965,2,5e-06,0.003333,6.172405242919922
BenchmarkTest01287.java,0,CWE-78,CWE-78,1,0,1,0,0,0,1,0,0,0,996,0.0002988,1353,0.0033825,2,5e-06,0.0036863,7.549276113510132
BenchmarkTest01288.java,0,CWE-78,CWE-78,1,0,1,0,0,0,1,0,0,0,1063,0.0003189,2739,0.0068475,2,5e-06,0.0071714,14.100258350372314
BenchmarkTest01289.java,0,CWE-78,CWE-78,1,0,0,1,0,0,0,1,0,0,1103,0.00033089999999999997,910,0.002275,2,5e-06,0.0026108999999999998,4.584902286529541
BenchmarkTest01290.java,0,CWE-78,CWE-78,1,1,0,1,0,0,0,0,1,0,961,0.0002883,1929,0.0048225,2,5e-06,0.0051158,9.418696641921997
BenchmarkTest01291.java,0,CWE-330,,,,0,0,1,0,0,0,1,0,,,,,,,,
BenchmarkTest01292.java,0,CWE-330,,,,0,0,1,0,0,0,1,0,,,,,,,,
BenchmarkTest01293.java,0,CWE-330,,,,0,0,1,0,0,0,1,0,,,,,,,,
BenchmarkTest01294.java,0,CWE-330,,,,0,0,1,0,0,0,1,0,,,,,,,,
BenchmarkTest01295.java,0,CWE-330,,,,0,0,1,0,0,0,1,0,,,,,,,,
BenchmarkTest01296.java,0,CWE-330,,,,0,0,1,0,0,0,1,0,,,,,,,,
BenchmarkTest01297.java,0,CWE-330,,,,0,0,1,0,0,0,1,0,,,,,,,,
BenchmarkTest01298.java,0,CWE-330,,,,0,0,1,0,0,0,1,0,,,,,,,,
BenchmarkTest01301.java,0,CWE-89,CWE-89,1,1,0,1,0,0,0,0,1,0,1331,0.0003993,1267,0.0031675,2,5e-06,0.0035718,6.180176258087158
BenchmarkTest01302.java,0,CWE-89,CWE-89,1,0,1,0,0,0,1,0,0,0,1057,0.00031709999999999996,670,0.001675,2,5e-06,0.0019971,4.070632457733154
BenchmarkTest01303.java,0,CWE-89,CWE-89,1,1,0,1,0,0,0,0,1,0,1043,0.00031289999999999996,1392,0.00348,2,5e-06,0.0037979,6.760567903518677
BenchmarkTest01304.java,0,CWE-89,CWE-89,1,0,1,0,0,0,1,0,0,0,1075,0.0003225,535,0.0013375,2,5e-06,0.001665,3.316272735595703
BenchmarkTest01305.java,0,CWE-89,CWE-89,1,1,0,1,0,0,0,0,1,0,999,0.00029969999999999997,750,0.001875,2,5e-06,0.0021796999999999997,3.7400333881378174
BenchmarkTest01306.java,0,CWE-89,CWE-89,1,0,1,0,0,0,1,0,0,0,1026,0.0003078,692,0.00173,2,5e-06,0.0020428,3.3418779373168945
BenchmarkTest01307.java,0,CWE-89,CWE-89,1,1,0,1,0,0,0,0,1,0,999,0.00029969999999999997,796,0.00199,2,5e-06,0.0022946999999999998,3.887308120727539
BenchmarkTest01308.java,0,CWE-89,,,,0,0,0,1,0,0,0,1,,,,,,,,
BenchmarkTest01309.java,0,CWE-89,,,,0,0,1,0,0,0,1,0,,,,,,,,
BenchmarkTest01310.java,0,CWE-89,CWE-89,1,1,0,1,0,0,0,0,1,0,1006,0.0003018,846,0.002115,2,5e-06,0.0024218,4.000427007675171
BenchmarkTest01311.java,0,CWE-89,CWE-89,1,0,1,0,0,0,1,0,0,0,963,0.0002889,826,0.002065,2,5e-06,0.0023588999999999997,4.058198690414429
BenchmarkTest01312.java,0,CWE-89,CWE-89,1,0,1,0,0,0,1,0,0,0,1061,0.0003183,504,0.00126,2,5e-06,0.0015833,2.650265693664551
BenchmarkTest01313.java,0,CWE-89,CWE-89,1,0,1,0,0,0,1,0,0,0,1006,0.0003018,612,0.00153,2,5e-06,0.0018368,3.2767860889434814
BenchmarkTest01314.java,0,CWE-89,CWE-89,1,0,1,0,0,0,1,0,0,0,967,0.00029009999999999995,512,0.00128,2,5e-06,0.0015751,2.4456770420074463
BenchmarkTest01315.java,0,CWE-89,CWE-89,1,1,0,1,0,0,0,0,1,0,975,0.0002925,692,0.00173,2,5e-06,0.0020275,3.6339361667633057
BenchmarkTest01316.java,0,CWE-643,CWE-643,1,0,1,0,0,0,1,0,0,0,1075,0.0003225,690,0.001725,2,5e-06,0.0020524999999999996,3.778928279876709
BenchmarkTest01317.java,0,CWE-327,CWE-327,1,0,1,0,0,0,1,0,0,0,1879,0.0005636999999999999,307,0.0007675,2,5e-06,0.0013361999999999998,1.812058925628662
BenchmarkTest01318.java,0,CWE-327,CWE-327,1,0,1,0,0,0,1,0,0,0,2161,0.0006483,338,0.000845,2,5e-06,0.0014983,2.3721489906311035
BenchmarkTest01319.java,0,CWE-327,,,,0,0,1,0,0,0,1,0,,,,,,,,
BenchmarkTest01320.java,0,CWE-327,CWE-327,1,0,1,0,0,0,1,0,0,0,1936,0.0005807999999999999,250,0.000625,2,5e-06,0.0012108,1.6704437732696533
BenchmarkTest01321.java,0,CWE-327,,,,0,0,1,0,0,0,1,0,,,,,,,,
BenchmarkTest01322.java,0,CWE-327,CWE-327,1,0,1,0,0,0,1,0,0,0,1421,0.0004263,212,0.00053,2,5e-06,0.0009613,1.5873119831085205
BenchmarkTest01323.java,0,CWE-327,CWE-327,1,0,1,0,0,0,1,0,0,0,1541,0.00046229999999999996,299,0.0007475,2,5e-06,0.0012148,2.129722833633423
BenchmarkTest01324.java,0,CWE-327,,,,0,0,1,0,0,0,1,0,,,,,,,,
BenchmarkTest01325.java,0,CWE-327,CWE-327,1,0,1,0,0,0,1,0,0,0,1573,0.0004719,483,0.0012075,2,5e-06,0.0016844,2.6703805923461914
BenchmarkTest01326.java,0,CWE-90,CWE-90,1,0,1,0,0,0,1,0,0,0,1410,0.000423,953,0.0023825,2,5e-06,0.0028104999999999996,6.055351257324219
BenchmarkTest01327.java,0,CWE-90,CWE-90,1,1,0,1,0,0,0,0,1,0,1487,0.00044609999999999995,1479,0.0036975,2,5e-06,0.0041486,6.638193368911743
BenchmarkTest01328.java,0,CWE-22,CWE-23,0,1,0,1,0,0,0,0,1,0,1825,0.0005475,2977,0.0074425,2,5e-06,0.007995,12.675074577331543
BenchmarkTest01329.java,0,CWE-22,CWE-23,0,0,1,0,0,0,1,0,0,0,1561,0.00046829999999999994,1471,0.0036775,2,5e-06,0.0041508,7.5293824672698975
BenchmarkTest01330.java,0,CWE-22,CWE-23,0,0,1,0,0,0,1,0,0,0,1389,0.0004167,822,0.002055,2,5e-06,0.0024766999999999996,4.814065217971802
BenchmarkTest01331.java,0,CWE-22,CWE-23,0,1,0,1,0,0,0,0,1,0,1425,0.0004275,908,0.00227,2,5e-06,0.0027024999999999996,4.553826332092285
BenchmarkTest01332.java,0,CWE-328,,,,0,0,1,0,0,0,1,0,,,,,,,,
BenchmarkTest01333.java,0,CWE-328,CWE-916,0,0,1,0,0,0,1,0,0,0,1342,0.0004026,704,0.00176,2,5e-06,0.0021676,4.055677890777588
BenchmarkTest01334.java,0,CWE-328,CWE-916,0,0,1,0,0,0,1,0,0,0,1406,0.0004218,894,0.002235,2,5e-06,0.0026617999999999998,5.149119138717651
BenchmarkTest01335.java,0,CWE-79,CWE-79,1,0,1,0,0,0,1,0,0,0,1551,0.0004653,1157,0.0028925,2,5e-06,0.0033628,6.0689613819122314
BenchmarkTest01336.java,0,CWE-79,CWE-79,1,1,0,1,0,0,0,0,1,0,1404,0.0004212,961,0.0024025,2,5e-06,0.0028287,4.6831138134002686
BenchmarkTest01337.java,0,CWE-79,CWE-79,1,0,1,0,0,0,1,0,0,0,1386,0.0004158,840,0.0021,2,5e-06,0.0025207999999999997,4.899272441864014
BenchmarkTest01338.java,0,CWE-79,CWE-79,1,1,0,1,0,0,0,0,1,0,1437,0.00043109999999999996,596,0.00149,2,5e-06,0.0019261,2.996896505355835
BenchmarkTest01339.java,0,CWE-79,CWE-79,1,1,0,1,0,0,0,0,1,0,1359,0.0004077,553,0.0013825,2,5e-06,0.0017952,3.0091917514801025
BenchmarkTest01340.java,0,CWE-79,CWE-79,1,1,0,1,0,0,0,0,1,0,1490,0.000447,587,0.0014675,2,5e-06,0.0019195,3.0635242462158203
BenchmarkTest01341.java,0,CWE-79,CWE-79,1,1,0,1,0,0,0,0,1,0,1754,0.0005261999999999999,1710,0.004275,2,5e-06,0.0048062,7.629169464111328
BenchmarkTest01342.java,0,CWE-79,CWE-79,1,1,0,1,0,0,0,0,1,0,1390,0.000417,756,0.00189,2,5e-06,0.002312,4.182626247406006
BenchmarkTest01343.java,0,CWE-79,CWE-79,1,1,0,1,0,0,0,0,1,0,1450,0.000435,915,0.0022875,2,5e-06,0.0027275,3.924100637435913
BenchmarkTest01344.java,0,CWE-79,CWE-79,1,1,0,1,0,0,0,0,1,0,1474,0.0004422,844,0.00211,2,5e-06,0.0025572,4.160855770111084
BenchmarkTest01345.java,0,CWE-79,CWE-79,1,1,0,1,0,0,0,0,1,0,1385,0.0004155,871,0.0021775,2,5e-06,0.002598,4.054998874664307
BenchmarkTest01346.java,0,CWE-79,CWE-79,1,0,1,0,0,0,1,0,0,0,1454,0.0004362,623,0.0015575,2,5e-06,0.0019987,3.5981533527374268
BenchmarkTest01347.java,0,CWE-79,CWE-79,1,0,1,0,0,0,1,0,0,0,1686,0.0005057999999999999,1499,0.0037475,2,5e-06,0.0042583,6.977686643600464
BenchmarkTest01348.java,0,CWE-79,CWE-79,1,1,0,1,0,0,0,0,1,0,1357,0.0004071,501,0.0012525,2,5e-06,0.0016645999999999998,2.3716766834259033
BenchmarkTest01349.java,0,CWE-79,CWE-79,1,0,1,0,0,0,1,0,0,0,1377,0.00041309999999999996,601,0.0015025,2,5e-06,0.0019206,3.6324450969696045
BenchmarkTest01350.java,0,CWE-79,CWE-79,1,0,1,0,0,0,1,0,0,0,1415,0.0004245,1052,0.00263,2,5e-06,0.0030594999999999997,5.115391492843628
BenchmarkTest01351.java,0,CWE-79,CWE-79,1,1,0,1,0,0,0,0,1,0,1397,0.00041909999999999994,579,0.0014475,2,5e-06,0.0018716,3.123772382736206
BenchmarkTest01352.java,0,CWE-79,CWE-79,1,1,0,1,0,0,0,0,1,0,1359,0.0004077,645,0.0016125,2,5e-06,0.0020251999999999996,3.28928804397583
BenchmarkTest01353.java,0,CWE-78,CWE-78,1,1,0,1,0,0,0,0,1,0,1192,0.00035759999999999996,975,0.0024375,2,5e-06,0.0028001,4.555713653564453
BenchmarkTest01354.java,0,CWE-330,CWE-330,1,0,1,0,0,0,1,0,0,0,1403,0.0004209,561,0.0014025,2,5e-06,0.0018284000000000002,2.8521628379821777
BenchmarkTest01355.java,0,CWE-330,CWE-330,1,0,1,0,0,0,1,0,0,0,1407,0.00042209999999999996,548,0.00137,2,5e-06,0.0017970999999999998,2.810659408569336
BenchmarkTest01356.java,0,CWE-330,CWE-330,1,0,1,0,0,0,1,0,0,0,1431,0.0004293,626,0.001565,2,5e-06,0.0019993,3.91125226020813
BenchmarkTest01357.java,0,CWE-330,CWE-330,1,0,1,0,0,0,1,0,0,0,1429,0.0004287,555,0.0013875,2,5e-06,0.0018212,3.3194997310638428
BenchmarkTest01358.java,0,CWE-330,CWE-330,1,0,1,0,0,0,1,0,0,0,1443,0.00043289999999999995,507,0.0012675,2,5e-06,0.0017054,2.9135329723358154
BenchmarkTest01359.java,0,CWE-614,,,,0,0,1,0,0,0,1,0,,,,,,,,
BenchmarkTest01360.java,0,CWE-78,CWE-78,1,0,1,0,0,0,1,0,0,0,1158,0.0003474,972,0.00243,2,5e-06,0.0027823999999999995,5.471267223358154
BenchmarkTest01361.java,0,CWE-78,CWE-78,1,0,1,0,0,0,1,0,0,0,967,0.00029009999999999995,2556,0.00639,2,5e-06,0.006685099999999999,12.620423078536987
BenchmarkTest01362.java,0,CWE-78,CWE-78,1,0,1,0,0,0,1,0,0,0,1290,0.000387,1354,0.003385,2,5e-06,0.003777,6.95984411239624
BenchmarkTest01363.java,0,CWE-78,CWE-78,1,0,1,0,0,0,1,0,0,0,1028,0.00030839999999999996,1203,0.0030075,2,5e-06,0.0033209,6.462407112121582
BenchmarkTest01364.java,0,CWE-78,CWE-78,1,1,0,1,0,0,0,0,1,0,1007,0.00030209999999999997,1973,0.0049325,2,5e-06,0.0052396,10.478944063186646
BenchmarkTest01365.java,0,CWE-78,CWE-78,1,1,0,1,0,0,0,0,1,0,1124,0.0003372,644,0.00161,2,5e-06,0.0019522,3.1479544639587402
BenchmarkTest01366.java,0,CWE-330,,,,0,0,1,0,0,0,1,0,,,,,,,,
BenchmarkTest01367.java,0,CWE-330,,,,0,0,1,0,0,0,1,0,,,,,,,,
BenchmarkTest01368.java,0,CWE-330,,,,0,0,1,0,0,0,1,0,,,,,,,,
BenchmarkTest01369.java,0,CWE-330,,,,0,0,1,0,0,0,1,0,,,,,,,,
BenchmarkTest01370.java,0,CWE-330,,,,0,0,1,0,0,0,1,0,,,,,,,,
BenchmarkTest01371.java,0,CWE-330,,,,0,0,1,0,0,0,1,0,,,,,,,,
BenchmarkTest01372.java,0,CWE-330,,,,0,0,1,0,0,0,1,0,,,,,,,,
BenchmarkTest01373.java,0,CWE-330,,,,0,0,1,0,0,0,1,0,,,,,,,,
BenchmarkTest01378.java,0,CWE-89,CWE-89,1,1,0,1,0,0,0,0,1,0,1375,0.0004125,1261,0.0031525,2,5e-06,0.00357,5.596642255783081
BenchmarkTest01379.java,0,CWE-89,CWE-89,1,0,1,0,0,0,1,0,0,0,1107,0.00033209999999999994,702,0.001755,2,5e-06,0.0020921,4.0485851764678955
BenchmarkTest01380.java,0,CWE-89,CWE-89,1,1,0,1,0,0,0,0,1,0,1064,0.0003192,790,0.001975,2,5e-06,0.0022992,3.449445962905884
BenchmarkTest01381.java,0,CWE-89,CWE-89,1,0,1,0,0,0,1,0,0,0,1034,0.0003102,663,0.0016575,2,5e-06,0.0019726999999999995,3.369854688644409
BenchmarkTest01382.java,0,CWE-89,CWE-89,1,0,1,0,0,0,1,0,0,0,1041,0.0003123,904,0.00226,2,5e-06,0.0025773,4.504460573196411
BenchmarkTest01383.java,0,CWE-89,CWE-89,1,0,1,0,0,0,1,0,0,0,1054,0.0003162,851,0.0021275,2,5e-06,0.0024487,4.176479816436768
BenchmarkTest01384.java,0,CWE-89,CWE-89,1,0,1,0,0,0,1,0,0,0,1034,0.0003102,831,0.0020775,2,5e-06,0.0023926999999999998,4.21245551109314
BenchmarkTest01385.java,0,CWE-89,CWE-89,1,0,0,1,0,0,0,1,0,0,1106,0.0003318,628,0.00157,2,5e-06,0.0019068,3.3415093421936035
BenchmarkTest01386.java,0,CWE-89,,,,0,0,1,0,0,0,1,0,,,,,,,,
BenchmarkTest01387.java,0,CWE-89,,,,0,0,1,0,0,0,1,0,,,,,,,,
BenchmarkTest01388.java,0,CWE-89,,,,0,0,0,1,0,0,0,1,,,,,,,,
BenchmarkTest01389.java,0,CWE-89,,,,0,0,1,0,0,0,1,0,,,,,,,,
BenchmarkTest01390.java,0,CWE-89,,,,0,0,0,1,0,0,0,1,,,,,,,,
BenchmarkTest01391.java,0,CWE-89,CWE-89,1,0,1,0,0,0,1,0,0,0,1091,0.0003273,766,0.001915,2,5e-06,0.0022473,4.00879979133606
BenchmarkTest01392.java,0,CWE-89,CWE-89,1,1,0,1,0,0,0,0,1,0,1011,0.0003033,812,0.00203,2,5e-06,0.0023382999999999998,4.002236366271973
BenchmarkTest01393.java,0,CWE-89,CWE-89,1,1,0,1,0,0,0,0,1,0,1338,0.0004014,1163,0.0029075,2,5e-06,0.0033139,5.651273250579834
BenchmarkTest01394.java,0,CWE-89,CWE-89,1,0,1,0,0,0,1,0,0,0,1091,0.0003273,680,0.0017,2,5e-06,0.0020323,3.744433641433716
BenchmarkTest01395.java,0,CWE-89,CWE-89,1,0,1,0,0,0,1,0,0,0,1010,0.000303,531,0.0013275,2,5e-06,0.0016355,3.559774875640869
BenchmarkTest01396.java,0,CWE-89,CWE-89,1,0,1,0,0,0,1,0,0,0,1011,0.0003033,603,0.0015075,2,5e-06,0.0018158,3.4463508129119873
BenchmarkTest01397.java,0,CWE-643,CWE-643,1,1,0,1,0,0,0,0,1,0,1116,0.0003348,688,0.00172,2,5e-06,0.0020597999999999997,3.3966965675354004
BenchmarkTest01398.java,0,CWE-327,CWE-327,1,0,1,0,0,0,1,0,0,0,2308,0.0006924,208,0.00052,2,5e-06,0.0012174,2.055446147918701
BenchmarkTest01399.java,0,CWE-327,,,,0,0,1,0,0,0,1,0,,,,,,,,
BenchmarkTest01400.java,0,CWE-327,,,,0,0,1,0,0,0,1,0,,,,,,,,
BenchmarkTest01401.java,0,CWE-327,,,,0,0,1,0,0,0,1,0,,,,,,,,
BenchmarkTest01402.java,0,CWE-90,CWE-90,1,1,0,1,0,0,0,0,1,0,1451,0.0004353,574,0.001435,2,5e-06,0.0018753,3.7760961055755615
BenchmarkTest01403.java,0,CWE-22,CWE-23,0,0,1,0,0,0,1,0,0,0,1431,0.0004293,1649,0.0041225,2,5e-06,0.0045568,8.103457927703857
BenchmarkTest01404.java,0,CWE-22,CWE-23,0,1,0,1,0,0,0,0,1,0,1736,0.0005208,2022,0.005055,2,5e-06,0.0055807999999999995,9.585877895355225
BenchmarkTest01405.java,0,CWE-22,CWE-23,0,0,1,0,0,0,1,0,0,0,1566,0.0004698,1001,0.0025025,2,5e-06,0.0029772999999999996,5.938614130020142
BenchmarkTest01406.java,0,CWE-22,CWE-23,0,1,0,1,0,0,0,0,1,0,1589,0.0004767,960,0.0024,2,5e-06,0.0028816999999999996,4.845294952392578
BenchmarkTest01407.java,0,CWE-22,CWE-23,0,1,0,1,0,0,0,0,1,0,1417,0.0004251,907,0.0022675,2,5e-06,0.0026975999999999997,4.782760858535767
BenchmarkTest01408.java,0,CWE-22,CWE-23,0,0,1,0,0,0,1,0,0,0,1456,0.0004368,1098,0.002745,2,5e-06,0.0031868,5.941253662109375
BenchmarkTest01409.java,0,CWE-22,CWE-23,0,1,0,1,0,0,0,0,1,0,1733,0.0005199,1154,0.002885,2,5e-06,0.0034098999999999996,5.592591762542725
BenchmarkTest01410.java,0,CWE-328,,,,0,0,1,0,0,0,1,0,,,,,,,,
BenchmarkTest01411.java,0,CWE-328,CWE-916,0,0,1,0,0,0,1,0,0,0,1532,0.00045959999999999995,662,0.001655,2,5e-06,0.0021195999999999997,3.9445252418518066
BenchmarkTest01412.java,0,CWE-328,,,,0,0,1,0,0,0,1,0,,,,,,,,
BenchmarkTest01413.java,0,CWE-328,,,,0,0,1,0,0,0,1,0,,,,,,,,
BenchmarkTest01414.java,0,CWE-328,,,,0,0,0,1,0,0,0,1,,,,,,,,
BenchmarkTest01415.java,0,CWE-328,,,,0,0,0,1,0,0,0,1,,,,,,,,
BenchmarkTest01416.java,0,CWE-328,,,,0,0,0,1,0,0,0,1,,,,,,,,
BenchmarkTest01417.java,0,CWE-79,CWE-79,1,0,1,0,0,0,1,0,0,0,1510,0.000453,1119,0.0027975,2,5e-06,0.0032554999999999997,5.831623077392578
BenchmarkTest01418.java,0,CWE-79,CWE-79,1,0,1,0,0,0,1,0,0,0,1519,0.00045569999999999996,857,0.0021425,2,5e-06,0.0026031999999999995,4.561794757843018
BenchmarkTest01419.java,0,CWE-79,CWE-79,1,1,0,1,0,0,0,0,1,0,1494,0.0004482,715,0.0017875,2,5e-06,0.0022407,3.615572690963745
BenchmarkTest01420.java,0,CWE-79,CWE-79,1,1,0,1,0,0,0,0,1,0,1441,0.0004323,1070,0.002675,2,5e-06,0.0031122999999999997,6.467245101928711
BenchmarkTest01421.java,0,CWE-79,CWE-79,1,1,0,1,0,0,0,0,1,0,1497,0.00044909999999999997,1228,0.00307,2,5e-06,0.0035240999999999996,5.9646220207214355
BenchmarkTest01422.java,0,CWE-79,CWE-79,1,1,0,1,0,0,0,0,1,0,1596,0.00047879999999999993,1073,0.0026825,2,5e-06,0.0031662999999999995,4.970069646835327
BenchmarkTest01423.java,0,CWE-79,CWE-79,1,0,1,0,0,0,1,0,0,0,1446,0.00043380000000000003,911,0.0022775,2,5e-06,0.0027162999999999996,5.171493768692017
BenchmarkTest01424.java,0,CWE-79,CWE-79,1,0,1,0,0,0,1,0,0,0,1481,0.0004443,1184,0.00296,2,5e-06,0.0034092999999999997,6.0067527294158936
BenchmarkTest01425.java,0,CWE-79,CWE-79,1,1,0,1,0,0,0,0,1,0,1524,0.0004572,613,0.0015325,2,5e-06,0.0019947,3.4327118396759033
BenchmarkTest01426.java,0,CWE-79,CWE-79,1,0,1,0,0,0,1,0,0,0,1530,0.000459,1079,0.0026975,2,5e-06,0.0031614999999999994,5.818683862686157
BenchmarkTest01427.java,0,CWE-79,CWE-79,1,0,1,0,0,0,1,0,0,0,1421,0.0004263,710,0.001775,2,5e-06,0.0022063,3.782820701599121
BenchmarkTest01428.java,0,CWE-79,CWE-79,1,0,1,0,0,0,1,0,0,0,1428,0.00042839999999999995,873,0.0021825,2,5e-06,0.0026158999999999996,4.684017658233643
BenchmarkTest01429.java,0,CWE-79,CWE-79,1,0,1,0,0,0,1,0,0,0,1532,0.00045959999999999995,923,0.0023075,2,5e-06,0.0027721,4.296986103057861
BenchmarkTest01430.java,0,CWE-78,CWE-78,1,0,1,0,0,0,1,0,0,0,1236,0.0003708,1108,0.00277,2,5e-06,0.0031458,5.825040102005005
BenchmarkTest01431.java,0,CWE-330,CWE-330,1,0,1,0,0,0,1,0,0,0,1459,0.0004377,621,0.0015525,2,5e-06,0.0019952,4.123944520950317
BenchmarkTest01432.java,0,CWE-330,CWE-330,1,0,1,0,0,0,1,0,0,0,1527,0.00045809999999999997,482,0.001205,2,5e-06,0.0016680999999999998,3.573727607727051
BenchmarkTest01433.java,0,CWE-330,CWE-330,1,0,1,0,0,0,1,0,0,0,1480,0.000444,582,0.001455,2,5e-06,0.0019039999999999999,5.127683877944946
BenchmarkTest01434.java,0,CWE-330,CWE-330,1,0,1,0,0,0,1,0,0,0,1472,0.00044159999999999995,535,0.0013375,2,5e-06,0.0017840999999999998,4.1898908615112305
BenchmarkTest01435.java,0,CWE-330,CWE-330,1,0,1,0,0,0,1,0,0,0,1447,0.0004341,565,0.0014125,2,5e-06,0.0018516,4.1417622566223145
BenchmarkTest01436.java,0,CWE-614,,,,0,0,1,0,0,0,1,0,,,,,,,,
BenchmarkTest01437.java,0,CWE-79,CWE-79,1,0,1,0,0,0,1,0,0,0,1514,0.0004542,802,0.002005,2,5e-06,0.0024641999999999997,4.800841331481934
BenchmarkTest01438.java,0,CWE-79,CWE-79,1,0,1,0,0,0,1,0,0,0,1770,0.000531,1657,0.0041425,2,5e-06,0.0046785,7.872924089431763
BenchmarkTest01439.java,0,CWE-79,CWE-79,1,1,0,1,0,0,0,0,1,0,1576,0.00047279999999999995,831,0.0020775,2,5e-06,0.0025552999999999995,4.1118974685668945
BenchmarkTest01440.java,0,CWE-78,CWE-78,1,0,0,1,0,0,0,1,0,0,1160,0.000348,3715,0.0092875,2,5e-06,0.0096405,17.048802852630615
BenchmarkTest01441.java,0,CWE-78,CWE-78,1,0,1,0,0,0,1,0,0,0,1278,0.0003834,1912,0.00478,2,5e-06,0.0051684,8.98141360282898
BenchmarkTest01442.java,0,CWE-78,CWE-78,1,0,1,0,0,0,1,0,0,0,1157,0.0003471,4212,0.01053,2,5e-06,0.010882099999999999,18.94022846221924
BenchmarkTest01443.java,0,CWE-78,CWE-78,1,1,0,1,0,0,0,0,1,0,1175,0.0003525,926,0.002315,2,5e-06,0.0026724999999999995,4.371856689453125
BenchmarkTest01444.java,0,CWE-78,CWE-78,1,1,0,1,0,0,0,0,1,0,1122,0.00033659999999999994,1389,0.0034725,2,5e-06,0.0038140999999999995,6.824935674667358
BenchmarkTest01445.java,0,CWE-78,CWE-78,1,1,0,1,0,0,0,0,1,0,1173,0.0003519,1347,0.0033675,2,5e-06,0.0037243999999999997,6.187907934188843
BenchmarkTest01446.java,0,CWE-78,CWE-78,1,0,1,0,0,0,1,0,0,0,1223,0.0003669,982,0.002455,2,5e-06,0.0028269,5.370822906494141
BenchmarkTest01447.java,0,CWE-330,,,,0,0,1,0,0,0,1,0,,,,,,,,
BenchmarkTest01448.java,0,CWE-330,,,,0,0,1,0,0,0,1,0,,,,,,,,
BenchmarkTest01449.java,0,CWE-330,CWE-330,1,1,0,1,0,0,0,0,1,0,1622,0.00048659999999999996,3386,0.008465,2,5e-06,0.0089566,16.23399519920349
BenchmarkTest01450.java,0,CWE-330,,,,0,0,1,0,0,0,1,0,,,,,,,,
BenchmarkTest01451.java,0,CWE-330,,,,0,0,1,0,0,0,1,0,,,,,,,,
BenchmarkTest01452.java,0,CWE-330,,,,0,0,1,0,0,0,1,0,,,,,,,,
BenchmarkTest01453.java,0,CWE-330,,,,0,0,1,0,0,0,1,0,,,,,,,,
BenchmarkTest01459.java,0,CWE-89,CWE-89,1,0,0,1,0,0,0,1,0,0,1142,0.0003426,1610,0.004025,2,5e-06,0.0043726,7.301031589508057
BenchmarkTest01460.java,0,CWE-89,CWE-89,1,0,1,0,0,0,1,0,0,0,1205,0.0003615,1103,0.0027575,2,5e-06,0.0031239999999999996,5.010503530502319
BenchmarkTest01461.java,0,CWE-89,CWE-89,1,1,0,1,0,0,0,0,1,0,1230,0.000369,1541,0.0038525,2,5e-06,0.0042265,6.336232662200928
BenchmarkTest01462.java,0,CWE-89,CWE-89,1,0,1,0,0,0,1,0,0,0,1102,0.00033059999999999996,2116,0.00529,2,5e-06,0.0056256000000000006,13.01236367225647
BenchmarkTest01463.java,0,CWE-89,CWE-89,1,0,1,0,0,0,1,0,0,0,1139,0.0003417,1206,0.003015,2,5e-06,0.0033616999999999996,6.393961191177368
BenchmarkTest01464.java,0,CWE-89,CWE-89,1,0,1,0,0,0,1,0,0,0,1221,0.0003663,709,0.0017725,2,5e-06,0.0021438,4.4050092697143555
BenchmarkTest01465.java,0,CWE-89,,,,0,0,0,1,0,0,0,1,,,,,,,,
BenchmarkTest01466.java,0,CWE-89,CWE-89,1,0,1,0,0,0,1,0,0,0,1370,0.000411,1224,0.00306,2,5e-06,0.0034759999999999995,6.460965156555176
BenchmarkTest01467.java,0,CWE-89,,,,0,0,1,0,0,0,1,0,,,,,,,,
BenchmarkTest01468.java,0,CWE-89,,,,0,0,1,0,0,0,1,0,,,,,,,,
BenchmarkTest01469.java,0,CWE-89,,,,0,0,1,0,0,0,1,0,,,,,,,,
BenchmarkTest01470.java,0,CWE-89,,,,0,0,0,1,0,0,0,1,,,,,,,,
BenchmarkTest01471.java,0,CWE-89,CWE-89,1,0,1,0,0,0,1,0,0,0,1179,0.0003537,1473,0.0036825,2,5e-06,0.0040412,7.532474994659424
BenchmarkTest01472.java,0,CWE-89,CWE-89,1,1,0,1,0,0,0,0,1,0,1416,0.0004248,1058,0.002645,2,5e-06,0.0030748,4.370091438293457
BenchmarkTest01473.java,0,CWE-89,CWE-89,1,0,1,0,0,0,1,0,0,0,1084,0.0003252,994,0.002485,2,5e-06,0.0028151999999999995,4.818601131439209
BenchmarkTest01474.java,0,CWE-89,CWE-89,1,0,1,0,0,0,1,0,0,0,1128,0.0003384,876,0.00219,2,5e-06,0.0025334,4.383907318115234
BenchmarkTest01475.java,0,CWE-89,CWE-89,1,0,1,0,0,0,1,0,0,0,1092,0.00032759999999999994,1677,0.0041925,2,5e-06,0.0045251,8.274005889892578
BenchmarkTest01476.java,0,CWE-89,CWE-89,1,0,1,0,0,0,1,0,0,0,1095,0.0003285,1347,0.0033675,2,5e-06,0.0037009999999999994,6.685672998428345
BenchmarkTest01477.java,0,CWE-89,CWE-89,1,0,1,0,0,0,1,0,0,0,1161,0.0003483,1236,0.00309,2,5e-06,0.0034433,6.6046977043151855
BenchmarkTest01478.java,0,CWE-643,CWE-643,1,0,1,0,0,0,1,0,0,0,1297,0.00038909999999999997,1189,0.0029725,2,5e-06,0.0033665999999999995,5.574841022491455
BenchmarkTest01479.java,0,CWE-643,CWE-643,1,1,0,1,0,0,0,0,1,0,1310,0.000393,624,0.00156,2,5e-06,0.0019579999999999997,3.794351577758789
BenchmarkTest01480.java,0,CWE-327,CWE-327,1,0,1,0,0,0,1,0,0,0,2136,0.0006408,278,0.000695,2,5e-06,0.0013407999999999998,1.871333122253418
BenchmarkTest01481.java,0,CWE-327,,,,0,0,1,0,0,0,1,0,,,,,,,,
BenchmarkTest01482.java,0,CWE-327,,,,0,0,1,0,0,0,1,0,,,,,,,,
BenchmarkTest01483.java,0,CWE-327,CWE-327,1,0,1,0,0,0,1,0,0,0,1947,0.0005841,181,0.0004525,2,5e-06,0.0010416,1.2605149745941162
BenchmarkTest01484.java,0,CWE-327,CWE-327,1,0,1,0,0,0,1,0,0,0,1877,0.0005631,234,0.000585,2,5e-06,0.0011531,1.741039752960205
BenchmarkTest01485.java,0,CWE-327,,,,0,0,1,0,0,0,1,0,,,,,,,,
BenchmarkTest01486.java,0,CWE-327,CWE-327,1,0,1,0,0,0,1,0,0,0,1454,0.0004362,211,0.0005275,2,5e-06,0.0009687,1.685577392578125
BenchmarkTest01487.java,0,CWE-327,,,,0,0,1,0,0,0,1,0,,,,,,,,
BenchmarkTest01488.java,0,CWE-327,,,,0,0,1,0,0,0,1,0,,,,,,,,
BenchmarkTest01489.java,0,CWE-327,CWE-327,1,0,1,0,0,0,1,0,0,0,1436,0.0004308,230,0.000575,2,5e-06,0.0010108,1.6678824424743652
BenchmarkTest01490.java,0,CWE-90,,,,0,0,0,1,0,0,0,1,,,,,,,,
BenchmarkTest01491.java,0,CWE-90,,,,0,0,1,0,0,0,1,0,,,,,,,,
BenchmarkTest01492.java,0,CWE-90,,,,0,0,1,0,0,0,1,0,,,,,,,,
BenchmarkTest01493.java,0,CWE-22,,,,0,0,1,0,0,0,1,0,,,,,,,,
BenchmarkTest01494.java,0,CWE-22,,,,0,0,0,1,0,0,0,1,,,,,,,,
BenchmarkTest01495.java,0,CWE-22,,,,0,0,0,1,0,0,0,1,,,,,,,,
BenchmarkTest01496.java,0,CWE-22,,,,0,0,0,1,0,0,0,1,,,,,,,,
BenchmarkTest01497.java,0,CWE-22,,,,0,0,0,1,0,0,0,1,,,,,,,,
BenchmarkTest01498.java,0,CWE-22,,,,0,0,0,1,0,0,0,1,,,,,,,,
BenchmarkTest01499.java,0,CWE-22,,,,0,0,1,0,0,0,1,0,,,,,,,,
BenchmarkTest01500.java,0,CWE-22,,,,0,0,0,1,0,0,0,1,,,,,,,,
BenchmarkTest01501.java,0,CWE-90,,,,0,0,0,1,0,0,0,1,,,,,,,,
BenchmarkTest01502.java,0,CWE-330,CWE-330,1,0,1,0,0,0,1,0,0,0,1744,0.0005231999999999999,467,0.0011675,2,5e-06,0.0016956999999999999,3.156830310821533
BenchmarkTest01503.java,0,CWE-328,CWE-916,0,0,1,0,0,0,1,0,0,0,1571,0.00047129999999999996,430,0.001075,2,5e-06,0.0015513,3.191485643386841
BenchmarkTest01504.java,0,CWE-328,CWE-916,0,0,1,0,0,0,1,0,0,0,1351,0.0004053,735,0.0018375,2,5e-06,0.0022478,4.198413133621216
BenchmarkTest01505.java,0,CWE-79,,,,0,0,0,1,0,0,0,1,,,,,,,,
BenchmarkTest01506.java,0,CWE-79,,,,0,0,0,1,0,0,0,1,,,,,,,,
BenchmarkTest01507.java,0,CWE-79,,,,0,0,0,1,0,0,0,1,,,,,,,,
BenchmarkTest01508.java,0,CWE-79,,,,0,0,1,0,0,0,1,0,,,,,,,,
BenchmarkTest01509.java,0,CWE-79,,,,0,0,0,1,0,0,0,1,,,,,,,,
BenchmarkTest01510.java,0,CWE-79,,,,0,0,0,1,0,0,0,1,,,,,,,,
BenchmarkTest01511.java,0,CWE-79,,,,0,0,0,1,0,0,0,1,,,,,,,,
BenchmarkTest01512.java,0,CWE-79,,,,0,0,0,1,0,0,0,1,,,,,,,,
BenchmarkTest01513.java,0,CWE-79,,,,0,0,1,0,0,0,1,0,,,,,,,,
BenchmarkTest01514.java,0,CWE-79,,,,0,0,1,0,0,0,1,0,,,,,,,,
BenchmarkTest01515.java,0,CWE-79,,,,0,0,1,0,0,0,1,0,,,,,,,,
BenchmarkTest01516.java,0,CWE-78,,,,0,0,1,0,0,0,1,0,,,,,,,,
BenchmarkTest01517.java,0,CWE-78,,,,0,0,0,1,0,0,0,1,,,,,,,,
BenchmarkTest01518.java,0,CWE-330,CWE-330,1,0,1,0,0,0,1,0,0,0,1724,0.0005171999999999999,572,0.00143,2,5e-06,0.0019522,3.9889934062957764
BenchmarkTest01519.java,0,CWE-330,CWE-330,1,0,1,0,0,0,1,0,0,0,1452,0.00043559999999999996,458,0.001145,2,5e-06,0.0015856,3.233888626098633
BenchmarkTest01520.java,0,CWE-330,CWE-330,1,0,1,0,0,0,1,0,0,0,1497,0.00044909999999999997,628,0.00157,2,5e-06,0.0020240999999999996,3.8624188899993896
BenchmarkTest01521.java,0,CWE-614,CWE-614,1,0,1,0,0,0,1,0,0,0,1128,0.0003384,386,0.000965,2,5e-06,0.0013084000000000001,2.5831291675567627
BenchmarkTest01522.java,0,CWE-614,,,,0,0,1,0,0,0,1,0,,,,,,,,
BenchmarkTest01523.java,0,CWE-614,,,,0,0,1,0,0,0,1,0,,,,,,,,
BenchmarkTest01524.java,0,CWE-614,,,,0,0,1,0,0,0,1,0,,,,,,,,
BenchmarkTest01525.java,0,CWE-79,,,,0,0,0,1,0,0,0,1,,,,,,,,
BenchmarkTest01526.java,0,CWE-78,,,,0,0,1,0,0,0,1,0,,,,,,,,
BenchmarkTest01527.java,0,CWE-78,,,,0,0,1,0,0,0,1,0,,,,,,,,
BenchmarkTest01528.java,0,CWE-78,,,,0,0,1,0,0,0,1,0,,,,,,,,
BenchmarkTest01529.java,0,CWE-78,,,,0,0,1,0,0,0,1,0,,,,,,,,
BenchmarkTest01530.java,0,CWE-78,,,,0,0,1,0,0,0,1,0,,,,,,,,
BenchmarkTest01531.java,0,CWE-78,,,,0,0,0,1,0,0,0,1,,,,,,,,
BenchmarkTest01532.java,0,CWE-78,,,,0,0,1,0,0,0,1,0,,,,,,,,
BenchmarkTest01533.java,0,CWE-78,,,,0,0,0,1,0,0,0,1,,,,,,,,
BenchmarkTest01534.java,0,CWE-330,,,,0,0,1,0,0,0,1,0,,,,,,,,
BenchmarkTest01535.java,0,CWE-330,,,,0,0,1,0,0,0,1,0,,,,,,,,
BenchmarkTest01536.java,0,CWE-330,,,,0,0,1,0,0,0,1,0,,,,,,,,
BenchmarkTest01537.java,0,CWE-330,CWE-330,1,1,0,1,0,0,0,0,1,0,1606,0.00048179999999999995,732,0.00183,2,5e-06,0.0023168,4.547637462615967
BenchmarkTest01538.java,0,CWE-330,,,,0,0,1,0,0,0,1,0,,,,,,,,
BenchmarkTest01539.java,0,CWE-330,,,,0,0,1,0,0,0,1,0,,,,,,,,
BenchmarkTest01540.java,0,CWE-330,,,,0,0,1,0,0,0,1,0,,,,,,,,
BenchmarkTest01541.java,0,CWE-330,,,,0,0,1,0,0,0,1,0,,,,,,,,
BenchmarkTest01542.java,0,CWE-330,,,,0,0,1,0,0,0,1,0,,,,,,,,
BenchmarkTest01543.java,0,CWE-330,,,,0,0,1,0,0,0,1,0,,,,,,,,
BenchmarkTest01544.java,0,CWE-330,,,,0,0,1,0,0,0,1,0,,,,,,,,
BenchmarkTest01545.java,0,CWE-330,,,,0,0,1,0,0,0,1,0,,,,,,,,
BenchmarkTest01552.java,0,CWE-89,,,,0,0,0,1,0,0,0,1,,,,,,,,
BenchmarkTest01553.java,0,CWE-89,,,,0,0,1,0,0,0,1,0,,,,,,,,
BenchmarkTest01554.java,0,CWE-89,,,,0,0,0,1,0,0,0,1,,,,,,,,
BenchmarkTest01555.java,0,CWE-89,,,,0,0,1,0,0,0,1,0,,,,,,,,
BenchmarkTest01556.java,0,CWE-89,,,,0,0,1,0,0,0,1,0,,,,,,,,
BenchmarkTest01557.java,0,CWE-89,,,,0,0,0,1,0,0,0,1,,,,,,,,
BenchmarkTest01558.java,0,CWE-89,,,,0,0,0,1,0,0,0,1,,,,,,,,
BenchmarkTest01559.java,0,CWE-89,,,,0,0,0,1,0,0,0,1,,,,,,,,
BenchmarkTest01560.java,0,CWE-89,,,,0,0,0,1,0,0,0,1,,,,,,,,
BenchmarkTest01561.java,0,CWE-643,,,,0,0,0,1,0,0,0,1,,,,,,,,
BenchmarkTest01562.java,0,CWE-643,,,,0,0,1,0,0,0,1,0,,,,,,,,
BenchmarkTest01563.java,0,CWE-327,,,,0,0,1,0,0,0,1,0,,,,,,,,
BenchmarkTest01564.java,0,CWE-327,,,,0,0,1,0,0,0,1,0,,,,,,,,
BenchmarkTest01565.java,0,CWE-327,CWE-327,1,0,1,0,0,0,1,0,0,0,1419,0.0004257,215,0.0005375,2,5e-06,0.0009682,2.3926756381988525
BenchmarkTest01566.java,0,CWE-327,CWE-327,1,0,1,0,0,0,1,0,0,0,1467,0.00044009999999999996,270,0.000675,2,5e-06,0.0011201,2.1505401134490967
BenchmarkTest01567.java,0,CWE-327,,,,0,0,1,0,0,0,1,0,,,,,,,,
BenchmarkTest01568.java,0,CWE-90,CWE-90,1,0,1,0,0,0,1,0,0,0,1366,0.0004098,846,0.002115,2,5e-06,0.0025298,4.489103078842163
BenchmarkTest01569.java,0,CWE-90,CWE-90,1,1,0,1,0,0,0,0,1,0,1675,0.0005025,1480,0.0037,2,5e-06,0.0042075,6.181405305862427
BenchmarkTest01570.java,0,CWE-22,CWE-23,0,1,0,1,0,0,0,0,1,0,1337,0.0004011,929,0.0023225,2,5e-06,0.0027286,4.288235187530518
BenchmarkTest01571.java,0,CWE-22,CWE-23,0,0,1,0,0,0,1,0,0,0,1388,0.0004164,1332,0.00333,2,5e-06,0.0037514,5.848929166793823
BenchmarkTest01572.java,0,CWE-22,CWE-23,0,0,1,0,0,0,1,0,0,0,1496,0.0004488,916,0.00229,2,5e-06,0.0027438,4.656716823577881
BenchmarkTest01573.java,0,CWE-22,CWE-23,0,0,0,1,0,0,0,1,0,0,1545,0.0004635,841,0.0021025,2,5e-06,0.002571,4.202326774597168
BenchmarkTest01574.java,0,CWE-22,CWE-23,0,1,0,1,0,0,0,0,1,0,1470,0.000441,864,0.00216,2,5e-06,0.002606,3.9852936267852783
BenchmarkTest01575.java,0,CWE-330,CWE-330,1,0,1,0,0,0,1,0,0,0,1478,0.0004434,498,0.001245,2,5e-06,0.0016934,2.6923940181732178
BenchmarkTest01576.java,0,CWE-328,,,,0,0,1,0,0,0,1,0,,,,,,,,
BenchmarkTest01577.java,0,CWE-328,CWE-916,0,0,1,0,0,0,1,0,0,0,1318,0.00039539999999999996,530,0.001325,2,5e-06,0.0017254,2.878344774246216
BenchmarkTest01578.java,0,CWE-328,,,,0,0,1,0,0,0,1,0,,,,,,,,
BenchmarkTest01579.java,0,CWE-328,,,,0,0,0,1,0,0,0,1,,,,,,,,
BenchmarkTest01580.java,0,CWE-328,,,,0,0,0,1,0,0,0,1,,,,,,,,
BenchmarkTest01581.java,0,CWE-328,,,,0,0,1,0,0,0,1,0,,,,,,,,
BenchmarkTest01582.java,0,CWE-328,,,,0,0,1,0,0,0,1,0,,,,,,,,
BenchmarkTest01583.java,0,CWE-79,CWE-79,1,0,1,0,0,0,1,0,0,0,1438,0.00043139999999999997,888,0.00222,2,5e-06,0.0026563999999999997,3.910233974456787
BenchmarkTest01584.java,0,CWE-79,CWE-79,1,0,1,0,0,0,1,0,0,0,1390,0.000417,1226,0.003065,2,5e-06,0.0034869999999999996,5.880450010299683
BenchmarkTest01585.java,0,CWE-79,CWE-79,1,1,0,1,0,0,0,0,1,0,1353,0.0004059,592,0.00148,2,5e-06,0.0018909,2.918088674545288
BenchmarkTest01586.java,0,CWE-79,CWE-79,1,1,0,1,0,0,0,0,1,0,1345,0.0004035,425,0.0010625,2,5e-06,0.001471,2.661261558532715
BenchmarkTest01587.java,0,CWE-79,CWE-79,1,0,1,0,0,0,1,0,0,0,1383,0.0004149,893,0.0022325,2,5e-06,0.0026524,4.515899658203125
BenchmarkTest01588.java,0,CWE-79,CWE-79,1,1,0,1,0,0,0,0,1,0,1390,0.000417,640,0.0016,2,5e-06,0.002022,3.1678967475891113
BenchmarkTest01589.java,0,CWE-79,CWE-79,1,0,1,0,0,0,1,0,0,0,1465,0.0004395,871,0.0021775,2,5e-06,0.002622,4.45289158821106
BenchmarkTest01590.java,0,CWE-79,CWE-79,1,0,1,0,0,0,1,0,0,0,1339,0.0004017,1041,0.0026025,2,5e-06,0.0030092,5.7153918743133545
BenchmarkTest01591.java,0,CWE-79,CWE-79,1,1,0,1,0,0,0,0,1,0,1682,0.0005046,1029,0.0025725,2,5e-06,0.0030821,4.564156770706177
BenchmarkTest01592.java,0,CWE-79,CWE-79,1,0,1,0,0,0,1,0,0,0,1360,0.000408,576,0.00144,2,5e-06,0.001853,2.8438663482666016
BenchmarkTest01593.java,0,CWE-79,CWE-79,1,1,0,1,0,0,0,0,1,0,1368,0.0004104,701,0.0017525,2,5e-06,0.0021678999999999995,3.421208381652832
BenchmarkTest01594.java,0,CWE-79,CWE-79,1,0,1,0,0,0,1,0,0,0,1354,0.0004062,685,0.0017125,2,5e-06,0.0021237,3.7532601356506348
BenchmarkTest01595.java,0,CWE-79,CWE-79,1,1,0,1,0,0,0,0,1,0,1342,0.0004026,699,0.0017475,2,5e-06,0.0021550999999999996,3.6598410606384277
BenchmarkTest01596.java,0,CWE-79,CWE-79,1,0,1,0,0,0,1,0,0,0,1376,0.0004128,868,0.00217,2,5e-06,0.0025878,4.880466938018799
BenchmarkTest01597.java,0,CWE-79,CWE-79,1,0,1,0,0,0,1,0,0,0,1388,0.0004164,726,0.001815,2,5e-06,0.0022364,4.229678392410278
BenchmarkTest01598.java,0,CWE-79,CWE-79,1,0,1,0,0,0,1,0,0,0,1669,0.0005007,1328,0.00332,2,5e-06,0.0038256999999999996,6.7519261837005615
BenchmarkTest01599.java,0,CWE-79,CWE-79,1,1,0,1,0,0,0,0,1,0,1475,0.0004425,637,0.0015925,2,5e-06,0.0020399999999999997,4.00055456161499
BenchmarkTest01600.java,0,CWE-78,CWE-78,1,1,0,1,0,0,0,0,1,0,1157,0.0003471,1495,0.0037375,2,5e-06,0.0040896,7.427814245223999
BenchmarkTest01601.java,0,CWE-78,CWE-78,1,0,1,0,0,0,1,0,0,0,1158,0.0003474,966,0.002415,2,5e-06,0.0027673999999999997,5.214721918106079
BenchmarkTest01602.java,0,CWE-330,CWE-330,1,0,1,0,0,0,1,0,0,0,1468,0.00044039999999999997,537,0.0013425,2,5e-06,0.0017879,3.0613677501678467
BenchmarkTest01603.java,0,CWE-330,CWE-330,1,0,1,0,0,0,1,0,0,0,1701,0.0005103,825,0.0020625,2,5e-06,0.0025778,4.5184948444366455
BenchmarkTest01604.java,0,CWE-614,,,,0,0,1,0,0,0,1,0,,,,,,,,
BenchmarkTest01605.java,0,CWE-614,,,,0,0,1,0,0,0,1,0,,,,,,,,
BenchmarkTest01606.java,0,CWE-78,CWE-78,1,1,0,1,0,0,0,0,1,0,1074,0.00032219999999999997,888,0.00222,2,5e-06,0.0025472,4.631030082702637
BenchmarkTest01607.java,0,CWE-78,CWE-78,1,1,0,1,0,0,0,0,1,0,1254,0.0003762,1371,0.0034275,2,5e-06,0.0038087,6.451801061630249
BenchmarkTest01608.java,0,CWE-78,CWE-78,1,1,0,1,0,0,0,0,1,0,1111,0.0003333,1184,0.00296,2,5e-06,0.0032982999999999997,5.387363433837891
BenchmarkTest01609.java,0,CWE-78,CWE-78,1,0,1,0,0,0,1,0,0,0,1145,0.0003435,807,0.0020175,2,5e-06,0.002366,3.7455685138702393
BenchmarkTest01610.java,0,CWE-78,CWE-78,1,0,1,0,0,0,1,0,0,0,1129,0.0003387,862,0.002155,2,5e-06,0.0024986999999999995,4.443339824676514
BenchmarkTest01611.java,0,CWE-330,,,,0,0,1,0,0,0,1,0,,,,,,,,
BenchmarkTest01612.java,0,CWE-330,,,,0,0,1,0,0,0,1,0,,,,,,,,
BenchmarkTest01613.java,0,CWE-330,,,,0,0,1,0,0,0,1,0,,,,,,,,
BenchmarkTest01614.java,0,CWE-330,,,,0,0,1,0,0,0,1,0,,,,,,,,
BenchmarkTest01620.java,0,CWE-89,CWE-89,1,0,1,0,0,0,1,0,0,0,1063,0.0003189,788,0.00197,2,5e-06,0.0022938999999999998,4.99216103553772
BenchmarkTest01621.java,0,CWE-89,CWE-89,1,0,1,0,0,0,1,0,0,0,1023,0.0003069,715,0.0017875,2,5e-06,0.0020994,3.8963513374328613
BenchmarkTest01622.java,0,CWE-89,CWE-89,1,1,0,1,0,0,0,0,1,0,1090,0.000327,988,0.00247,2,5e-06,0.002802,5.389553546905518
BenchmarkTest01623.java,0,CWE-89,CWE-89,1,0,1,0,0,0,1,0,0,0,1047,0.0003141,620,0.00155,2,5e-06,0.0018691,3.141594171524048
BenchmarkTest01624.java,0,CWE-89,CWE-89,1,0,1,0,0,0,1,0,0,0,1076,0.0003228,1049,0.0026225,2,5e-06,0.0029502999999999995,5.250260829925537
BenchmarkTest01625.java,0,CWE-89,,,,0,0,0,1,0,0,0,1,,,,,,,,
BenchmarkTest01626.java,0,CWE-89,CWE-89,1,0,1,0,0,0,1,0,0,0,1065,0.0003195,594,0.001485,2,5e-06,0.0018095000000000001,3.671830415725708
BenchmarkTest01627.java,0,CWE-89,CWE-89,1,0,1,0,0,0,1,0,0,0,952,0.00028559999999999995,658,0.001645,2,5e-06,0.0019356,3.56235933303833
BenchmarkTest01628.java,0,CWE-89,CWE-89,1,1,0,1,0,0,0,0,1,0,1055,0.0003165,1193,0.0029825,2,5e-06,0.0033039999999999996,6.126057386398315
BenchmarkTest01629.java,0,CWE-89,CWE-89,1,1,0,1,0,0,0,0,1,0,1002,0.0003006,790,0.001975,2,5e-06,0.0022806,3.8941853046417236
BenchmarkTest01630.java,0,CWE-89,CWE-89,1,0,1,0,0,0,1,0,0,0,1026,0.0003078,680,0.0017,2,5e-06,0.0020127999999999995,3.7627921104431152
BenchmarkTest01631.java,0,CWE-89,CWE-89,1,0,1,0,0,0,1,0,0,0,999,0.00029969999999999997,719,0.0017975,2,5e-06,0.0021022,3.767270088195801
BenchmarkTest01632.java,0,CWE-643,CWE-643,1,1,0,1,0,0,0,0,1,0,1268,0.0003804,712,0.00178,2,5e-06,0.0021653999999999996,3.6082420349121094
BenchmarkTest01633.java,0,CWE-643,CWE-643,1,1,0,1,0,0,0,0,1,0,1425,0.0004275,1186,0.002965,2,5e-06,0.0033975,5.601076602935791
BenchmarkTest01634.java,0,CWE-327,CWE-327,1,0,1,0,0,0,1,0,0,0,2311,0.0006933,249,0.0006225,2,5e-06,0.0013208,2.507577896118164
BenchmarkTest01635.java,0,CWE-327,,,,0,0,1,0,0,0,1,0,,,,,,,,
BenchmarkTest01636.java,0,CWE-327,,,,0,0,1,0,0,0,1,0,,,,,,,,
BenchmarkTest01637.java,0,CWE-327,CWE-327,1,0,1,0,0,0,1,0,0,0,2113,0.0006339,195,0.0004875,2,5e-06,0.0011263999999999998,2.487874984741211
BenchmarkTest01638.java,0,CWE-327,CWE-327,1,0,1,0,0,0,1,0,0,0,1912,0.0005736000000000001,293,0.0007325,2,5e-06,0.0013111000000000002,2.6606006622314453
BenchmarkTest01639.java,0,CWE-327,CWE-327,1,0,1,0,0,0,1,0,0,0,1718,0.0005154,242,0.000605,2,5e-06,0.0011254,2.0702552795410156
BenchmarkTest01640.java,0,CWE-327,,,,0,0,1,0,0,0,1,0,,,,,,,,
BenchmarkTest01641.java,0,CWE-327,CWE-327,1,0,1,0,0,0,1,0,0,0,1680,0.000504,332,0.00083,2,5e-06,0.0013390000000000001,3.2941553592681885
BenchmarkTest01642.java,0,CWE-22,CWE-23,0,0,1,0,0,0,1,0,0,0,1488,0.00044639999999999995,1075,0.0026875,2,5e-06,0.0031388999999999996,6.0121259689331055
BenchmarkTest01643.java,0,CWE-22,CWE-23,0,0,1,0,0,0,1,0,0,0,1641,0.0004923,1495,0.0037375,2,5e-06,0.0042347999999999995,7.456027507781982
BenchmarkTest01644.java,0,CWE-22,CWE-23,0,1,0,1,0,0,0,0,1,0,1660,0.000498,855,0.0021375,2,5e-06,0.0026404999999999996,5.091038465499878
BenchmarkTest01645.java,0,CWE-22,CWE-23,0,0,1,0,0,0,1,0,0,0,1661,0.0004982999999999999,658,0.001645,2,5e-06,0.0021482999999999997,3.7770802974700928
BenchmarkTest01646.java,0,CWE-22,CWE-23,0,1,0,1,0,0,0,0,1,0,1643,0.0004929,1114,0.002785,2,5e-06,0.0032829,5.125477313995361
BenchmarkTest01647.java,0,CWE-22,CWE-23,0,0,1,0,0,0,1,0,0,0,1521,0.00045630000000000003,990,0.002475,2,5e-06,0.0029363,4.539591312408447
BenchmarkTest01648.java,0,CWE-330,CWE-330,1,0,1,0,0,0,1,0,0,0,1543,0.0004629,605,0.0015125,2,5e-06,0.0019803999999999998,2.904042959213257
BenchmarkTest01649.java,0,CWE-328,CWE-916,0,0,1,0,0,0,1,0,0,0,1702,0.0005105999999999999,703,0.0017575,2,5e-06,0.0022730999999999997,3.5787606239318848
BenchmarkTest01650.java,0,CWE-328,CWE-916,0,0,1,0,0,0,1,0,0,0,1600,0.00048,893,0.0022325,2,5e-06,0.0027175,4.7461817264556885
BenchmarkTest01651.java,0,CWE-328,CWE-916,0,0,1,0,0,0,1,0,0,0,1570,0.000471,1079,0.0026975,2,5e-06,0.0031734999999999997,5.353195905685425
BenchmarkTest01652.java,0,CWE-328,,,,0,0,1,0,0,0,1,0,,,,,,,,
BenchmarkTest01653.java,0,CWE-328,CWE-916,0,0,1,0,0,0,1,0,0,0,1507,0.0004521,2226,0.005565,2,5e-06,0.006022099999999999,10.89863896369934
BenchmarkTest01654.java,0,CWE-328,,,,0,0,0,1,0,0,0,1,,,,,,,,
BenchmarkTest01655.java,0,CWE-328,,,,0,0,1,0,0,0,1,0,,,,,,,,
BenchmarkTest01656.java,0,CWE-328,,,,0,0,1,0,0,0,1,0,,,,,,,,
BenchmarkTest01657.java,0,CWE-79,CWE-79,1,0,1,0,0,0,1,0,0,0,1571,0.00047129999999999996,843,0.0021075,2,5e-06,0.0025838,4.0423502922058105
BenchmarkTest01658.java,0,CWE-79,CWE-79,1,0,1,0,0,0,1,0,0,0,1511,0.0004533,1000,0.0025,2,5e-06,0.0029582999999999996,5.365309000015259
BenchmarkTest01659.java,0,CWE-79,CWE-79,1,1,0,1,0,0,0,0,1,0,1501,0.0004503,608,0.00152,2,5e-06,0.0019752999999999997,3.1989071369171143
BenchmarkTest01660.java,0,CWE-79,CWE-79,1,0,1,0,0,0,1,0,0,0,1524,0.0004572,1009,0.0025225,2,5e-06,0.0029847,5.314496755599976
BenchmarkTest01661.java,0,CWE-79,CWE-79,1,1,0,1,0,0,0,0,1,0,1534,0.00046019999999999996,704,0.00176,2,5e-06,0.0022251999999999997,3.354482412338257
BenchmarkTest01662.java,0,CWE-79,CWE-79,1,0,1,0,0,0,1,0,0,0,1582,0.0004746,970,0.002425,2,5e-06,0.0029046,4.806880712509155
BenchmarkTest01663.java,0,CWE-79,CWE-79,1,1,0,1,0,0,0,0,1,0,1648,0.0004944,1595,0.0039875,2,5e-06,0.004486899999999999,7.498979806900024
BenchmarkTest01664.java,0,CWE-79,CWE-79,1,1,0,1,0,0,0,0,1,0,1505,0.0004515,1268,0.00317,2,5e-06,0.0036265,6.667062044143677
BenchmarkTest01665.java,0,CWE-79,CWE-79,1,0,1,0,0,0,1,0,0,0,1518,0.00045539999999999996,874,0.002185,2,5e-06,0.0026453999999999996,4.773637294769287
BenchmarkTest01666.java,0,CWE-79,CWE-79,1,0,1,0,0,0,1,0,0,0,1565,0.0004695,1036,0.00259,2,5e-06,0.0030644999999999995,5.461122989654541
BenchmarkTest01667.java,0,CWE-79,CWE-79,1,0,1,0,0,0,1,0,0,0,1614,0.0004842,613,0.0015325,2,5e-06,0.0020217,3.676574230194092
BenchmarkTest01668.java,0,CWE-79,CWE-79,1,1,0,1,0,0,0,0,1,0,1639,0.0004917,822,0.002055,2,5e-06,0.0025516999999999996,4.1118292808532715
BenchmarkTest01669.java,0,CWE-79,CWE-79,1,0,0,1,0,0,0,1,0,0,1503,0.00045089999999999996,2082,0.005205,2,5e-06,0.0056609,11.661685228347778
BenchmarkTest01670.java,0,CWE-79,CWE-79,1,0,1,0,0,0,1,0,0,0,1495,0.0004485,671,0.0016775,2,5e-06,0.0021309999999999996,5.838648080825806
BenchmarkTest01671.java,0,CWE-79,CWE-79,1,1,0,1,0,0,0,0,1,0,1508,0.0004524,1068,0.00267,2,5e-06,0.0031274,8.177954196929932
BenchmarkTest01672.java,0,CWE-78,CWE-78,1,1,0,1,0,0,0,0,1,0,1270,0.000381,720,0.0018,2,5e-06,0.0021859999999999996,3.969224214553833
BenchmarkTest01673.java,0,CWE-78,CWE-78,1,0,1,0,0,0,1,0,0,0,1235,0.0003705,728,0.00182,2,5e-06,0.0021955,3.6772024631500244
BenchmarkTest01674.java,0,CWE-78,CWE-78,1,0,1,0,0,0,1,0,0,0,1263,0.0003789,1000,0.0025,2,5e-06,0.0028839,5.143622159957886
BenchmarkTest01675.java,0,CWE-330,CWE-330,1,0,1,0,0,0,1,0,0,0,1637,0.0004911,492,0.00123,2,5e-06,0.0017261,2.673625946044922
BenchmarkTest01676.java,0,CWE-330,CWE-330,1,0,1,0,0,0,1,0,0,0,1563,0.00046889999999999996,499,0.0012475,2,5e-06,0.0017213999999999999,2.549846887588501
BenchmarkTest01677.java,0,CWE-330,CWE-330,1,0,1,0,0,0,1,0,0,0,1609,0.00048269999999999997,503,0.0012575,2,5e-06,0.0017452,2.5863122940063477
BenchmarkTest01678.java,0,CWE-330,CWE-330,1,0,1,0,0,0,1,0,0,0,1869,0.0005606999999999999,365,0.0009125,2,5e-06,0.0014782,2.074871778488159
BenchmarkTest01679.java,0,CWE-330,CWE-330,1,0,1,0,0,0,1,0,0,0,1541,0.00046229999999999996,425,0.0010625,2,5e-06,0.0015298,2.38083553314209
BenchmarkTest01680.java,0,CWE-330,CWE-330,1,0,1,0,0,0,1,0,0,0,1548,0.00046439999999999996,507,0.0012675,2,5e-06,0.0017369,2.543717861175537
BenchmarkTest01681.java,0,CWE-330,CWE-330,1,0,1,0,0,0,1,0,0,0,1642,0.0004925999999999999,511,0.0012775,2,5e-06,0.0017751,2.469421148300171
BenchmarkTest01682.java,0,CWE-614,CWE-614,1,0,1,0,0,0,1,0,0,0,1261,0.00037830000000000003,236,0.00059,2,5e-06,0.0009733000000000001,3.565004348754883
BenchmarkTest01683.java,0,CWE-614,CWE-614,1,0,1,0,0,0,1,0,0,0,1298,0.0003894,280,0.0007,2,5e-06,0.0010944,1.5655646324157715
BenchmarkTest01684.java,0,CWE-614,,,,0,0,1,0,0,0,1,0,,,,,,,,
BenchmarkTest01685.java,0,CWE-78,CWE-78,1,0,1,0,0,0,1,0,0,0,1353,0.0004059,1060,0.00265,2,5e-06,0.0030608999999999996,5.448318004608154
BenchmarkTest01686.java,0,CWE-78,CWE-78,1,1,0,1,0,0,0,0,1,0,1150,0.000345,850,0.002125,2,5e-06,0.0024749999999999998,4.048113822937012
BenchmarkTest01687.java,0,CWE-78,CWE-78,1,1,0,1,0,0,0,0,1,0,1368,0.0004104,913,0.0022825,2,5e-06,0.0026978999999999996,4.129038095474243
BenchmarkTest01688.java,0,CWE-78,CWE-78,1,1,0,1,0,0,0,0,1,0,1247,0.0003741,917,0.0022925,2,5e-06,0.0026715999999999997,4.2896950244903564
BenchmarkTest01689.java,0,CWE-78,CWE-78,1,0,1,0,0,0,1,0,0,0,1251,0.0003753,1131,0.0028275,2,5e-06,0.0032078,5.731508016586304
BenchmarkTest01690.java,0,CWE-78,CWE-78,1,0,1,0,0,0,1,0,0,0,1108,0.0003324,1222,0.003055,2,5e-06,0.0033924,6.286058664321899
BenchmarkTest01691.java,0,CWE-78,CWE-78,1,0,1,0,0,0,1,0,0,0,1216,0.00036480000000000003,1306,0.003265,2,5e-06,0.0036348,5.995500802993774
BenchmarkTest01692.java,0,CWE-78,CWE-78,1,1,0,1,0,0,0,0,1,0,1583,0.0004749,1492,0.00373,2,5e-06,0.0042099,6.1068689823150635
BenchmarkTest01693.java,0,CWE-78,CWE-78,1,1,0,1,0,0,0,0,1,0,1258,0.00037739999999999996,1341,0.0033525,2,5e-06,0.0037348999999999998,6.100450754165649
BenchmarkTest01694.java,0,CWE-330,,,,0,0,1,0,0,0,1,0,,,,,,,,
BenchmarkTest01695.java,0,CWE-330,,,,0,0,1,0,0,0,1,0,,,,,,,,
BenchmarkTest01696.java,0,CWE-330,,,,0,0,1,0,0,0,1,0,,,,,,,,
BenchmarkTest01697.java,0,CWE-330,,,,0,0,1,0,0,0,1,0,,,,,,,,
BenchmarkTest01698.java,0,CWE-330,CWE-330,1,1,0,1,0,0,0,0,1,0,1983,0.0005949,773,0.0019325,2,5e-06,0.0025323999999999998,3.9286890029907227
BenchmarkTest01699.java,0,CWE-330,CWE-330,1,1,0,1,0,0,0,0,1,0,1631,0.0004892999999999999,662,0.001655,2,5e-06,0.0021493,3.7298667430877686
BenchmarkTest01700.java,0,CWE-330,CWE-330,1,1,0,1,0,0,0,0,1,0,1719,0.0005156999999999999,710,0.001775,2,5e-06,0.0022957,4.946003198623657
BenchmarkTest01701.java,0,CWE-330,,,,0,0,1,0,0,0,1,0,,,,,,,,
BenchmarkTest01702.java,0,CWE-330,,,,0,0,1,0,0,0,1,0,,,,,,,,
BenchmarkTest01703.java,0,CWE-330,,,,0,0,1,0,0,0,1,0,,,,,,,,
BenchmarkTest01704.java,0,CWE-330,,,,0,0,1,0,0,0,1,0,,,,,,,,
BenchmarkTest01705.java,0,CWE-330,,,,0,0,1,0,0,0,1,0,,,,,,,,
BenchmarkTest01706.java,0,CWE-330,,,,0,0,1,0,0,0,1,0,,,,,,,,
BenchmarkTest01707.java,0,CWE-330,,,,0,0,1,0,0,0,1,0,,,,,,,,
BenchmarkTest01712.java,0,CWE-89,CWE-89,1,0,1,0,0,0,1,0,0,0,1230,0.000369,896,0.00224,2,5e-06,0.0026139999999999996,5.756205797195435
BenchmarkTest01713.java,0,CWE-89,CWE-89,1,1,0,1,0,0,0,0,1,0,1263,0.0003789,962,0.002405,2,5e-06,0.0027889,4.658064603805542
BenchmarkTest01714.java,0,CWE-89,CWE-89,1,1,0,1,0,0,0,0,1,0,1188,0.0003564,701,0.0017525,2,5e-06,0.0021138999999999997,3.629084587097168
BenchmarkTest01715.java,0,CWE-89,CWE-89,1,0,1,0,0,0,1,0,0,0,1204,0.0003612,904,0.00226,2,5e-06,0.0026261999999999995,4.676316738128662
BenchmarkTest01716.java,0,CWE-89,CWE-89,1,0,1,0,0,0,1,0,0,0,1209,0.0003627,944,0.00236,2,5e-06,0.0027277,4.750678300857544
BenchmarkTest01717.java,0,CWE-89,CWE-89,1,0,0,1,0,0,0,1,0,0,1264,0.0003792,834,0.002085,2,5e-06,0.0024692,4.054608583450317
BenchmarkTest01718.java,0,CWE-89,CWE-89,1,0,1,0,0,0,1,0,0,0,1224,0.0003672,856,0.00214,2,5e-06,0.0025121999999999996,3.9873781204223633
BenchmarkTest01719.java,0,CWE-89,CWE-89,1,0,0,1,0,0,0,1,0,0,1230,0.000369,754,0.001885,2,5e-06,0.0022589999999999997,3.7201180458068848
BenchmarkTest01720.java,0,CWE-89,,,,0,0,0,1,0,0,0,1,,,,,,,,
BenchmarkTest01721.java,0,CWE-89,CWE-89,1,0,1,0,0,0,1,0,0,0,1385,0.0004155,958,0.002395,2,5e-06,0.0028155,4.281732559204102
BenchmarkTest01722.java,0,CWE-89,CWE-89,1,1,0,1,0,0,0,0,1,0,1495,0.0004485,983,0.0024575,2,5e-06,0.002911,4.47986364364624
BenchmarkTest01723.java,0,CWE-89,,,,0,0,0,1,0,0,0,1,,,,,,,,
BenchmarkTest01724.java,0,CWE-89,,,,0,0,0,1,0,0,0,1,,,,,,,,
BenchmarkTest01725.java,0,CWE-89,,,,0,0,0,1,0,0,0,1,,,,,,,,
BenchmarkTest01726.java,0,CWE-89,,,,0,0,0,1,0,0,0,1,,,,,,,,
BenchmarkTest01727.java,0,CWE-89,CWE-89,1,0,1,0,0,0,1,0,0,0,1196,0.0003588,746,0.001865,2,5e-06,0.0022287999999999995,3.557961940765381
BenchmarkTest01728.java,0,CWE-89,CWE-89,1,0,1,0,0,0,1,0,0,0,1154,0.0003462,904,0.00226,2,5e-06,0.0026111999999999997,4.23458194732666
BenchmarkTest01729.java,0,CWE-89,CWE-89,1,1,0,1,0,0,0,0,1,0,1224,0.0003672,765,0.0019125,2,5e-06,0.0022846999999999998,3.6888270378112793
BenchmarkTest01730.java,0,CWE-89,CWE-89,1,0,1,0,0,0,1,0,0,0,1199,0.0003597,835,0.0020875,2,5e-06,0.0024522,5.083652496337891
BenchmarkTest01731.java,0,CWE-89,CWE-89,1,0,1,0,0,0,1,0,0,0,1223,0.0003669,911,0.0022775,2,5e-06,0.0026493999999999997,4.6080451011657715
BenchmarkTest01732.java,0,CWE-89,CWE-89,1,1,0,1,0,0,0,0,1,0,1152,0.00034559999999999994,820,0.00205,2,5e-06,0.0024006,3.8558459281921387
BenchmarkTest01733.java,0,CWE-89,CWE-89,1,0,1,0,0,0,1,0,0,0,1155,0.0003465,784,0.00196,2,5e-06,0.0023114999999999998,3.6987524032592773
BenchmarkTest01734.java,0,CWE-643,CWE-643,1,0,1,0,0,0,1,0,0,0,1363,0.00040889999999999996,832,0.00208,2,5e-06,0.0024938999999999994,3.979149580001831
BenchmarkTest01735.java,0,CWE-643,CWE-643,1,1,0,1,0,0,0,0,1,0,1366,0.0004098,548,0.00137,2,5e-06,0.0017847999999999998,2.5962772369384766
BenchmarkTest01736.java,0,CWE-643,CWE-643,1,0,1,0,0,0,1,0,0,0,1299,0.0003897,909,0.0022725,2,5e-06,0.0026671999999999998,4.301567077636719
BenchmarkTest01737.java,0,CWE-327,,,,0,0,1,0,0,0,1,0,,,,,,,,
BenchmarkTest01738.java,0,CWE-327,,,,0,0,1,0,0,0,1,0,,,,,,,,
BenchmarkTest01739.java,0,CWE-327,,,,0,0,1,0,0,0,1,0,,,,,,,,
BenchmarkTest01740.java,0,CWE-327,CWE-327,1,0,1,0,0,0,1,0,0,0,1399,0.0004197,460,0.00115,2,5e-06,0.0015747,3.0655033588409424
BenchmarkTest01741.java,0,CWE-327,CWE-327,1,0,1,0,0,0,1,0,0,0,1465,0.0004395,238,0.000595,2,5e-06,0.0010395,1.4716720581054688
BenchmarkTest01742.java,0,CWE-327,CWE-327,1,0,1,0,0,0,1,0,0,0,1398,0.0004194,675,0.0016875,2,5e-06,0.0021119,3.607346296310425
BenchmarkTest01743.java,0,CWE-90,,,,0,0,1,0,0,0,1,0,,,,,,,,
BenchmarkTest01744.java,0,CWE-22,,,,0,0,1,0,0,0,1,0,,,,,,,,
BenchmarkTest01745.java,0,CWE-22,,,,0,0,1,0,0,0,1,0,,,,,,,,
BenchmarkTest01746.java,0,CWE-22,,,,0,0,1,0,0,0,1,0,,,,,,,,
BenchmarkTest01747.java,0,CWE-22,,,,0,0,1,0,0,0,1,0,,,,,,,,
BenchmarkTest01748.java,0,CWE-22,,,,0,0,1,0,0,0,1,0,,,,,,,,
BenchmarkTest01749.java,0,CWE-22,,,,0,0,1,0,0,0,1,0,,,,,,,,
BenchmarkTest01750.java,0,CWE-22,,,,0,0,1,0,0,0,1,0,,,,,,,,
BenchmarkTest01751.java,0,CWE-22,,,,0,0,1,0,0,0,1,0,,,,,,,,
BenchmarkTest01752.java,0,CWE-22,,,,0,0,1,0,0,0,1,0,,,,,,,,
BenchmarkTest01753.java,0,CWE-90,,,,0,0,1,0,0,0,1,0,,,,,,,,
BenchmarkTest01754.java,0,CWE-90,,,,0,0,1,0,0,0,1,0,,,,,,,,
BenchmarkTest01755.java,0,CWE-90,,,,0,0,1,0,0,0,1,0,,,,,,,,
BenchmarkTest01756.java,0,CWE-90,,,,0,0,1,0,0,0,1,0,,,,,,,,
BenchmarkTest01757.java,0,CWE-328,CWE-916,0,0,1,0,0,0,1,0,0,0,1527,0.00045809999999999997,1188,0.00297,2,5e-06,0.0034330999999999997,5.517977714538574
BenchmarkTest01758.java,0,CWE-328,,,,0,0,1,0,0,0,1,0,,,,,,,,
BenchmarkTest01759.java,0,CWE-328,,,,0,0,1,0,0,0,1,0,,,,,,,,
BenchmarkTest01760.java,0,CWE-328,,,,0,0,1,0,0,0,1,0,,,,,,,,
BenchmarkTest01761.java,0,CWE-328,CWE-916,0,0,1,0,0,0,1,0,0,0,1432,0.0004296,985,0.0024625,2,5e-06,0.0028970999999999997,4.875216484069824
BenchmarkTest01762.java,0,CWE-328,,,,0,0,1,0,0,0,1,0,,,,,,,,
BenchmarkTest01763.java,0,CWE-328,,,,0,0,1,0,0,0,1,0,,,,,,,,
BenchmarkTest01764.java,0,CWE-328,,,,0,0,1,0,0,0,1,0,,,,,,,,
BenchmarkTest01765.java,0,CWE-328,,,,0,0,0,1,0,0,0,1,,,,,,,,
BenchmarkTest01766.java,0,CWE-328,,,,0,0,0,1,0,0,0,1,,,,,,,,
BenchmarkTest01767.java,0,CWE-79,,,,0,0,1,0,0,0,1,0,,,,,,,,
BenchmarkTest01768.java,0,CWE-79,,,,0,0,1,0,0,0,1,0,,,,,,,,
BenchmarkTest01769.java,0,CWE-79,,,,0,0,1,0,0,0,1,0,,,,,,,,
BenchmarkTest01770.java,0,CWE-79,,,,0,0,1,0,0,0,1,0,,,,,,,,
BenchmarkTest01771.java,0,CWE-79,,,,0,0,1,0,0,0,1,0,,,,,,,,
BenchmarkTest01772.java,0,CWE-79,,,,0,0,1,0,0,0,1,0,,,,,,,,
BenchmarkTest01773.java,0,CWE-79,,,,0,0,1,0,0,0,1,0,,,,,,,,
BenchmarkTest01774.java,0,CWE-79,,,,0,0,1,0,0,0,1,0,,,,,,,,
BenchmarkTest01775.java,0,CWE-79,,,,0,0,1,0,0,0,1,0,,,,,,,,
BenchmarkTest01776.java,0,CWE-79,,,,0,0,1,0,0,0,1,0,,,,,,,,
BenchmarkTest01777.java,0,CWE-79,,,,0,0,1,0,0,0,1,0,,,,,,,,
BenchmarkTest01778.java,0,CWE-78,,,,0,0,1,0,0,0,1,0,,,,,,,,
BenchmarkTest01779.java,0,CWE-78,,,,0,0,1,0,0,0,1,0,,,,,,,,
BenchmarkTest01780.java,0,CWE-78,,,,0,0,1,0,0,0,1,0,,,,,,,,
BenchmarkTest01781.java,0,CWE-330,CWE-330,1,0,1,0,0,0,1,0,0,0,1449,0.0004347,502,0.001255,2,5e-06,0.0016947000000000002,3.521409273147583
BenchmarkTest01782.java,0,CWE-330,CWE-330,1,0,1,0,0,0,1,0,0,0,1429,0.0004287,647,0.0016175,2,5e-06,0.0020512,3.823162317276001
BenchmarkTest01783.java,0,CWE-330,CWE-330,1,0,1,0,0,0,1,0,0,0,1387,0.0004161,420,0.00105,2,5e-06,0.0014711,2.9906041622161865
BenchmarkTest01784.java,0,CWE-330,CWE-330,1,0,1,0,0,0,1,0,0,0,1422,0.00042659999999999996,478,0.001195,2,5e-06,0.0016266,3.7727842330932617
BenchmarkTest01785.java,0,CWE-330,CWE-330,1,0,1,0,0,0,1,0,0,0,1374,0.0004122,555,0.0013875,2,5e-06,0.0018047,3.194685697555542
BenchmarkTest01786.java,0,CWE-330,CWE-330,1,0,1,0,0,0,1,0,0,0,1423,0.00042689999999999997,690,0.001725,2,5e-06,0.0021569,4.334878206253052
BenchmarkTest01787.java,0,CWE-330,CWE-330,1,0,1,0,0,0,1,0,0,0,1349,0.00040469999999999997,545,0.0013625,2,5e-06,0.0017722,3.253537178039551
BenchmarkTest01788.java,0,CWE-330,CWE-330,1,0,1,0,0,0,1,0,0,0,1380,0.000414,697,0.0017425,2,5e-06,0.0021615,4.175917625427246
BenchmarkTest01789.java,0,CWE-614,CWE-614,1,0,1,0,0,0,1,0,0,0,1137,0.00034109999999999994,246,0.000615,2,5e-06,0.0009610999999999999,1.6390290260314941
BenchmarkTest01790.java,0,CWE-79,,,,0,0,1,0,0,0,1,0,,,,,,,,
BenchmarkTest01791.java,0,CWE-78,,,,0,0,1,0,0,0,1,0,,,,,,,,
BenchmarkTest01792.java,0,CWE-78,,,,0,0,1,0,0,0,1,0,,,,,,,,
BenchmarkTest01793.java,0,CWE-78,,,,0,0,1,0,0,0,1,0,,,,,,,,
BenchmarkTest01794.java,0,CWE-78,,,,0,0,1,0,0,0,1,0,,,,,,,,
BenchmarkTest01795.java,0,CWE-78,,,,0,0,1,0,0,0,1,0,,,,,,,,
BenchmarkTest01796.java,0,CWE-78,,,,0,0,1,0,0,0,1,0,,,,,,,,
BenchmarkTest01797.java,0,CWE-330,,,,0,0,1,0,0,0,1,0,,,,,,,,
BenchmarkTest01798.java,0,CWE-330,,,,0,0,1,0,0,0,1,0,,,,,,,,
BenchmarkTest01799.java,0,CWE-330,,,,0,0,1,0,0,0,1,0,,,,,,,,
BenchmarkTest01800.java,0,CWE-330,,,,0,0,1,0,0,0,1,0,,,,,,,,
BenchmarkTest01801.java,0,CWE-330,,,,0,0,1,0,0,0,1,0,,,,,,,,
BenchmarkTest01803.java,0,CWE-89,,,,0,0,1,0,0,0,1,0,,,,,,,,
BenchmarkTest01804.java,0,CWE-89,,,,0,0,1,0,0,0,1,0,,,,,,,,
BenchmarkTest01805.java,0,CWE-89,,,,0,0,1,0,0,0,1,0,,,,,,,,
BenchmarkTest01806.java,0,CWE-89,,,,0,0,1,0,0,0,1,0,,,,,,,,
BenchmarkTest01807.java,0,CWE-89,,,,0,0,1,0,0,0,1,0,,,,,,,,
BenchmarkTest01808.java,0,CWE-89,,,,0,0,1,0,0,0,1,0,,,,,,,,
BenchmarkTest01809.java,0,CWE-89,,,,0,0,1,0,0,0,1,0,,,,,,,,
BenchmarkTest01810.java,0,CWE-89,,,,0,0,1,0,0,0,1,0,,,,,,,,
BenchmarkTest01811.java,0,CWE-89,,,,0,0,1,0,0,0,1,0,,,,,,,,
BenchmarkTest01812.java,0,CWE-89,,,,0,0,1,0,0,0,1,0,,,,,,,,
BenchmarkTest01813.java,0,CWE-89,,,,0,0,1,0,0,0,1,0,,,,,,,,
BenchmarkTest01814.java,0,CWE-89,,,,0,0,1,0,0,0,1,0,,,,,,,,
BenchmarkTest01815.java,0,CWE-89,,,,0,0,1,0,0,0,1,0,,,,,,,,
BenchmarkTest01816.java,0,CWE-89,,,,0,0,1,0,0,0,1,0,,,,,,,,
BenchmarkTest01817.java,0,CWE-89,,,,0,0,1,0,0,0,1,0,,,,,,,,
BenchmarkTest01818.java,0,CWE-89,,,,0,0,1,0,0,0,1,0,,,,,,,,
BenchmarkTest01819.java,0,CWE-89,,,,0,0,1,0,0,0,1,0,,,,,,,,
BenchmarkTest01820.java,0,CWE-89,,,,0,0,1,0,0,0,1,0,,,,,,,,
BenchmarkTest01821.java,0,CWE-643,,,,0,0,1,0,0,0,1,0,,,,,,,,
BenchmarkTest01822.java,0,CWE-327,CWE-327,1,0,1,0,0,0,1,0,0,0,2091,0.0006272999999999999,261,0.0006525,2,5e-06,0.0012847999999999998,1.7680261135101318
BenchmarkTest01823.java,0,CWE-327,CWE-327,1,0,1,0,0,0,1,0,0,0,2012,0.0006036,236,0.00059,2,5e-06,0.0011986,1.5313706398010254
BenchmarkTest01824.java,0,CWE-327,,,,0,0,1,0,0,0,1,0,,,,,,,,
BenchmarkTest01825.java,0,CWE-327,,,,0,0,1,0,0,0,1,0,,,,,,,,
BenchmarkTest01826.java,0,CWE-327,,,,0,0,1,0,0,0,1,0,,,,,,,,
BenchmarkTest01827.java,0,CWE-327,,,,0,0,1,0,0,0,1,0,,,,,,,,
BenchmarkTest01828.java,0,CWE-327,,,,0,0,1,0,0,0,1,0,,,,,,,,
BenchmarkTest01829.java,0,CWE-327,CWE-327,1,0,1,0,0,0,1,0,0,0,1914,0.0005742,280,0.0007,2,5e-06,0.0012792,2.184213161468506
BenchmarkTest01830.java,0,CWE-327,CWE-327,1,0,1,0,0,0,1,0,0,0,1616,0.00048479999999999997,566,0.001415,2,5e-06,0.0019048000000000001,3.186400890350342
BenchmarkTest01831.java,0,CWE-90,CWE-90,1,0,1,0,0,0,1,0,0,0,1581,0.00047429999999999993,954,0.002385,2,5e-06,0.0028642999999999997,4.462780237197876
BenchmarkTest01832.java,0,CWE-90,CWE-90,1,0,1,0,0,0,1,0,0,0,1566,0.0004698,871,0.0021775,2,5e-06,0.0026523,4.62757682800293
BenchmarkTest01833.java,0,CWE-22,CWE-23,0,0,1,0,0,0,1,0,0,0,1590,0.000477,1363,0.0034075,2,5e-06,0.0038894999999999997,6.109960079193115
BenchmarkTest01834.java,0,CWE-22,CWE-23,0,1,0,1,0,0,0,0,1,0,1579,0.00047369999999999997,1231,0.0030775,2,5e-06,0.0035562,6.11263632774353
BenchmarkTest01835.java,0,CWE-22,CWE-23,0,0,1,0,0,0,1,0,0,0,1519,0.00045569999999999996,1048,0.00262,2,5e-06,0.0030806999999999996,4.823879718780518
BenchmarkTest01836.java,0,CWE-22,CWE-23,0,0,1,0,0,0,1,0,0,0,1752,0.0005256,1073,0.0026825,2,5e-06,0.0032131,5.3231518268585205
BenchmarkTest01837.java,0,CWE-22,CWE-23,0,1,0,1,0,0,0,0,1,0,1687,0.0005061,711,0.0017775,2,5e-06,0.0022886,3.3946619033813477
BenchmarkTest01838.java,0,CWE-22,CWE-23,0,0,0,1,0,0,0,1,0,0,1749,0.0005246999999999999,2084,0.00521,2,5e-06,0.0057397,10.690783023834229
BenchmarkTest01839.java,0,CWE-22,CWE-23,0,0,1,0,0,0,1,0,0,0,1553,0.0004659,865,0.0021625,2,5e-06,0.0026333999999999997,4.008181095123291
BenchmarkTest01840.java,0,CWE-22,CWE-23,0,0,1,0,0,0,1,0,0,0,1515,0.0004545,835,0.0020875,2,5e-06,0.002547,3.8088338375091553
BenchmarkTest01841.java,0,CWE-22,CWE-23,0,1,0,1,0,0,0,0,1,0,1827,0.0005481,5020,0.01255,2,5e-06,0.0131031,22.642117977142334
BenchmarkTest01842.java,0,CWE-330,CWE-330,1,0,1,0,0,0,1,0,0,0,1556,0.00046679999999999996,779,0.0019475,2,5e-06,0.0024192999999999997,3.7496159076690674
BenchmarkTest01843.java,0,CWE-330,CWE-330,1,0,1,0,0,0,1,0,0,0,1642,0.0004925999999999999,608,0.00152,2,5e-06,0.0020175999999999996,2.831312656402588
BenchmarkTest01844.java,0,CWE-328,CWE-916,0,0,1,0,0,0,1,0,0,0,2008,0.0006024,631,0.0015775,2,5e-06,0.0021848999999999996,3.9165472984313965
BenchmarkTest01845.java,0,CWE-328,CWE-916,0,0,1,0,0,0,1,0,0,0,1684,0.0005052,807,0.0020175,2,5e-06,0.0025277,4.416279077529907
BenchmarkTest01846.java,0,CWE-328,CWE-916,0,0,1,0,0,0,1,0,0,0,1660,0.000498,682,0.001705,2,5e-06,0.002208,3.8234188556671143
BenchmarkTest01847.java,0,CWE-328,,,,0,0,1,0,0,0,1,0,,,,,,,,
BenchmarkTest01848.java,0,CWE-328,,,,0,0,1,0,0,0,1,0,,,,,,,,
BenchmarkTest01849.java,0,CWE-328,,,,0,0,1,0,0,0,1,0,,,,,,,,
BenchmarkTest01850.java,0,CWE-78,CWE-78,1,0,1,0,0,0,1,0,0,0,1294,0.0003882,720,0.0018,2,5e-06,0.0021931999999999998,3.7849719524383545
BenchmarkTest01851.java,0,CWE-78,CWE-78,1,0,1,0,0,0,1,0,0,0,1367,0.00041009999999999994,1101,0.0027525,2,5e-06,0.0031676,4.618954658508301
BenchmarkTest01852.java,0,CWE-78,CWE-78,1,0,1,0,0,0,1,0,0,0,1298,0.0003894,996,0.00249,2,5e-06,0.0028843999999999996,4.397364616394043
BenchmarkTest01853.java,0,CWE-330,CWE-330,1,0,1,0,0,0,1,0,0,0,1620,0.000486,550,0.001375,2,5e-06,0.0018659999999999998,3.7907474040985107
BenchmarkTest01854.java,0,CWE-330,CWE-330,1,0,1,0,0,0,1,0,0,0,1917,0.0005751,363,0.0009075,2,5e-06,0.0014876000000000002,2.5342512130737305
BenchmarkTest01855.java,0,CWE-330,CWE-330,1,0,1,0,0,0,1,0,0,0,1608,0.00048239999999999996,475,0.0011875,2,5e-06,0.0016749,3.031278133392334
BenchmarkTest01856.java,0,CWE-330,CWE-330,1,0,1,0,0,0,1,0,0,0,1526,0.0004578,647,0.0016175,2,5e-06,0.0020802999999999998,4.876652479171753
BenchmarkTest01857.java,0,CWE-330,CWE-330,1,0,1,0,0,0,1,0,0,0,1597,0.0004791,467,0.0011675,2,5e-06,0.0016515999999999998,3.123237133026123
BenchmarkTest01858.java,0,CWE-330,CWE-330,1,0,1,0,0,0,1,0,0,0,1671,0.0005013,764,0.00191,2,5e-06,0.0024162999999999997,4.3502466678619385
BenchmarkTest01859.java,0,CWE-330,CWE-330,1,0,1,0,0,0,1,0,0,0,1541,0.00046229999999999996,511,0.0012775,2,5e-06,0.0017448,2.6791255474090576
BenchmarkTest01860.java,0,CWE-330,CWE-330,1,0,1,0,0,0,1,0,0,0,1541,0.00046229999999999996,582,0.001455,2,5e-06,0.0019222999999999998,3.0277976989746094
BenchmarkTest01861.java,0,CWE-614,CWE-614,1,0,1,0,0,0,1,0,0,0,1334,0.00040019999999999997,854,0.002135,2,5e-06,0.0025402,4.363736391067505
BenchmarkTest01862.java,0,CWE-614,,,,0,0,1,0,0,0,1,0,,,,,,,,
BenchmarkTest01863.java,0,CWE-614,,,,0,0,1,0,0,0,1,0,,,,,,,,
BenchmarkTest01864.java,0,CWE-78,CWE-78,1,0,1,0,0,0,1,0,0,0,1263,0.0003789,984,0.00246,2,5e-06,0.0028439,4.41534161567688
BenchmarkTest01865.java,0,CWE-78,CWE-78,1,0,0,1,0,0,0,1,0,0,1325,0.0003975,1060,0.00265,2,5e-06,0.0030524999999999997,4.92587947845459
BenchmarkTest01866.java,0,CWE-330,CWE-330,1,1,0,1,0,0,0,0,1,0,1688,0.0005064,2052,0.00513,2,5e-06,0.0056413999999999995,10.445796966552734
BenchmarkTest01867.java,0,CWE-330,CWE-330,1,1,0,1,0,0,0,0,1,0,1797,0.0005391,774,0.001935,2,5e-06,0.0024790999999999997,3.9193594455718994
BenchmarkTest01868.java,0,CWE-330,,,,0,0,1,0,0,0,1,0,,,,,,,,
BenchmarkTest01869.java,0,CWE-330,,,,0,0,1,0,0,0,1,0,,,,,,,,
BenchmarkTest01870.java,0,CWE-330,,,,0,0,1,0,0,0,1,0,,,,,,,,
BenchmarkTest01871.java,0,CWE-330,,,,0,0,1,0,0,0,1,0,,,,,,,,
BenchmarkTest01877.java,0,CWE-89,CWE-89,1,1,0,1,0,0,0,0,1,0,1317,0.00039509999999999995,735,0.0018375,2,5e-06,0.0022375999999999997,3.4866769313812256
BenchmarkTest01878.java,0,CWE-89,CWE-89,1,1,0,1,0,0,0,0,1,0,1206,0.0003618,1345,0.0033625,2,5e-06,0.0037292999999999996,6.0633227825164795
BenchmarkTest01879.java,0,CWE-89,CWE-89,1,0,0,1,0,0,0,1,0,0,1278,0.0003834,984,0.00246,2,5e-06,0.0028483999999999996,4.552839994430542
BenchmarkTest01880.java,0,CWE-89,CWE-89,1,1,0,1,0,0,0,0,1,0,1350,0.000405,1252,0.00313,2,5e-06,0.0035399999999999997,5.967798948287964
BenchmarkTest01881.java,0,CWE-89,CWE-89,1,0,1,0,0,0,1,0,0,0,1300,0.00039,598,0.001495,2,5e-06,0.00189,2.865799903869629
BenchmarkTest01882.java,0,CWE-89,CWE-89,1,0,1,0,0,0,1,0,0,0,1495,0.0004485,759,0.0018975,2,5e-06,0.002351,3.642385482788086
BenchmarkTest01883.java,0,CWE-89,,,,0,0,0,1,0,0,0,1,,,,,,,,
BenchmarkTest01884.java,0,CWE-89,CWE-89,1,1,0,1,0,0,0,0,1,0,1217,0.0003651,825,0.0020625,2,5e-06,0.0024326,3.708604335784912
BenchmarkTest01885.java,0,CWE-89,CWE-89,1,1,0,1,0,0,0,0,1,0,1228,0.00036839999999999996,920,0.0023,2,5e-06,0.0026734,4.549124479293823
BenchmarkTest01886.java,0,CWE-89,CWE-89,1,1,0,1,0,0,0,0,1,0,1502,0.00045059999999999995,902,0.002255,2,5e-06,0.0027105999999999996,5.284165620803833
BenchmarkTest01887.java,0,CWE-89,CWE-89,1,0,1,0,0,0,1,0,0,0,1134,0.0003402,651,0.0016275,2,5e-06,0.0019727,3.279587984085083
BenchmarkTest01888.java,0,CWE-89,CWE-89,1,0,1,0,0,0,1,0,0,0,1189,0.0003567,936,0.00234,2,5e-06,0.0027017,5.469455718994141
BenchmarkTest01889.java,0,CWE-89,CWE-89,1,0,1,0,0,0,1,0,0,0,1143,0.0003429,864,0.00216,2,5e-06,0.0025079,5.028106927871704
BenchmarkTest01890.java,0,CWE-89,CWE-89,1,0,1,0,0,0,1,0,0,0,1143,0.0003429,632,0.00158,2,5e-06,0.0019279,3.5251235961914062
BenchmarkTest01891.java,0,CWE-89,CWE-89,1,0,1,0,0,0,1,0,0,0,1191,0.0003573,1005,0.0025125,2,5e-06,0.0028748,5.644297361373901
BenchmarkTest01892.java,0,CWE-643,CWE-643,1,0,1,0,0,0,1,0,0,0,1469,0.0004407,888,0.00222,2,5e-06,0.0026657,4.746233701705933
BenchmarkTest01893.java,0,CWE-643,CWE-643,1,1,0,1,0,0,0,0,1,0,1408,0.00042239999999999997,668,0.00167,2,5e-06,0.0020973999999999997,3.2588183879852295
BenchmarkTest01894.java,0,CWE-643,CWE-643,1,0,1,0,0,0,1,0,0,0,1281,0.0003843,616,0.00154,2,5e-06,0.0019293,4.068263530731201
BenchmarkTest01895.java,0,CWE-327,CWE-327,1,0,1,0,0,0,1,0,0,0,1889,0.0005667,159,0.0003975,2,5e-06,0.0009691999999999999,1.2467970848083496
BenchmarkTest01896.java,0,CWE-327,,,,0,0,1,0,0,0,1,0,,,,,,,,
BenchmarkTest01897.java,0,CWE-327,CWE-327,1,0,1,0,0,0,1,0,0,0,1487,0.00044609999999999995,264,0.00066,2,5e-06,0.0011111,1.7675659656524658
BenchmarkTest01898.java,0,CWE-327,CWE-327,1,0,1,0,0,0,1,0,0,0,1510,0.000453,229,0.0005725,2,5e-06,0.0010305,1.495255708694458
BenchmarkTest01899.java,0,CWE-327,,,,0,0,1,0,0,0,1,0,,,,,,,,
BenchmarkTest01900.java,0,CWE-327,CWE-327,1,0,1,0,0,0,1,0,0,0,1418,0.0004254,338,0.000845,2,5e-06,0.0012754,2.145751476287842
BenchmarkTest01901.java,0,CWE-327,,,,0,0,1,0,0,0,1,0,,,,,,,,
BenchmarkTest01902.java,0,CWE-90,CWE-90,1,0,1,0,0,0,1,0,0,0,1376,0.0004128,740,0.00185,2,5e-06,0.0022678,3.683269500732422
BenchmarkTest01903.java,0,CWE-90,CWE-90,1,1,0,1,0,0,0,0,1,0,1343,0.0004029,858,0.002145,2,5e-06,0.0025529,4.127013206481934
BenchmarkTest01904.java,0,CWE-22,CWE-23,0,0,1,0,0,0,1,0,0,0,1394,0.0004182,1213,0.0030325,2,5e-06,0.0034557,5.5633649826049805
BenchmarkTest01905.java,0,CWE-22,CWE-23,0,1,0,1,0,0,0,0,1,0,1535,0.0004605,1130,0.002825,2,5e-06,0.0032904999999999996,4.996735095977783
BenchmarkTest01906.java,0,CWE-22,CWE-23,0,0,1,0,0,0,1,0,0,0,1408,0.00042239999999999997,859,0.0021475,2,5e-06,0.0025748999999999998,4.162420749664307
BenchmarkTest01907.java,0,CWE-22,CWE-23,0,0,1,0,0,0,1,0,0,0,1362,0.00040859999999999996,905,0.0022625,2,5e-06,0.0026761,4.251542329788208
BenchmarkTest01908.java,0,CWE-22,CWE-23,0,0,1,0,0,0,1,0,0,0,1576,0.00047279999999999995,779,0.0019475,2,5e-06,0.0024252999999999996,3.9519970417022705
BenchmarkTest01909.java,0,CWE-90,CWE-90,1,1,0,1,0,0,0,0,1,0,1476,0.00044280000000000003,782,0.001955,2,5e-06,0.0024028,4.1195642948150635
BenchmarkTest01910.java,0,CWE-330,CWE-330,1,0,1,0,0,0,1,0,0,0,1472,0.00044159999999999995,544,0.00136,2,5e-06,0.0018066,2.9435665607452393
BenchmarkTest01911.java,0,CWE-328,CWE-916,0,0,1,0,0,0,1,0,0,0,1556,0.00046679999999999996,949,0.0023725,2,5e-06,0.0028442999999999997,4.669234275817871
BenchmarkTest01912.java,0,CWE-328,,,,0,0,1,0,0,0,1,0,,,,,,,,
BenchmarkTest01913.java,0,CWE-328,,,,0,0,1,0,0,0,1,0,,,,,,,,
BenchmarkTest01914.java,0,CWE-79,CWE-79,1,1,0,1,0,0,0,0,1,0,1450,0.000435,805,0.0020125,2,5e-06,0.0024525,4.002384662628174
BenchmarkTest01915.java,0,CWE-79,CWE-79,1,1,0,1,0,0,0,0,1,0,1391,0.0004173,1068,0.00267,2,5e-06,0.0030923,5.058352947235107
BenchmarkTest01916.java,0,CWE-79,CWE-79,1,0,1,0,0,0,1,0,0,0,1347,0.00040409999999999996,800,0.002,2,5e-06,0.0024091,4.591421604156494
BenchmarkTest01917.java,0,CWE-79,CWE-79,1,1,0,1,0,0,0,0,1,0,1345,0.0004035,480,0.0012,2,5e-06,0.0016085,2.9263720512390137
BenchmarkTest01918.java,0,CWE-79,CWE-79,1,1,0,1,0,0,0,0,1,0,1395,0.0004185,1125,0.0028125,2,5e-06,0.0032359999999999997,5.295793056488037
BenchmarkTest01919.java,0,CWE-79,CWE-79,1,0,1,0,0,0,1,0,0,0,1389,0.0004167,1351,0.0033775,2,5e-06,0.0037991999999999995,6.799978733062744
BenchmarkTest01920.java,0,CWE-79,CWE-79,1,0,1,0,0,0,1,0,0,0,1430,0.000429,872,0.00218,2,5e-06,0.002614,4.401494741439819
BenchmarkTest01921.java,0,CWE-79,CWE-79,1,0,1,0,0,0,1,0,0,0,1463,0.0004389,869,0.0021725,2,5e-06,0.0026163999999999996,4.229984760284424
BenchmarkTest01922.java,0,CWE-79,CWE-79,1,0,1,0,0,0,1,0,0,0,1425,0.0004275,1116,0.00279,2,5e-06,0.0032224999999999997,5.002430438995361
BenchmarkTest01923.java,0,CWE-79,CWE-79,1,0,1,0,0,0,1,0,0,0,1375,0.0004125,1092,0.00273,2,5e-06,0.0031474999999999997,6.225812911987305
BenchmarkTest01924.java,0,CWE-79,CWE-79,1,1,0,1,0,0,0,0,1,0,1356,0.0004068,1119,0.0027975,2,5e-06,0.0032093,6.119173526763916
BenchmarkTest01925.java,0,CWE-79,CWE-79,1,0,1,0,0,0,1,0,0,0,1392,0.00041759999999999996,617,0.0015425,2,5e-06,0.0019651,4.374830007553101
BenchmarkTest01926.java,0,CWE-79,CWE-79,1,0,1,0,0,0,1,0,0,0,1371,0.0004113,750,0.001875,2,5e-06,0.0022912999999999996,4.071274042129517
BenchmarkTest01927.java,0,CWE-79,CWE-79,1,0,1,0,0,0,1,0,0,0,1393,0.00041789999999999997,953,0.0023825,2,5e-06,0.0028054,5.164608955383301
BenchmarkTest01928.java,0,CWE-78,CWE-78,1,0,1,0,0,0,1,0,0,0,1181,0.0003543,802,0.002005,2,5e-06,0.0023642999999999997,4.220794916152954
BenchmarkTest01929.java,0,CWE-78,CWE-78,1,0,1,0,0,0,1,0,0,0,1160,0.000348,1066,0.002665,2,5e-06,0.003018,5.3393471240997314
BenchmarkTest01930.java,0,CWE-330,CWE-330,1,0,1,0,0,0,1,0,0,0,1388,0.0004164,459,0.0011475,2,5e-06,0.0015689,2.65268874168396
BenchmarkTest01931.java,0,CWE-330,CWE-330,1,0,1,0,0,0,1,0,0,0,1708,0.0005124,426,0.001065,2,5e-06,0.0015824,3.3697128295898438
BenchmarkTest01932.java,0,CWE-330,CWE-330,1,0,1,0,0,0,1,0,0,0,1423,0.00042689999999999997,719,0.0017975,2,5e-06,0.0022294,3.6008689403533936
BenchmarkTest01933.java,0,CWE-330,CWE-330,1,0,1,0,0,0,1,0,0,0,1354,0.0004062,550,0.001375,2,5e-06,0.0017862,2.7788867950439453
BenchmarkTest01934.java,0,CWE-330,CWE-330,1,0,1,0,0,0,1,0,0,0,1350,0.000405,533,0.0013325,2,5e-06,0.0017425,3.0752081871032715
BenchmarkTest01935.java,0,CWE-614,,,,0,0,1,0,0,0,1,0,,,,,,,,
BenchmarkTest01936.java,0,CWE-78,CWE-78,1,0,1,0,0,0,1,0,0,0,1111,0.0003333,745,0.0018625,2,5e-06,0.0022007999999999997,3.746379852294922
BenchmarkTest01937.java,0,CWE-78,CWE-78,1,0,0,1,0,0,0,1,0,0,1114,0.0003342,1124,0.00281,2,5e-06,0.0031491999999999996,5.0007569789886475
BenchmarkTest01938.java,0,CWE-78,CWE-78,1,0,1,0,0,0,1,0,0,0,1243,0.00037289999999999996,1401,0.0035025,2,5e-06,0.0038803999999999996,6.7973785400390625
BenchmarkTest01939.java,0,CWE-78,CWE-78,1,1,0,1,0,0,0,0,1,0,1005,0.0003015,704,0.00176,2,5e-06,0.0020664999999999998,3.104586124420166
BenchmarkTest01940.java,0,CWE-78,CWE-78,1,0,1,0,0,0,1,0,0,0,1109,0.0003327,863,0.0021575,2,5e-06,0.0024952,4.344677448272705
BenchmarkTest01941.java,0,CWE-78,CWE-78,1,1,0,1,0,0,0,0,1,0,1301,0.0003903,1821,0.0045525,2,5e-06,0.0049478,7.626092433929443
BenchmarkTest01942.java,0,CWE-78,CWE-78,1,0,1,0,0,0,1,0,0,0,1055,0.0003165,844,0.00211,2,5e-06,0.0024314999999999996,4.318877696990967
BenchmarkTest01943.java,0,CWE-78,CWE-78,1,1,0,1,0,0,0,0,1,0,1202,0.0003606,1009,0.0025225,2,5e-06,0.0028880999999999998,4.960022926330566
BenchmarkTest01944.java,0,CWE-78,CWE-78,1,0,1,0,0,0,1,0,0,0,1164,0.0003492,618,0.001545,2,5e-06,0.0018992,2.972111940383911
BenchmarkTest01945.java,0,CWE-330,,,,0,0,1,0,0,0,1,0,,,,,,,,
BenchmarkTest01946.java,0,CWE-330,,,,0,0,1,0,0,0,1,0,,,,,,,,
BenchmarkTest01947.java,0,CWE-330,,,,0,0,1,0,0,0,1,0,,,,,,,,
BenchmarkTest01948.java,0,CWE-330,,,,0,0,1,0,0,0,1,0,,,,,,,,
BenchmarkTest01949.java,0,CWE-330,,,,0,0,1,0,0,0,1,0,,,,,,,,
BenchmarkTest01950.java,0,CWE-330,,,,0,0,1,0,0,0,1,0,,,,,,,,
BenchmarkTest01951.java,0,CWE-330,,,,0,0,1,0,0,0,1,0,,,,,,,,
BenchmarkTest01952.java,0,CWE-330,,,,0,0,1,0,0,0,1,0,,,,,,,,
BenchmarkTest01953.java,0,CWE-330,,,,0,0,1,0,0,0,1,0,,,,,,,,
BenchmarkTest01954.java,0,CWE-330,,,,0,0,1,0,0,0,1,0,,,,,,,,
BenchmarkTest01961.java,0,CWE-89,CWE-89,1,1,0,1,0,0,0,0,1,0,1341,0.0004023,1541,0.0038525,2,5e-06,0.0042598,6.606083869934082
BenchmarkTest01962.java,0,CWE-89,CWE-89,1,0,1,0,0,0,1,0,0,0,1047,0.0003141,869,0.0021725,2,5e-06,0.0024915999999999996,4.499032497406006
BenchmarkTest01963.java,0,CWE-89,CWE-89,1,0,1,0,0,0,1,0,0,0,989,0.0002967,864,0.00216,2,5e-06,0.0024617,4.46228814125061
BenchmarkTest01964.java,0,CWE-89,CWE-89,1,0,1,0,0,0,1,0,0,0,1293,0.0003879,978,0.002445,2,5e-06,0.0028379,4.650631427764893
BenchmarkTest01965.java,0,CWE-89,,,,0,0,1,0,0,0,1,0,,,,,,,,
BenchmarkTest01966.java,0,CWE-89,,,,0,0,1,0,0,0,1,0,,,,,,,,
BenchmarkTest01967.java,0,CWE-89,,,,0,0,1,0,0,0,1,0,,,,,,,,
BenchmarkTest01968.java,0,CWE-89,CWE-89,1,1,0,1,0,0,0,0,1,0,1075,0.0003225,1742,0.004355,2,5e-06,0.0046825,7.666461944580078
BenchmarkTest01969.java,0,CWE-89,CWE-89,1,1,0,1,0,0,0,0,1,0,994,0.0002982,898,0.002245,2,5e-06,0.0025481999999999996,4.862616539001465
BenchmarkTest01970.java,0,CWE-89,CWE-89,1,0,1,0,0,0,1,0,0,0,1066,0.0003198,853,0.0021325,2,5e-06,0.0024572999999999995,4.837912321090698
BenchmarkTest01971.java,0,CWE-89,CWE-89,1,0,1,0,0,0,1,0,0,0,1065,0.0003195,612,0.00153,2,5e-06,0.0018545,4.209434270858765
BenchmarkTest01972.java,0,CWE-89,CWE-89,1,0,1,0,0,0,1,0,0,0,950,0.000285,597,0.0014925,2,5e-06,0.0017825,3.4890387058258057
BenchmarkTest01973.java,0,CWE-89,CWE-89,1,1,0,1,0,0,0,0,1,0,1048,0.0003144,1323,0.0033075,2,5e-06,0.0036268999999999997,6.756017208099365
BenchmarkTest01974.java,0,CWE-643,CWE-643,1,0,1,0,0,0,1,0,0,0,1285,0.0003855,904,0.00226,2,5e-06,0.0026504999999999996,4.676692485809326
BenchmarkTest01975.java,0,CWE-327,,,,0,0,1,0,0,0,1,0,,,,,,,,
BenchmarkTest01976.java,0,CWE-327,,,,0,0,1,0,0,0,1,0,,,,,,,,
BenchmarkTest01977.java,0,CWE-327,,,,0,0,1,0,0,0,1,0,,,,,,,,
BenchmarkTest01978.java,0,CWE-327,CWE-327,1,0,1,0,0,0,1,0,0,0,1534,0.00046019999999999996,280,0.0007,2,5e-06,0.0011652,1.5489931106567383
BenchmarkTest01979.java,0,CWE-327,,,,0,0,1,0,0,0,1,0,,,,,,,,
BenchmarkTest01980.java,0,CWE-327,CWE-327,1,0,1,0,0,0,1,0,0,0,1480,0.000444,209,0.0005225,2,5e-06,0.0009714999999999999,1.4554855823516846
BenchmarkTest01981.java,0,CWE-327,CWE-327,1,0,1,0,0,0,1,0,0,0,1494,0.0004482,962,0.002405,2,5e-06,0.0028582,5.279119968414307
BenchmarkTest01982.java,0,CWE-327,,,,0,0,1,0,0,0,1,0,,,,,,,,
BenchmarkTest01983.java,0,CWE-22,CWE-23,0,0,1,0,0,0,1,0,0,0,1392,0.00041759999999999996,2567,0.0064175,2,5e-06,0.006840099999999999,12.23939299583435
BenchmarkTest01984.java,0,CWE-22,CWE-23,0,1,0,1,0,0,0,0,1,0,1500,0.00045,1122,0.002805,2,5e-06,0.00326,4.857294321060181
BenchmarkTest01985.java,0,CWE-22,CWE-23,0,0,1,0,0,0,1,0,0,0,1410,0.000423,751,0.0018775,2,5e-06,0.0023055,3.89800763130188
BenchmarkTest01986.java,0,CWE-22,CWE-23,0,1,0,1,0,0,0,0,1,0,1672,0.0005015999999999999,1476,0.00369,2,5e-06,0.0041966,6.148869752883911
BenchmarkTest01987.java,0,CWE-22,CWE-23,0,0,1,0,0,0,1,0,0,0,1634,0.0004902,3433,0.0085825,2,5e-06,0.0090777,15.375046730041504
BenchmarkTest01988.java,0,CWE-22,CWE-23,0,0,1,0,0,0,1,0,0,0,1593,0.00047789999999999996,966,0.002415,2,5e-06,0.0028978999999999997,4.200973749160767
BenchmarkTest01989.java,0,CWE-22,CWE-23,0,0,1,0,0,0,1,0,0,0,1423,0.00042689999999999997,1149,0.0028725,2,5e-06,0.0033044,5.562717437744141
BenchmarkTest01990.java,0,CWE-22,CWE-23,0,1,0,1,0,0,0,0,1,0,1491,0.00044730000000000003,798,0.001995,2,5e-06,0.0024472999999999995,4.220001459121704
BenchmarkTest01991.java,0,CWE-22,CWE-23,0,1,0,1,0,0,0,0,1,0,1917,0.0005751,2775,0.0069375,2,5e-06,0.0075176,12.42865514755249
BenchmarkTest01992.java,0,CWE-330,CWE-330,1,0,1,0,0,0,1,0,0,0,1777,0.0005331,697,0.0017425,2,5e-06,0.0022806,3.838217258453369
BenchmarkTest01993.java,0,CWE-328,,,,0,0,1,0,0,0,1,0,,,,,,,,
BenchmarkTest01994.java,0,CWE-328,,,,0,0,1,0,0,0,1,0,,,,,,,,
BenchmarkTest01995.java,0,CWE-328,,,,0,0,1,0,0,0,1,0,,,,,,,,
BenchmarkTest01996.java,0,CWE-328,,,,0,0,0,1,0,0,0,1,,,,,,,,
BenchmarkTest01997.java,0,CWE-328,,,,0,0,0,1,0,0,0,1,,,,,,,,
BenchmarkTest01998.java,0,CWE-328,,,,0,0,1,0,0,0,1,0,,,,,,,,
BenchmarkTest01999.java,0,CWE-330,CWE-330,1,0,1,0,0,0,1,0,0,0,1577,0.00047309999999999995,558,0.001395,2,5e-06,0.0018731,2.7880704402923584
BenchmarkTest02000.java,0,CWE-330,CWE-330,1,0,1,0,0,0,1,0,0,0,1466,0.0004398,553,0.0013825,2,5e-06,0.0018273,2.6969988346099854
BenchmarkTest02001.java,0,CWE-330,CWE-330,1,0,1,0,0,0,1,0,0,0,1444,0.0004332,534,0.001335,2,5e-06,0.0017732000000000002,2.6137478351593018
BenchmarkTest02002.java,0,CWE-330,CWE-330,1,0,1,0,0,0,1,0,0,0,1454,0.0004362,548,0.00137,2,5e-06,0.0018112,2.983142852783203
BenchmarkTest02003.java,0,CWE-330,CWE-330,1,0,1,0,0,0,1,0,0,0,1762,0.0005286000000000001,655,0.0016375,2,5e-06,0.0021711,3.1798081398010254
BenchmarkTest02004.java,0,CWE-330,CWE-330,1,0,1,0,0,0,1,0,0,0,1401,0.0004203,640,0.0016,2,5e-06,0.0020253,3.7135088443756104
BenchmarkTest02005.java,0,CWE-614,CWE-614,1,0,1,0,0,0,1,0,0,0,1285,0.0003855,686,0.001715,2,5e-06,0.0021054999999999997,4.663625001907349
BenchmarkTest02006.java,0,CWE-614,,,,0,0,1,0,0,0,1,0,,,,,,,,
BenchmarkTest02007.java,0,CWE-330,,,,0,0,1,0,0,0,1,0,,,,,,,,
BenchmarkTest02008.java,0,CWE-330,,,,0,0,1,0,0,0,1,0,,,,,,,,
BenchmarkTest02009.java,0,CWE-330,,,,0,0,1,0,0,0,1,0,,,,,,,,
BenchmarkTest02010.java,0,CWE-330,,,,0,0,1,0,0,0,1,0,,,,,,,,
BenchmarkTest02011.java,0,CWE-330,,,,0,0,1,0,0,0,1,0,,,,,,,,
BenchmarkTest02012.java,0,CWE-330,,,,0,0,1,0,0,0,1,0,,,,,,,,
BenchmarkTest02013.java,0,CWE-330,,,,0,0,1,0,0,0,1,0,,,,,,,,
BenchmarkTest02014.java,0,CWE-330,,,,0,0,1,0,0,0,1,0,,,,,,,,
BenchmarkTest02017.java,0,CWE-327,CWE-327,1,0,1,0,0,0,1,0,0,0,1861,0.0005583,229,0.0005725,2,5e-06,0.0011358,2.5086143016815186
BenchmarkTest02018.java,0,CWE-327,CWE-327,1,0,1,0,0,0,1,0,0,0,2134,0.0006402,219,0.0005475,2,5e-06,0.0011926999999999999,2.452399253845215
BenchmarkTest02019.java,0,CWE-327,CWE-327,1,0,1,0,0,0,1,0,0,0,1829,0.0005487,210,0.000525,2,5e-06,0.0010787,2.192218542098999
BenchmarkTest02020.java,0,CWE-327,CWE-327,1,0,1,0,0,0,1,0,0,0,2010,0.000603,157,0.0003925,2,5e-06,0.0010005,1.7797844409942627
BenchmarkTest02021.java,0,CWE-327,,,,0,0,1,0,0,0,1,0,,,,,,,,
BenchmarkTest02022.java,0,CWE-327,CWE-327,1,0,1,0,0,0,1,0,0,0,1431,0.0004293,631,0.0015775,2,5e-06,0.0020118,4.846054553985596
BenchmarkTest02023.java,0,CWE-327,CWE-327,1,0,1,0,0,0,1,0,0,0,1436,0.0004308,183,0.0004575,2,5e-06,0.0008933000000000001,1.604121208190918
BenchmarkTest02024.java,0,CWE-327,,,,0,0,1,0,0,0,1,0,,,,,,,,
BenchmarkTest02025.java,0,CWE-90,CWE-90,1,1,0,1,0,0,0,0,1,0,1347,0.00040409999999999996,953,0.0023825,2,5e-06,0.0027916,4.0398173332214355
BenchmarkTest02026.java,0,CWE-22,CWE-23,0,0,0,1,0,0,0,1,0,0,1402,0.0004206,932,0.00233,2,5e-06,0.0027556,4.641816854476929
BenchmarkTest02027.java,0,CWE-22,CWE-23,0,0,1,0,0,0,1,0,0,0,1337,0.0004011,1016,0.00254,2,5e-06,0.0029461,4.914472341537476
BenchmarkTest02028.java,0,CWE-22,CWE-23,0,1,0,1,0,0,0,0,1,0,1404,0.0004212,1797,0.0044925,2,5e-06,0.0049187,9.1679105758667
BenchmarkTest02029.java,0,CWE-22,CWE-23,0,1,0,1,0,0,0,0,1,0,1430,0.000429,849,0.0021225,2,5e-06,0.0025564999999999997,4.362896919250488
BenchmarkTest02030.java,0,CWE-22,CWE-23,0,1,0,1,0,0,0,0,1,0,1836,0.0005507999999999999,2418,0.006045,2,5e-06,0.0066007999999999995,10.100555896759033
BenchmarkTest02031.java,0,CWE-22,CWE-23,0,1,0,1,0,0,0,0,1,0,1498,0.0004494,1248,0.00312,2,5e-06,0.0035743999999999997,5.808525800704956
BenchmarkTest02032.java,0,CWE-22,CWE-23,0,0,1,0,0,0,1,0,0,0,1445,0.0004335,930,0.002325,2,5e-06,0.0027634999999999995,4.246571063995361
BenchmarkTest02033.java,0,CWE-22,CWE-23,0,0,0,1,0,0,0,1,0,0,1445,0.0004335,2744,0.00686,2,5e-06,0.007298499999999999,14.099015235900879
BenchmarkTest02034.java,0,CWE-22,CWE-23,0,0,1,0,0,0,1,0,0,0,1332,0.00039959999999999996,975,0.0024375,2,5e-06,0.0028420999999999997,4.60292911529541
BenchmarkTest02035.java,0,CWE-22,CWE-23,0,1,0,1,0,0,0,0,1,0,1543,0.0004629,891,0.0022275,2,5e-06,0.0026953999999999997,4.065431594848633
BenchmarkTest02036.java,0,CWE-90,CWE-90,1,0,1,0,0,0,1,0,0,0,1445,0.0004335,761,0.0019025,2,5e-06,0.0023409999999999998,3.952171564102173
BenchmarkTest02037.java,0,CWE-90,CWE-90,1,0,1,0,0,0,1,0,0,0,1393,0.00041789999999999997,638,0.001595,2,5e-06,0.0020179,3.349618673324585
BenchmarkTest02038.java,0,CWE-330,CWE-330,1,0,1,0,0,0,1,0,0,0,1464,0.0004392,613,0.0015325,2,5e-06,0.0019766999999999996,2.848067045211792
BenchmarkTest02039.java,0,CWE-330,CWE-330,1,0,1,0,0,0,1,0,0,0,1393,0.00041789999999999997,526,0.001315,2,5e-06,0.0017379,3.073655128479004
BenchmarkTest02040.java,0,CWE-330,CWE-330,1,0,1,0,0,0,1,0,0,0,1482,0.00044459999999999996,406,0.001015,2,5e-06,0.0014646000000000001,2.3230302333831787
BenchmarkTest02041.java,0,CWE-328,,,,0,0,1,0,0,0,1,0,,,,,,,,
BenchmarkTest02042.java,0,CWE-328,CWE-916,0,0,1,0,0,0,1,0,0,0,1481,0.0004443,720,0.0018,2,5e-06,0.0022492999999999997,4.235507488250732
BenchmarkTest02043.java,0,CWE-328,,,,0,0,1,0,0,0,1,0,,,,,,,,
BenchmarkTest02044.java,0,CWE-328,,,,0,0,1,0,0,0,1,0,,,,,,,,
BenchmarkTest02045.java,0,CWE-79,CWE-79,1,1,0,1,0,0,0,0,1,0,1464,0.0004392,985,0.0024625,2,5e-06,0.0029066999999999995,6.0182976722717285
BenchmarkTest02046.java,0,CWE-79,CWE-79,1,0,1,0,0,0,1,0,0,0,1461,0.00043830000000000003,665,0.0016625,2,5e-06,0.0021057999999999997,4.519952297210693
BenchmarkTest02047.java,0,CWE-79,CWE-79,1,0,1,0,0,0,1,0,0,0,1384,0.0004152,764,0.00191,2,5e-06,0.0023301999999999997,4.289655923843384
BenchmarkTest02048.java,0,CWE-79,CWE-79,1,1,0,1,0,0,0,0,1,0,1733,0.0005199,3716,0.00929,2,5e-06,0.0098149,16.672003030776978
BenchmarkTest02049.java,0,CWE-79,CWE-79,1,1,0,1,0,0,0,0,1,0,1390,0.000417,811,0.0020275,2,5e-06,0.0024494999999999994,4.7124810218811035
BenchmarkTest02050.java,0,CWE-79,CWE-79,1,0,1,0,0,0,1,0,0,0,1413,0.0004239,860,0.00215,2,5e-06,0.0025789,5.187196493148804
BenchmarkTest02051.java,0,CWE-79,CWE-79,1,0,1,0,0,0,1,0,0,0,1398,0.0004194,1042,0.002605,2,5e-06,0.0030294,6.737922430038452
BenchmarkTest02052.java,0,CWE-79,CWE-79,1,1,0,1,0,0,0,0,1,0,1508,0.0004524,1210,0.003025,2,5e-06,0.0034823999999999996,5.9995949268341064
BenchmarkTest02053.java,0,CWE-79,CWE-79,1,1,0,1,0,0,0,0,1,0,1405,0.0004215,992,0.00248,2,5e-06,0.0029065,4.812947988510132
BenchmarkTest02054.java,0,CWE-79,CWE-79,1,0,1,0,0,0,1,0,0,0,1367,0.00041009999999999994,1040,0.0026,2,5e-06,0.0030150999999999997,5.141363859176636
BenchmarkTest02055.java,0,CWE-79,CWE-79,1,0,1,0,0,0,1,0,0,0,1376,0.0004128,953,0.0023825,2,5e-06,0.0028003,5.110424280166626
BenchmarkTest02056.java,0,CWE-79,CWE-79,1,0,1,0,0,0,1,0,0,0,1459,0.0004377,633,0.0015825,2,5e-06,0.0020251999999999996,3.250511884689331
BenchmarkTest02057.java,0,CWE-79,CWE-79,1,0,1,0,0,0,1,0,0,0,1479,0.0004437,991,0.0024775,2,5e-06,0.0029262,5.093055009841919
BenchmarkTest02058.java,0,CWE-78,CWE-78,1,1,0,1,0,0,0,0,1,0,1168,0.00035039999999999995,997,0.0024925,2,5e-06,0.0028478999999999996,4.393802642822266
BenchmarkTest02059.java,0,CWE-78,CWE-78,1,0,1,0,0,0,1,0,0,0,1198,0.00035939999999999995,980,0.00245,2,5e-06,0.0028144,4.717764616012573
BenchmarkTest02060.java,0,CWE-330,CWE-330,1,0,1,0,0,0,1,0,0,0,1445,0.0004335,457,0.0011425,2,5e-06,0.0015810000000000002,2.559680938720703
BenchmarkTest02061.java,0,CWE-330,CWE-330,1,0,1,0,0,0,1,0,0,0,1387,0.0004161,450,0.001125,2,5e-06,0.0015461,2.403341770172119
BenchmarkTest02062.java,0,CWE-330,CWE-330,1,0,1,0,0,0,1,0,0,0,1710,0.000513,586,0.001465,2,5e-06,0.0019829999999999995,3.405625581741333
BenchmarkTest02063.java,0,CWE-330,CWE-330,1,0,1,0,0,0,1,0,0,0,1365,0.0004095,545,0.0013625,2,5e-06,0.001777,2.9614968299865723
BenchmarkTest02064.java,0,CWE-614,,,,0,0,1,0,0,0,1,0,,,,,,,,
BenchmarkTest02065.java,0,CWE-614,,,,0,0,1,0,0,0,1,0,,,,,,,,
BenchmarkTest02066.java,0,CWE-614,,,,0,0,1,0,0,0,1,0,,,,,,,,
BenchmarkTest02067.java,0,CWE-78,CWE-78,1,0,0,1,0,0,0,1,0,0,1257,0.00037709999999999995,1072,0.00268,2,5e-06,0.0030621,5.196791648864746
BenchmarkTest02068.java,0,CWE-78,CWE-78,1,1,0,1,0,0,0,0,1,0,1015,0.0003045,1027,0.0025675,2,5e-06,0.002877,4.535513877868652
BenchmarkTest02069.java,0,CWE-78,CWE-78,1,1,0,1,0,0,0,0,1,0,1155,0.0003465,1111,0.0027775,2,5e-06,0.003129,4.925144672393799
BenchmarkTest02070.java,0,CWE-78,CWE-78,1,0,1,0,0,0,1,0,0,0,1009,0.0003027,903,0.0022575,2,5e-06,0.0025651999999999997,4.812528610229492
BenchmarkTest02071.java,0,CWE-330,,,,0,0,1,0,0,0,1,0,,,,,,,,
BenchmarkTest02072.java,0,CWE-330,,,,0,0,1,0,0,0,1,0,,,,,,,,
BenchmarkTest02073.java,0,CWE-330,,,,0,0,1,0,0,0,1,0,,,,,,,,
BenchmarkTest02074.java,0,CWE-330,,,,0,0,1,0,0,0,1,0,,,,,,,,
BenchmarkTest02075.java,0,CWE-330,CWE-330,1,0,0,1,0,0,0,1,0,0,1541,0.00046229999999999996,2872,0.00718,2,5e-06,0.007647299999999999,14.405699968338013
BenchmarkTest02076.java,0,CWE-330,CWE-330,1,1,0,1,0,0,0,0,1,0,1594,0.00047819999999999997,947,0.0023675,2,5e-06,0.0028506999999999994,4.6069724559783936
BenchmarkTest02077.java,0,CWE-330,,,,0,0,1,0,0,0,1,0,,,,,,,,
BenchmarkTest02078.java,0,CWE-330,,,,0,0,1,0,0,0,1,0,,,,,,,,
BenchmarkTest02079.java,0,CWE-330,,,,0,0,1,0,0,0,1,0,,,,,,,,
BenchmarkTest02080.java,0,CWE-330,,,,0,0,1,0,0,0,1,0,,,,,,,,
BenchmarkTest02081.java,0,CWE-330,,,,0,0,1,0,0,0,1,0,,,,,,,,
BenchmarkTest02082.java,0,CWE-330,,,,0,0,1,0,0,0,1,0,,,,,,,,
BenchmarkTest02083.java,0,CWE-330,,,,0,0,1,0,0,0,1,0,,,,,,,,
BenchmarkTest02087.java,0,CWE-89,CWE-89,1,0,1,0,0,0,1,0,0,0,1029,0.00030869999999999997,912,0.00228,2,5e-06,0.0025936999999999996,5.403581380844116
BenchmarkTest02088.java,0,CWE-89,CWE-89,1,0,1,0,0,0,1,0,0,0,1054,0.0003162,599,0.0014975,2,5e-06,0.0018187,4.316766262054443
BenchmarkTest02089.java,0,CWE-89,CWE-89,1,1,0,1,0,0,0,0,1,0,1054,0.0003162,1273,0.0031825,2,5e-06,0.0035037,6.7528674602508545
BenchmarkTest02090.java,0,CWE-89,,,,0,0,0,1,0,0,0,1,,,,,,,,
BenchmarkTest02091.java,0,CWE-89,CWE-89,1,0,1,0,0,0,1,0,0,0,1198,0.00035939999999999995,419,0.0010475,2,5e-06,0.0014119,2.716930389404297
BenchmarkTest02092.java,0,CWE-89,CWE-89,1,0,1,0,0,0,1,0,0,0,1040,0.000312,589,0.0014725,2,5e-06,0.0017895,3.073194980621338
BenchmarkTest02093.java,0,CWE-89,CWE-89,1,1,0,1,0,0,0,0,1,0,1061,0.0003183,2115,0.0052875,2,5e-06,0.005610799999999999,11.05856704711914
BenchmarkTest02094.java,0,CWE-89,CWE-89,1,0,1,0,0,0,1,0,0,0,998,0.00029939999999999996,753,0.0018825,2,5e-06,0.0021869,3.5510330200195312
BenchmarkTest02095.java,0,CWE-89,CWE-89,1,1,0,1,0,0,0,0,1,0,1117,0.00033509999999999996,866,0.002165,2,5e-06,0.0025050999999999997,3.999948501586914
BenchmarkTest02096.java,0,CWE-89,CWE-89,1,0,1,0,0,0,1,0,0,0,1034,0.0003102,607,0.0015175,2,5e-06,0.0018327,3.102811574935913
BenchmarkTest02097.java,0,CWE-89,CWE-89,1,1,0,1,0,0,0,0,1,0,1110,0.000333,991,0.0024775,2,5e-06,0.0028155,4.525068759918213
BenchmarkTest02098.java,0,CWE-89,CWE-89,1,1,0,1,0,0,0,0,1,0,1069,0.0003207,844,0.00211,2,5e-06,0.0024357,3.870438814163208
BenchmarkTest02099.java,0,CWE-89,CWE-89,1,0,1,0,0,0,1,0,0,0,1035,0.0003105,885,0.0022125,2,5e-06,0.002528,4.21079421043396
BenchmarkTest02100.java,0,CWE-643,CWE-643,1,0,1,0,0,0,1,0,0,0,1286,0.0003858,786,0.001965,2,5e-06,0.0023558,4.203513860702515
BenchmarkTest02101.java,0,CWE-327,CWE-327,1,0,1,0,0,0,1,0,0,0,1852,0.0005556000000000001,267,0.0006675,2,5e-06,0.0012281,1.658076524734497
BenchmarkTest02102.java,0,CWE-327,,,,0,0,1,0,0,0,1,0,,,,,,,,
BenchmarkTest02103.java,0,CWE-327,,,,0,0,1,0,0,0,1,0,,,,,,,,
BenchmarkTest02104.java,0,CWE-90,CWE-90,1,0,0,1,0,0,0,1,0,0,1374,0.0004122,898,0.002245,2,5e-06,0.0026622,5.2620954513549805
BenchmarkTest02105.java,0,CWE-22,CWE-23,0,0,1,0,0,0,1,0,0,0,1337,0.0004011,1119,0.0027975,2,5e-06,0.0032036,5.696200847625732
BenchmarkTest02106.java,0,CWE-22,CWE-23,0,0,1,0,0,0,1,0,0,0,1307,0.0003921,994,0.002485,2,5e-06,0.0028820999999999994,5.503041505813599
BenchmarkTest02107.java,0,CWE-22,CWE-23,0,1,0,1,0,0,0,0,1,0,1283,0.0003849,722,0.001805,2,5e-06,0.0021948999999999996,4.341876745223999
BenchmarkTest02108.java,0,CWE-22,CWE-23,0,1,0,1,0,0,0,0,1,0,1449,0.0004347,977,0.0024425,2,5e-06,0.0028821999999999997,4.7818450927734375
BenchmarkTest02109.java,0,CWE-22,CWE-23,0,0,1,0,0,0,1,0,0,0,1364,0.00040919999999999997,927,0.0023175,2,5e-06,0.0027317,4.857817888259888
BenchmarkTest02110.java,0,CWE-22,CWE-23,0,0,0,1,0,0,0,1,0,0,1380,0.000414,583,0.0014575,2,5e-06,0.0018765,3.4879729747772217
BenchmarkTest02111.java,0,CWE-22,CWE-23,0,0,0,1,0,0,0,1,0,0,1330,0.000399,1416,0.00354,2,5e-06,0.003944,6.9573047161102295
BenchmarkTest02112.java,0,CWE-22,CWE-23,0,0,1,0,0,0,1,0,0,0,1398,0.0004194,833,0.0020825,2,5e-06,0.0025069,4.401396751403809
BenchmarkTest02113.java,0,CWE-22,CWE-23,0,0,1,0,0,0,1,0,0,0,1571,0.00047129999999999996,881,0.0022025,2,5e-06,0.0026788,5.241731643676758
BenchmarkTest02114.java,0,CWE-90,CWE-90,1,0,0,1,0,0,0,1,0,0,1403,0.0004209,501,0.0012525,2,5e-06,0.0016783999999999998,3.501328229904175
BenchmarkTest02115.java,0,CWE-90,CWE-90,1,1,0,1,0,0,0,0,1,0,1464,0.0004392,812,0.00203,2,5e-06,0.0024741999999999998,4.875958442687988
BenchmarkTest02116.java,0,CWE-90,CWE-90,1,1,0,1,0,0,0,0,1,0,1394,0.0004182,642,0.001605,2,5e-06,0.0020282,4.228992700576782
BenchmarkTest02117.java,0,CWE-330,CWE-330,1,0,1,0,0,0,1,0,0,0,1461,0.00043830000000000003,416,0.00104,2,5e-06,0.0014833,3.6367876529693604
BenchmarkTest02118.java,0,CWE-328,CWE-916,0,0,1,0,0,0,1,0,0,0,1463,0.0004389,408,0.00102,2,5e-06,0.0014639,3.623080253601074
BenchmarkTest02119.java,0,CWE-328,,,,0,0,1,0,0,0,1,0,,,,,,,,
BenchmarkTest02120.java,0,CWE-328,,,,0,0,1,0,0,0,1,0,,,,,,,,
BenchmarkTest02121.java,0,CWE-328,,,,0,0,0,1,0,0,0,1,,,,,,,,
BenchmarkTest02122.java,0,CWE-79,CWE-79,1,1,0,1,0,0,0,0,1,0,1461,0.00043830000000000003,730,0.001825,2,5e-06,0.0022683,3.990683078765869
BenchmarkTest02123.java,0,CWE-79,CWE-79,1,0,1,0,0,0,1,0,0,0,1355,0.0004065,1128,0.00282,2,5e-06,0.0032315,5.484248399734497
BenchmarkTest02124.java,0,CWE-79,CWE-79,1,0,1,0,0,0,1,0,0,0,1362,0.00040859999999999996,747,0.0018675,2,5e-06,0.0022811,3.752728223800659
BenchmarkTest02125.java,0,CWE-79,CWE-79,1,1,0,1,0,0,0,0,1,0,1306,0.00039180000000000004,454,0.001135,2,5e-06,0.0015318,2.572057008743286
BenchmarkTest02126.java,0,CWE-79,CWE-79,1,0,1,0,0,0,1,0,0,0,1634,0.0004902,1887,0.0047175,2,5e-06,0.0052127,9.02697491645813
BenchmarkTest02127.java,0,CWE-79,CWE-79,1,0,1,0,0,0,1,0,0,0,1334,0.00040019999999999997,550,0.001375,2,5e-06,0.0017801999999999998,2.9259865283966064
BenchmarkTest02128.java,0,CWE-79,CWE-79,1,0,1,0,0,0,1,0,0,0,1332,0.00039959999999999996,589,0.0014725,2,5e-06,0.0018771,3.781334161758423
BenchmarkTest02129.java,0,CWE-79,CWE-79,1,0,1,0,0,0,1,0,0,0,1340,0.000402,787,0.0019675,2,5e-06,0.0023745,4.073420286178589
BenchmarkTest02130.java,0,CWE-79,CWE-79,1,0,1,0,0,0,1,0,0,0,1353,0.0004059,677,0.0016925,2,5e-06,0.0021033999999999996,3.3154995441436768
BenchmarkTest02131.java,0,CWE-79,CWE-79,1,0,1,0,0,0,1,0,0,0,1351,0.0004053,821,0.0020525,2,5e-06,0.0024628,3.886603593826294
BenchmarkTest02132.java,0,CWE-79,CWE-79,1,0,1,0,0,0,1,0,0,0,1634,0.0004902,1147,0.0028675,2,5e-06,0.0033626999999999997,6.069484233856201
BenchmarkTest02133.java,0,CWE-79,CWE-79,1,0,1,0,0,0,1,0,0,0,1327,0.0003981,663,0.0016575,2,5e-06,0.0020605999999999997,2.986919403076172
BenchmarkTest02134.java,0,CWE-79,CWE-79,1,0,1,0,0,0,1,0,0,0,1334,0.00040019999999999997,1008,0.00252,2,5e-06,0.0029251999999999998,5.531586408615112
BenchmarkTest02135.java,0,CWE-79,CWE-79,1,1,0,1,0,0,0,0,1,0,1654,0.0004962,1573,0.0039325,2,5e-06,0.0044337000000000005,6.567986011505127
BenchmarkTest02136.java,0,CWE-79,CWE-79,1,0,1,0,0,0,1,0,0,0,1360,0.000408,848,0.00212,2,5e-06,0.0025329999999999997,5.058702707290649
BenchmarkTest02137.java,0,CWE-78,CWE-78,1,0,1,0,0,0,1,0,0,0,1080,0.000324,713,0.0017825,2,5e-06,0.0021114999999999997,3.9174270629882812
BenchmarkTest02138.java,0,CWE-330,CWE-330,1,0,1,0,0,0,1,0,0,0,1390,0.000417,450,0.001125,2,5e-06,0.001547,2.5819003582000732
BenchmarkTest02139.java,0,CWE-330,CWE-330,1,0,1,0,0,0,1,0,0,0,1348,0.00040439999999999996,540,0.00135,2,5e-06,0.0017594000000000002,3.0025577545166016
BenchmarkTest02140.java,0,CWE-330,CWE-330,1,0,1,0,0,0,1,0,0,0,1369,0.0004107,449,0.0011225,2,5e-06,0.0015382,2.9530982971191406
BenchmarkTest02141.java,0,CWE-330,CWE-330,1,0,1,0,0,0,1,0,0,0,1309,0.0003927,540,0.00135,2,5e-06,0.0017477,3.042060375213623
BenchmarkTest02142.java,0,CWE-614,CWE-614,1,0,1,0,0,0,1,0,0,0,1161,0.0003483,305,0.0007625,2,5e-06,0.0011158000000000001,2.569833755493164
BenchmarkTest02143.java,0,CWE-614,,,,0,0,1,0,0,0,1,0,,,,,,,,
BenchmarkTest02144.java,0,CWE-614,,,,0,0,1,0,0,0,1,0,,,,,,,,
BenchmarkTest02145.java,0,CWE-79,CWE-79,1,0,1,0,0,0,1,0,0,0,1639,0.0004917,1640,0.0041,2,5e-06,0.0045967000000000004,8.85456657409668
BenchmarkTest02146.java,0,CWE-78,CWE-78,1,0,1,0,0,0,1,0,0,0,1073,0.00032189999999999996,910,0.002275,2,5e-06,0.0026019,5.43924880027771
BenchmarkTest02147.java,0,CWE-78,CWE-78,1,0,1,0,0,0,1,0,0,0,994,0.0002982,587,0.0014675,2,5e-06,0.0017707,3.3936166763305664
BenchmarkTest02148.java,0,CWE-78,CWE-78,1,1,0,1,0,0,0,0,1,0,1471,0.0004413,2106,0.005265,2,5e-06,0.0057113,8.52834939956665
BenchmarkTest02149.java,0,CWE-78,CWE-78,1,1,0,1,0,0,0,0,1,0,1153,0.00034589999999999995,1133,0.0028325,2,5e-06,0.0031834,6.107738494873047
BenchmarkTest02150.java,0,CWE-78,CWE-78,1,0,1,0,0,0,1,0,0,0,1223,0.0003669,1382,0.003455,2,5e-06,0.0038269,7.1704089641571045
BenchmarkTest02151.java,0,CWE-78,CWE-78,1,0,1,0,0,0,1,0,0,0,1205,0.0003615,983,0.0024575,2,5e-06,0.0028239999999999997,5.986328363418579
BenchmarkTest02152.java,0,CWE-78,CWE-78,1,0,1,0,0,0,1,0,0,0,1193,0.00035789999999999997,1306,0.003265,2,5e-06,0.0036279,6.577953338623047
BenchmarkTest02153.java,0,CWE-78,CWE-78,1,0,0,1,0,0,0,1,0,0,1293,0.0003879,3982,0.009955,2,5e-06,0.0103479,19.27552103996277
BenchmarkTest02154.java,0,CWE-78,CWE-78,1,0,1,0,0,0,1,0,0,0,1059,0.00031769999999999997,861,0.0021525,2,5e-06,0.0024751999999999994,4.0938334465026855
BenchmarkTest02155.java,0,CWE-78,CWE-78,1,0,1,0,0,0,1,0,0,0,1003,0.0003009,2582,0.006455,2,5e-06,0.006760899999999999,12.915587425231934
BenchmarkTest02156.java,0,CWE-78,CWE-78,1,1,0,1,0,0,0,0,1,0,964,0.0002892,890,0.002225,2,5e-06,0.0025191999999999997,4.036580562591553
BenchmarkTest02157.java,0,CWE-330,,,,0,0,1,0,0,0,1,0,,,,,,,,
BenchmarkTest02158.java,0,CWE-330,,,,0,0,1,0,0,0,1,0,,,,,,,,
BenchmarkTest02159.java,0,CWE-330,,,,0,0,1,0,0,0,1,0,,,,,,,,
BenchmarkTest02160.java,0,CWE-330,CWE-330,1,0,0,1,0,0,0,1,0,0,1567,0.0004701,1481,0.0037025,2,5e-06,0.0041776,7.628448724746704
BenchmarkTest02161.java,0,CWE-330,,,,0,0,1,0,0,0,1,0,,,,,,,,
BenchmarkTest02162.java,0,CWE-330,,,,0,0,1,0,0,0,1,0,,,,,,,,
BenchmarkTest02163.java,0,CWE-330,,,,0,0,1,0,0,0,1,0,,,,,,,,
BenchmarkTest02164.java,0,CWE-330,,,,0,0,1,0,0,0,1,0,,,,,,,,
BenchmarkTest02169.java,0,CWE-89,CWE-89,1,0,1,0,0,0,1,0,0,0,996,0.0002988,692,0.00173,2,5e-06,0.0020337999999999997,3.3765649795532227
BenchmarkTest02170.java,0,CWE-89,CWE-89,1,0,1,0,0,0,1,0,0,0,1043,0.00031289999999999996,660,0.00165,2,5e-06,0.0019679,3.363036870956421
BenchmarkTest02171.java,0,CWE-89,CWE-89,1,0,1,0,0,0,1,0,0,0,1036,0.0003108,789,0.0019725,2,5e-06,0.0022882999999999996,3.9642863273620605
BenchmarkTest02172.java,0,CWE-89,CWE-89,1,1,0,1,0,0,0,0,1,0,1004,0.0003012,900,0.00225,2,5e-06,0.0025562,4.814623832702637
BenchmarkTest02173.java,0,CWE-89,CWE-89,1,1,0,1,0,0,0,0,1,0,1074,0.00032219999999999997,545,0.0013625,2,5e-06,0.0016897,3.1398890018463135
BenchmarkTest02174.java,0,CWE-89,CWE-89,1,1,0,1,0,0,0,0,1,0,996,0.0002988,626,0.001565,2,5e-06,0.0018688,2.9822709560394287
BenchmarkTest02175.java,0,CWE-89,,,,0,0,1,0,0,0,1,0,,,,,,,,
BenchmarkTest02176.java,0,CWE-89,,,,0,0,1,0,0,0,1,0,,,,,,,,
BenchmarkTest02177.java,0,CWE-89,CWE-89,1,0,1,0,0,0,1,0,0,0,1261,0.00037830000000000003,769,0.0019225,2,5e-06,0.0023057999999999998,3.968292713165283
BenchmarkTest02178.java,0,CWE-89,,,,0,0,0,1,0,0,0,1,,,,,,,,
BenchmarkTest02179.java,0,CWE-89,,,,0,0,0,1,0,0,0,1,,,,,,,,
BenchmarkTest02180.java,0,CWE-89,,,,0,0,1,0,0,0,1,0,,,,,,,,
BenchmarkTest02181.java,0,CWE-89,,,,0,0,0,1,0,0,0,1,,,,,,,,
BenchmarkTest02182.java,0,CWE-89,,,,0,0,0,1,0,0,0,1,,,,,,,,
BenchmarkTest02183.java,0,CWE-89,,,,0,0,1,0,0,0,1,0,,,,,,,,
BenchmarkTest02184.java,0,CWE-89,,,,0,0,1,0,0,0,1,0,,,,,,,,
BenchmarkTest02185.java,0,CWE-89,CWE-89,1,1,0,1,0,0,0,0,1,0,1008,0.0003024,889,0.0022225,2,5e-06,0.0025299,4.104369640350342
BenchmarkTest02186.java,0,CWE-89,CWE-89,1,0,1,0,0,0,1,0,0,0,946,0.0002838,811,0.0020275,2,5e-06,0.0023162999999999994,4.378297567367554
BenchmarkTest02187.java,0,CWE-89,CWE-89,1,0,1,0,0,0,1,0,0,0,1021,0.0003063,553,0.0013825,2,5e-06,0.0016938,3.4771666526794434
BenchmarkTest02188.java,0,CWE-89,CWE-89,1,1,0,1,0,0,0,0,1,0,1286,0.0003858,836,0.00209,2,5e-06,0.0024807999999999996,5.069199800491333
BenchmarkTest02189.java,0,CWE-643,CWE-643,1,0,1,0,0,0,1,0,0,0,1137,0.00034109999999999994,558,0.001395,2,5e-06,0.0017411,4.042542457580566
BenchmarkTest02190.java,0,CWE-327,,,,0,0,1,0,0,0,1,0,,,,,,,,
BenchmarkTest02191.java,0,CWE-327,,,,0,0,1,0,0,0,1,0,,,,,,,,
BenchmarkTest02192.java,0,CWE-327,CWE-327,1,0,1,0,0,0,1,0,0,0,1937,0.0005811,167,0.0004175,2,5e-06,0.0010036,2.0749809741973877
BenchmarkTest02193.java,0,CWE-327,CWE-327,1,0,1,0,0,0,1,0,0,0,1958,0.0005874,284,0.00071,2,5e-06,0.0013024,2.0765302181243896
BenchmarkTest02194.java,0,CWE-327,CWE-327,1,0,1,0,0,0,1,0,0,0,1425,0.0004275,233,0.0005825,2,5e-06,0.001015,1.6108217239379883
BenchmarkTest02195.java,0,CWE-327,CWE-327,1,0,1,0,0,0,1,0,0,0,1453,0.00043589999999999997,155,0.0003875,2,5e-06,0.0008284,1.1699340343475342
BenchmarkTest02196.java,0,CWE-90,CWE-90,1,0,1,0,0,0,1,0,0,0,1412,0.00042359999999999994,854,0.002135,2,5e-06,0.0025636,3.8502867221832275
BenchmarkTest02197.java,0,CWE-22,CWE-23,0,0,1,0,0,0,1,0,0,0,1427,0.00042809999999999994,935,0.0023375,2,5e-06,0.0027706,4.627479791641235
BenchmarkTest02198.java,0,CWE-22,CWE-23,0,0,1,0,0,0,1,0,0,0,1405,0.0004215,994,0.002485,2,5e-06,0.0029114999999999996,4.51196026802063
BenchmarkTest02199.java,0,CWE-22,CWE-23,0,0,1,0,0,0,1,0,0,0,1278,0.0003834,987,0.0024675,2,5e-06,0.0028558999999999998,4.546571493148804
BenchmarkTest02200.java,0,CWE-22,CWE-23,0,1,0,1,0,0,0,0,1,0,1317,0.00039509999999999995,874,0.002185,2,5e-06,0.0025850999999999995,3.912452220916748
BenchmarkTest02201.java,0,CWE-22,CWE-23,0,1,0,1,0,0,0,0,1,0,1569,0.0004707,822,0.002055,2,5e-06,0.0025307,3.9164035320281982
BenchmarkTest02202.java,0,CWE-22,CWE-23,0,1,0,1,0,0,0,0,1,0,1380,0.000414,2055,0.0051375,2,5e-06,0.0055565,9.60815167427063
BenchmarkTest02203.java,0,CWE-22,CWE-23,0,1,0,1,0,0,0,0,1,0,1698,0.0005094,1125,0.0028125,2,5e-06,0.0033269,4.76849627494812
BenchmarkTest02204.java,0,CWE-22,CWE-23,0,1,0,1,0,0,0,0,1,0,1374,0.0004122,1097,0.0027425,2,5e-06,0.0031597,5.017566919326782
BenchmarkTest02205.java,0,CWE-22,CWE-23,0,0,1,0,0,0,1,0,0,0,1371,0.0004113,966,0.002415,2,5e-06,0.0028312999999999997,4.868303537368774
BenchmarkTest02206.java,0,CWE-22,CWE-23,0,1,0,1,0,0,0,0,1,0,1543,0.0004629,1108,0.00277,2,5e-06,0.0032378999999999997,5.170184373855591
BenchmarkTest02207.java,0,CWE-22,CWE-23,0,1,0,1,0,0,0,0,1,0,1606,0.00048179999999999995,813,0.0020325,2,5e-06,0.0025193,4.469512701034546
BenchmarkTest02208.java,0,CWE-90,CWE-90,1,0,1,0,0,0,1,0,0,0,1490,0.000447,940,0.00235,2,5e-06,0.002802,4.419418096542358
BenchmarkTest02209.java,0,CWE-330,CWE-330,1,0,1,0,0,0,1,0,0,0,1477,0.0004431,441,0.0011025,2,5e-06,0.0015505999999999999,2.2039601802825928
BenchmarkTest02210.java,0,CWE-328,,,,0,0,1,0,0,0,1,0,,,,,,,,
BenchmarkTest02211.java,0,CWE-328,CWE-916,0,0,1,0,0,0,1,0,0,0,1416,0.0004248,500,0.00125,2,5e-06,0.0016798000000000002,2.9801502227783203
BenchmarkTest02212.java,0,CWE-328,CWE-916,0,0,1,0,0,0,1,0,0,0,1438,0.00043139999999999997,589,0.0014725,2,5e-06,0.0019089,3.296334743499756
BenchmarkTest02213.java,0,CWE-328,CWE-916,0,0,1,0,0,0,1,0,0,0,1437,0.00043109999999999996,462,0.001155,2,5e-06,0.0015911,3.0386292934417725
BenchmarkTest02214.java,0,CWE-328,,,,0,0,1,0,0,0,1,0,,,,,,,,
BenchmarkTest02215.java,0,CWE-328,,,,0,0,1,0,0,0,1,0,,,,,,,,
BenchmarkTest02216.java,0,CWE-328,,,,0,0,1,0,0,0,1,0,,,,,,,,
BenchmarkTest02217.java,0,CWE-328,CWE-916,0,0,1,0,0,0,1,0,0,0,1348,0.00040439999999999996,653,0.0016325,2,5e-06,0.0020418999999999997,4.06540584564209
BenchmarkTest02218.java,0,CWE-328,,,,0,0,1,0,0,0,1,0,,,,,,,,
BenchmarkTest02219.java,0,CWE-328,,,,0,0,0,1,0,0,0,1,,,,,,,,
BenchmarkTest02220.java,0,CWE-328,,,,0,0,1,0,0,0,1,0,,,,,,,,
BenchmarkTest02221.java,0,CWE-79,CWE-79,1,0,1,0,0,0,1,0,0,0,1486,0.0004458,808,0.00202,2,5e-06,0.0024708,3.923093318939209
BenchmarkTest02222.java,0,CWE-79,CWE-79,1,1,0,1,0,0,0,0,1,0,1457,0.00043709999999999995,866,0.002165,2,5e-06,0.0026070999999999993,4.651706695556641
BenchmarkTest02223.java,0,CWE-79,CWE-79,1,0,1,0,0,0,1,0,0,0,1385,0.0004155,661,0.0016525,2,5e-06,0.0020729999999999998,4.250133991241455
BenchmarkTest02224.java,0,CWE-79,CWE-79,1,0,1,0,0,0,1,0,0,0,1400,0.00042,852,0.00213,2,5e-06,0.002555,4.296800136566162
BenchmarkTest02225.java,0,CWE-79,CWE-79,1,0,1,0,0,0,1,0,0,0,1468,0.00044039999999999997,1051,0.0026275,2,5e-06,0.0030729,6.069076776504517
BenchmarkTest02226.java,0,CWE-79,CWE-79,1,1,0,1,0,0,0,0,1,0,1373,0.0004119,771,0.0019275,2,5e-06,0.0023444,4.273574113845825
BenchmarkTest02227.java,0,CWE-79,CWE-79,1,0,1,0,0,0,1,0,0,0,1364,0.00040919999999999997,695,0.0017375,2,5e-06,0.0021516999999999994,4.148416757583618
BenchmarkTest02228.java,0,CWE-79,CWE-79,1,0,1,0,0,0,1,0,0,0,1362,0.00040859999999999996,601,0.0015025,2,5e-06,0.0019160999999999998,4.10956597328186
BenchmarkTest02229.java,0,CWE-79,CWE-79,1,1,0,1,0,0,0,0,1,0,1511,0.0004533,741,0.0018525,2,5e-06,0.0023108,3.7180111408233643
BenchmarkTest02230.java,0,CWE-79,CWE-79,1,0,1,0,0,0,1,0,0,0,1438,0.00043139999999999997,704,0.00176,2,5e-06,0.0021964,3.7101051807403564
BenchmarkTest02231.java,0,CWE-79,CWE-79,1,1,0,1,0,0,0,0,1,0,1720,0.000516,1795,0.0044875,2,5e-06,0.0050085,7.744781970977783
BenchmarkTest02232.java,0,CWE-79,CWE-79,1,0,1,0,0,0,1,0,0,0,1346,0.0004038,762,0.001905,2,5e-06,0.0023138,3.9044384956359863
BenchmarkTest02233.java,0,CWE-79,CWE-79,1,0,0,1,0,0,0,1,0,0,1438,0.00043139999999999997,805,0.0020125,2,5e-06,0.0024488999999999995,3.807812213897705
BenchmarkTest02234.java,0,CWE-79,CWE-79,1,0,1,0,0,0,1,0,0,0,1375,0.0004125,1109,0.0027725,2,5e-06,0.0031899999999999997,5.118459463119507
BenchmarkTest02235.java,0,CWE-79,CWE-79,1,1,0,1,0,0,0,0,1,0,1377,0.00041309999999999996,712,0.00178,2,5e-06,0.0021980999999999997,3.2498056888580322
BenchmarkTest02236.java,0,CWE-79,CWE-79,1,1,0,1,0,0,0,0,1,0,1381,0.0004143,651,0.0016275,2,5e-06,0.0020467999999999997,3.3039698600769043
BenchmarkTest02237.java,0,CWE-79,CWE-79,1,1,0,1,0,0,0,0,1,0,1348,0.00040439999999999996,426,0.001065,2,5e-06,0.0014744,2.454601764678955
BenchmarkTest02238.java,0,CWE-79,CWE-79,1,1,0,1,0,0,0,0,1,0,1695,0.0005085,1167,0.0029175,2,5e-06,0.0034309999999999996,5.139892578125
BenchmarkTest02239.java,0,CWE-79,CWE-79,1,1,0,1,0,0,0,0,1,0,1420,0.000426,598,0.001495,2,5e-06,0.001926,3.2036216259002686
BenchmarkTest02240.java,0,CWE-79,CWE-79,1,1,0,1,0,0,0,0,1,0,1435,0.0004305,966,0.002415,2,5e-06,0.0028504999999999997,4.8468804359436035
BenchmarkTest02241.java,0,CWE-79,CWE-79,1,0,1,0,0,0,1,0,0,0,1441,0.0004323,840,0.0021,2,5e-06,0.0025372999999999997,4.1485512256622314
BenchmarkTest02242.java,0,CWE-78,CWE-78,1,1,0,1,0,0,0,0,1,0,1446,0.00043380000000000003,1013,0.0025325,2,5e-06,0.0029712999999999996,5.042732000350952
BenchmarkTest02243.java,0,CWE-78,CWE-78,1,0,1,0,0,0,1,0,0,0,1199,0.0003597,625,0.0015625,2,5e-06,0.0019272000000000002,3.413045644760132
BenchmarkTest02244.java,0,CWE-78,CWE-78,1,0,1,0,0,0,1,0,0,0,1115,0.0003345,1205,0.0030125,2,5e-06,0.003352,6.303309202194214
BenchmarkTest02245.java,0,CWE-330,CWE-330,1,0,1,0,0,0,1,0,0,0,1420,0.000426,566,0.001415,2,5e-06,0.001846,2.956597089767456
BenchmarkTest02246.java,0,CWE-330,CWE-330,1,0,1,0,0,0,1,0,0,0,1475,0.0004425,535,0.0013375,2,5e-06,0.001785,3.0549747943878174
BenchmarkTest02247.java,0,CWE-614,,,,0,0,1,0,0,0,1,0,,,,,,,,
BenchmarkTest02248.java,0,CWE-614,,,,0,0,1,0,0,0,1,0,,,,,,,,
BenchmarkTest02249.java,0,CWE-78,CWE-78,1,0,1,0,0,0,1,0,0,0,1114,0.0003342,853,0.0021325,2,5e-06,0.0024716999999999994,4.148814916610718
BenchmarkTest02250.java,0,CWE-78,CWE-78,1,0,1,0,0,0,1,0,0,0,1154,0.0003462,701,0.0017525,2,5e-06,0.0021036999999999996,4.112788915634155
BenchmarkTest02251.java,0,CWE-78,CWE-78,1,0,1,0,0,0,1,0,0,0,1195,0.0003585,1170,0.002925,2,5e-06,0.0032884999999999998,5.664116144180298
BenchmarkTest02252.java,0,CWE-78,CWE-78,1,1,0,1,0,0,0,0,1,0,1207,0.00036209999999999997,1232,0.00308,2,5e-06,0.0034471,5.786851406097412
BenchmarkTest02253.java,0,CWE-78,CWE-78,1,1,0,1,0,0,0,0,1,0,1267,0.00038009999999999997,1244,0.00311,2,5e-06,0.0034950999999999997,6.896379709243774
BenchmarkTest02254.java,0,CWE-330,,,,0,0,1,0,0,0,1,0,,,,,,,,
BenchmarkTest02255.java,0,CWE-330,,,,0,0,1,0,0,0,1,0,,,,,,,,
BenchmarkTest02256.java,0,CWE-330,,,,0,0,1,0,0,0,1,0,,,,,,,,
BenchmarkTest02257.java,0,CWE-330,,,,0,0,1,0,0,0,1,0,,,,,,,,
BenchmarkTest02258.java,0,CWE-330,CWE-330,1,1,0,1,0,0,0,0,1,0,1498,0.0004494,561,0.0014025,2,5e-06,0.0018569,4.3877928256988525
BenchmarkTest02259.java,0,CWE-330,,,,0,0,1,0,0,0,1,0,,,,,,,,
BenchmarkTest02260.java,0,CWE-330,,,,0,0,1,0,0,0,1,0,,,,,,,,
BenchmarkTest02264.java,0,CWE-89,CWE-89,1,0,1,0,0,0,1,0,0,0,1043,0.00031289999999999996,704,0.00176,2,5e-06,0.0020778999999999997,5.12356424331665
BenchmarkTest02265.java,0,CWE-89,CWE-89,1,1,0,1,0,0,0,0,1,0,1080,0.000324,961,0.0024025,2,5e-06,0.0027315,5.889002799987793
BenchmarkTest02266.java,0,CWE-89,CWE-89,1,1,0,1,0,0,0,0,1,0,1114,0.0003342,623,0.0015575,2,5e-06,0.0018967,4.52531361579895
BenchmarkTest02267.java,0,CWE-89,CWE-89,1,1,0,1,0,0,0,0,1,0,1059,0.00031769999999999997,973,0.0024325,2,5e-06,0.0027552,4.756138324737549
BenchmarkTest02268.java,0,CWE-89,CWE-89,1,1,0,1,0,0,0,0,1,0,1170,0.000351,1205,0.0030125,2,5e-06,0.0033685,5.304702520370483
BenchmarkTest02269.java,0,CWE-89,CWE-89,1,0,1,0,0,0,1,0,0,0,1066,0.0003198,877,0.0021925,2,5e-06,0.0025172999999999997,3.8782427310943604
BenchmarkTest02270.java,0,CWE-89,CWE-89,1,0,1,0,0,0,1,0,0,0,1158,0.0003474,579,0.0014475,2,5e-06,0.0017999,2.872281312942505
BenchmarkTest02271.java,0,CWE-89,CWE-89,1,1,0,1,0,0,0,0,1,0,1023,0.0003069,891,0.0022275,2,5e-06,0.0025394,4.133652687072754
BenchmarkTest02272.java,0,CWE-89,CWE-89,1,0,1,0,0,0,1,0,0,0,1041,0.0003123,880,0.0022,2,5e-06,0.0025173,4.188382148742676
BenchmarkTest02273.java,0,CWE-89,CWE-89,1,0,1,0,0,0,1,0,0,0,1107,0.00033209999999999994,574,0.001435,2,5e-06,0.0017721,2.739083766937256
BenchmarkTest02274.java,0,CWE-89,CWE-89,1,1,0,1,0,0,0,0,1,0,1299,0.0003897,565,0.0014125,2,5e-06,0.0018072,3.6618857383728027
BenchmarkTest02275.java,0,CWE-89,,,,0,0,0,1,0,0,0,1,,,,,,,,
BenchmarkTest02276.java,0,CWE-89,,,,0,0,1,0,0,0,1,0,,,,,,,,
BenchmarkTest02277.java,0,CWE-89,,,,0,0,0,1,0,0,0,1,,,,,,,,
BenchmarkTest02278.java,0,CWE-89,,,,0,0,1,0,0,0,1,0,,,,,,,,
BenchmarkTest02279.java,0,CWE-89,,,,0,0,1,0,0,0,1,0,,,,,,,,
BenchmarkTest02280.java,0,CWE-89,,,,0,0,1,0,0,0,1,0,,,,,,,,
BenchmarkTest02281.java,0,CWE-89,,,,0,0,0,1,0,0,0,1,,,,,,,,
BenchmarkTest02282.java,0,CWE-89,CWE-89,1,1,0,1,0,0,0,0,1,0,1043,0.00031289999999999996,1327,0.0033175,2,5e-06,0.0036354,6.0498621463775635
BenchmarkTest02283.java,0,CWE-89,CWE-89,1,1,0,1,0,0,0,0,1,0,1045,0.0003135,960,0.0024,2,5e-06,0.0027184999999999996,4.5473809242248535
BenchmarkTest02284.java,0,CWE-89,CWE-89,1,0,1,0,0,0,1,0,0,0,995,0.0002985,728,0.00182,2,5e-06,0.0021235,3.4904935359954834
BenchmarkTest02285.java,0,CWE-89,CWE-89,1,1,0,1,0,0,0,0,1,0,1000,0.0003,1239,0.0030975,2,5e-06,0.0034024999999999997,5.700770139694214
BenchmarkTest02286.java,0,CWE-89,CWE-89,1,0,1,0,0,0,1,0,0,0,1024,0.0003072,518,0.001295,2,5e-06,0.0016071999999999998,2.889838933944702
BenchmarkTest02287.java,0,CWE-89,CWE-89,1,0,1,0,0,0,1,0,0,0,999,0.00029969999999999997,801,0.0020025,2,5e-06,0.0023071999999999997,4.173686504364014
BenchmarkTest02288.java,0,CWE-89,CWE-89,1,0,1,0,0,0,1,0,0,0,1006,0.0003018,653,0.0016325,2,5e-06,0.0019393000000000001,3.483745574951172
BenchmarkTest02289.java,0,CWE-327,,,,0,0,1,0,0,0,1,0,,,,,,,,
BenchmarkTest02290.java,0,CWE-327,CWE-327,1,0,1,0,0,0,1,0,0,0,2003,0.0006009,261,0.0006525,2,5e-06,0.0012584,1.5976738929748535
BenchmarkTest02291.java,0,CWE-327,CWE-327,1,0,1,0,0,0,1,0,0,0,2299,0.0006896999999999999,216,0.00054,2,5e-06,0.0012346999999999998,1.383108377456665
BenchmarkTest02292.java,0,CWE-327,CWE-327,1,0,1,0,0,0,1,0,0,0,1948,0.0005844,235,0.0005875,2,5e-06,0.0011769,1.4009263515472412
BenchmarkTest02293.java,0,CWE-327,CWE-327,1,0,1,0,0,0,1,0,0,0,1831,0.0005493,180,0.00045,2,5e-06,0.0010042999999999999,1.7359721660614014
BenchmarkTest02294.java,0,CWE-327,CWE-327,1,0,1,0,0,0,1,0,0,0,1524,0.0004572,163,0.0004075,2,5e-06,0.0008696999999999999,1.3559224605560303
BenchmarkTest02295.java,0,CWE-327,CWE-327,1,0,1,0,0,0,1,0,0,0,1531,0.0004593,178,0.000445,2,5e-06,0.0009093,1.5548455715179443
BenchmarkTest02296.java,0,CWE-327,,,,0,0,1,0,0,0,1,0,,,,,,,,
BenchmarkTest02297.java,0,CWE-327,,,,0,0,1,0,0,0,1,0,,,,,,,,
BenchmarkTest02298.java,0,CWE-327,,,,0,0,1,0,0,0,1,0,,,,,,,,
BenchmarkTest02299.java,0,CWE-90,CWE-90,1,0,1,0,0,0,1,0,0,0,1451,0.0004353,1019,0.0025475,2,5e-06,0.0029877999999999997,5.1672258377075195
BenchmarkTest02300.java,0,CWE-22,CWE-23,0,1,0,1,0,0,0,0,1,0,1758,0.0005274,1976,0.00494,2,5e-06,0.0054724,8.53615927696228
BenchmarkTest02301.java,0,CWE-22,CWE-23,0,1,0,1,0,0,0,0,1,0,1447,0.0004341,1802,0.004505,2,5e-06,0.0049441,8.830759763717651
BenchmarkTest02302.java,0,CWE-22,CWE-23,0,0,1,0,0,0,1,0,0,0,1399,0.0004197,1027,0.0025675,2,5e-06,0.0029921999999999995,5.5909717082977295
BenchmarkTest02303.java,0,CWE-22,CWE-23,0,0,1,0,0,0,1,0,0,0,1653,0.0004959,720,0.0018,2,5e-06,0.0023009,4.649156808853149
BenchmarkTest02304.java,0,CWE-22,CWE-23,0,0,1,0,0,0,1,0,0,0,1557,0.00046709999999999997,1340,0.00335,2,5e-06,0.0038220999999999997,6.383516550064087
BenchmarkTest02305.java,0,CWE-90,CWE-90,1,0,1,0,0,0,1,0,0,0,1518,0.00045539999999999996,2151,0.0053775,2,5e-06,0.0058379,10.353085041046143
BenchmarkTest02306.java,0,CWE-90,CWE-90,1,0,1,0,0,0,1,0,0,0,1453,0.00043589999999999997,1524,0.00381,2,5e-06,0.0042509,7.711394786834717
BenchmarkTest02307.java,0,CWE-328,CWE-916,0,0,1,0,0,0,1,0,0,0,1649,0.0004946999999999999,2591,0.0064775,2,5e-06,0.006977199999999999,12.573201417922974
BenchmarkTest02308.java,0,CWE-328,CWE-916,0,0,1,0,0,0,1,0,0,0,1478,0.0004434,408,0.00102,2,5e-06,0.0014684000000000001,3.1098577976226807
BenchmarkTest02309.java,0,CWE-328,,,,0,0,1,0,0,0,1,0,,,,,,,,
BenchmarkTest02310.java,0,CWE-328,,,,0,0,1,0,0,0,1,0,,,,,,,,
BenchmarkTest02311.java,0,CWE-328,CWE-916,0,0,1,0,0,0,1,0,0,0,1425,0.0004275,1792,0.00448,2,5e-06,0.004912499999999999,8.907759189605713
BenchmarkTest02312.java,0,CWE-328,,,,0,0,1,0,0,0,1,0,,,,,,,,
BenchmarkTest02313.java,0,CWE-79,CWE-79,1,1,0,1,0,0,0,0,1,0,1857,0.0005571,3461,0.0086525,2,5e-06,0.0092146,16.319283723831177
BenchmarkTest02314.java,0,CWE-79,CWE-79,1,0,1,0,0,0,1,0,0,0,1469,0.0004407,1421,0.0035525,2,5e-06,0.0039981999999999995,7.347332239151001
BenchmarkTest02315.java,0,CWE-79,CWE-79,1,0,1,0,0,0,1,0,0,0,1435,0.0004305,742,0.001855,2,5e-06,0.0022905,3.727725028991699
BenchmarkTest02316.java,0,CWE-79,CWE-79,1,0,1,0,0,0,1,0,0,0,1461,0.00043830000000000003,1051,0.0026275,2,5e-06,0.0030708,6.047025680541992
BenchmarkTest02317.java,0,CWE-79,CWE-79,1,0,1,0,0,0,1,0,0,0,1468,0.00044039999999999997,1230,0.003075,2,5e-06,0.0035204,6.225059747695923
BenchmarkTest02318.java,0,CWE-79,CWE-79,1,1,0,1,0,0,0,0,1,0,1427,0.00042809999999999994,470,0.001175,2,5e-06,0.0016081000000000001,2.7685799598693848
BenchmarkTest02319.java,0,CWE-79,CWE-79,1,1,0,1,0,0,0,0,1,0,1453,0.00043589999999999997,565,0.0014125,2,5e-06,0.0018533999999999998,2.9059252738952637
BenchmarkTest02320.java,0,CWE-79,CWE-79,1,1,0,1,0,0,0,0,1,0,1462,0.0004386,671,0.0016775,2,5e-06,0.0021211,3.6277501583099365
BenchmarkTest02321.java,0,CWE-79,CWE-79,1,0,1,0,0,0,1,0,0,0,1778,0.0005334,1985,0.0049625,2,5e-06,0.0055008999999999995,8.563947916030884
BenchmarkTest02322.java,0,CWE-79,CWE-79,1,0,1,0,0,0,1,0,0,0,1471,0.0004413,698,0.001745,2,5e-06,0.0021912999999999998,3.886817455291748
BenchmarkTest02323.java,0,CWE-79,CWE-79,1,0,1,0,0,0,1,0,0,0,1472,0.00044159999999999995,1038,0.002595,2,5e-06,0.0030415999999999998,4.99748420715332
BenchmarkTest02324.java,0,CWE-79,CWE-79,1,0,1,0,0,0,1,0,0,0,1504,0.00045119999999999996,910,0.002275,2,5e-06,0.0027312,5.7328431606292725
BenchmarkTest02325.java,0,CWE-79,CWE-79,1,1,0,1,0,0,0,0,1,0,1449,0.0004347,612,0.00153,2,5e-06,0.0019696999999999996,4.346667289733887
BenchmarkTest02326.java,0,CWE-79,CWE-79,1,0,1,0,0,0,1,0,0,0,1483,0.00044489999999999997,808,0.00202,2,5e-06,0.0024698999999999997,4.561462640762329
BenchmarkTest02327.java,0,CWE-79,CWE-79,1,0,1,0,0,0,1,0,0,0,1533,0.00045989999999999996,861,0.0021525,2,5e-06,0.0026173999999999998,4.388505935668945
BenchmarkTest02328.java,0,CWE-79,CWE-79,1,0,1,0,0,0,1,0,0,0,1445,0.0004335,866,0.002165,2,5e-06,0.0026034999999999995,5.2985451221466064
BenchmarkTest02329.java,0,CWE-79,CWE-79,1,1,0,1,0,0,0,0,1,0,1494,0.0004482,617,0.0015425,2,5e-06,0.0019957,4.085831165313721
BenchmarkTest02330.java,0,CWE-79,CWE-79,1,1,0,1,0,0,0,0,1,0,1485,0.0004455,665,0.0016625,2,5e-06,0.002113,3.289367914199829
BenchmarkTest02331.java,0,CWE-79,CWE-79,1,1,0,1,0,0,0,0,1,0,1429,0.0004287,755,0.0018875,2,5e-06,0.0023212,3.951939344406128
BenchmarkTest02332.java,0,CWE-79,CWE-79,1,0,1,0,0,0,1,0,0,0,1449,0.0004347,837,0.0020925,2,5e-06,0.0025322,3.838416337966919
BenchmarkTest02333.java,0,CWE-78,CWE-78,1,0,1,0,0,0,1,0,0,0,1193,0.00035789999999999997,3086,0.007715,2,5e-06,0.008077899999999999,14.022811889648438
BenchmarkTest02334.java,0,CWE-78,CWE-78,1,0,1,0,0,0,1,0,0,0,1265,0.0003795,1327,0.0033175,2,5e-06,0.003702,5.776292085647583
BenchmarkTest02335.java,0,CWE-78,CWE-78,1,0,0,1,0,0,0,1,0,0,1236,0.0003708,1186,0.002965,2,5e-06,0.0033408,5.339800596237183
BenchmarkTest02336.java,0,CWE-78,CWE-78,1,1,0,1,0,0,0,0,1,0,1513,0.0004539,1163,0.0029075,2,5e-06,0.0033664,5.36872673034668
BenchmarkTest02337.java,0,CWE-330,CWE-330,1,0,1,0,0,0,1,0,0,0,1567,0.0004701,630,0.001575,2,5e-06,0.0020501,3.0651626586914062
BenchmarkTest02338.java,0,CWE-330,CWE-330,1,0,1,0,0,0,1,0,0,0,1467,0.00044009999999999996,475,0.0011875,2,5e-06,0.0016326,2.6472203731536865
BenchmarkTest02339.java,0,CWE-614,CWE-614,1,0,1,0,0,0,1,0,0,0,1270,0.000381,238,0.000595,2,5e-06,0.000981,2.3313920497894287
BenchmarkTest02340.java,0,CWE-78,CWE-78,1,1,0,1,0,0,0,0,1,0,1330,0.000399,961,0.0024025,2,5e-06,0.0028065,4.761052370071411
BenchmarkTest02341.java,0,CWE-78,CWE-78,1,1,0,1,0,0,0,0,1,0,1155,0.0003465,2118,0.005295,2,5e-06,0.0056465000000000005,10.043345928192139
BenchmarkTest02342.java,0,CWE-78,CWE-78,1,0,1,0,0,0,1,0,0,0,1126,0.0003378,1189,0.0029725,2,5e-06,0.0033152999999999998,6.380107641220093
BenchmarkTest02343.java,0,CWE-78,CWE-78,1,0,1,0,0,0,1,0,0,0,1179,0.0003537,1902,0.004755,2,5e-06,0.0051137,8.99718427658081
BenchmarkTest02344.java,0,CWE-78,CWE-78,1,0,1,0,0,0,1,0,0,0,1076,0.0003228,2641,0.0066025,2,5e-06,0.0069302999999999995,13.587219715118408
BenchmarkTest02345.java,0,CWE-330,,,,0,0,1,0,0,0,1,0,,,,,,,,
BenchmarkTest02346.java,0,CWE-330,,,,0,0,1,0,0,0,1,0,,,,,,,,
BenchmarkTest02347.java,0,CWE-330,,,,0,0,1,0,0,0,1,0,,,,,,,,
BenchmarkTest02348.java,0,CWE-330,,,,0,0,1,0,0,0,1,0,,,,,,,,
BenchmarkTest02349.java,0,CWE-330,,,,0,0,1,0,0,0,1,0,,,,,,,,
BenchmarkTest02350.java,0,CWE-330,,,,0,0,1,0,0,0,1,0,,,,,,,,
BenchmarkTest02351.java,0,CWE-330,,,,0,0,1,0,0,0,1,0,,,,,,,,
BenchmarkTest02353.java,0,CWE-89,CWE-89,1,0,0,1,0,0,0,1,0,0,1108,0.0003324,4363,0.0109075,2,5e-06,0.0112449,22.16709327697754
BenchmarkTest02354.java,0,CWE-89,CWE-89,1,0,1,0,0,0,1,0,0,0,1101,0.0003303,743,0.0018575,2,5e-06,0.0021928,3.8212153911590576
BenchmarkTest02355.java,0,CWE-89,CWE-89,1,0,1,0,0,0,1,0,0,0,1146,0.0003438,912,0.00228,2,5e-06,0.0026287999999999997,4.283406019210815
BenchmarkTest02356.java,0,CWE-89,,,,0,0,0,1,0,0,0,1,,,,,,,,
BenchmarkTest02357.java,0,CWE-89,CWE-89,1,0,1,0,0,0,1,0,0,0,1353,0.0004059,1177,0.0029425,2,5e-06,0.0033533999999999994,5.3443379402160645
BenchmarkTest02358.java,0,CWE-89,,,,0,0,0,1,0,0,0,1,,,,,,,,
BenchmarkTest02359.java,0,CWE-89,,,,0,0,0,1,0,0,0,1,,,,,,,,
BenchmarkTest02360.java,0,CWE-89,,,,0,0,0,1,0,0,0,1,,,,,,,,
BenchmarkTest02361.java,0,CWE-89,,,,0,0,1,0,0,0,1,0,,,,,,,,
BenchmarkTest02362.java,0,CWE-89,,,,0,0,0,1,0,0,0,1,,,,,,,,
BenchmarkTest02363.java,0,CWE-89,CWE-89,1,1,0,1,0,0,0,0,1,0,1439,0.0004317,1399,0.0034975,2,5e-06,0.0039342,6.7023842334747314
BenchmarkTest02364.java,0,CWE-89,CWE-89,1,0,1,0,0,0,1,0,0,0,1064,0.0003192,1286,0.003215,2,5e-06,0.0035391999999999997,5.777134418487549
BenchmarkTest02365.java,0,CWE-89,CWE-89,1,0,0,1,0,0,0,1,0,0,1126,0.0003378,1907,0.0047675,2,5e-06,0.0051103,9.53134298324585
BenchmarkTest02366.java,0,CWE-89,CWE-89,1,1,0,1,0,0,0,0,1,0,1079,0.0003237,683,0.0017075,2,5e-06,0.0020361999999999997,3.531959056854248
BenchmarkTest02367.java,0,CWE-89,CWE-89,1,1,0,1,0,0,0,0,1,0,1401,0.0004203,1497,0.0037425,2,5e-06,0.0041678,6.795035123825073
BenchmarkTest02368.java,0,CWE-89,CWE-89,1,1,0,1,0,0,0,0,1,0,1083,0.0003249,656,0.00164,2,5e-06,0.0019698999999999997,2.960576057434082
BenchmarkTest02369.java,0,CWE-89,CWE-89,1,0,1,0,0,0,1,0,0,0,1077,0.00032309999999999994,1235,0.0030875,2,5e-06,0.0034155999999999995,6.325650215148926
BenchmarkTest02370.java,0,CWE-643,CWE-643,1,0,0,1,0,0,0,1,0,0,1339,0.0004017,876,0.00219,2,5e-06,0.0025967,3.895449638366699
BenchmarkTest02371.java,0,CWE-327,,,,0,0,1,0,0,0,1,0,,,,,,,,
BenchmarkTest02372.java,0,CWE-327,,,,0,0,1,0,0,0,1,0,,,,,,,,
BenchmarkTest02373.java,0,CWE-327,CWE-327,1,0,1,0,0,0,1,0,0,0,1447,0.0004341,216,0.00054,2,5e-06,0.0009791,1.3456075191497803
BenchmarkTest02374.java,0,CWE-327,CWE-327,1,0,1,0,0,0,1,0,0,0,1491,0.00044730000000000003,196,0.00049,2,5e-06,0.0009423000000000001,1.3073756694793701
BenchmarkTest02375.java,0,CWE-327,CWE-327,1,0,1,0,0,0,1,0,0,0,1419,0.0004257,222,0.000555,2,5e-06,0.0009857000000000002,1.5616374015808105
BenchmarkTest02376.java,0,CWE-90,,,,0,0,1,0,0,0,1,0,,,,,,,,
BenchmarkTest02377.java,0,CWE-22,,,,0,0,0,1,0,0,0,1,,,,,,,,
BenchmarkTest02378.java,0,CWE-22,,,,0,0,0,1,0,0,0,1,,,,,,,,
BenchmarkTest02379.java,0,CWE-22,,,,0,0,1,0,0,0,1,0,,,,,,,,
BenchmarkTest02380.java,0,CWE-22,,,,0,0,1,0,0,0,1,0,,,,,,,,
BenchmarkTest02381.java,0,CWE-22,,,,0,0,1,0,0,0,1,0,,,,,,,,
BenchmarkTest02382.java,0,CWE-22,,,,0,0,1,0,0,0,1,0,,,,,,,,
BenchmarkTest02383.java,0,CWE-22,,,,0,0,0,1,0,0,0,1,,,,,,,,
BenchmarkTest02384.java,0,CWE-90,,,,0,0,1,0,0,0,1,0,,,,,,,,
BenchmarkTest02385.java,0,CWE-328,CWE-916,0,0,1,0,0,0,1,0,0,0,1496,0.0004488,759,0.0018975,2,5e-06,0.0023512999999999997,4.780842065811157
BenchmarkTest02386.java,0,CWE-328,CWE-916,0,0,1,0,0,0,1,0,0,0,1433,0.0004299,645,0.0016125,2,5e-06,0.0020473999999999996,3.5751426219940186
BenchmarkTest02387.java,0,CWE-328,CWE-916,0,0,1,0,0,0,1,0,0,0,1426,0.0004278,783,0.0019575,2,5e-06,0.0023902999999999997,4.337944269180298
BenchmarkTest02388.java,0,CWE-328,CWE-916,0,0,1,0,0,0,1,0,0,0,1451,0.0004353,769,0.0019225,2,5e-06,0.0023628,4.410543441772461
BenchmarkTest02389.java,0,CWE-328,,,,0,0,1,0,0,0,1,0,,,,,,,,
BenchmarkTest02390.java,0,CWE-328,,,,0,0,1,0,0,0,1,0,,,,,,,,
BenchmarkTest02391.java,0,CWE-328,,,,0,0,0,1,0,0,0,1,,,,,,,,
BenchmarkTest02392.java,0,CWE-328,,,,0,0,0,1,0,0,0,1,,,,,,,,
BenchmarkTest02393.java,0,CWE-328,,,,0,0,0,1,0,0,0,1,,,,,,,,
BenchmarkTest02394.java,0,CWE-79,,,,0,0,1,0,0,0,1,0,,,,,,,,
BenchmarkTest02395.java,0,CWE-79,,,,0,0,0,1,0,0,0,1,,,,,,,,
BenchmarkTest02396.java,0,CWE-79,,,,0,0,0,1,0,0,0,1,,,,,,,,
BenchmarkTest02397.java,0,CWE-79,,,,0,0,0,1,0,0,0,1,,,,,,,,
BenchmarkTest02398.java,0,CWE-79,,,,0,0,1,0,0,0,1,0,,,,,,,,
BenchmarkTest02399.java,0,CWE-79,,,,0,0,0,1,0,0,0,1,,,,,,,,
BenchmarkTest02400.java,0,CWE-79,,,,0,0,0,1,0,0,0,1,,,,,,,,
BenchmarkTest02401.java,0,CWE-79,,,,0,0,1,0,0,0,1,0,,,,,,,,
BenchmarkTest02402.java,0,CWE-79,,,,0,0,0,1,0,0,0,1,,,,,,,,
BenchmarkTest02403.java,0,CWE-79,,,,0,0,0,1,0,0,0,1,,,,,,,,
BenchmarkTest02404.java,0,CWE-79,,,,0,0,1,0,0,0,1,0,,,,,,,,
BenchmarkTest02405.java,0,CWE-79,,,,0,0,0,1,0,0,0,1,,,,,,,,
BenchmarkTest02406.java,0,CWE-79,,,,0,0,1,0,0,0,1,0,,,,,,,,
BenchmarkTest02407.java,0,CWE-79,,,,0,0,0,1,0,0,0,1,,,,,,,,
BenchmarkTest02408.java,0,CWE-79,,,,0,0,1,0,0,0,1,0,,,,,,,,
BenchmarkTest02409.java,0,CWE-79,,,,0,0,0,1,0,0,0,1,,,,,,,,
BenchmarkTest02410.java,0,CWE-79,,,,0,0,0,1,0,0,0,1,,,,,,,,
BenchmarkTest02411.java,0,CWE-78,,,,0,0,0,1,0,0,0,1,,,,,,,,
BenchmarkTest02412.java,0,CWE-78,,,,0,0,0,1,0,0,0,1,,,,,,,,
BenchmarkTest02413.java,0,CWE-78,,,,0,0,1,0,0,0,1,0,,,,,,,,
BenchmarkTest02414.java,0,CWE-78,,,,0,0,0,1,0,0,0,1,,,,,,,,
BenchmarkTest02415.java,0,CWE-330,CWE-330,1,0,1,0,0,0,1,0,0,0,1406,0.0004218,477,0.0011925,2,5e-06,0.0016193,2.9446516036987305
BenchmarkTest02416.java,0,CWE-330,CWE-330,1,0,1,0,0,0,1,0,0,0,1512,0.00045359999999999997,438,0.001095,2,5e-06,0.0015536,2.92885160446167
BenchmarkTest02417.java,0,CWE-330,CWE-330,1,0,1,0,0,0,1,0,0,0,1404,0.0004212,558,0.001395,2,5e-06,0.0018212,4.292850017547607
BenchmarkTest02418.java,0,CWE-330,CWE-330,1,0,1,0,0,0,1,0,0,0,1468,0.00044039999999999997,470,0.001175,2,5e-06,0.0016204,3.8188257217407227
BenchmarkTest02419.java,0,CWE-330,CWE-330,1,0,1,0,0,0,1,0,0,0,1727,0.0005181000000000001,450,0.001125,2,5e-06,0.0016481,3.8345448970794678
BenchmarkTest02420.java,0,CWE-330,CWE-330,1,0,1,0,0,0,1,0,0,0,1383,0.0004149,555,0.0013875,2,5e-06,0.0018074,3.842571973800659
BenchmarkTest02421.java,0,CWE-330,CWE-330,1,0,1,0,0,0,1,0,0,0,1495,0.0004485,526,0.001315,2,5e-06,0.0017684999999999999,3.285996437072754
BenchmarkTest02422.java,0,CWE-330,CWE-330,1,0,1,0,0,0,1,0,0,0,1450,0.000435,551,0.0013775,2,5e-06,0.0018175,3.4495458602905273
BenchmarkTest02423.java,0,CWE-330,CWE-330,1,0,1,0,0,0,1,0,0,0,1688,0.0005064,515,0.0012875,2,5e-06,0.0017989,2.7188119888305664
BenchmarkTest02424.java,0,CWE-330,CWE-330,1,0,1,0,0,0,1,0,0,0,1413,0.0004239,379,0.0009475,2,5e-06,0.0013764,2.284693479537964
BenchmarkTest02425.java,0,CWE-330,CWE-330,1,0,1,0,0,0,1,0,0,0,1353,0.0004059,464,0.00116,2,5e-06,0.0015709,2.6876559257507324
BenchmarkTest02426.java,0,CWE-330,CWE-330,1,0,1,0,0,0,1,0,0,0,1376,0.0004128,531,0.0013275,2,5e-06,0.0017453,2.578134536743164
BenchmarkTest02427.java,0,CWE-614,CWE-614,1,0,1,0,0,0,1,0,0,0,1139,0.0003417,642,0.001605,2,5e-06,0.0019517,3.7079734802246094
BenchmarkTest02428.java,0,CWE-78,,,,0,0,1,0,0,0,1,0,,,,,,,,
BenchmarkTest02429.java,0,CWE-78,,,,0,0,0,1,0,0,0,1,,,,,,,,
BenchmarkTest02430.java,0,CWE-78,,,,0,0,0,1,0,0,0,1,,,,,,,,
BenchmarkTest02431.java,0,CWE-78,,,,0,0,0,1,0,0,0,1,,,,,,,,
BenchmarkTest02432.java,0,CWE-78,,,,0,0,0,1,0,0,0,1,,,,,,,,
BenchmarkTest02433.java,0,CWE-78,,,,0,0,0,1,0,0,0,1,,,,,,,,
BenchmarkTest02434.java,0,CWE-330,,,,0,0,1,0,0,0,1,0,,,,,,,,
BenchmarkTest02435.java,0,CWE-330,,,,0,0,1,0,0,0,1,0,,,,,,,,
BenchmarkTest02436.java,0,CWE-330,,,,0,0,1,0,0,0,1,0,,,,,,,,
BenchmarkTest02437.java,0,CWE-330,,,,0,0,1,0,0,0,1,0,,,,,,,,
BenchmarkTest02438.java,0,CWE-330,,,,0,0,1,0,0,0,1,0,,,,,,,,
BenchmarkTest02439.java,0,CWE-330,,,,0,0,1,0,0,0,1,0,,,,,,,,
BenchmarkTest02440.java,0,CWE-330,,,,0,0,1,0,0,0,1,0,,,,,,,,
BenchmarkTest02441.java,0,CWE-330,,,,0,0,1,0,0,0,1,0,,,,,,,,
BenchmarkTest02442.java,0,CWE-330,,,,0,0,1,0,0,0,1,0,,,,,,,,
BenchmarkTest02443.java,0,CWE-330,,,,0,0,1,0,0,0,1,0,,,,,,,,
BenchmarkTest02444.java,0,CWE-330,,,,0,0,1,0,0,0,1,0,,,,,,,,
BenchmarkTest02445.java,0,CWE-330,,,,0,0,1,0,0,0,1,0,,,,,,,,
BenchmarkTest02449.java,0,CWE-89,,,,0,0,0,1,0,0,0,1,,,,,,,,
BenchmarkTest02450.java,0,CWE-89,,,,0,0,1,0,0,0,1,0,,,,,,,,
BenchmarkTest02451.java,0,CWE-89,,,,0,0,0,1,0,0,0,1,,,,,,,,
BenchmarkTest02452.java,0,CWE-89,,,,0,0,1,0,0,0,1,0,,,,,,,,
BenchmarkTest02453.java,0,CWE-89,,,,0,0,0,1,0,0,0,1,,,,,,,,
BenchmarkTest02454.java,0,CWE-89,,,,0,0,0,1,0,0,0,1,,,,,,,,
BenchmarkTest02455.java,0,CWE-89,,,,0,0,0,1,0,0,0,1,,,,,,,,
BenchmarkTest02456.java,0,CWE-89,,,,0,0,1,0,0,0,1,0,,,,,,,,
BenchmarkTest02457.java,0,CWE-643,,,,0,0,1,0,0,0,1,0,,,,,,,,
BenchmarkTest02458.java,0,CWE-327,CWE-327,1,0,1,0,0,0,1,0,0,0,1838,0.0005514,246,0.000615,2,5e-06,0.0011714,1.6825861930847168
BenchmarkTest02459.java,0,CWE-327,,,,0,0,1,0,0,0,1,0,,,,,,,,
BenchmarkTest02460.java,0,CWE-327,,,,0,0,1,0,0,0,1,0,,,,,,,,
BenchmarkTest02461.java,0,CWE-327,,,,0,0,1,0,0,0,1,0,,,,,,,,
BenchmarkTest02462.java,0,CWE-22,CWE-23,0,1,0,1,0,0,0,0,1,0,1390,0.000417,858,0.002145,2,5e-06,0.002567,4.0073699951171875
BenchmarkTest02463.java,0,CWE-22,CWE-23,0,0,1,0,0,0,1,0,0,0,1321,0.00039630000000000004,1087,0.0027175,2,5e-06,0.0031187999999999997,5.504481077194214
BenchmarkTest02464.java,0,CWE-22,CWE-23,0,1,0,1,0,0,0,0,1,0,1365,0.0004095,864,0.00216,2,5e-06,0.0025745,3.8157224655151367
BenchmarkTest02465.java,0,CWE-22,CWE-23,0,0,1,0,0,0,1,0,0,0,1484,0.0004452,636,0.00159,2,5e-06,0.0020402,3.1840708255767822
BenchmarkTest02466.java,0,CWE-22,CWE-23,0,0,1,0,0,0,1,0,0,0,1557,0.00046709999999999997,795,0.0019875,2,5e-06,0.0024595999999999997,3.867234706878662
BenchmarkTest02467.java,0,CWE-22,CWE-23,0,1,0,1,0,0,0,0,1,0,1742,0.0005226,1005,0.0025125,2,5e-06,0.0030400999999999996,4.32591700553894
BenchmarkTest02468.java,0,CWE-22,CWE-23,0,1,0,1,0,0,0,0,1,0,1353,0.0004059,1052,0.00263,2,5e-06,0.0030408999999999996,4.96979832649231
BenchmarkTest02469.java,0,CWE-22,CWE-23,0,0,1,0,0,0,1,0,0,0,1382,0.00041459999999999994,694,0.001735,2,5e-06,0.0021545999999999996,3.4612858295440674
BenchmarkTest02470.java,0,CWE-22,CWE-23,0,1,0,1,0,0,0,0,1,0,1355,0.0004065,1231,0.0030775,2,5e-06,0.003489,6.289474964141846
BenchmarkTest02471.java,0,CWE-22,CWE-23,0,1,0,1,0,0,0,0,1,0,1525,0.0004575,863,0.0021575,2,5e-06,0.00262,4.655950546264648
BenchmarkTest02472.java,0,CWE-90,CWE-90,1,0,1,0,0,0,1,0,0,0,1410,0.000423,700,0.00175,2,5e-06,0.002178,4.596925735473633
BenchmarkTest02473.java,0,CWE-330,CWE-330,1,0,1,0,0,0,1,0,0,0,1485,0.0004455,599,0.0014975,2,5e-06,0.0019479999999999999,3.7168824672698975
BenchmarkTest02474.java,0,CWE-328,CWE-916,0,0,1,0,0,0,1,0,0,0,1474,0.0004422,390,0.000975,2,5e-06,0.0014222,2.9255998134613037
BenchmarkTest02475.java,0,CWE-328,CWE-916,0,0,1,0,0,0,1,0,0,0,1413,0.0004239,756,0.00189,2,5e-06,0.0023188999999999996,4.811176061630249
BenchmarkTest02476.java,0,CWE-328,CWE-916,0,0,1,0,0,0,1,0,0,0,1307,0.0003921,631,0.0015775,2,5e-06,0.0019745999999999995,3.9162330627441406
BenchmarkTest02477.java,0,CWE-328,,,,0,0,1,0,0,0,1,0,,,,,,,,
BenchmarkTest02478.java,0,CWE-328,,,,0,0,0,1,0,0,0,1,,,,,,,,
BenchmarkTest02479.java,0,CWE-328,,,,0,0,1,0,0,0,1,0,,,,,,,,
BenchmarkTest02480.java,0,CWE-79,CWE-79,1,0,1,0,0,0,1,0,0,0,1352,0.0004056,701,0.0017525,2,5e-06,0.0021631,4.222644329071045
BenchmarkTest02481.java,0,CWE-79,CWE-79,1,1,0,1,0,0,0,0,1,0,1405,0.0004215,826,0.002065,2,5e-06,0.0024915,3.9550817012786865
BenchmarkTest02482.java,0,CWE-79,CWE-79,1,1,0,1,0,0,0,0,1,0,1419,0.0004257,735,0.0018375,2,5e-06,0.0022681999999999997,3.7758562564849854
BenchmarkTest02483.java,0,CWE-79,CWE-79,1,0,1,0,0,0,1,0,0,0,1315,0.0003945,589,0.0014725,2,5e-06,0.0018720000000000002,4.224428176879883
BenchmarkTest02484.java,0,CWE-79,CWE-79,1,1,0,1,0,0,0,0,1,0,1461,0.00043830000000000003,845,0.0021125,2,5e-06,0.0025557999999999996,5.850171327590942
BenchmarkTest02485.java,0,CWE-79,CWE-79,1,1,0,1,0,0,0,0,1,0,1435,0.0004305,850,0.002125,2,5e-06,0.0025605,6.216766357421875
BenchmarkTest02486.java,0,CWE-79,CWE-79,1,0,1,0,0,0,1,0,0,0,1416,0.0004248,853,0.0021325,2,5e-06,0.0025622999999999996,6.891904592514038
BenchmarkTest02487.java,0,CWE-79,CWE-79,1,0,1,0,0,0,1,0,0,0,1376,0.0004128,718,0.001795,2,5e-06,0.0022127999999999996,5.237917900085449
BenchmarkTest02488.java,0,CWE-79,CWE-79,1,1,0,1,0,0,0,0,1,0,1357,0.0004071,603,0.0015075,2,5e-06,0.0019195999999999998,3.736753463745117
BenchmarkTest02489.java,0,CWE-79,CWE-79,1,0,1,0,0,0,1,0,0,0,1328,0.0003984,870,0.002175,2,5e-06,0.0025784,4.753767967224121
BenchmarkTest02490.java,0,CWE-79,CWE-79,1,1,0,1,0,0,0,0,1,0,1697,0.0005091,1181,0.0029525,2,5e-06,0.0034665999999999994,5.493577480316162
BenchmarkTest02491.java,0,CWE-79,CWE-79,1,1,0,1,0,0,0,0,1,0,1679,0.0005036999999999999,1330,0.003325,2,5e-06,0.0038336999999999998,6.03922438621521
BenchmarkTest02492.java,0,CWE-79,CWE-79,1,1,0,1,0,0,0,0,1,0,1332,0.00039959999999999996,1649,0.0041225,2,5e-06,0.0045271,9.182457447052002
BenchmarkTest02493.java,0,CWE-79,CWE-79,1,0,1,0,0,0,1,0,0,0,1463,0.0004389,713,0.0017825,2,5e-06,0.0022264,3.295030355453491
BenchmarkTest02494.java,0,CWE-79,CWE-79,1,0,1,0,0,0,1,0,0,0,1383,0.0004149,934,0.002335,2,5e-06,0.0027549,4.409462928771973
BenchmarkTest02495.java,0,CWE-79,CWE-79,1,1,0,1,0,0,0,0,1,0,1450,0.000435,721,0.0018025,2,5e-06,0.0022424999999999997,3.6767020225524902
BenchmarkTest02496.java,0,CWE-78,CWE-78,1,0,1,0,0,0,1,0,0,0,1097,0.0003291,868,0.00217,2,5e-06,0.0025041,4.127099990844727
BenchmarkTest02497.java,0,CWE-330,CWE-330,1,0,1,0,0,0,1,0,0,0,1729,0.0005187,467,0.0011675,2,5e-06,0.0016912,3.0395593643188477
BenchmarkTest02498.java,0,CWE-330,CWE-330,1,0,1,0,0,0,1,0,0,0,1391,0.0004173,472,0.00118,2,5e-06,0.0016023,2.545196294784546
BenchmarkTest02499.java,0,CWE-330,CWE-330,1,0,1,0,0,0,1,0,0,0,1424,0.0004272,633,0.0015825,2,5e-06,0.0020146999999999995,3.216376781463623
BenchmarkTest02500.java,0,CWE-330,CWE-330,1,0,1,0,0,0,1,0,0,0,1380,0.000414,549,0.0013725,2,5e-06,0.0017915,3.466526746749878
BenchmarkTest02501.java,0,CWE-330,CWE-330,1,0,1,0,0,0,1,0,0,0,1360,0.000408,411,0.0010275,2,5e-06,0.0014405,2.180889129638672
BenchmarkTest02502.java,0,CWE-330,CWE-330,1,0,1,0,0,0,1,0,0,0,1414,0.0004242,618,0.001545,2,5e-06,0.0019741999999999997,3.2545676231384277
BenchmarkTest02503.java,0,CWE-330,CWE-330,1,0,1,0,0,0,1,0,0,0,1685,0.0005055,483,0.0012075,2,5e-06,0.0017180000000000001,3.064528703689575
BenchmarkTest02504.java,0,CWE-330,CWE-330,1,0,1,0,0,0,1,0,0,0,1362,0.00040859999999999996,413,0.0010325,2,5e-06,0.0014460999999999999,2.326843500137329
BenchmarkTest02505.java,0,CWE-330,CWE-330,1,0,1,0,0,0,1,0,0,0,1403,0.0004209,557,0.0013925,2,5e-06,0.0018184000000000002,3.2342257499694824
BenchmarkTest02506.java,0,CWE-330,CWE-330,1,0,1,0,0,0,1,0,0,0,1394,0.0004182,536,0.00134,2,5e-06,0.0017632000000000001,3.1860830783843994
BenchmarkTest02507.java,0,CWE-614,CWE-614,1,0,1,0,0,0,1,0,0,0,1124,0.0003372,247,0.0006175,2,5e-06,0.0009597,1.5511019229888916
BenchmarkTest02508.java,0,CWE-614,,,,0,0,1,0,0,0,1,0,,,,,,,,
BenchmarkTest02509.java,0,CWE-79,CWE-79,1,1,0,1,0,0,0,0,1,0,1359,0.0004077,700,0.00175,2,5e-06,0.0021627,3.614743947982788
BenchmarkTest02510.java,0,CWE-78,CWE-78,1,1,0,1,0,0,0,0,1,0,1301,0.0003903,1987,0.0049675,2,5e-06,0.005362799999999999,8.827252864837646
BenchmarkTest02511.java,0,CWE-78,CWE-78,1,0,1,0,0,0,1,0,0,0,981,0.0002943,1227,0.0030675,2,5e-06,0.0033667999999999997,6.908815622329712
BenchmarkTest02512.java,0,CWE-78,CWE-78,1,0,1,0,0,0,1,0,0,0,1035,0.0003105,1098,0.002745,2,5e-06,0.0030605,6.420486688613892
BenchmarkTest02513.java,0,CWE-78,CWE-78,1,1,0,1,0,0,0,0,1,0,1056,0.0003168,1075,0.0026875,2,5e-06,0.0030092999999999995,5.790144443511963
BenchmarkTest02514.java,0,CWE-78,CWE-78,1,0,1,0,0,0,1,0,0,0,999,0.00029969999999999997,1420,0.00355,2,5e-06,0.0038547,8.268967151641846
BenchmarkTest02515.java,0,CWE-78,CWE-78,1,0,1,0,0,0,1,0,0,0,972,0.0002916,1573,0.0039325,2,5e-06,0.0042291,8.494496822357178
BenchmarkTest02516.java,0,CWE-78,CWE-78,1,0,1,0,0,0,1,0,0,0,1072,0.00032159999999999996,1510,0.003775,2,5e-06,0.0041015999999999995,7.764854192733765
BenchmarkTest02517.java,0,CWE-78,CWE-78,1,0,1,0,0,0,1,0,0,0,981,0.0002943,1109,0.0027725,2,5e-06,0.0030717999999999995,5.820519208908081
BenchmarkTest02518.java,0,CWE-78,CWE-78,1,1,0,1,0,0,0,0,1,0,1055,0.0003165,1637,0.0040925,2,5e-06,0.0044139999999999995,8.682441234588623
BenchmarkTest02519.java,0,CWE-330,,,,0,0,1,0,0,0,1,0,,,,,,,,
BenchmarkTest02520.java,0,CWE-330,,,,0,0,1,0,0,0,1,0,,,,,,,,
BenchmarkTest02521.java,0,CWE-330,,,,0,0,1,0,0,0,1,0,,,,,,,,
BenchmarkTest02522.java,0,CWE-330,,,,0,0,1,0,0,0,1,0,,,,,,,,
BenchmarkTest02528.java,0,CWE-89,CWE-89,1,0,1,0,0,0,1,0,0,0,1025,0.0003075,1012,0.00253,2,5e-06,0.0028425,5.23870587348938
BenchmarkTest02529.java,0,CWE-89,CWE-89,1,1,0,1,0,0,0,0,1,0,1090,0.000327,1520,0.0038,2,5e-06,0.004131999999999999,7.806210279464722
BenchmarkTest02530.java,0,CWE-89,CWE-89,1,0,1,0,0,0,1,0,0,0,1036,0.0003108,700,0.00175,2,5e-06,0.0020658,3.6164815425872803
BenchmarkTest02531.java,0,CWE-89,CWE-89,1,0,1,0,0,0,1,0,0,0,1005,0.0003015,645,0.0016125,2,5e-06,0.001919,3.2027487754821777
BenchmarkTest02532.java,0,CWE-89,CWE-89,1,0,1,0,0,0,1,0,0,0,1058,0.00031739999999999996,735,0.0018375,2,5e-06,0.0021598999999999998,4.172982454299927
BenchmarkTest02533.java,0,CWE-89,CWE-89,1,0,1,0,0,0,1,0,0,0,1090,0.000327,851,0.0021275,2,5e-06,0.0024595,4.3773276805877686
BenchmarkTest02534.java,0,CWE-89,CWE-89,1,0,1,0,0,0,1,0,0,0,1005,0.0003015,715,0.0017875,2,5e-06,0.002094,3.6802496910095215
BenchmarkTest02535.java,0,CWE-89,CWE-89,1,0,1,0,0,0,1,0,0,0,1075,0.0003225,684,0.00171,2,5e-06,0.0020375,4.815150022506714
BenchmarkTest02536.java,0,CWE-89,CWE-89,1,1,0,1,0,0,0,0,1,0,1083,0.0003249,869,0.0021725,2,5e-06,0.0025023999999999997,4.289058685302734
BenchmarkTest02537.java,0,CWE-89,CWE-89,1,0,1,0,0,0,1,0,0,0,1026,0.0003078,624,0.00156,2,5e-06,0.0018728,3.546950101852417
BenchmarkTest02538.java,0,CWE-89,,,,0,0,1,0,0,0,1,0,,,,,,,,
BenchmarkTest02539.java,0,CWE-89,,,,0,0,1,0,0,0,1,0,,,,,,,,
BenchmarkTest02540.java,0,CWE-89,CWE-89,1,1,0,1,0,0,0,0,1,0,1026,0.0003078,809,0.0020225,2,5e-06,0.0023353,3.9758176803588867
BenchmarkTest02541.java,0,CWE-89,CWE-89,1,1,0,1,0,0,0,0,1,0,987,0.0002961,1030,0.002575,2,5e-06,0.0028761,4.779648542404175
BenchmarkTest02542.java,0,CWE-89,CWE-89,1,0,1,0,0,0,1,0,0,0,969,0.00029069999999999996,579,0.0014475,2,5e-06,0.0017432,3.4032719135284424
BenchmarkTest02543.java,0,CWE-89,CWE-89,1,0,1,0,0,0,1,0,0,0,987,0.0002961,673,0.0016825,2,5e-06,0.0019836,3.2223124504089355
BenchmarkTest02544.java,0,CWE-89,CWE-89,1,1,0,1,0,0,0,0,1,0,1044,0.00031319999999999997,512,0.00128,2,5e-06,0.0015982000000000001,2.986586570739746
BenchmarkTest02545.java,0,CWE-89,CWE-89,1,0,1,0,0,0,1,0,0,0,972,0.0002916,632,0.00158,2,5e-06,0.0018766,3.7212042808532715
BenchmarkTest02546.java,0,CWE-89,CWE-89,1,1,0,1,0,0,0,0,1,0,1048,0.0003144,1296,0.00324,2,5e-06,0.0035593999999999995,7.312630891799927
BenchmarkTest02547.java,0,CWE-327,,,,0,0,1,0,0,0,1,0,,,,,,,,
BenchmarkTest02548.java,0,CWE-327,CWE-327,1,0,1,0,0,0,1,0,0,0,2042,0.0006126,160,0.0004,2,5e-06,0.0010176,2.004586935043335
BenchmarkTest02549.java,0,CWE-327,CWE-327,1,0,1,0,0,0,1,0,0,0,2034,0.0006102,244,0.00061,2,5e-06,0.0012251999999999999,2.407602071762085
BenchmarkTest02550.java,0,CWE-327,CWE-327,1,0,1,0,0,0,1,0,0,0,1571,0.00047129999999999996,222,0.000555,2,5e-06,0.0010313,2.7164268493652344
BenchmarkTest02551.java,0,CWE-327,,,,0,0,1,0,0,0,1,0,,,,,,,,
BenchmarkTest02552.java,0,CWE-327,,,,0,0,1,0,0,0,1,0,,,,,,,,
BenchmarkTest02553.java,0,CWE-90,CWE-90,1,1,0,1,0,0,0,0,1,0,1620,0.000486,817,0.0020425,2,5e-06,0.0025334999999999997,4.708679676055908
BenchmarkTest02554.java,0,CWE-22,CWE-23,0,1,0,1,0,0,0,0,1,0,1494,0.0004482,949,0.0023725,2,5e-06,0.0028257,4.927672624588013
BenchmarkTest02555.java,0,CWE-22,CWE-23,0,0,1,0,0,0,1,0,0,0,1492,0.0004476,1155,0.0028875,2,5e-06,0.0033400999999999995,5.699119567871094
BenchmarkTest02556.java,0,CWE-22,CWE-23,0,0,1,0,0,0,1,0,0,0,1465,0.0004395,972,0.00243,2,5e-06,0.0028744999999999995,4.980588912963867
BenchmarkTest02557.java,0,CWE-22,CWE-23,0,0,0,1,0,0,0,1,0,0,1513,0.0004539,1224,0.00306,2,5e-06,0.0035188999999999997,5.6664440631866455
BenchmarkTest02558.java,0,CWE-22,CWE-23,0,1,0,1,0,0,0,0,1,0,1470,0.000441,821,0.0020525,2,5e-06,0.0024985,3.9845588207244873
BenchmarkTest02559.java,0,CWE-22,CWE-23,0,0,1,0,0,0,1,0,0,0,1631,0.0004892999999999999,1152,0.00288,2,5e-06,0.0033742999999999998,5.753249406814575
BenchmarkTest02560.java,0,CWE-22,CWE-23,0,0,1,0,0,0,1,0,0,0,1646,0.0004938,1044,0.00261,2,5e-06,0.0031087999999999997,4.700806140899658
BenchmarkTest02561.java,0,CWE-22,CWE-23,0,0,1,0,0,0,1,0,0,0,1623,0.00048689999999999996,893,0.0022325,2,5e-06,0.0027244,4.095458745956421
BenchmarkTest02562.java,0,CWE-22,CWE-23,0,0,1,0,0,0,1,0,0,0,1583,0.0004749,708,0.00177,2,5e-06,0.0022499,3.438293695449829
BenchmarkTest02563.java,0,CWE-22,CWE-23,0,1,0,1,0,0,0,0,1,0,1844,0.0005531999999999999,1059,0.0026475,2,5e-06,0.0032056999999999997,5.370922088623047
BenchmarkTest02564.java,0,CWE-22,CWE-23,0,0,1,0,0,0,1,0,0,0,1590,0.000477,941,0.0023525,2,5e-06,0.0028344999999999998,4.809953212738037
BenchmarkTest02565.java,0,CWE-22,CWE-23,0,0,1,0,0,0,1,0,0,0,1499,0.0004497,1550,0.003875,2,5e-06,0.0043297,7.1386191844940186
BenchmarkTest02566.java,0,CWE-22,CWE-23,0,1,0,1,0,0,0,0,1,0,1532,0.00045959999999999995,843,0.0021075,2,5e-06,0.0025721,4.0404181480407715
BenchmarkTest02567.java,0,CWE-22,CWE-23,0,0,1,0,0,0,1,0,0,0,1477,0.0004431,839,0.0020975,2,5e-06,0.0025456,4.048689126968384
BenchmarkTest02568.java,0,CWE-22,CWE-23,0,1,0,1,0,0,0,0,1,0,1575,0.0004725,1722,0.004305,2,5e-06,0.004782499999999999,8.283569812774658
BenchmarkTest02569.java,0,CWE-22,CWE-23,0,0,1,0,0,0,1,0,0,0,1581,0.00047429999999999993,974,0.002435,2,5e-06,0.0029143,4.80517315864563
BenchmarkTest02570.java,0,CWE-22,CWE-23,0,1,0,1,0,0,0,0,1,0,1727,0.0005181000000000001,1757,0.0043925,2,5e-06,0.004915599999999999,7.49452805519104
BenchmarkTest02571.java,0,CWE-90,CWE-90,1,1,0,1,0,0,0,0,1,0,1608,0.00048239999999999996,1036,0.00259,2,5e-06,0.0030773999999999997,4.983114242553711
BenchmarkTest02572.java,0,CWE-90,CWE-90,1,0,0,1,0,0,0,1,0,0,1562,0.00046859999999999995,640,0.0016,2,5e-06,0.0020735999999999997,3.7255964279174805
BenchmarkTest02573.java,0,CWE-328,CWE-916,0,0,1,0,0,0,1,0,0,0,1630,0.000489,2687,0.0067175,2,5e-06,0.0072115,14.328025817871094
BenchmarkTest02574.java,0,CWE-328,CWE-916,0,0,1,0,0,0,1,0,0,0,1582,0.0004746,620,0.00155,2,5e-06,0.0020296,4.475332021713257
BenchmarkTest02575.java,0,CWE-328,CWE-916,0,0,1,0,0,0,1,0,0,0,1496,0.0004488,777,0.0019425,2,5e-06,0.0023962999999999996,4.438976049423218
BenchmarkTest02576.java,0,CWE-328,,,,0,0,1,0,0,0,1,0,,,,,,,,
BenchmarkTest02577.java,0,CWE-328,,,,0,0,0,1,0,0,0,1,,,,,,,,
BenchmarkTest02578.java,0,CWE-79,CWE-79,1,0,1,0,0,0,1,0,0,0,1534,0.00046019999999999996,1701,0.0042525,2,5e-06,0.0047177,8.418742895126343
BenchmarkTest02579.java,0,CWE-79,CWE-79,1,0,1,0,0,0,1,0,0,0,1506,0.00045180000000000003,1015,0.0025375,2,5e-06,0.0029942999999999997,4.897244930267334
BenchmarkTest02580.java,0,CWE-79,CWE-79,1,0,1,0,0,0,1,0,0,0,1517,0.00045509999999999995,1014,0.002535,2,5e-06,0.0029950999999999997,5.487358808517456
BenchmarkTest02581.java,0,CWE-79,CWE-79,1,1,0,1,0,0,0,0,1,0,1505,0.0004515,1944,0.00486,2,5e-06,0.005316499999999999,9.465849876403809
BenchmarkTest02582.java,0,CWE-79,CWE-79,1,0,1,0,0,0,1,0,0,0,1510,0.000453,949,0.0023725,2,5e-06,0.0028304999999999997,4.671984672546387
BenchmarkTest02583.java,0,CWE-79,CWE-79,1,0,1,0,0,0,1,0,0,0,1476,0.00044280000000000003,768,0.00192,2,5e-06,0.0023677999999999998,3.828443765640259
BenchmarkTest02584.java,0,CWE-79,CWE-79,1,0,1,0,0,0,1,0,0,0,1505,0.0004515,927,0.0023175,2,5e-06,0.002774,4.321303129196167
BenchmarkTest02585.java,0,CWE-79,CWE-79,1,0,1,0,0,0,1,0,0,0,1514,0.0004542,816,0.00204,2,5e-06,0.0024992,6.042540073394775
BenchmarkTest02586.java,0,CWE-79,CWE-79,1,0,1,0,0,0,1,0,0,0,1585,0.0004755,901,0.0022525,2,5e-06,0.002733,4.2141218185424805
BenchmarkTest02587.java,0,CWE-79,CWE-79,1,0,1,0,0,0,1,0,0,0,1852,0.0005556000000000001,2357,0.0058925,2,5e-06,0.0064531,10.609834909439087
BenchmarkTest02588.java,0,CWE-79,CWE-79,1,0,1,0,0,0,1,0,0,0,1825,0.0005475,1992,0.00498,2,5e-06,0.0055325,9.212835311889648
BenchmarkTest02589.java,0,CWE-79,CWE-79,1,1,0,1,0,0,0,0,1,0,1584,0.0004752,1290,0.003225,2,5e-06,0.0037051999999999996,6.013105630874634
BenchmarkTest02590.java,0,CWE-79,CWE-79,1,1,0,1,0,0,0,0,1,0,1648,0.0004944,2363,0.0059075,2,5e-06,0.0064069,10.876211404800415
BenchmarkTest02591.java,0,CWE-79,CWE-79,1,0,1,0,0,0,1,0,0,0,1528,0.0004584,927,0.0023175,2,5e-06,0.0027808999999999998,4.763269424438477
BenchmarkTest02592.java,0,CWE-79,CWE-79,1,0,1,0,0,0,1,0,0,0,1573,0.0004719,914,0.002285,2,5e-06,0.0027619,4.580264091491699
BenchmarkTest02593.java,0,CWE-79,CWE-79,1,1,0,1,0,0,0,0,1,0,1529,0.0004587,940,0.00235,2,5e-06,0.0028136999999999997,4.535022497177124
BenchmarkTest02594.java,0,CWE-79,CWE-79,1,1,0,1,0,0,0,0,1,0,1523,0.0004569,978,0.002445,2,5e-06,0.0029069,5.966123342514038
BenchmarkTest02595.java,0,CWE-79,CWE-79,1,0,1,0,0,0,1,0,0,0,1587,0.00047609999999999997,792,0.00198,2,5e-06,0.0024611,5.342864036560059
BenchmarkTest02596.java,0,CWE-79,CWE-79,1,1,0,1,0,0,0,0,1,0,1494,0.0004482,586,0.001465,2,5e-06,0.0019182,2.9060463905334473
BenchmarkTest02597.java,0,CWE-79,CWE-79,1,0,1,0,0,0,1,0,0,0,1545,0.0004635,571,0.0014275,2,5e-06,0.001896,3.1003429889678955
BenchmarkTest02598.java,0,CWE-79,CWE-79,1,0,1,0,0,0,1,0,0,0,1512,0.00045359999999999997,795,0.0019875,2,5e-06,0.0024460999999999997,3.8090293407440186
BenchmarkTest02599.java,0,CWE-79,CWE-79,1,1,0,1,0,0,0,0,1,0,1521,0.00045630000000000003,840,0.0021,2,5e-06,0.0025613,4.08409309387207
BenchmarkTest02600.java,0,CWE-79,CWE-79,1,0,1,0,0,0,1,0,0,0,1552,0.0004656,872,0.00218,2,5e-06,0.0026506,4.320868730545044
BenchmarkTest02601.java,0,CWE-79,CWE-79,1,1,0,1,0,0,0,0,1,0,1526,0.0004578,582,0.001455,2,5e-06,0.0019177999999999999,2.8264033794403076
BenchmarkTest02602.java,0,CWE-330,CWE-330,1,0,1,0,0,0,1,0,0,0,1860,0.000558,490,0.001225,2,5e-06,0.0017879999999999999,2.496367931365967
BenchmarkTest02603.java,0,CWE-330,CWE-330,1,0,1,0,0,0,1,0,0,0,1577,0.00047309999999999995,549,0.0013725,2,5e-06,0.0018506,2.7677390575408936
BenchmarkTest02604.java,0,CWE-330,CWE-330,1,0,1,0,0,0,1,0,0,0,1857,0.0005571,418,0.001045,2,5e-06,0.0016071,2.2307255268096924
BenchmarkTest02605.java,0,CWE-330,CWE-330,1,0,1,0,0,0,1,0,0,0,1557,0.00046709999999999997,379,0.0009475,2,5e-06,0.0014196,2.3837313652038574
BenchmarkTest02606.java,0,CWE-330,CWE-330,1,0,1,0,0,0,1,0,0,0,1604,0.0004812,649,0.0016225,2,5e-06,0.0021087,3.5038814544677734
BenchmarkTest02607.java,0,CWE-614,,,,0,0,1,0,0,0,1,0,,,,,,,,
BenchmarkTest02608.java,0,CWE-79,CWE-79,1,0,1,0,0,0,1,0,0,0,1481,0.0004443,612,0.00153,2,5e-06,0.0019793,3.2902369499206543
BenchmarkTest02609.java,0,CWE-79,CWE-79,1,0,0,1,0,0,0,1,0,0,1503,0.00045089999999999996,1665,0.0041625,2,5e-06,0.0046184,8.849595308303833
BenchmarkTest02610.java,0,CWE-78,CWE-78,1,0,0,1,0,0,0,1,0,0,1381,0.0004143,1213,0.0030325,2,5e-06,0.0034517999999999997,5.462895154953003
BenchmarkTest02611.java,0,CWE-78,CWE-78,1,0,1,0,0,0,1,0,0,0,1345,0.0004035,1175,0.0029375,2,5e-06,0.003346,5.689476490020752
BenchmarkTest02612.java,0,CWE-78,CWE-78,1,0,1,0,0,0,1,0,0,0,1152,0.00034559999999999994,1016,0.00254,2,5e-06,0.0028906,5.141708850860596
BenchmarkTest02613.java,0,CWE-78,CWE-78,1,0,1,0,0,0,1,0,0,0,1215,0.0003645,1603,0.0040075,2,5e-06,0.004377,8.624209880828857
BenchmarkTest02614.java,0,CWE-330,,,,0,0,1,0,0,0,1,0,,,,,,,,
BenchmarkTest02615.java,0,CWE-330,,,,0,0,1,0,0,0,1,0,,,,,,,,
BenchmarkTest02616.java,0,CWE-330,CWE-330,1,1,0,1,0,0,0,0,1,0,1677,0.0005030999999999999,960,0.0024,2,5e-06,0.0029080999999999994,4.983126163482666
BenchmarkTest02617.java,0,CWE-330,,,,0,0,1,0,0,0,1,0,,,,,,,,
BenchmarkTest02618.java,0,CWE-330,,,,0,0,1,0,0,0,1,0,,,,,,,,
BenchmarkTest02619.java,0,CWE-330,,,,0,0,1,0,0,0,1,0,,,,,,,,
BenchmarkTest02620.java,0,CWE-330,,,,0,0,1,0,0,0,1,0,,,,,,,,
BenchmarkTest02621.java,0,CWE-330,,,,0,0,1,0,0,0,1,0,,,,,,,,
BenchmarkTest02625.java,0,CWE-89,CWE-89,1,0,1,0,0,0,1,0,0,0,1227,0.00036809999999999995,743,0.0018575,2,5e-06,0.0022305999999999997,4.236415147781372
BenchmarkTest02626.java,0,CWE-89,CWE-89,1,1,0,1,0,0,0,0,1,0,1144,0.0003432,748,0.00187,2,5e-06,0.0022181999999999996,3.559192419052124
BenchmarkTest02627.java,0,CWE-89,CWE-89,1,0,1,0,0,0,1,0,0,0,1214,0.00036419999999999996,1000,0.0025,2,5e-06,0.0028691999999999997,5.195169687271118
BenchmarkTest02628.java,0,CWE-89,CWE-89,1,0,1,0,0,0,1,0,0,0,1260,0.000378,1009,0.0025225,2,5e-06,0.0029054999999999997,4.739855051040649
BenchmarkTest02629.java,0,CWE-89,CWE-89,1,1,0,1,0,0,0,0,1,0,1230,0.000369,986,0.002465,2,5e-06,0.002839,5.320666790008545
BenchmarkTest02630.java,0,CWE-89,CWE-89,1,0,1,0,0,0,1,0,0,0,1161,0.0003483,819,0.0020475,2,5e-06,0.0024008,4.504668951034546
BenchmarkTest02631.java,0,CWE-89,CWE-89,1,1,0,1,0,0,0,0,1,0,1160,0.000348,1106,0.002765,2,5e-06,0.003118,5.573015451431274
BenchmarkTest02632.java,0,CWE-89,CWE-89,1,0,1,0,0,0,1,0,0,0,1226,0.0003678,737,0.0018425,2,5e-06,0.0022153,4.1326563358306885
BenchmarkTest02633.java,0,CWE-89,CWE-89,1,1,0,1,0,0,0,0,1,0,1492,0.0004476,3255,0.0081375,2,5e-06,0.0085901,14.71743392944336
BenchmarkTest02634.java,0,CWE-89,CWE-89,1,0,0,1,0,0,0,1,0,0,1239,0.0003717,795,0.0019875,2,5e-06,0.0023642,4.441478490829468
BenchmarkTest02635.java,0,CWE-89,CWE-89,1,0,1,0,0,0,1,0,0,0,1282,0.00038459999999999997,890,0.002225,2,5e-06,0.0026146,4.056614875793457
BenchmarkTest02636.java,0,CWE-89,CWE-89,1,1,0,1,0,0,0,0,1,0,1216,0.00036480000000000003,2055,0.0051375,2,5e-06,0.0055073,9.700101613998413
BenchmarkTest02637.java,0,CWE-89,CWE-89,1,1,0,1,0,0,0,0,1,0,1172,0.0003516,837,0.0020925,2,5e-06,0.0024491,4.042388200759888
BenchmarkTest02638.java,0,CWE-89,CWE-89,1,0,1,0,0,0,1,0,0,0,1148,0.00034439999999999997,636,0.00159,2,5e-06,0.0019394,3.3028945922851562
BenchmarkTest02639.java,0,CWE-89,,,,0,0,1,0,0,0,1,0,,,,,,,,
BenchmarkTest02640.java,0,CWE-89,,,,0,0,1,0,0,0,1,0,,,,,,,,
BenchmarkTest02641.java,0,CWE-89,CWE-89,1,0,1,0,0,0,1,0,0,0,1337,0.0004011,830,0.002075,2,5e-06,0.0024811,4.303778886795044
BenchmarkTest02642.java,0,CWE-89,,,,0,0,0,1,0,0,0,1,,,,,,,,
BenchmarkTest02643.java,0,CWE-89,,,,0,0,0,1,0,0,0,1,,,,,,,,
BenchmarkTest02644.java,0,CWE-89,,,,0,0,0,1,0,0,0,1,,,,,,,,
BenchmarkTest02645.java,0,CWE-89,,,,0,0,0,1,0,0,0,1,,,,,,,,
BenchmarkTest02646.java,0,CWE-89,CWE-89,1,0,1,0,0,0,1,0,0,0,1179,0.0003537,937,0.0023425,2,5e-06,0.0027012,4.42373514175415
BenchmarkTest02647.java,0,CWE-89,CWE-89,1,0,1,0,0,0,1,0,0,0,1180,0.000354,721,0.0018025,2,5e-06,0.0021615,3.9378914833068848
BenchmarkTest02648.java,0,CWE-89,CWE-89,1,1,0,1,0,0,0,0,1,0,1253,0.0003759,824,0.00206,2,5e-06,0.0024409,3.5517890453338623
BenchmarkTest02649.java,0,CWE-89,CWE-89,1,0,1,0,0,0,1,0,0,0,1103,0.00033089999999999997,721,0.0018025,2,5e-06,0.0021384,3.7267143726348877
BenchmarkTest02650.java,0,CWE-89,CWE-89,1,0,1,0,0,0,1,0,0,0,1212,0.00036359999999999995,1038,0.002595,2,5e-06,0.0029636,4.880495548248291
BenchmarkTest02651.java,0,CWE-89,CWE-89,1,0,1,0,0,0,1,0,0,0,1185,0.0003555,802,0.002005,2,5e-06,0.0023654999999999995,3.870861053466797
BenchmarkTest02652.java,0,CWE-89,CWE-89,1,1,0,1,0,0,0,0,1,0,1472,0.00044159999999999995,1460,0.00365,2,5e-06,0.0040966,6.244754076004028
BenchmarkTest02653.java,0,CWE-89,CWE-89,1,0,1,0,0,0,1,0,0,0,1145,0.0003435,840,0.0021,2,5e-06,0.0024484999999999997,4.315000534057617
BenchmarkTest02654.java,0,CWE-89,CWE-89,1,0,1,0,0,0,1,0,0,0,1180,0.000354,654,0.001635,2,5e-06,0.0019939999999999997,3.203131914138794
BenchmarkTest02655.java,0,CWE-89,CWE-89,1,0,1,0,0,0,1,0,0,0,1098,0.0003294,640,0.0016,2,5e-06,0.0019344,3.5400936603546143
BenchmarkTest02656.java,0,CWE-89,CWE-89,1,0,1,0,0,0,1,0,0,0,1149,0.0003447,635,0.0015875,2,5e-06,0.0019371999999999998,3.428638219833374
BenchmarkTest02657.java,0,CWE-89,CWE-89,1,1,0,1,0,0,0,0,1,0,1146,0.0003438,648,0.00162,2,5e-06,0.0019687999999999997,3.2339935302734375
BenchmarkTest02658.java,0,CWE-327,CWE-327,1,0,1,0,0,0,1,0,0,0,1821,0.0005463,212,0.00053,2,5e-06,0.0010813,3.087646007537842
BenchmarkTest02659.java,0,CWE-327,,,,0,0,1,0,0,0,1,0,,,,,,,,
BenchmarkTest02660.java,0,CWE-327,CWE-327,1,0,1,0,0,0,1,0,0,0,1737,0.0005211,230,0.000575,2,5e-06,0.0011011,2.0574281215667725
BenchmarkTest02661.java,0,CWE-327,CWE-327,1,0,1,0,0,0,1,0,0,0,1432,0.0004296,186,0.000465,2,5e-06,0.0008996,2.2945332527160645
BenchmarkTest02662.java,0,CWE-327,,,,0,0,1,0,0,0,1,0,,,,,,,,
BenchmarkTest02663.java,0,CWE-327,CWE-327,1,0,1,0,0,0,1,0,0,0,1387,0.0004161,300,0.00075,2,5e-06,0.0011711,2.2554306983947754
BenchmarkTest02664.java,0,CWE-22,,,,0,0,1,0,0,0,1,0,,,,,,,,
BenchmarkTest02665.java,0,CWE-22,,,,0,0,1,0,0,0,1,0,,,,,,,,
BenchmarkTest02666.java,0,CWE-22,,,,0,0,1,0,0,0,1,0,,,,,,,,
BenchmarkTest02667.java,0,CWE-22,,,,0,0,1,0,0,0,1,0,,,,,,,,
BenchmarkTest02668.java,0,CWE-22,,,,0,0,1,0,0,0,1,0,,,,,,,,
BenchmarkTest02669.java,0,CWE-22,,,,0,0,1,0,0,0,1,0,,,,,,,,
BenchmarkTest02670.java,0,CWE-328,CWE-916,0,0,1,0,0,0,1,0,0,0,1528,0.0004584,570,0.001425,2,5e-06,0.0018884,4.338335990905762
BenchmarkTest02671.java,0,CWE-328,CWE-916,0,0,1,0,0,0,1,0,0,0,1566,0.0004698,459,0.0011475,2,5e-06,0.0016223000000000001,4.279321670532227
BenchmarkTest02672.java,0,CWE-328,,,,0,0,1,0,0,0,1,0,,,,,,,,
BenchmarkTest02673.java,0,CWE-328,,,,0,0,1,0,0,0,1,0,,,,,,,,
BenchmarkTest02674.java,0,CWE-328,CWE-916,0,0,1,0,0,0,1,0,0,0,1656,0.0004967999999999999,673,0.0016825,2,5e-06,0.0021842999999999997,4.1803107261657715
BenchmarkTest02675.java,0,CWE-328,CWE-916,0,0,1,0,0,0,1,0,0,0,1331,0.0003993,599,0.0014975,2,5e-06,0.0019018,4.223897218704224
BenchmarkTest02676.java,0,CWE-328,,,,0,0,1,0,0,0,1,0,,,,,,,,
BenchmarkTest02677.java,0,CWE-328,,,,0,0,0,1,0,0,0,1,,,,,,,,
BenchmarkTest02678.java,0,CWE-328,,,,0,0,1,0,0,0,1,0,,,,,,,,
BenchmarkTest02679.java,0,CWE-79,,,,0,0,1,0,0,0,1,0,,,,,,,,
BenchmarkTest02680.java,0,CWE-79,,,,0,0,1,0,0,0,1,0,,,,,,,,
BenchmarkTest02681.java,0,CWE-79,,,,0,0,1,0,0,0,1,0,,,,,,,,
BenchmarkTest02682.java,0,CWE-79,,,,0,0,1,0,0,0,1,0,,,,,,,,
BenchmarkTest02683.java,0,CWE-79,,,,0,0,1,0,0,0,1,0,,,,,,,,
BenchmarkTest02684.java,0,CWE-79,,,,0,0,1,0,0,0,1,0,,,,,,,,
BenchmarkTest02685.java,0,CWE-79,,,,0,0,1,0,0,0,1,0,,,,,,,,
BenchmarkTest02686.java,0,CWE-79,,,,0,0,1,0,0,0,1,0,,,,,,,,
BenchmarkTest02687.java,0,CWE-79,,,,0,0,1,0,0,0,1,0,,,,,,,,
BenchmarkTest02688.java,0,CWE-79,,,,0,0,1,0,0,0,1,0,,,,,,,,
BenchmarkTest02689.java,0,CWE-79,,,,0,0,1,0,0,0,1,0,,,,,,,,
BenchmarkTest02690.java,0,CWE-79,,,,0,0,1,0,0,0,1,0,,,,,,,,
BenchmarkTest02691.java,0,CWE-79,,,,0,0,1,0,0,0,1,0,,,,,,,,
BenchmarkTest02692.java,0,CWE-79,,,,0,0,1,0,0,0,1,0,,,,,,,,
BenchmarkTest02693.java,0,CWE-79,,,,0,0,1,0,0,0,1,0,,,,,,,,
BenchmarkTest02694.java,0,CWE-79,,,,0,0,1,0,0,0,1,0,,,,,,,,
BenchmarkTest02695.java,0,CWE-79,,,,0,0,1,0,0,0,1,0,,,,,,,,
BenchmarkTest02696.java,0,CWE-79,,,,0,0,1,0,0,0,1,0,,,,,,,,
BenchmarkTest02697.java,0,CWE-78,,,,0,0,1,0,0,0,1,0,,,,,,,,
BenchmarkTest02698.java,0,CWE-78,,,,0,0,1,0,0,0,1,0,,,,,,,,
BenchmarkTest02699.java,0,CWE-78,,,,0,0,1,0,0,0,1,0,,,,,,,,
BenchmarkTest02700.java,0,CWE-330,CWE-330,1,0,1,0,0,0,1,0,0,0,1449,0.0004347,442,0.001105,2,5e-06,0.0015447000000000002,3.1814732551574707
BenchmarkTest02701.java,0,CWE-330,CWE-330,1,0,1,0,0,0,1,0,0,0,1406,0.0004218,445,0.0011125,2,5e-06,0.0015393,3.0477254390716553
BenchmarkTest02702.java,0,CWE-330,CWE-330,1,0,1,0,0,0,1,0,0,0,1391,0.0004173,431,0.0010775,2,5e-06,0.0014998,2.0892536640167236
BenchmarkTest02703.java,0,CWE-330,CWE-330,1,0,1,0,0,0,1,0,0,0,1388,0.0004164,398,0.000995,2,5e-06,0.0014164,4.693990468978882
BenchmarkTest02704.java,0,CWE-330,CWE-330,1,0,1,0,0,0,1,0,0,0,1423,0.00042689999999999997,503,0.0012575,2,5e-06,0.0016894,2.6292648315429688
BenchmarkTest02705.java,0,CWE-330,CWE-330,1,0,1,0,0,0,1,0,0,0,1411,0.0004233,454,0.001135,2,5e-06,0.0015632999999999999,2.514991283416748
BenchmarkTest02706.java,0,CWE-330,CWE-330,1,0,1,0,0,0,1,0,0,0,1396,0.0004188,519,0.0012975,2,5e-06,0.0017213,2.4902191162109375
BenchmarkTest02707.java,0,CWE-330,CWE-330,1,0,1,0,0,0,1,0,0,0,1372,0.0004116,481,0.0012025,2,5e-06,0.0016191,2.6094865798950195
BenchmarkTest02708.java,0,CWE-330,CWE-330,1,0,1,0,0,0,1,0,0,0,1345,0.0004035,517,0.0012925,2,5e-06,0.001701,2.844860553741455
BenchmarkTest02709.java,0,CWE-614,CWE-614,1,0,1,0,0,0,1,0,0,0,1132,0.00033959999999999996,512,0.00128,2,5e-06,0.0016246000000000001,2.820050001144409
BenchmarkTest02710.java,0,CWE-614,CWE-614,1,0,1,0,0,0,1,0,0,0,1104,0.0003312,684,0.00171,2,5e-06,0.0020461999999999998,3.6848902702331543
BenchmarkTest02711.java,0,CWE-614,,,,0,0,1,0,0,0,1,0,,,,,,,,
BenchmarkTest02712.java,0,CWE-79,,,,0,0,1,0,0,0,1,0,,,,,,,,
BenchmarkTest02713.java,0,CWE-78,,,,0,0,1,0,0,0,1,0,,,,,,,,
BenchmarkTest02714.java,0,CWE-78,,,,0,0,1,0,0,0,1,0,,,,,,,,
BenchmarkTest02715.java,0,CWE-330,,,,0,0,1,0,0,0,1,0,,,,,,,,
BenchmarkTest02716.java,0,CWE-330,,,,0,0,1,0,0,0,1,0,,,,,,,,
BenchmarkTest02717.java,0,CWE-330,,,,0,0,1,0,0,0,1,0,,,,,,,,
BenchmarkTest02718.java,0,CWE-330,,,,0,0,1,0,0,0,1,0,,,,,,,,
BenchmarkTest02719.java,0,CWE-330,,,,0,0,1,0,0,0,1,0,,,,,,,,
BenchmarkTest02720.java,0,CWE-330,,,,0,0,1,0,0,0,1,0,,,,,,,,
BenchmarkTest02721.java,0,CWE-330,,,,0,0,1,0,0,0,1,0,,,,,,,,
BenchmarkTest02727.java,0,CWE-89,,,,0,0,1,0,0,0,1,0,,,,,,,,
BenchmarkTest02728.java,0,CWE-89,,,,0,0,1,0,0,0,1,0,,,,,,,,
BenchmarkTest02729.java,0,CWE-89,,,,0,0,1,0,0,0,1,0,,,,,,,,
BenchmarkTest02730.java,0,CWE-89,,,,0,0,1,0,0,0,1,0,,,,,,,,
BenchmarkTest02731.java,0,CWE-89,,,,0,0,1,0,0,0,1,0,,,,,,,,
BenchmarkTest02732.java,0,CWE-89,,,,0,0,1,0,0,0,1,0,,,,,,,,
BenchmarkTest02733.java,0,CWE-89,,,,0,0,1,0,0,0,1,0,,,,,,,,
BenchmarkTest02734.java,0,CWE-89,,,,0,0,1,0,0,0,1,0,,,,,,,,
BenchmarkTest02735.java,0,CWE-89,,,,0,0,1,0,0,0,1,0,,,,,,,,
BenchmarkTest02736.java,0,CWE-89,,,,0,0,1,0,0,0,1,0,,,,,,,,
BenchmarkTest02737.java,0,CWE-89,,,,0,0,1,0,0,0,1,0,,,,,,,,
BenchmarkTest02738.java,0,CWE-89,,,,0,0,1,0,0,0,1,0,,,,,,,,
BenchmarkTest02739.java,0,CWE-89,,,,0,0,1,0,0,0,1,0,,,,,,,,
BenchmarkTest02740.java,0,CWE-89,,,,0,0,1,0,0,0,1,0,,,,,,,,
