file_name,error,correct_cwe,matched_cwe,direct_match,was_changed,tp_old,fp_old,tn_old,fn_old,tp_new,fp_new,tn_new,fn_new,input_token,input_cost,reasoning_token,reasoning_cost,output_token,output_cost,total_cost,analysis_time
BenchmarkTest00001.java,0,CWE-22,CWE-23,0,0,1,0,0,0,1,0,0,0,1596,0.001995,1229,0.01229,2,2e-05,0.014305,10.780312538146973
BenchmarkTest00002.java,0,CWE-22,CWE-23,0,0,1,0,0,0,1,0,0,0,1460,0.001825,888,0.00888,2,2e-05,0.010725,8.311801433563232
BenchmarkTest00003.java,0,CWE-328,,,,0,0,0,1,0,0,0,1,,,,,,,,
BenchmarkTest00005.java,0,CWE-327,CWE-327,1,0,1,0,0,0,1,0,0,0,1351,0.00168875,551,0.00551,2,2e-05,0.00721875,5.803423881530762
BenchmarkTest00006.java,0,CWE-78,CWE-78,1,0,1,0,0,0,1,0,0,0,1019,0.00127375,1124,0.01124,2,2e-05,0.01253375,10.540382623672485
BenchmarkTest00007.java,0,CWE-78,CWE-78,1,0,1,0,0,0,1,0,0,0,897,0.00112125,1872,0.01872,2,2e-05,0.01986125,17.990728855133057
BenchmarkTest00008.java,0,CWE-89,CWE-89,1,0,1,0,0,0,1,0,0,0,902,0.0011275,886,0.00886,2,2e-05,0.010007499999999999,7.968020915985107
BenchmarkTest00009.java,0,CWE-328,,,,0,0,1,0,0,0,1,0,,,,,,,,
BenchmarkTest00010.java,0,CWE-330,,,,0,0,1,0,0,0,1,0,,,,,,,,
BenchmarkTest00011.java,0,CWE-22,CWE-23,0,1,1,0,0,0,0,0,0,1,1238,0.0015475,1641,0.01641,2,2e-05,0.0179775,14.529650211334229
BenchmarkTest00012.java,0,CWE-90,CWE-90,1,0,1,0,0,0,1,0,0,0,1313,0.00164125,711,0.00711,2,2e-05,0.00877125,7.3819379806518555
BenchmarkTest00013.java,0,CWE-79,CWE-79,1,0,1,0,0,0,1,0,0,0,1310,0.0016375,1137,0.01137,2,2e-05,0.0130275,10.326209783554077
BenchmarkTest00014.java,0,CWE-79,CWE-79,1,0,1,0,0,0,1,0,0,0,1305,0.00163125,1274,0.01274,2,2e-05,0.01439125,11.154335260391235
BenchmarkTest00015.java,0,CWE-78,CWE-78,1,0,1,0,0,0,1,0,0,0,1033,0.00129125,1179,0.01179,2,2e-05,0.01310125,11.154831886291504
BenchmarkTest00016.java,0,CWE-614,,,,0,0,1,0,0,0,1,0,,,,,,,,
BenchmarkTest00017.java,0,CWE-78,CWE-78,1,0,1,0,0,0,1,0,0,0,987,0.00123375,1000,0.01,2,2e-05,0.01125375,10.029298782348633
BenchmarkTest00018.java,0,CWE-89,CWE-89,1,0,1,0,0,0,1,0,0,0,909,0.00113625,924,0.00924,2,2e-05,0.01039625,8.334905862808228
BenchmarkTest00019.java,0,CWE-327,CWE-327,1,0,1,0,0,0,1,0,0,0,1287,0.00160875,457,0.00457,2,2e-05,0.00619875,4.514730453491211
BenchmarkTest00020.java,0,CWE-327,CWE-327,1,0,1,0,0,0,1,0,0,0,1764,0.002205,425,0.00425,2,2e-05,0.006475000000000001,4.247777223587036
BenchmarkTest00021.java,0,CWE-90,CWE-90,1,0,1,0,0,0,1,0,0,0,1238,0.0015475,694,0.00694,2,2e-05,0.0085075,6.414672136306763
BenchmarkTest00022.java,0,CWE-328,,,,0,0,1,0,0,0,1,0,,,,,,,,
BenchmarkTest00023.java,0,CWE-330,CWE-330,1,0,1,0,0,0,1,0,0,0,1287,0.00160875,579,0.00579,2,2e-05,0.00741875,5.3553626537323
BenchmarkTest00024.java,0,CWE-89,CWE-89,1,0,1,0,0,0,1,0,0,0,932,0.001165,677,0.00677,2,2e-05,0.007954999999999999,6.243750095367432
BenchmarkTest00025.java,0,CWE-89,,,,0,0,0,1,0,0,0,1,,,,,,,,
BenchmarkTest00026.java,0,CWE-89,,,,0,0,0,1,0,0,0,1,,,,,,,,
BenchmarkTest00027.java,0,CWE-89,CWE-89,1,0,1,0,0,0,1,0,0,0,863,0.00107875,557,0.00557,2,2e-05,0.00666875,5.704278469085693
BenchmarkTest00028.java,0,CWE-22,CWE-23,0,0,1,0,0,0,1,0,0,0,1280,0.0016,764,0.00764,2,2e-05,0.00926,6.959632873535156
BenchmarkTest00029.java,0,CWE-328,,,,0,0,0,1,0,0,0,1,,,,,,,,
BenchmarkTest00030.java,0,CWE-79,CWE-79,1,0,1,0,0,0,1,0,0,0,1296,0.00162,1169,0.01169,2,2e-05,0.01333,10.267530918121338
BenchmarkTest00032.java,0,CWE-89,,,,0,0,0,1,0,0,0,1,,,,,,,,
BenchmarkTest00033.java,0,CWE-89,,,,0,0,0,1,0,0,0,1,,,,,,,,
BenchmarkTest00034.java,0,CWE-89,CWE-89,1,0,1,0,0,0,1,0,0,0,912,0.00114,755,0.00755,2,2e-05,0.008709999999999999,6.6467649936676025
BenchmarkTest00035.java,0,CWE-327,CWE-327,1,0,1,0,0,0,1,0,0,0,1422,0.0017775,572,0.00572,2,2e-05,0.007517500000000001,5.4509437084198
BenchmarkTest00036.java,0,CWE-79,CWE-79,1,0,1,0,0,0,1,0,0,0,1395,0.00174375,923,0.00923,2,2e-05,0.01099375,8.304587602615356
BenchmarkTest00037.java,0,CWE-89,CWE-89,1,0,1,0,0,0,1,0,0,0,1051,0.00131375,991,0.00991,2,2e-05,0.01124375,9.22325086593628
BenchmarkTest00038.java,0,CWE-89,CWE-89,1,0,1,0,0,0,1,0,0,0,1221,0.00152625,999,0.00999,2,2e-05,0.01153625,9.788635969161987
BenchmarkTest00039.java,0,CWE-89,,,,0,0,0,1,0,0,0,1,,,,,,,,
BenchmarkTest00040.java,0,CWE-22,,,,0,0,0,1,0,0,0,1,,,,,,,,
BenchmarkTest00041.java,0,CWE-79,,,,0,0,0,1,0,0,0,1,,,,,,,,
BenchmarkTest00042.java,0,CWE-330,,,,0,0,1,0,0,0,1,0,,,,,,,,
BenchmarkTest00043.java,0,CWE-89,,,,0,0,0,1,0,0,0,1,,,,,,,,
BenchmarkTest00044.java,0,CWE-90,CWE-90,1,0,1,0,0,0,1,0,0,0,1241,0.00155125,898,0.00898,2,2e-05,0.01055125,9.52242398262024
BenchmarkTest00045.java,0,CWE-22,CWE-23,0,0,1,0,0,0,1,0,0,0,1217,0.00152125,1382,0.01382,2,2e-05,0.01536125,15.804396867752075
BenchmarkTest00046.java,0,CWE-328,CWE-916,0,0,1,0,0,0,1,0,0,0,1247,0.00155875,713,0.00713,2,2e-05,0.00870875,8.466548919677734
BenchmarkTest00047.java,0,CWE-79,CWE-79,1,0,1,0,0,0,1,0,0,0,1440,0.0018,1717,0.01717,2,2e-05,0.01899,15.08604097366333
BenchmarkTest00048.java,0,CWE-79,CWE-79,1,0,1,0,0,0,1,0,0,0,1434,0.0017925,1017,0.01017,2,2e-05,0.0119825,9.875875234603882
BenchmarkTest00049.java,0,CWE-79,CWE-79,1,0,1,0,0,0,1,0,0,0,1431,0.00178875,984,0.00984,2,2e-05,0.01164875,8.845463514328003
BenchmarkTest00050.java,0,CWE-327,CWE-327,1,0,1,0,0,0,1,0,0,0,1789,0.00223625,426,0.00426,2,2e-05,0.00651625,4.5983567237854
BenchmarkTest00051.java,0,CWE-78,,,,0,0,1,0,0,0,1,0,,,,,,,,
BenchmarkTest00052.java,0,CWE-89,,,,0,0,1,0,0,0,1,0,,,,,,,,
BenchmarkTest00053.java,0,CWE-327,CWE-327,1,0,1,0,0,0,1,0,0,0,1965,0.00245625,453,0.00453,2,2e-05,0.00700625,4.763821601867676
BenchmarkTest00054.java,0,CWE-327,,,,0,0,1,0,0,0,1,0,,,,,,,,
BenchmarkTest00055.java,0,CWE-327,CWE-327,1,0,1,0,0,0,1,0,0,0,1995,0.00249375,428,0.00428,2,2e-05,0.00679375,5.43487548828125
BenchmarkTest00056.java,0,CWE-327,CWE-327,1,0,1,0,0,0,1,0,0,0,2081,0.00260125,441,0.00441,2,2e-05,0.00703125,4.682240724563599
BenchmarkTest00057.java,0,CWE-327,CWE-327,1,0,1,0,0,0,1,0,0,0,1593,0.00199125,541,0.00541,2,2e-05,0.00742125,5.236238479614258
BenchmarkTest00058.java,0,CWE-327,,,,0,0,1,0,0,0,1,0,,,,,,,,
BenchmarkTest00059.java,0,CWE-327,,,,0,0,1,0,0,0,1,0,,,,,,,,
BenchmarkTest00060.java,0,CWE-22,CWE-23,0,0,1,0,0,0,1,0,0,0,1512,0.00189,1204,0.01204,2,2e-05,0.013949999999999999,10.637157201766968
BenchmarkTest00061.java,0,CWE-22,CWE-23,0,0,1,0,0,0,1,0,0,0,1490,0.0018625,1339,0.01339,2,2e-05,0.0152725,13.079560041427612
BenchmarkTest00062.java,0,CWE-22,CWE-23,0,0,1,0,0,0,1,0,0,0,1725,0.00215625,1015,0.01015,2,2e-05,0.012326249999999999,10.785954475402832
BenchmarkTest00063.java,0,CWE-22,,,,0,0,1,0,0,0,1,0,,,,,,,,
BenchmarkTest00064.java,0,CWE-22,,,,0,0,1,0,0,0,1,0,,,,,,,,
BenchmarkTest00065.java,0,CWE-22,CWE-23,0,0,1,0,0,0,1,0,0,0,1704,0.00213,1133,0.01133,2,2e-05,0.013479999999999999,10.947558641433716
BenchmarkTest00066.java,0,CWE-330,CWE-330,1,0,1,0,0,0,1,0,0,0,1556,0.001945,745,0.00745,2,2e-05,0.009415,7.4845380783081055
BenchmarkTest00067.java,0,CWE-330,CWE-330,1,0,1,0,0,0,1,0,0,0,1876,0.002345,589,0.00589,2,2e-05,0.008254999999999998,6.134169816970825
BenchmarkTest00068.java,0,CWE-330,CWE-330,1,0,1,0,0,0,1,0,0,0,1548,0.001935,745,0.00745,2,2e-05,0.009405,8.077678680419922
BenchmarkTest00069.java,0,CWE-328,,,,0,0,1,0,0,0,1,0,,,,,,,,
BenchmarkTest00070.java,0,CWE-328,CWE-916,0,0,1,0,0,0,1,0,0,0,1576,0.00197,583,0.00583,2,2e-05,0.007819999999999999,5.888861179351807
BenchmarkTest00071.java,0,CWE-328,CWE-916,0,0,1,0,0,0,1,0,0,0,1583,0.00197875,661,0.00661,2,2e-05,0.00860875,7.183874607086182
BenchmarkTest00072.java,0,CWE-328,,,,0,0,1,0,0,0,1,0,,,,,,,,
BenchmarkTest00073.java,0,CWE-328,CWE-916,0,0,1,0,0,0,1,0,0,0,1552,0.00194,1302,0.01302,2,2e-05,0.01498,12.222070932388306
BenchmarkTest00074.java,0,CWE-328,,,,0,0,0,1,0,0,0,1,,,,,,,,
BenchmarkTest00075.java,0,CWE-328,,,,0,0,1,0,0,0,1,0,,,,,,,,
BenchmarkTest00076.java,0,CWE-328,,,,0,0,1,0,0,0,1,0,,,,,,,,
BenchmarkTest00077.java,0,CWE-78,CWE-78,1,0,1,0,0,0,1,0,0,0,1324,0.001655,1065,0.01065,2,2e-05,0.012325,9.508632898330688
BenchmarkTest00078.java,0,CWE-330,CWE-330,1,0,1,0,0,0,1,0,0,0,1581,0.00197625,812,0.00812,2,2e-05,0.01011625,7.698396682739258
BenchmarkTest00079.java,0,CWE-330,CWE-330,1,0,1,0,0,0,1,0,0,0,1645,0.00205625,787,0.00787,2,2e-05,0.00994625,7.128077030181885
BenchmarkTest00080.java,0,CWE-330,CWE-330,1,0,1,0,0,0,1,0,0,0,1525,0.00190625,726,0.00726,2,2e-05,0.00918625,6.591201305389404
BenchmarkTest00081.java,0,CWE-330,CWE-330,1,0,1,0,0,0,1,0,0,0,1508,0.001885,918,0.00918,2,2e-05,0.011085,9.163280010223389
BenchmarkTest00082.java,0,CWE-330,CWE-330,1,0,1,0,0,0,1,0,0,0,1518,0.0018975,669,0.00669,2,2e-05,0.008607499999999999,7.651611566543579
BenchmarkTest00083.java,0,CWE-330,CWE-330,1,0,1,0,0,0,1,0,0,0,1538,0.0019225,752,0.00752,2,2e-05,0.009462499999999999,7.380518913269043
BenchmarkTest00084.java,0,CWE-330,CWE-330,1,0,1,0,0,0,1,0,0,0,1518,0.0018975,923,0.00923,2,2e-05,0.0111475,9.755736112594604
BenchmarkTest00085.java,0,CWE-330,CWE-330,1,0,1,0,0,0,1,0,0,0,1605,0.00200625,805,0.00805,2,2e-05,0.010076249999999998,8.825786113739014
BenchmarkTest00086.java,0,CWE-330,CWE-330,1,0,1,0,0,0,1,0,0,0,1532,0.001915,798,0.00798,2,2e-05,0.009914999999999998,7.744022607803345
BenchmarkTest00087.java,0,CWE-614,CWE-614,1,0,1,0,0,0,1,0,0,0,1315,0.00164375,683,0.00683,2,2e-05,0.00849375,6.314537763595581
BenchmarkTest00088.java,0,CWE-614,,,,0,0,1,0,0,0,1,0,,,,,,,,
BenchmarkTest00089.java,0,CWE-614,,,,0,0,1,0,0,0,1,0,,,,,,,,
BenchmarkTest00090.java,0,CWE-78,,,,0,0,1,0,0,0,1,0,,,,,,,,
BenchmarkTest00091.java,0,CWE-78,CWE-78,1,0,1,0,0,0,1,0,0,0,1099,0.00137375,1239,0.01239,2,2e-05,0.013783749999999999,11.641348361968994
BenchmarkTest00092.java,0,CWE-78,CWE-78,1,0,1,0,0,0,1,0,0,0,1208,0.00151,1806,0.01806,2,2e-05,0.01959,15.958779573440552
BenchmarkTest00093.java,0,CWE-78,CWE-78,1,1,0,1,0,0,0,0,1,0,1282,0.0016025,1368,0.01368,2,2e-05,0.015302499999999998,10.928404092788696
BenchmarkTest00094.java,0,CWE-330,,,,0,0,1,0,0,0,1,0,,,,,,,,
BenchmarkTest00095.java,0,CWE-330,,,,0,0,1,0,0,0,1,0,,,,,,,,
BenchmarkTest00096.java,0,CWE-330,,,,0,0,1,0,0,0,1,0,,,,,,,,
BenchmarkTest00100.java,0,CWE-89,CWE-89,1,0,1,0,0,0,1,0,0,0,1282,0.0016025,1073,0.01073,2,2e-05,0.012352499999999999,10.468093633651733
BenchmarkTest00101.java,0,CWE-89,CWE-89,1,0,1,0,0,0,1,0,0,0,1205,0.00150625,1170,0.0117,2,2e-05,0.01322625,10.39439082145691
BenchmarkTest00102.java,0,CWE-89,,,,0,0,0,1,0,0,0,1,,,,,,,,
BenchmarkTest00103.java,0,CWE-89,,,,0,0,0,1,0,0,0,1,,,,,,,,
BenchmarkTest00104.java,0,CWE-89,,,,0,0,1,0,0,0,1,0,,,,,,,,
BenchmarkTest00105.java,0,CWE-89,,,,0,0,1,0,0,0,1,0,,,,,,,,
BenchmarkTest00106.java,0,CWE-89,CWE-89,1,0,1,0,0,0,1,0,0,0,1191,0.00148875,1020,0.0102,2,2e-05,0.01170875,8.990020036697388
BenchmarkTest00107.java,0,CWE-89,,,,0,0,1,0,0,0,1,0,,,,,,,,
BenchmarkTest00108.java,0,CWE-89,CWE-89,1,0,1,0,0,0,1,0,0,0,1217,0.00152125,909,0.00909,2,2e-05,0.01063125,8.04634165763855
BenchmarkTest00109.java,0,CWE-89,CWE-89,1,0,1,0,0,0,1,0,0,0,1169,0.00146125,996,0.00996,2,2e-05,0.01144125,8.815537929534912
BenchmarkTest00110.java,0,CWE-89,,,,0,0,1,0,0,0,1,0,,,,,,,,
BenchmarkTest00111.java,0,CWE-89,CWE-89,1,0,1,0,0,0,1,0,0,0,1179,0.00147375,1384,0.01384,2,2e-05,0.015333749999999998,11.645562171936035
BenchmarkTest00112.java,0,CWE-89,CWE-89,1,0,1,0,0,0,1,0,0,0,1128,0.00141,1232,0.01232,2,2e-05,0.013749999999999998,11.387014627456665
BenchmarkTest00113.java,0,CWE-89,CWE-89,1,1,0,1,0,0,0,0,1,0,1238,0.0015475,1246,0.01246,2,2e-05,0.0140275,11.090744733810425
BenchmarkTest00114.java,0,CWE-89,,,,0,0,1,0,0,0,1,0,,,,,,,,
BenchmarkTest00115.java,0,CWE-89,CWE-89,1,0,1,0,0,0,1,0,0,0,1222,0.0015275,1180,0.0118,2,2e-05,0.013347499999999998,10.477116823196411
BenchmarkTest00116.java,0,CWE-643,CWE-643,1,1,0,1,0,0,0,0,1,0,1471,0.00183875,1204,0.01204,2,2e-05,0.01389875,10.327094793319702
BenchmarkTest00117.java,0,CWE-643,,,,0,0,1,0,0,0,1,0,,,,,,,,
BenchmarkTest00118.java,0,CWE-643,,,,0,0,1,0,0,0,1,0,,,,,,,,
BenchmarkTest00119.java,0,CWE-327,CWE-327,1,0,1,0,0,0,1,0,0,0,2055,0.00256875,498,0.00498,2,2e-05,0.00756875,4.817539691925049
BenchmarkTest00120.java,0,CWE-327,CWE-327,1,0,1,0,0,0,1,0,0,0,1803,0.00225375,435,0.00435,2,2e-05,0.00662375,4.141948938369751
BenchmarkTest00121.java,0,CWE-327,,,,0,0,1,0,0,0,1,0,,,,,,,,
BenchmarkTest00122.java,0,CWE-327,,,,0,0,1,0,0,0,1,0,,,,,,,,
BenchmarkTest00123.java,0,CWE-327,CWE-327,1,0,1,0,0,0,1,0,0,0,1374,0.0017175,420,0.0042,2,2e-05,0.0059375,4.194936037063599
BenchmarkTest00124.java,0,CWE-327,CWE-327,1,0,1,0,0,0,1,0,0,0,1397,0.00174625,674,0.00674,2,2e-05,0.00850625,6.6690099239349365
BenchmarkTest00125.java,0,CWE-327,CWE-327,1,0,1,0,0,0,1,0,0,0,1379,0.00172375,529,0.00529,2,2e-05,0.007033750000000001,4.94067907333374
BenchmarkTest00126.java,0,CWE-327,,,,0,0,1,0,0,0,1,0,,,,,,,,
BenchmarkTest00127.java,0,CWE-327,,,,0,0,1,0,0,0,1,0,,,,,,,,
BenchmarkTest00128.java,0,CWE-327,,,,0,0,1,0,0,0,1,0,,,,,,,,
BenchmarkTest00129.java,0,CWE-327,,,,0,0,1,0,0,0,1,0,,,,,,,,
BenchmarkTest00130.java,0,CWE-327,,,,0,0,1,0,0,0,1,0,,,,,,,,
BenchmarkTest00131.java,0,CWE-22,CWE-23,0,1,0,1,0,0,0,0,1,0,1329,0.00166125,1180,0.0118,2,2e-05,0.013481249999999998,10.861989498138428
BenchmarkTest00132.java,0,CWE-22,CWE-23,0,1,0,1,0,0,0,0,1,0,1517,0.00189625,892,0.00892,2,2e-05,0.01083625,8.35722303390503
BenchmarkTest00133.java,0,CWE-22,CWE-23,0,0,1,0,0,0,1,0,0,0,1381,0.00172625,873,0.00873,2,2e-05,0.01047625,7.845291614532471
BenchmarkTest00134.java,0,CWE-22,CWE-23,0,1,0,1,0,0,0,0,1,0,1318,0.0016475,1316,0.01316,2,2e-05,0.014827499999999999,11.540263652801514
BenchmarkTest00135.java,0,CWE-22,CWE-23,0,1,0,1,0,0,0,0,1,0,1335,0.00166875,816,0.00816,2,2e-05,0.00984875,7.726870536804199
BenchmarkTest00136.java,0,CWE-22,CWE-23,0,1,0,1,0,0,0,0,1,0,1381,0.00172625,1066,0.01066,2,2e-05,0.012406249999999999,10.67497706413269
BenchmarkTest00137.java,0,CWE-22,CWE-23,0,1,0,1,0,0,0,0,1,0,1592,0.00199,1232,0.01232,2,2e-05,0.014329999999999999,11.447607040405273
BenchmarkTest00138.java,0,CWE-90,,,,0,0,1,0,0,0,1,0,,,,,,,,
BenchmarkTest00139.java,0,CWE-90,,,,0,0,1,0,0,0,1,0,,,,,,,,
BenchmarkTest00140.java,0,CWE-330,CWE-330,1,0,1,0,0,0,1,0,0,0,1404,0.001755,646,0.00646,2,2e-05,0.008235,6.1851277351379395
BenchmarkTest00141.java,0,CWE-328,CWE-916,0,0,1,0,0,0,1,0,0,0,1446,0.0018075,667,0.00667,2,2e-05,0.008497499999999998,6.663378000259399
BenchmarkTest00142.java,0,CWE-328,,,,0,0,1,0,0,0,1,0,,,,,,,,
BenchmarkTest00143.java,0,CWE-328,,,,0,0,0,1,0,0,0,1,,,,,,,,
BenchmarkTest00144.java,0,CWE-79,CWE-79,1,0,1,0,0,0,1,0,0,0,1384,0.00173,1438,0.01438,2,2e-05,0.01613,12.492247581481934
BenchmarkTest00145.java,0,CWE-79,CWE-79,1,0,1,0,0,0,1,0,0,0,1424,0.00178,944,0.00944,2,2e-05,0.01124,8.448009014129639
BenchmarkTest00146.java,0,CWE-79,CWE-79,1,0,1,0,0,0,1,0,0,0,1371,0.00171375,1420,0.0142,2,2e-05,0.01593375,12.51441764831543
BenchmarkTest00147.java,0,CWE-79,CWE-79,1,1,0,1,0,0,0,0,1,0,1390,0.0017375,3062,0.03062,2,2e-05,0.032377500000000003,26.11739230155945
BenchmarkTest00148.java,0,CWE-79,CWE-79,1,0,1,0,0,0,1,0,0,0,1347,0.00168375,1282,0.01282,2,2e-05,0.014523749999999998,11.50136685371399
BenchmarkTest00149.java,0,CWE-79,CWE-79,1,0,1,0,0,0,1,0,0,0,1342,0.0016775,1186,0.01186,2,2e-05,0.0135575,10.656097173690796
BenchmarkTest00150.java,0,CWE-79,CWE-79,1,0,1,0,0,0,1,0,0,0,1356,0.001695,1132,0.01132,2,2e-05,0.013035,9.74356746673584
BenchmarkTest00151.java,0,CWE-79,CWE-79,1,1,0,1,0,0,0,0,1,0,1382,0.0017275,1732,0.01732,2,2e-05,0.019067499999999998,14.362318992614746
BenchmarkTest00152.java,0,CWE-79,CWE-79,1,0,1,0,0,0,1,0,0,0,1391,0.00173875,1106,0.01106,2,2e-05,0.01281875,10.073092222213745
BenchmarkTest00153.java,0,CWE-79,CWE-79,1,0,1,0,0,0,1,0,0,0,1402,0.0017525,1093,0.01093,2,2e-05,0.0127025,9.748176097869873
BenchmarkTest00154.java,0,CWE-79,CWE-79,1,0,1,0,0,0,1,0,0,0,1391,0.00173875,1040,0.0104,2,2e-05,0.01215875,9.642151355743408
BenchmarkTest00155.java,0,CWE-79,CWE-79,1,0,1,0,0,0,1,0,0,0,1323,0.00165375,1023,0.01023,2,2e-05,0.01190375,9.625287532806396
BenchmarkTest00156.java,0,CWE-79,CWE-79,1,0,1,0,0,0,1,0,0,0,1369,0.00171125,1093,0.01093,2,2e-05,0.012661249999999999,9.223654508590698
BenchmarkTest00157.java,0,CWE-79,CWE-79,1,0,1,0,0,0,1,0,0,0,1316,0.001645,970,0.0097,2,2e-05,0.011365,8.942610740661621
BenchmarkTest00158.java,0,CWE-78,,,,0,0,1,0,0,0,1,0,,,,,,,,
BenchmarkTest00159.java,0,CWE-78,CWE-78,1,0,1,0,0,0,1,0,0,0,1056,0.00132,1170,0.0117,2,2e-05,0.01304,11.535010814666748
BenchmarkTest00160.java,0,CWE-330,CWE-330,1,0,1,0,0,0,1,0,0,0,1413,0.00176625,750,0.0075,2,2e-05,0.00928625,6.656750917434692
BenchmarkTest00161.java,0,CWE-330,CWE-330,1,0,1,0,0,0,1,0,0,0,1502,0.0018775,828,0.00828,2,2e-05,0.010177499999999999,7.412536144256592
BenchmarkTest00162.java,0,CWE-330,CWE-330,1,0,1,0,0,0,1,0,0,0,1312,0.00164,919,0.00919,2,2e-05,0.010849999999999999,9.465885639190674
BenchmarkTest00163.java,0,CWE-330,CWE-330,1,0,1,0,0,0,1,0,0,0,1329,0.00166125,700,0.007,2,2e-05,0.00868125,6.894361972808838
BenchmarkTest00164.java,0,CWE-330,CWE-330,1,0,1,0,0,0,1,0,0,0,1331,0.00166375,640,0.0064,2,2e-05,0.008083749999999999,7.2409796714782715
BenchmarkTest00165.java,0,CWE-330,CWE-330,1,0,1,0,0,0,1,0,0,0,1326,0.0016575,781,0.00781,2,2e-05,0.0094875,8.23636507987976
BenchmarkTest00166.java,0,CWE-330,CWE-330,1,0,1,0,0,0,1,0,0,0,1290,0.0016125,709,0.00709,2,2e-05,0.0087225,6.600539922714233
BenchmarkTest00167.java,0,CWE-330,CWE-330,1,0,1,0,0,0,1,0,0,0,1363,0.00170375,735,0.00735,2,2e-05,0.009073749999999998,6.6688621044158936
BenchmarkTest00168.java,0,CWE-330,CWE-330,1,0,1,0,0,0,1,0,0,0,1332,0.001665,667,0.00667,2,2e-05,0.008355,6.114602088928223
BenchmarkTest00169.java,0,CWE-614,CWE-614,1,0,1,0,0,0,1,0,0,0,1140,0.001425,1110,0.0111,2,2e-05,0.012545,9.659508228302002
BenchmarkTest00170.java,0,CWE-614,CWE-614,1,0,1,0,0,0,1,0,0,0,1400,0.00175,624,0.00624,2,2e-05,0.00801,6.308934450149536
BenchmarkTest00171.java,0,CWE-78,CWE-78,1,1,0,1,0,0,0,0,1,0,1259,0.00157375,1145,0.01145,2,2e-05,0.01304375,10.286399841308594
BenchmarkTest00172.java,0,CWE-78,CWE-78,1,0,1,0,0,0,1,0,0,0,1041,0.00130125,1776,0.01776,2,2e-05,0.01908125,16.37595248222351
BenchmarkTest00173.java,0,CWE-78,CWE-78,1,0,1,0,0,0,1,0,0,0,1017,0.00127125,1590,0.0159,2,2e-05,0.01719125,14.755773067474365
BenchmarkTest00174.java,0,CWE-78,CWE-78,1,0,1,0,0,0,1,0,0,0,938,0.0011725,1409,0.01409,2,2e-05,0.0152825,13.098145723342896
BenchmarkTest00175.java,0,CWE-78,CWE-78,1,1,0,1,0,0,0,0,1,0,1042,0.0013025,902,0.00902,2,2e-05,0.0103425,7.849442481994629
BenchmarkTest00176.java,0,CWE-78,CWE-78,1,0,1,0,0,0,1,0,0,0,1012,0.001265,746,0.00746,2,2e-05,0.008745,6.937228202819824
BenchmarkTest00177.java,0,CWE-78,,,,0,0,1,0,0,0,1,0,,,,,,,,
BenchmarkTest00178.java,0,CWE-330,,,,0,0,1,0,0,0,1,0,,,,,,,,
BenchmarkTest00179.java,0,CWE-330,,,,0,0,1,0,0,0,1,0,,,,,,,,
BenchmarkTest00180.java,0,CWE-330,,,,0,0,1,0,0,0,1,0,,,,,,,,
BenchmarkTest00181.java,0,CWE-330,,,,0,0,1,0,0,0,1,0,,,,,,,,
BenchmarkTest00182.java,0,CWE-330,,,,0,0,1,0,0,0,1,0,,,,,,,,
BenchmarkTest00183.java,0,CWE-330,,,,0,0,1,0,0,0,1,0,,,,,,,,
BenchmarkTest00184.java,0,CWE-330,,,,0,0,1,0,0,0,1,0,,,,,,,,
BenchmarkTest00185.java,0,CWE-330,,,,0,0,1,0,0,0,1,0,,,,,,,,
BenchmarkTest00186.java,0,CWE-330,,,,0,0,1,0,0,0,1,0,,,,,,,,
BenchmarkTest00187.java,0,CWE-330,,,,0,0,1,0,0,0,1,0,,,,,,,,
BenchmarkTest00188.java,0,CWE-330,,,,0,0,1,0,0,0,1,0,,,,,,,,
BenchmarkTest00190.java,0,CWE-89,CWE-89,1,1,0,1,0,0,0,0,1,0,1033,0.00129125,2022,0.02022,2,2e-05,0.02153125,17.14604377746582
BenchmarkTest00191.java,0,CWE-89,CWE-89,1,1,0,1,0,0,0,0,1,0,1045,0.00130625,832,0.00832,2,2e-05,0.009646249999999999,7.76660943031311
BenchmarkTest00192.java,0,CWE-89,CWE-89,1,0,1,0,0,0,1,0,0,0,1030,0.0012875,785,0.00785,2,2e-05,0.009157499999999999,7.980525016784668
BenchmarkTest00193.java,0,CWE-89,CWE-89,1,0,1,0,0,0,1,0,0,0,977,0.00122125,845,0.00845,2,2e-05,0.009691249999999998,7.788464069366455
BenchmarkTest00194.java,0,CWE-89,CWE-89,1,0,1,0,0,0,1,0,0,0,1022,0.0012775,1108,0.01108,2,2e-05,0.0123775,9.849833726882935
BenchmarkTest00195.java,0,CWE-89,,,,0,0,0,1,0,0,0,1,,,,,,,,
BenchmarkTest00196.java,0,CWE-89,,,,0,0,0,1,0,0,0,1,,,,,,,,
BenchmarkTest00197.java,0,CWE-89,CWE-89,1,1,0,1,0,0,0,0,1,0,1230,0.0015375,4036,0.04036,2,2e-05,0.041917499999999996,34.33689212799072
BenchmarkTest00198.java,0,CWE-89,,,,0,0,0,1,0,0,0,1,,,,,,,,
BenchmarkTest00199.java,0,CWE-89,,,,0,0,0,1,0,0,0,1,,,,,,,,
BenchmarkTest00200.java,0,CWE-89,CWE-89,1,1,0,1,0,0,0,0,1,0,1035,0.00129375,2485,0.02485,2,2e-05,0.02616375,21.490689516067505
BenchmarkTest00201.java,0,CWE-89,,,,0,0,1,0,0,0,1,0,,,,,,,,
BenchmarkTest00202.java,0,CWE-89,,,,0,0,1,0,0,0,1,0,,,,,,,,
BenchmarkTest00203.java,0,CWE-89,CWE-89,1,0,1,0,0,0,1,0,0,0,947,0.00118375,889,0.00889,2,2e-05,0.010093749999999999,8.055655717849731
BenchmarkTest00204.java,0,CWE-89,CWE-89,1,0,1,0,0,0,1,0,0,0,950,0.0011875,1269,0.01269,2,2e-05,0.013897499999999998,11.311840057373047
BenchmarkTest00205.java,0,CWE-89,CWE-89,1,1,0,1,0,0,0,0,1,0,997,0.00124625,1537,0.01537,2,2e-05,0.016636249999999998,14.090934991836548
BenchmarkTest00206.java,0,CWE-89,,,,0,0,1,0,0,0,1,0,,,,,,,,
BenchmarkTest00207.java,0,CWE-643,CWE-643,1,0,1,0,0,0,1,0,0,0,1080,0.00135,1027,0.01027,2,2e-05,0.01164,10.429075956344604
BenchmarkTest00208.java,0,CWE-327,CWE-327,1,0,1,0,0,0,1,0,0,0,1914,0.0023925,441,0.00441,2,2e-05,0.0068225,5.688954830169678
BenchmarkTest00209.java,0,CWE-327,,,,0,0,1,0,0,0,1,0,,,,,,,,
BenchmarkTest00210.java,0,CWE-327,CWE-327,1,0,1,0,0,0,1,0,0,0,1462,0.0018275,465,0.00465,2,2e-05,0.0064975,6.0238306522369385
BenchmarkTest00211.java,0,CWE-327,,,,0,0,1,0,0,0,1,0,,,,,,,,
BenchmarkTest00212.java,0,CWE-327,,,,0,0,1,0,0,0,1,0,,,,,,,,
BenchmarkTest00213.java,0,CWE-327,,,,0,0,1,0,0,0,1,0,,,,,,,,
BenchmarkTest00214.java,0,CWE-327,,,,0,0,1,0,0,0,1,0,,,,,,,,
BenchmarkTest00215.java,0,CWE-22,CWE-23,0,0,1,0,0,0,1,0,0,0,1319,0.00164875,1126,0.01126,2,2e-05,0.01292875,10.452169418334961
BenchmarkTest00216.java,0,CWE-22,CWE-23,0,0,1,0,0,0,1,0,0,0,1353,0.00169125,1068,0.01068,2,2e-05,0.01239125,9.158102989196777
BenchmarkTest00217.java,0,CWE-22,,,,0,0,1,0,0,0,1,0,,,,,,,,
BenchmarkTest00218.java,0,CWE-22,CWE-23,0,0,1,0,0,0,1,0,0,0,1591,0.00198875,1191,0.01191,2,2e-05,0.01391875,10.539522886276245
BenchmarkTest00219.java,0,CWE-22,CWE-23,0,0,1,0,0,0,1,0,0,0,1516,0.001895,1237,0.01237,2,2e-05,0.014284999999999999,10.644548892974854
BenchmarkTest00220.java,0,CWE-22,,,,0,0,1,0,0,0,1,0,,,,,,,,
BenchmarkTest00221.java,0,CWE-22,,,,0,0,1,0,0,0,1,0,,,,,,,,
BenchmarkTest00222.java,0,CWE-22,CWE-23,0,0,1,0,0,0,1,0,0,0,1451,0.00181375,1088,0.01088,2,2e-05,0.01271375,9.932786703109741
BenchmarkTest00223.java,0,CWE-328,CWE-916,0,0,1,0,0,0,1,0,0,0,1598,0.0019975,659,0.00659,2,2e-05,0.0086075,6.598688125610352
BenchmarkTest00224.java,0,CWE-328,,,,0,0,1,0,0,0,1,0,,,,,,,,
BenchmarkTest00225.java,0,CWE-328,,,,0,0,1,0,0,0,1,0,,,,,,,,
BenchmarkTest00226.java,0,CWE-328,,,,0,0,0,1,0,0,0,1,,,,,,,,
BenchmarkTest00227.java,0,CWE-328,,,,0,0,0,1,0,0,0,1,,,,,,,,
BenchmarkTest00228.java,0,CWE-328,,,,0,0,1,0,0,0,1,0,,,,,,,,
BenchmarkTest00229.java,0,CWE-328,,,,0,0,1,0,0,0,1,0,,,,,,,,
BenchmarkTest00230.java,0,CWE-330,CWE-330,1,0,1,0,0,0,1,0,0,0,1452,0.001815,700,0.007,2,2e-05,0.008834999999999999,7.211701393127441
BenchmarkTest00231.java,0,CWE-330,CWE-330,1,0,1,0,0,0,1,0,0,0,1488,0.00186,720,0.0072,2,2e-05,0.00908,6.996957063674927
BenchmarkTest00232.java,0,CWE-330,CWE-330,1,0,1,0,0,0,1,0,0,0,1513,0.00189125,817,0.00817,2,2e-05,0.01008125,7.354786157608032
BenchmarkTest00233.java,0,CWE-330,CWE-330,1,0,1,0,0,0,1,0,0,0,1399,0.00174875,816,0.00816,2,2e-05,0.00992875,7.438577890396118
BenchmarkTest00234.java,0,CWE-330,CWE-330,1,0,1,0,0,0,1,0,0,0,1511,0.00188875,738,0.00738,2,2e-05,0.00928875,7.429768800735474
BenchmarkTest00235.java,0,CWE-330,CWE-330,1,0,1,0,0,0,1,0,0,0,1397,0.00174625,824,0.00824,2,2e-05,0.01000625,8.070829629898071
BenchmarkTest00236.java,0,CWE-330,CWE-330,1,0,1,0,0,0,1,0,0,0,1403,0.00175375,841,0.00841,2,2e-05,0.01018375,8.217325687408447
BenchmarkTest00237.java,0,CWE-330,CWE-330,1,0,1,0,0,0,1,0,0,0,1463,0.00182875,798,0.00798,2,2e-05,0.009828749999999999,7.327325344085693
BenchmarkTest00238.java,0,CWE-330,CWE-330,1,0,1,0,0,0,1,0,0,0,1428,0.001785,586,0.00586,2,2e-05,0.007665,6.033008813858032
BenchmarkTest00239.java,0,CWE-330,CWE-330,1,0,1,0,0,0,1,0,0,0,1699,0.00212375,719,0.00719,2,2e-05,0.00933375,7.076977252960205
BenchmarkTest00240.java,0,CWE-330,CWE-330,1,0,1,0,0,0,1,0,0,0,1401,0.00175125,718,0.00718,2,2e-05,0.00895125,6.647502899169922
BenchmarkTest00241.java,0,CWE-614,CWE-614,1,0,1,0,0,0,1,0,0,0,1166,0.0014575,614,0.00614,2,2e-05,0.0076175,5.7746663093566895
BenchmarkTest00242.java,0,CWE-614,,,,0,0,1,0,0,0,1,0,,,,,,,,
BenchmarkTest00243.java,0,CWE-330,,,,0,0,1,0,0,0,1,0,,,,,,,,
BenchmarkTest00244.java,0,CWE-330,,,,0,0,1,0,0,0,1,0,,,,,,,,
BenchmarkTest00245.java,0,CWE-330,CWE-330,1,1,0,1,0,0,0,0,1,0,1840,0.0023,814,0.00814,2,2e-05,0.010459999999999999,7.5797741413116455
BenchmarkTest00246.java,0,CWE-330,,,,0,0,1,0,0,0,1,0,,,,,,,,
BenchmarkTest00247.java,0,CWE-330,,,,0,0,1,0,0,0,1,0,,,,,,,,
BenchmarkTest00248.java,0,CWE-330,,,,0,0,1,0,0,0,1,0,,,,,,,,
BenchmarkTest00249.java,0,CWE-330,,,,0,0,1,0,0,0,1,0,,,,,,,,
BenchmarkTest00254.java,0,CWE-327,CWE-327,1,0,1,0,0,0,1,0,0,0,1818,0.0022725,379,0.00379,2,2e-05,0.0060825,4.2957682609558105
BenchmarkTest00255.java,0,CWE-327,,,,0,0,1,0,0,0,1,0,,,,,,,,
BenchmarkTest00256.java,0,CWE-327,CWE-327,1,0,1,0,0,0,1,0,0,0,1899,0.00237375,457,0.00457,2,2e-05,0.00696375,4.848402500152588
BenchmarkTest00257.java,0,CWE-327,CWE-327,1,0,1,0,0,0,1,0,0,0,1852,0.002315,430,0.0043,2,2e-05,0.006634999999999999,5.162855386734009
BenchmarkTest00258.java,0,CWE-327,CWE-327,1,0,1,0,0,0,1,0,0,0,1832,0.00229,401,0.00401,2,2e-05,0.00632,4.710265874862671
BenchmarkTest00259.java,0,CWE-327,,,,0,0,1,0,0,0,1,0,,,,,,,,
BenchmarkTest00260.java,0,CWE-327,,,,0,0,1,0,0,0,1,0,,,,,,,,
BenchmarkTest00261.java,0,CWE-22,,,,0,0,1,0,0,0,1,0,,,,,,,,
BenchmarkTest00262.java,0,CWE-22,CWE-23,0,0,1,0,0,0,1,0,0,0,1349,0.00168625,1080,0.0108,2,2e-05,0.01250625,9.936588764190674
BenchmarkTest00263.java,0,CWE-22,CWE-23,0,1,0,1,0,0,0,0,1,0,1531,0.00191375,1069,0.01069,2,2e-05,0.01262375,9.856232643127441
BenchmarkTest00264.java,0,CWE-22,CWE-23,0,0,1,0,0,0,1,0,0,0,1471,0.00183875,995,0.00995,2,2e-05,0.01180875,9.468664169311523
BenchmarkTest00265.java,0,CWE-22,CWE-23,0,1,0,1,0,0,0,0,1,0,1379,0.00172375,1395,0.01395,2,2e-05,0.01569375,11.895296573638916
BenchmarkTest00266.java,0,CWE-328,CWE-916,0,0,1,0,0,0,1,0,0,0,1549,0.00193625,717,0.00717,2,2e-05,0.009126249999999999,8.225548505783081
BenchmarkTest00267.java,0,CWE-328,CWE-916,0,0,1,0,0,0,1,0,0,0,1453,0.00181625,642,0.00642,2,2e-05,0.00825625,6.078093767166138
BenchmarkTest00268.java,0,CWE-328,CWE-916,0,0,1,0,0,0,1,0,0,0,1398,0.0017475,811,0.00811,2,2e-05,0.009877499999999997,7.948527574539185
BenchmarkTest00269.java,0,CWE-328,CWE-916,0,0,1,0,0,0,1,0,0,0,1405,0.00175625,1164,0.01164,2,2e-05,0.013416249999999998,11.463075637817383
BenchmarkTest00270.java,0,CWE-328,,,,0,0,1,0,0,0,1,0,,,,,,,,
BenchmarkTest00271.java,0,CWE-328,,,,0,0,1,0,0,0,1,0,,,,,,,,
BenchmarkTest00272.java,0,CWE-328,CWE-916,0,0,1,0,0,0,1,0,0,0,1385,0.00173125,709,0.00709,2,2e-05,0.008841249999999998,6.950834274291992
BenchmarkTest00273.java,0,CWE-328,,,,0,0,0,1,0,0,0,1,,,,,,,,
BenchmarkTest00274.java,0,CWE-328,,,,0,0,0,1,0,0,0,1,,,,,,,,
BenchmarkTest00275.java,0,CWE-79,,,,0,0,1,0,0,0,1,0,,,,,,,,
BenchmarkTest00276.java,0,CWE-79,CWE-79,1,0,1,0,0,0,1,0,0,0,1330,0.0016625,1037,0.01037,2,2e-05,0.0120525,9.33202314376831
BenchmarkTest00277.java,0,CWE-79,,,,0,0,1,0,0,0,1,0,,,,,,,,
BenchmarkTest00278.java,0,CWE-79,,,,0,0,1,0,0,0,1,0,,,,,,,,
BenchmarkTest00279.java,0,CWE-79,CWE-79,1,0,1,0,0,0,1,0,0,0,1376,0.00172,1052,0.01052,2,2e-05,0.012259999999999998,9.973896741867065
BenchmarkTest00280.java,0,CWE-79,CWE-79,1,0,1,0,0,0,1,0,0,0,1403,0.00175375,1041,0.01041,2,2e-05,0.01218375,10.195385932922363
BenchmarkTest00281.java,0,CWE-79,,,,0,0,1,0,0,0,1,0,,,,,,,,
BenchmarkTest00282.java,0,CWE-79,,,,0,0,1,0,0,0,1,0,,,,,,,,
BenchmarkTest00283.java,0,CWE-79,,,,0,0,1,0,0,0,1,0,,,,,,,,
BenchmarkTest00284.java,0,CWE-79,CWE-79,1,0,1,0,0,0,1,0,0,0,1294,0.0016175,1007,0.01007,2,2e-05,0.0117075,10.038082122802734
BenchmarkTest00285.java,0,CWE-79,,,,0,0,1,0,0,0,1,0,,,,,,,,
BenchmarkTest00286.java,0,CWE-79,,,,0,0,1,0,0,0,1,0,,,,,,,,
BenchmarkTest00287.java,0,CWE-79,CWE-79,1,0,1,0,0,0,1,0,0,0,1329,0.00166125,1033,0.01033,2,2e-05,0.01201125,10.567707300186157
BenchmarkTest00288.java,0,CWE-79,CWE-79,1,1,0,1,0,0,0,0,1,0,1476,0.001845,1176,0.01176,2,2e-05,0.013624999999999998,12.511279821395874
BenchmarkTest00289.java,0,CWE-79,,,,0,0,1,0,0,0,1,0,,,,,,,,
BenchmarkTest00290.java,0,CWE-79,CWE-79,1,0,1,0,0,0,1,0,0,0,1323,0.00165375,1004,0.01004,2,2e-05,0.01171375,10.891170263290405
BenchmarkTest00291.java,0,CWE-79,CWE-79,1,0,1,0,0,0,1,0,0,0,1332,0.001665,1248,0.01248,2,2e-05,0.014164999999999999,12.535057067871094
BenchmarkTest00292.java,0,CWE-79,CWE-79,1,0,1,0,0,0,1,0,0,0,1364,0.001705,831,0.00831,2,2e-05,0.010034999999999999,8.429814100265503
BenchmarkTest00293.java,0,CWE-78,CWE-78,1,0,1,0,0,0,1,0,0,0,1110,0.0013875,1145,0.01145,2,2e-05,0.0128575,10.598542928695679
BenchmarkTest00294.java,0,CWE-78,CWE-78,1,0,1,0,0,0,1,0,0,0,1075,0.00134375,992,0.00992,2,2e-05,0.011283749999999999,9.361265659332275
BenchmarkTest00295.java,0,CWE-78,CWE-78,1,0,1,0,0,0,1,0,0,0,1069,0.00133625,921,0.00921,2,2e-05,0.01056625,7.9685468673706055
BenchmarkTest00296.java,0,CWE-330,CWE-330,1,0,1,0,0,0,1,0,0,0,1350,0.0016875,717,0.00717,2,2e-05,0.0088775,6.840351343154907
BenchmarkTest00297.java,0,CWE-330,CWE-330,1,0,1,0,0,0,1,0,0,0,1351,0.00168875,934,0.00934,2,2e-05,0.011048749999999998,8.882156372070312
BenchmarkTest00298.java,0,CWE-330,CWE-330,1,0,1,0,0,0,1,0,0,0,1351,0.00168875,656,0.00656,2,2e-05,0.008268749999999998,6.222811460494995
BenchmarkTest00299.java,0,CWE-330,CWE-330,1,0,1,0,0,0,1,0,0,0,1340,0.001675,685,0.00685,2,2e-05,0.008544999999999999,7.42232608795166
BenchmarkTest00300.java,0,CWE-614,CWE-614,1,0,1,0,0,0,1,0,0,0,1138,0.0014225,486,0.00486,2,2e-05,0.0063025,5.9204370975494385
BenchmarkTest00301.java,0,CWE-79,CWE-79,1,0,1,0,0,0,1,0,0,0,1421,0.00177625,878,0.00878,2,2e-05,0.010576249999999999,9.106928586959839
BenchmarkTest00302.java,0,CWE-78,CWE-78,1,0,1,0,0,0,1,0,0,0,1030,0.0012875,1293,0.01293,2,2e-05,0.0142375,12.685065984725952
BenchmarkTest00303.java,0,CWE-78,CWE-78,1,0,1,0,0,0,1,0,0,0,1184,0.00148,1256,0.01256,2,2e-05,0.01406,12.76039743423462
BenchmarkTest00304.java,0,CWE-78,CWE-78,1,0,1,0,0,0,1,0,0,0,1208,0.00151,1224,0.01224,2,2e-05,0.013769999999999998,11.360300064086914
BenchmarkTest00305.java,0,CWE-78,,,,0,0,1,0,0,0,1,0,,,,,,,,
BenchmarkTest00306.java,0,CWE-78,CWE-78,1,0,1,0,0,0,1,0,0,0,976,0.00122,1700,0.017,2,2e-05,0.01824,15.738218069076538
BenchmarkTest00307.java,0,CWE-78,CWE-78,1,1,0,1,0,0,0,0,1,0,1100,0.001375,1577,0.01577,2,2e-05,0.017165,13.296203851699829
BenchmarkTest00308.java,0,CWE-78,,,,0,0,1,0,0,0,1,0,,,,,,,,
BenchmarkTest00309.java,0,CWE-78,CWE-78,1,1,0,1,0,0,0,0,1,0,1062,0.0013275,912,0.00912,2,2e-05,0.0104675,8.125679016113281
BenchmarkTest00310.java,0,CWE-78,CWE-78,1,1,0,1,0,0,0,0,1,0,1131,0.00141375,895,0.00895,2,2e-05,0.010383749999999999,8.0869460105896
BenchmarkTest00311.java,0,CWE-78,CWE-78,1,0,1,0,0,0,1,0,0,0,1038,0.0012975,918,0.00918,2,2e-05,0.0104975,8.542312383651733
BenchmarkTest00312.java,0,CWE-330,,,,0,0,1,0,0,0,1,0,,,,,,,,
BenchmarkTest00313.java,0,CWE-330,CWE-330,1,1,0,1,0,0,0,0,1,0,1462,0.0018275,2336,0.02336,2,2e-05,0.025207499999999997,22.49621295928955
BenchmarkTest00314.java,0,CWE-330,CWE-330,1,1,0,1,0,0,0,0,1,0,1467,0.00183375,881,0.00881,2,2e-05,0.01066375,8.002341508865356
BenchmarkTest00315.java,0,CWE-330,,,,0,0,1,0,0,0,1,0,,,,,,,,
BenchmarkTest00316.java,0,CWE-330,,,,0,0,1,0,0,0,1,0,,,,,,,,
BenchmarkTest00317.java,0,CWE-330,,,,0,0,1,0,0,0,1,0,,,,,,,,
BenchmarkTest00318.java,0,CWE-330,,,,0,0,1,0,0,0,1,0,,,,,,,,
BenchmarkTest00319.java,0,CWE-330,,,,0,0,1,0,0,0,1,0,,,,,,,,
BenchmarkTest00320.java,0,CWE-330,,,,0,0,1,0,0,0,1,0,,,,,,,,
BenchmarkTest00328.java,0,CWE-89,CWE-89,1,0,1,0,0,0,1,0,0,0,959,0.00119875,1042,0.01042,2,2e-05,0.01163875,10.999951839447021
BenchmarkTest00329.java,0,CWE-89,,,,0,0,1,0,0,0,1,0,,,,,,,,
BenchmarkTest00330.java,0,CWE-89,,,,0,0,1,0,0,0,1,0,,,,,,,,
BenchmarkTest00331.java,0,CWE-89,CWE-89,1,1,0,1,0,0,0,0,1,0,1082,0.0013525,1064,0.01064,2,2e-05,0.012012499999999999,9.992700099945068
BenchmarkTest00332.java,0,CWE-89,,,,0,0,1,0,0,0,1,0,,,,,,,,
BenchmarkTest00333.java,0,CWE-89,,,,0,0,1,0,0,0,1,0,,,,,,,,
BenchmarkTest00334.java,0,CWE-89,,,,0,0,1,0,0,0,1,0,,,,,,,,
BenchmarkTest00335.java,0,CWE-89,CWE-89,1,0,1,0,0,0,1,0,0,0,995,0.00124375,852,0.00852,2,2e-05,0.009783749999999999,7.735213756561279
BenchmarkTest00336.java,0,CWE-89,,,,0,0,1,0,0,0,1,0,,,,,,,,
BenchmarkTest00337.java,0,CWE-89,,,,0,0,0,1,0,0,0,1,,,,,,,,
BenchmarkTest00338.java,0,CWE-89,,,,0,0,1,0,0,0,1,0,,,,,,,,
BenchmarkTest00339.java,0,CWE-89,,,,0,0,0,1,0,0,0,1,,,,,,,,
BenchmarkTest00340.java,0,CWE-89,CWE-89,1,0,0,1,0,0,0,1,0,0,1066,0.0013325,2053,0.02053,2,2e-05,0.0218825,21.218330144882202
BenchmarkTest00341.java,0,CWE-89,CWE-89,1,0,1,0,0,0,1,0,0,0,1003,0.00125375,1092,0.01092,2,2e-05,0.012193749999999998,10.072850942611694
BenchmarkTest00342.java,0,CWE-89,CWE-89,1,0,1,0,0,0,1,0,0,0,1003,0.00125375,971,0.00971,2,2e-05,0.010983749999999999,9.006452322006226
BenchmarkTest00343.java,0,CWE-89,,,,0,0,1,0,0,0,1,0,,,,,,,,
BenchmarkTest00344.java,0,CWE-89,,,,0,0,1,0,0,0,1,0,,,,,,,,
BenchmarkTest00345.java,0,CWE-327,,,,0,0,1,0,0,0,1,0,,,,,,,,
BenchmarkTest00346.java,0,CWE-328,CWE-916,0,0,1,0,0,0,1,0,0,0,1372,0.001715,655,0.00655,2,2e-05,0.008284999999999999,6.3825414180755615
BenchmarkTest00347.java,0,CWE-330,CWE-330,1,0,1,0,0,0,1,0,0,0,1254,0.0015675,667,0.00667,2,2e-05,0.0082575,6.971268892288208
BenchmarkTest00348.java,0,CWE-614,CWE-614,1,0,1,0,0,0,1,0,0,0,1016,0.00127,669,0.00669,2,2e-05,0.00798,6.666733741760254
BenchmarkTest00349.java,0,CWE-330,,,,0,0,1,0,0,0,1,0,,,,,,,,
BenchmarkTest00350.java,0,CWE-327,,,,0,0,1,0,0,0,1,0,,,,,,,,
BenchmarkTest00351.java,0,CWE-327,,,,0,0,1,0,0,0,1,0,,,,,,,,
BenchmarkTest00352.java,0,CWE-327,,,,0,0,1,0,0,0,1,0,,,,,,,,
BenchmarkTest00353.java,0,CWE-327,,,,0,0,1,0,0,0,1,0,,,,,,,,
BenchmarkTest00354.java,0,CWE-327,CWE-327,1,0,1,0,0,0,1,0,0,0,1374,0.0017175,665,0.00665,2,2e-05,0.008387499999999999,6.418018102645874
BenchmarkTest00355.java,0,CWE-327,CWE-327,1,0,1,0,0,0,1,0,0,0,1647,0.00205875,560,0.0056,2,2e-05,0.00767875,6.014300107955933
BenchmarkTest00356.java,0,CWE-327,CWE-327,1,0,1,0,0,0,1,0,0,0,1347,0.00168375,339,0.00339,2,2e-05,0.00509375,3.9429969787597656
BenchmarkTest00357.java,0,CWE-327,,,,0,0,1,0,0,0,1,0,,,,,,,,
BenchmarkTest00358.java,0,CWE-327,,,,0,0,1,0,0,0,1,0,,,,,,,,
BenchmarkTest00359.java,0,CWE-22,CWE-23,0,0,1,0,0,0,1,0,0,0,1237,0.00154625,943,0.00943,2,2e-05,0.010996249999999999,10.037556648254395
BenchmarkTest00360.java,0,CWE-22,CWE-23,0,0,1,0,0,0,1,0,0,0,1452,0.001815,1030,0.0103,2,2e-05,0.012135,10.03523588180542
BenchmarkTest00361.java,0,CWE-22,CWE-23,0,1,0,1,0,0,0,0,1,0,1416,0.00177,854,0.00854,2,2e-05,0.01033,9.51300311088562
BenchmarkTest00362.java,0,CWE-22,CWE-23,0,0,1,0,0,0,1,0,0,0,1251,0.00156375,902,0.00902,2,2e-05,0.010603749999999999,8.119628667831421
BenchmarkTest00363.java,0,CWE-22,CWE-23,0,0,1,0,0,0,1,0,0,0,1201,0.00150125,1015,0.01015,2,2e-05,0.011671249999999998,10.06756329536438
BenchmarkTest00364.java,0,CWE-22,CWE-23,0,1,0,1,0,0,0,0,1,0,1335,0.00166875,1038,0.01038,2,2e-05,0.01206875,9.585150241851807
BenchmarkTest00365.java,0,CWE-22,CWE-23,0,1,0,1,0,0,0,0,1,0,1566,0.0019575,964,0.00964,2,2e-05,0.0116175,8.948829412460327
BenchmarkTest00366.java,0,CWE-22,CWE-23,0,1,0,1,0,0,0,0,1,0,1516,0.001895,1165,0.01165,2,2e-05,0.013565,9.971102714538574
BenchmarkTest00367.java,0,CWE-90,,,,0,0,1,0,0,0,1,0,,,,,,,,
BenchmarkTest00368.java,0,CWE-330,CWE-330,1,0,1,0,0,0,1,0,0,0,1304,0.00163,614,0.00614,2,2e-05,0.007789999999999999,6.076288223266602
BenchmarkTest00369.java,0,CWE-330,CWE-330,1,0,1,0,0,0,1,0,0,0,1329,0.00166125,649,0.00649,2,2e-05,0.00817125,6.020456314086914
BenchmarkTest00370.java,0,CWE-328,,,,0,0,1,0,0,0,1,0,,,,,,,,
BenchmarkTest00371.java,0,CWE-328,CWE-916,0,0,1,0,0,0,1,0,0,0,1359,0.00169875,766,0.00766,2,2e-05,0.00937875,7.675314664840698
BenchmarkTest00372.java,0,CWE-328,CWE-916,0,0,1,0,0,0,1,0,0,0,1261,0.00157625,799,0.00799,2,2e-05,0.00958625,7.770279169082642
BenchmarkTest00373.java,0,CWE-328,,,,0,0,1,0,0,0,1,0,,,,,,,,
BenchmarkTest00374.java,0,CWE-328,,,,0,0,0,1,0,0,0,1,,,,,,,,
BenchmarkTest00375.java,0,CWE-79,CWE-79,1,0,1,0,0,0,1,0,0,0,1286,0.0016075,989,0.00989,2,2e-05,0.011517499999999998,9.817654132843018
BenchmarkTest00376.java,0,CWE-79,CWE-79,1,0,1,0,0,0,1,0,0,0,1310,0.0016375,857,0.00857,2,2e-05,0.010227499999999999,7.889189004898071
BenchmarkTest00377.java,0,CWE-79,CWE-79,1,1,0,1,0,0,0,0,1,0,1358,0.0016975,1613,0.01613,2,2e-05,0.0178475,14.799394369125366
BenchmarkTest00378.java,0,CWE-79,CWE-79,1,0,1,0,0,0,1,0,0,0,1291,0.00161375,1249,0.01249,2,2e-05,0.01412375,12.096559524536133
BenchmarkTest00379.java,0,CWE-79,,,,0,0,1,0,0,0,1,0,,,,,,,,
BenchmarkTest00380.java,0,CWE-79,CWE-79,1,0,1,0,0,0,1,0,0,0,1357,0.00169625,945,0.00945,2,2e-05,0.011166249999999999,9.932798624038696
BenchmarkTest00381.java,0,CWE-79,,,,0,0,1,0,0,0,1,0,,,,,,,,
BenchmarkTest00382.java,0,CWE-79,CWE-79,1,0,1,0,0,0,1,0,0,0,1352,0.00169,1127,0.01127,2,2e-05,0.01298,10.064764261245728
BenchmarkTest00383.java,0,CWE-79,CWE-79,1,0,1,0,0,0,1,0,0,0,1591,0.00198875,1598,0.01598,2,2e-05,0.01798875,13.53827953338623
BenchmarkTest00384.java,0,CWE-79,CWE-79,1,0,1,0,0,0,1,0,0,0,1306,0.0016325,1083,0.01083,2,2e-05,0.012482499999999999,10.251553773880005
BenchmarkTest00385.java,0,CWE-79,CWE-79,1,0,1,0,0,0,1,0,0,0,1616,0.00202,2256,0.02256,2,2e-05,0.0246,18.413809776306152
BenchmarkTest00386.java,0,CWE-79,CWE-79,1,1,0,1,0,0,0,0,1,0,1410,0.0017625,1364,0.01364,2,2e-05,0.015422499999999999,12.045764446258545
BenchmarkTest00387.java,0,CWE-79,CWE-79,1,0,1,0,0,0,1,0,0,0,1286,0.0016075,813,0.00813,2,2e-05,0.009757499999999999,7.757243633270264
BenchmarkTest00388.java,0,CWE-79,CWE-79,1,0,1,0,0,0,1,0,0,0,1279,0.00159875,826,0.00826,2,2e-05,0.009878749999999999,7.87140965461731
BenchmarkTest00389.java,0,CWE-79,,,,0,0,1,0,0,0,1,0,,,,,,,,
BenchmarkTest00390.java,0,CWE-79,CWE-79,1,0,1,0,0,0,1,0,0,0,1323,0.00165375,907,0.00907,2,2e-05,0.01074375,8.777185201644897
BenchmarkTest00391.java,0,CWE-79,,,,0,0,1,0,0,0,1,0,,,,,,,,
BenchmarkTest00392.java,0,CWE-79,CWE-79,1,0,1,0,0,0,1,0,0,0,1352,0.00169,1030,0.0103,2,2e-05,0.01201,9.955433130264282
BenchmarkTest00393.java,0,CWE-79,,,,0,0,1,0,0,0,1,0,,,,,,,,
BenchmarkTest00394.java,0,CWE-79,CWE-79,1,1,0,1,0,0,0,0,1,0,1373,0.00171625,2148,0.02148,2,2e-05,0.023216249999999997,18.492155075073242
BenchmarkTest00395.java,0,CWE-79,CWE-79,1,0,1,0,0,0,1,0,0,0,1297,0.00162125,1047,0.01047,2,2e-05,0.012111249999999999,9.51100206375122
BenchmarkTest00396.java,0,CWE-78,,,,0,0,1,0,0,0,1,0,,,,,,,,
BenchmarkTest00397.java,0,CWE-330,CWE-330,1,0,1,0,0,0,1,0,0,0,1333,0.00166625,729,0.00729,2,2e-05,0.008976249999999998,7.129039287567139
BenchmarkTest00398.java,0,CWE-330,CWE-330,1,0,1,0,0,0,1,0,0,0,1433,0.00179125,777,0.00777,2,2e-05,0.00958125,6.856845855712891
BenchmarkTest00399.java,0,CWE-330,CWE-330,1,0,1,0,0,0,1,0,0,0,1649,0.00206125,867,0.00867,2,2e-05,0.01075125,8.410205364227295
BenchmarkTest00400.java,0,CWE-330,CWE-330,1,0,1,0,0,0,1,0,0,0,1400,0.00175,925,0.00925,2,2e-05,0.011019999999999999,8.539679050445557
BenchmarkTest00401.java,0,CWE-330,CWE-330,1,0,1,0,0,0,1,0,0,0,1341,0.00167625,785,0.00785,2,2e-05,0.00954625,7.268609046936035
BenchmarkTest00402.java,0,CWE-330,CWE-330,1,0,1,0,0,0,1,0,0,0,1327,0.00165875,817,0.00817,2,2e-05,0.00984875,7.527719020843506
BenchmarkTest00403.java,0,CWE-614,CWE-614,1,0,1,0,0,0,1,0,0,0,1061,0.00132625,802,0.00802,2,2e-05,0.009366249999999998,8.49138617515564
BenchmarkTest00404.java,0,CWE-614,,,,0,0,1,0,0,0,1,0,,,,,,,,
BenchmarkTest00405.java,0,CWE-614,,,,0,0,1,0,0,0,1,0,,,,,,,,
BenchmarkTest00406.java,0,CWE-78,,,,0,0,1,0,0,0,1,0,,,,,,,,
BenchmarkTest00407.java,0,CWE-78,CWE-78,1,0,1,0,0,0,1,0,0,0,1147,0.00143375,1134,0.01134,2,2e-05,0.012793749999999998,10.475846290588379
BenchmarkTest00408.java,0,CWE-78,,,,0,0,1,0,0,0,1,0,,,,,,,,
BenchmarkTest00409.java,0,CWE-78,CWE-78,1,0,1,0,0,0,1,0,0,0,1189,0.00148625,1000,0.01,2,2e-05,0.011506249999999999,10.379587411880493
BenchmarkTest00410.java,0,CWE-78,CWE-78,1,1,0,1,0,0,0,0,1,0,1010,0.0012625,1170,0.0117,2,2e-05,0.0129825,10.965268611907959
BenchmarkTest00411.java,0,CWE-78,,,,0,0,1,0,0,0,1,0,,,,,,,,
BenchmarkTest00412.java,0,CWE-78,CWE-78,1,1,0,1,0,0,0,0,1,0,966,0.0012075,1376,0.01376,2,2e-05,0.014987499999999999,12.329591035842896
BenchmarkTest00413.java,0,CWE-330,,,,0,0,1,0,0,0,1,0,,,,,,,,
BenchmarkTest00414.java,0,CWE-330,,,,0,0,1,0,0,0,1,0,,,,,,,,
BenchmarkTest00415.java,0,CWE-330,,,,0,0,1,0,0,0,1,0,,,,,,,,
BenchmarkTest00416.java,0,CWE-330,,,,0,0,1,0,0,0,1,0,,,,,,,,
BenchmarkTest00417.java,0,CWE-330,,,,0,0,1,0,0,0,1,0,,,,,,,,
BenchmarkTest00418.java,0,CWE-330,,,,0,0,1,0,0,0,1,0,,,,,,,,
BenchmarkTest00419.java,0,CWE-330,,,,0,0,1,0,0,0,1,0,,,,,,,,
BenchmarkTest00420.java,0,CWE-330,,,,0,0,1,0,0,0,1,0,,,,,,,,
BenchmarkTest00421.java,0,CWE-330,,,,0,0,1,0,0,0,1,0,,,,,,,,
BenchmarkTest00422.java,0,CWE-330,,,,0,0,1,0,0,0,1,0,,,,,,,,
BenchmarkTest00423.java,0,CWE-330,,,,0,0,1,0,0,0,1,0,,,,,,,,
BenchmarkTest00428.java,0,CWE-89,CWE-89,1,0,1,0,0,0,1,0,0,0,973,0.00121625,1036,0.01036,2,2e-05,0.011596249999999999,9.419880628585815
BenchmarkTest00429.java,0,CWE-89,CWE-89,1,0,1,0,0,0,1,0,0,0,981,0.00122625,945,0.00945,2,2e-05,0.01069625,8.427268505096436
BenchmarkTest00430.java,0,CWE-89,,,,0,0,1,0,0,0,1,0,,,,,,,,
BenchmarkTest00431.java,0,CWE-89,CWE-89,1,0,1,0,0,0,1,0,0,0,1145,0.00143125,726,0.00726,2,2e-05,0.008711249999999999,6.581374406814575
BenchmarkTest00432.java,0,CWE-89,,,,0,0,1,0,0,0,1,0,,,,,,,,
BenchmarkTest00433.java,0,CWE-89,,,,0,0,0,1,0,0,0,1,,,,,,,,
BenchmarkTest00434.java,0,CWE-89,CWE-89,1,0,1,0,0,0,1,0,0,0,951,0.00118875,1134,0.01134,2,2e-05,0.01254875,10.387651443481445
BenchmarkTest00435.java,0,CWE-89,CWE-89,1,0,1,0,0,0,1,0,0,0,1001,0.00125125,904,0.00904,2,2e-05,0.01031125,9.37985873222351
BenchmarkTest00436.java,0,CWE-89,,,,0,0,1,0,0,0,1,0,,,,,,,,
BenchmarkTest00437.java,0,CWE-89,,,,0,0,1,0,0,0,1,0,,,,,,,,
BenchmarkTest00438.java,0,CWE-89,CWE-89,1,0,1,0,0,0,1,0,0,0,911,0.00113875,956,0.00956,2,2e-05,0.010718749999999999,8.39459776878357
BenchmarkTest00439.java,0,CWE-89,CWE-89,1,0,1,0,0,0,1,0,0,0,874,0.0010925,599,0.00599,2,2e-05,0.0071024999999999994,5.945252895355225
BenchmarkTest00440.java,0,CWE-89,CWE-89,1,1,0,1,0,0,0,0,1,0,1032,0.00129,790,0.0079,2,2e-05,0.00921,7.7832536697387695
BenchmarkTest00441.java,0,CWE-89,CWE-89,1,0,1,0,0,0,1,0,0,0,916,0.001145,1136,0.01136,2,2e-05,0.012525,10.772870779037476
BenchmarkTest00442.java,0,CWE-643,CWE-643,1,0,1,0,0,0,1,0,0,0,1020,0.001275,904,0.00904,2,2e-05,0.010334999999999999,9.117526531219482
BenchmarkTest00443.java,0,CWE-327,,,,0,0,1,0,0,0,1,0,,,,,,,,
BenchmarkTest00444.java,0,CWE-327,,,,0,0,1,0,0,0,1,0,,,,,,,,
BenchmarkTest00445.java,0,CWE-327,CWE-327,1,0,1,0,0,0,1,0,0,0,1710,0.0021375,512,0.00512,2,2e-05,0.0072775,6.616014719009399
BenchmarkTest00446.java,0,CWE-327,CWE-327,1,0,1,0,0,0,1,0,0,0,1412,0.001765,413,0.00413,2,2e-05,0.005915,5.197815179824829
BenchmarkTest00447.java,0,CWE-327,,,,0,0,1,0,0,0,1,0,,,,,,,,
BenchmarkTest00448.java,0,CWE-327,CWE-327,1,0,1,0,0,0,1,0,0,0,1388,0.001735,491,0.00491,2,2e-05,0.006665,4.896467685699463
BenchmarkTest00449.java,0,CWE-327,CWE-327,1,0,1,0,0,0,1,0,0,0,1383,0.00172875,389,0.00389,2,2e-05,0.00563875,4.012235403060913
BenchmarkTest00450.java,0,CWE-327,,,,0,0,1,0,0,0,1,0,,,,,,,,
BenchmarkTest00451.java,0,CWE-327,,,,0,0,1,0,0,0,1,0,,,,,,,,
BenchmarkTest00452.java,0,CWE-22,CWE-23,0,0,1,0,0,0,1,0,0,0,1332,0.001665,1146,0.01146,2,2e-05,0.013144999999999999,11.327689409255981
BenchmarkTest00453.java,0,CWE-22,CWE-23,0,0,1,0,0,0,1,0,0,0,1495,0.00186875,1580,0.0158,2,2e-05,0.01768875,13.909738302230835
BenchmarkTest00454.java,0,CWE-22,,,,0,0,1,0,0,0,1,0,,,,,,,,
BenchmarkTest00455.java,0,CWE-22,CWE-23,0,0,1,0,0,0,1,0,0,0,1424,0.00178,992,0.00992,2,2e-05,0.01172,9.502387762069702
BenchmarkTest00456.java,0,CWE-22,CWE-23,0,0,1,0,0,0,1,0,0,0,1476,0.001845,897,0.00897,2,2e-05,0.010835,8.443331480026245
BenchmarkTest00457.java,0,CWE-22,CWE-23,0,0,1,0,0,0,1,0,0,0,1376,0.00172,1116,0.01116,2,2e-05,0.012899999999999998,9.936485528945923
BenchmarkTest00458.java,0,CWE-22,CWE-23,0,1,0,1,0,0,0,0,1,0,1396,0.001745,1675,0.01675,2,2e-05,0.018515,14.533599853515625
BenchmarkTest00459.java,0,CWE-22,CWE-23,0,0,1,0,0,0,1,0,0,0,1355,0.00169375,1037,0.01037,2,2e-05,0.01208375,9.228415727615356
BenchmarkTest00460.java,0,CWE-22,,,,0,0,1,0,0,0,1,0,,,,,,,,
BenchmarkTest00461.java,0,CWE-330,CWE-330,1,0,1,0,0,0,1,0,0,0,1352,0.00169,678,0.00678,2,2e-05,0.00849,6.574885606765747
BenchmarkTest00462.java,0,CWE-328,CWE-916,0,0,1,0,0,0,1,0,0,0,1504,0.00188,779,0.00779,2,2e-05,0.009689999999999999,7.487231016159058
BenchmarkTest00463.java,0,CWE-328,,,,0,0,1,0,0,0,1,0,,,,,,,,
BenchmarkTest00464.java,0,CWE-328,CWE-916,0,0,1,0,0,0,1,0,0,0,1395,0.00174375,582,0.00582,2,2e-05,0.007583749999999999,6.654318809509277
BenchmarkTest00465.java,0,CWE-328,CWE-916,0,0,1,0,0,0,1,0,0,0,1310,0.0016375,691,0.00691,2,2e-05,0.008567499999999999,6.858446836471558
BenchmarkTest00466.java,0,CWE-328,,,,0,0,1,0,0,0,1,0,,,,,,,,
BenchmarkTest00467.java,0,CWE-79,CWE-79,1,0,1,0,0,0,1,0,0,0,1433,0.00179125,1147,0.01147,2,2e-05,0.013281249999999998,10.698176622390747
BenchmarkTest00468.java,0,CWE-79,CWE-79,1,1,0,1,0,0,0,0,1,0,1458,0.0018225,3529,0.03529,2,2e-05,0.0371325,31.832170724868774
BenchmarkTest00469.java,0,CWE-79,,,,0,0,1,0,0,0,1,0,,,,,,,,
BenchmarkTest00470.java,0,CWE-79,,,,0,0,1,0,0,0,1,0,,,,,,,,
BenchmarkTest00471.java,0,CWE-79,,,,0,0,1,0,0,0,1,0,,,,,,,,
BenchmarkTest00472.java,0,CWE-79,CWE-79,1,0,1,0,0,0,1,0,0,0,1357,0.00169625,993,0.00993,2,2e-05,0.011646249999999999,9.387070178985596
BenchmarkTest00473.java,0,CWE-79,CWE-79,1,0,1,0,0,0,1,0,0,0,1378,0.0017225,894,0.00894,2,2e-05,0.0106825,8.953910112380981
BenchmarkTest00474.java,0,CWE-79,,,,0,0,1,0,0,0,1,0,,,,,,,,
BenchmarkTest00475.java,0,CWE-79,CWE-79,1,0,1,0,0,0,1,0,0,0,1332,0.001665,851,0.00851,2,2e-05,0.010195,7.681798696517944
BenchmarkTest00476.java,0,CWE-79,,,,0,0,1,0,0,0,1,0,,,,,,,,
BenchmarkTest00477.java,0,CWE-79,CWE-79,1,0,1,0,0,0,1,0,0,0,1318,0.0016475,833,0.00833,2,2e-05,0.0099975,7.932143688201904
BenchmarkTest00478.java,0,CWE-79,CWE-79,1,0,1,0,0,0,1,0,0,0,1366,0.0017075,1035,0.01035,2,2e-05,0.0120775,9.600170373916626
BenchmarkTest00479.java,0,CWE-79,,,,0,0,1,0,0,0,1,0,,,,,,,,
BenchmarkTest00480.java,0,CWE-78,CWE-78,1,0,1,0,0,0,1,0,0,0,1077,0.00134625,982,0.00982,2,2e-05,0.01118625,8.8056640625
BenchmarkTest00481.java,0,CWE-78,,,,0,0,1,0,0,0,1,0,,,,,,,,
BenchmarkTest00482.java,0,CWE-330,CWE-330,1,0,1,0,0,0,1,0,0,0,1352,0.00169,589,0.00589,2,2e-05,0.0076,5.591123104095459
BenchmarkTest00483.java,0,CWE-330,CWE-330,1,0,1,0,0,0,1,0,0,0,1393,0.00174125,736,0.00736,2,2e-05,0.00912125,6.526435136795044
BenchmarkTest00484.java,0,CWE-330,CWE-330,1,0,1,0,0,0,1,0,0,0,1368,0.00171,652,0.00652,2,2e-05,0.008249999999999999,6.60345458984375
BenchmarkTest00485.java,0,CWE-330,CWE-330,1,0,1,0,0,0,1,0,0,0,1344,0.00168,781,0.00781,2,2e-05,0.00951,8.37239122390747
BenchmarkTest00486.java,0,CWE-330,CWE-330,1,0,1,0,0,0,1,0,0,0,1302,0.0016275,882,0.00882,2,2e-05,0.0104675,8.490092277526855
BenchmarkTest00487.java,0,CWE-330,CWE-330,1,0,1,0,0,0,1,0,0,0,1421,0.00177625,797,0.00797,2,2e-05,0.009766249999999999,8.438569784164429
BenchmarkTest00488.java,0,CWE-330,CWE-330,1,0,1,0,0,0,1,0,0,0,1383,0.00172875,652,0.00652,2,2e-05,0.008268749999999998,6.438043594360352
BenchmarkTest00489.java,0,CWE-330,CWE-330,1,0,1,0,0,0,1,0,0,0,1429,0.00178625,656,0.00656,2,2e-05,0.008366249999999999,6.089419841766357
BenchmarkTest00490.java,0,CWE-330,CWE-330,1,0,1,0,0,0,1,0,0,0,1391,0.00173875,589,0.00589,2,2e-05,0.00764875,6.3165106773376465
BenchmarkTest00491.java,0,CWE-614,CWE-614,1,0,1,0,0,0,1,0,0,0,1139,0.00142375,693,0.00693,2,2e-05,0.00837375,7.161441802978516
BenchmarkTest00492.java,0,CWE-79,CWE-79,1,0,1,0,0,0,1,0,0,0,1334,0.0016675,1360,0.0136,2,2e-05,0.015287499999999999,12.873571157455444
BenchmarkTest00493.java,0,CWE-79,CWE-79,1,1,0,1,0,0,0,0,1,0,1434,0.0017925,1486,0.01486,2,2e-05,0.0166725,13.101733922958374
BenchmarkTest00494.java,0,CWE-78,CWE-78,1,1,0,1,0,0,0,0,1,0,1195,0.00149375,2102,0.02102,2,2e-05,0.022533749999999998,17.85218048095703
BenchmarkTest00495.java,0,CWE-78,CWE-78,1,0,1,0,0,0,1,0,0,0,995,0.00124375,1591,0.01591,2,2e-05,0.01717375,14.465977191925049
BenchmarkTest00496.java,0,CWE-78,CWE-78,1,0,1,0,0,0,1,0,0,0,983,0.00122875,1623,0.01623,2,2e-05,0.01747875,14.606866836547852
BenchmarkTest00497.java,0,CWE-78,CWE-78,1,0,1,0,0,0,1,0,0,0,1020,0.001275,1460,0.0146,2,2e-05,0.015895,14.001535415649414
BenchmarkTest00498.java,0,CWE-78,CWE-78,1,0,1,0,0,0,1,0,0,0,998,0.0012475,1546,0.01546,2,2e-05,0.0167275,14.854458808898926
BenchmarkTest00499.java,0,CWE-78,CWE-78,1,0,1,0,0,0,1,0,0,0,1004,0.001255,783,0.00783,2,2e-05,0.009104999999999999,7.135722637176514
BenchmarkTest00500.java,0,CWE-78,CWE-78,1,0,1,0,0,0,1,0,0,0,1064,0.00133,999,0.00999,2,2e-05,0.01134,8.944241523742676
BenchmarkTest00501.java,0,CWE-330,,,,0,0,1,0,0,0,1,0,,,,,,,,
BenchmarkTest00502.java,0,CWE-330,,,,0,0,1,0,0,0,1,0,,,,,,,,
BenchmarkTest00503.java,0,CWE-330,,,,0,0,1,0,0,0,1,0,,,,,,,,
BenchmarkTest00504.java,0,CWE-330,,,,0,0,1,0,0,0,1,0,,,,,,,,
BenchmarkTest00505.java,0,CWE-330,,,,0,0,1,0,0,0,1,0,,,,,,,,
BenchmarkTest00506.java,0,CWE-330,,,,0,0,1,0,0,0,1,0,,,,,,,,
BenchmarkTest00507.java,0,CWE-330,,,,0,0,1,0,0,0,1,0,,,,,,,,
BenchmarkTest00509.java,0,CWE-89,CWE-89,1,1,0,1,0,0,0,0,1,0,1101,0.00137625,903,0.00903,2,2e-05,0.01042625,9.406271696090698
BenchmarkTest00510.java,0,CWE-89,CWE-89,1,0,1,0,0,0,1,0,0,0,1077,0.00134625,1062,0.01062,2,2e-05,0.011986249999999999,9.745303392410278
BenchmarkTest00511.java,0,CWE-89,CWE-89,1,1,0,1,0,0,0,0,1,0,1102,0.0013775,950,0.0095,2,2e-05,0.0108975,8.391988039016724
BenchmarkTest00512.java,0,CWE-89,CWE-89,1,0,1,0,0,0,1,0,0,0,910,0.0011375,785,0.00785,2,2e-05,0.009007499999999998,7.359882831573486
BenchmarkTest00513.java,0,CWE-89,CWE-89,1,1,0,1,0,0,0,0,1,0,1057,0.00132125,2790,0.0279,2,2e-05,0.02924125,26.18656611442566
BenchmarkTest00514.java,0,CWE-89,,,,0,0,1,0,0,0,1,0,,,,,,,,
BenchmarkTest00515.java,0,CWE-89,CWE-89,1,0,1,0,0,0,1,0,0,0,1004,0.001255,816,0.00816,2,2e-05,0.009434999999999999,7.5467305183410645
BenchmarkTest00516.java,0,CWE-89,CWE-89,1,0,1,0,0,0,1,0,0,0,1028,0.001285,942,0.00942,2,2e-05,0.010724999999999998,9.018580436706543
BenchmarkTest00517.java,0,CWE-89,,,,0,0,1,0,0,0,1,0,,,,,,,,
BenchmarkTest00518.java,0,CWE-89,CWE-89,1,0,1,0,0,0,1,0,0,0,957,0.00119625,1010,0.0101,2,2e-05,0.011316249999999998,9.47539472579956
BenchmarkTest00519.java,0,CWE-89,CWE-89,1,1,0,1,0,0,0,0,1,0,1070,0.0013375,927,0.00927,2,2e-05,0.0106275,9.616515874862671
BenchmarkTest00520.java,0,CWE-643,,,,0,0,1,0,0,0,1,0,,,,,,,,
BenchmarkTest00521.java,0,CWE-327,CWE-327,1,0,1,0,0,0,1,0,0,0,1857,0.00232125,487,0.00487,2,2e-05,0.00721125,4.627769470214844
BenchmarkTest00522.java,0,CWE-327,CWE-327,1,0,1,0,0,0,1,0,0,0,1932,0.002415,404,0.00404,2,2e-05,0.006475000000000001,4.457205533981323
BenchmarkTest00523.java,0,CWE-327,,,,0,0,1,0,0,0,1,0,,,,,,,,
BenchmarkTest00524.java,0,CWE-327,,,,0,0,1,0,0,0,1,0,,,,,,,,
BenchmarkTest00525.java,0,CWE-22,CWE-23,0,0,1,0,0,0,1,0,0,0,1413,0.00176625,1468,0.01468,2,2e-05,0.016466249999999998,12.63660216331482
BenchmarkTest00526.java,0,CWE-22,CWE-23,0,0,1,0,0,0,1,0,0,0,1321,0.00165125,1202,0.01202,2,2e-05,0.013691249999999999,10.839580297470093
BenchmarkTest00527.java,0,CWE-22,CWE-23,0,1,1,0,0,0,0,0,0,1,1355,0.00169375,1410,0.0141,2,2e-05,0.015813749999999998,12.162672758102417
BenchmarkTest00528.java,0,CWE-22,CWE-23,0,0,1,0,0,0,1,0,0,0,1617,0.00202125,1533,0.01533,2,2e-05,0.017371249999999998,13.119860172271729
BenchmarkTest00529.java,0,CWE-22,CWE-23,0,0,1,0,0,0,1,0,0,0,1432,0.00179,1103,0.01103,2,2e-05,0.012839999999999999,9.467230319976807
BenchmarkTest00530.java,0,CWE-90,CWE-90,1,1,0,1,0,0,0,0,1,0,1476,0.001845,1062,0.01062,2,2e-05,0.012484999999999998,9.468374967575073
BenchmarkTest00531.java,0,CWE-328,CWE-916,0,0,1,0,0,0,1,0,0,0,1619,0.00202375,772,0.00772,2,2e-05,0.00976375,8.267926931381226
BenchmarkTest00532.java,0,CWE-328,CWE-916,0,0,1,0,0,0,1,0,0,0,1778,0.0022225,972,0.00972,2,2e-05,0.0119625,9.68607473373413
BenchmarkTest00533.java,0,CWE-328,CWE-916,0,0,1,0,0,0,1,0,0,0,1524,0.001905,1321,0.01321,2,2e-05,0.015135,12.528569459915161
BenchmarkTest00534.java,0,CWE-328,CWE-916,0,0,1,0,0,0,1,0,0,0,1538,0.0019225,1059,0.01059,2,2e-05,0.0125325,10.006867408752441
BenchmarkTest00535.java,0,CWE-328,,,,0,0,1,0,0,0,1,0,,,,,,,,
BenchmarkTest00536.java,0,CWE-328,CWE-916,0,0,1,0,0,0,1,0,0,0,1466,0.0018325,821,0.00821,2,2e-05,0.010062499999999999,7.771528720855713
BenchmarkTest00537.java,0,CWE-328,CWE-916,0,0,1,0,0,0,1,0,0,0,1358,0.0016975,810,0.0081,2,2e-05,0.009817499999999998,7.53276801109314
BenchmarkTest00538.java,0,CWE-328,,,,0,0,1,0,0,0,1,0,,,,,,,,
BenchmarkTest00539.java,0,CWE-328,,,,0,0,1,0,0,0,1,0,,,,,,,,
BenchmarkTest00540.java,0,CWE-328,,,,0,0,1,0,0,0,1,0,,,,,,,,
BenchmarkTest00541.java,0,CWE-79,CWE-79,1,0,1,0,0,0,1,0,0,0,1459,0.00182375,1159,0.01159,2,2e-05,0.01343375,10.394425630569458
BenchmarkTest00542.java,0,CWE-79,CWE-79,1,0,1,0,0,0,1,0,0,0,1498,0.0018725,1048,0.01048,2,2e-05,0.012372499999999998,9.305431127548218
BenchmarkTest00543.java,0,CWE-79,CWE-79,1,0,1,0,0,0,1,0,0,0,1465,0.00183125,1690,0.0169,2,2e-05,0.018751249999999997,14.786201000213623
BenchmarkTest00544.java,0,CWE-79,CWE-79,1,1,0,1,0,0,0,0,1,0,1455,0.00181875,2200,0.022,2,2e-05,0.02383875,19.37990427017212
BenchmarkTest00545.java,0,CWE-79,,,,0,0,1,0,0,0,1,0,,,,,,,,
BenchmarkTest00546.java,0,CWE-79,CWE-79,1,1,0,1,0,0,0,0,1,0,1453,0.00181625,3509,0.03509,2,2e-05,0.03692625,31.10584568977356
BenchmarkTest00547.java,0,CWE-79,CWE-79,1,0,1,0,0,0,1,0,0,0,1405,0.00175625,1131,0.01131,2,2e-05,0.01308625,10.912282705307007
BenchmarkTest00548.java,0,CWE-79,,,,0,0,1,0,0,0,1,0,,,,,,,,
BenchmarkTest00549.java,0,CWE-79,CWE-79,1,0,1,0,0,0,1,0,0,0,1410,0.0017625,913,0.00913,2,2e-05,0.010912499999999999,8.44019341468811
BenchmarkTest00550.java,0,CWE-79,CWE-79,1,1,0,1,0,0,0,0,1,0,1461,0.00182625,1042,0.01042,2,2e-05,0.01226625,9.876046180725098
BenchmarkTest00551.java,0,CWE-79,CWE-79,1,0,1,0,0,0,1,0,0,0,1367,0.00170875,851,0.00851,2,2e-05,0.01023875,8.381901502609253
BenchmarkTest00552.java,0,CWE-79,CWE-79,1,0,1,0,0,0,1,0,0,0,1489,0.00186125,1084,0.01084,2,2e-05,0.01272125,10.112730264663696
BenchmarkTest00553.java,0,CWE-79,CWE-79,1,1,0,1,0,0,0,0,1,0,1470,0.0018375,878,0.00878,2,2e-05,0.0106375,8.404252529144287
BenchmarkTest00554.java,0,CWE-79,CWE-79,1,0,1,0,0,0,1,0,0,0,1410,0.0017625,1023,0.01023,2,2e-05,0.012012499999999999,9.325518608093262
BenchmarkTest00555.java,0,CWE-79,CWE-79,1,0,1,0,0,0,1,0,0,0,1405,0.00175625,1039,0.01039,2,2e-05,0.01216625,9.260837316513062
BenchmarkTest00556.java,0,CWE-79,CWE-79,1,1,0,1,0,0,0,0,1,0,1470,0.0018375,906,0.00906,2,2e-05,0.0109175,8.215701818466187
BenchmarkTest00557.java,0,CWE-79,CWE-79,1,0,1,0,0,0,1,0,0,0,1416,0.00177,1025,0.01025,2,2e-05,0.01204,9.692957639694214
BenchmarkTest00558.java,0,CWE-78,CWE-78,1,1,0,1,0,0,0,0,1,0,1198,0.0014975,2051,0.02051,2,2e-05,0.0220275,18.91302728652954
BenchmarkTest00559.java,0,CWE-78,,,,0,0,1,0,0,0,1,0,,,,,,,,
BenchmarkTest00560.java,0,CWE-330,CWE-330,1,0,1,0,0,0,1,0,0,0,1456,0.00182,817,0.00817,2,2e-05,0.01001,9.045316696166992
BenchmarkTest00561.java,0,CWE-330,CWE-330,1,0,1,0,0,0,1,0,0,0,1493,0.00186625,649,0.00649,2,2e-05,0.00837625,6.515358209609985
BenchmarkTest00562.java,0,CWE-330,CWE-330,1,0,1,0,0,0,1,0,0,0,1508,0.001885,592,0.00592,2,2e-05,0.007824999999999999,5.944576025009155
BenchmarkTest00563.java,0,CWE-330,CWE-330,1,0,1,0,0,0,1,0,0,0,1377,0.00172125,794,0.00794,2,2e-05,0.009681249999999999,7.497994661331177
BenchmarkTest00564.java,0,CWE-330,CWE-330,1,0,1,0,0,0,1,0,0,0,1408,0.00176,669,0.00669,2,2e-05,0.008469999999999998,6.928548574447632
BenchmarkTest00565.java,0,CWE-614,CWE-614,1,0,1,0,0,0,1,0,0,0,1157,0.00144625,526,0.00526,2,2e-05,0.0067262500000000005,5.235002756118774
BenchmarkTest00566.java,0,CWE-614,CWE-614,1,0,1,0,0,0,1,0,0,0,1181,0.00147625,643,0.00643,2,2e-05,0.00792625,6.569650411605835
BenchmarkTest00567.java,0,CWE-78,CWE-78,1,0,1,0,0,0,1,0,0,0,1137,0.00142125,1546,0.01546,2,2e-05,0.01690125,13.310688018798828
BenchmarkTest00568.java,0,CWE-78,CWE-78,1,0,1,0,0,0,1,0,0,0,1221,0.00152625,1693,0.01693,2,2e-05,0.01847625,15.682505369186401
BenchmarkTest00569.java,0,CWE-78,,,,0,0,1,0,0,0,1,0,,,,,,,,
BenchmarkTest00570.java,0,CWE-78,CWE-78,1,1,0,1,0,0,0,0,1,0,1092,0.001365,1644,0.01644,2,2e-05,0.017825,14.793167114257812
BenchmarkTest00571.java,0,CWE-78,,,,0,0,1,0,0,0,1,0,,,,,,,,
BenchmarkTest00572.java,0,CWE-78,,,,0,0,1,0,0,0,1,0,,,,,,,,
BenchmarkTest00573.java,0,CWE-78,CWE-78,1,0,1,0,0,0,1,0,0,0,982,0.0012275,2104,0.02104,2,2e-05,0.0222875,18.876126766204834
BenchmarkTest00574.java,0,CWE-78,CWE-78,1,0,1,0,0,0,1,0,0,0,1024,0.00128,1200,0.012,2,2e-05,0.0133,10.969192743301392
BenchmarkTest00575.java,0,CWE-78,CWE-78,1,0,1,0,0,0,1,0,0,0,1189,0.00148625,2495,0.02495,2,2e-05,0.02645625,22.988006830215454
BenchmarkTest00576.java,0,CWE-78,CWE-78,1,0,1,0,0,0,1,0,0,0,1136,0.00142,1087,0.01087,2,2e-05,0.012309999999999998,10.534008502960205
BenchmarkTest00577.java,0,CWE-330,,,,0,0,1,0,0,0,1,0,,,,,,,,
BenchmarkTest00578.java,0,CWE-330,,,,0,0,1,0,0,0,1,0,,,,,,,,
BenchmarkTest00579.java,0,CWE-330,,,,0,0,1,0,0,0,1,0,,,,,,,,
BenchmarkTest00580.java,0,CWE-330,,,,0,0,1,0,0,0,1,0,,,,,,,,
BenchmarkTest00581.java,0,CWE-330,,,,0,0,1,0,0,0,1,0,,,,,,,,
BenchmarkTest00582.java,0,CWE-330,CWE-330,1,1,0,1,0,0,0,0,1,0,1543,0.00192875,949,0.00949,2,2e-05,0.01143875,9.53892970085144
BenchmarkTest00583.java,0,CWE-330,,,,0,0,1,0,0,0,1,0,,,,,,,,
BenchmarkTest00584.java,0,CWE-330,,,,0,0,1,0,0,0,1,0,,,,,,,,
BenchmarkTest00585.java,0,CWE-330,,,,0,0,1,0,0,0,1,0,,,,,,,,
BenchmarkTest00589.java,0,CWE-89,CWE-89,1,1,0,1,0,0,0,0,1,0,1140,0.001425,3008,0.03008,2,2e-05,0.031525,26.90984058380127
BenchmarkTest00590.java,0,CWE-89,CWE-89,1,0,1,0,0,0,1,0,0,0,1089,0.00136125,882,0.00882,2,2e-05,0.010201249999999999,8.05369257926941
BenchmarkTest00591.java,0,CWE-89,CWE-89,1,0,1,0,0,0,1,0,0,0,1059,0.00132375,1553,0.01553,2,2e-05,0.01687375,13.748260259628296
BenchmarkTest00592.java,0,CWE-89,,,,0,0,1,0,0,0,1,0,,,,,,,,
BenchmarkTest00593.java,0,CWE-89,CWE-89,1,0,1,0,0,0,1,0,0,0,1167,0.00145875,1160,0.0116,2,2e-05,0.013078749999999998,11.165893793106079
BenchmarkTest00594.java,0,CWE-89,CWE-89,1,0,1,0,0,0,1,0,0,0,1146,0.0014325,1090,0.0109,2,2e-05,0.012352499999999999,9.768547058105469
BenchmarkTest00595.java,0,CWE-89,CWE-89,1,0,1,0,0,0,1,0,0,0,1060,0.001325,914,0.00914,2,2e-05,0.010485,8.705852746963501
BenchmarkTest00596.java,0,CWE-89,,,,0,0,0,1,0,0,0,1,,,,,,,,
BenchmarkTest00597.java,0,CWE-89,,,,0,0,0,1,0,0,0,1,,,,,,,,
BenchmarkTest00598.java,0,CWE-89,,,,0,0,0,1,0,0,0,1,,,,,,,,
BenchmarkTest00599.java,0,CWE-89,,,,0,0,1,0,0,0,1,0,,,,,,,,
BenchmarkTest00600.java,0,CWE-89,CWE-89,1,0,1,0,0,0,1,0,0,0,1142,0.0014275,1111,0.01111,2,2e-05,0.0125575,10.701013088226318
BenchmarkTest00601.java,0,CWE-89,,,,0,0,1,0,0,0,1,0,,,,,,,,
BenchmarkTest00602.java,0,CWE-89,CWE-89,1,1,0,1,0,0,0,0,1,0,1071,0.00133875,1775,0.01775,2,2e-05,0.019108749999999997,15.468865633010864
BenchmarkTest00603.java,0,CWE-89,CWE-89,1,0,1,0,0,0,1,0,0,0,1034,0.0012925,1264,0.01264,2,2e-05,0.0139525,11.406307220458984
BenchmarkTest00604.java,0,CWE-89,CWE-89,1,0,1,0,0,0,1,0,0,0,1069,0.00133625,1050,0.0105,2,2e-05,0.01185625,9.279887199401855
BenchmarkTest00605.java,0,CWE-89,,,,0,0,1,0,0,0,1,0,,,,,,,,
BenchmarkTest00606.java,0,CWE-89,CWE-89,1,0,1,0,0,0,1,0,0,0,1032,0.00129,960,0.0096,2,2e-05,0.010909999999999998,8.554449319839478
BenchmarkTest00607.java,0,CWE-643,CWE-643,1,0,1,0,0,0,1,0,0,0,1134,0.0014175,1400,0.014,2,2e-05,0.0154375,12.650968790054321
BenchmarkTest00608.java,0,CWE-327,CWE-327,1,0,1,0,0,0,1,0,0,0,1820,0.002275,388,0.00388,2,2e-05,0.006175000000000001,4.164090633392334
BenchmarkTest00609.java,0,CWE-327,CWE-327,1,0,1,0,0,0,1,0,0,0,1775,0.00221875,406,0.00406,2,2e-05,0.00629875,4.12440824508667
BenchmarkTest00610.java,0,CWE-327,CWE-327,1,0,1,0,0,0,1,0,0,0,2101,0.00262625,449,0.00449,2,2e-05,0.00713625,4.916263580322266
BenchmarkTest00611.java,0,CWE-327,CWE-327,1,0,1,0,0,0,1,0,0,0,1777,0.00222125,392,0.00392,2,2e-05,0.00616125,4.5938334465026855
BenchmarkTest00612.java,0,CWE-327,,,,0,0,1,0,0,0,1,0,,,,,,,,
BenchmarkTest00613.java,0,CWE-327,,,,0,0,1,0,0,0,1,0,,,,,,,,
BenchmarkTest00614.java,0,CWE-327,CWE-327,1,0,1,0,0,0,1,0,0,0,1444,0.001805,401,0.00401,2,2e-05,0.005835,4.695582628250122
BenchmarkTest00615.java,0,CWE-327,CWE-327,1,0,1,0,0,0,1,0,0,0,1499,0.00187375,737,0.00737,2,2e-05,0.00926375,7.2102179527282715
BenchmarkTest00616.java,0,CWE-327,CWE-327,1,0,1,0,0,0,1,0,0,0,1356,0.001695,612,0.00612,2,2e-05,0.007834999999999998,5.824488162994385
BenchmarkTest00617.java,0,CWE-327,CWE-327,1,0,1,0,0,0,1,0,0,0,1364,0.001705,468,0.00468,2,2e-05,0.006405,4.726990699768066
BenchmarkTest00618.java,0,CWE-327,,,,0,0,1,0,0,0,1,0,,,,,,,,
BenchmarkTest00619.java,0,CWE-22,,,,0,0,0,1,0,0,0,1,,,,,,,,
BenchmarkTest00620.java,0,CWE-22,,,,0,0,1,0,0,0,1,0,,,,,,,,
BenchmarkTest00621.java,0,CWE-22,,,,0,0,1,0,0,0,1,0,,,,,,,,
BenchmarkTest00622.java,0,CWE-22,,,,0,0,1,0,0,0,1,0,,,,,,,,
BenchmarkTest00623.java,0,CWE-22,,,,0,0,0,1,0,0,0,1,,,,,,,,
BenchmarkTest00624.java,0,CWE-22,,,,0,0,0,1,0,0,0,1,,,,,,,,
BenchmarkTest00625.java,0,CWE-22,,,,0,0,1,0,0,0,1,0,,,,,,,,
BenchmarkTest00626.java,0,CWE-22,,,,0,0,1,0,0,0,1,0,,,,,,,,
BenchmarkTest00627.java,0,CWE-22,,,,0,0,0,1,0,0,0,1,,,,,,,,
BenchmarkTest00628.java,0,CWE-22,,,,0,0,1,0,0,0,1,0,,,,,,,,
BenchmarkTest00629.java,0,CWE-22,,,,0,0,0,1,0,0,0,1,,,,,,,,
BenchmarkTest00630.java,0,CWE-90,,,,0,0,0,1,0,0,0,1,,,,,,,,
BenchmarkTest00631.java,0,CWE-328,CWE-916,0,0,1,0,0,0,1,0,0,0,1443,0.00180375,857,0.00857,2,2e-05,0.010393749999999998,8.113334655761719
BenchmarkTest00632.java,0,CWE-328,,,,0,0,1,0,0,0,1,0,,,,,,,,
BenchmarkTest00633.java,0,CWE-328,,,,0,0,1,0,0,0,1,0,,,,,,,,
BenchmarkTest00634.java,0,CWE-328,CWE-916,0,0,1,0,0,0,1,0,0,0,1434,0.0017925,764,0.00764,2,2e-05,0.009452499999999999,7.995182275772095
BenchmarkTest00635.java,0,CWE-328,CWE-916,0,0,1,0,0,0,1,0,0,0,1368,0.00171,709,0.00709,2,2e-05,0.00882,6.6852662563323975
BenchmarkTest00636.java,0,CWE-328,CWE-916,0,0,1,0,0,0,1,0,0,0,1367,0.00170875,728,0.00728,2,2e-05,0.00900875,7.794019460678101
BenchmarkTest00637.java,0,CWE-328,CWE-916,0,0,1,0,0,0,1,0,0,0,1307,0.00163375,1183,0.01183,2,2e-05,0.01348375,10.28785514831543
BenchmarkTest00638.java,0,CWE-328,,,,0,0,0,1,0,0,0,1,,,,,,,,
BenchmarkTest00639.java,0,CWE-328,,,,0,0,1,0,0,0,1,0,,,,,,,,
BenchmarkTest00640.java,0,CWE-328,,,,0,0,1,0,0,0,1,0,,,,,,,,
BenchmarkTest00641.java,0,CWE-328,,,,0,0,1,0,0,0,1,0,,,,,,,,
BenchmarkTest00642.java,0,CWE-79,,,,0,0,0,1,0,0,0,1,,,,,,,,
BenchmarkTest00643.java,0,CWE-79,,,,0,0,0,1,0,0,0,1,,,,,,,,
BenchmarkTest00644.java,0,CWE-79,,,,0,0,0,1,0,0,0,1,,,,,,,,
BenchmarkTest00645.java,0,CWE-79,,,,0,0,0,1,0,0,0,1,,,,,,,,
BenchmarkTest00646.java,0,CWE-79,,,,0,0,1,0,0,0,1,0,,,,,,,,
BenchmarkTest00647.java,0,CWE-79,,,,0,0,1,0,0,0,1,0,,,,,,,,
BenchmarkTest00648.java,0,CWE-79,,,,0,0,1,0,0,0,1,0,,,,,,,,
BenchmarkTest00649.java,0,CWE-79,,,,0,0,1,0,0,0,1,0,,,,,,,,
BenchmarkTest00650.java,0,CWE-79,,,,0,0,1,0,0,0,1,0,,,,,,,,
BenchmarkTest00651.java,0,CWE-79,,,,0,0,0,1,0,0,0,1,,,,,,,,
BenchmarkTest00652.java,0,CWE-330,CWE-330,1,0,1,0,0,0,1,0,0,0,1382,0.0017275,658,0.00658,2,2e-05,0.0083275,10.503066539764404
BenchmarkTest00653.java,0,CWE-330,CWE-330,1,0,1,0,0,0,1,0,0,0,1330,0.0016625,649,0.00649,2,2e-05,0.0081725,5.998649597167969
BenchmarkTest00654.java,0,CWE-330,CWE-330,1,0,1,0,0,0,1,0,0,0,1381,0.00172625,633,0.00633,2,2e-05,0.008076249999999998,6.180057525634766
BenchmarkTest00655.java,0,CWE-614,,,,0,0,1,0,0,0,1,0,,,,,,,,
BenchmarkTest00656.java,0,CWE-79,,,,0,0,0,1,0,0,0,1,,,,,,,,
BenchmarkTest00657.java,0,CWE-78,,,,0,0,1,0,0,0,1,0,,,,,,,,
BenchmarkTest00658.java,0,CWE-78,,,,0,0,1,0,0,0,1,0,,,,,,,,
BenchmarkTest00659.java,0,CWE-78,,,,0,0,1,0,0,0,1,0,,,,,,,,
BenchmarkTest00660.java,0,CWE-330,CWE-330,1,1,0,1,0,0,0,0,1,0,1429,0.00178625,715,0.00715,2,2e-05,0.008956249999999999,6.422884225845337
BenchmarkTest00661.java,0,CWE-330,,,,0,0,1,0,0,0,1,0,,,,,,,,
BenchmarkTest00662.java,0,CWE-330,,,,0,0,1,0,0,0,1,0,,,,,,,,
BenchmarkTest00663.java,0,CWE-330,,,,0,0,1,0,0,0,1,0,,,,,,,,
BenchmarkTest00664.java,0,CWE-330,,,,0,0,1,0,0,0,1,0,,,,,,,,
BenchmarkTest00665.java,0,CWE-330,,,,0,0,1,0,0,0,1,0,,,,,,,,
BenchmarkTest00666.java,0,CWE-330,,,,0,0,1,0,0,0,1,0,,,,,,,,
BenchmarkTest00667.java,0,CWE-330,,,,0,0,1,0,0,0,1,0,,,,,,,,
BenchmarkTest00672.java,0,CWE-89,,,,0,0,1,0,0,0,1,0,,,,,,,,
BenchmarkTest00673.java,0,CWE-89,,,,0,0,0,1,0,0,0,1,,,,,,,,
BenchmarkTest00674.java,0,CWE-89,,,,0,0,1,0,0,0,1,0,,,,,,,,
BenchmarkTest00675.java,0,CWE-89,,,,0,0,1,0,0,0,1,0,,,,,,,,
BenchmarkTest00676.java,0,CWE-89,,,,0,0,1,0,0,0,1,0,,,,,,,,
BenchmarkTest00677.java,0,CWE-89,,,,0,0,0,1,0,0,0,1,,,,,,,,
BenchmarkTest00678.java,0,CWE-89,,,,0,0,0,1,0,0,0,1,,,,,,,,
BenchmarkTest00679.java,0,CWE-89,,,,0,0,0,1,0,0,0,1,,,,,,,,
BenchmarkTest00680.java,0,CWE-89,,,,0,0,1,0,0,0,1,0,,,,,,,,
BenchmarkTest00681.java,0,CWE-89,,,,0,0,0,1,0,0,0,1,,,,,,,,
BenchmarkTest00682.java,0,CWE-89,,,,0,0,1,0,0,0,1,0,,,,,,,,
BenchmarkTest00683.java,0,CWE-643,,,,0,0,1,0,0,0,1,0,,,,,,,,
BenchmarkTest00684.java,0,CWE-327,CWE-327,1,0,1,0,0,0,1,0,0,0,1741,0.00217625,381,0.00381,2,2e-05,0.00600625,4.134313106536865
BenchmarkTest00685.java,0,CWE-327,CWE-327,1,0,1,0,0,0,1,0,0,0,1796,0.002245,507,0.00507,2,2e-05,0.007335,5.275464296340942
BenchmarkTest00686.java,0,CWE-327,,,,0,0,1,0,0,0,1,0,,,,,,,,
BenchmarkTest00687.java,0,CWE-327,,,,0,0,1,0,0,0,1,0,,,,,,,,
BenchmarkTest00688.java,0,CWE-327,CWE-327,1,0,1,0,0,0,1,0,0,0,1864,0.00233,522,0.00522,2,2e-05,0.0075699999999999995,5.886770009994507
BenchmarkTest00689.java,0,CWE-327,,,,0,0,1,0,0,0,1,0,,,,,,,,
BenchmarkTest00690.java,0,CWE-327,,,,0,0,1,0,0,0,1,0,,,,,,,,
BenchmarkTest00691.java,0,CWE-327,CWE-327,1,0,1,0,0,0,1,0,0,0,1431,0.00178875,411,0.00411,2,2e-05,0.0059187499999999995,4.9711596965789795
BenchmarkTest00692.java,0,CWE-327,CWE-327,1,0,1,0,0,0,1,0,0,0,1364,0.001705,413,0.00413,2,2e-05,0.005855,5.08658504486084
BenchmarkTest00693.java,0,CWE-327,CWE-327,1,0,1,0,0,0,1,0,0,0,1389,0.00173625,563,0.00563,2,2e-05,0.00738625,6.220569849014282
BenchmarkTest00694.java,0,CWE-90,CWE-90,1,0,1,0,0,0,1,0,0,0,1242,0.0015525,969,0.00969,2,2e-05,0.0112625,9.901240348815918
BenchmarkTest00695.java,0,CWE-90,CWE-90,1,0,1,0,0,0,1,0,0,0,1356,0.001695,839,0.00839,2,2e-05,0.010105,7.9133501052856445
BenchmarkTest00696.java,0,CWE-22,CWE-23,0,0,1,0,0,0,1,0,0,0,1344,0.00168,1109,0.01109,2,2e-05,0.01279,10.343387603759766
BenchmarkTest00697.java,0,CWE-22,CWE-23,0,0,1,0,0,0,1,0,0,0,1287,0.00160875,1091,0.01091,2,2e-05,0.012538749999999998,10.6202552318573
BenchmarkTest00698.java,0,CWE-22,CWE-23,0,0,1,0,0,0,1,0,0,0,1259,0.00157375,2082,0.02082,2,2e-05,0.02241375,20.926308155059814
BenchmarkTest00699.java,0,CWE-22,CWE-23,0,1,0,1,0,0,0,0,1,0,1325,0.00165625,1319,0.01319,2,2e-05,0.01486625,12.786303043365479
BenchmarkTest00700.java,0,CWE-22,CWE-23,0,0,1,0,0,0,1,0,0,0,1344,0.00168,865,0.00865,2,2e-05,0.010349999999999998,8.162999629974365
BenchmarkTest00701.java,0,CWE-90,,,,0,0,1,0,0,0,1,0,,,,,,,,
BenchmarkTest00702.java,0,CWE-330,CWE-330,1,0,1,0,0,0,1,0,0,0,1391,0.00173875,756,0.00756,2,2e-05,0.009318749999999999,7.460080146789551
BenchmarkTest00703.java,0,CWE-328,CWE-916,0,0,1,0,0,0,1,0,0,0,1483,0.00185375,738,0.00738,2,2e-05,0.00925375,9.06600284576416
BenchmarkTest00704.java,0,CWE-328,CWE-916,0,0,1,0,0,0,1,0,0,0,1439,0.00179875,618,0.00618,2,2e-05,0.007998749999999999,6.31210470199585
BenchmarkTest00705.java,0,CWE-328,CWE-916,0,0,1,0,0,0,1,0,0,0,1486,0.0018575,795,0.00795,2,2e-05,0.0098275,8.064576148986816
BenchmarkTest00706.java,0,CWE-328,,,,0,0,1,0,0,0,1,0,,,,,,,,
BenchmarkTest00707.java,0,CWE-328,,,,0,0,1,0,0,0,1,0,,,,,,,,
BenchmarkTest00708.java,0,CWE-328,CWE-916,0,0,1,0,0,0,1,0,0,0,1285,0.00160625,755,0.00755,2,2e-05,0.00917625,7.849276781082153
BenchmarkTest00709.java,0,CWE-328,,,,0,0,1,0,0,0,1,0,,,,,,,,
BenchmarkTest00710.java,0,CWE-328,,,,0,0,0,1,0,0,0,1,,,,,,,,
BenchmarkTest00711.java,0,CWE-79,CWE-79,1,0,1,0,0,0,1,0,0,0,1437,0.00179625,1026,0.01026,2,2e-05,0.01207625,10.37458610534668
BenchmarkTest00712.java,0,CWE-79,,,,0,0,1,0,0,0,1,0,,,,,,,,
BenchmarkTest00713.java,0,CWE-79,,,,0,0,1,0,0,0,1,0,,,,,,,,
BenchmarkTest00714.java,0,CWE-79,,,,0,0,1,0,0,0,1,0,,,,,,,,
BenchmarkTest00715.java,0,CWE-79,CWE-79,1,0,1,0,0,0,1,0,0,0,1287,0.00160875,1229,0.01229,2,2e-05,0.01391875,11.34074330329895
BenchmarkTest00716.java,0,CWE-79,,,,0,0,1,0,0,0,1,0,,,,,,,,
BenchmarkTest00717.java,0,CWE-79,,,,0,0,1,0,0,0,1,0,,,,,,,,
BenchmarkTest00718.java,0,CWE-79,,,,0,0,1,0,0,0,1,0,,,,,,,,
BenchmarkTest00719.java,0,CWE-79,CWE-79,1,0,1,0,0,0,1,0,0,0,1330,0.0016625,1413,0.01413,2,2e-05,0.0158125,13.838913202285767
BenchmarkTest00720.java,0,CWE-79,CWE-79,1,0,1,0,0,0,1,0,0,0,1402,0.0017525,1104,0.01104,2,2e-05,0.0128125,10.847666025161743
BenchmarkTest00721.java,0,CWE-79,CWE-79,1,0,1,0,0,0,1,0,0,0,1383,0.00172875,851,0.00851,2,2e-05,0.010258749999999999,8.479698657989502
BenchmarkTest00722.java,0,CWE-79,CWE-79,1,1,0,1,0,0,0,0,1,0,1432,0.00179,1273,0.01273,2,2e-05,0.014539999999999999,11.461135149002075
BenchmarkTest00723.java,0,CWE-79,,,,0,0,1,0,0,0,1,0,,,,,,,,
BenchmarkTest00724.java,0,CWE-79,CWE-79,1,0,1,0,0,0,1,0,0,0,1380,0.001725,902,0.00902,2,2e-05,0.010765,9.102318525314331
BenchmarkTest00725.java,0,CWE-79,CWE-79,1,0,1,0,0,0,1,0,0,0,1614,0.0020175,1888,0.01888,2,2e-05,0.0209175,16.859934091567993
BenchmarkTest00726.java,0,CWE-79,,,,0,0,1,0,0,0,1,0,,,,,,,,
BenchmarkTest00727.java,0,CWE-79,CWE-79,1,0,1,0,0,0,1,0,0,0,1309,0.00163625,854,0.00854,2,2e-05,0.01019625,7.961514711380005
BenchmarkTest00728.java,0,CWE-79,CWE-79,1,0,1,0,0,0,1,0,0,0,1314,0.0016425,1062,0.01062,2,2e-05,0.012282499999999998,9.993870973587036
BenchmarkTest00729.java,0,CWE-79,CWE-79,1,0,1,0,0,0,1,0,0,0,1310,0.0016375,1191,0.01191,2,2e-05,0.0135675,12.472499132156372
BenchmarkTest00730.java,0,CWE-79,CWE-79,1,1,0,1,0,0,0,0,1,0,1426,0.0017825,902,0.00902,2,2e-05,0.010822499999999999,9.729975700378418
BenchmarkTest00731.java,0,CWE-78,CWE-78,1,0,1,0,0,0,1,0,0,0,1016,0.00127,1002,0.01002,2,2e-05,0.011309999999999999,11.041481018066406
BenchmarkTest00732.java,0,CWE-78,CWE-78,1,1,0,1,0,0,0,0,1,0,1157,0.00144625,931,0.00931,2,2e-05,0.01077625,9.583884477615356
BenchmarkTest00733.java,0,CWE-330,CWE-330,1,0,1,0,0,0,1,0,0,0,1345,0.00168125,605,0.00605,2,2e-05,0.00775125,5.892894268035889
BenchmarkTest00734.java,0,CWE-330,CWE-330,1,0,1,0,0,0,1,0,0,0,1392,0.00174,873,0.00873,2,2e-05,0.01049,8.333872079849243
BenchmarkTest00735.java,0,CWE-330,CWE-330,1,0,1,0,0,0,1,0,0,0,1371,0.00171375,712,0.00712,2,2e-05,0.008853749999999999,6.7876927852630615
BenchmarkTest00736.java,0,CWE-614,CWE-614,1,0,1,0,0,0,1,0,0,0,1091,0.00136375,814,0.00814,2,2e-05,0.00952375,8.109557628631592
BenchmarkTest00737.java,0,CWE-79,CWE-79,1,0,1,0,0,0,1,0,0,0,1624,0.00203,1300,0.013,2,2e-05,0.01505,11.42256236076355
BenchmarkTest00738.java,0,CWE-78,,,,0,0,1,0,0,0,1,0,,,,,,,,
BenchmarkTest00739.java,0,CWE-78,,,,0,0,1,0,0,0,1,0,,,,,,,,
BenchmarkTest00740.java,0,CWE-78,CWE-78,1,0,1,0,0,0,1,0,0,0,1023,0.00127875,1721,0.01721,2,2e-05,0.018508749999999997,16.462745666503906
BenchmarkTest00741.java,0,CWE-78,CWE-78,1,1,0,1,0,0,0,0,1,0,1074,0.0013425,3244,0.03244,2,2e-05,0.03380249999999999,28.191202878952026
BenchmarkTest00742.java,0,CWE-78,CWE-78,1,1,0,1,0,0,0,0,1,0,1156,0.001445,1128,0.01128,2,2e-05,0.012745,9.915637969970703
BenchmarkTest00743.java,0,CWE-78,CWE-78,1,1,0,1,0,0,0,0,1,0,1006,0.0012575,2357,0.02357,2,2e-05,0.0248475,21.428035497665405
BenchmarkTest00744.java,0,CWE-330,,,,0,0,1,0,0,0,1,0,,,,,,,,
BenchmarkTest00745.java,0,CWE-330,,,,0,0,1,0,0,0,1,0,,,,,,,,
BenchmarkTest00746.java,0,CWE-330,,,,0,0,1,0,0,0,1,0,,,,,,,,
BenchmarkTest00747.java,0,CWE-330,,,,0,0,1,0,0,0,1,0,,,,,,,,
BenchmarkTest00748.java,0,CWE-330,,,,0,0,1,0,0,0,1,0,,,,,,,,
BenchmarkTest00749.java,0,CWE-330,CWE-330,1,1,0,1,0,0,0,0,1,0,1429,0.00178625,770,0.0077,2,2e-05,0.009506249999999999,7.412820100784302
BenchmarkTest00750.java,0,CWE-330,,,,0,0,1,0,0,0,1,0,,,,,,,,
BenchmarkTest00751.java,0,CWE-330,,,,0,0,1,0,0,0,1,0,,,,,,,,
BenchmarkTest00752.java,0,CWE-330,,,,0,0,1,0,0,0,1,0,,,,,,,,
BenchmarkTest00753.java,0,CWE-330,,,,0,0,1,0,0,0,1,0,,,,,,,,
BenchmarkTest00760.java,0,CWE-89,CWE-89,1,0,1,0,0,0,1,0,0,0,1028,0.001285,1014,0.01014,2,2e-05,0.011444999999999999,9.589608192443848
BenchmarkTest00761.java,0,CWE-89,CWE-89,1,0,1,0,0,0,1,0,0,0,1009,0.00126125,941,0.00941,2,2e-05,0.01069125,9.01891827583313
BenchmarkTest00762.java,0,CWE-89,CWE-89,1,0,1,0,0,0,1,0,0,0,993,0.00124125,991,0.00991,2,2e-05,0.011171249999999999,9.85299801826477
BenchmarkTest00763.java,0,CWE-89,CWE-89,1,1,0,1,0,0,0,0,1,0,1033,0.00129125,1140,0.0114,2,2e-05,0.01271125,11.055919408798218
BenchmarkTest00764.java,0,CWE-89,,,,0,0,0,1,0,0,0,1,,,,,,,,
BenchmarkTest00765.java,0,CWE-89,,,,0,0,0,1,0,0,0,1,,,,,,,,
BenchmarkTest00766.java,0,CWE-89,,,,0,0,1,0,0,0,1,0,,,,,,,,
BenchmarkTest00767.java,0,CWE-89,,,,0,0,0,1,0,0,0,1,,,,,,,,
BenchmarkTest00768.java,0,CWE-89,,,,0,0,0,1,0,0,0,1,,,,,,,,
BenchmarkTest00769.java,0,CWE-89,CWE-89,1,0,1,0,0,0,1,0,0,0,1061,0.00132625,947,0.00947,2,2e-05,0.010816249999999998,8.82630205154419
BenchmarkTest00770.java,0,CWE-89,CWE-89,1,0,1,0,0,0,1,0,0,0,992,0.00124,816,0.00816,2,2e-05,0.00942,7.306983709335327
BenchmarkTest00771.java,0,CWE-89,CWE-89,1,0,1,0,0,0,1,0,0,0,1011,0.00126375,817,0.00817,2,2e-05,0.009453749999999999,7.501813173294067
BenchmarkTest00772.java,0,CWE-89,CWE-89,1,1,0,1,0,0,0,0,1,0,992,0.00124,1809,0.01809,2,2e-05,0.01935,17.43057942390442
BenchmarkTest00773.java,0,CWE-89,CWE-89,1,1,0,1,0,0,0,0,1,0,981,0.00122625,1027,0.01027,2,2e-05,0.011516249999999999,8.960745096206665
BenchmarkTest00774.java,0,CWE-89,CWE-89,1,1,0,1,0,0,0,0,1,0,1009,0.00126125,1038,0.01038,2,2e-05,0.01166125,9.52846908569336
BenchmarkTest00775.java,0,CWE-327,,,,0,0,1,0,0,0,1,0,,,,,,,,
BenchmarkTest00776.java,0,CWE-327,,,,0,0,1,0,0,0,1,0,,,,,,,,
BenchmarkTest00777.java,0,CWE-327,,,,0,0,1,0,0,0,1,0,,,,,,,,
BenchmarkTest00778.java,0,CWE-327,,,,0,0,1,0,0,0,1,0,,,,,,,,
BenchmarkTest00779.java,0,CWE-327,CWE-327,1,0,1,0,0,0,1,0,0,0,1956,0.002445,379,0.00379,2,2e-05,0.006255,5.1283204555511475
BenchmarkTest00780.java,0,CWE-327,,,,0,0,1,0,0,0,1,0,,,,,,,,
BenchmarkTest00781.java,0,CWE-327,CWE-327,1,0,1,0,0,0,1,0,0,0,1527,0.00190875,534,0.00534,2,2e-05,0.00726875,6.246837139129639
BenchmarkTest00782.java,0,CWE-327,,,,0,0,1,0,0,0,1,0,,,,,,,,
BenchmarkTest00783.java,0,CWE-22,CWE-23,0,0,1,0,0,0,1,0,0,0,1681,0.00210125,1261,0.01261,2,2e-05,0.014731249999999998,11.340355634689331
BenchmarkTest00784.java,0,CWE-22,CWE-23,0,1,0,1,0,0,0,0,1,0,1601,0.00200125,1032,0.01032,2,2e-05,0.012341249999999998,9.377659320831299
BenchmarkTest00785.java,0,CWE-22,CWE-23,0,0,1,0,0,0,1,0,0,0,1553,0.00194125,824,0.00824,2,2e-05,0.01020125,7.409046649932861
BenchmarkTest00786.java,0,CWE-22,CWE-23,0,1,0,1,0,0,0,0,1,0,1578,0.0019725,944,0.00944,2,2e-05,0.0114325,8.853887796401978
BenchmarkTest00787.java,0,CWE-22,CWE-23,0,0,1,0,0,0,1,0,0,0,1499,0.00187375,1257,0.01257,2,2e-05,0.01446375,11.15732192993164
BenchmarkTest00788.java,0,CWE-22,CWE-23,0,0,1,0,0,0,1,0,0,0,1466,0.0018325,1273,0.01273,2,2e-05,0.014582499999999998,11.704809427261353
BenchmarkTest00789.java,0,CWE-328,CWE-916,0,0,1,0,0,0,1,0,0,0,1577,0.00197125,735,0.00735,2,2e-05,0.009341249999999999,7.410000324249268
BenchmarkTest00790.java,0,CWE-328,CWE-916,0,0,1,0,0,0,1,0,0,0,1523,0.00190375,784,0.00784,2,2e-05,0.009763749999999998,7.8775575160980225
BenchmarkTest00791.java,0,CWE-328,,,,0,0,1,0,0,0,1,0,,,,,,,,
BenchmarkTest00792.java,0,CWE-328,,,,0,0,1,0,0,0,1,0,,,,,,,,
BenchmarkTest00793.java,0,CWE-328,,,,0,0,1,0,0,0,1,0,,,,,,,,
BenchmarkTest00794.java,0,CWE-328,CWE-916,0,0,1,0,0,0,1,0,0,0,1448,0.00181,538,0.00538,2,2e-05,0.00721,7.0577309131622314
BenchmarkTest00795.java,0,CWE-328,,,,0,0,1,0,0,0,1,0,,,,,,,,
BenchmarkTest00796.java,0,CWE-328,,,,0,0,0,1,0,0,0,1,,,,,,,,
BenchmarkTest00797.java,0,CWE-328,,,,0,0,0,1,0,0,0,1,,,,,,,,
BenchmarkTest00798.java,0,CWE-328,,,,0,0,1,0,0,0,1,0,,,,,,,,
BenchmarkTest00799.java,0,CWE-79,CWE-79,1,1,0,1,0,0,0,0,1,0,1603,0.00200375,1956,0.01956,2,2e-05,0.02158375,18.06881594657898
BenchmarkTest00800.java,0,CWE-79,CWE-79,1,0,1,0,0,0,1,0,0,0,1566,0.0019575,921,0.00921,2,2e-05,0.0111875,8.77177619934082
BenchmarkTest00801.java,0,CWE-79,CWE-79,1,0,1,0,0,0,1,0,0,0,1446,0.0018075,1086,0.01086,2,2e-05,0.012687499999999999,11.11989450454712
BenchmarkTest00802.java,0,CWE-79,CWE-79,1,0,1,0,0,0,1,0,0,0,1504,0.00188,1193,0.01193,2,2e-05,0.013829999999999999,11.2789626121521
BenchmarkTest00803.java,0,CWE-79,CWE-79,1,0,1,0,0,0,1,0,0,0,1433,0.00179125,917,0.00917,2,2e-05,0.010981249999999998,9.107024431228638
BenchmarkTest00804.java,0,CWE-79,CWE-79,1,0,1,0,0,0,1,0,0,0,1464,0.00183,895,0.00895,2,2e-05,0.010799999999999999,8.746612787246704
BenchmarkTest00805.java,0,CWE-79,CWE-79,1,0,1,0,0,0,1,0,0,0,1776,0.00222,2024,0.02024,2,2e-05,0.02248,17.468672513961792
BenchmarkTest00806.java,0,CWE-79,CWE-79,1,0,1,0,0,0,1,0,0,0,1540,0.001925,1323,0.01323,2,2e-05,0.015175,11.745729446411133
BenchmarkTest00807.java,0,CWE-79,CWE-79,1,0,1,0,0,0,1,0,0,0,1471,0.00183875,1222,0.01222,2,2e-05,0.01407875,11.576379299163818
BenchmarkTest00808.java,0,CWE-79,CWE-79,1,1,0,1,0,0,0,0,1,0,1533,0.00191625,1432,0.01432,2,2e-05,0.01625625,12.420955419540405
BenchmarkTest00809.java,0,CWE-79,CWE-79,1,0,1,0,0,0,1,0,0,0,1490,0.0018625,1240,0.0124,2,2e-05,0.014282499999999998,11.808530807495117
BenchmarkTest00810.java,0,CWE-79,CWE-79,1,0,1,0,0,0,1,0,0,0,1464,0.00183,855,0.00855,2,2e-05,0.0104,8.297144889831543
BenchmarkTest00811.java,0,CWE-79,CWE-79,1,0,1,0,0,0,1,0,0,0,1547,0.00193375,1085,0.01085,2,2e-05,0.01280375,10.205792665481567
BenchmarkTest00812.java,0,CWE-79,,,,0,0,1,0,0,0,1,0,,,,,,,,
BenchmarkTest00813.java,0,CWE-79,,,,0,0,1,0,0,0,1,0,,,,,,,,
BenchmarkTest00814.java,0,CWE-78,,,,0,0,1,0,0,0,1,0,,,,,,,,
BenchmarkTest00815.java,0,CWE-78,CWE-78,1,0,1,0,0,0,1,0,0,0,1173,0.00146625,1215,0.01215,2,2e-05,0.013636249999999999,11.9456946849823
BenchmarkTest00816.java,0,CWE-78,CWE-78,1,0,1,0,0,0,1,0,0,0,1295,0.00161875,1106,0.01106,2,2e-05,0.01269875,11.402214765548706
BenchmarkTest00817.java,0,CWE-330,CWE-330,1,0,1,0,0,0,1,0,0,0,1796,0.002245,736,0.00736,2,2e-05,0.009625,7.5273096561431885
BenchmarkTest00818.java,0,CWE-330,CWE-330,1,0,1,0,0,0,1,0,0,0,1516,0.001895,692,0.00692,2,2e-05,0.008834999999999999,6.781270503997803
BenchmarkTest00819.java,0,CWE-330,CWE-330,1,0,1,0,0,0,1,0,0,0,1481,0.00185125,809,0.00809,2,2e-05,0.00996125,7.960960626602173
BenchmarkTest00820.java,0,CWE-614,CWE-614,1,0,1,0,0,0,1,0,0,0,1207,0.00150875,647,0.00647,2,2e-05,0.007998749999999999,7.047684907913208
BenchmarkTest00821.java,0,CWE-614,CWE-614,1,0,1,0,0,0,1,0,0,0,1223,0.00152875,613,0.00613,2,2e-05,0.00767875,6.289235353469849
BenchmarkTest00822.java,0,CWE-79,CWE-79,1,0,1,0,0,0,1,0,0,0,1481,0.00185125,987,0.00987,2,2e-05,0.01174125,9.03397512435913
BenchmarkTest00823.java,0,CWE-78,CWE-78,1,0,1,0,0,0,1,0,0,0,1139,0.00142375,1545,0.01545,2,2e-05,0.01689375,14.482678174972534
BenchmarkTest00824.java,0,CWE-78,CWE-78,1,0,1,0,0,0,1,0,0,0,1387,0.00173375,1283,0.01283,2,2e-05,0.01458375,11.941712856292725
BenchmarkTest00825.java,0,CWE-78,CWE-78,1,0,1,0,0,0,1,0,0,0,1115,0.00139375,1849,0.01849,2,2e-05,0.019903749999999998,19.536513090133667
BenchmarkTest00826.java,0,CWE-78,,,,0,0,1,0,0,0,1,0,,,,,,,,
BenchmarkTest00827.java,0,CWE-78,CWE-78,1,1,0,1,0,0,0,0,1,0,1155,0.00144375,1436,0.01436,2,2e-05,0.015823749999999998,14.89856243133545
BenchmarkTest00828.java,0,CWE-330,,,,0,0,1,0,0,0,1,0,,,,,,,,
BenchmarkTest00829.java,0,CWE-330,,,,0,0,1,0,0,0,1,0,,,,,,,,
BenchmarkTest00830.java,0,CWE-330,,,,0,0,1,0,0,0,1,0,,,,,,,,
BenchmarkTest00831.java,0,CWE-330,,,,0,0,1,0,0,0,1,0,,,,,,,,
BenchmarkTest00832.java,0,CWE-330,,,,0,0,1,0,0,0,1,0,,,,,,,,
BenchmarkTest00837.java,0,CWE-89,CWE-89,1,1,0,1,0,0,0,0,1,0,1255,0.00156875,2329,0.02329,2,2e-05,0.02487875,22.511617183685303
BenchmarkTest00838.java,0,CWE-89,CWE-89,1,1,0,1,0,0,0,0,1,0,1227,0.00153375,999,0.00999,2,2e-05,0.01154375,10.983875274658203
BenchmarkTest00839.java,0,CWE-89,CWE-89,1,0,1,0,0,0,1,0,0,0,1129,0.00141125,942,0.00942,2,2e-05,0.010851249999999998,9.517565250396729
BenchmarkTest00840.java,0,CWE-89,CWE-89,1,0,1,0,0,0,1,0,0,0,1135,0.00141875,1141,0.01141,2,2e-05,0.012848749999999999,10.562194347381592
BenchmarkTest00841.java,0,CWE-89,CWE-89,1,0,1,0,0,0,1,0,0,0,1211,0.00151375,774,0.00774,2,2e-05,0.009273749999999999,7.323939085006714
BenchmarkTest00842.java,0,CWE-89,,,,0,0,0,1,0,0,0,1,,,,,,,,
BenchmarkTest00843.java,0,CWE-89,,,,0,0,0,1,0,0,0,1,,,,,,,,
BenchmarkTest00844.java,0,CWE-89,,,,0,0,1,0,0,0,1,0,,,,,,,,
BenchmarkTest00845.java,0,CWE-89,,,,0,0,0,1,0,0,0,1,,,,,,,,
BenchmarkTest00846.java,0,CWE-89,CWE-89,1,0,1,0,0,0,1,0,0,0,1099,0.00137375,889,0.00889,2,2e-05,0.01028375,8.25883412361145
BenchmarkTest00847.java,0,CWE-89,CWE-89,1,0,1,0,0,0,1,0,0,0,1146,0.0014325,898,0.00898,2,2e-05,0.010432499999999999,8.617172956466675
BenchmarkTest00848.java,0,CWE-89,CWE-89,1,0,1,0,0,0,1,0,0,0,1064,0.00133,874,0.00874,2,2e-05,0.010089999999999998,8.046536445617676
BenchmarkTest00849.java,0,CWE-89,CWE-89,1,0,1,0,0,0,1,0,0,0,1148,0.001435,1352,0.01352,2,2e-05,0.014975,12.42167043685913
BenchmarkTest00850.java,0,CWE-89,CWE-89,1,0,1,0,0,0,1,0,0,0,1144,0.00143,1048,0.01048,2,2e-05,0.01193,10.22976541519165
BenchmarkTest00851.java,0,CWE-89,,,,0,0,1,0,0,0,1,0,,,,,,,,
BenchmarkTest00852.java,0,CWE-643,CWE-643,1,1,0,1,0,0,0,0,1,0,1310,0.0016375,889,0.00889,2,2e-05,0.0105475,8.334309339523315
BenchmarkTest00853.java,0,CWE-327,CWE-327,1,0,1,0,0,0,1,0,0,0,1756,0.002195,429,0.00429,2,2e-05,0.006505,4.750330448150635
BenchmarkTest00854.java,0,CWE-327,,,,0,0,1,0,0,0,1,0,,,,,,,,
BenchmarkTest00855.java,0,CWE-327,CWE-327,1,0,1,0,0,0,1,0,0,0,1878,0.0023475,374,0.00374,2,2e-05,0.0061075,3.7296366691589355
BenchmarkTest00856.java,0,CWE-327,CWE-327,1,0,1,0,0,0,1,0,0,0,1695,0.00211875,394,0.00394,2,2e-05,0.00607875,4.032102108001709
BenchmarkTest00857.java,0,CWE-327,CWE-327,1,0,1,0,0,0,1,0,0,0,1454,0.0018175,430,0.0043,2,2e-05,0.0061375,4.898675918579102
BenchmarkTest00858.java,0,CWE-327,,,,0,0,1,0,0,0,1,0,,,,,,,,
BenchmarkTest00859.java,0,CWE-327,CWE-327,1,0,1,0,0,0,1,0,0,0,1451,0.00181375,454,0.00454,2,2e-05,0.00637375,5.639123201370239
BenchmarkTest00860.java,0,CWE-90,,,,0,0,1,0,0,0,1,0,,,,,,,,
BenchmarkTest00861.java,0,CWE-90,,,,0,0,1,0,0,0,1,0,,,,,,,,
BenchmarkTest00862.java,0,CWE-22,,,,0,0,1,0,0,0,1,0,,,,,,,,
BenchmarkTest00863.java,0,CWE-22,,,,0,0,1,0,0,0,1,0,,,,,,,,
BenchmarkTest00864.java,0,CWE-22,,,,0,0,1,0,0,0,1,0,,,,,,,,
BenchmarkTest00865.java,0,CWE-22,,,,0,0,1,0,0,0,1,0,,,,,,,,
BenchmarkTest00866.java,0,CWE-22,,,,0,0,1,0,0,0,1,0,,,,,,,,
BenchmarkTest00867.java,0,CWE-22,,,,0,0,1,0,0,0,1,0,,,,,,,,
BenchmarkTest00868.java,0,CWE-328,CWE-916,0,0,1,0,0,0,1,0,0,0,1746,0.0021825,875,0.00875,2,2e-05,0.0109525,8.588374376296997
BenchmarkTest00869.java,0,CWE-328,CWE-916,0,0,1,0,0,0,1,0,0,0,1512,0.00189,770,0.0077,2,2e-05,0.009609999999999999,7.756525993347168
BenchmarkTest00870.java,0,CWE-328,CWE-916,0,0,1,0,0,0,1,0,0,0,1363,0.00170375,692,0.00692,2,2e-05,0.008643749999999999,7.099794149398804
BenchmarkTest00871.java,0,CWE-328,CWE-916,0,0,1,0,0,0,1,0,0,0,1463,0.00182875,593,0.00593,2,2e-05,0.00777875,6.093390464782715
BenchmarkTest00872.java,0,CWE-328,CWE-916,0,0,1,0,0,0,1,0,0,0,1357,0.00169625,631,0.00631,2,2e-05,0.008026249999999999,6.326548099517822
BenchmarkTest00873.java,0,CWE-328,,,,0,0,1,0,0,0,1,0,,,,,,,,
BenchmarkTest00874.java,0,CWE-328,,,,0,0,1,0,0,0,1,0,,,,,,,,
BenchmarkTest00875.java,0,CWE-328,,,,0,0,0,1,0,0,0,1,,,,,,,,
BenchmarkTest00876.java,0,CWE-328,,,,0,0,0,1,0,0,0,1,,,,,,,,
BenchmarkTest00877.java,0,CWE-328,,,,0,0,1,0,0,0,1,0,,,,,,,,
BenchmarkTest00878.java,0,CWE-328,,,,0,0,1,0,0,0,1,0,,,,,,,,
BenchmarkTest00879.java,0,CWE-79,,,,0,0,1,0,0,0,1,0,,,,,,,,
BenchmarkTest00880.java,0,CWE-79,,,,0,0,1,0,0,0,1,0,,,,,,,,
BenchmarkTest00881.java,0,CWE-79,,,,0,0,1,0,0,0,1,0,,,,,,,,
BenchmarkTest00882.java,0,CWE-79,,,,0,0,1,0,0,0,1,0,,,,,,,,
BenchmarkTest00883.java,0,CWE-79,,,,0,0,1,0,0,0,1,0,,,,,,,,
BenchmarkTest00884.java,0,CWE-79,,,,0,0,1,0,0,0,1,0,,,,,,,,
BenchmarkTest00885.java,0,CWE-79,,,,0,0,1,0,0,0,1,0,,,,,,,,
BenchmarkTest00886.java,0,CWE-79,,,,0,0,1,0,0,0,1,0,,,,,,,,
BenchmarkTest00887.java,0,CWE-79,,,,0,0,1,0,0,0,1,0,,,,,,,,
BenchmarkTest00888.java,0,CWE-79,,,,0,0,1,0,0,0,1,0,,,,,,,,
BenchmarkTest00889.java,0,CWE-79,,,,0,0,1,0,0,0,1,0,,,,,,,,
BenchmarkTest00890.java,0,CWE-79,,,,0,0,1,0,0,0,1,0,,,,,,,,
BenchmarkTest00891.java,0,CWE-79,,,,0,0,1,0,0,0,1,0,,,,,,,,
BenchmarkTest00892.java,0,CWE-79,,,,0,0,1,0,0,0,1,0,,,,,,,,
BenchmarkTest00893.java,0,CWE-79,,,,0,0,1,0,0,0,1,0,,,,,,,,
BenchmarkTest00894.java,0,CWE-79,,,,0,0,1,0,0,0,1,0,,,,,,,,
BenchmarkTest00895.java,0,CWE-78,,,,0,0,1,0,0,0,1,0,,,,,,,,
BenchmarkTest00896.java,0,CWE-78,,,,0,0,1,0,0,0,1,0,,,,,,,,
BenchmarkTest00897.java,0,CWE-78,,,,0,0,1,0,0,0,1,0,,,,,,,,
BenchmarkTest00898.java,0,CWE-330,CWE-330,1,0,1,0,0,0,1,0,0,0,1407,0.00175875,756,0.00756,2,2e-05,0.00933875,6.900362014770508
BenchmarkTest00899.java,0,CWE-330,CWE-330,1,0,1,0,0,0,1,0,0,0,1414,0.0017675,653,0.00653,2,2e-05,0.008317499999999999,6.4134838581085205
BenchmarkTest00900.java,0,CWE-330,CWE-330,1,0,1,0,0,0,1,0,0,0,1402,0.0017525,824,0.00824,2,2e-05,0.0100125,8.139653444290161
BenchmarkTest00901.java,0,CWE-330,CWE-330,1,0,1,0,0,0,1,0,0,0,1404,0.001755,810,0.0081,2,2e-05,0.009874999999999998,8.40859580039978
BenchmarkTest00902.java,0,CWE-330,CWE-330,1,0,1,0,0,0,1,0,0,0,1405,0.00175625,558,0.00558,2,2e-05,0.00735625,6.055542469024658
BenchmarkTest00903.java,0,CWE-614,CWE-614,1,0,1,0,0,0,1,0,0,0,1150,0.0014375,702,0.00702,2,2e-05,0.008477499999999999,6.955684185028076
BenchmarkTest00904.java,0,CWE-614,,,,0,0,1,0,0,0,1,0,,,,,,,,
BenchmarkTest00905.java,0,CWE-78,,,,0,0,1,0,0,0,1,0,,,,,,,,
BenchmarkTest00906.java,0,CWE-78,,,,0,0,1,0,0,0,1,0,,,,,,,,
BenchmarkTest00907.java,0,CWE-78,,,,0,0,1,0,0,0,1,0,,,,,,,,
BenchmarkTest00908.java,0,CWE-78,,,,0,0,1,0,0,0,1,0,,,,,,,,
BenchmarkTest00909.java,0,CWE-78,,,,0,0,1,0,0,0,1,0,,,,,,,,
BenchmarkTest00910.java,0,CWE-78,,,,0,0,1,0,0,0,1,0,,,,,,,,
BenchmarkTest00911.java,0,CWE-330,,,,0,0,1,0,0,0,1,0,,,,,,,,
BenchmarkTest00912.java,0,CWE-330,,,,0,0,1,0,0,0,1,0,,,,,,,,
BenchmarkTest00913.java,0,CWE-330,,,,0,0,1,0,0,0,1,0,,,,,,,,
BenchmarkTest00914.java,0,CWE-330,,,,0,0,1,0,0,0,1,0,,,,,,,,
BenchmarkTest00915.java,0,CWE-330,,,,0,0,1,0,0,0,1,0,,,,,,,,
BenchmarkTest00916.java,0,CWE-330,,,,0,0,1,0,0,0,1,0,,,,,,,,
BenchmarkTest00917.java,0,CWE-330,,,,0,0,1,0,0,0,1,0,,,,,,,,
BenchmarkTest00918.java,0,CWE-330,,,,0,0,1,0,0,0,1,0,,,,,,,,
BenchmarkTest00919.java,0,CWE-330,,,,0,0,1,0,0,0,1,0,,,,,,,,
BenchmarkTest00920.java,0,CWE-330,,,,0,0,1,0,0,0,1,0,,,,,,,,
BenchmarkTest00921.java,0,CWE-330,,,,0,0,1,0,0,0,1,0,,,,,,,,
BenchmarkTest00924.java,0,CWE-89,,,,0,0,1,0,0,0,1,0,,,,,,,,
BenchmarkTest00925.java,0,CWE-89,,,,0,0,1,0,0,0,1,0,,,,,,,,
BenchmarkTest00926.java,0,CWE-89,,,,0,0,1,0,0,0,1,0,,,,,,,,
BenchmarkTest00927.java,0,CWE-89,,,,0,0,1,0,0,0,1,0,,,,,,,,
BenchmarkTest00928.java,0,CWE-89,,,,0,0,1,0,0,0,1,0,,,,,,,,
BenchmarkTest00929.java,0,CWE-89,,,,0,0,1,0,0,0,1,0,,,,,,,,
BenchmarkTest00930.java,0,CWE-89,,,,0,0,1,0,0,0,1,0,,,,,,,,
BenchmarkTest00931.java,0,CWE-89,,,,0,0,1,0,0,0,1,0,,,,,,,,
BenchmarkTest00932.java,0,CWE-89,,,,0,0,1,0,0,0,1,0,,,,,,,,
BenchmarkTest00933.java,0,CWE-89,,,,0,0,1,0,0,0,1,0,,,,,,,,
BenchmarkTest00934.java,0,CWE-89,,,,0,0,1,0,0,0,1,0,,,,,,,,
BenchmarkTest00935.java,0,CWE-89,,,,0,0,1,0,0,0,1,0,,,,,,,,
BenchmarkTest00936.java,0,CWE-89,,,,0,0,1,0,0,0,1,0,,,,,,,,
BenchmarkTest00937.java,0,CWE-89,,,,0,0,1,0,0,0,1,0,,,,,,,,
BenchmarkTest00938.java,0,CWE-89,,,,0,0,1,0,0,0,1,0,,,,,,,,
BenchmarkTest00939.java,0,CWE-89,,,,0,0,1,0,0,0,1,0,,,,,,,,
BenchmarkTest00940.java,0,CWE-89,,,,0,0,1,0,0,0,1,0,,,,,,,,
BenchmarkTest00941.java,0,CWE-643,,,,0,0,1,0,0,0,1,0,,,,,,,,
BenchmarkTest00942.java,0,CWE-327,,,,0,0,1,0,0,0,1,0,,,,,,,,
BenchmarkTest00943.java,0,CWE-327,,,,0,0,1,0,0,0,1,0,,,,,,,,
BenchmarkTest00944.java,0,CWE-327,,,,0,0,1,0,0,0,1,0,,,,,,,,
BenchmarkTest00945.java,0,CWE-327,CWE-327,1,0,1,0,0,0,1,0,0,0,1679,0.00209875,451,0.00451,2,2e-05,0.00662875,4.581557273864746
BenchmarkTest00946.java,0,CWE-327,CWE-327,1,0,1,0,0,0,1,0,0,0,1620,0.002025,470,0.0047,2,2e-05,0.006745,4.67391037940979
BenchmarkTest00947.java,0,CWE-90,CWE-90,1,0,1,0,0,0,1,0,0,0,1559,0.00194875,1116,0.01116,2,2e-05,0.013128749999999998,10.940326690673828
BenchmarkTest00948.java,0,CWE-90,CWE-90,1,1,0,1,0,0,0,0,1,0,1643,0.00205375,1216,0.01216,2,2e-05,0.01423375,10.812507629394531
BenchmarkTest00949.java,0,CWE-22,CWE-23,0,0,1,0,0,0,1,0,0,0,1492,0.001865,1121,0.01121,2,2e-05,0.013094999999999999,9.848614692687988
BenchmarkTest00950.java,0,CWE-22,CWE-23,0,0,1,0,0,0,1,0,0,0,1474,0.0018425,981,0.00981,2,2e-05,0.011672499999999999,8.99370551109314
BenchmarkTest00951.java,0,CWE-22,CWE-23,0,1,0,1,0,0,0,0,1,0,1680,0.0021,981,0.00981,2,2e-05,0.011929999999999998,9.352397203445435
BenchmarkTest00952.java,0,CWE-22,CWE-23,0,0,1,0,0,0,1,0,0,0,1780,0.002225,1366,0.01366,2,2e-05,0.015905,12.053118467330933
BenchmarkTest00953.java,0,CWE-22,CWE-23,0,0,1,0,0,0,1,0,0,0,1562,0.0019525,926,0.00926,2,2e-05,0.011232499999999998,8.20940113067627
BenchmarkTest00954.java,0,CWE-22,CWE-23,0,1,0,1,0,0,0,0,1,0,1612,0.002015,898,0.00898,2,2e-05,0.011014999999999999,8.416216373443604
BenchmarkTest00955.java,0,CWE-22,CWE-23,0,1,0,1,0,0,0,0,1,0,1518,0.0018975,1157,0.01157,2,2e-05,0.0134875,9.929450511932373
BenchmarkTest00956.java,0,CWE-22,CWE-23,0,0,1,0,0,0,1,0,0,0,1518,0.0018975,1026,0.01026,2,2e-05,0.012177499999999999,9.13138222694397
BenchmarkTest00957.java,0,CWE-22,CWE-23,0,1,0,1,0,0,0,0,1,0,1774,0.0022175,3641,0.03641,2,2e-05,0.038647499999999994,32.457889556884766
BenchmarkTest00958.java,0,CWE-22,CWE-23,0,1,0,1,0,0,0,0,1,0,1841,0.00230125,1332,0.01332,2,2e-05,0.01564125,12.833223104476929
BenchmarkTest00959.java,0,CWE-90,CWE-90,1,0,1,0,0,0,1,0,0,0,1594,0.0019925,1165,0.01165,2,2e-05,0.0136625,11.413794040679932
BenchmarkTest00960.java,0,CWE-330,CWE-330,1,0,1,0,0,0,1,0,0,0,1726,0.0021575,740,0.0074,2,2e-05,0.0095775,6.823928117752075
BenchmarkTest00961.java,0,CWE-328,CWE-916,0,0,1,0,0,0,1,0,0,0,1747,0.00218375,1487,0.01487,2,2e-05,0.01707375,14.230342626571655
BenchmarkTest00962.java,0,CWE-328,,,,0,0,1,0,0,0,1,0,,,,,,,,
BenchmarkTest00963.java,0,CWE-328,CWE-916,0,0,1,0,0,0,1,0,0,0,1531,0.00191375,674,0.00674,2,2e-05,0.00867375,6.471858978271484
BenchmarkTest00964.java,0,CWE-328,,,,0,0,1,0,0,0,1,0,,,,,,,,
BenchmarkTest00965.java,0,CWE-328,,,,0,0,1,0,0,0,1,0,,,,,,,,
BenchmarkTest00966.java,0,CWE-328,,,,0,0,1,0,0,0,1,0,,,,,,,,
BenchmarkTest00967.java,0,CWE-328,,,,0,0,1,0,0,0,1,0,,,,,,,,
BenchmarkTest00968.java,0,CWE-78,CWE-78,1,0,1,0,0,0,1,0,0,0,1279,0.00159875,1071,0.01071,2,2e-05,0.01232875,9.977909326553345
BenchmarkTest00969.java,0,CWE-78,CWE-78,1,1,0,1,0,0,0,0,1,0,1633,0.00204125,1942,0.01942,2,2e-05,0.02148125,16.71998691558838
BenchmarkTest00970.java,0,CWE-78,CWE-78,1,1,0,1,0,0,0,0,1,0,1308,0.001635,1061,0.01061,2,2e-05,0.012264999999999998,9.776392698287964
BenchmarkTest00971.java,0,CWE-330,CWE-330,1,0,1,0,0,0,1,0,0,0,1637,0.00204625,701,0.00701,2,2e-05,0.00907625,6.838958501815796
BenchmarkTest00972.java,0,CWE-330,CWE-330,1,0,1,0,0,0,1,0,0,0,1712,0.00214,845,0.00845,2,2e-05,0.010609999999999998,7.627108812332153
BenchmarkTest00973.java,0,CWE-330,CWE-330,1,0,1,0,0,0,1,0,0,0,1559,0.00194875,587,0.00587,2,2e-05,0.007838749999999998,5.599264144897461
BenchmarkTest00974.java,0,CWE-330,CWE-330,1,0,1,0,0,0,1,0,0,0,1621,0.00202625,665,0.00665,2,2e-05,0.008696249999999999,6.470700025558472
BenchmarkTest00975.java,0,CWE-330,CWE-330,1,0,1,0,0,0,1,0,0,0,1567,0.00195875,833,0.00833,2,2e-05,0.01030875,8.2481107711792
BenchmarkTest00976.java,0,CWE-330,CWE-330,1,0,1,0,0,0,1,0,0,0,1580,0.001975,908,0.00908,2,2e-05,0.011074999999999998,9.5287926197052
BenchmarkTest00977.java,0,CWE-614,CWE-614,1,0,1,0,0,0,1,0,0,0,1335,0.00166875,821,0.00821,2,2e-05,0.00989875,7.529524803161621
BenchmarkTest00978.java,0,CWE-78,CWE-78,1,0,0,1,0,0,0,1,0,0,1707,0.00213375,4392,0.04392,2,2e-05,0.04607375,38.66102433204651
BenchmarkTest00979.java,0,CWE-78,CWE-78,1,0,1,0,0,0,1,0,0,0,1448,0.00181,1411,0.01411,2,2e-05,0.01594,12.888399839401245
BenchmarkTest00980.java,0,CWE-78,CWE-78,1,1,0,1,0,0,0,0,1,0,1239,0.00154875,2320,0.0232,2,2e-05,0.02476875,20.05395817756653
BenchmarkTest00981.java,0,CWE-78,CWE-78,1,0,1,0,0,0,1,0,0,0,1390,0.0017375,1352,0.01352,2,2e-05,0.0152775,12.674292802810669
BenchmarkTest00982.java,0,CWE-78,CWE-78,1,1,0,1,0,0,0,0,1,0,1320,0.00165,2219,0.02219,2,2e-05,0.02386,19.92328429222107
BenchmarkTest00983.java,0,CWE-78,CWE-78,1,0,1,0,0,0,1,0,0,0,1187,0.00148375,1321,0.01321,2,2e-05,0.01471375,12.717658281326294
BenchmarkTest00984.java,0,CWE-330,CWE-330,1,0,0,1,0,0,0,1,0,0,2020,0.002525,2089,0.02089,2,2e-05,0.023434999999999997,20.265198469161987
BenchmarkTest00985.java,0,CWE-330,CWE-330,1,1,0,1,0,0,0,0,1,0,1735,0.00216875,1096,0.01096,2,2e-05,0.013148749999999999,9.758274793624878
BenchmarkTest00986.java,0,CWE-330,CWE-330,1,0,0,1,0,0,0,1,0,0,1694,0.0021175,2122,0.02122,2,2e-05,0.0233575,19.81279492378235
BenchmarkTest00987.java,0,CWE-330,,,,0,0,1,0,0,0,1,0,,,,,,,,
BenchmarkTest00988.java,0,CWE-330,,,,0,0,1,0,0,0,1,0,,,,,,,,
BenchmarkTest00989.java,0,CWE-330,,,,0,0,1,0,0,0,1,0,,,,,,,,
BenchmarkTest00990.java,0,CWE-330,,,,0,0,1,0,0,0,1,0,,,,,,,,
BenchmarkTest00996.java,0,CWE-89,CWE-89,1,0,1,0,0,0,1,0,0,0,1254,0.0015675,1029,0.01029,2,2e-05,0.0118775,9.673101425170898
BenchmarkTest00997.java,0,CWE-89,CWE-89,1,0,1,0,0,0,1,0,0,0,1295,0.00161875,1163,0.01163,2,2e-05,0.01326875,11.124915599822998
BenchmarkTest00998.java,0,CWE-89,CWE-89,1,0,1,0,0,0,1,0,0,0,1249,0.00156125,1195,0.01195,2,2e-05,0.01353125,11.07066035270691
BenchmarkTest00999.java,0,CWE-89,CWE-89,1,1,0,1,0,0,0,0,1,0,1262,0.0015775,1248,0.01248,2,2e-05,0.0140775,11.134995937347412
BenchmarkTest01000.java,0,CWE-89,CWE-89,1,0,1,0,0,0,1,0,0,0,1300,0.001625,1304,0.01304,2,2e-05,0.014684999999999998,11.881625652313232
BenchmarkTest01001.java,0,CWE-89,CWE-89,1,1,0,1,0,0,0,0,1,0,1203,0.00150375,1016,0.01016,2,2e-05,0.01168375,9.571317434310913
BenchmarkTest01002.java,0,CWE-89,CWE-89,1,0,1,0,0,0,1,0,0,0,1211,0.00151375,902,0.00902,2,2e-05,0.010553749999999999,9.063973665237427
BenchmarkTest01003.java,0,CWE-89,CWE-89,1,0,1,0,0,0,1,0,0,0,1259,0.00157375,1160,0.0116,2,2e-05,0.013193749999999999,10.165034294128418
BenchmarkTest01004.java,0,CWE-89,CWE-89,1,0,1,0,0,0,1,0,0,0,1286,0.0016075,1058,0.01058,2,2e-05,0.0122075,9.395793914794922
BenchmarkTest01005.java,0,CWE-89,CWE-89,1,0,1,0,0,0,1,0,0,0,1271,0.00158875,1112,0.01112,2,2e-05,0.012728749999999999,9.999536514282227
BenchmarkTest01006.java,0,CWE-89,,,,0,0,0,1,0,0,0,1,,,,,,,,
BenchmarkTest01007.java,0,CWE-89,,,,0,0,0,1,0,0,0,1,,,,,,,,
BenchmarkTest01008.java,0,CWE-89,,,,0,0,0,1,0,0,0,1,,,,,,,,
BenchmarkTest01009.java,0,CWE-89,,,,0,0,0,1,0,0,0,1,,,,,,,,
BenchmarkTest01010.java,0,CWE-89,CWE-89,1,1,0,1,0,0,0,0,1,0,1281,0.00160125,1242,0.01242,2,2e-05,0.01404125,11.261378288269043
BenchmarkTest01011.java,0,CWE-89,CWE-89,1,0,1,0,0,0,1,0,0,0,1207,0.00150875,1101,0.01101,2,2e-05,0.01253875,9.087309122085571
BenchmarkTest01012.java,0,CWE-89,CWE-89,1,1,0,1,0,0,0,0,1,0,1243,0.00155375,1903,0.01903,2,2e-05,0.020603749999999997,17.011040449142456
BenchmarkTest01013.java,0,CWE-643,CWE-643,1,1,0,1,0,0,0,0,1,0,1405,0.00175625,843,0.00843,2,2e-05,0.01020625,7.657437562942505
BenchmarkTest01014.java,0,CWE-643,CWE-643,1,1,0,1,0,0,0,0,1,0,1359,0.00169875,1244,0.01244,2,2e-05,0.01415875,13.547921657562256
BenchmarkTest01015.java,0,CWE-327,CWE-327,1,0,1,0,0,0,1,0,0,0,1826,0.0022825,441,0.00441,2,2e-05,0.0067125,4.891005754470825
BenchmarkTest01016.java,0,CWE-327,CWE-327,1,0,1,0,0,0,1,0,0,0,2017,0.00252125,378,0.00378,2,2e-05,0.00632125,4.523719310760498
BenchmarkTest01017.java,0,CWE-327,CWE-327,1,0,1,0,0,0,1,0,0,0,2221,0.00277625,496,0.00496,2,2e-05,0.00775625,4.897611618041992
BenchmarkTest01018.java,0,CWE-327,CWE-327,1,0,1,0,0,0,1,0,0,0,1432,0.00179,460,0.0046,2,2e-05,0.00641,4.722771883010864
BenchmarkTest01019.java,0,CWE-327,,,,0,0,1,0,0,0,1,0,,,,,,,,
BenchmarkTest01020.java,0,CWE-327,CWE-327,1,0,1,0,0,0,1,0,0,0,1428,0.001785,329,0.00329,2,2e-05,0.005095,3.558058023452759
BenchmarkTest01021.java,0,CWE-327,,,,0,0,1,0,0,0,1,0,,,,,,,,
BenchmarkTest01022.java,0,CWE-327,,,,0,0,1,0,0,0,1,0,,,,,,,,
BenchmarkTest01023.java,0,CWE-90,CWE-90,1,0,1,0,0,0,1,0,0,0,1367,0.00170875,958,0.00958,2,2e-05,0.01130875,8.660781383514404
BenchmarkTest01024.java,0,CWE-90,CWE-90,1,0,0,1,0,0,0,1,0,0,1380,0.001725,3966,0.03966,2,2e-05,0.041405,37.07700228691101
BenchmarkTest01025.java,0,CWE-22,CWE-23,0,0,1,0,0,0,1,0,0,0,1335,0.00166875,1354,0.01354,2,2e-05,0.01522875,12.53479528427124
BenchmarkTest01026.java,0,CWE-22,CWE-23,0,1,0,1,0,0,0,0,1,0,1644,0.002055,1504,0.01504,2,2e-05,0.017115,12.76427435874939
BenchmarkTest01027.java,0,CWE-22,CWE-23,0,1,0,1,0,0,0,0,1,0,1319,0.00164875,996,0.00996,2,2e-05,0.01162875,8.50078010559082
BenchmarkTest01028.java,0,CWE-22,CWE-23,0,1,0,1,0,0,0,0,1,0,1541,0.00192625,1503,0.01503,2,2e-05,0.01697625,12.849631547927856
BenchmarkTest01029.java,0,CWE-22,CWE-23,0,0,1,0,0,0,1,0,0,0,1513,0.00189125,1613,0.01613,2,2e-05,0.018041249999999998,16.614715099334717
BenchmarkTest01030.java,0,CWE-22,CWE-23,0,1,0,1,0,0,0,0,1,0,1573,0.00196625,931,0.00931,2,2e-05,0.01129625,8.82221794128418
BenchmarkTest01031.java,0,CWE-22,CWE-23,0,1,0,1,0,0,0,0,1,0,1485,0.00185625,1476,0.01476,2,2e-05,0.016636249999999998,13.622781991958618
BenchmarkTest01032.java,0,CWE-22,CWE-23,0,0,1,0,0,0,1,0,0,0,1382,0.0017275,1235,0.01235,2,2e-05,0.014097499999999999,12.504635572433472
BenchmarkTest01033.java,0,CWE-22,CWE-23,0,0,1,0,0,0,1,0,0,0,1377,0.00172125,1363,0.01363,2,2e-05,0.01537125,12.770979404449463
BenchmarkTest01034.java,0,CWE-22,CWE-23,0,0,1,0,0,0,1,0,0,0,1400,0.00175,1100,0.011,2,2e-05,0.012769999999999998,11.103280782699585
BenchmarkTest01035.java,0,CWE-22,CWE-23,0,1,0,1,0,0,0,0,1,0,1373,0.00171625,1661,0.01661,2,2e-05,0.018346249999999998,15.397348165512085
BenchmarkTest01036.java,0,CWE-22,CWE-23,0,1,0,1,0,0,0,0,1,0,1636,0.002045,1334,0.01334,2,2e-05,0.015404999999999999,11.738242626190186
BenchmarkTest01037.java,0,CWE-328,,,,0,0,1,0,0,0,1,0,,,,,,,,
BenchmarkTest01038.java,0,CWE-328,CWE-916,0,0,1,0,0,0,1,0,0,0,1381,0.00172625,845,0.00845,2,2e-05,0.010196249999999999,8.191001415252686
BenchmarkTest01039.java,0,CWE-328,,,,0,0,1,0,0,0,1,0,,,,,,,,
BenchmarkTest01040.java,0,CWE-328,,,,0,0,1,0,0,0,1,0,,,,,,,,
BenchmarkTest01041.java,0,CWE-328,,,,0,0,0,1,0,0,0,1,,,,,,,,
BenchmarkTest01042.java,0,CWE-328,,,,0,0,0,1,0,0,0,1,,,,,,,,
BenchmarkTest01043.java,0,CWE-328,,,,0,0,0,1,0,0,0,1,,,,,,,,
BenchmarkTest01044.java,0,CWE-328,,,,0,0,0,1,0,0,0,1,,,,,,,,
BenchmarkTest01045.java,0,CWE-328,,,,0,0,1,0,0,0,1,0,,,,,,,,
BenchmarkTest01046.java,0,CWE-79,CWE-79,1,0,1,0,0,0,1,0,0,0,1550,0.0019375,1016,0.01016,2,2e-05,0.0121175,9.093990564346313
BenchmarkTest01047.java,0,CWE-79,CWE-79,1,0,1,0,0,0,1,0,0,0,1493,0.00186625,1106,0.01106,2,2e-05,0.01294625,10.975927352905273
BenchmarkTest01048.java,0,CWE-79,CWE-79,1,0,0,1,0,0,0,1,0,0,1370,0.0017125,3371,0.03371,2,2e-05,0.035442499999999995,33.89949321746826
BenchmarkTest01049.java,0,CWE-79,CWE-79,1,0,1,0,0,0,1,0,0,0,1440,0.0018,1253,0.01253,2,2e-05,0.014349999999999998,12.389890432357788
BenchmarkTest01050.java,0,CWE-79,CWE-79,1,0,1,0,0,0,1,0,0,0,1363,0.00170375,887,0.00887,2,2e-05,0.010593749999999999,9.843035221099854
BenchmarkTest01051.java,0,CWE-79,CWE-79,1,1,0,1,0,0,0,0,1,0,1398,0.0017475,1097,0.01097,2,2e-05,0.012737499999999999,10.193554639816284
BenchmarkTest01052.java,0,CWE-79,CWE-79,1,1,0,1,0,0,0,0,1,0,1434,0.0017925,1625,0.01625,2,2e-05,0.0180625,13.610417366027832
BenchmarkTest01053.java,0,CWE-79,CWE-79,1,1,0,1,0,0,0,0,1,0,1373,0.00171625,1136,0.01136,2,2e-05,0.01309625,10.25042724609375
BenchmarkTest01054.java,0,CWE-79,CWE-79,1,1,0,1,0,0,0,0,1,0,1348,0.001685,726,0.00726,2,2e-05,0.008964999999999999,6.794673442840576
BenchmarkTest01055.java,0,CWE-79,CWE-79,1,0,1,0,0,0,1,0,0,0,1416,0.00177,1162,0.01162,2,2e-05,0.01341,10.651907920837402
BenchmarkTest01056.java,0,CWE-79,CWE-79,1,0,1,0,0,0,1,0,0,0,1405,0.00175625,980,0.0098,2,2e-05,0.01157625,9.446359872817993
BenchmarkTest01057.java,0,CWE-79,CWE-79,1,0,1,0,0,0,1,0,0,0,1370,0.0017125,1072,0.01072,2,2e-05,0.0124525,10.71823000907898
BenchmarkTest01058.java,0,CWE-330,CWE-330,1,0,1,0,0,0,1,0,0,0,1427,0.00178375,530,0.0053,2,2e-05,0.00710375,5.648627996444702
BenchmarkTest01059.java,0,CWE-330,CWE-330,1,0,1,0,0,0,1,0,0,0,1415,0.00176875,613,0.00613,2,2e-05,0.007918749999999999,6.991644620895386
BenchmarkTest01060.java,0,CWE-330,CWE-330,1,0,1,0,0,0,1,0,0,0,1460,0.001825,613,0.00613,2,2e-05,0.007975,6.192084074020386
BenchmarkTest01061.java,0,CWE-614,CWE-614,1,0,1,0,0,0,1,0,0,0,1189,0.00148625,533,0.00533,2,2e-05,0.0068362499999999994,5.091116428375244
BenchmarkTest01062.java,0,CWE-614,,,,0,0,1,0,0,0,1,0,,,,,,,,
BenchmarkTest01063.java,0,CWE-79,CWE-79,1,0,1,0,0,0,1,0,0,0,1683,0.00210375,1382,0.01382,2,2e-05,0.01594375,12.674871921539307
BenchmarkTest01064.java,0,CWE-78,CWE-78,1,0,1,0,0,0,1,0,0,0,1162,0.0014525,971,0.00971,2,2e-05,0.0111825,8.686702013015747
BenchmarkTest01065.java,0,CWE-78,CWE-78,1,1,0,1,0,0,0,0,1,0,1197,0.00149625,1382,0.01382,2,2e-05,0.01533625,11.957754135131836
BenchmarkTest01066.java,0,CWE-78,CWE-78,1,0,1,0,0,0,1,0,0,0,1028,0.001285,1305,0.01305,2,2e-05,0.014355,11.87941026687622
BenchmarkTest01067.java,0,CWE-78,CWE-78,1,1,0,1,0,0,0,0,1,0,1035,0.00129375,2343,0.02343,2,2e-05,0.02474375,21.64411687850952
BenchmarkTest01068.java,0,CWE-78,CWE-78,1,1,0,1,0,0,0,0,1,0,1105,0.00138125,925,0.00925,2,2e-05,0.01065125,8.148919343948364
BenchmarkTest01069.java,0,CWE-330,,,,0,0,1,0,0,0,1,0,,,,,,,,
BenchmarkTest01070.java,0,CWE-330,,,,0,0,1,0,0,0,1,0,,,,,,,,
BenchmarkTest01071.java,0,CWE-330,,,,0,0,1,0,0,0,1,0,,,,,,,,
BenchmarkTest01072.java,0,CWE-330,CWE-330,1,0,0,1,0,0,0,1,0,0,1536,0.00192,2157,0.02157,2,2e-05,0.02351,20.291661739349365
BenchmarkTest01073.java,0,CWE-330,,,,0,0,1,0,0,0,1,0,,,,,,,,
BenchmarkTest01074.java,0,CWE-330,,,,0,0,1,0,0,0,1,0,,,,,,,,
BenchmarkTest01075.java,0,CWE-330,,,,0,0,1,0,0,0,1,0,,,,,,,,
BenchmarkTest01076.java,0,CWE-330,,,,0,0,1,0,0,0,1,0,,,,,,,,
BenchmarkTest01077.java,0,CWE-330,,,,0,0,1,0,0,0,1,0,,,,,,,,
BenchmarkTest01078.java,0,CWE-330,,,,0,0,1,0,0,0,1,0,,,,,,,,
BenchmarkTest01079.java,0,CWE-330,,,,0,0,1,0,0,0,1,0,,,,,,,,
BenchmarkTest01083.java,0,CWE-89,CWE-89,1,0,1,0,0,0,1,0,0,0,1008,0.00126,959,0.00959,2,2e-05,0.01087,8.628439664840698
BenchmarkTest01084.java,0,CWE-89,CWE-89,1,0,1,0,0,0,1,0,0,0,1037,0.00129625,1020,0.0102,2,2e-05,0.01151625,9.67464017868042
BenchmarkTest01085.java,0,CWE-89,,,,0,0,1,0,0,0,1,0,,,,,,,,
BenchmarkTest01086.java,0,CWE-89,,,,0,0,1,0,0,0,1,0,,,,,,,,
BenchmarkTest01087.java,0,CWE-89,,,,0,0,0,1,0,0,0,1,,,,,,,,
BenchmarkTest01088.java,0,CWE-89,,,,0,0,0,1,0,0,0,1,,,,,,,,
BenchmarkTest01089.java,0,CWE-89,,,,0,0,1,0,0,0,1,0,,,,,,,,
BenchmarkTest01090.java,0,CWE-89,CWE-89,1,0,1,0,0,0,1,0,0,0,1087,0.00135875,774,0.00774,2,2e-05,0.00911875,7.424954891204834
BenchmarkTest01091.java,0,CWE-89,CWE-89,1,0,1,0,0,0,1,0,0,0,1034,0.0012925,920,0.0092,2,2e-05,0.0105125,8.586976766586304
BenchmarkTest01092.java,0,CWE-89,CWE-89,1,0,0,1,0,0,0,1,0,0,1001,0.00125125,3647,0.03647,2,2e-05,0.037741250000000004,34.047428369522095
BenchmarkTest01093.java,0,CWE-89,CWE-89,1,0,1,0,0,0,1,0,0,0,1083,0.00135375,799,0.00799,2,2e-05,0.00936375,7.606129169464111
BenchmarkTest01094.java,0,CWE-89,CWE-89,1,0,1,0,0,0,1,0,0,0,961,0.00120125,930,0.0093,2,2e-05,0.01052125,8.210065603256226
BenchmarkTest01095.java,0,CWE-89,CWE-89,1,1,0,1,0,0,0,0,1,0,1004,0.001255,1098,0.01098,2,2e-05,0.012254999999999999,8.96544075012207
BenchmarkTest01096.java,0,CWE-89,CWE-89,1,1,0,1,0,0,0,0,1,0,1059,0.00132375,1332,0.01332,2,2e-05,0.01466375,11.511919736862183
BenchmarkTest01097.java,0,CWE-89,CWE-89,1,0,1,0,0,0,1,0,0,0,1005,0.00125625,1020,0.0102,2,2e-05,0.01147625,10.252065420150757
BenchmarkTest01098.java,0,CWE-89,CWE-89,1,1,0,1,0,0,0,0,1,0,1051,0.00131375,1450,0.0145,2,2e-05,0.01583375,12.028570890426636
BenchmarkTest01099.java,0,CWE-327,CWE-327,1,0,1,0,0,0,1,0,0,0,2001,0.00250125,411,0.00411,2,2e-05,0.00663125,5.082264423370361
BenchmarkTest01100.java,0,CWE-327,,,,0,0,1,0,0,0,1,0,,,,,,,,
BenchmarkTest01101.java,0,CWE-327,,,,0,0,1,0,0,0,1,0,,,,,,,,
BenchmarkTest01102.java,0,CWE-327,CWE-327,1,0,1,0,0,0,1,0,0,0,1603,0.00200375,353,0.00353,2,2e-05,0.0055537500000000005,4.568041563034058
BenchmarkTest01103.java,0,CWE-327,CWE-327,1,0,1,0,0,0,1,0,0,0,1593,0.00199125,479,0.00479,2,2e-05,0.00680125,4.690334796905518
BenchmarkTest01104.java,0,CWE-327,,,,0,0,1,0,0,0,1,0,,,,,,,,
BenchmarkTest01105.java,0,CWE-327,CWE-327,1,0,1,0,0,0,1,0,0,0,1456,0.00182,710,0.0071,2,2e-05,0.00894,6.876447916030884
BenchmarkTest01106.java,0,CWE-327,CWE-327,1,0,1,0,0,0,1,0,0,0,1472,0.00184,554,0.00554,2,2e-05,0.0073999999999999995,5.340794563293457
BenchmarkTest01107.java,0,CWE-327,CWE-327,1,0,1,0,0,0,1,0,0,0,1505,0.00188125,544,0.00544,2,2e-05,0.0073412500000000006,5.217305660247803
BenchmarkTest01108.java,0,CWE-327,,,,0,0,1,0,0,0,1,0,,,,,,,,
BenchmarkTest01109.java,0,CWE-22,CWE-23,0,1,0,1,0,0,0,0,1,0,1715,0.00214375,1449,0.01449,2,2e-05,0.01665375,12.800950050354004
BenchmarkTest01110.java,0,CWE-22,CWE-23,0,1,0,1,0,0,0,0,1,0,1621,0.00202625,961,0.00961,2,2e-05,0.01165625,9.07561731338501
BenchmarkTest01111.java,0,CWE-22,CWE-23,0,0,1,0,0,0,1,0,0,0,1508,0.001885,1346,0.01346,2,2e-05,0.015364999999999998,11.265757083892822
BenchmarkTest01112.java,0,CWE-22,CWE-23,0,0,1,0,0,0,1,0,0,0,1580,0.001975,1166,0.01166,2,2e-05,0.013655,9.924813508987427
BenchmarkTest01113.java,0,CWE-22,CWE-23,0,1,0,1,0,0,0,0,1,0,1552,0.00194,830,0.0083,2,2e-05,0.01026,7.473633289337158
BenchmarkTest01114.java,0,CWE-22,CWE-23,0,1,0,1,0,0,0,0,1,0,1772,0.002215,1415,0.01415,2,2e-05,0.016384999999999997,13.007029294967651
BenchmarkTest01115.java,0,CWE-22,CWE-23,0,1,0,1,0,0,0,0,1,0,1767,0.00220875,1609,0.01609,2,2e-05,0.018318749999999998,13.606874465942383
BenchmarkTest01116.java,0,CWE-22,CWE-23,0,0,1,0,0,0,1,0,0,0,1434,0.0017925,1154,0.01154,2,2e-05,0.0133525,10.904346227645874
BenchmarkTest01117.java,0,CWE-22,CWE-23,0,0,1,0,0,0,1,0,0,0,1422,0.0017775,912,0.00912,2,2e-05,0.010917499999999998,9.063788652420044
BenchmarkTest01118.java,0,CWE-22,CWE-23,0,1,0,1,0,0,0,0,1,0,1712,0.00214,1236,0.01236,2,2e-05,0.014519999999999998,11.368733882904053
BenchmarkTest01119.java,0,CWE-330,CWE-330,1,0,1,0,0,0,1,0,0,0,1557,0.00194625,796,0.00796,2,2e-05,0.00992625,7.369492053985596
BenchmarkTest01120.java,0,CWE-328,,,,0,0,1,0,0,0,1,0,,,,,,,,
BenchmarkTest01121.java,0,CWE-328,,,,0,0,1,0,0,0,1,0,,,,,,,,
BenchmarkTest01122.java,0,CWE-328,,,,0,0,1,0,0,0,1,0,,,,,,,,
BenchmarkTest01123.java,0,CWE-328,CWE-916,0,0,1,0,0,0,1,0,0,0,1538,0.0019225,967,0.00967,2,2e-05,0.0116125,9.2036612033844
BenchmarkTest01124.java,0,CWE-328,,,,0,0,0,1,0,0,0,1,,,,,,,,
BenchmarkTest01125.java,0,CWE-328,,,,0,0,1,0,0,0,1,0,,,,,,,,
BenchmarkTest01126.java,0,CWE-328,,,,0,0,1,0,0,0,1,0,,,,,,,,
BenchmarkTest01127.java,0,CWE-330,CWE-330,1,0,1,0,0,0,1,0,0,0,1484,0.001855,756,0.00756,2,2e-05,0.009434999999999999,7.693739175796509
BenchmarkTest01128.java,0,CWE-330,CWE-330,1,0,1,0,0,0,1,0,0,0,1496,0.00187,771,0.00771,2,2e-05,0.0096,7.335089921951294
BenchmarkTest01129.java,0,CWE-330,CWE-330,1,0,1,0,0,0,1,0,0,0,1454,0.0018175,768,0.00768,2,2e-05,0.0095175,7.405136823654175
BenchmarkTest01130.java,0,CWE-330,CWE-330,1,0,1,0,0,0,1,0,0,0,1480,0.00185,745,0.00745,2,2e-05,0.009319999999999998,6.579723596572876
BenchmarkTest01131.java,0,CWE-330,CWE-330,1,0,1,0,0,0,1,0,0,0,1446,0.0018075,616,0.00616,2,2e-05,0.007987499999999998,7.190715312957764
BenchmarkTest01132.java,0,CWE-330,CWE-330,1,0,1,0,0,0,1,0,0,0,1525,0.00190625,789,0.00789,2,2e-05,0.009816249999999999,8.881633758544922
BenchmarkTest01133.java,0,CWE-330,CWE-330,1,0,1,0,0,0,1,0,0,0,1426,0.0017825,655,0.00655,2,2e-05,0.008352499999999999,8.675009489059448
BenchmarkTest01134.java,0,CWE-614,CWE-614,1,0,1,0,0,0,1,0,0,0,1288,0.00161,645,0.00645,2,2e-05,0.008079999999999999,6.377054214477539
BenchmarkTest01135.java,0,CWE-330,,,,0,0,1,0,0,0,1,0,,,,,,,,
BenchmarkTest01136.java,0,CWE-330,,,,0,0,1,0,0,0,1,0,,,,,,,,
BenchmarkTest01137.java,0,CWE-330,,,,0,0,1,0,0,0,1,0,,,,,,,,
BenchmarkTest01138.java,0,CWE-330,,,,0,0,1,0,0,0,1,0,,,,,,,,
BenchmarkTest01139.java,0,CWE-330,,,,0,0,1,0,0,0,1,0,,,,,,,,
BenchmarkTest01140.java,0,CWE-330,,,,0,0,1,0,0,0,1,0,,,,,,,,
BenchmarkTest01141.java,0,CWE-330,,,,0,0,1,0,0,0,1,0,,,,,,,,
BenchmarkTest01147.java,0,CWE-327,,,,0,0,1,0,0,0,1,0,,,,,,,,
BenchmarkTest01148.java,0,CWE-327,CWE-327,1,0,1,0,0,0,1,0,0,0,1914,0.0023925,372,0.00372,2,2e-05,0.0061325,3.7952120304107666
BenchmarkTest01149.java,0,CWE-327,CWE-327,1,0,1,0,0,0,1,0,0,0,1980,0.002475,370,0.0037,2,2e-05,0.006195,4.026907205581665
BenchmarkTest01150.java,0,CWE-327,CWE-327,1,0,1,0,0,0,1,0,0,0,1511,0.00188875,498,0.00498,2,2e-05,0.00688875,5.158502817153931
BenchmarkTest01151.java,0,CWE-327,,,,0,0,1,0,0,0,1,0,,,,,,,,
BenchmarkTest01152.java,0,CWE-327,,,,0,0,1,0,0,0,1,0,,,,,,,,
BenchmarkTest01153.java,0,CWE-327,,,,0,0,1,0,0,0,1,0,,,,,,,,
BenchmarkTest01154.java,0,CWE-90,CWE-90,1,1,0,1,0,0,0,0,1,0,1448,0.00181,1172,0.01172,2,2e-05,0.01355,10.889554738998413
BenchmarkTest01155.java,0,CWE-22,CWE-23,0,0,1,0,0,0,1,0,0,0,1382,0.0017275,1221,0.01221,2,2e-05,0.0139575,10.582139253616333
BenchmarkTest01156.java,0,CWE-22,CWE-23,0,0,1,0,0,0,1,0,0,0,1591,0.00198875,1122,0.01122,2,2e-05,0.013228750000000001,10.807977676391602
BenchmarkTest01157.java,0,CWE-22,CWE-23,0,0,1,0,0,0,1,0,0,0,1575,0.00196875,1210,0.0121,2,2e-05,0.014088749999999999,11.162891149520874
BenchmarkTest01158.java,0,CWE-22,CWE-23,0,1,0,1,0,0,0,0,1,0,1502,0.0018775,1410,0.0141,2,2e-05,0.015997499999999998,12.499606847763062
BenchmarkTest01159.java,0,CWE-22,CWE-23,0,1,0,1,0,0,0,0,1,0,1780,0.002225,1810,0.0181,2,2e-05,0.020345000000000002,15.738648414611816
BenchmarkTest01160.java,0,CWE-22,CWE-23,0,1,0,1,0,0,0,0,1,0,1396,0.001745,1005,0.01005,2,2e-05,0.011814999999999999,8.961581230163574
BenchmarkTest01161.java,0,CWE-22,CWE-23,0,0,1,0,0,0,1,0,0,0,1428,0.001785,1068,0.01068,2,2e-05,0.012485,9.253913640975952
BenchmarkTest01162.java,0,CWE-330,CWE-330,1,0,1,0,0,0,1,0,0,0,1535,0.00191875,682,0.00682,2,2e-05,0.00875875,6.489557504653931
BenchmarkTest01163.java,0,CWE-330,CWE-330,1,0,1,0,0,0,1,0,0,0,1439,0.00179875,715,0.00715,2,2e-05,0.00896875,6.810537815093994
BenchmarkTest01164.java,0,CWE-328,,,,0,0,1,0,0,0,1,0,,,,,,,,
BenchmarkTest01165.java,0,CWE-328,CWE-916,0,0,1,0,0,0,1,0,0,0,1780,0.002225,1150,0.0115,2,2e-05,0.013744999999999999,10.965843677520752
BenchmarkTest01166.java,0,CWE-328,CWE-916,0,0,1,0,0,0,1,0,0,0,1492,0.001865,726,0.00726,2,2e-05,0.009144999999999999,7.857164621353149
BenchmarkTest01167.java,0,CWE-328,CWE-916,0,0,1,0,0,0,1,0,0,0,1447,0.00180875,772,0.00772,2,2e-05,0.00954875,8.124539375305176
BenchmarkTest01168.java,0,CWE-328,,,,0,0,0,1,0,0,0,1,,,,,,,,
BenchmarkTest01169.java,0,CWE-328,,,,0,0,1,0,0,0,1,0,,,,,,,,
BenchmarkTest01170.java,0,CWE-328,,,,0,0,1,0,0,0,1,0,,,,,,,,
BenchmarkTest01171.java,0,CWE-79,CWE-79,1,0,1,0,0,0,1,0,0,0,1446,0.0018075,1386,0.01386,2,2e-05,0.0156875,12.576463222503662
BenchmarkTest01172.java,0,CWE-79,CWE-79,1,0,1,0,0,0,1,0,0,0,1494,0.0018675,1028,0.01028,2,2e-05,0.012167499999999998,8.9568932056427
BenchmarkTest01173.java,0,CWE-79,CWE-79,1,0,1,0,0,0,1,0,0,0,1430,0.0017875,999,0.00999,2,2e-05,0.011797499999999999,8.812235116958618
BenchmarkTest01174.java,0,CWE-79,CWE-79,1,0,1,0,0,0,1,0,0,0,1385,0.00173125,1017,0.01017,2,2e-05,0.01192125,9.175483465194702
BenchmarkTest01175.java,0,CWE-79,CWE-79,1,1,0,1,0,0,0,0,1,0,1400,0.00175,978,0.00978,2,2e-05,0.01155,9.635093450546265
BenchmarkTest01176.java,0,CWE-79,CWE-79,1,1,0,1,0,0,0,0,1,0,1483,0.00185375,1205,0.01205,2,2e-05,0.013923749999999999,10.871227264404297
BenchmarkTest01177.java,0,CWE-79,CWE-79,1,0,1,0,0,0,1,0,0,0,1490,0.0018625,1022,0.01022,2,2e-05,0.012102499999999999,8.871510028839111
BenchmarkTest01178.java,0,CWE-79,CWE-79,1,0,1,0,0,0,1,0,0,0,1379,0.00172375,1131,0.01131,2,2e-05,0.01305375,10.047661304473877
BenchmarkTest01179.java,0,CWE-79,CWE-79,1,0,1,0,0,0,1,0,0,0,1364,0.001705,1214,0.01214,2,2e-05,0.013864999999999999,11.983031511306763
BenchmarkTest01180.java,0,CWE-79,CWE-79,1,1,0,1,0,0,0,0,1,0,1451,0.00181375,1206,0.01206,2,2e-05,0.013893749999999998,11.492915630340576
BenchmarkTest01181.java,0,CWE-79,CWE-79,1,0,1,0,0,0,1,0,0,0,1420,0.001775,1276,0.01276,2,2e-05,0.014555,12.534955978393555
BenchmarkTest01182.java,0,CWE-78,CWE-78,1,1,0,1,0,0,0,0,1,0,1185,0.00148125,1618,0.01618,2,2e-05,0.01768125,14.409206628799438
BenchmarkTest01183.java,0,CWE-330,CWE-330,1,0,1,0,0,0,1,0,0,0,1502,0.0018775,730,0.0073,2,2e-05,0.009197499999999999,6.825044631958008
BenchmarkTest01184.java,0,CWE-330,CWE-330,1,0,1,0,0,0,1,0,0,0,1403,0.00175375,747,0.00747,2,2e-05,0.009243749999999998,7.7882843017578125
BenchmarkTest01185.java,0,CWE-614,CWE-614,1,0,1,0,0,0,1,0,0,0,1204,0.001505,864,0.00864,2,2e-05,0.010164999999999999,8.676918506622314
BenchmarkTest01186.java,0,CWE-614,CWE-614,1,0,1,0,0,0,1,0,0,0,1136,0.00142,684,0.00684,2,2e-05,0.00828,6.413692474365234
BenchmarkTest01187.java,0,CWE-614,CWE-614,1,0,1,0,0,0,1,0,0,0,1137,0.00142125,811,0.00811,2,2e-05,0.009551249999999999,8.217846155166626
BenchmarkTest01188.java,0,CWE-79,CWE-79,1,1,0,1,0,0,0,0,1,0,1368,0.00171,955,0.00955,2,2e-05,0.011279999999999998,9.00527024269104
BenchmarkTest01189.java,0,CWE-78,CWE-78,1,1,0,1,0,0,0,0,1,0,1211,0.00151375,1307,0.01307,2,2e-05,0.014603749999999999,11.327992916107178
BenchmarkTest01190.java,0,CWE-78,CWE-78,1,0,1,0,0,0,1,0,0,0,1014,0.0012675,1650,0.0165,2,2e-05,0.0177875,15.429810285568237
BenchmarkTest01191.java,0,CWE-78,CWE-78,1,0,1,0,0,0,1,0,0,0,1015,0.00126875,1232,0.01232,2,2e-05,0.01360875,12.583160400390625
BenchmarkTest01192.java,0,CWE-78,CWE-78,1,0,1,0,0,0,1,0,0,0,1020,0.001275,1150,0.0115,2,2e-05,0.012794999999999999,11.607724905014038
BenchmarkTest01193.java,0,CWE-78,CWE-78,1,1,0,1,0,0,0,0,1,0,1225,0.00153125,1337,0.01337,2,2e-05,0.014921249999999999,12.996366262435913
BenchmarkTest01194.java,0,CWE-78,CWE-78,1,0,1,0,0,0,1,0,0,0,1172,0.001465,1035,0.01035,2,2e-05,0.011834999999999998,10.556367635726929
BenchmarkTest01195.java,0,CWE-330,,,,0,0,1,0,0,0,1,0,,,,,,,,
BenchmarkTest01196.java,0,CWE-330,CWE-330,1,0,0,1,0,0,0,1,0,0,1496,0.00187,2052,0.02052,2,2e-05,0.02241,21.065408945083618
BenchmarkTest01197.java,0,CWE-330,,,,0,0,1,0,0,0,1,0,,,,,,,,
BenchmarkTest01198.java,0,CWE-330,,,,0,0,1,0,0,0,1,0,,,,,,,,
BenchmarkTest01199.java,0,CWE-330,,,,0,0,1,0,0,0,1,0,,,,,,,,
BenchmarkTest01200.java,0,CWE-330,,,,0,0,1,0,0,0,1,0,,,,,,,,
BenchmarkTest01201.java,0,CWE-330,,,,0,0,1,0,0,0,1,0,,,,,,,,
BenchmarkTest01202.java,0,CWE-330,,,,0,0,1,0,0,0,1,0,,,,,,,,
BenchmarkTest01208.java,0,CWE-89,CWE-89,1,0,1,0,0,0,1,0,0,0,1063,0.00132875,970,0.0097,2,2e-05,0.01104875,9.530209302902222
BenchmarkTest01209.java,0,CWE-89,CWE-89,1,0,1,0,0,0,1,0,0,0,1085,0.00135625,1059,0.01059,2,2e-05,0.01196625,9.331375122070312
BenchmarkTest01210.java,0,CWE-89,CWE-89,1,0,1,0,0,0,1,0,0,0,1144,0.00143,1069,0.01069,2,2e-05,0.01214,9.57993483543396
BenchmarkTest01211.java,0,CWE-89,CWE-89,1,0,1,0,0,0,1,0,0,0,1039,0.00129875,898,0.00898,2,2e-05,0.010298749999999999,8.47154951095581
BenchmarkTest01212.java,0,CWE-89,CWE-89,1,1,0,1,0,0,0,0,1,0,1092,0.001365,1339,0.01339,2,2e-05,0.014775,12.578341484069824
BenchmarkTest01213.java,0,CWE-89,CWE-89,1,1,0,1,0,0,0,0,1,0,1045,0.00130625,970,0.0097,2,2e-05,0.01102625,9.583041667938232
BenchmarkTest01214.java,0,CWE-89,CWE-89,1,0,1,0,0,0,1,0,0,0,1096,0.00137,909,0.00909,2,2e-05,0.01048,9.092291593551636
BenchmarkTest01215.java,0,CWE-89,,,,0,0,1,0,0,0,1,0,,,,,,,,
BenchmarkTest01216.java,0,CWE-89,CWE-89,1,1,0,1,0,0,0,0,1,0,1065,0.00133125,1256,0.01256,2,2e-05,0.01391125,12.63471794128418
BenchmarkTest01217.java,0,CWE-89,CWE-89,1,1,0,1,0,0,0,0,1,0,1343,0.00167875,1502,0.01502,2,2e-05,0.01671875,12.824297904968262
BenchmarkTest01218.java,0,CWE-89,CWE-89,1,1,0,1,0,0,0,0,1,0,1024,0.00128,1059,0.01059,2,2e-05,0.01189,9.999850511550903
BenchmarkTest01219.java,0,CWE-89,CWE-89,1,1,0,1,0,0,0,0,1,0,1121,0.00140125,834,0.00834,2,2e-05,0.009761249999999999,7.696204662322998
BenchmarkTest01220.java,0,CWE-89,CWE-89,1,1,0,1,0,0,0,0,1,0,1009,0.00126125,1022,0.01022,2,2e-05,0.01150125,8.879521131515503
BenchmarkTest01221.java,0,CWE-89,CWE-89,1,0,1,0,0,0,1,0,0,0,1052,0.001315,966,0.00966,2,2e-05,0.010995,8.678494930267334
BenchmarkTest01222.java,0,CWE-89,CWE-89,1,0,1,0,0,0,1,0,0,0,1104,0.00138,862,0.00862,2,2e-05,0.010019999999999998,8.262845039367676
BenchmarkTest01223.java,0,CWE-643,CWE-643,1,0,1,0,0,0,1,0,0,0,1303,0.00162875,980,0.0098,2,2e-05,0.011448749999999999,8.581115007400513
BenchmarkTest01224.java,0,CWE-643,CWE-643,1,0,1,0,0,0,1,0,0,0,1160,0.00145,960,0.0096,2,2e-05,0.011069999999999998,10.837032318115234
BenchmarkTest01225.java,0,CWE-643,CWE-643,1,1,0,1,0,0,0,0,1,0,1117,0.00139625,1046,0.01046,2,2e-05,0.01187625,9.52730417251587
BenchmarkTest01226.java,0,CWE-327,,,,0,0,1,0,0,0,1,0,,,,,,,,
BenchmarkTest01227.java,0,CWE-327,,,,0,0,1,0,0,0,1,0,,,,,,,,
BenchmarkTest01228.java,0,CWE-327,CWE-327,1,0,1,0,0,0,1,0,0,0,1380,0.001725,467,0.00467,2,2e-05,0.006415,6.042209148406982
BenchmarkTest01229.java,0,CWE-327,CWE-327,1,0,1,0,0,0,1,0,0,0,1418,0.0017725,415,0.00415,2,2e-05,0.0059425,5.690523624420166
BenchmarkTest01230.java,0,CWE-327,CWE-327,1,0,1,0,0,0,1,0,0,0,1387,0.00173375,565,0.00565,2,2e-05,0.00740375,6.853492498397827
BenchmarkTest01231.java,0,CWE-22,CWE-23,0,0,1,0,0,0,1,0,0,0,1397,0.00174625,1069,0.01069,2,2e-05,0.012456249999999999,9.904622554779053
BenchmarkTest01232.java,0,CWE-22,CWE-23,0,0,1,0,0,0,1,0,0,0,1312,0.00164,1512,0.01512,2,2e-05,0.01678,14.077578067779541
BenchmarkTest01233.java,0,CWE-22,CWE-23,0,1,0,1,0,0,0,0,1,0,1378,0.0017225,950,0.0095,2,2e-05,0.011242499999999999,9.251105546951294
BenchmarkTest01234.java,0,CWE-22,CWE-23,0,0,1,0,0,0,1,0,0,0,1303,0.00162875,1299,0.01299,2,2e-05,0.014638749999999999,11.437225580215454
BenchmarkTest01235.java,0,CWE-22,CWE-23,0,0,1,0,0,0,1,0,0,0,1542,0.0019275,1294,0.01294,2,2e-05,0.0148875,11.31723690032959
BenchmarkTest01236.java,0,CWE-22,CWE-23,0,0,1,0,0,0,1,0,0,0,1457,0.00182125,1531,0.01531,2,2e-05,0.01715125,13.90428352355957
BenchmarkTest01237.java,0,CWE-22,CWE-23,0,1,0,1,0,0,0,0,1,0,1463,0.00182875,1025,0.01025,2,2e-05,0.01209875,8.962700605392456
BenchmarkTest01238.java,0,CWE-22,CWE-23,0,0,1,0,0,0,1,0,0,0,1389,0.00173625,1010,0.0101,2,2e-05,0.011856249999999999,9.596524000167847
BenchmarkTest01239.java,0,CWE-22,CWE-23,0,1,0,1,0,0,0,0,1,0,1341,0.00167625,1608,0.01608,2,2e-05,0.01777625,13.968361377716064
BenchmarkTest01240.java,0,CWE-22,CWE-23,0,1,0,1,0,0,0,0,1,0,1390,0.0017375,1246,0.01246,2,2e-05,0.0142175,10.557543992996216
BenchmarkTest01241.java,0,CWE-90,CWE-90,1,0,1,0,0,0,1,0,0,0,1404,0.001755,997,0.00997,2,2e-05,0.011744999999999998,9.987090110778809
BenchmarkTest01242.java,0,CWE-90,CWE-90,1,0,1,0,0,0,1,0,0,0,1365,0.00170625,1521,0.01521,2,2e-05,0.01693625,14.06149935722351
BenchmarkTest01243.java,0,CWE-90,CWE-90,1,0,1,0,0,0,1,0,0,0,1341,0.00167625,871,0.00871,2,2e-05,0.01040625,8.397528409957886
BenchmarkTest01244.java,0,CWE-328,CWE-916,0,0,1,0,0,0,1,0,0,0,1446,0.0018075,507,0.00507,2,2e-05,0.0068975,5.2758402824401855
BenchmarkTest01245.java,0,CWE-328,,,,0,0,1,0,0,0,1,0,,,,,,,,
BenchmarkTest01246.java,0,CWE-328,CWE-916,0,0,1,0,0,0,1,0,0,0,1479,0.00184875,619,0.00619,2,2e-05,0.00805875,6.411064386367798
BenchmarkTest01247.java,0,CWE-328,CWE-916,0,0,1,0,0,0,1,0,0,0,1326,0.0016575,747,0.00747,2,2e-05,0.0091475,7.27742862701416
BenchmarkTest01248.java,0,CWE-328,,,,0,0,0,1,0,0,0,1,,,,,,,,
BenchmarkTest01249.java,0,CWE-328,,,,0,0,1,0,0,0,1,0,,,,,,,,
BenchmarkTest01250.java,0,CWE-328,,,,0,0,1,0,0,0,1,0,,,,,,,,
BenchmarkTest01251.java,0,CWE-79,CWE-79,1,1,0,1,0,0,0,0,1,0,1402,0.0017525,897,0.00897,2,2e-05,0.0107425,8.500766038894653
BenchmarkTest01252.java,0,CWE-79,CWE-79,1,0,0,1,0,0,0,1,0,0,1433,0.00179125,1605,0.01605,2,2e-05,0.01786125,15.774203300476074
BenchmarkTest01253.java,0,CWE-79,CWE-79,1,0,1,0,0,0,1,0,0,0,1438,0.0017975,1001,0.01001,2,2e-05,0.0118275,8.781187772750854
BenchmarkTest01254.java,0,CWE-79,CWE-79,1,0,1,0,0,0,1,0,0,0,1648,0.00206,1514,0.01514,2,2e-05,0.01722,14.230849742889404
BenchmarkTest01255.java,0,CWE-79,CWE-79,1,1,0,1,0,0,0,0,1,0,1325,0.00165625,640,0.0064,2,2e-05,0.00807625,5.647099494934082
BenchmarkTest01256.java,0,CWE-79,CWE-79,1,1,0,1,0,0,0,0,1,0,1407,0.00175875,1322,0.01322,2,2e-05,0.01499875,12.967519283294678
BenchmarkTest01257.java,0,CWE-79,CWE-79,1,0,1,0,0,0,1,0,0,0,1339,0.00167375,1162,0.01162,2,2e-05,0.01331375,11.910843849182129
BenchmarkTest01258.java,0,CWE-79,CWE-79,1,0,1,0,0,0,1,0,0,0,1405,0.00175625,1015,0.01015,2,2e-05,0.01192625,10.212159872055054
BenchmarkTest01259.java,0,CWE-79,CWE-79,1,0,1,0,0,0,1,0,0,0,1448,0.00181,1096,0.01096,2,2e-05,0.01279,10.345841407775879
BenchmarkTest01260.java,0,CWE-79,CWE-79,1,0,1,0,0,0,1,0,0,0,1348,0.001685,1000,0.01,2,2e-05,0.011705,8.960839986801147
BenchmarkTest01261.java,0,CWE-79,CWE-79,1,0,1,0,0,0,1,0,0,0,1648,0.00206,1497,0.01497,2,2e-05,0.01705,13.494523525238037
BenchmarkTest01262.java,0,CWE-79,CWE-79,1,0,1,0,0,0,1,0,0,0,1344,0.00168,839,0.00839,2,2e-05,0.010089999999999998,8.338825941085815
BenchmarkTest01263.java,0,CWE-79,CWE-79,1,0,1,0,0,0,1,0,0,0,1413,0.00176625,1170,0.0117,2,2e-05,0.01348625,10.183902025222778
BenchmarkTest01264.java,0,CWE-79,CWE-79,1,1,0,1,0,0,0,0,1,0,1318,0.0016475,1189,0.01189,2,2e-05,0.013557499999999998,11.719850540161133
BenchmarkTest01265.java,0,CWE-79,CWE-79,1,1,0,1,0,0,0,0,1,0,1380,0.001725,1413,0.01413,2,2e-05,0.015875,12.991018295288086
BenchmarkTest01266.java,0,CWE-79,CWE-79,1,0,1,0,0,0,1,0,0,0,1353,0.00169125,1132,0.01132,2,2e-05,0.01303125,10.498804807662964
BenchmarkTest01267.java,0,CWE-79,CWE-79,1,0,1,0,0,0,1,0,0,0,1423,0.00177875,898,0.00898,2,2e-05,0.01077875,8.590950965881348
BenchmarkTest01268.java,0,CWE-79,CWE-79,1,0,1,0,0,0,1,0,0,0,1679,0.00209875,1472,0.01472,2,2e-05,0.01683875,13.623175859451294
BenchmarkTest01269.java,0,CWE-78,CWE-78,1,1,0,1,0,0,0,0,1,0,1085,0.00135625,991,0.00991,2,2e-05,0.01128625,9.245989322662354
BenchmarkTest01270.java,0,CWE-78,CWE-78,1,0,1,0,0,0,1,0,0,0,1077,0.00134625,996,0.00996,2,2e-05,0.01132625,9.531198740005493
BenchmarkTest01271.java,0,CWE-330,CWE-330,1,0,1,0,0,0,1,0,0,0,1683,0.00210375,679,0.00679,2,2e-05,0.00891375,7.407194137573242
BenchmarkTest01272.java,0,CWE-330,CWE-330,1,0,1,0,0,0,1,0,0,0,1340,0.001675,680,0.0068,2,2e-05,0.008494999999999999,6.605130910873413
BenchmarkTest01273.java,0,CWE-330,CWE-330,1,0,1,0,0,0,1,0,0,0,1363,0.00170375,898,0.00898,2,2e-05,0.01070375,8.38792610168457
BenchmarkTest01274.java,0,CWE-330,CWE-330,1,0,1,0,0,0,1,0,0,0,1320,0.00165,774,0.00774,2,2e-05,0.00941,7.023151874542236
BenchmarkTest01275.java,0,CWE-330,CWE-330,1,0,1,0,0,0,1,0,0,0,1349,0.00168625,821,0.00821,2,2e-05,0.00991625,7.473394393920898
BenchmarkTest01276.java,0,CWE-330,CWE-330,1,0,1,0,0,0,1,0,0,0,1656,0.00207,652,0.00652,2,2e-05,0.00861,6.826759576797485
BenchmarkTest01277.java,0,CWE-330,CWE-330,1,0,1,0,0,0,1,0,0,0,1353,0.00169125,666,0.00666,2,2e-05,0.00837125,7.484769105911255
BenchmarkTest01278.java,0,CWE-330,CWE-330,1,0,1,0,0,0,1,0,0,0,1357,0.00169625,668,0.00668,2,2e-05,0.00839625,7.377517223358154
BenchmarkTest01279.java,0,CWE-330,CWE-330,1,0,1,0,0,0,1,0,0,0,1361,0.00170125,737,0.00737,2,2e-05,0.009091249999999999,7.4695329666137695
BenchmarkTest01280.java,0,CWE-614,CWE-614,1,0,1,0,0,0,1,0,0,0,1128,0.00141,715,0.00715,2,2e-05,0.008579999999999999,7.038611888885498
BenchmarkTest01281.java,0,CWE-614,CWE-614,1,0,1,0,0,0,1,0,0,0,1092,0.001365,641,0.00641,2,2e-05,0.007795,7.262869596481323
BenchmarkTest01282.java,0,CWE-614,CWE-614,1,0,1,0,0,0,1,0,0,0,1117,0.00139625,611,0.00611,2,2e-05,0.00752625,7.4185099601745605
BenchmarkTest01283.java,0,CWE-614,CWE-614,1,0,1,0,0,0,1,0,0,0,1119,0.00139875,679,0.00679,2,2e-05,0.008208749999999999,6.7716686725616455
BenchmarkTest01284.java,0,CWE-79,CWE-79,1,0,1,0,0,0,1,0,0,0,1394,0.0017425,971,0.00971,2,2e-05,0.011472499999999998,10.165287256240845
BenchmarkTest01285.java,0,CWE-78,CWE-78,1,0,1,0,0,0,1,0,0,0,1089,0.00136125,1047,0.01047,2,2e-05,0.011851249999999999,9.073737621307373
BenchmarkTest01286.java,0,CWE-78,CWE-78,1,0,1,0,0,0,1,0,0,0,1210,0.0015125,1193,0.01193,2,2e-05,0.013462499999999999,10.909048795700073
BenchmarkTest01287.java,0,CWE-78,CWE-78,1,0,1,0,0,0,1,0,0,0,996,0.001245,1764,0.01764,2,2e-05,0.018904999999999998,18.639742136001587
BenchmarkTest01288.java,0,CWE-78,CWE-78,1,0,1,0,0,0,1,0,0,0,1063,0.00132875,1064,0.01064,2,2e-05,0.01198875,10.122315645217896
BenchmarkTest01289.java,0,CWE-78,CWE-78,1,1,0,1,0,0,0,0,1,0,1103,0.00137875,1545,0.01545,2,2e-05,0.01684875,13.435369968414307
BenchmarkTest01290.java,0,CWE-78,CWE-78,1,1,0,1,0,0,0,0,1,0,961,0.00120125,957,0.00957,2,2e-05,0.010791249999999999,8.36383867263794
BenchmarkTest01291.java,0,CWE-330,,,,0,0,1,0,0,0,1,0,,,,,,,,
BenchmarkTest01292.java,0,CWE-330,,,,0,0,1,0,0,0,1,0,,,,,,,,
BenchmarkTest01293.java,0,CWE-330,,,,0,0,1,0,0,0,1,0,,,,,,,,
BenchmarkTest01294.java,0,CWE-330,,,,0,0,1,0,0,0,1,0,,,,,,,,
BenchmarkTest01295.java,0,CWE-330,,,,0,0,1,0,0,0,1,0,,,,,,,,
BenchmarkTest01296.java,0,CWE-330,,,,0,0,1,0,0,0,1,0,,,,,,,,
BenchmarkTest01297.java,0,CWE-330,,,,0,0,1,0,0,0,1,0,,,,,,,,
BenchmarkTest01298.java,0,CWE-330,,,,0,0,1,0,0,0,1,0,,,,,,,,
BenchmarkTest01301.java,0,CWE-89,CWE-89,1,1,0,1,0,0,0,0,1,0,1331,0.00166375,1365,0.01365,2,2e-05,0.01533375,11.737462043762207
BenchmarkTest01302.java,0,CWE-89,CWE-89,1,0,1,0,0,0,1,0,0,0,1057,0.00132125,1017,0.01017,2,2e-05,0.011511249999999999,9.716901063919067
BenchmarkTest01303.java,0,CWE-89,CWE-89,1,0,0,1,0,0,0,1,0,0,1043,0.00130375,7950,0.0795,2,2e-05,0.08082375000000001,73.74442410469055
BenchmarkTest01304.java,0,CWE-89,CWE-89,1,0,1,0,0,0,1,0,0,0,1075,0.00134375,1000,0.01,2,2e-05,0.011363749999999999,9.428671598434448
BenchmarkTest01305.java,0,CWE-89,CWE-89,1,1,0,1,0,0,0,0,1,0,999,0.00124875,925,0.00925,2,2e-05,0.010518749999999999,8.753034591674805
BenchmarkTest01306.java,0,CWE-89,CWE-89,1,0,1,0,0,0,1,0,0,0,1026,0.0012825,930,0.0093,2,2e-05,0.010602499999999999,9.19777774810791
BenchmarkTest01307.java,0,CWE-89,CWE-89,1,0,0,1,0,0,0,1,0,0,999,0.00124875,2587,0.02587,2,2e-05,0.02713875,23.895981550216675
BenchmarkTest01308.java,0,CWE-89,,,,0,0,0,1,0,0,0,1,,,,,,,,
BenchmarkTest01309.java,0,CWE-89,,,,0,0,1,0,0,0,1,0,,,,,,,,
BenchmarkTest01310.java,0,CWE-89,CWE-89,1,1,0,1,0,0,0,0,1,0,1006,0.0012575,1283,0.01283,2,2e-05,0.014107499999999999,10.953659296035767
BenchmarkTest01311.java,0,CWE-89,CWE-89,1,0,1,0,0,0,1,0,0,0,963,0.00120375,710,0.0071,2,2e-05,0.00832375,6.435849666595459
BenchmarkTest01312.java,0,CWE-89,CWE-89,1,0,1,0,0,0,1,0,0,0,1061,0.00132625,840,0.0084,2,2e-05,0.009746249999999998,7.957167863845825
BenchmarkTest01313.java,0,CWE-89,CWE-89,1,0,1,0,0,0,1,0,0,0,1006,0.0012575,1111,0.01111,2,2e-05,0.0123875,10.073477983474731
BenchmarkTest01314.java,0,CWE-89,CWE-89,1,0,1,0,0,0,1,0,0,0,967,0.00120875,806,0.00806,2,2e-05,0.009288749999999998,7.134082555770874
BenchmarkTest01315.java,0,CWE-89,CWE-89,1,1,0,1,0,0,0,0,1,0,975,0.00121875,971,0.00971,2,2e-05,0.010948749999999998,9.23640513420105
BenchmarkTest01316.java,0,CWE-643,CWE-643,1,0,1,0,0,0,1,0,0,0,1075,0.00134375,853,0.00853,2,2e-05,0.009893749999999998,7.9727888107299805
BenchmarkTest01317.java,0,CWE-327,CWE-327,1,0,1,0,0,0,1,0,0,0,1879,0.00234875,444,0.00444,2,2e-05,0.0068087500000000006,5.389183759689331
BenchmarkTest01318.java,0,CWE-327,CWE-327,1,0,1,0,0,0,1,0,0,0,2161,0.00270125,410,0.0041,2,2e-05,0.00682125,5.179370641708374
BenchmarkTest01319.java,0,CWE-327,,,,0,0,1,0,0,0,1,0,,,,,,,,
BenchmarkTest01320.java,0,CWE-327,CWE-327,1,0,1,0,0,0,1,0,0,0,1936,0.00242,360,0.0036,2,2e-05,0.006039999999999999,3.7097275257110596
BenchmarkTest01321.java,0,CWE-327,,,,0,0,1,0,0,0,1,0,,,,,,,,
BenchmarkTest01322.java,0,CWE-327,CWE-327,1,0,1,0,0,0,1,0,0,0,1421,0.00177625,433,0.00433,2,2e-05,0.00612625,4.379577398300171
BenchmarkTest01323.java,0,CWE-327,CWE-327,1,0,1,0,0,0,1,0,0,0,1541,0.00192625,501,0.00501,2,2e-05,0.00695625,5.549499034881592
BenchmarkTest01324.java,0,CWE-327,,,,0,0,1,0,0,0,1,0,,,,,,,,
BenchmarkTest01325.java,0,CWE-327,CWE-327,1,0,1,0,0,0,1,0,0,0,1573,0.00196625,578,0.00578,2,2e-05,0.007766250000000001,5.796528339385986
BenchmarkTest01326.java,0,CWE-90,CWE-90,1,0,1,0,0,0,1,0,0,0,1410,0.0017625,905,0.00905,2,2e-05,0.0108325,8.563992500305176
BenchmarkTest01327.java,0,CWE-90,CWE-90,1,1,0,1,0,0,0,0,1,0,1487,0.00185875,952,0.00952,2,2e-05,0.01139875,8.625696659088135
BenchmarkTest01328.java,0,CWE-22,CWE-23,0,1,0,1,0,0,0,0,1,0,1825,0.00228125,1521,0.01521,2,2e-05,0.01751125,13.355120182037354
BenchmarkTest01329.java,0,CWE-22,CWE-23,0,0,1,0,0,0,1,0,0,0,1561,0.00195125,1456,0.01456,2,2e-05,0.01653125,12.993295907974243
BenchmarkTest01330.java,0,CWE-22,CWE-23,0,0,1,0,0,0,1,0,0,0,1389,0.00173625,950,0.0095,2,2e-05,0.011256249999999999,8.44820237159729
BenchmarkTest01331.java,0,CWE-22,CWE-23,0,1,0,1,0,0,0,0,1,0,1425,0.00178125,1556,0.01556,2,2e-05,0.017361249999999998,13.433948755264282
BenchmarkTest01332.java,0,CWE-328,,,,0,0,1,0,0,0,1,0,,,,,,,,
BenchmarkTest01333.java,0,CWE-328,CWE-916,0,0,1,0,0,0,1,0,0,0,1342,0.0016775,607,0.00607,2,2e-05,0.0077675,6.534523963928223
BenchmarkTest01334.java,0,CWE-328,CWE-916,0,0,1,0,0,0,1,0,0,0,1406,0.0017575,729,0.00729,2,2e-05,0.0090675,7.448387622833252
BenchmarkTest01335.java,0,CWE-79,CWE-79,1,0,1,0,0,0,1,0,0,0,1551,0.00193875,1056,0.01056,2,2e-05,0.012518749999999999,9.420567750930786
BenchmarkTest01336.java,0,CWE-79,CWE-79,1,1,0,1,0,0,0,0,1,0,1404,0.001755,909,0.00909,2,2e-05,0.010865,8.305121183395386
BenchmarkTest01337.java,0,CWE-79,CWE-79,1,0,1,0,0,0,1,0,0,0,1386,0.0017325,1273,0.01273,2,2e-05,0.014482499999999999,11.093947649002075
BenchmarkTest01338.java,0,CWE-79,CWE-79,1,1,0,1,0,0,0,0,1,0,1437,0.00179625,3226,0.03226,2,2e-05,0.034076249999999995,29.05604648590088
BenchmarkTest01339.java,0,CWE-79,CWE-79,1,1,0,1,0,0,0,0,1,0,1359,0.00169875,640,0.0064,2,2e-05,0.00811875,5.8423919677734375
BenchmarkTest01340.java,0,CWE-79,CWE-79,1,1,0,1,0,0,0,0,1,0,1490,0.0018625,1191,0.01191,2,2e-05,0.0137925,10.62230134010315
BenchmarkTest01341.java,0,CWE-79,CWE-79,1,1,0,1,0,0,0,0,1,0,1754,0.0021925,1765,0.01765,2,2e-05,0.019862499999999998,14.926078081130981
BenchmarkTest01342.java,0,CWE-79,CWE-79,1,1,0,1,0,0,0,0,1,0,1390,0.0017375,881,0.00881,2,2e-05,0.010567499999999999,8.919833183288574
BenchmarkTest01343.java,0,CWE-79,CWE-79,1,1,0,1,0,0,0,0,1,0,1450,0.0018125,1171,0.01171,2,2e-05,0.013542499999999999,10.628035068511963
BenchmarkTest01344.java,0,CWE-79,CWE-79,1,1,0,1,0,0,0,0,1,0,1474,0.0018425,1071,0.01071,2,2e-05,0.0125725,10.161372900009155
BenchmarkTest01345.java,0,CWE-79,CWE-79,1,1,0,1,0,0,0,0,1,0,1385,0.00173125,1136,0.01136,2,2e-05,0.01311125,10.394219875335693
BenchmarkTest01346.java,0,CWE-79,CWE-79,1,0,1,0,0,0,1,0,0,0,1454,0.0018175,920,0.0092,2,2e-05,0.011037499999999999,8.691356897354126
BenchmarkTest01347.java,0,CWE-79,CWE-79,1,0,1,0,0,0,1,0,0,0,1686,0.0021075,1467,0.01467,2,2e-05,0.0167975,13.570012092590332
BenchmarkTest01348.java,0,CWE-79,CWE-79,1,1,0,1,0,0,0,0,1,0,1357,0.00169625,748,0.00748,2,2e-05,0.00919625,7.504032135009766
BenchmarkTest01349.java,0,CWE-79,CWE-79,1,0,1,0,0,0,1,0,0,0,1377,0.00172125,1032,0.01032,2,2e-05,0.012061249999999999,9.09663438796997
BenchmarkTest01350.java,0,CWE-79,CWE-79,1,0,1,0,0,0,1,0,0,0,1415,0.00176875,1401,0.01401,2,2e-05,0.01579875,12.856003761291504
BenchmarkTest01351.java,0,CWE-79,CWE-79,1,1,0,1,0,0,0,0,1,0,1397,0.00174625,690,0.0069,2,2e-05,0.008666249999999999,6.590272665023804
BenchmarkTest01352.java,0,CWE-79,CWE-79,1,1,0,1,0,0,0,0,1,0,1359,0.00169875,745,0.00745,2,2e-05,0.00916875,7.585752010345459
BenchmarkTest01353.java,0,CWE-78,CWE-78,1,0,0,1,0,0,0,1,0,0,1192,0.00149,4329,0.04329,2,2e-05,0.0448,40.32455372810364
BenchmarkTest01354.java,0,CWE-330,CWE-330,1,0,1,0,0,0,1,0,0,0,1403,0.00175375,668,0.00668,2,2e-05,0.00845375,6.553183317184448
BenchmarkTest01355.java,0,CWE-330,CWE-330,1,0,1,0,0,0,1,0,0,0,1407,0.00175875,636,0.00636,2,2e-05,0.00813875,6.693896293640137
BenchmarkTest01356.java,0,CWE-330,CWE-330,1,0,1,0,0,0,1,0,0,0,1431,0.00178875,600,0.006,2,2e-05,0.007808750000000001,5.956819295883179
BenchmarkTest01357.java,0,CWE-330,CWE-330,1,0,1,0,0,0,1,0,0,0,1429,0.00178625,662,0.00662,2,2e-05,0.00842625,6.305587530136108
BenchmarkTest01358.java,0,CWE-330,CWE-330,1,0,1,0,0,0,1,0,0,0,1443,0.00180375,774,0.00774,2,2e-05,0.00956375,7.564865350723267
BenchmarkTest01359.java,0,CWE-614,,,,0,0,1,0,0,0,1,0,,,,,,,,
BenchmarkTest01360.java,0,CWE-78,CWE-78,1,0,1,0,0,0,1,0,0,0,1158,0.0014475,1207,0.01207,2,2e-05,0.013537500000000001,10.90783405303955
BenchmarkTest01361.java,0,CWE-78,CWE-78,1,0,1,0,0,0,1,0,0,0,967,0.00120875,1560,0.0156,2,2e-05,0.01682875,14.849367380142212
BenchmarkTest01362.java,0,CWE-78,CWE-78,1,0,1,0,0,0,1,0,0,0,1290,0.0016125,1403,0.01403,2,2e-05,0.0156625,12.993027210235596
BenchmarkTest01363.java,0,CWE-78,CWE-78,1,0,1,0,0,0,1,0,0,0,1028,0.001285,1273,0.01273,2,2e-05,0.014034999999999999,11.988832950592041
BenchmarkTest01364.java,0,CWE-78,CWE-78,1,1,0,1,0,0,0,0,1,0,1007,0.00125875,1147,0.01147,2,2e-05,0.012748749999999998,9.625631332397461
BenchmarkTest01365.java,0,CWE-78,CWE-78,1,1,0,1,0,0,0,0,1,0,1124,0.001405,1111,0.01111,2,2e-05,0.012535,9.89397120475769
BenchmarkTest01366.java,0,CWE-330,,,,0,0,1,0,0,0,1,0,,,,,,,,
BenchmarkTest01367.java,0,CWE-330,,,,0,0,1,0,0,0,1,0,,,,,,,,
BenchmarkTest01368.java,0,CWE-330,,,,0,0,1,0,0,0,1,0,,,,,,,,
BenchmarkTest01369.java,0,CWE-330,,,,0,0,1,0,0,0,1,0,,,,,,,,
BenchmarkTest01370.java,0,CWE-330,,,,0,0,1,0,0,0,1,0,,,,,,,,
BenchmarkTest01371.java,0,CWE-330,,,,0,0,1,0,0,0,1,0,,,,,,,,
BenchmarkTest01372.java,0,CWE-330,,,,0,0,1,0,0,0,1,0,,,,,,,,
BenchmarkTest01373.java,0,CWE-330,,,,0,0,1,0,0,0,1,0,,,,,,,,
BenchmarkTest01378.java,0,CWE-89,CWE-89,1,1,0,1,0,0,0,0,1,0,1375,0.00171875,1593,0.01593,2,2e-05,0.01766875,13.582885026931763
BenchmarkTest01379.java,0,CWE-89,CWE-89,1,0,1,0,0,0,1,0,0,0,1107,0.00138375,1090,0.0109,2,2e-05,0.012303749999999999,10.404223918914795
BenchmarkTest01380.java,0,CWE-89,CWE-89,1,1,0,1,0,0,0,0,1,0,1064,0.00133,889,0.00889,2,2e-05,0.010239999999999999,8.515226364135742
BenchmarkTest01381.java,0,CWE-89,CWE-89,1,0,1,0,0,0,1,0,0,0,1034,0.0012925,892,0.00892,2,2e-05,0.0102325,8.270569324493408
BenchmarkTest01382.java,0,CWE-89,CWE-89,1,0,1,0,0,0,1,0,0,0,1041,0.00130125,1174,0.01174,2,2e-05,0.01306125,10.657815217971802
BenchmarkTest01383.java,0,CWE-89,CWE-89,1,0,1,0,0,0,1,0,0,0,1054,0.0013175,1086,0.01086,2,2e-05,0.0121975,10.945818901062012
BenchmarkTest01384.java,0,CWE-89,CWE-89,1,0,1,0,0,0,1,0,0,0,1034,0.0012925,939,0.00939,2,2e-05,0.0107025,8.678645849227905
BenchmarkTest01385.java,0,CWE-89,CWE-89,1,0,0,1,0,0,0,1,0,0,1106,0.0013825,2498,0.02498,2,2e-05,0.026382499999999996,23.18798518180847
BenchmarkTest01386.java,0,CWE-89,,,,0,0,1,0,0,0,1,0,,,,,,,,
BenchmarkTest01387.java,0,CWE-89,,,,0,0,1,0,0,0,1,0,,,,,,,,
BenchmarkTest01388.java,0,CWE-89,,,,0,0,0,1,0,0,0,1,,,,,,,,
BenchmarkTest01389.java,0,CWE-89,,,,0,0,1,0,0,0,1,0,,,,,,,,
BenchmarkTest01390.java,0,CWE-89,,,,0,0,0,1,0,0,0,1,,,,,,,,
BenchmarkTest01391.java,0,CWE-89,CWE-89,1,0,1,0,0,0,1,0,0,0,1091,0.00136375,636,0.00636,2,2e-05,0.00774375,6.168700695037842
BenchmarkTest01392.java,0,CWE-89,CWE-89,1,1,0,1,0,0,0,0,1,0,1011,0.00126375,886,0.00886,2,2e-05,0.010143749999999998,8.42832612991333
BenchmarkTest01393.java,0,CWE-89,CWE-89,1,0,0,1,0,0,0,1,0,0,1338,0.0016725,4862,0.04862,2,2e-05,0.050312499999999996,45.2626416683197
BenchmarkTest01394.java,0,CWE-89,CWE-89,1,0,1,0,0,0,1,0,0,0,1091,0.00136375,944,0.00944,2,2e-05,0.01082375,9.644932985305786
BenchmarkTest01395.java,0,CWE-89,CWE-89,1,0,1,0,0,0,1,0,0,0,1010,0.0012625,1098,0.01098,2,2e-05,0.012262499999999999,10.117560386657715
BenchmarkTest01396.java,0,CWE-89,CWE-89,1,0,1,0,0,0,1,0,0,0,1011,0.00126375,1340,0.0134,2,2e-05,0.014683749999999999,12.867908716201782
BenchmarkTest01397.java,0,CWE-643,CWE-643,1,1,0,1,0,0,0,0,1,0,1116,0.001395,1105,0.01105,2,2e-05,0.012465,9.53279709815979
BenchmarkTest01398.java,0,CWE-327,CWE-327,1,0,1,0,0,0,1,0,0,0,2308,0.002885,475,0.00475,2,2e-05,0.0076549999999999995,5.0349578857421875
BenchmarkTest01399.java,0,CWE-327,,,,0,0,1,0,0,0,1,0,,,,,,,,
BenchmarkTest01400.java,0,CWE-327,,,,0,0,1,0,0,0,1,0,,,,,,,,
BenchmarkTest01401.java,0,CWE-327,,,,0,0,1,0,0,0,1,0,,,,,,,,
BenchmarkTest01402.java,0,CWE-90,CWE-90,1,1,0,1,0,0,0,0,1,0,1451,0.00181375,846,0.00846,2,2e-05,0.010293749999999999,7.786496639251709
BenchmarkTest01403.java,0,CWE-22,CWE-23,0,0,1,0,0,0,1,0,0,0,1431,0.00178875,1463,0.01463,2,2e-05,0.01643875,13.700194358825684
BenchmarkTest01404.java,0,CWE-22,CWE-23,0,1,0,1,0,0,0,0,1,0,1736,0.00217,2027,0.02027,2,2e-05,0.02246,17.63695478439331
BenchmarkTest01405.java,0,CWE-22,CWE-23,0,0,1,0,0,0,1,0,0,0,1566,0.0019575,941,0.00941,2,2e-05,0.011387499999999998,9.0152108669281
BenchmarkTest01406.java,0,CWE-22,CWE-23,0,1,0,1,0,0,0,0,1,0,1589,0.00198625,979,0.00979,2,2e-05,0.01179625,9.84274172782898
BenchmarkTest01407.java,0,CWE-22,CWE-23,0,1,0,1,0,0,0,0,1,0,1417,0.00177125,989,0.00989,2,2e-05,0.011681249999999999,8.927971601486206
BenchmarkTest01408.java,0,CWE-22,CWE-23,0,0,1,0,0,0,1,0,0,0,1456,0.00182,1477,0.01477,2,2e-05,0.01661,14.93807077407837
BenchmarkTest01409.java,0,CWE-22,CWE-23,0,1,0,1,0,0,0,0,1,0,1733,0.00216625,953,0.00953,2,2e-05,0.01171625,8.345764875411987
BenchmarkTest01410.java,0,CWE-328,,,,0,0,1,0,0,0,1,0,,,,,,,,
BenchmarkTest01411.java,0,CWE-328,CWE-916,0,0,1,0,0,0,1,0,0,0,1532,0.001915,1090,0.0109,2,2e-05,0.012835,10.838143587112427
BenchmarkTest01412.java,0,CWE-328,,,,0,0,1,0,0,0,1,0,,,,,,,,
BenchmarkTest01413.java,0,CWE-328,,,,0,0,1,0,0,0,1,0,,,,,,,,
BenchmarkTest01414.java,0,CWE-328,,,,0,0,0,1,0,0,0,1,,,,,,,,
BenchmarkTest01415.java,0,CWE-328,,,,0,0,0,1,0,0,0,1,,,,,,,,
BenchmarkTest01416.java,0,CWE-328,,,,0,0,0,1,0,0,0,1,,,,,,,,
BenchmarkTest01417.java,0,CWE-79,CWE-79,1,0,1,0,0,0,1,0,0,0,1510,0.0018875,1274,0.01274,2,2e-05,0.014647499999999999,11.423344850540161
BenchmarkTest01418.java,0,CWE-79,CWE-79,1,0,1,0,0,0,1,0,0,0,1519,0.00189875,1305,0.01305,2,2e-05,0.01496875,10.952985763549805
BenchmarkTest01419.java,0,CWE-79,CWE-79,1,1,0,1,0,0,0,0,1,0,1494,0.0018675,1235,0.01235,2,2e-05,0.014237499999999998,9.896604061126709
BenchmarkTest01420.java,0,CWE-79,CWE-79,1,1,0,1,0,0,0,0,1,0,1441,0.00180125,1019,0.01019,2,2e-05,0.012011249999999998,9.729002714157104
BenchmarkTest01421.java,0,CWE-79,CWE-79,1,1,0,1,0,0,0,0,1,0,1497,0.00187125,1187,0.01187,2,2e-05,0.01376125,10.74505066871643
BenchmarkTest01422.java,0,CWE-79,CWE-79,1,1,0,1,0,0,0,0,1,0,1596,0.001995,1355,0.01355,2,2e-05,0.015564999999999999,13.596826314926147
BenchmarkTest01423.java,0,CWE-79,CWE-79,1,0,1,0,0,0,1,0,0,0,1446,0.0018075,1313,0.01313,2,2e-05,0.014957499999999999,12.073113203048706
BenchmarkTest01424.java,0,CWE-79,CWE-79,1,0,1,0,0,0,1,0,0,0,1481,0.00185125,1206,0.01206,2,2e-05,0.01393125,10.905530452728271
BenchmarkTest01425.java,0,CWE-79,CWE-79,1,1,0,1,0,0,0,0,1,0,1524,0.001905,1294,0.01294,2,2e-05,0.014865,11.381141424179077
BenchmarkTest01426.java,0,CWE-79,CWE-79,1,0,1,0,0,0,1,0,0,0,1530,0.0019125,1163,0.01163,2,2e-05,0.013562499999999998,10.251478433609009
BenchmarkTest01427.java,0,CWE-79,CWE-79,1,0,1,0,0,0,1,0,0,0,1421,0.00177625,924,0.00924,2,2e-05,0.01103625,7.905893087387085
BenchmarkTest01428.java,0,CWE-79,CWE-79,1,0,1,0,0,0,1,0,0,0,1428,0.001785,910,0.0091,2,2e-05,0.010905,8.988271713256836
BenchmarkTest01429.java,0,CWE-79,CWE-79,1,0,1,0,0,0,1,0,0,0,1532,0.001915,986,0.00986,2,2e-05,0.011795,9.473498344421387
BenchmarkTest01430.java,0,CWE-78,CWE-78,1,0,1,0,0,0,1,0,0,0,1236,0.001545,935,0.00935,2,2e-05,0.010915,8.953431606292725
BenchmarkTest01431.java,0,CWE-330,CWE-330,1,0,1,0,0,0,1,0,0,0,1459,0.00182375,695,0.00695,2,2e-05,0.00879375,7.41218376159668
BenchmarkTest01432.java,0,CWE-330,CWE-330,1,0,1,0,0,0,1,0,0,0,1527,0.00190875,766,0.00766,2,2e-05,0.00958875,8.08271336555481
BenchmarkTest01433.java,0,CWE-330,CWE-330,1,0,1,0,0,0,1,0,0,0,1480,0.00185,751,0.00751,2,2e-05,0.00938,8.297978401184082
BenchmarkTest01434.java,0,CWE-330,CWE-330,1,0,1,0,0,0,1,0,0,0,1472,0.00184,669,0.00669,2,2e-05,0.008549999999999999,6.357595682144165
BenchmarkTest01435.java,0,CWE-330,CWE-330,1,0,1,0,0,0,1,0,0,0,1447,0.00180875,793,0.00793,2,2e-05,0.009758749999999998,7.17077112197876
BenchmarkTest01436.java,0,CWE-614,,,,0,0,1,0,0,0,1,0,,,,,,,,
BenchmarkTest01437.java,0,CWE-79,CWE-79,1,0,1,0,0,0,1,0,0,0,1514,0.0018925,976,0.00976,2,2e-05,0.011672499999999999,8.328183889389038
BenchmarkTest01438.java,0,CWE-79,CWE-79,1,0,1,0,0,0,1,0,0,0,1770,0.0022125,2043,0.02043,2,2e-05,0.0226625,17.779199600219727
BenchmarkTest01439.java,0,CWE-79,CWE-79,1,1,0,1,0,0,0,0,1,0,1576,0.00197,1182,0.01182,2,2e-05,0.01381,11.235557317733765
BenchmarkTest01440.java,0,CWE-78,CWE-78,1,1,0,1,0,0,0,0,1,0,1160,0.00145,949,0.00949,2,2e-05,0.01096,8.527671575546265
BenchmarkTest01441.java,0,CWE-78,CWE-78,1,0,1,0,0,0,1,0,0,0,1278,0.0015975,1698,0.01698,2,2e-05,0.018597499999999996,15.651486158370972
BenchmarkTest01442.java,0,CWE-78,CWE-78,1,0,1,0,0,0,1,0,0,0,1157,0.00144625,1411,0.01411,2,2e-05,0.015576249999999998,12.689104318618774
BenchmarkTest01443.java,0,CWE-78,CWE-78,1,1,0,1,0,0,0,0,1,0,1175,0.00146875,962,0.00962,2,2e-05,0.011108749999999999,8.735097169876099
BenchmarkTest01444.java,0,CWE-78,CWE-78,1,1,0,1,0,0,0,0,1,0,1122,0.0014025,5822,0.05822,2,2e-05,0.0596425,53.20510196685791
BenchmarkTest01445.java,0,CWE-78,CWE-78,1,1,0,1,0,0,0,0,1,0,1173,0.00146625,925,0.00925,2,2e-05,0.01073625,9.32941460609436
BenchmarkTest01446.java,0,CWE-78,CWE-78,1,0,1,0,0,0,1,0,0,0,1223,0.00152875,1062,0.01062,2,2e-05,0.012168749999999999,11.486623525619507
BenchmarkTest01447.java,0,CWE-330,,,,0,0,1,0,0,0,1,0,,,,,,,,
BenchmarkTest01448.java,0,CWE-330,,,,0,0,1,0,0,0,1,0,,,,,,,,
BenchmarkTest01449.java,0,CWE-330,CWE-330,1,0,0,1,0,0,0,1,0,0,1622,0.0020275,3007,0.03007,2,2e-05,0.0321175,29.35483407974243
BenchmarkTest01450.java,0,CWE-330,,,,0,0,1,0,0,0,1,0,,,,,,,,
BenchmarkTest01451.java,0,CWE-330,,,,0,0,1,0,0,0,1,0,,,,,,,,
BenchmarkTest01452.java,0,CWE-330,,,,0,0,1,0,0,0,1,0,,,,,,,,
BenchmarkTest01453.java,0,CWE-330,,,,0,0,1,0,0,0,1,0,,,,,,,,
BenchmarkTest01459.java,0,CWE-89,CWE-89,1,0,0,1,0,0,0,1,0,0,1142,0.0014275,5555,0.05555,2,2e-05,0.0569975,50.46834111213684
BenchmarkTest01460.java,0,CWE-89,CWE-89,1,0,1,0,0,0,1,0,0,0,1205,0.00150625,1170,0.0117,2,2e-05,0.01322625,11.221779823303223
BenchmarkTest01461.java,0,CWE-89,CWE-89,1,1,0,1,0,0,0,0,1,0,1230,0.0015375,1043,0.01043,2,2e-05,0.0119875,9.863033056259155
BenchmarkTest01462.java,0,CWE-89,CWE-89,1,0,1,0,0,0,1,0,0,0,1102,0.0013775,1237,0.01237,2,2e-05,0.0137675,11.695963859558105
BenchmarkTest01463.java,0,CWE-89,CWE-89,1,0,1,0,0,0,1,0,0,0,1139,0.00142375,1003,0.01003,2,2e-05,0.01147375,9.343146800994873
BenchmarkTest01464.java,0,CWE-89,CWE-89,1,0,1,0,0,0,1,0,0,0,1221,0.00152625,1234,0.01234,2,2e-05,0.01388625,12.075165510177612
BenchmarkTest01465.java,0,CWE-89,,,,0,0,0,1,0,0,0,1,,,,,,,,
BenchmarkTest01466.java,0,CWE-89,CWE-89,1,0,1,0,0,0,1,0,0,0,1370,0.0017125,1209,0.01209,2,2e-05,0.0138225,11.435442209243774
BenchmarkTest01467.java,0,CWE-89,,,,0,0,1,0,0,0,1,0,,,,,,,,
BenchmarkTest01468.java,0,CWE-89,,,,0,0,1,0,0,0,1,0,,,,,,,,
BenchmarkTest01469.java,0,CWE-89,,,,0,0,1,0,0,0,1,0,,,,,,,,
BenchmarkTest01470.java,0,CWE-89,,,,0,0,0,1,0,0,0,1,,,,,,,,
BenchmarkTest01471.java,0,CWE-89,CWE-89,1,0,1,0,0,0,1,0,0,0,1179,0.00147375,1327,0.01327,2,2e-05,0.014763749999999999,12.123456478118896
BenchmarkTest01472.java,0,CWE-89,CWE-89,1,1,0,1,0,0,0,0,1,0,1416,0.00177,1483,0.01483,2,2e-05,0.01662,12.91540241241455
BenchmarkTest01473.java,0,CWE-89,CWE-89,1,0,1,0,0,0,1,0,0,0,1084,0.001355,1207,0.01207,2,2e-05,0.013445,10.8426673412323
BenchmarkTest01474.java,0,CWE-89,CWE-89,1,0,1,0,0,0,1,0,0,0,1128,0.00141,1449,0.01449,2,2e-05,0.01592,12.876915454864502
BenchmarkTest01475.java,0,CWE-89,CWE-89,1,0,1,0,0,0,1,0,0,0,1092,0.001365,1364,0.01364,2,2e-05,0.015024999999999998,11.64541220664978
BenchmarkTest01476.java,0,CWE-89,CWE-89,1,0,1,0,0,0,1,0,0,0,1095,0.00136875,1410,0.0141,2,2e-05,0.015488749999999999,13.165229082107544
BenchmarkTest01477.java,0,CWE-89,CWE-89,1,0,1,0,0,0,1,0,0,0,1161,0.00145125,1492,0.01492,2,2e-05,0.01639125,13.981520175933838
BenchmarkTest01478.java,0,CWE-643,CWE-643,1,0,1,0,0,0,1,0,0,0,1297,0.00162125,1246,0.01246,2,2e-05,0.01410125,12.037865400314331
BenchmarkTest01479.java,0,CWE-643,CWE-643,1,1,0,1,0,0,0,0,1,0,1310,0.0016375,1625,0.01625,2,2e-05,0.0179075,14.64859127998352
BenchmarkTest01480.java,0,CWE-327,CWE-327,1,0,1,0,0,0,1,0,0,0,2136,0.00267,502,0.00502,2,2e-05,0.007710000000000001,5.2733283042907715
BenchmarkTest01481.java,0,CWE-327,,,,0,0,1,0,0,0,1,0,,,,,,,,
BenchmarkTest01482.java,0,CWE-327,,,,0,0,1,0,0,0,1,0,,,,,,,,
BenchmarkTest01483.java,0,CWE-327,CWE-327,1,0,1,0,0,0,1,0,0,0,1947,0.00243375,466,0.00466,2,2e-05,0.00711375,5.193032503128052
BenchmarkTest01484.java,0,CWE-327,CWE-327,1,0,1,0,0,0,1,0,0,0,1877,0.00234625,365,0.00365,2,2e-05,0.00601625,4.285821199417114
BenchmarkTest01485.java,0,CWE-327,,,,0,0,1,0,0,0,1,0,,,,,,,,
BenchmarkTest01486.java,0,CWE-327,CWE-327,1,0,1,0,0,0,1,0,0,0,1454,0.0018175,420,0.0042,2,2e-05,0.0060375,4.4324400424957275
BenchmarkTest01487.java,0,CWE-327,,,,0,0,1,0,0,0,1,0,,,,,,,,
BenchmarkTest01488.java,0,CWE-327,,,,0,0,1,0,0,0,1,0,,,,,,,,
BenchmarkTest01489.java,0,CWE-327,CWE-327,1,0,1,0,0,0,1,0,0,0,1436,0.001795,516,0.00516,2,2e-05,0.006974999999999999,6.292506217956543
BenchmarkTest01490.java,0,CWE-90,,,,0,0,0,1,0,0,0,1,,,,,,,,
BenchmarkTest01491.java,0,CWE-90,,,,0,0,1,0,0,0,1,0,,,,,,,,
BenchmarkTest01492.java,0,CWE-90,,,,0,0,1,0,0,0,1,0,,,,,,,,
BenchmarkTest01493.java,0,CWE-22,,,,0,0,1,0,0,0,1,0,,,,,,,,
BenchmarkTest01494.java,0,CWE-22,,,,0,0,0,1,0,0,0,1,,,,,,,,
BenchmarkTest01495.java,0,CWE-22,,,,0,0,0,1,0,0,0,1,,,,,,,,
BenchmarkTest01496.java,0,CWE-22,,,,0,0,0,1,0,0,0,1,,,,,,,,
BenchmarkTest01497.java,0,CWE-22,,,,0,0,0,1,0,0,0,1,,,,,,,,
BenchmarkTest01498.java,0,CWE-22,,,,0,0,0,1,0,0,0,1,,,,,,,,
BenchmarkTest01499.java,0,CWE-22,,,,0,0,1,0,0,0,1,0,,,,,,,,
BenchmarkTest01500.java,0,CWE-22,,,,0,0,0,1,0,0,0,1,,,,,,,,
BenchmarkTest01501.java,0,CWE-90,,,,0,0,0,1,0,0,0,1,,,,,,,,
BenchmarkTest01502.java,0,CWE-330,CWE-330,1,0,1,0,0,0,1,0,0,0,1744,0.00218,646,0.00646,2,2e-05,0.00866,7.29327130317688
BenchmarkTest01503.java,0,CWE-328,CWE-916,0,0,1,0,0,0,1,0,0,0,1571,0.00196375,626,0.00626,2,2e-05,0.00824375,7.076891183853149
BenchmarkTest01504.java,0,CWE-328,CWE-916,0,0,1,0,0,0,1,0,0,0,1351,0.00168875,775,0.00775,2,2e-05,0.009458749999999998,8.028716325759888
BenchmarkTest01505.java,0,CWE-79,,,,0,0,0,1,0,0,0,1,,,,,,,,
BenchmarkTest01506.java,0,CWE-79,,,,0,0,0,1,0,0,0,1,,,,,,,,
BenchmarkTest01507.java,0,CWE-79,,,,0,0,0,1,0,0,0,1,,,,,,,,
BenchmarkTest01508.java,0,CWE-79,,,,0,0,1,0,0,0,1,0,,,,,,,,
BenchmarkTest01509.java,0,CWE-79,,,,0,0,0,1,0,0,0,1,,,,,,,,
BenchmarkTest01510.java,0,CWE-79,,,,0,0,0,1,0,0,0,1,,,,,,,,
BenchmarkTest01511.java,0,CWE-79,,,,0,0,0,1,0,0,0,1,,,,,,,,
BenchmarkTest01512.java,0,CWE-79,,,,0,0,0,1,0,0,0,1,,,,,,,,
BenchmarkTest01513.java,0,CWE-79,,,,0,0,1,0,0,0,1,0,,,,,,,,
BenchmarkTest01514.java,0,CWE-79,,,,0,0,1,0,0,0,1,0,,,,,,,,
BenchmarkTest01515.java,0,CWE-79,,,,0,0,1,0,0,0,1,0,,,,,,,,
BenchmarkTest01516.java,0,CWE-78,,,,0,0,1,0,0,0,1,0,,,,,,,,
BenchmarkTest01517.java,0,CWE-78,,,,0,0,0,1,0,0,0,1,,,,,,,,
BenchmarkTest01518.java,0,CWE-330,CWE-330,1,0,1,0,0,0,1,0,0,0,1724,0.002155,826,0.00826,2,2e-05,0.010435,7.885622024536133
BenchmarkTest01519.java,0,CWE-330,CWE-330,1,0,1,0,0,0,1,0,0,0,1452,0.001815,641,0.00641,2,2e-05,0.008244999999999999,6.3381617069244385
BenchmarkTest01520.java,0,CWE-330,CWE-330,1,0,1,0,0,0,1,0,0,0,1497,0.00187125,725,0.00725,2,2e-05,0.00914125,6.73638653755188
BenchmarkTest01521.java,0,CWE-614,CWE-614,1,0,1,0,0,0,1,0,0,0,1128,0.00141,522,0.00522,2,2e-05,0.00665,6.126715660095215
BenchmarkTest01522.java,0,CWE-614,,,,0,0,1,0,0,0,1,0,,,,,,,,
BenchmarkTest01523.java,0,CWE-614,,,,0,0,1,0,0,0,1,0,,,,,,,,
BenchmarkTest01524.java,0,CWE-614,,,,0,0,1,0,0,0,1,0,,,,,,,,
BenchmarkTest01525.java,0,CWE-79,,,,0,0,0,1,0,0,0,1,,,,,,,,
BenchmarkTest01526.java,0,CWE-78,,,,0,0,1,0,0,0,1,0,,,,,,,,
BenchmarkTest01527.java,0,CWE-78,,,,0,0,1,0,0,0,1,0,,,,,,,,
BenchmarkTest01528.java,0,CWE-78,,,,0,0,1,0,0,0,1,0,,,,,,,,
BenchmarkTest01529.java,0,CWE-78,,,,0,0,1,0,0,0,1,0,,,,,,,,
BenchmarkTest01530.java,0,CWE-78,,,,0,0,1,0,0,0,1,0,,,,,,,,
BenchmarkTest01531.java,0,CWE-78,,,,0,0,0,1,0,0,0,1,,,,,,,,
BenchmarkTest01532.java,0,CWE-78,,,,0,0,1,0,0,0,1,0,,,,,,,,
BenchmarkTest01533.java,0,CWE-78,,,,0,0,0,1,0,0,0,1,,,,,,,,
BenchmarkTest01534.java,0,CWE-330,,,,0,0,1,0,0,0,1,0,,,,,,,,
BenchmarkTest01535.java,0,CWE-330,,,,0,0,1,0,0,0,1,0,,,,,,,,
BenchmarkTest01536.java,0,CWE-330,,,,0,0,1,0,0,0,1,0,,,,,,,,
BenchmarkTest01537.java,0,CWE-330,CWE-330,1,0,0,1,0,0,0,1,0,0,1606,0.0020075,3025,0.03025,2,2e-05,0.0322775,28.44952416419983
BenchmarkTest01538.java,0,CWE-330,,,,0,0,1,0,0,0,1,0,,,,,,,,
BenchmarkTest01539.java,0,CWE-330,,,,0,0,1,0,0,0,1,0,,,,,,,,
BenchmarkTest01540.java,0,CWE-330,,,,0,0,1,0,0,0,1,0,,,,,,,,
BenchmarkTest01541.java,0,CWE-330,,,,0,0,1,0,0,0,1,0,,,,,,,,
BenchmarkTest01542.java,0,CWE-330,,,,0,0,1,0,0,0,1,0,,,,,,,,
BenchmarkTest01543.java,0,CWE-330,,,,0,0,1,0,0,0,1,0,,,,,,,,
BenchmarkTest01544.java,0,CWE-330,,,,0,0,1,0,0,0,1,0,,,,,,,,
BenchmarkTest01545.java,0,CWE-330,,,,0,0,1,0,0,0,1,0,,,,,,,,
BenchmarkTest01552.java,0,CWE-89,,,,0,0,0,1,0,0,0,1,,,,,,,,
BenchmarkTest01553.java,0,CWE-89,,,,0,0,1,0,0,0,1,0,,,,,,,,
BenchmarkTest01554.java,0,CWE-89,,,,0,0,0,1,0,0,0,1,,,,,,,,
BenchmarkTest01555.java,0,CWE-89,,,,0,0,1,0,0,0,1,0,,,,,,,,
BenchmarkTest01556.java,0,CWE-89,,,,0,0,1,0,0,0,1,0,,,,,,,,
BenchmarkTest01557.java,0,CWE-89,,,,0,0,0,1,0,0,0,1,,,,,,,,
BenchmarkTest01558.java,0,CWE-89,,,,0,0,0,1,0,0,0,1,,,,,,,,
BenchmarkTest01559.java,0,CWE-89,,,,0,0,0,1,0,0,0,1,,,,,,,,
BenchmarkTest01560.java,0,CWE-89,,,,0,0,0,1,0,0,0,1,,,,,,,,
BenchmarkTest01561.java,0,CWE-643,,,,0,0,0,1,0,0,0,1,,,,,,,,
BenchmarkTest01562.java,0,CWE-643,,,,0,0,1,0,0,0,1,0,,,,,,,,
BenchmarkTest01563.java,0,CWE-327,,,,0,0,1,0,0,0,1,0,,,,,,,,
BenchmarkTest01564.java,0,CWE-327,,,,0,0,1,0,0,0,1,0,,,,,,,,
BenchmarkTest01565.java,0,CWE-327,CWE-327,1,0,1,0,0,0,1,0,0,0,1419,0.00177375,353,0.00353,2,2e-05,0.00532375,4.274444103240967
BenchmarkTest01566.java,0,CWE-327,CWE-327,1,0,1,0,0,0,1,0,0,0,1467,0.00183375,354,0.00354,2,2e-05,0.00539375,4.620894908905029
BenchmarkTest01567.java,0,CWE-327,,,,0,0,1,0,0,0,1,0,,,,,,,,
BenchmarkTest01568.java,0,CWE-90,CWE-90,1,0,1,0,0,0,1,0,0,0,1366,0.0017075,1029,0.01029,2,2e-05,0.0120175,9.784228324890137
BenchmarkTest01569.java,0,CWE-90,CWE-90,1,1,0,1,0,0,0,0,1,0,1675,0.00209375,1149,0.01149,2,2e-05,0.01360375,10.143094778060913
BenchmarkTest01570.java,0,CWE-22,CWE-23,0,1,0,1,0,0,0,0,1,0,1337,0.00167125,1086,0.01086,2,2e-05,0.01255125,9.447988510131836
BenchmarkTest01571.java,0,CWE-22,CWE-23,0,1,1,0,0,0,0,0,0,1,1388,0.001735,2606,0.02606,2,2e-05,0.027815,22.89184880256653
BenchmarkTest01572.java,0,CWE-22,CWE-23,0,0,1,0,0,0,1,0,0,0,1496,0.00187,1405,0.01405,2,2e-05,0.01594,13.535465955734253
BenchmarkTest01573.java,0,CWE-22,CWE-23,0,1,0,1,0,0,0,0,1,0,1545,0.00193125,1063,0.01063,2,2e-05,0.01258125,10.248677492141724
BenchmarkTest01574.java,0,CWE-22,CWE-23,0,1,0,1,0,0,0,0,1,0,1470,0.0018375,1071,0.01071,2,2e-05,0.0125675,10.512516260147095
BenchmarkTest01575.java,0,CWE-330,CWE-330,1,0,1,0,0,0,1,0,0,0,1478,0.0018475,687,0.00687,2,2e-05,0.008737499999999999,6.8369550704956055
BenchmarkTest01576.java,0,CWE-328,,,,0,0,1,0,0,0,1,0,,,,,,,,
BenchmarkTest01577.java,0,CWE-328,CWE-916,0,0,1,0,0,0,1,0,0,0,1318,0.0016475,824,0.00824,2,2e-05,0.0099075,7.81512975692749
BenchmarkTest01578.java,0,CWE-328,,,,0,0,1,0,0,0,1,0,,,,,,,,
BenchmarkTest01579.java,0,CWE-328,,,,0,0,0,1,0,0,0,1,,,,,,,,
BenchmarkTest01580.java,0,CWE-328,,,,0,0,0,1,0,0,0,1,,,,,,,,
BenchmarkTest01581.java,0,CWE-328,,,,0,0,1,0,0,0,1,0,,,,,,,,
BenchmarkTest01582.java,0,CWE-328,,,,0,0,1,0,0,0,1,0,,,,,,,,
BenchmarkTest01583.java,0,CWE-79,CWE-79,1,0,1,0,0,0,1,0,0,0,1438,0.0017975,1051,0.01051,2,2e-05,0.0123275,9.451506614685059
BenchmarkTest01584.java,0,CWE-79,CWE-79,1,0,1,0,0,0,1,0,0,0,1390,0.0017375,1064,0.01064,2,2e-05,0.012397499999999999,9.649394035339355
BenchmarkTest01585.java,0,CWE-79,CWE-79,1,1,0,1,0,0,0,0,1,0,1353,0.00169125,1119,0.01119,2,2e-05,0.01290125,10.412159204483032
BenchmarkTest01586.java,0,CWE-79,CWE-79,1,1,0,1,0,0,0,0,1,0,1345,0.00168125,841,0.00841,2,2e-05,0.01011125,7.499895334243774
BenchmarkTest01587.java,0,CWE-79,CWE-79,1,0,1,0,0,0,1,0,0,0,1383,0.00172875,976,0.00976,2,2e-05,0.011508749999999998,9.283672094345093
BenchmarkTest01588.java,0,CWE-79,CWE-79,1,1,0,1,0,0,0,0,1,0,1390,0.0017375,1327,0.01327,2,2e-05,0.0150275,12.01405382156372
BenchmarkTest01589.java,0,CWE-79,CWE-79,1,0,1,0,0,0,1,0,0,0,1465,0.00183125,1154,0.01154,2,2e-05,0.013391249999999999,10.553792476654053
BenchmarkTest01590.java,0,CWE-79,CWE-79,1,0,1,0,0,0,1,0,0,0,1339,0.00167375,922,0.00922,2,2e-05,0.01091375,8.485392332077026
BenchmarkTest01591.java,0,CWE-79,CWE-79,1,1,0,1,0,0,0,0,1,0,1682,0.0021025,1818,0.01818,2,2e-05,0.0203025,15.38022255897522
BenchmarkTest01592.java,0,CWE-79,CWE-79,1,0,1,0,0,0,1,0,0,0,1360,0.0017,960,0.0096,2,2e-05,0.011319999999999998,9.238874197006226
BenchmarkTest01593.java,0,CWE-79,CWE-79,1,1,0,1,0,0,0,0,1,0,1368,0.00171,1025,0.01025,2,2e-05,0.01198,9.098767757415771
BenchmarkTest01594.java,0,CWE-79,CWE-79,1,0,1,0,0,0,1,0,0,0,1354,0.0016925,1102,0.01102,2,2e-05,0.012732499999999999,10.70035982131958
BenchmarkTest01595.java,0,CWE-79,CWE-79,1,1,0,1,0,0,0,0,1,0,1342,0.0016775,645,0.00645,2,2e-05,0.008147499999999998,6.466191291809082
BenchmarkTest01596.java,0,CWE-79,CWE-79,1,0,1,0,0,0,1,0,0,0,1376,0.00172,931,0.00931,2,2e-05,0.011049999999999999,8.593812465667725
BenchmarkTest01597.java,0,CWE-79,CWE-79,1,0,1,0,0,0,1,0,0,0,1388,0.001735,862,0.00862,2,2e-05,0.010374999999999999,8.181488037109375
BenchmarkTest01598.java,0,CWE-79,CWE-79,1,0,1,0,0,0,1,0,0,0,1669,0.00208625,1978,0.01978,2,2e-05,0.02188625,16.866535425186157
BenchmarkTest01599.java,0,CWE-79,CWE-79,1,1,0,1,0,0,0,0,1,0,1475,0.00184375,968,0.00968,2,2e-05,0.011543749999999998,8.997931480407715
BenchmarkTest01600.java,0,CWE-78,CWE-78,1,1,0,1,0,0,0,0,1,0,1157,0.00144625,1953,0.01953,2,2e-05,0.020996249999999998,17.03863286972046
BenchmarkTest01601.java,0,CWE-78,CWE-78,1,0,1,0,0,0,1,0,0,0,1158,0.0014475,1155,0.01155,2,2e-05,0.013017499999999998,10.529017686843872
BenchmarkTest01602.java,0,CWE-330,CWE-330,1,0,1,0,0,0,1,0,0,0,1468,0.001835,704,0.00704,2,2e-05,0.008895,6.63311767578125
BenchmarkTest01603.java,0,CWE-330,CWE-330,1,0,1,0,0,0,1,0,0,0,1701,0.00212625,792,0.00792,2,2e-05,0.010066249999999999,7.260948657989502
BenchmarkTest01604.java,0,CWE-614,,,,0,0,1,0,0,0,1,0,,,,,,,,
BenchmarkTest01605.java,0,CWE-614,,,,0,0,1,0,0,0,1,0,,,,,,,,
BenchmarkTest01606.java,0,CWE-78,CWE-78,1,1,0,1,0,0,0,0,1,0,1074,0.0013425,1151,0.01151,2,2e-05,0.012872499999999999,10.100048542022705
BenchmarkTest01607.java,0,CWE-78,CWE-78,1,1,0,1,0,0,0,0,1,0,1254,0.0015675,1243,0.01243,2,2e-05,0.014017499999999999,10.89113998413086
BenchmarkTest01608.java,0,CWE-78,CWE-78,1,1,0,1,0,0,0,0,1,0,1111,0.00138875,1047,0.01047,2,2e-05,0.011878749999999999,8.852890729904175
BenchmarkTest01609.java,0,CWE-78,CWE-78,1,0,1,0,0,0,1,0,0,0,1145,0.00143125,1004,0.01004,2,2e-05,0.01149125,8.632252931594849
BenchmarkTest01610.java,0,CWE-78,CWE-78,1,0,1,0,0,0,1,0,0,0,1129,0.00141125,1017,0.01017,2,2e-05,0.011601249999999999,9.568339824676514
BenchmarkTest01611.java,0,CWE-330,,,,0,0,1,0,0,0,1,0,,,,,,,,
BenchmarkTest01612.java,0,CWE-330,,,,0,0,1,0,0,0,1,0,,,,,,,,
BenchmarkTest01613.java,0,CWE-330,,,,0,0,1,0,0,0,1,0,,,,,,,,
BenchmarkTest01614.java,0,CWE-330,,,,0,0,1,0,0,0,1,0,,,,,,,,
BenchmarkTest01620.java,0,CWE-89,CWE-89,1,0,1,0,0,0,1,0,0,0,1063,0.00132875,821,0.00821,2,2e-05,0.00955875,9.972292184829712
BenchmarkTest01621.java,0,CWE-89,CWE-89,1,0,1,0,0,0,1,0,0,0,1023,0.00127875,1071,0.01071,2,2e-05,0.01200875,9.627849817276001
BenchmarkTest01622.java,0,CWE-89,CWE-89,1,1,0,1,0,0,0,0,1,0,1090,0.0013625,2345,0.02345,2,2e-05,0.024832499999999997,20.3253071308136
BenchmarkTest01623.java,0,CWE-89,CWE-89,1,0,1,0,0,0,1,0,0,0,1047,0.00130875,1031,0.01031,2,2e-05,0.01163875,9.50106167793274
BenchmarkTest01624.java,0,CWE-89,CWE-89,1,0,1,0,0,0,1,0,0,0,1076,0.001345,970,0.0097,2,2e-05,0.011065,8.431223392486572
BenchmarkTest01625.java,0,CWE-89,,,,0,0,0,1,0,0,0,1,,,,,,,,
BenchmarkTest01626.java,0,CWE-89,CWE-89,1,0,1,0,0,0,1,0,0,0,1065,0.00133125,848,0.00848,2,2e-05,0.00983125,7.684020757675171
BenchmarkTest01627.java,0,CWE-89,CWE-89,1,0,1,0,0,0,1,0,0,0,952,0.00119,902,0.00902,2,2e-05,0.01023,8.141750812530518
BenchmarkTest01628.java,0,CWE-89,CWE-89,1,0,0,1,0,0,0,1,0,0,1055,0.00131875,3245,0.03245,2,2e-05,0.03378875,31.634478330612183
BenchmarkTest01629.java,0,CWE-89,CWE-89,1,1,0,1,0,0,0,0,1,0,1002,0.0012525,1043,0.01043,2,2e-05,0.0117025,9.496057748794556
BenchmarkTest01630.java,0,CWE-89,CWE-89,1,0,1,0,0,0,1,0,0,0,1026,0.0012825,848,0.00848,2,2e-05,0.0097825,8.056815385818481
BenchmarkTest01631.java,0,CWE-89,CWE-89,1,0,1,0,0,0,1,0,0,0,999,0.00124875,1012,0.01012,2,2e-05,0.01138875,8.975777864456177
BenchmarkTest01632.java,0,CWE-643,CWE-643,1,1,0,1,0,0,0,0,1,0,1268,0.001585,1071,0.01071,2,2e-05,0.012315,9.545345306396484
BenchmarkTest01633.java,0,CWE-643,CWE-643,1,1,0,1,0,0,0,0,1,0,1425,0.00178125,1592,0.01592,2,2e-05,0.01772125,14.307986974716187
BenchmarkTest01634.java,0,CWE-327,CWE-327,1,0,1,0,0,0,1,0,0,0,2311,0.00288875,423,0.00423,2,2e-05,0.00713875,4.821001052856445
BenchmarkTest01635.java,0,CWE-327,,,,0,0,1,0,0,0,1,0,,,,,,,,
BenchmarkTest01636.java,0,CWE-327,,,,0,0,1,0,0,0,1,0,,,,,,,,
BenchmarkTest01637.java,0,CWE-327,CWE-327,1,0,1,0,0,0,1,0,0,0,2113,0.00264125,397,0.00397,2,2e-05,0.006631249999999999,4.595941781997681
BenchmarkTest01638.java,0,CWE-327,CWE-327,1,0,1,0,0,0,1,0,0,0,1912,0.00239,454,0.00454,2,2e-05,0.0069500000000000004,5.17488694190979
BenchmarkTest01639.java,0,CWE-327,CWE-327,1,0,1,0,0,0,1,0,0,0,1718,0.0021475,560,0.0056,2,2e-05,0.0077675,5.388201475143433
BenchmarkTest01640.java,0,CWE-327,,,,0,0,1,0,0,0,1,0,,,,,,,,
BenchmarkTest01641.java,0,CWE-327,CWE-327,1,0,1,0,0,0,1,0,0,0,1680,0.0021,390,0.0039,2,2e-05,0.00602,3.8988170623779297
BenchmarkTest01642.java,0,CWE-22,CWE-23,0,0,1,0,0,0,1,0,0,0,1488,0.00186,1699,0.01699,2,2e-05,0.01887,15.977065801620483
BenchmarkTest01643.java,0,CWE-22,CWE-23,0,0,1,0,0,0,1,0,0,0,1641,0.00205125,1589,0.01589,2,2e-05,0.01796125,14.45324182510376
BenchmarkTest01644.java,0,CWE-22,CWE-23,0,1,0,1,0,0,0,0,1,0,1660,0.002075,848,0.00848,2,2e-05,0.010575,8.085004091262817
BenchmarkTest01645.java,0,CWE-22,CWE-23,0,0,1,0,0,0,1,0,0,0,1661,0.00207625,997,0.00997,2,2e-05,0.012066249999999999,9.845772981643677
BenchmarkTest01646.java,0,CWE-22,CWE-23,0,1,0,1,0,0,0,0,1,0,1643,0.00205375,1269,0.01269,2,2e-05,0.014763749999999999,11.060996294021606
BenchmarkTest01647.java,0,CWE-22,CWE-23,0,0,1,0,0,0,1,0,0,0,1521,0.00190125,991,0.00991,2,2e-05,0.01183125,8.811244010925293
BenchmarkTest01648.java,0,CWE-330,CWE-330,1,0,1,0,0,0,1,0,0,0,1543,0.00192875,762,0.00762,2,2e-05,0.009568749999999999,7.484635829925537
BenchmarkTest01649.java,0,CWE-328,CWE-916,0,0,1,0,0,0,1,0,0,0,1702,0.0021275,1567,0.01567,2,2e-05,0.0178175,14.644928455352783
BenchmarkTest01650.java,0,CWE-328,CWE-916,0,0,1,0,0,0,1,0,0,0,1600,0.002,827,0.00827,2,2e-05,0.010289999999999999,8.870923042297363
BenchmarkTest01651.java,0,CWE-328,CWE-916,0,0,1,0,0,0,1,0,0,0,1570,0.0019625,687,0.00687,2,2e-05,0.0088525,7.065404176712036
BenchmarkTest01652.java,0,CWE-328,,,,0,0,1,0,0,0,1,0,,,,,,,,
BenchmarkTest01653.java,0,CWE-328,CWE-916,0,0,1,0,0,0,1,0,0,0,1507,0.00188375,1108,0.01108,2,2e-05,0.012983749999999999,11.300074100494385
BenchmarkTest01654.java,0,CWE-328,,,,0,0,0,1,0,0,0,1,,,,,,,,
BenchmarkTest01655.java,0,CWE-328,,,,0,0,1,0,0,0,1,0,,,,,,,,
BenchmarkTest01656.java,0,CWE-328,,,,0,0,1,0,0,0,1,0,,,,,,,,
BenchmarkTest01657.java,0,CWE-79,CWE-79,1,0,1,0,0,0,1,0,0,0,1571,0.00196375,1154,0.01154,2,2e-05,0.01352375,10.676278352737427
BenchmarkTest01658.java,0,CWE-79,CWE-79,1,0,1,0,0,0,1,0,0,0,1511,0.00188875,1110,0.0111,2,2e-05,0.01300875,10.5938138961792
BenchmarkTest01659.java,0,CWE-79,CWE-79,1,1,0,1,0,0,0,0,1,0,1501,0.00187625,842,0.00842,2,2e-05,0.010316249999999999,8.304181337356567
BenchmarkTest01660.java,0,CWE-79,CWE-79,1,0,1,0,0,0,1,0,0,0,1524,0.001905,1307,0.01307,2,2e-05,0.014995,13.609763383865356
BenchmarkTest01661.java,0,CWE-79,CWE-79,1,1,0,1,0,0,0,0,1,0,1534,0.0019175,962,0.00962,2,2e-05,0.011557499999999998,9.681084632873535
BenchmarkTest01662.java,0,CWE-79,CWE-79,1,0,1,0,0,0,1,0,0,0,1582,0.0019775,1068,0.01068,2,2e-05,0.0126775,18.206159591674805
BenchmarkTest01663.java,0,CWE-79,CWE-79,1,1,0,1,0,0,0,0,1,0,1648,0.00206,1373,0.01373,2,2e-05,0.015809999999999998,12.536150217056274
BenchmarkTest01664.java,0,CWE-79,CWE-79,1,1,0,1,0,0,0,0,1,0,1505,0.00188125,832,0.00832,2,2e-05,0.010221249999999998,8.219978094100952
BenchmarkTest01665.java,0,CWE-79,CWE-79,1,0,1,0,0,0,1,0,0,0,1518,0.0018975,1119,0.01119,2,2e-05,0.0131075,10.9808189868927
BenchmarkTest01666.java,0,CWE-79,CWE-79,1,0,1,0,0,0,1,0,0,0,1565,0.00195625,1207,0.01207,2,2e-05,0.01404625,11.450600624084473
BenchmarkTest01667.java,0,CWE-79,CWE-79,1,0,1,0,0,0,1,0,0,0,1614,0.0020175,1129,0.01129,2,2e-05,0.013327499999999999,10.500060319900513
BenchmarkTest01668.java,0,CWE-79,CWE-79,1,1,0,1,0,0,0,0,1,0,1639,0.00204875,774,0.00774,2,2e-05,0.00980875,7.124020099639893
BenchmarkTest01669.java,0,CWE-79,CWE-79,1,1,0,1,0,0,0,0,1,0,1503,0.00187875,943,0.00943,2,2e-05,0.011328749999999999,8.431517124176025
BenchmarkTest01670.java,0,CWE-79,CWE-79,1,0,1,0,0,0,1,0,0,0,1495,0.00186875,890,0.0089,2,2e-05,0.01078875,9.092227697372437
BenchmarkTest01671.java,0,CWE-79,CWE-79,1,1,0,1,0,0,0,0,1,0,1508,0.001885,991,0.00991,2,2e-05,0.011814999999999999,10.48241114616394
BenchmarkTest01672.java,0,CWE-78,CWE-78,1,1,0,1,0,0,0,0,1,0,1270,0.0015875,1116,0.01116,2,2e-05,0.0127675,9.733554363250732
BenchmarkTest01673.java,0,CWE-78,CWE-78,1,0,1,0,0,0,1,0,0,0,1235,0.00154375,1063,0.01063,2,2e-05,0.01219375,9.87893795967102
BenchmarkTest01674.java,0,CWE-78,CWE-78,1,0,1,0,0,0,1,0,0,0,1263,0.00157875,1365,0.01365,2,2e-05,0.01524875,12.899859428405762
BenchmarkTest01675.java,0,CWE-330,CWE-330,1,0,1,0,0,0,1,0,0,0,1637,0.00204625,676,0.00676,2,2e-05,0.008826249999999999,6.610704183578491
BenchmarkTest01676.java,0,CWE-330,CWE-330,1,0,1,0,0,0,1,0,0,0,1563,0.00195375,589,0.00589,2,2e-05,0.00786375,6.113872528076172
BenchmarkTest01677.java,0,CWE-330,CWE-330,1,0,1,0,0,0,1,0,0,0,1609,0.00201125,681,0.00681,2,2e-05,0.008841249999999998,7.031428813934326
BenchmarkTest01678.java,0,CWE-330,CWE-330,1,0,1,0,0,0,1,0,0,0,1869,0.00233625,716,0.00716,2,2e-05,0.009516249999999999,6.997821092605591
BenchmarkTest01679.java,0,CWE-330,CWE-330,1,0,1,0,0,0,1,0,0,0,1541,0.00192625,602,0.00602,2,2e-05,0.00796625,6.052176475524902
BenchmarkTest01680.java,0,CWE-330,CWE-330,1,0,1,0,0,0,1,0,0,0,1548,0.001935,700,0.007,2,2e-05,0.008955,6.82866907119751
BenchmarkTest01681.java,0,CWE-330,CWE-330,1,0,1,0,0,0,1,0,0,0,1642,0.0020525,840,0.0084,2,2e-05,0.0104725,7.889686822891235
BenchmarkTest01682.java,0,CWE-614,CWE-614,1,0,1,0,0,0,1,0,0,0,1261,0.00157625,578,0.00578,2,2e-05,0.00737625,5.872670888900757
BenchmarkTest01683.java,0,CWE-614,CWE-614,1,0,1,0,0,0,1,0,0,0,1298,0.0016225,631,0.00631,2,2e-05,0.0079525,6.265913963317871
BenchmarkTest01684.java,0,CWE-614,,,,0,0,1,0,0,0,1,0,,,,,,,,
BenchmarkTest01685.java,0,CWE-78,CWE-78,1,0,1,0,0,0,1,0,0,0,1353,0.00169125,1447,0.01447,2,2e-05,0.01618125,13.873944520950317
BenchmarkTest01686.java,0,CWE-78,CWE-78,1,1,0,1,0,0,0,0,1,0,1150,0.0014375,1163,0.01163,2,2e-05,0.013087499999999998,10.67222285270691
BenchmarkTest01687.java,0,CWE-78,CWE-78,1,1,0,1,0,0,0,0,1,0,1368,0.00171,1664,0.01664,2,2e-05,0.018369999999999997,13.94252896308899
BenchmarkTest01688.java,0,CWE-78,CWE-78,1,1,0,1,0,0,0,0,1,0,1247,0.00155875,1219,0.01219,2,2e-05,0.013768749999999998,11.191747426986694
BenchmarkTest01689.java,0,CWE-78,CWE-78,1,0,1,0,0,0,1,0,0,0,1251,0.00156375,1212,0.01212,2,2e-05,0.01370375,11.114599704742432
BenchmarkTest01690.java,0,CWE-78,CWE-78,1,0,1,0,0,0,1,0,0,0,1108,0.001385,1479,0.01479,2,2e-05,0.016194999999999998,14.149004697799683
BenchmarkTest01691.java,0,CWE-78,CWE-78,1,0,1,0,0,0,1,0,0,0,1216,0.00152,1099,0.01099,2,2e-05,0.01253,10.521111726760864
BenchmarkTest01692.java,0,CWE-78,CWE-78,1,1,0,1,0,0,0,0,1,0,1583,0.00197875,2476,0.02476,2,2e-05,0.02675875,20.383248805999756
BenchmarkTest01693.java,0,CWE-78,CWE-78,1,1,0,1,0,0,0,0,1,0,1258,0.0015725,1274,0.01274,2,2e-05,0.014332499999999998,12.026497602462769
BenchmarkTest01694.java,0,CWE-330,,,,0,0,1,0,0,0,1,0,,,,,,,,
BenchmarkTest01695.java,0,CWE-330,,,,0,0,1,0,0,0,1,0,,,,,,,,
BenchmarkTest01696.java,0,CWE-330,,,,0,0,1,0,0,0,1,0,,,,,,,,
BenchmarkTest01697.java,0,CWE-330,,,,0,0,1,0,0,0,1,0,,,,,,,,
BenchmarkTest01698.java,0,CWE-330,CWE-330,1,0,0,1,0,0,0,1,0,0,1983,0.00247875,2034,0.02034,2,2e-05,0.022838749999999998,24.10755443572998
BenchmarkTest01699.java,0,CWE-330,CWE-330,1,0,0,1,0,0,0,1,0,0,1631,0.00203875,2598,0.02598,2,2e-05,0.028038749999999998,25.915995121002197
BenchmarkTest01700.java,0,CWE-330,CWE-330,1,1,0,1,0,0,0,0,1,0,1719,0.00214875,910,0.0091,2,2e-05,0.01126875,8.250362634658813
BenchmarkTest01701.java,0,CWE-330,,,,0,0,1,0,0,0,1,0,,,,,,,,
BenchmarkTest01702.java,0,CWE-330,,,,0,0,1,0,0,0,1,0,,,,,,,,
BenchmarkTest01703.java,0,CWE-330,,,,0,0,1,0,0,0,1,0,,,,,,,,
BenchmarkTest01704.java,0,CWE-330,,,,0,0,1,0,0,0,1,0,,,,,,,,
BenchmarkTest01705.java,0,CWE-330,,,,0,0,1,0,0,0,1,0,,,,,,,,
BenchmarkTest01706.java,0,CWE-330,,,,0,0,1,0,0,0,1,0,,,,,,,,
BenchmarkTest01707.java,0,CWE-330,,,,0,0,1,0,0,0,1,0,,,,,,,,
BenchmarkTest01712.java,0,CWE-89,CWE-89,1,0,1,0,0,0,1,0,0,0,1230,0.0015375,1083,0.01083,2,2e-05,0.0123875,9.941149234771729
BenchmarkTest01713.java,0,CWE-89,CWE-89,1,1,0,1,0,0,0,0,1,0,1263,0.00157875,1065,0.01065,2,2e-05,0.01224875,9.598660469055176
BenchmarkTest01714.java,0,CWE-89,CWE-89,1,1,0,1,0,0,0,0,1,0,1188,0.001485,962,0.00962,2,2e-05,0.011125,9.466381788253784
BenchmarkTest01715.java,0,CWE-89,CWE-89,1,0,1,0,0,0,1,0,0,0,1204,0.001505,971,0.00971,2,2e-05,0.011234999999999998,9.0835702419281
BenchmarkTest01716.java,0,CWE-89,CWE-89,1,0,1,0,0,0,1,0,0,0,1209,0.00151125,985,0.00985,2,2e-05,0.011381249999999999,9.187175750732422
BenchmarkTest01717.java,0,CWE-89,CWE-89,1,1,0,1,0,0,0,0,1,0,1264,0.00158,1418,0.01418,2,2e-05,0.01578,13.62052059173584
BenchmarkTest01718.java,0,CWE-89,CWE-89,1,0,1,0,0,0,1,0,0,0,1224,0.00153,927,0.00927,2,2e-05,0.01082,10.08353853225708
BenchmarkTest01719.java,0,CWE-89,CWE-89,1,1,0,1,0,0,0,0,1,0,1230,0.0015375,1746,0.01746,2,2e-05,0.0190175,15.160254955291748
BenchmarkTest01720.java,0,CWE-89,,,,0,0,0,1,0,0,0,1,,,,,,,,
BenchmarkTest01721.java,0,CWE-89,CWE-89,1,0,1,0,0,0,1,0,0,0,1385,0.00173125,1089,0.01089,2,2e-05,0.01264125,10.385710000991821
BenchmarkTest01722.java,0,CWE-89,CWE-89,1,1,0,1,0,0,0,0,1,0,1495,0.00186875,2048,0.02048,2,2e-05,0.02236875,17.664305686950684
BenchmarkTest01723.java,0,CWE-89,,,,0,0,0,1,0,0,0,1,,,,,,,,
BenchmarkTest01724.java,0,CWE-89,,,,0,0,0,1,0,0,0,1,,,,,,,,
BenchmarkTest01725.java,0,CWE-89,,,,0,0,0,1,0,0,0,1,,,,,,,,
BenchmarkTest01726.java,0,CWE-89,,,,0,0,0,1,0,0,0,1,,,,,,,,
BenchmarkTest01727.java,0,CWE-89,CWE-89,1,0,1,0,0,0,1,0,0,0,1196,0.001495,963,0.00963,2,2e-05,0.011144999999999999,9.02538800239563
BenchmarkTest01728.java,0,CWE-89,CWE-89,1,0,1,0,0,0,1,0,0,0,1154,0.0014425,947,0.00947,2,2e-05,0.010932499999999998,8.611472845077515
BenchmarkTest01729.java,0,CWE-89,CWE-89,1,1,0,1,0,0,0,0,1,0,1224,0.00153,2268,0.02268,2,2e-05,0.024229999999999998,20.75850749015808
BenchmarkTest01730.java,0,CWE-89,CWE-89,1,0,1,0,0,0,1,0,0,0,1199,0.00149875,1085,0.01085,2,2e-05,0.01236875,10.023542642593384
BenchmarkTest01731.java,0,CWE-89,CWE-89,1,0,1,0,0,0,1,0,0,0,1223,0.00152875,998,0.00998,2,2e-05,0.011528749999999999,8.937700033187866
BenchmarkTest01732.java,0,CWE-89,CWE-89,1,1,0,1,0,0,0,0,1,0,1152,0.00144,986,0.00986,2,2e-05,0.01132,9.466550588607788
BenchmarkTest01733.java,0,CWE-89,CWE-89,1,0,1,0,0,0,1,0,0,0,1155,0.00144375,1040,0.0104,2,2e-05,0.01186375,9.980278253555298
BenchmarkTest01734.java,0,CWE-643,CWE-643,1,0,1,0,0,0,1,0,0,0,1363,0.00170375,1085,0.01085,2,2e-05,0.01257375,9.61175274848938
BenchmarkTest01735.java,0,CWE-643,CWE-643,1,1,0,1,0,0,0,0,1,0,1366,0.0017075,973,0.00973,2,2e-05,0.0114575,8.89085578918457
BenchmarkTest01736.java,0,CWE-643,CWE-643,1,0,1,0,0,0,1,0,0,0,1299,0.00162375,1367,0.01367,2,2e-05,0.01531375,12.707885980606079
BenchmarkTest01737.java,0,CWE-327,,,,0,0,1,0,0,0,1,0,,,,,,,,
BenchmarkTest01738.java,0,CWE-327,,,,0,0,1,0,0,0,1,0,,,,,,,,
BenchmarkTest01739.java,0,CWE-327,,,,0,0,1,0,0,0,1,0,,,,,,,,
BenchmarkTest01740.java,0,CWE-327,CWE-327,1,0,1,0,0,0,1,0,0,0,1399,0.00174875,665,0.00665,2,2e-05,0.00841875,6.056292533874512
BenchmarkTest01741.java,0,CWE-327,CWE-327,1,0,1,0,0,0,1,0,0,0,1465,0.00183125,500,0.005,2,2e-05,0.006851250000000001,5.036374092102051
BenchmarkTest01742.java,0,CWE-327,CWE-327,1,0,1,0,0,0,1,0,0,0,1398,0.0017475,480,0.0048,2,2e-05,0.0065674999999999996,4.753755807876587
BenchmarkTest01743.java,0,CWE-90,,,,0,0,1,0,0,0,1,0,,,,,,,,
BenchmarkTest01744.java,0,CWE-22,,,,0,0,1,0,0,0,1,0,,,,,,,,
BenchmarkTest01745.java,0,CWE-22,,,,0,0,1,0,0,0,1,0,,,,,,,,
BenchmarkTest01746.java,0,CWE-22,,,,0,0,1,0,0,0,1,0,,,,,,,,
BenchmarkTest01747.java,0,CWE-22,,,,0,0,1,0,0,0,1,0,,,,,,,,
BenchmarkTest01748.java,0,CWE-22,,,,0,0,1,0,0,0,1,0,,,,,,,,
BenchmarkTest01749.java,0,CWE-22,,,,0,0,1,0,0,0,1,0,,,,,,,,
BenchmarkTest01750.java,0,CWE-22,,,,0,0,1,0,0,0,1,0,,,,,,,,
BenchmarkTest01751.java,0,CWE-22,,,,0,0,1,0,0,0,1,0,,,,,,,,
BenchmarkTest01752.java,0,CWE-22,,,,0,0,1,0,0,0,1,0,,,,,,,,
BenchmarkTest01753.java,0,CWE-90,,,,0,0,1,0,0,0,1,0,,,,,,,,
BenchmarkTest01754.java,0,CWE-90,,,,0,0,1,0,0,0,1,0,,,,,,,,
BenchmarkTest01755.java,0,CWE-90,,,,0,0,1,0,0,0,1,0,,,,,,,,
BenchmarkTest01756.java,0,CWE-90,,,,0,0,1,0,0,0,1,0,,,,,,,,
BenchmarkTest01757.java,0,CWE-328,CWE-916,0,0,1,0,0,0,1,0,0,0,1527,0.00190875,715,0.00715,2,2e-05,0.00907875,7.81032395362854
BenchmarkTest01758.java,0,CWE-328,,,,0,0,1,0,0,0,1,0,,,,,,,,
BenchmarkTest01759.java,0,CWE-328,,,,0,0,1,0,0,0,1,0,,,,,,,,
BenchmarkTest01760.java,0,CWE-328,,,,0,0,1,0,0,0,1,0,,,,,,,,
BenchmarkTest01761.java,0,CWE-328,CWE-916,0,0,1,0,0,0,1,0,0,0,1432,0.00179,764,0.00764,2,2e-05,0.00945,8.644664525985718
BenchmarkTest01762.java,0,CWE-328,,,,0,0,1,0,0,0,1,0,,,,,,,,
BenchmarkTest01763.java,0,CWE-328,,,,0,0,1,0,0,0,1,0,,,,,,,,
BenchmarkTest01764.java,0,CWE-328,,,,0,0,1,0,0,0,1,0,,,,,,,,
BenchmarkTest01765.java,0,CWE-328,,,,0,0,0,1,0,0,0,1,,,,,,,,
BenchmarkTest01766.java,0,CWE-328,,,,0,0,0,1,0,0,0,1,,,,,,,,
BenchmarkTest01767.java,0,CWE-79,,,,0,0,1,0,0,0,1,0,,,,,,,,
BenchmarkTest01768.java,0,CWE-79,,,,0,0,1,0,0,0,1,0,,,,,,,,
BenchmarkTest01769.java,0,CWE-79,,,,0,0,1,0,0,0,1,0,,,,,,,,
BenchmarkTest01770.java,0,CWE-79,,,,0,0,1,0,0,0,1,0,,,,,,,,
BenchmarkTest01771.java,0,CWE-79,,,,0,0,1,0,0,0,1,0,,,,,,,,
BenchmarkTest01772.java,0,CWE-79,,,,0,0,1,0,0,0,1,0,,,,,,,,
BenchmarkTest01773.java,0,CWE-79,,,,0,0,1,0,0,0,1,0,,,,,,,,
BenchmarkTest01774.java,0,CWE-79,,,,0,0,1,0,0,0,1,0,,,,,,,,
BenchmarkTest01775.java,0,CWE-79,,,,0,0,1,0,0,0,1,0,,,,,,,,
BenchmarkTest01776.java,0,CWE-79,,,,0,0,1,0,0,0,1,0,,,,,,,,
BenchmarkTest01777.java,0,CWE-79,,,,0,0,1,0,0,0,1,0,,,,,,,,
BenchmarkTest01778.java,0,CWE-78,,,,0,0,1,0,0,0,1,0,,,,,,,,
BenchmarkTest01779.java,0,CWE-78,,,,0,0,1,0,0,0,1,0,,,,,,,,
BenchmarkTest01780.java,0,CWE-78,,,,0,0,1,0,0,0,1,0,,,,,,,,
BenchmarkTest01781.java,0,CWE-330,CWE-330,1,0,1,0,0,0,1,0,0,0,1449,0.00181125,595,0.00595,2,2e-05,0.007781250000000001,6.280598402023315
BenchmarkTest01782.java,0,CWE-330,CWE-330,1,0,1,0,0,0,1,0,0,0,1429,0.00178625,748,0.00748,2,2e-05,0.00928625,7.647578239440918
BenchmarkTest01783.java,0,CWE-330,CWE-330,1,0,1,0,0,0,1,0,0,0,1387,0.00173375,690,0.0069,2,2e-05,0.008653749999999998,6.915719985961914
BenchmarkTest01784.java,0,CWE-330,CWE-330,1,0,1,0,0,0,1,0,0,0,1422,0.0017775,732,0.00732,2,2e-05,0.009117499999999999,6.864208698272705
BenchmarkTest01785.java,0,CWE-330,CWE-330,1,0,1,0,0,0,1,0,0,0,1374,0.0017175,756,0.00756,2,2e-05,0.009297499999999998,7.239556550979614
BenchmarkTest01786.java,0,CWE-330,CWE-330,1,0,1,0,0,0,1,0,0,0,1423,0.00177875,793,0.00793,2,2e-05,0.009728749999999998,8.178266525268555
BenchmarkTest01787.java,0,CWE-330,CWE-330,1,0,1,0,0,0,1,0,0,0,1349,0.00168625,691,0.00691,2,2e-05,0.008616249999999999,6.618912220001221
BenchmarkTest01788.java,0,CWE-330,CWE-330,1,0,1,0,0,0,1,0,0,0,1380,0.001725,681,0.00681,2,2e-05,0.008555,6.719815254211426
BenchmarkTest01789.java,0,CWE-614,CWE-614,1,0,1,0,0,0,1,0,0,0,1137,0.00142125,690,0.0069,2,2e-05,0.00834125,6.6590659618377686
BenchmarkTest01790.java,0,CWE-79,,,,0,0,1,0,0,0,1,0,,,,,,,,
BenchmarkTest01791.java,0,CWE-78,,,,0,0,1,0,0,0,1,0,,,,,,,,
BenchmarkTest01792.java,0,CWE-78,,,,0,0,1,0,0,0,1,0,,,,,,,,
BenchmarkTest01793.java,0,CWE-78,,,,0,0,1,0,0,0,1,0,,,,,,,,
BenchmarkTest01794.java,0,CWE-78,,,,0,0,1,0,0,0,1,0,,,,,,,,
BenchmarkTest01795.java,0,CWE-78,,,,0,0,1,0,0,0,1,0,,,,,,,,
BenchmarkTest01796.java,0,CWE-78,,,,0,0,1,0,0,0,1,0,,,,,,,,
BenchmarkTest01797.java,0,CWE-330,,,,0,0,1,0,0,0,1,0,,,,,,,,
BenchmarkTest01798.java,0,CWE-330,,,,0,0,1,0,0,0,1,0,,,,,,,,
BenchmarkTest01799.java,0,CWE-330,,,,0,0,1,0,0,0,1,0,,,,,,,,
BenchmarkTest01800.java,0,CWE-330,,,,0,0,1,0,0,0,1,0,,,,,,,,
BenchmarkTest01801.java,0,CWE-330,,,,0,0,1,0,0,0,1,0,,,,,,,,
BenchmarkTest01803.java,0,CWE-89,,,,0,0,1,0,0,0,1,0,,,,,,,,
BenchmarkTest01804.java,0,CWE-89,,,,0,0,1,0,0,0,1,0,,,,,,,,
BenchmarkTest01805.java,0,CWE-89,,,,0,0,1,0,0,0,1,0,,,,,,,,
BenchmarkTest01806.java,0,CWE-89,,,,0,0,1,0,0,0,1,0,,,,,,,,
BenchmarkTest01807.java,0,CWE-89,,,,0,0,1,0,0,0,1,0,,,,,,,,
BenchmarkTest01808.java,0,CWE-89,,,,0,0,1,0,0,0,1,0,,,,,,,,
BenchmarkTest01809.java,0,CWE-89,,,,0,0,1,0,0,0,1,0,,,,,,,,
BenchmarkTest01810.java,0,CWE-89,,,,0,0,1,0,0,0,1,0,,,,,,,,
BenchmarkTest01811.java,0,CWE-89,,,,0,0,1,0,0,0,1,0,,,,,,,,
BenchmarkTest01812.java,0,CWE-89,,,,0,0,1,0,0,0,1,0,,,,,,,,
BenchmarkTest01813.java,0,CWE-89,,,,0,0,1,0,0,0,1,0,,,,,,,,
BenchmarkTest01814.java,0,CWE-89,,,,0,0,1,0,0,0,1,0,,,,,,,,
BenchmarkTest01815.java,0,CWE-89,,,,0,0,1,0,0,0,1,0,,,,,,,,
BenchmarkTest01816.java,0,CWE-89,,,,0,0,1,0,0,0,1,0,,,,,,,,
BenchmarkTest01817.java,0,CWE-89,,,,0,0,1,0,0,0,1,0,,,,,,,,
BenchmarkTest01818.java,0,CWE-89,,,,0,0,1,0,0,0,1,0,,,,,,,,
BenchmarkTest01819.java,0,CWE-89,,,,0,0,1,0,0,0,1,0,,,,,,,,
BenchmarkTest01820.java,0,CWE-89,,,,0,0,1,0,0,0,1,0,,,,,,,,
BenchmarkTest01821.java,0,CWE-643,,,,0,0,1,0,0,0,1,0,,,,,,,,
BenchmarkTest01822.java,0,CWE-327,CWE-327,1,0,1,0,0,0,1,0,0,0,2091,0.00261375,423,0.00423,2,2e-05,0.006863750000000001,4.75889778137207
BenchmarkTest01823.java,0,CWE-327,CWE-327,1,0,1,0,0,0,1,0,0,0,2012,0.002515,445,0.00445,2,2e-05,0.006985,4.546559810638428
BenchmarkTest01824.java,0,CWE-327,,,,0,0,1,0,0,0,1,0,,,,,,,,
BenchmarkTest01825.java,0,CWE-327,,,,0,0,1,0,0,0,1,0,,,,,,,,
BenchmarkTest01826.java,0,CWE-327,,,,0,0,1,0,0,0,1,0,,,,,,,,
BenchmarkTest01827.java,0,CWE-327,,,,0,0,1,0,0,0,1,0,,,,,,,,
BenchmarkTest01828.java,0,CWE-327,,,,0,0,1,0,0,0,1,0,,,,,,,,
BenchmarkTest01829.java,0,CWE-327,CWE-327,1,0,1,0,0,0,1,0,0,0,1914,0.0023925,524,0.00524,2,2e-05,0.0076525000000000004,5.804529666900635
BenchmarkTest01830.java,0,CWE-327,CWE-327,1,0,1,0,0,0,1,0,0,0,1616,0.00202,550,0.0055,2,2e-05,0.00754,5.526587724685669
BenchmarkTest01831.java,0,CWE-90,CWE-90,1,0,1,0,0,0,1,0,0,0,1581,0.00197625,1057,0.01057,2,2e-05,0.01256625,9.69502329826355
BenchmarkTest01832.java,0,CWE-90,CWE-90,1,0,1,0,0,0,1,0,0,0,1566,0.0019575,871,0.00871,2,2e-05,0.010687499999999999,8.492720127105713
BenchmarkTest01833.java,0,CWE-22,CWE-23,0,0,1,0,0,0,1,0,0,0,1590,0.0019875,1256,0.01256,2,2e-05,0.014567499999999999,11.966040849685669
BenchmarkTest01834.java,0,CWE-22,CWE-23,0,1,0,1,0,0,0,0,1,0,1579,0.00197375,990,0.0099,2,2e-05,0.01189375,9.200127124786377
BenchmarkTest01835.java,0,CWE-22,CWE-23,0,0,1,0,0,0,1,0,0,0,1519,0.00189875,1297,0.01297,2,2e-05,0.01488875,12.409527063369751
BenchmarkTest01836.java,0,CWE-22,CWE-23,0,0,1,0,0,0,1,0,0,0,1752,0.00219,1351,0.01351,2,2e-05,0.015719999999999998,13.13032579421997
BenchmarkTest01837.java,0,CWE-22,CWE-23,0,1,0,1,0,0,0,0,1,0,1687,0.00210875,940,0.0094,2,2e-05,0.011528749999999999,7.949713468551636
BenchmarkTest01838.java,0,CWE-22,CWE-23,0,1,0,1,0,0,0,0,1,0,1749,0.00218625,2234,0.02234,2,2e-05,0.02454625,19.77012348175049
BenchmarkTest01839.java,0,CWE-22,CWE-23,0,0,1,0,0,0,1,0,0,0,1553,0.00194125,833,0.00833,2,2e-05,0.01029125,7.555070638656616
BenchmarkTest01840.java,0,CWE-22,CWE-23,0,0,1,0,0,0,1,0,0,0,1515,0.00189375,860,0.0086,2,2e-05,0.010513749999999999,7.786335706710815
BenchmarkTest01841.java,0,CWE-22,CWE-23,0,1,0,1,0,0,0,0,1,0,1827,0.00228375,2482,0.02482,2,2e-05,0.02712375,20.72899293899536
BenchmarkTest01842.java,0,CWE-330,CWE-330,1,0,1,0,0,0,1,0,0,0,1556,0.001945,815,0.00815,2,2e-05,0.010114999999999999,7.623830318450928
BenchmarkTest01843.java,0,CWE-330,CWE-330,1,0,1,0,0,0,1,0,0,0,1642,0.0020525,716,0.00716,2,2e-05,0.0092325,8.166231870651245
BenchmarkTest01844.java,0,CWE-328,CWE-916,0,0,1,0,0,0,1,0,0,0,2008,0.00251,1590,0.0159,2,2e-05,0.018430000000000002,13.71962571144104
BenchmarkTest01845.java,0,CWE-328,CWE-916,0,0,1,0,0,0,1,0,0,0,1684,0.002105,955,0.00955,2,2e-05,0.011674999999999998,9.066467761993408
BenchmarkTest01846.java,0,CWE-328,CWE-916,0,0,1,0,0,0,1,0,0,0,1660,0.002075,752,0.00752,2,2e-05,0.009614999999999999,8.24426555633545
BenchmarkTest01847.java,0,CWE-328,,,,0,0,1,0,0,0,1,0,,,,,,,,
BenchmarkTest01848.java,0,CWE-328,,,,0,0,1,0,0,0,1,0,,,,,,,,
BenchmarkTest01849.java,0,CWE-328,,,,0,0,1,0,0,0,1,0,,,,,,,,
BenchmarkTest01850.java,0,CWE-78,CWE-78,1,0,1,0,0,0,1,0,0,0,1294,0.0016175,1047,0.01047,2,2e-05,0.0121075,9.67120099067688
BenchmarkTest01851.java,0,CWE-78,CWE-78,1,0,1,0,0,0,1,0,0,0,1367,0.00170875,1116,0.01116,2,2e-05,0.01288875,10.030799388885498
BenchmarkTest01852.java,0,CWE-78,CWE-78,1,0,1,0,0,0,1,0,0,0,1298,0.0016225,1006,0.01006,2,2e-05,0.0117025,9.788508415222168
BenchmarkTest01853.java,0,CWE-330,CWE-330,1,0,1,0,0,0,1,0,0,0,1620,0.002025,641,0.00641,2,2e-05,0.008454999999999999,5.720199346542358
BenchmarkTest01854.java,0,CWE-330,CWE-330,1,0,1,0,0,0,1,0,0,0,1917,0.00239625,882,0.00882,2,2e-05,0.01123625,8.223533153533936
BenchmarkTest01855.java,0,CWE-330,CWE-330,1,0,1,0,0,0,1,0,0,0,1608,0.00201,867,0.00867,2,2e-05,0.0107,9.697297811508179
BenchmarkTest01856.java,0,CWE-330,CWE-330,1,0,1,0,0,0,1,0,0,0,1526,0.0019075,653,0.00653,2,2e-05,0.0084575,6.290724039077759
BenchmarkTest01857.java,0,CWE-330,CWE-330,1,0,1,0,0,0,1,0,0,0,1597,0.00199625,860,0.0086,2,2e-05,0.010616249999999999,7.9180872440338135
BenchmarkTest01858.java,0,CWE-330,CWE-330,1,0,1,0,0,0,1,0,0,0,1671,0.00208875,784,0.00784,2,2e-05,0.00994875,7.3287882804870605
BenchmarkTest01859.java,0,CWE-330,CWE-330,1,0,1,0,0,0,1,0,0,0,1541,0.00192625,820,0.0082,2,2e-05,0.010146249999999999,7.536386251449585
BenchmarkTest01860.java,0,CWE-330,CWE-330,1,0,1,0,0,0,1,0,0,0,1541,0.00192625,736,0.00736,2,2e-05,0.009306249999999999,7.582020044326782
BenchmarkTest01861.java,0,CWE-614,CWE-614,1,0,1,0,0,0,1,0,0,0,1334,0.0016675,1094,0.01094,2,2e-05,0.0126275,10.518201351165771
BenchmarkTest01862.java,0,CWE-614,,,,0,0,1,0,0,0,1,0,,,,,,,,
BenchmarkTest01863.java,0,CWE-614,,,,0,0,1,0,0,0,1,0,,,,,,,,
BenchmarkTest01864.java,0,CWE-78,CWE-78,1,0,1,0,0,0,1,0,0,0,1263,0.00157875,904,0.00904,2,2e-05,0.010638749999999999,8.3876793384552
BenchmarkTest01865.java,0,CWE-78,CWE-78,1,1,0,1,0,0,0,0,1,0,1325,0.00165625,1410,0.0141,2,2e-05,0.01577625,12.85251760482788
BenchmarkTest01866.java,0,CWE-330,CWE-330,1,0,0,1,0,0,0,1,0,0,1688,0.00211,2008,0.02008,2,2e-05,0.02221,18.80222749710083
BenchmarkTest01867.java,0,CWE-330,CWE-330,1,0,0,1,0,0,0,1,0,0,1797,0.00224625,2242,0.02242,2,2e-05,0.02468625,21.625828504562378
BenchmarkTest01868.java,0,CWE-330,,,,0,0,1,0,0,0,1,0,,,,,,,,
BenchmarkTest01869.java,0,CWE-330,,,,0,0,1,0,0,0,1,0,,,,,,,,
BenchmarkTest01870.java,0,CWE-330,,,,0,0,1,0,0,0,1,0,,,,,,,,
BenchmarkTest01871.java,0,CWE-330,,,,0,0,1,0,0,0,1,0,,,,,,,,
BenchmarkTest01877.java,0,CWE-89,CWE-89,1,1,0,1,0,0,0,0,1,0,1317,0.00164625,1104,0.01104,2,2e-05,0.012706249999999999,10.326329469680786
BenchmarkTest01878.java,0,CWE-89,CWE-89,1,0,0,1,0,0,0,1,0,0,1206,0.0015075,2935,0.02935,2,2e-05,0.0308775,27.596957683563232
BenchmarkTest01879.java,0,CWE-89,CWE-89,1,0,0,1,0,0,0,1,0,0,1278,0.0015975,9599,0.09599,2,2e-05,0.09760750000000001,80.95488357543945
BenchmarkTest01880.java,0,CWE-89,CWE-89,1,1,0,1,0,0,0,0,1,0,1350,0.0016875,1222,0.01222,2,2e-05,0.013927499999999999,10.937708616256714
BenchmarkTest01881.java,0,CWE-89,CWE-89,1,0,1,0,0,0,1,0,0,0,1300,0.001625,954,0.00954,2,2e-05,0.011184999999999999,8.378611326217651
BenchmarkTest01882.java,0,CWE-89,CWE-89,1,0,1,0,0,0,1,0,0,0,1495,0.00186875,837,0.00837,2,2e-05,0.01025875,7.694517612457275
BenchmarkTest01883.java,0,CWE-89,,,,0,0,0,1,0,0,0,1,,,,,,,,
BenchmarkTest01884.java,0,CWE-89,CWE-89,1,1,0,1,0,0,0,0,1,0,1217,0.00152125,1236,0.01236,2,2e-05,0.013901249999999999,10.77512001991272
BenchmarkTest01885.java,0,CWE-89,CWE-89,1,1,0,1,0,0,0,0,1,0,1228,0.001535,1517,0.01517,2,2e-05,0.016724999999999997,13.85355019569397
BenchmarkTest01886.java,0,CWE-89,CWE-89,1,1,0,1,0,0,0,0,1,0,1502,0.0018775,1136,0.01136,2,2e-05,0.0132575,10.827323198318481
BenchmarkTest01887.java,0,CWE-89,CWE-89,1,0,1,0,0,0,1,0,0,0,1134,0.0014175,1025,0.01025,2,2e-05,0.0116875,10.23596477508545
BenchmarkTest01888.java,0,CWE-89,CWE-89,1,0,1,0,0,0,1,0,0,0,1189,0.00148625,1033,0.01033,2,2e-05,0.01183625,10.057445764541626
BenchmarkTest01889.java,0,CWE-89,CWE-89,1,0,1,0,0,0,1,0,0,0,1143,0.00142875,1003,0.01003,2,2e-05,0.01147875,9.399703741073608
BenchmarkTest01890.java,0,CWE-89,CWE-89,1,0,1,0,0,0,1,0,0,0,1143,0.00142875,877,0.00877,2,2e-05,0.010218749999999999,8.330308198928833
BenchmarkTest01891.java,0,CWE-89,CWE-89,1,0,1,0,0,0,1,0,0,0,1191,0.00148875,848,0.00848,2,2e-05,0.00998875,7.996758699417114
BenchmarkTest01892.java,0,CWE-643,CWE-643,1,0,1,0,0,0,1,0,0,0,1469,0.00183625,1111,0.01111,2,2e-05,0.012966249999999999,10.35384488105774
BenchmarkTest01893.java,0,CWE-643,CWE-643,1,1,0,1,0,0,0,0,1,0,1408,0.00176,945,0.00945,2,2e-05,0.011229999999999999,9.813600063323975
BenchmarkTest01894.java,0,CWE-643,CWE-643,1,0,1,0,0,0,1,0,0,0,1281,0.00160125,1055,0.01055,2,2e-05,0.01217125,10.350018501281738
BenchmarkTest01895.java,0,CWE-327,CWE-327,1,0,1,0,0,0,1,0,0,0,1889,0.00236125,349,0.00349,2,2e-05,0.005871250000000001,4.467880487442017
BenchmarkTest01896.java,0,CWE-327,,,,0,0,1,0,0,0,1,0,,,,,,,,
BenchmarkTest01897.java,0,CWE-327,CWE-327,1,0,1,0,0,0,1,0,0,0,1487,0.00185875,582,0.00582,2,2e-05,0.00769875,5.770272254943848
BenchmarkTest01898.java,0,CWE-327,CWE-327,1,0,1,0,0,0,1,0,0,0,1510,0.0018875,436,0.00436,2,2e-05,0.0062675000000000005,4.393114805221558
BenchmarkTest01899.java,0,CWE-327,,,,0,0,1,0,0,0,1,0,,,,,,,,
BenchmarkTest01900.java,0,CWE-327,CWE-327,1,0,1,0,0,0,1,0,0,0,1418,0.0017725,776,0.00776,2,2e-05,0.0095525,7.236170291900635
BenchmarkTest01901.java,0,CWE-327,,,,0,0,1,0,0,0,1,0,,,,,,,,
BenchmarkTest01902.java,0,CWE-90,CWE-90,1,0,1,0,0,0,1,0,0,0,1376,0.00172,1168,0.01168,2,2e-05,0.013419999999999998,10.072283267974854
BenchmarkTest01903.java,0,CWE-90,CWE-90,1,0,0,1,0,0,0,1,0,0,1343,0.00167875,4205,0.04205,2,2e-05,0.043748749999999996,39.96759629249573
BenchmarkTest01904.java,0,CWE-22,CWE-23,0,0,1,0,0,0,1,0,0,0,1394,0.0017425,1027,0.01027,2,2e-05,0.012032499999999998,8.833642482757568
BenchmarkTest01905.java,0,CWE-22,CWE-23,0,1,0,1,0,0,0,0,1,0,1535,0.00191875,1146,0.01146,2,2e-05,0.01339875,10.526921272277832
BenchmarkTest01906.java,0,CWE-22,CWE-23,0,0,1,0,0,0,1,0,0,0,1408,0.00176,1106,0.01106,2,2e-05,0.012839999999999999,9.408637523651123
BenchmarkTest01907.java,0,CWE-22,CWE-23,0,0,1,0,0,0,1,0,0,0,1362,0.0017025,1073,0.01073,2,2e-05,0.012452499999999998,11.5459144115448
BenchmarkTest01908.java,0,CWE-22,CWE-23,0,0,1,0,0,0,1,0,0,0,1576,0.00197,1184,0.01184,2,2e-05,0.013829999999999999,12.034444570541382
BenchmarkTest01909.java,0,CWE-90,CWE-90,1,1,0,1,0,0,0,0,1,0,1476,0.001845,1013,0.01013,2,2e-05,0.011994999999999999,9.22808575630188
BenchmarkTest01910.java,0,CWE-330,CWE-330,1,0,1,0,0,0,1,0,0,0,1472,0.00184,813,0.00813,2,2e-05,0.009989999999999999,8.482995748519897
BenchmarkTest01911.java,0,CWE-328,CWE-916,0,0,1,0,0,0,1,0,0,0,1556,0.001945,1046,0.01046,2,2e-05,0.012425,11.01270055770874
BenchmarkTest01912.java,0,CWE-328,,,,0,0,1,0,0,0,1,0,,,,,,,,
BenchmarkTest01913.java,0,CWE-328,,,,0,0,1,0,0,0,1,0,,,,,,,,
BenchmarkTest01914.java,0,CWE-79,CWE-79,1,1,0,1,0,0,0,0,1,0,1450,0.0018125,1249,0.01249,2,2e-05,0.014322499999999998,10.901713848114014
BenchmarkTest01915.java,0,CWE-79,CWE-79,1,1,0,1,0,0,0,0,1,0,1391,0.00173875,1124,0.01124,2,2e-05,0.01299875,9.213182210922241
BenchmarkTest01916.java,0,CWE-79,CWE-79,1,0,1,0,0,0,1,0,0,0,1347,0.00168375,1319,0.01319,2,2e-05,0.014893749999999999,11.472441911697388
BenchmarkTest01917.java,0,CWE-79,CWE-79,1,0,0,1,0,0,0,1,0,0,1345,0.00168125,2175,0.02175,2,2e-05,0.023451249999999996,20.40994358062744
BenchmarkTest01918.java,0,CWE-79,CWE-79,1,1,0,1,0,0,0,0,1,0,1395,0.00174375,1221,0.01221,2,2e-05,0.01397375,10.72247052192688
BenchmarkTest01919.java,0,CWE-79,CWE-79,1,0,1,0,0,0,1,0,0,0,1389,0.00173625,1190,0.0119,2,2e-05,0.01365625,12.65678071975708
BenchmarkTest01920.java,0,CWE-79,CWE-79,1,0,1,0,0,0,1,0,0,0,1430,0.0017875,1290,0.0129,2,2e-05,0.014707499999999998,12.15851879119873
BenchmarkTest01921.java,0,CWE-79,CWE-79,1,0,1,0,0,0,1,0,0,0,1463,0.00182875,1202,0.01202,2,2e-05,0.01386875,11.050068616867065
BenchmarkTest01922.java,0,CWE-79,CWE-79,1,0,1,0,0,0,1,0,0,0,1425,0.00178125,1177,0.01177,2,2e-05,0.013571249999999998,10.366253852844238
BenchmarkTest01923.java,0,CWE-79,CWE-79,1,0,1,0,0,0,1,0,0,0,1375,0.00171875,1228,0.01228,2,2e-05,0.014018749999999998,11.318606853485107
BenchmarkTest01924.java,0,CWE-79,CWE-79,1,0,0,1,0,0,0,1,0,0,1356,0.001695,6771,0.06771,2,2e-05,0.06942500000000001,55.25948452949524
BenchmarkTest01925.java,0,CWE-79,CWE-79,1,0,1,0,0,0,1,0,0,0,1392,0.00174,1152,0.01152,2,2e-05,0.01328,10.913591623306274
BenchmarkTest01926.java,0,CWE-79,CWE-79,1,0,1,0,0,0,1,0,0,0,1371,0.00171375,1020,0.0102,2,2e-05,0.01193375,10.416297674179077
BenchmarkTest01927.java,0,CWE-79,CWE-79,1,0,1,0,0,0,1,0,0,0,1393,0.00174125,1226,0.01226,2,2e-05,0.014021249999999999,12.019557476043701
BenchmarkTest01928.java,0,CWE-78,CWE-78,1,0,1,0,0,0,1,0,0,0,1181,0.00147625,938,0.00938,2,2e-05,0.010876249999999999,8.33384108543396
BenchmarkTest01929.java,0,CWE-78,CWE-78,1,0,1,0,0,0,1,0,0,0,1160,0.00145,1052,0.01052,2,2e-05,0.011989999999999999,9.067100048065186
BenchmarkTest01930.java,0,CWE-330,CWE-330,1,0,1,0,0,0,1,0,0,0,1388,0.001735,728,0.00728,2,2e-05,0.009035,6.596085786819458
BenchmarkTest01931.java,0,CWE-330,CWE-330,1,0,1,0,0,0,1,0,0,0,1708,0.002135,771,0.00771,2,2e-05,0.009864999999999999,7.223863840103149
BenchmarkTest01932.java,0,CWE-330,CWE-330,1,0,1,0,0,0,1,0,0,0,1423,0.00177875,608,0.00608,2,2e-05,0.00787875,5.819010019302368
BenchmarkTest01933.java,0,CWE-330,CWE-330,1,0,1,0,0,0,1,0,0,0,1354,0.0016925,659,0.00659,2,2e-05,0.008302499999999999,6.86496114730835
BenchmarkTest01934.java,0,CWE-330,CWE-330,1,0,1,0,0,0,1,0,0,0,1350,0.0016875,612,0.00612,2,2e-05,0.0078275,6.286846876144409
BenchmarkTest01935.java,0,CWE-614,,,,0,0,1,0,0,0,1,0,,,,,,,,
BenchmarkTest01936.java,0,CWE-78,CWE-78,1,0,1,0,0,0,1,0,0,0,1111,0.00138875,1180,0.0118,2,2e-05,0.013208749999999998,10.465568542480469
BenchmarkTest01937.java,0,CWE-78,CWE-78,1,1,0,1,0,0,0,0,1,0,1114,0.0013925,2680,0.0268,2,2e-05,0.0282125,22.41676640510559
BenchmarkTest01938.java,0,CWE-78,CWE-78,1,0,1,0,0,0,1,0,0,0,1243,0.00155375,1484,0.01484,2,2e-05,0.01641375,14.5319242477417
BenchmarkTest01939.java,0,CWE-78,CWE-78,1,1,0,1,0,0,0,0,1,0,1005,0.00125625,1640,0.0164,2,2e-05,0.01767625,15.39237380027771
BenchmarkTest01940.java,0,CWE-78,CWE-78,1,0,1,0,0,0,1,0,0,0,1109,0.00138625,1049,0.01049,2,2e-05,0.011896249999999999,11.57895016670227
BenchmarkTest01941.java,0,CWE-78,CWE-78,1,1,0,1,0,0,0,0,1,0,1301,0.00162625,1485,0.01485,2,2e-05,0.01649625,15.197221279144287
BenchmarkTest01942.java,0,CWE-78,CWE-78,1,0,1,0,0,0,1,0,0,0,1055,0.00131875,1240,0.0124,2,2e-05,0.01373875,10.788610696792603
BenchmarkTest01943.java,0,CWE-78,CWE-78,1,1,0,1,0,0,0,0,1,0,1202,0.0015025,1122,0.01122,2,2e-05,0.0127425,10.069016933441162
BenchmarkTest01944.java,0,CWE-78,CWE-78,1,0,1,0,0,0,1,0,0,0,1164,0.001455,854,0.00854,2,2e-05,0.010015,7.716108560562134
BenchmarkTest01945.java,0,CWE-330,,,,0,0,1,0,0,0,1,0,,,,,,,,
BenchmarkTest01946.java,0,CWE-330,,,,0,0,1,0,0,0,1,0,,,,,,,,
BenchmarkTest01947.java,0,CWE-330,,,,0,0,1,0,0,0,1,0,,,,,,,,
BenchmarkTest01948.java,0,CWE-330,,,,0,0,1,0,0,0,1,0,,,,,,,,
BenchmarkTest01949.java,0,CWE-330,,,,0,0,1,0,0,0,1,0,,,,,,,,
BenchmarkTest01950.java,0,CWE-330,,,,0,0,1,0,0,0,1,0,,,,,,,,
BenchmarkTest01951.java,0,CWE-330,,,,0,0,1,0,0,0,1,0,,,,,,,,
BenchmarkTest01952.java,0,CWE-330,,,,0,0,1,0,0,0,1,0,,,,,,,,
BenchmarkTest01953.java,0,CWE-330,,,,0,0,1,0,0,0,1,0,,,,,,,,
BenchmarkTest01954.java,0,CWE-330,,,,0,0,1,0,0,0,1,0,,,,,,,,
BenchmarkTest01961.java,0,CWE-89,CWE-89,1,1,0,1,0,0,0,0,1,0,1341,0.00167625,1634,0.01634,2,2e-05,0.01803625,14.460900783538818
BenchmarkTest01962.java,0,CWE-89,CWE-89,1,0,1,0,0,0,1,0,0,0,1047,0.00130875,848,0.00848,2,2e-05,0.009808749999999998,8.120718717575073
BenchmarkTest01963.java,0,CWE-89,CWE-89,1,0,1,0,0,0,1,0,0,0,989,0.00123625,704,0.00704,2,2e-05,0.00829625,6.4995176792144775
BenchmarkTest01964.java,0,CWE-89,CWE-89,1,0,1,0,0,0,1,0,0,0,1293,0.00161625,1032,0.01032,2,2e-05,0.011956249999999998,9.256967306137085
BenchmarkTest01965.java,0,CWE-89,,,,0,0,1,0,0,0,1,0,,,,,,,,
BenchmarkTest01966.java,0,CWE-89,,,,0,0,1,0,0,0,1,0,,,,,,,,
BenchmarkTest01967.java,0,CWE-89,,,,0,0,1,0,0,0,1,0,,,,,,,,
BenchmarkTest01968.java,0,CWE-89,CWE-89,1,0,0,1,0,0,0,1,0,0,1075,0.00134375,9601,0.09601,2,2e-05,0.09737375000000001,83.86066746711731
BenchmarkTest01969.java,0,CWE-89,CWE-89,1,1,0,1,0,0,0,0,1,0,994,0.0012425,990,0.0099,2,2e-05,0.0111625,9.115281343460083
BenchmarkTest01970.java,0,CWE-89,CWE-89,1,0,1,0,0,0,1,0,0,0,1066,0.0013325,840,0.0084,2,2e-05,0.009752499999999999,7.845663547515869
BenchmarkTest01971.java,0,CWE-89,CWE-89,1,0,1,0,0,0,1,0,0,0,1065,0.00133125,802,0.00802,2,2e-05,0.009371249999999998,7.9274067878723145
BenchmarkTest01972.java,0,CWE-89,CWE-89,1,0,1,0,0,0,1,0,0,0,950,0.0011875,797,0.00797,2,2e-05,0.009177499999999998,7.523997783660889
BenchmarkTest01973.java,0,CWE-89,CWE-89,1,0,0,1,0,0,0,1,0,0,1048,0.00131,5605,0.05605,2,2e-05,0.05738,52.590742111206055
BenchmarkTest01974.java,0,CWE-643,CWE-643,1,0,1,0,0,0,1,0,0,0,1285,0.00160625,1082,0.01082,2,2e-05,0.012446249999999999,9.682591676712036
BenchmarkTest01975.java,0,CWE-327,,,,0,0,1,0,0,0,1,0,,,,,,,,
BenchmarkTest01976.java,0,CWE-327,,,,0,0,1,0,0,0,1,0,,,,,,,,
BenchmarkTest01977.java,0,CWE-327,,,,0,0,1,0,0,0,1,0,,,,,,,,
BenchmarkTest01978.java,0,CWE-327,CWE-327,1,0,1,0,0,0,1,0,0,0,1534,0.0019175,459,0.00459,2,2e-05,0.0065275,5.156970262527466
BenchmarkTest01979.java,0,CWE-327,,,,0,0,1,0,0,0,1,0,,,,,,,,
BenchmarkTest01980.java,0,CWE-327,CWE-327,1,0,1,0,0,0,1,0,0,0,1480,0.00185,607,0.00607,2,2e-05,0.00794,6.287306070327759
BenchmarkTest01981.java,0,CWE-327,CWE-327,1,0,1,0,0,0,1,0,0,0,1494,0.0018675,672,0.00672,2,2e-05,0.008607499999999999,7.4784886837005615
BenchmarkTest01982.java,0,CWE-327,,,,0,0,1,0,0,0,1,0,,,,,,,,
BenchmarkTest01983.java,0,CWE-22,CWE-23,0,0,1,0,0,0,1,0,0,0,1392,0.00174,1078,0.01078,2,2e-05,0.012539999999999999,11.36902379989624
BenchmarkTest01984.java,0,CWE-22,CWE-23,0,1,0,1,0,0,0,0,1,0,1500,0.001875,1025,0.01025,2,2e-05,0.012145,9.3903169631958
BenchmarkTest01985.java,0,CWE-22,CWE-23,0,1,1,0,0,0,0,0,0,1,1410,0.0017625,3639,0.03639,2,2e-05,0.0381725,33.210259675979614
BenchmarkTest01986.java,0,CWE-22,CWE-23,0,1,0,1,0,0,0,0,1,0,1672,0.00209,1383,0.01383,2,2e-05,0.01594,12.000603675842285
BenchmarkTest01987.java,0,CWE-22,CWE-23,0,0,1,0,0,0,1,0,0,0,1634,0.0020425,1303,0.01303,2,2e-05,0.015092499999999998,12.710483312606812
BenchmarkTest01988.java,0,CWE-22,CWE-23,0,0,1,0,0,0,1,0,0,0,1593,0.00199125,1295,0.01295,2,2e-05,0.014961249999999999,11.659085273742676
BenchmarkTest01989.java,0,CWE-22,CWE-23,0,0,1,0,0,0,1,0,0,0,1423,0.00177875,1212,0.01212,2,2e-05,0.01391875,10.811309099197388
BenchmarkTest01990.java,0,CWE-22,CWE-23,0,1,0,1,0,0,0,0,1,0,1491,0.00186375,1013,0.01013,2,2e-05,0.01201375,9.651276588439941
BenchmarkTest01991.java,0,CWE-22,CWE-23,0,1,0,1,0,0,0,0,1,0,1917,0.00239625,1935,0.01935,2,2e-05,0.021766249999999997,16.98215365409851
BenchmarkTest01992.java,0,CWE-330,CWE-330,1,0,1,0,0,0,1,0,0,0,1777,0.00222125,728,0.00728,2,2e-05,0.009521249999999998,7.028539657592773
BenchmarkTest01993.java,0,CWE-328,,,,0,0,1,0,0,0,1,0,,,,,,,,
BenchmarkTest01994.java,0,CWE-328,,,,0,0,1,0,0,0,1,0,,,,,,,,
BenchmarkTest01995.java,0,CWE-328,,,,0,0,1,0,0,0,1,0,,,,,,,,
BenchmarkTest01996.java,0,CWE-328,,,,0,0,0,1,0,0,0,1,,,,,,,,
BenchmarkTest01997.java,0,CWE-328,,,,0,0,0,1,0,0,0,1,,,,,,,,
BenchmarkTest01998.java,0,CWE-328,,,,0,0,1,0,0,0,1,0,,,,,,,,
BenchmarkTest01999.java,0,CWE-330,CWE-330,1,0,1,0,0,0,1,0,0,0,1577,0.00197125,653,0.00653,2,2e-05,0.00852125,6.255497455596924
BenchmarkTest02000.java,0,CWE-330,CWE-330,1,0,1,0,0,0,1,0,0,0,1466,0.0018325,764,0.00764,2,2e-05,0.0094925,7.01665997505188
BenchmarkTest02001.java,0,CWE-330,CWE-330,1,0,1,0,0,0,1,0,0,0,1444,0.001805,725,0.00725,2,2e-05,0.009075,6.93385124206543
BenchmarkTest02002.java,0,CWE-330,CWE-330,1,0,1,0,0,0,1,0,0,0,1454,0.0018175,808,0.00808,2,2e-05,0.0099175,7.295443773269653
BenchmarkTest02003.java,0,CWE-330,CWE-330,1,0,1,0,0,0,1,0,0,0,1762,0.0022025,607,0.00607,2,2e-05,0.0082925,6.633803129196167
BenchmarkTest02004.java,0,CWE-330,CWE-330,1,0,1,0,0,0,1,0,0,0,1401,0.00175125,701,0.00701,2,2e-05,0.008781249999999999,6.465946197509766
BenchmarkTest02005.java,0,CWE-614,CWE-614,1,0,1,0,0,0,1,0,0,0,1285,0.00160625,593,0.00593,2,2e-05,0.0075562500000000005,6.788020133972168
BenchmarkTest02006.java,0,CWE-614,,,,0,0,1,0,0,0,1,0,,,,,,,,
BenchmarkTest02007.java,0,CWE-330,,,,0,0,1,0,0,0,1,0,,,,,,,,
BenchmarkTest02008.java,0,CWE-330,,,,0,0,1,0,0,0,1,0,,,,,,,,
BenchmarkTest02009.java,0,CWE-330,,,,0,0,1,0,0,0,1,0,,,,,,,,
BenchmarkTest02010.java,0,CWE-330,,,,0,0,1,0,0,0,1,0,,,,,,,,
BenchmarkTest02011.java,0,CWE-330,,,,0,0,1,0,0,0,1,0,,,,,,,,
BenchmarkTest02012.java,0,CWE-330,,,,0,0,1,0,0,0,1,0,,,,,,,,
BenchmarkTest02013.java,0,CWE-330,,,,0,0,1,0,0,0,1,0,,,,,,,,
BenchmarkTest02014.java,0,CWE-330,,,,0,0,1,0,0,0,1,0,,,,,,,,
BenchmarkTest02017.java,0,CWE-327,CWE-327,1,0,1,0,0,0,1,0,0,0,1861,0.00232625,403,0.00403,2,2e-05,0.00637625,4.174416780471802
BenchmarkTest02018.java,0,CWE-327,CWE-327,1,0,1,0,0,0,1,0,0,0,2134,0.0026675,470,0.0047,2,2e-05,0.007387500000000001,4.845264196395874
BenchmarkTest02019.java,0,CWE-327,CWE-327,1,0,1,0,0,0,1,0,0,0,1829,0.00228625,462,0.00462,2,2e-05,0.00692625,4.431463003158569
BenchmarkTest02020.java,0,CWE-327,CWE-327,1,0,1,0,0,0,1,0,0,0,2010,0.0025125,347,0.00347,2,2e-05,0.0060025,6.3856542110443115
BenchmarkTest02021.java,0,CWE-327,,,,0,0,1,0,0,0,1,0,,,,,,,,
BenchmarkTest02022.java,0,CWE-327,CWE-327,1,0,1,0,0,0,1,0,0,0,1431,0.00178875,438,0.00438,2,2e-05,0.006188750000000001,4.363014459609985
BenchmarkTest02023.java,0,CWE-327,CWE-327,1,0,1,0,0,0,1,0,0,0,1436,0.001795,564,0.00564,2,2e-05,0.007455,6.063920259475708
BenchmarkTest02024.java,0,CWE-327,,,,0,0,1,0,0,0,1,0,,,,,,,,
BenchmarkTest02025.java,0,CWE-90,CWE-90,1,1,0,1,0,0,0,0,1,0,1347,0.00168375,842,0.00842,2,2e-05,0.010123749999999999,7.805173397064209
BenchmarkTest02026.java,0,CWE-22,CWE-23,0,1,0,1,0,0,0,0,1,0,1402,0.0017525,1472,0.01472,2,2e-05,0.0164925,12.687312602996826
BenchmarkTest02027.java,0,CWE-22,CWE-23,0,0,1,0,0,0,1,0,0,0,1337,0.00167125,1172,0.01172,2,2e-05,0.01341125,11.079691886901855
BenchmarkTest02028.java,0,CWE-22,CWE-23,0,1,0,1,0,0,0,0,1,0,1404,0.001755,1148,0.01148,2,2e-05,0.013255,10.2458016872406
BenchmarkTest02029.java,0,CWE-22,CWE-23,0,1,0,1,0,0,0,0,1,0,1430,0.0017875,966,0.00966,2,2e-05,0.011467499999999999,8.50833797454834
BenchmarkTest02030.java,0,CWE-22,CWE-23,0,1,0,1,0,0,0,0,1,0,1836,0.002295,1663,0.01663,2,2e-05,0.018944999999999997,14.704180717468262
BenchmarkTest02031.java,0,CWE-22,CWE-23,0,1,0,1,0,0,0,0,1,0,1498,0.0018725,947,0.00947,2,2e-05,0.011362499999999998,8.638427972793579
BenchmarkTest02032.java,0,CWE-22,CWE-23,0,0,1,0,0,0,1,0,0,0,1445,0.00180625,1116,0.01116,2,2e-05,0.01298625,10.011559009552002
BenchmarkTest02033.java,0,CWE-22,CWE-23,0,1,0,1,0,0,0,0,1,0,1445,0.00180625,2261,0.02261,2,2e-05,0.02443625,20.65955090522766
BenchmarkTest02034.java,0,CWE-22,CWE-23,0,0,1,0,0,0,1,0,0,0,1332,0.001665,923,0.00923,2,2e-05,0.010915,8.52114725112915
BenchmarkTest02035.java,0,CWE-22,CWE-23,0,1,0,1,0,0,0,0,1,0,1543,0.00192875,887,0.00887,2,2e-05,0.010818749999999999,8.446727991104126
BenchmarkTest02036.java,0,CWE-90,CWE-90,1,0,1,0,0,0,1,0,0,0,1445,0.00180625,1297,0.01297,2,2e-05,0.01479625,11.881975650787354
BenchmarkTest02037.java,0,CWE-90,CWE-90,1,0,1,0,0,0,1,0,0,0,1393,0.00174125,1010,0.0101,2,2e-05,0.011861249999999999,9.460784912109375
BenchmarkTest02038.java,0,CWE-330,CWE-330,1,0,1,0,0,0,1,0,0,0,1464,0.00183,767,0.00767,2,2e-05,0.009519999999999999,7.215535879135132
BenchmarkTest02039.java,0,CWE-330,CWE-330,1,0,1,0,0,0,1,0,0,0,1393,0.00174125,662,0.00662,2,2e-05,0.00838125,8.53947377204895
BenchmarkTest02040.java,0,CWE-330,CWE-330,1,0,1,0,0,0,1,0,0,0,1482,0.0018525,687,0.00687,2,2e-05,0.0087425,7.15604567527771
BenchmarkTest02041.java,0,CWE-328,,,,0,0,1,0,0,0,1,0,,,,,,,,
BenchmarkTest02042.java,0,CWE-328,CWE-916,0,0,1,0,0,0,1,0,0,0,1481,0.00185125,837,0.00837,2,2e-05,0.01024125,8.471529722213745
BenchmarkTest02043.java,0,CWE-328,,,,0,0,1,0,0,0,1,0,,,,,,,,
BenchmarkTest02044.java,0,CWE-328,,,,0,0,1,0,0,0,1,0,,,,,,,,
BenchmarkTest02045.java,0,CWE-79,CWE-79,1,0,0,1,0,0,0,1,0,0,1464,0.00183,4377,0.04377,2,2e-05,0.04562,43.21044325828552
BenchmarkTest02046.java,0,CWE-79,CWE-79,1,0,1,0,0,0,1,0,0,0,1461,0.00182625,1001,0.01001,2,2e-05,0.011856249999999999,9.295347929000854
BenchmarkTest02047.java,0,CWE-79,CWE-79,1,0,1,0,0,0,1,0,0,0,1384,0.00173,984,0.00984,2,2e-05,0.01159,9.143739461898804
BenchmarkTest02048.java,0,CWE-79,CWE-79,1,1,0,1,0,0,0,0,1,0,1733,0.00216625,1565,0.01565,2,2e-05,0.01783625,13.727782249450684
BenchmarkTest02049.java,0,CWE-79,CWE-79,1,1,0,1,0,0,0,0,1,0,1390,0.0017375,1119,0.01119,2,2e-05,0.012947499999999999,10.464264631271362
BenchmarkTest02050.java,0,CWE-79,CWE-79,1,0,1,0,0,0,1,0,0,0,1413,0.00176625,961,0.00961,2,2e-05,0.01139625,9.085943460464478
BenchmarkTest02051.java,0,CWE-79,CWE-79,1,0,1,0,0,0,1,0,0,0,1398,0.0017475,1009,0.01009,2,2e-05,0.0118575,9.223613500595093
BenchmarkTest02052.java,0,CWE-79,CWE-79,1,1,0,1,0,0,0,0,1,0,1508,0.001885,1165,0.01165,2,2e-05,0.013555,9.893967628479004
BenchmarkTest02053.java,0,CWE-79,CWE-79,1,1,0,1,0,0,0,0,1,0,1405,0.00175625,1130,0.0113,2,2e-05,0.013076249999999998,9.715275287628174
BenchmarkTest02054.java,0,CWE-79,CWE-79,1,0,1,0,0,0,1,0,0,0,1367,0.00170875,1341,0.01341,2,2e-05,0.01513875,13.188121318817139
BenchmarkTest02055.java,0,CWE-79,CWE-79,1,0,1,0,0,0,1,0,0,0,1376,0.00172,1356,0.01356,2,2e-05,0.015299999999999998,12.55988073348999
BenchmarkTest02056.java,0,CWE-79,CWE-79,1,0,1,0,0,0,1,0,0,0,1459,0.00182375,1380,0.0138,2,2e-05,0.01564375,13.95367956161499
BenchmarkTest02057.java,0,CWE-79,CWE-79,1,0,1,0,0,0,1,0,0,0,1479,0.00184875,1198,0.01198,2,2e-05,0.013848749999999998,10.446063995361328
BenchmarkTest02058.java,0,CWE-78,CWE-78,1,1,0,1,0,0,0,0,1,0,1168,0.00146,3291,0.03291,2,2e-05,0.034390000000000004,29.029372930526733
BenchmarkTest02059.java,0,CWE-78,CWE-78,1,0,1,0,0,0,1,0,0,0,1198,0.0014975,1116,0.01116,2,2e-05,0.0126775,9.864229202270508
BenchmarkTest02060.java,0,CWE-330,CWE-330,1,0,1,0,0,0,1,0,0,0,1445,0.00180625,696,0.00696,2,2e-05,0.008786249999999999,6.815468788146973
BenchmarkTest02061.java,0,CWE-330,CWE-330,1,0,1,0,0,0,1,0,0,0,1387,0.00173375,753,0.00753,2,2e-05,0.00928375,7.284996747970581
BenchmarkTest02062.java,0,CWE-330,CWE-330,1,0,1,0,0,0,1,0,0,0,1710,0.0021375,595,0.00595,2,2e-05,0.0081075,6.345998525619507
BenchmarkTest02063.java,0,CWE-330,CWE-330,1,0,1,0,0,0,1,0,0,0,1365,0.00170625,746,0.00746,2,2e-05,0.009186249999999998,8.204482555389404
BenchmarkTest02064.java,0,CWE-614,,,,0,0,1,0,0,0,1,0,,,,,,,,
BenchmarkTest02065.java,0,CWE-614,,,,0,0,1,0,0,0,1,0,,,,,,,,
BenchmarkTest02066.java,0,CWE-614,,,,0,0,1,0,0,0,1,0,,,,,,,,
BenchmarkTest02067.java,0,CWE-78,CWE-78,1,1,0,1,0,0,0,0,1,0,1257,0.00157125,1293,0.01293,2,2e-05,0.01452125,11.837081670761108
BenchmarkTest02068.java,0,CWE-78,CWE-78,1,1,0,1,0,0,0,0,1,0,1015,0.00126875,841,0.00841,2,2e-05,0.009698749999999999,7.449883222579956
BenchmarkTest02069.java,0,CWE-78,CWE-78,1,1,0,1,0,0,0,0,1,0,1155,0.00144375,1289,0.01289,2,2e-05,0.01435375,11.92275595664978
BenchmarkTest02070.java,0,CWE-78,CWE-78,1,0,1,0,0,0,1,0,0,0,1009,0.00126125,2388,0.02388,2,2e-05,0.025161249999999996,23.720101356506348
BenchmarkTest02071.java,0,CWE-330,,,,0,0,1,0,0,0,1,0,,,,,,,,
BenchmarkTest02072.java,0,CWE-330,,,,0,0,1,0,0,0,1,0,,,,,,,,
BenchmarkTest02073.java,0,CWE-330,,,,0,0,1,0,0,0,1,0,,,,,,,,
BenchmarkTest02074.java,0,CWE-330,,,,0,0,1,0,0,0,1,0,,,,,,,,
BenchmarkTest02075.java,0,CWE-330,CWE-330,1,1,0,1,0,0,0,0,1,0,1541,0.00192625,872,0.00872,2,2e-05,0.010666249999999999,8.487273693084717
BenchmarkTest02076.java,0,CWE-330,CWE-330,1,1,0,1,0,0,0,0,1,0,1594,0.0019925,1444,0.01444,2,2e-05,0.0164525,13.20511245727539
BenchmarkTest02077.java,0,CWE-330,,,,0,0,1,0,0,0,1,0,,,,,,,,
BenchmarkTest02078.java,0,CWE-330,,,,0,0,1,0,0,0,1,0,,,,,,,,
BenchmarkTest02079.java,0,CWE-330,,,,0,0,1,0,0,0,1,0,,,,,,,,
BenchmarkTest02080.java,0,CWE-330,,,,0,0,1,0,0,0,1,0,,,,,,,,
BenchmarkTest02081.java,0,CWE-330,,,,0,0,1,0,0,0,1,0,,,,,,,,
BenchmarkTest02082.java,0,CWE-330,,,,0,0,1,0,0,0,1,0,,,,,,,,
BenchmarkTest02083.java,0,CWE-330,,,,0,0,1,0,0,0,1,0,,,,,,,,
BenchmarkTest02087.java,0,CWE-89,CWE-89,1,0,1,0,0,0,1,0,0,0,1029,0.00128625,1087,0.01087,2,2e-05,0.01217625,10.80987811088562
BenchmarkTest02088.java,0,CWE-89,CWE-89,1,0,1,0,0,0,1,0,0,0,1054,0.0013175,980,0.0098,2,2e-05,0.011137499999999998,9.043976783752441
BenchmarkTest02089.java,0,CWE-89,CWE-89,1,1,0,1,0,0,0,0,1,0,1054,0.0013175,1075,0.01075,2,2e-05,0.012087499999999998,9.707780599594116
BenchmarkTest02090.java,0,CWE-89,,,,0,0,0,1,0,0,0,1,,,,,,,,
BenchmarkTest02091.java,0,CWE-89,CWE-89,1,0,1,0,0,0,1,0,0,0,1198,0.0014975,829,0.00829,2,2e-05,0.0098075,8.903947830200195
BenchmarkTest02092.java,0,CWE-89,CWE-89,1,0,1,0,0,0,1,0,0,0,1040,0.0013,877,0.00877,2,2e-05,0.010089999999999998,7.821457624435425
BenchmarkTest02093.java,0,CWE-89,CWE-89,1,1,0,1,0,0,0,0,1,0,1061,0.00132625,940,0.0094,2,2e-05,0.010746249999999999,9.859453439712524
BenchmarkTest02094.java,0,CWE-89,CWE-89,1,0,1,0,0,0,1,0,0,0,998,0.0012475,889,0.00889,2,2e-05,0.0101575,8.328615427017212
BenchmarkTest02095.java,0,CWE-89,CWE-89,1,1,0,1,0,0,0,0,1,0,1117,0.00139625,953,0.00953,2,2e-05,0.01094625,8.15902304649353
BenchmarkTest02096.java,0,CWE-89,CWE-89,1,0,1,0,0,0,1,0,0,0,1034,0.0012925,888,0.00888,2,2e-05,0.0101925,8.423456907272339
BenchmarkTest02097.java,0,CWE-89,CWE-89,1,1,0,1,0,0,0,0,1,0,1110,0.0013875,940,0.0094,2,2e-05,0.0108075,8.054706573486328
BenchmarkTest02098.java,0,CWE-89,CWE-89,1,0,0,1,0,0,0,1,0,0,1069,0.00133625,4177,0.04177,2,2e-05,0.04312625,40.673988819122314
BenchmarkTest02099.java,0,CWE-89,CWE-89,1,0,1,0,0,0,1,0,0,0,1035,0.00129375,963,0.00963,2,2e-05,0.010943749999999999,9.351914882659912
BenchmarkTest02100.java,0,CWE-643,CWE-643,1,0,1,0,0,0,1,0,0,0,1286,0.0016075,1313,0.01313,2,2e-05,0.014757499999999998,12.684157133102417
BenchmarkTest02101.java,0,CWE-327,CWE-327,1,0,1,0,0,0,1,0,0,0,1852,0.002315,455,0.00455,2,2e-05,0.006885,4.950770854949951
BenchmarkTest02102.java,0,CWE-327,,,,0,0,1,0,0,0,1,0,,,,,,,,
BenchmarkTest02103.java,0,CWE-327,,,,0,0,1,0,0,0,1,0,,,,,,,,
BenchmarkTest02104.java,0,CWE-90,CWE-90,1,1,0,1,0,0,0,0,1,0,1374,0.0017175,3023,0.03023,2,2e-05,0.031967499999999996,26.58191728591919
BenchmarkTest02105.java,0,CWE-22,CWE-23,0,0,1,0,0,0,1,0,0,0,1337,0.00167125,1151,0.01151,2,2e-05,0.013201249999999998,11.581812858581543
BenchmarkTest02106.java,0,CWE-22,CWE-23,0,0,1,0,0,0,1,0,0,0,1307,0.00163375,1135,0.01135,2,2e-05,0.01300375,11.106510639190674
BenchmarkTest02107.java,0,CWE-22,CWE-23,0,1,0,1,0,0,0,0,1,0,1283,0.00160375,826,0.00826,2,2e-05,0.009883749999999998,7.65176248550415
BenchmarkTest02108.java,0,CWE-22,CWE-23,0,1,0,1,0,0,0,0,1,0,1449,0.00181125,943,0.00943,2,2e-05,0.011261249999999999,8.224397659301758
BenchmarkTest02109.java,0,CWE-22,CWE-23,0,0,1,0,0,0,1,0,0,0,1364,0.001705,1107,0.01107,2,2e-05,0.012794999999999999,10.327343463897705
BenchmarkTest02110.java,0,CWE-22,CWE-23,0,1,0,1,0,0,0,0,1,0,1380,0.001725,2247,0.02247,2,2e-05,0.024215,19.548216342926025
BenchmarkTest02111.java,0,CWE-22,CWE-23,0,1,0,1,0,0,0,0,1,0,1330,0.0016625,2050,0.0205,2,2e-05,0.0221825,18.78280210494995
BenchmarkTest02112.java,0,CWE-22,CWE-23,0,0,1,0,0,0,1,0,0,0,1398,0.0017475,998,0.00998,2,2e-05,0.011747499999999998,9.681349039077759
BenchmarkTest02113.java,0,CWE-22,CWE-23,0,0,1,0,0,0,1,0,0,0,1571,0.00196375,995,0.00995,2,2e-05,0.01193375,9.966548204421997
BenchmarkTest02114.java,0,CWE-90,CWE-90,1,1,0,1,0,0,0,0,1,0,1403,0.00175375,3514,0.03514,2,2e-05,0.036913749999999995,30.717323303222656
BenchmarkTest02115.java,0,CWE-90,CWE-90,1,1,0,1,0,0,0,0,1,0,1464,0.00183,1112,0.01112,2,2e-05,0.012969999999999999,11.108115911483765
BenchmarkTest02116.java,0,CWE-90,CWE-90,1,1,0,1,0,0,0,0,1,0,1394,0.0017425,867,0.00867,2,2e-05,0.010432499999999999,8.555468559265137
BenchmarkTest02117.java,0,CWE-330,CWE-330,1,0,1,0,0,0,1,0,0,0,1461,0.00182625,780,0.0078,2,2e-05,0.009646249999999999,7.793248414993286
BenchmarkTest02118.java,0,CWE-328,CWE-916,0,0,1,0,0,0,1,0,0,0,1463,0.00182875,896,0.00896,2,2e-05,0.010808749999999999,8.530775785446167
BenchmarkTest02119.java,0,CWE-328,,,,0,0,1,0,0,0,1,0,,,,,,,,
BenchmarkTest02120.java,0,CWE-328,,,,0,0,1,0,0,0,1,0,,,,,,,,
BenchmarkTest02121.java,0,CWE-328,,,,0,0,0,1,0,0,0,1,,,,,,,,
BenchmarkTest02122.java,0,CWE-79,CWE-79,1,1,0,1,0,0,0,0,1,0,1461,0.00182625,1501,0.01501,2,2e-05,0.01685625,13.809227705001831
BenchmarkTest02123.java,0,CWE-79,CWE-79,1,0,1,0,0,0,1,0,0,0,1355,0.00169375,1380,0.0138,2,2e-05,0.01551375,13.115401983261108
BenchmarkTest02124.java,0,CWE-79,CWE-79,1,0,1,0,0,0,1,0,0,0,1362,0.0017025,712,0.00712,2,2e-05,0.0088425,6.709460973739624
BenchmarkTest02125.java,0,CWE-79,CWE-79,1,1,0,1,0,0,0,0,1,0,1306,0.0016325,1057,0.01057,2,2e-05,0.012222499999999999,11.146717071533203
BenchmarkTest02126.java,0,CWE-79,CWE-79,1,0,1,0,0,0,1,0,0,0,1634,0.0020425,1373,0.01373,2,2e-05,0.015792499999999998,13.61971664428711
BenchmarkTest02127.java,0,CWE-79,CWE-79,1,0,1,0,0,0,1,0,0,0,1334,0.0016675,862,0.00862,2,2e-05,0.010307499999999999,8.148823738098145
BenchmarkTest02128.java,0,CWE-79,CWE-79,1,0,1,0,0,0,1,0,0,0,1332,0.001665,1069,0.01069,2,2e-05,0.012374999999999999,9.83349061012268
BenchmarkTest02129.java,0,CWE-79,CWE-79,1,0,1,0,0,0,1,0,0,0,1340,0.001675,1214,0.01214,2,2e-05,0.013834999999999998,11.251142024993896
BenchmarkTest02130.java,0,CWE-79,CWE-79,1,0,1,0,0,0,1,0,0,0,1353,0.00169125,1014,0.01014,2,2e-05,0.011851249999999999,8.962685346603394
BenchmarkTest02131.java,0,CWE-79,CWE-79,1,0,1,0,0,0,1,0,0,0,1351,0.00168875,1101,0.01101,2,2e-05,0.01271875,10.708865642547607
BenchmarkTest02132.java,0,CWE-79,CWE-79,1,0,1,0,0,0,1,0,0,0,1634,0.0020425,2129,0.02129,2,2e-05,0.023352499999999998,20.021313667297363
BenchmarkTest02133.java,0,CWE-79,CWE-79,1,0,1,0,0,0,1,0,0,0,1327,0.00165875,1050,0.0105,2,2e-05,0.01217875,12.57279372215271
BenchmarkTest02134.java,0,CWE-79,CWE-79,1,0,1,0,0,0,1,0,0,0,1334,0.0016675,1040,0.0104,2,2e-05,0.0120875,13.090111255645752
BenchmarkTest02135.java,0,CWE-79,CWE-79,1,1,0,1,0,0,0,0,1,0,1654,0.0020675,3996,0.03996,2,2e-05,0.0420475,37.007678747177124
BenchmarkTest02136.java,0,CWE-79,CWE-79,1,0,1,0,0,0,1,0,0,0,1360,0.0017,1052,0.01052,2,2e-05,0.01224,9.90657091140747
BenchmarkTest02137.java,0,CWE-78,CWE-78,1,0,1,0,0,0,1,0,0,0,1080,0.00135,1101,0.01101,2,2e-05,0.01238,11.021596431732178
BenchmarkTest02138.java,0,CWE-330,CWE-330,1,0,1,0,0,0,1,0,0,0,1390,0.0017375,683,0.00683,2,2e-05,0.0085875,6.825479745864868
BenchmarkTest02139.java,0,CWE-330,CWE-330,1,0,1,0,0,0,1,0,0,0,1348,0.001685,541,0.00541,2,2e-05,0.007115,5.865334987640381
BenchmarkTest02140.java,0,CWE-330,CWE-330,1,0,1,0,0,0,1,0,0,0,1369,0.00171125,630,0.0063,2,2e-05,0.00803125,6.58296275138855
BenchmarkTest02141.java,0,CWE-330,CWE-330,1,0,1,0,0,0,1,0,0,0,1309,0.00163625,698,0.00698,2,2e-05,0.00863625,6.631139755249023
BenchmarkTest02142.java,0,CWE-614,CWE-614,1,0,1,0,0,0,1,0,0,0,1161,0.00145125,565,0.00565,2,2e-05,0.00712125,5.417047739028931
BenchmarkTest02143.java,0,CWE-614,,,,0,0,1,0,0,0,1,0,,,,,,,,
BenchmarkTest02144.java,0,CWE-614,,,,0,0,1,0,0,0,1,0,,,,,,,,
BenchmarkTest02145.java,0,CWE-79,CWE-79,1,0,1,0,0,0,1,0,0,0,1639,0.00204875,1621,0.01621,2,2e-05,0.018278749999999996,15.000126123428345
BenchmarkTest02146.java,0,CWE-78,CWE-78,1,0,1,0,0,0,1,0,0,0,1073,0.00134125,999,0.00999,2,2e-05,0.01135125,11.407100200653076
BenchmarkTest02147.java,0,CWE-78,CWE-78,1,0,1,0,0,0,1,0,0,0,994,0.0012425,906,0.00906,2,2e-05,0.0103225,10.400840997695923
BenchmarkTest02148.java,0,CWE-78,CWE-78,1,1,0,1,0,0,0,0,1,0,1471,0.00183875,1762,0.01762,2,2e-05,0.01947875,16.21183490753174
BenchmarkTest02149.java,0,CWE-78,CWE-78,1,1,0,1,0,0,0,0,1,0,1153,0.00144125,952,0.00952,2,2e-05,0.01098125,8.941675186157227
BenchmarkTest02150.java,0,CWE-78,CWE-78,1,0,1,0,0,0,1,0,0,0,1223,0.00152875,1280,0.0128,2,2e-05,0.01434875,11.927406549453735
BenchmarkTest02151.java,0,CWE-78,CWE-78,1,0,1,0,0,0,1,0,0,0,1205,0.00150625,1503,0.01503,2,2e-05,0.016556249999999998,14.475684642791748
BenchmarkTest02152.java,0,CWE-78,CWE-78,1,0,1,0,0,0,1,0,0,0,1193,0.00149125,1137,0.01137,2,2e-05,0.012881249999999999,10.199599981307983
BenchmarkTest02153.java,0,CWE-78,CWE-78,1,1,0,1,0,0,0,0,1,0,1293,0.00161625,1416,0.01416,2,2e-05,0.01579625,12.542320728302002
BenchmarkTest02154.java,0,CWE-78,CWE-78,1,0,1,0,0,0,1,0,0,0,1059,0.00132375,1116,0.01116,2,2e-05,0.01250375,10.387202978134155
BenchmarkTest02155.java,0,CWE-78,CWE-78,1,0,1,0,0,0,1,0,0,0,1003,0.00125375,1041,0.01041,2,2e-05,0.01168375,10.341315984725952
BenchmarkTest02156.java,0,CWE-78,CWE-78,1,1,0,1,0,0,0,0,1,0,964,0.001205,3272,0.03272,2,2e-05,0.033944999999999996,31.546825170516968
BenchmarkTest02157.java,0,CWE-330,,,,0,0,1,0,0,0,1,0,,,,,,,,
BenchmarkTest02158.java,0,CWE-330,,,,0,0,1,0,0,0,1,0,,,,,,,,
BenchmarkTest02159.java,0,CWE-330,,,,0,0,1,0,0,0,1,0,,,,,,,,
BenchmarkTest02160.java,0,CWE-330,CWE-330,1,0,0,1,0,0,0,1,0,0,1567,0.00195875,2226,0.02226,2,2e-05,0.024238749999999996,20.97890305519104
BenchmarkTest02161.java,0,CWE-330,,,,0,0,1,0,0,0,1,0,,,,,,,,
BenchmarkTest02162.java,0,CWE-330,,,,0,0,1,0,0,0,1,0,,,,,,,,
BenchmarkTest02163.java,0,CWE-330,,,,0,0,1,0,0,0,1,0,,,,,,,,
BenchmarkTest02164.java,0,CWE-330,,,,0,0,1,0,0,0,1,0,,,,,,,,
BenchmarkTest02169.java,0,CWE-89,CWE-89,1,0,1,0,0,0,1,0,0,0,996,0.001245,997,0.00997,2,2e-05,0.011234999999999998,9.457104444503784
BenchmarkTest02170.java,0,CWE-89,CWE-89,1,0,1,0,0,0,1,0,0,0,1043,0.00130375,923,0.00923,2,2e-05,0.010553749999999999,8.942779302597046
BenchmarkTest02171.java,0,CWE-89,CWE-89,1,0,1,0,0,0,1,0,0,0,1036,0.001295,869,0.00869,2,2e-05,0.010004999999999998,8.277395725250244
BenchmarkTest02172.java,0,CWE-89,CWE-89,1,1,0,1,0,0,0,0,1,0,1004,0.001255,1128,0.01128,2,2e-05,0.012555,10.10671591758728
BenchmarkTest02173.java,0,CWE-89,CWE-89,1,1,0,1,0,0,0,0,1,0,1074,0.0013425,1598,0.01598,2,2e-05,0.0173425,14.434037923812866
BenchmarkTest02174.java,0,CWE-89,CWE-89,1,1,0,1,0,0,0,0,1,0,996,0.001245,908,0.00908,2,2e-05,0.010344999999999998,8.366451740264893
BenchmarkTest02175.java,0,CWE-89,,,,0,0,1,0,0,0,1,0,,,,,,,,
BenchmarkTest02176.java,0,CWE-89,,,,0,0,1,0,0,0,1,0,,,,,,,,
BenchmarkTest02177.java,0,CWE-89,CWE-89,1,0,1,0,0,0,1,0,0,0,1261,0.00157625,755,0.00755,2,2e-05,0.00914625,7.10595703125
BenchmarkTest02178.java,0,CWE-89,,,,0,0,0,1,0,0,0,1,,,,,,,,
BenchmarkTest02179.java,0,CWE-89,,,,0,0,0,1,0,0,0,1,,,,,,,,
BenchmarkTest02180.java,0,CWE-89,,,,0,0,1,0,0,0,1,0,,,,,,,,
BenchmarkTest02181.java,0,CWE-89,,,,0,0,0,1,0,0,0,1,,,,,,,,
BenchmarkTest02182.java,0,CWE-89,,,,0,0,0,1,0,0,0,1,,,,,,,,
BenchmarkTest02183.java,0,CWE-89,,,,0,0,1,0,0,0,1,0,,,,,,,,
BenchmarkTest02184.java,0,CWE-89,,,,0,0,1,0,0,0,1,0,,,,,,,,
BenchmarkTest02185.java,0,CWE-89,CWE-89,1,1,0,1,0,0,0,0,1,0,1008,0.00126,1357,0.01357,2,2e-05,0.01485,13.49634075164795
BenchmarkTest02186.java,0,CWE-89,CWE-89,1,0,1,0,0,0,1,0,0,0,946,0.0011825,1042,0.01042,2,2e-05,0.0116225,10.772186040878296
BenchmarkTest02187.java,0,CWE-89,CWE-89,1,0,1,0,0,0,1,0,0,0,1021,0.00127625,958,0.00958,2,2e-05,0.010876249999999999,9.347568273544312
BenchmarkTest02188.java,0,CWE-89,CWE-89,1,1,0,1,0,0,0,0,1,0,1286,0.0016075,1459,0.01459,2,2e-05,0.0162175,13.121800899505615
BenchmarkTest02189.java,0,CWE-643,CWE-643,1,0,1,0,0,0,1,0,0,0,1137,0.00142125,888,0.00888,2,2e-05,0.01032125,9.73893141746521
BenchmarkTest02190.java,0,CWE-327,,,,0,0,1,0,0,0,1,0,,,,,,,,
BenchmarkTest02191.java,0,CWE-327,,,,0,0,1,0,0,0,1,0,,,,,,,,
BenchmarkTest02192.java,0,CWE-327,CWE-327,1,0,1,0,0,0,1,0,0,0,1937,0.00242125,459,0.00459,2,2e-05,0.00703125,4.610821962356567
BenchmarkTest02193.java,0,CWE-327,CWE-327,1,0,1,0,0,0,1,0,0,0,1958,0.0024475,394,0.00394,2,2e-05,0.0064075,4.380650520324707
BenchmarkTest02194.java,0,CWE-327,CWE-327,1,0,1,0,0,0,1,0,0,0,1425,0.00178125,398,0.00398,2,2e-05,0.00578125,4.794800519943237
BenchmarkTest02195.java,0,CWE-327,CWE-327,1,0,1,0,0,0,1,0,0,0,1453,0.00181625,443,0.00443,2,2e-05,0.00626625,4.987362623214722
BenchmarkTest02196.java,0,CWE-90,CWE-90,1,0,1,0,0,0,1,0,0,0,1412,0.001765,859,0.00859,2,2e-05,0.010374999999999999,8.246598243713379
BenchmarkTest02197.java,0,CWE-22,CWE-23,0,0,1,0,0,0,1,0,0,0,1427,0.00178375,1403,0.01403,2,2e-05,0.01583375,13.018989562988281
BenchmarkTest02198.java,0,CWE-22,CWE-23,0,0,1,0,0,0,1,0,0,0,1405,0.00175625,1382,0.01382,2,2e-05,0.015596249999999999,12.519961595535278
BenchmarkTest02199.java,0,CWE-22,CWE-23,0,0,1,0,0,0,1,0,0,0,1278,0.0015975,1128,0.01128,2,2e-05,0.0128975,14.923038244247437
BenchmarkTest02200.java,0,CWE-22,CWE-23,0,1,0,1,0,0,0,0,1,0,1317,0.00164625,1013,0.01013,2,2e-05,0.01179625,9.517477989196777
BenchmarkTest02201.java,0,CWE-22,CWE-23,0,1,0,1,0,0,0,0,1,0,1569,0.00196125,1749,0.01749,2,2e-05,0.01947125,15.720550298690796
BenchmarkTest02202.java,0,CWE-22,CWE-23,0,1,0,1,0,0,0,0,1,0,1380,0.001725,892,0.00892,2,2e-05,0.010665000000000001,8.1998929977417
BenchmarkTest02203.java,0,CWE-22,CWE-23,0,1,0,1,0,0,0,0,1,0,1698,0.0021225,1666,0.01666,2,2e-05,0.0188025,14.622446537017822
BenchmarkTest02204.java,0,CWE-22,CWE-23,0,1,0,1,0,0,0,0,1,0,1374,0.0017175,1278,0.01278,2,2e-05,0.0145175,10.747145175933838
BenchmarkTest02205.java,0,CWE-22,CWE-23,0,0,1,0,0,0,1,0,0,0,1371,0.00171375,888,0.00888,2,2e-05,0.01061375,8.350881576538086
BenchmarkTest02206.java,0,CWE-22,CWE-23,0,1,0,1,0,0,0,0,1,0,1543,0.00192875,1664,0.01664,2,2e-05,0.018588749999999998,14.163919687271118
BenchmarkTest02207.java,0,CWE-22,CWE-23,0,1,0,1,0,0,0,0,1,0,1606,0.0020075,3135,0.03135,2,2e-05,0.033377500000000004,28.351175785064697
BenchmarkTest02208.java,0,CWE-90,CWE-90,1,0,1,0,0,0,1,0,0,0,1490,0.0018625,788,0.00788,2,2e-05,0.009762499999999999,8.603930473327637
BenchmarkTest02209.java,0,CWE-330,CWE-330,1,0,1,0,0,0,1,0,0,0,1477,0.00184625,612,0.00612,2,2e-05,0.007986249999999999,8.74061107635498
BenchmarkTest02210.java,0,CWE-328,,,,0,0,1,0,0,0,1,0,,,,,,,,
BenchmarkTest02211.java,0,CWE-328,CWE-916,0,0,1,0,0,0,1,0,0,0,1416,0.00177,663,0.00663,2,2e-05,0.008419999999999999,8.58174991607666
BenchmarkTest02212.java,0,CWE-328,CWE-916,0,0,1,0,0,0,1,0,0,0,1438,0.0017975,678,0.00678,2,2e-05,0.0085975,6.766070365905762
BenchmarkTest02213.java,0,CWE-328,CWE-916,0,0,1,0,0,0,1,0,0,0,1437,0.00179625,705,0.00705,2,2e-05,0.008866249999999999,6.772443771362305
BenchmarkTest02214.java,0,CWE-328,,,,0,0,1,0,0,0,1,0,,,,,,,,
BenchmarkTest02215.java,0,CWE-328,,,,0,0,1,0,0,0,1,0,,,,,,,,
BenchmarkTest02216.java,0,CWE-328,,,,0,0,1,0,0,0,1,0,,,,,,,,
BenchmarkTest02217.java,0,CWE-328,CWE-916,0,0,1,0,0,0,1,0,0,0,1348,0.001685,1010,0.0101,2,2e-05,0.011805,10.277197122573853
BenchmarkTest02218.java,0,CWE-328,,,,0,0,1,0,0,0,1,0,,,,,,,,
BenchmarkTest02219.java,0,CWE-328,,,,0,0,0,1,0,0,0,1,,,,,,,,
BenchmarkTest02220.java,0,CWE-328,,,,0,0,1,0,0,0,1,0,,,,,,,,
BenchmarkTest02221.java,0,CWE-79,CWE-79,1,0,1,0,0,0,1,0,0,0,1486,0.0018575,1168,0.01168,2,2e-05,0.013557499999999998,10.43800687789917
BenchmarkTest02222.java,0,CWE-79,CWE-79,1,1,0,1,0,0,0,0,1,0,1457,0.00182125,1061,0.01061,2,2e-05,0.012451249999999999,9.622336149215698
BenchmarkTest02223.java,0,CWE-79,CWE-79,1,0,1,0,0,0,1,0,0,0,1385,0.00173125,1007,0.01007,2,2e-05,0.01182125,9.64483642578125
BenchmarkTest02224.java,0,CWE-79,CWE-79,1,0,1,0,0,0,1,0,0,0,1400,0.00175,912,0.00912,2,2e-05,0.010889999999999999,8.26836609840393
BenchmarkTest02225.java,0,CWE-79,CWE-79,1,0,1,0,0,0,1,0,0,0,1468,0.001835,1139,0.01139,2,2e-05,0.013245,9.643935680389404
BenchmarkTest02226.java,0,CWE-79,CWE-79,1,1,0,1,0,0,0,0,1,0,1373,0.00171625,924,0.00924,2,2e-05,0.01097625,8.11146354675293
BenchmarkTest02227.java,0,CWE-79,CWE-79,1,0,1,0,0,0,1,0,0,0,1364,0.001705,1110,0.0111,2,2e-05,0.012825,9.933496952056885
BenchmarkTest02228.java,0,CWE-79,CWE-79,1,0,1,0,0,0,1,0,0,0,1362,0.0017025,1087,0.01087,2,2e-05,0.0125925,9.70941686630249
BenchmarkTest02229.java,0,CWE-79,CWE-79,1,1,0,1,0,0,0,0,1,0,1511,0.00188875,1020,0.0102,2,2e-05,0.01210875,8.254945039749146
BenchmarkTest02230.java,0,CWE-79,CWE-79,1,0,1,0,0,0,1,0,0,0,1438,0.0017975,1312,0.01312,2,2e-05,0.0149375,12.25438141822815
BenchmarkTest02231.java,0,CWE-79,CWE-79,1,1,0,1,0,0,0,0,1,0,1720,0.00215,1816,0.01816,2,2e-05,0.020329999999999997,15.568370342254639
BenchmarkTest02232.java,0,CWE-79,CWE-79,1,0,1,0,0,0,1,0,0,0,1346,0.0016825,878,0.00878,2,2e-05,0.010482499999999999,8.540659189224243
BenchmarkTest02233.java,0,CWE-79,CWE-79,1,1,0,1,0,0,0,0,1,0,1438,0.0017975,1337,0.01337,2,2e-05,0.0151875,11.791306257247925
BenchmarkTest02234.java,0,CWE-79,CWE-79,1,0,1,0,0,0,1,0,0,0,1375,0.00171875,1025,0.01025,2,2e-05,0.01198875,9.22705340385437
BenchmarkTest02235.java,0,CWE-79,CWE-79,1,1,0,1,0,0,0,0,1,0,1377,0.00172125,882,0.00882,2,2e-05,0.01056125,8.102092266082764
BenchmarkTest02236.java,0,CWE-79,CWE-79,1,1,0,1,0,0,0,0,1,0,1381,0.00172625,986,0.00986,2,2e-05,0.01160625,9.044943809509277
BenchmarkTest02237.java,0,CWE-79,CWE-79,1,1,0,1,0,0,0,0,1,0,1348,0.001685,861,0.00861,2,2e-05,0.010315,8.16860580444336
BenchmarkTest02238.java,0,CWE-79,CWE-79,1,1,0,1,0,0,0,0,1,0,1695,0.00211875,1230,0.0123,2,2e-05,0.01443875,10.914000511169434
BenchmarkTest02239.java,0,CWE-79,CWE-79,1,1,0,1,0,0,0,0,1,0,1420,0.001775,1265,0.01265,2,2e-05,0.014445,12.589357852935791
BenchmarkTest02240.java,0,CWE-79,CWE-79,1,1,0,1,0,0,0,0,1,0,1435,0.00179375,1562,0.01562,2,2e-05,0.017433749999999998,14.34824538230896
BenchmarkTest02241.java,0,CWE-79,CWE-79,1,0,1,0,0,0,1,0,0,0,1441,0.00180125,1024,0.01024,2,2e-05,0.012061249999999999,9.688216924667358
BenchmarkTest02242.java,0,CWE-78,CWE-78,1,1,0,1,0,0,0,0,1,0,1446,0.0018075,1526,0.01526,2,2e-05,0.0170875,12.876797437667847
BenchmarkTest02243.java,0,CWE-78,CWE-78,1,0,1,0,0,0,1,0,0,0,1199,0.00149875,947,0.00947,2,2e-05,0.010988749999999999,9.494417428970337
BenchmarkTest02244.java,0,CWE-78,CWE-78,1,0,1,0,0,0,1,0,0,0,1115,0.00139375,1256,0.01256,2,2e-05,0.01397375,11.4876229763031
BenchmarkTest02245.java,0,CWE-330,CWE-330,1,0,1,0,0,0,1,0,0,0,1420,0.001775,800,0.008,2,2e-05,0.009795,7.544443368911743
BenchmarkTest02246.java,0,CWE-330,CWE-330,1,0,1,0,0,0,1,0,0,0,1475,0.00184375,756,0.00756,2,2e-05,0.009423749999999998,7.507771968841553
BenchmarkTest02247.java,0,CWE-614,,,,0,0,1,0,0,0,1,0,,,,,,,,
BenchmarkTest02248.java,0,CWE-614,,,,0,0,1,0,0,0,1,0,,,,,,,,
BenchmarkTest02249.java,0,CWE-78,CWE-78,1,0,1,0,0,0,1,0,0,0,1114,0.0013925,1418,0.01418,2,2e-05,0.015592499999999999,12.182471513748169
BenchmarkTest02250.java,0,CWE-78,CWE-78,1,0,1,0,0,0,1,0,0,0,1154,0.0014425,965,0.00965,2,2e-05,0.011112499999999999,8.453335046768188
BenchmarkTest02251.java,0,CWE-78,CWE-78,1,0,1,0,0,0,1,0,0,0,1195,0.00149375,1237,0.01237,2,2e-05,0.01388375,14.211841583251953
BenchmarkTest02252.java,0,CWE-78,CWE-78,1,1,0,1,0,0,0,0,1,0,1207,0.00150875,1368,0.01368,2,2e-05,0.015208749999999998,14.33583402633667
BenchmarkTest02253.java,0,CWE-78,CWE-78,1,1,0,1,0,0,0,0,1,0,1267,0.00158375,1483,0.01483,2,2e-05,0.016433749999999997,15.704445838928223
BenchmarkTest02254.java,0,CWE-330,,,,0,0,1,0,0,0,1,0,,,,,,,,
BenchmarkTest02255.java,0,CWE-330,,,,0,0,1,0,0,0,1,0,,,,,,,,
BenchmarkTest02256.java,0,CWE-330,,,,0,0,1,0,0,0,1,0,,,,,,,,
BenchmarkTest02257.java,0,CWE-330,,,,0,0,1,0,0,0,1,0,,,,,,,,
BenchmarkTest02258.java,0,CWE-330,CWE-330,1,1,0,1,0,0,0,0,1,0,1498,0.0018725,817,0.00817,2,2e-05,0.010062499999999999,8.908366680145264
BenchmarkTest02259.java,0,CWE-330,,,,0,0,1,0,0,0,1,0,,,,,,,,
BenchmarkTest02260.java,0,CWE-330,,,,0,0,1,0,0,0,1,0,,,,,,,,
BenchmarkTest02264.java,0,CWE-89,CWE-89,1,0,1,0,0,0,1,0,0,0,1043,0.00130375,739,0.00739,2,2e-05,0.00871375,7.581169366836548
BenchmarkTest02265.java,0,CWE-89,CWE-89,1,1,0,1,0,0,0,0,1,0,1080,0.00135,1322,0.01322,2,2e-05,0.01459,11.439123630523682
BenchmarkTest02266.java,0,CWE-89,CWE-89,1,0,0,1,0,0,0,1,0,0,1114,0.0013925,3098,0.03098,2,2e-05,0.0323925,29.2471284866333
BenchmarkTest02267.java,0,CWE-89,CWE-89,1,1,0,1,0,0,0,0,1,0,1059,0.00132375,1594,0.01594,2,2e-05,0.017283749999999997,15.225366353988647
BenchmarkTest02268.java,0,CWE-89,CWE-89,1,1,0,1,0,0,0,0,1,0,1170,0.0014625,1190,0.0119,2,2e-05,0.0133825,10.752023220062256
BenchmarkTest02269.java,0,CWE-89,CWE-89,1,0,1,0,0,0,1,0,0,0,1066,0.0013325,1030,0.0103,2,2e-05,0.0116525,9.296729326248169
BenchmarkTest02270.java,0,CWE-89,CWE-89,1,0,1,0,0,0,1,0,0,0,1158,0.0014475,1065,0.01065,2,2e-05,0.0121175,9.843122243881226
BenchmarkTest02271.java,0,CWE-89,CWE-89,1,1,0,1,0,0,0,0,1,0,1023,0.00127875,864,0.00864,2,2e-05,0.00993875,7.930813789367676
BenchmarkTest02272.java,0,CWE-89,CWE-89,1,0,1,0,0,0,1,0,0,0,1041,0.00130125,996,0.00996,2,2e-05,0.01128125,9.229163408279419
BenchmarkTest02273.java,0,CWE-89,CWE-89,1,0,1,0,0,0,1,0,0,0,1107,0.00138375,876,0.00876,2,2e-05,0.01016375,7.983570575714111
BenchmarkTest02274.java,0,CWE-89,CWE-89,1,1,0,1,0,0,0,0,1,0,1299,0.00162375,1379,0.01379,2,2e-05,0.01543375,12.577739000320435
BenchmarkTest02275.java,0,CWE-89,,,,0,0,0,1,0,0,0,1,,,,,,,,
BenchmarkTest02276.java,0,CWE-89,,,,0,0,1,0,0,0,1,0,,,,,,,,
BenchmarkTest02277.java,0,CWE-89,,,,0,0,0,1,0,0,0,1,,,,,,,,
BenchmarkTest02278.java,0,CWE-89,,,,0,0,1,0,0,0,1,0,,,,,,,,
BenchmarkTest02279.java,0,CWE-89,,,,0,0,1,0,0,0,1,0,,,,,,,,
BenchmarkTest02280.java,0,CWE-89,,,,0,0,1,0,0,0,1,0,,,,,,,,
BenchmarkTest02281.java,0,CWE-89,,,,0,0,0,1,0,0,0,1,,,,,,,,
BenchmarkTest02282.java,0,CWE-89,CWE-89,1,1,0,1,0,0,0,0,1,0,1043,0.00130375,872,0.00872,2,2e-05,0.010043749999999999,7.25857138633728
BenchmarkTest02283.java,0,CWE-89,CWE-89,1,0,0,1,0,0,0,1,0,0,1045,0.00130625,9601,0.09601,2,2e-05,0.09733625,78.00403380393982
BenchmarkTest02284.java,0,CWE-89,CWE-89,1,0,1,0,0,0,1,0,0,0,995,0.00124375,827,0.00827,2,2e-05,0.009533749999999999,7.929445028305054
BenchmarkTest02285.java,0,CWE-89,CWE-89,1,1,0,1,0,0,0,0,1,0,1000,0.00125,868,0.00868,2,2e-05,0.009949999999999999,7.672574996948242
BenchmarkTest02286.java,0,CWE-89,CWE-89,1,0,1,0,0,0,1,0,0,0,1024,0.00128,1086,0.01086,2,2e-05,0.012159999999999999,10.18419861793518
BenchmarkTest02287.java,0,CWE-89,CWE-89,1,0,1,0,0,0,1,0,0,0,999,0.00124875,897,0.00897,2,2e-05,0.01023875,8.55024266242981
BenchmarkTest02288.java,0,CWE-89,CWE-89,1,0,1,0,0,0,1,0,0,0,1006,0.0012575,884,0.00884,2,2e-05,0.0101175,8.452219724655151
BenchmarkTest02289.java,0,CWE-327,,,,0,0,1,0,0,0,1,0,,,,,,,,
BenchmarkTest02290.java,0,CWE-327,CWE-327,1,0,1,0,0,0,1,0,0,0,2003,0.00250375,456,0.00456,2,2e-05,0.00708375,4.978956699371338
BenchmarkTest02291.java,0,CWE-327,CWE-327,1,0,1,0,0,0,1,0,0,0,2299,0.00287375,557,0.00557,2,2e-05,0.008463749999999999,6.088117361068726
BenchmarkTest02292.java,0,CWE-327,CWE-327,1,0,1,0,0,0,1,0,0,0,1948,0.002435,393,0.00393,2,2e-05,0.006385000000000001,4.435645341873169
BenchmarkTest02293.java,0,CWE-327,CWE-327,1,0,1,0,0,0,1,0,0,0,1831,0.00228875,469,0.00469,2,2e-05,0.00699875,5.201327562332153
BenchmarkTest02294.java,0,CWE-327,CWE-327,1,0,1,0,0,0,1,0,0,0,1524,0.001905,381,0.00381,2,2e-05,0.005735,5.475895404815674
BenchmarkTest02295.java,0,CWE-327,CWE-327,1,0,1,0,0,0,1,0,0,0,1531,0.00191375,495,0.00495,2,2e-05,0.00688375,5.260756969451904
BenchmarkTest02296.java,0,CWE-327,,,,0,0,1,0,0,0,1,0,,,,,,,,
BenchmarkTest02297.java,0,CWE-327,,,,0,0,1,0,0,0,1,0,,,,,,,,
BenchmarkTest02298.java,0,CWE-327,,,,0,0,1,0,0,0,1,0,,,,,,,,
BenchmarkTest02299.java,0,CWE-90,CWE-90,1,0,1,0,0,0,1,0,0,0,1451,0.00181375,1485,0.01485,2,2e-05,0.01668375,13.946447610855103
BenchmarkTest02300.java,0,CWE-22,CWE-23,0,1,0,1,0,0,0,0,1,0,1758,0.0021975,1397,0.01397,2,2e-05,0.0161875,12.038302659988403
BenchmarkTest02301.java,0,CWE-22,CWE-23,0,1,0,1,0,0,0,0,1,0,1447,0.00180875,1313,0.01313,2,2e-05,0.014958749999999998,11.70615816116333
BenchmarkTest02302.java,0,CWE-22,CWE-23,0,0,1,0,0,0,1,0,0,0,1399,0.00174875,1425,0.01425,2,2e-05,0.01601875,13.163898468017578
BenchmarkTest02303.java,0,CWE-22,CWE-23,0,0,1,0,0,0,1,0,0,0,1653,0.00206625,1301,0.01301,2,2e-05,0.01509625,12.054370641708374
BenchmarkTest02304.java,0,CWE-22,CWE-23,0,0,1,0,0,0,1,0,0,0,1557,0.00194625,1174,0.01174,2,2e-05,0.01370625,10.579538822174072
BenchmarkTest02305.java,0,CWE-90,CWE-90,1,0,1,0,0,0,1,0,0,0,1518,0.0018975,1320,0.0132,2,2e-05,0.015117499999999999,11.72512149810791
BenchmarkTest02306.java,0,CWE-90,CWE-90,1,0,1,0,0,0,1,0,0,0,1453,0.00181625,1413,0.01413,2,2e-05,0.015966249999999998,13.341489791870117
BenchmarkTest02307.java,0,CWE-328,CWE-916,0,0,1,0,0,0,1,0,0,0,1649,0.00206125,735,0.00735,2,2e-05,0.009431249999999999,7.329357385635376
BenchmarkTest02308.java,0,CWE-328,CWE-916,0,0,1,0,0,0,1,0,0,0,1478,0.0018475,797,0.00797,2,2e-05,0.009837499999999999,8.16616940498352
BenchmarkTest02309.java,0,CWE-328,,,,0,0,1,0,0,0,1,0,,,,,,,,
BenchmarkTest02310.java,0,CWE-328,,,,0,0,1,0,0,0,1,0,,,,,,,,
BenchmarkTest02311.java,0,CWE-328,CWE-916,0,0,1,0,0,0,1,0,0,0,1425,0.00178125,940,0.0094,2,2e-05,0.01120125,9.137779712677002
BenchmarkTest02312.java,0,CWE-328,,,,0,0,1,0,0,0,1,0,,,,,,,,
BenchmarkTest02313.java,0,CWE-79,CWE-79,1,1,0,1,0,0,0,0,1,0,1857,0.00232125,1510,0.0151,2,2e-05,0.01744125,12.277734279632568
BenchmarkTest02314.java,0,CWE-79,CWE-79,1,0,1,0,0,0,1,0,0,0,1469,0.00183625,1530,0.0153,2,2e-05,0.017156249999999998,12.936595439910889
BenchmarkTest02315.java,0,CWE-79,CWE-79,1,0,1,0,0,0,1,0,0,0,1435,0.00179375,1063,0.01063,2,2e-05,0.01244375,9.554069995880127
BenchmarkTest02316.java,0,CWE-79,CWE-79,1,0,1,0,0,0,1,0,0,0,1461,0.00182625,1487,0.01487,2,2e-05,0.01671625,13.632468700408936
BenchmarkTest02317.java,0,CWE-79,CWE-79,1,0,1,0,0,0,1,0,0,0,1468,0.001835,1139,0.01139,2,2e-05,0.013245,10.503571271896362
BenchmarkTest02318.java,0,CWE-79,CWE-79,1,1,0,1,0,0,0,0,1,0,1427,0.00178375,815,0.00815,2,2e-05,0.009953749999999999,7.7912843227386475
BenchmarkTest02319.java,0,CWE-79,CWE-79,1,1,0,1,0,0,0,0,1,0,1453,0.00181625,1050,0.0105,2,2e-05,0.01233625,10.069831848144531
BenchmarkTest02320.java,0,CWE-79,CWE-79,1,1,0,1,0,0,0,0,1,0,1462,0.0018275,940,0.0094,2,2e-05,0.011247499999999999,10.878463745117188
BenchmarkTest02321.java,0,CWE-79,CWE-79,1,0,1,0,0,0,1,0,0,0,1778,0.0022225,1970,0.0197,2,2e-05,0.021942499999999997,17.284152269363403
BenchmarkTest02322.java,0,CWE-79,CWE-79,1,0,1,0,0,0,1,0,0,0,1471,0.00183875,979,0.00979,2,2e-05,0.01164875,8.930212020874023
BenchmarkTest02323.java,0,CWE-79,CWE-79,1,0,1,0,0,0,1,0,0,0,1472,0.00184,1771,0.01771,2,2e-05,0.01957,16.083415031433105
BenchmarkTest02324.java,0,CWE-79,CWE-79,1,0,1,0,0,0,1,0,0,0,1504,0.00188,1429,0.01429,2,2e-05,0.01619,14.229541301727295
BenchmarkTest02325.java,0,CWE-79,CWE-79,1,1,0,1,0,0,0,0,1,0,1449,0.00181125,1050,0.0105,2,2e-05,0.01233125,9.36741304397583
BenchmarkTest02326.java,0,CWE-79,CWE-79,1,0,1,0,0,0,1,0,0,0,1483,0.00185375,1015,0.01015,2,2e-05,0.012023749999999998,10.011913537979126
BenchmarkTest02327.java,0,CWE-79,CWE-79,1,0,1,0,0,0,1,0,0,0,1533,0.00191625,1026,0.01026,2,2e-05,0.012196249999999999,9.388309478759766
BenchmarkTest02328.java,0,CWE-79,CWE-79,1,0,1,0,0,0,1,0,0,0,1445,0.00180625,859,0.00859,2,2e-05,0.01041625,7.899343490600586
BenchmarkTest02329.java,0,CWE-79,CWE-79,1,1,0,1,0,0,0,0,1,0,1494,0.0018675,1163,0.01163,2,2e-05,0.013517499999999998,11.97249960899353
BenchmarkTest02330.java,0,CWE-79,CWE-79,1,1,0,1,0,0,0,0,1,0,1485,0.00185625,1070,0.0107,2,2e-05,0.012576249999999999,10.416064739227295
BenchmarkTest02331.java,0,CWE-79,CWE-79,1,1,0,1,0,0,0,0,1,0,1429,0.00178625,1188,0.01188,2,2e-05,0.013686249999999999,11.10447382926941
BenchmarkTest02332.java,0,CWE-79,CWE-79,1,0,1,0,0,0,1,0,0,0,1449,0.00181125,1068,0.01068,2,2e-05,0.01251125,9.33626937866211
BenchmarkTest02333.java,0,CWE-78,CWE-78,1,0,1,0,0,0,1,0,0,0,1193,0.00149125,1497,0.01497,2,2e-05,0.01648125,13.218477964401245
BenchmarkTest02334.java,0,CWE-78,CWE-78,1,0,1,0,0,0,1,0,0,0,1265,0.00158125,1299,0.01299,2,2e-05,0.014591249999999998,11.450294733047485
BenchmarkTest02335.java,0,CWE-78,CWE-78,1,1,0,1,0,0,0,0,1,0,1236,0.001545,1413,0.01413,2,2e-05,0.015695,12.320158004760742
BenchmarkTest02336.java,0,CWE-78,CWE-78,1,1,0,1,0,0,0,0,1,0,1513,0.00189125,1777,0.01777,2,2e-05,0.01968125,15.484292030334473
BenchmarkTest02337.java,0,CWE-330,CWE-330,1,0,1,0,0,0,1,0,0,0,1567,0.00195875,674,0.00674,2,2e-05,0.008718749999999999,6.329210996627808
BenchmarkTest02338.java,0,CWE-330,CWE-330,1,0,1,0,0,0,1,0,0,0,1467,0.00183375,728,0.00728,2,2e-05,0.00913375,7.724604606628418
BenchmarkTest02339.java,0,CWE-614,CWE-614,1,0,1,0,0,0,1,0,0,0,1270,0.0015875,628,0.00628,2,2e-05,0.007887499999999999,7.197355508804321
BenchmarkTest02340.java,0,CWE-78,CWE-78,1,1,0,1,0,0,0,0,1,0,1330,0.0016625,1713,0.01713,2,2e-05,0.0188125,15.271466493606567
BenchmarkTest02341.java,0,CWE-78,CWE-78,1,1,0,1,0,0,0,0,1,0,1155,0.00144375,1831,0.01831,2,2e-05,0.01977375,16.34617829322815
BenchmarkTest02342.java,0,CWE-78,CWE-78,1,0,1,0,0,0,1,0,0,0,1126,0.0014075,961,0.00961,2,2e-05,0.011037499999999999,9.564235210418701
BenchmarkTest02343.java,0,CWE-78,CWE-78,1,0,1,0,0,0,1,0,0,0,1179,0.00147375,1246,0.01246,2,2e-05,0.01395375,12.403457880020142
BenchmarkTest02344.java,0,CWE-78,CWE-78,1,0,1,0,0,0,1,0,0,0,1076,0.001345,1555,0.01555,2,2e-05,0.016915,14.546437978744507
BenchmarkTest02345.java,0,CWE-330,,,,0,0,1,0,0,0,1,0,,,,,,,,
BenchmarkTest02346.java,0,CWE-330,,,,0,0,1,0,0,0,1,0,,,,,,,,
BenchmarkTest02347.java,0,CWE-330,,,,0,0,1,0,0,0,1,0,,,,,,,,
BenchmarkTest02348.java,0,CWE-330,,,,0,0,1,0,0,0,1,0,,,,,,,,
BenchmarkTest02349.java,0,CWE-330,,,,0,0,1,0,0,0,1,0,,,,,,,,
BenchmarkTest02350.java,0,CWE-330,,,,0,0,1,0,0,0,1,0,,,,,,,,
BenchmarkTest02351.java,0,CWE-330,,,,0,0,1,0,0,0,1,0,,,,,,,,
BenchmarkTest02353.java,0,CWE-89,CWE-89,1,1,0,1,0,0,0,0,1,0,1108,0.001385,911,0.00911,2,2e-05,0.010515,8.254365682601929
BenchmarkTest02354.java,0,CWE-89,CWE-89,1,0,1,0,0,0,1,0,0,0,1101,0.00137625,920,0.0092,2,2e-05,0.01059625,8.343334436416626
BenchmarkTest02355.java,0,CWE-89,CWE-89,1,0,1,0,0,0,1,0,0,0,1146,0.0014325,1006,0.01006,2,2e-05,0.011512499999999998,9.373170852661133
BenchmarkTest02356.java,0,CWE-89,,,,0,0,0,1,0,0,0,1,,,,,,,,
BenchmarkTest02357.java,0,CWE-89,CWE-89,1,0,1,0,0,0,1,0,0,0,1353,0.00169125,1022,0.01022,2,2e-05,0.01193125,10.555973529815674
BenchmarkTest02358.java,0,CWE-89,,,,0,0,0,1,0,0,0,1,,,,,,,,
BenchmarkTest02359.java,0,CWE-89,,,,0,0,0,1,0,0,0,1,,,,,,,,
BenchmarkTest02360.java,0,CWE-89,,,,0,0,0,1,0,0,0,1,,,,,,,,
BenchmarkTest02361.java,0,CWE-89,,,,0,0,1,0,0,0,1,0,,,,,,,,
BenchmarkTest02362.java,0,CWE-89,,,,0,0,0,1,0,0,0,1,,,,,,,,
BenchmarkTest02363.java,0,CWE-89,CWE-89,1,1,0,1,0,0,0,0,1,0,1439,0.00179875,1437,0.01437,2,2e-05,0.016188750000000002,12.395476818084717
BenchmarkTest02364.java,0,CWE-89,CWE-89,1,0,1,0,0,0,1,0,0,0,1064,0.00133,1034,0.01034,2,2e-05,0.011689999999999999,9.214634418487549
BenchmarkTest02365.java,0,CWE-89,CWE-89,1,1,0,1,0,0,0,0,1,0,1126,0.0014075,2656,0.02656,2,2e-05,0.0279875,22.948235273361206
BenchmarkTest02366.java,0,CWE-89,CWE-89,1,1,0,1,0,0,0,0,1,0,1079,0.00134875,1148,0.01148,2,2e-05,0.012848749999999999,11.067288160324097
BenchmarkTest02367.java,0,CWE-89,CWE-89,1,1,0,1,0,0,0,0,1,0,1401,0.00175125,1812,0.01812,2,2e-05,0.01989125,15.76306962966919
BenchmarkTest02368.java,0,CWE-89,CWE-89,1,1,0,1,0,0,0,0,1,0,1083,0.00135375,977,0.00977,2,2e-05,0.011143749999999997,8.989697933197021
BenchmarkTest02369.java,0,CWE-89,CWE-89,1,0,1,0,0,0,1,0,0,0,1077,0.00134625,1329,0.01329,2,2e-05,0.01465625,12.655472755432129
BenchmarkTest02370.java,0,CWE-643,CWE-643,1,1,0,1,0,0,0,0,1,0,1339,0.00167375,1545,0.01545,2,2e-05,0.01714375,13.906450271606445
BenchmarkTest02371.java,0,CWE-327,,,,0,0,1,0,0,0,1,0,,,,,,,,
BenchmarkTest02372.java,0,CWE-327,,,,0,0,1,0,0,0,1,0,,,,,,,,
BenchmarkTest02373.java,0,CWE-327,CWE-327,1,0,1,0,0,0,1,0,0,0,1447,0.00180875,635,0.00635,2,2e-05,0.008178749999999999,6.818479776382446
BenchmarkTest02374.java,0,CWE-327,CWE-327,1,0,1,0,0,0,1,0,0,0,1491,0.00186375,363,0.00363,2,2e-05,0.00551375,4.859042644500732
BenchmarkTest02375.java,0,CWE-327,CWE-327,1,0,1,0,0,0,1,0,0,0,1419,0.00177375,642,0.00642,2,2e-05,0.008213749999999999,6.676724672317505
BenchmarkTest02376.java,0,CWE-90,,,,0,0,1,0,0,0,1,0,,,,,,,,
BenchmarkTest02377.java,0,CWE-22,,,,0,0,0,1,0,0,0,1,,,,,,,,
BenchmarkTest02378.java,0,CWE-22,,,,0,0,0,1,0,0,0,1,,,,,,,,
BenchmarkTest02379.java,0,CWE-22,,,,0,0,1,0,0,0,1,0,,,,,,,,
BenchmarkTest02380.java,0,CWE-22,,,,0,0,1,0,0,0,1,0,,,,,,,,
BenchmarkTest02381.java,0,CWE-22,,,,0,0,1,0,0,0,1,0,,,,,,,,
BenchmarkTest02382.java,0,CWE-22,,,,0,0,1,0,0,0,1,0,,,,,,,,
BenchmarkTest02383.java,0,CWE-22,,,,0,0,0,1,0,0,0,1,,,,,,,,
BenchmarkTest02384.java,0,CWE-90,,,,0,0,1,0,0,0,1,0,,,,,,,,
BenchmarkTest02385.java,0,CWE-328,CWE-916,0,0,1,0,0,0,1,0,0,0,1496,0.00187,883,0.00883,2,2e-05,0.010719999999999999,9.036067247390747
BenchmarkTest02386.java,0,CWE-328,CWE-916,0,0,1,0,0,0,1,0,0,0,1433,0.00179125,613,0.00613,2,2e-05,0.007941249999999999,6.155368089675903
BenchmarkTest02387.java,0,CWE-328,CWE-916,0,0,1,0,0,0,1,0,0,0,1426,0.0017825,759,0.00759,2,2e-05,0.0093925,7.928752183914185
BenchmarkTest02388.java,0,CWE-328,CWE-916,0,0,1,0,0,0,1,0,0,0,1451,0.00181375,1147,0.01147,2,2e-05,0.013303749999999998,10.997592687606812
BenchmarkTest02389.java,0,CWE-328,,,,0,0,1,0,0,0,1,0,,,,,,,,
BenchmarkTest02390.java,0,CWE-328,,,,0,0,1,0,0,0,1,0,,,,,,,,
BenchmarkTest02391.java,0,CWE-328,,,,0,0,0,1,0,0,0,1,,,,,,,,
BenchmarkTest02392.java,0,CWE-328,,,,0,0,0,1,0,0,0,1,,,,,,,,
BenchmarkTest02393.java,0,CWE-328,,,,0,0,0,1,0,0,0,1,,,,,,,,
BenchmarkTest02394.java,0,CWE-79,,,,0,0,1,0,0,0,1,0,,,,,,,,
BenchmarkTest02395.java,0,CWE-79,,,,0,0,0,1,0,0,0,1,,,,,,,,
BenchmarkTest02396.java,0,CWE-79,,,,0,0,0,1,0,0,0,1,,,,,,,,
BenchmarkTest02397.java,0,CWE-79,,,,0,0,0,1,0,0,0,1,,,,,,,,
BenchmarkTest02398.java,0,CWE-79,,,,0,0,1,0,0,0,1,0,,,,,,,,
BenchmarkTest02399.java,0,CWE-79,,,,0,0,0,1,0,0,0,1,,,,,,,,
BenchmarkTest02400.java,0,CWE-79,,,,0,0,0,1,0,0,0,1,,,,,,,,
BenchmarkTest02401.java,0,CWE-79,,,,0,0,1,0,0,0,1,0,,,,,,,,
BenchmarkTest02402.java,0,CWE-79,,,,0,0,0,1,0,0,0,1,,,,,,,,
BenchmarkTest02403.java,0,CWE-79,,,,0,0,0,1,0,0,0,1,,,,,,,,
BenchmarkTest02404.java,0,CWE-79,,,,0,0,1,0,0,0,1,0,,,,,,,,
BenchmarkTest02405.java,0,CWE-79,,,,0,0,0,1,0,0,0,1,,,,,,,,
BenchmarkTest02406.java,0,CWE-79,,,,0,0,1,0,0,0,1,0,,,,,,,,
BenchmarkTest02407.java,0,CWE-79,,,,0,0,0,1,0,0,0,1,,,,,,,,
BenchmarkTest02408.java,0,CWE-79,,,,0,0,1,0,0,0,1,0,,,,,,,,
BenchmarkTest02409.java,0,CWE-79,,,,0,0,0,1,0,0,0,1,,,,,,,,
BenchmarkTest02410.java,0,CWE-79,,,,0,0,0,1,0,0,0,1,,,,,,,,
BenchmarkTest02411.java,0,CWE-78,,,,0,0,0,1,0,0,0,1,,,,,,,,
BenchmarkTest02412.java,0,CWE-78,,,,0,0,0,1,0,0,0,1,,,,,,,,
BenchmarkTest02413.java,0,CWE-78,,,,0,0,1,0,0,0,1,0,,,,,,,,
BenchmarkTest02414.java,0,CWE-78,,,,0,0,0,1,0,0,0,1,,,,,,,,
BenchmarkTest02415.java,0,CWE-330,CWE-330,1,0,1,0,0,0,1,0,0,0,1406,0.0017575,710,0.0071,2,2e-05,0.0088775,6.763781547546387
BenchmarkTest02416.java,0,CWE-330,CWE-330,1,0,1,0,0,0,1,0,0,0,1512,0.00189,729,0.00729,2,2e-05,0.009199999999999998,6.984149694442749
BenchmarkTest02417.java,0,CWE-330,CWE-330,1,0,1,0,0,0,1,0,0,0,1404,0.001755,616,0.00616,2,2e-05,0.007935,6.076002597808838
BenchmarkTest02418.java,0,CWE-330,CWE-330,1,0,1,0,0,0,1,0,0,0,1468,0.001835,551,0.00551,2,2e-05,0.007365,5.974247455596924
BenchmarkTest02419.java,0,CWE-330,CWE-330,1,0,1,0,0,0,1,0,0,0,1727,0.00215875,750,0.0075,2,2e-05,0.00967875,7.26566743850708
BenchmarkTest02420.java,0,CWE-330,CWE-330,1,0,1,0,0,0,1,0,0,0,1383,0.00172875,715,0.00715,2,2e-05,0.008898749999999999,7.047057867050171
BenchmarkTest02421.java,0,CWE-330,CWE-330,1,0,1,0,0,0,1,0,0,0,1495,0.00186875,723,0.00723,2,2e-05,0.00911875,6.9393792152404785
BenchmarkTest02422.java,0,CWE-330,CWE-330,1,0,1,0,0,0,1,0,0,0,1450,0.0018125,694,0.00694,2,2e-05,0.008772499999999999,7.283108234405518
BenchmarkTest02423.java,0,CWE-330,CWE-330,1,0,1,0,0,0,1,0,0,0,1688,0.00211,793,0.00793,2,2e-05,0.01006,7.8059608936309814
BenchmarkTest02424.java,0,CWE-330,CWE-330,1,0,1,0,0,0,1,0,0,0,1413,0.00176625,712,0.00712,2,2e-05,0.00890625,7.394435882568359
BenchmarkTest02425.java,0,CWE-330,CWE-330,1,0,1,0,0,0,1,0,0,0,1353,0.00169125,713,0.00713,2,2e-05,0.008841249999999998,7.127155065536499
BenchmarkTest02426.java,0,CWE-330,CWE-330,1,0,1,0,0,0,1,0,0,0,1376,0.00172,747,0.00747,2,2e-05,0.00921,7.475438833236694
BenchmarkTest02427.java,0,CWE-614,CWE-614,1,0,1,0,0,0,1,0,0,0,1139,0.00142375,635,0.00635,2,2e-05,0.0077937499999999995,6.524656057357788
BenchmarkTest02428.java,0,CWE-78,,,,0,0,1,0,0,0,1,0,,,,,,,,
BenchmarkTest02429.java,0,CWE-78,,,,0,0,0,1,0,0,0,1,,,,,,,,
BenchmarkTest02430.java,0,CWE-78,,,,0,0,0,1,0,0,0,1,,,,,,,,
BenchmarkTest02431.java,0,CWE-78,,,,0,0,0,1,0,0,0,1,,,,,,,,
BenchmarkTest02432.java,0,CWE-78,,,,0,0,0,1,0,0,0,1,,,,,,,,
BenchmarkTest02433.java,0,CWE-78,,,,0,0,0,1,0,0,0,1,,,,,,,,
BenchmarkTest02434.java,0,CWE-330,,,,0,0,1,0,0,0,1,0,,,,,,,,
BenchmarkTest02435.java,0,CWE-330,,,,0,0,1,0,0,0,1,0,,,,,,,,
BenchmarkTest02436.java,0,CWE-330,,,,0,0,1,0,0,0,1,0,,,,,,,,
BenchmarkTest02437.java,0,CWE-330,,,,0,0,1,0,0,0,1,0,,,,,,,,
BenchmarkTest02438.java,0,CWE-330,,,,0,0,1,0,0,0,1,0,,,,,,,,
BenchmarkTest02439.java,0,CWE-330,,,,0,0,1,0,0,0,1,0,,,,,,,,
BenchmarkTest02440.java,0,CWE-330,,,,0,0,1,0,0,0,1,0,,,,,,,,
BenchmarkTest02441.java,0,CWE-330,,,,0,0,1,0,0,0,1,0,,,,,,,,
BenchmarkTest02442.java,0,CWE-330,,,,0,0,1,0,0,0,1,0,,,,,,,,
BenchmarkTest02443.java,0,CWE-330,,,,0,0,1,0,0,0,1,0,,,,,,,,
BenchmarkTest02444.java,0,CWE-330,,,,0,0,1,0,0,0,1,0,,,,,,,,
BenchmarkTest02445.java,0,CWE-330,,,,0,0,1,0,0,0,1,0,,,,,,,,
BenchmarkTest02449.java,0,CWE-89,,,,0,0,0,1,0,0,0,1,,,,,,,,
BenchmarkTest02450.java,0,CWE-89,,,,0,0,1,0,0,0,1,0,,,,,,,,
BenchmarkTest02451.java,0,CWE-89,,,,0,0,0,1,0,0,0,1,,,,,,,,
BenchmarkTest02452.java,0,CWE-89,,,,0,0,1,0,0,0,1,0,,,,,,,,
BenchmarkTest02453.java,0,CWE-89,,,,0,0,0,1,0,0,0,1,,,,,,,,
BenchmarkTest02454.java,0,CWE-89,,,,0,0,0,1,0,0,0,1,,,,,,,,
BenchmarkTest02455.java,0,CWE-89,,,,0,0,0,1,0,0,0,1,,,,,,,,
BenchmarkTest02456.java,0,CWE-89,,,,0,0,1,0,0,0,1,0,,,,,,,,
BenchmarkTest02457.java,0,CWE-643,,,,0,0,1,0,0,0,1,0,,,,,,,,
BenchmarkTest02458.java,0,CWE-327,CWE-327,1,0,1,0,0,0,1,0,0,0,1838,0.0022975,388,0.00388,2,2e-05,0.006197500000000001,3.8838584423065186
BenchmarkTest02459.java,0,CWE-327,,,,0,0,1,0,0,0,1,0,,,,,,,,
BenchmarkTest02460.java,0,CWE-327,,,,0,0,1,0,0,0,1,0,,,,,,,,
BenchmarkTest02461.java,0,CWE-327,,,,0,0,1,0,0,0,1,0,,,,,,,,
BenchmarkTest02462.java,0,CWE-22,CWE-23,0,1,0,1,0,0,0,0,1,0,1390,0.0017375,1174,0.01174,2,2e-05,0.013497499999999999,10.760790824890137
BenchmarkTest02463.java,0,CWE-22,CWE-23,0,0,1,0,0,0,1,0,0,0,1321,0.00165125,1152,0.01152,2,2e-05,0.01319125,11.059739828109741
BenchmarkTest02464.java,0,CWE-22,CWE-23,0,1,0,1,0,0,0,0,1,0,1365,0.00170625,1026,0.01026,2,2e-05,0.011986249999999999,8.749318361282349
BenchmarkTest02465.java,0,CWE-22,CWE-23,0,0,1,0,0,0,1,0,0,0,1484,0.001855,940,0.0094,2,2e-05,0.011275,9.036901235580444
BenchmarkTest02466.java,0,CWE-22,CWE-23,0,0,1,0,0,0,1,0,0,0,1557,0.00194625,1086,0.01086,2,2e-05,0.012826249999999999,9.909183502197266
BenchmarkTest02467.java,0,CWE-22,CWE-23,0,1,0,1,0,0,0,0,1,0,1742,0.0021775,1179,0.01179,2,2e-05,0.0139875,10.232252836227417
BenchmarkTest02468.java,0,CWE-22,CWE-23,0,1,0,1,0,0,0,0,1,0,1353,0.00169125,1503,0.01503,2,2e-05,0.01674125,14.295565843582153
BenchmarkTest02469.java,0,CWE-22,CWE-23,0,0,1,0,0,0,1,0,0,0,1382,0.0017275,954,0.00954,2,2e-05,0.011287499999999999,9.733973503112793
BenchmarkTest02470.java,0,CWE-22,CWE-23,0,1,0,1,0,0,0,0,1,0,1355,0.00169375,893,0.00893,2,2e-05,0.01064375,8.792901754379272
BenchmarkTest02471.java,0,CWE-22,CWE-23,0,1,0,1,0,0,0,0,1,0,1525,0.00190625,947,0.00947,2,2e-05,0.011396249999999998,10.591390132904053
BenchmarkTest02472.java,0,CWE-90,CWE-90,1,0,1,0,0,0,1,0,0,0,1410,0.0017625,1006,0.01006,2,2e-05,0.011842499999999999,9.602015018463135
BenchmarkTest02473.java,0,CWE-330,CWE-330,1,0,1,0,0,0,1,0,0,0,1485,0.00185625,680,0.0068,2,2e-05,0.008676249999999998,7.22194766998291
BenchmarkTest02474.java,0,CWE-328,CWE-916,0,0,1,0,0,0,1,0,0,0,1474,0.0018425,1259,0.01259,2,2e-05,0.0144525,12.004337310791016
BenchmarkTest02475.java,0,CWE-328,CWE-916,0,0,1,0,0,0,1,0,0,0,1413,0.00176625,730,0.0073,2,2e-05,0.009086249999999999,7.655979156494141
BenchmarkTest02476.java,0,CWE-328,CWE-916,0,0,1,0,0,0,1,0,0,0,1307,0.00163375,836,0.00836,2,2e-05,0.010013749999999998,8.62995195388794
BenchmarkTest02477.java,0,CWE-328,,,,0,0,1,0,0,0,1,0,,,,,,,,
BenchmarkTest02478.java,0,CWE-328,,,,0,0,0,1,0,0,0,1,,,,,,,,
BenchmarkTest02479.java,0,CWE-328,,,,0,0,1,0,0,0,1,0,,,,,,,,
BenchmarkTest02480.java,0,CWE-79,CWE-79,1,0,1,0,0,0,1,0,0,0,1352,0.00169,968,0.00968,2,2e-05,0.011389999999999999,8.851893901824951
BenchmarkTest02481.java,0,CWE-79,CWE-79,1,1,0,1,0,0,0,0,1,0,1405,0.00175625,1840,0.0184,2,2e-05,0.02017625,16.941816568374634
BenchmarkTest02482.java,0,CWE-79,CWE-79,1,1,0,1,0,0,0,0,1,0,1419,0.00177375,1013,0.01013,2,2e-05,0.011923749999999999,8.784638404846191
BenchmarkTest02483.java,0,CWE-79,CWE-79,1,0,1,0,0,0,1,0,0,0,1315,0.00164375,883,0.00883,2,2e-05,0.010493749999999998,11.202156066894531
BenchmarkTest02484.java,0,CWE-79,CWE-79,1,1,0,1,0,0,0,0,1,0,1461,0.00182625,1217,0.01217,2,2e-05,0.01401625,12.460625171661377
BenchmarkTest02485.java,0,CWE-79,CWE-79,1,1,0,1,0,0,0,0,1,0,1435,0.00179375,1203,0.01203,2,2e-05,0.01384375,11.42185640335083
BenchmarkTest02486.java,0,CWE-79,CWE-79,1,0,1,0,0,0,1,0,0,0,1416,0.00177,1001,0.01001,2,2e-05,0.0118,9.84095048904419
BenchmarkTest02487.java,0,CWE-79,CWE-79,1,0,1,0,0,0,1,0,0,0,1376,0.00172,1276,0.01276,2,2e-05,0.014499999999999999,11.911439895629883
BenchmarkTest02488.java,0,CWE-79,CWE-79,1,1,0,1,0,0,0,0,1,0,1357,0.00169625,1009,0.01009,2,2e-05,0.011806249999999999,9.402486801147461
BenchmarkTest02489.java,0,CWE-79,CWE-79,1,0,1,0,0,0,1,0,0,0,1328,0.00166,963,0.00963,2,2e-05,0.011309999999999999,9.073783159255981
BenchmarkTest02490.java,0,CWE-79,CWE-79,1,1,0,1,0,0,0,0,1,0,1697,0.00212125,1458,0.01458,2,2e-05,0.01672125,12.845903635025024
BenchmarkTest02491.java,0,CWE-79,CWE-79,1,1,0,1,0,0,0,0,1,0,1679,0.00209875,1524,0.01524,2,2e-05,0.01735875,13.2115797996521
BenchmarkTest02492.java,0,CWE-79,CWE-79,1,1,0,1,0,0,0,0,1,0,1332,0.001665,1068,0.01068,2,2e-05,0.012365,9.773242473602295
BenchmarkTest02493.java,0,CWE-79,CWE-79,1,0,1,0,0,0,1,0,0,0,1463,0.00182875,908,0.00908,2,2e-05,0.01092875,9.740073680877686
BenchmarkTest02494.java,0,CWE-79,CWE-79,1,0,1,0,0,0,1,0,0,0,1383,0.00172875,975,0.00975,2,2e-05,0.011498749999999999,10.402065515518188
BenchmarkTest02495.java,0,CWE-79,CWE-79,1,1,0,1,0,0,0,0,1,0,1450,0.0018125,989,0.00989,2,2e-05,0.011722499999999999,9.360042333602905
BenchmarkTest02496.java,0,CWE-78,CWE-78,1,0,1,0,0,0,1,0,0,0,1097,0.00137125,947,0.00947,2,2e-05,0.01086125,9.348501443862915
BenchmarkTest02497.java,0,CWE-330,CWE-330,1,0,1,0,0,0,1,0,0,0,1729,0.00216125,631,0.00631,2,2e-05,0.008491249999999999,6.6660778522491455
BenchmarkTest02498.java,0,CWE-330,CWE-330,1,0,1,0,0,0,1,0,0,0,1391,0.00173875,573,0.00573,2,2e-05,0.00748875,5.393980503082275
BenchmarkTest02499.java,0,CWE-330,CWE-330,1,0,1,0,0,0,1,0,0,0,1424,0.00178,807,0.00807,2,2e-05,0.00987,7.413805246353149
BenchmarkTest02500.java,0,CWE-330,CWE-330,1,0,1,0,0,0,1,0,0,0,1380,0.001725,564,0.00564,2,2e-05,0.007385,7.087560653686523
BenchmarkTest02501.java,0,CWE-330,CWE-330,1,0,1,0,0,0,1,0,0,0,1360,0.0017,788,0.00788,2,2e-05,0.0096,7.768982887268066
BenchmarkTest02502.java,0,CWE-330,CWE-330,1,0,1,0,0,0,1,0,0,0,1414,0.0017675,717,0.00717,2,2e-05,0.0089575,6.951530694961548
BenchmarkTest02503.java,0,CWE-330,CWE-330,1,0,1,0,0,0,1,0,0,0,1685,0.00210625,654,0.00654,2,2e-05,0.008666249999999999,6.538225412368774
BenchmarkTest02504.java,0,CWE-330,CWE-330,1,0,1,0,0,0,1,0,0,0,1362,0.0017025,751,0.00751,2,2e-05,0.0092325,7.079571723937988
BenchmarkTest02505.java,0,CWE-330,CWE-330,1,0,1,0,0,0,1,0,0,0,1403,0.00175375,580,0.0058,2,2e-05,0.00757375,5.735287427902222
BenchmarkTest02506.java,0,CWE-330,CWE-330,1,0,1,0,0,0,1,0,0,0,1394,0.0017425,518,0.00518,2,2e-05,0.0069425,5.101221084594727
BenchmarkTest02507.java,0,CWE-614,CWE-614,1,0,1,0,0,0,1,0,0,0,1124,0.001405,949,0.00949,2,2e-05,0.010915,9.904746294021606
BenchmarkTest02508.java,0,CWE-614,,,,0,0,1,0,0,0,1,0,,,,,,,,
BenchmarkTest02509.java,0,CWE-79,CWE-79,1,1,0,1,0,0,0,0,1,0,1359,0.00169875,898,0.00898,2,2e-05,0.01069875,8.74052882194519
BenchmarkTest02510.java,0,CWE-78,CWE-78,1,1,0,1,0,0,0,0,1,0,1301,0.00162625,2148,0.02148,2,2e-05,0.023126249999999998,18.224976301193237
BenchmarkTest02511.java,0,CWE-78,CWE-78,1,0,1,0,0,0,1,0,0,0,981,0.00122625,1327,0.01327,2,2e-05,0.01451625,11.810848712921143
BenchmarkTest02512.java,0,CWE-78,CWE-78,1,0,1,0,0,0,1,0,0,0,1035,0.00129375,1853,0.01853,2,2e-05,0.01984375,17.095475435256958
BenchmarkTest02513.java,0,CWE-78,CWE-78,1,1,0,1,0,0,0,0,1,0,1056,0.00132,1442,0.01442,2,2e-05,0.01576,12.715250730514526
BenchmarkTest02514.java,0,CWE-78,CWE-78,1,0,1,0,0,0,1,0,0,0,999,0.00124875,1454,0.01454,2,2e-05,0.01580875,13.324883937835693
BenchmarkTest02515.java,0,CWE-78,CWE-78,1,0,1,0,0,0,1,0,0,0,972,0.001215,1939,0.01939,2,2e-05,0.020625,18.248300313949585
BenchmarkTest02516.java,0,CWE-78,CWE-78,1,0,1,0,0,0,1,0,0,0,1072,0.00134,939,0.00939,2,2e-05,0.01075,9.723958969116211
BenchmarkTest02517.java,0,CWE-78,CWE-78,1,0,1,0,0,0,1,0,0,0,981,0.00122625,1238,0.01238,2,2e-05,0.01362625,11.161229372024536
BenchmarkTest02518.java,0,CWE-78,CWE-78,1,1,0,1,0,0,0,0,1,0,1055,0.00131875,1934,0.01934,2,2e-05,0.02067875,17.334521532058716
BenchmarkTest02519.java,0,CWE-330,,,,0,0,1,0,0,0,1,0,,,,,,,,
BenchmarkTest02520.java,0,CWE-330,,,,0,0,1,0,0,0,1,0,,,,,,,,
BenchmarkTest02521.java,0,CWE-330,,,,0,0,1,0,0,0,1,0,,,,,,,,
BenchmarkTest02522.java,0,CWE-330,,,,0,0,1,0,0,0,1,0,,,,,,,,
BenchmarkTest02528.java,0,CWE-89,CWE-89,1,0,1,0,0,0,1,0,0,0,1025,0.00128125,942,0.00942,2,2e-05,0.010721249999999998,8.453985452651978
BenchmarkTest02529.java,0,CWE-89,CWE-89,1,1,0,1,0,0,0,0,1,0,1090,0.0013625,962,0.00962,2,2e-05,0.011002499999999998,9.56929612159729
BenchmarkTest02530.java,0,CWE-89,CWE-89,1,0,1,0,0,0,1,0,0,0,1036,0.001295,950,0.0095,2,2e-05,0.010814999999999998,8.645429849624634
BenchmarkTest02531.java,0,CWE-89,CWE-89,1,0,1,0,0,0,1,0,0,0,1005,0.00125625,1072,0.01072,2,2e-05,0.01199625,10.093629598617554
BenchmarkTest02532.java,0,CWE-89,CWE-89,1,0,1,0,0,0,1,0,0,0,1058,0.0013225,755,0.00755,2,2e-05,0.0088925,7.7667014598846436
BenchmarkTest02533.java,0,CWE-89,CWE-89,1,0,1,0,0,0,1,0,0,0,1090,0.0013625,1046,0.01046,2,2e-05,0.011842499999999999,9.477434873580933
BenchmarkTest02534.java,0,CWE-89,CWE-89,1,0,1,0,0,0,1,0,0,0,1005,0.00125625,1008,0.01008,2,2e-05,0.01135625,9.590867280960083
BenchmarkTest02535.java,0,CWE-89,CWE-89,1,0,1,0,0,0,1,0,0,0,1075,0.00134375,923,0.00923,2,2e-05,0.010593749999999999,8.280113220214844
BenchmarkTest02536.java,0,CWE-89,CWE-89,1,1,0,1,0,0,0,0,1,0,1083,0.00135375,1043,0.01043,2,2e-05,0.011803749999999998,9.504714965820312
BenchmarkTest02537.java,0,CWE-89,CWE-89,1,0,1,0,0,0,1,0,0,0,1026,0.0012825,977,0.00977,2,2e-05,0.011072499999999999,9.740898370742798
BenchmarkTest02538.java,0,CWE-89,,,,0,0,1,0,0,0,1,0,,,,,,,,
BenchmarkTest02539.java,0,CWE-89,,,,0,0,1,0,0,0,1,0,,,,,,,,
BenchmarkTest02540.java,0,CWE-89,CWE-89,1,1,0,1,0,0,0,0,1,0,1026,0.0012825,1036,0.01036,2,2e-05,0.0116625,9.379558563232422
BenchmarkTest02541.java,0,CWE-89,CWE-89,1,1,0,1,0,0,0,0,1,0,987,0.00123375,1004,0.01004,2,2e-05,0.01129375,11.471153974533081
BenchmarkTest02542.java,0,CWE-89,CWE-89,1,0,1,0,0,0,1,0,0,0,969,0.00121125,1053,0.01053,2,2e-05,0.01176125,12.00673770904541
BenchmarkTest02543.java,0,CWE-89,CWE-89,1,0,1,0,0,0,1,0,0,0,987,0.00123375,798,0.00798,2,2e-05,0.009233749999999999,7.87741231918335
BenchmarkTest02544.java,0,CWE-89,CWE-89,1,1,0,1,0,0,0,0,1,0,1044,0.001305,997,0.00997,2,2e-05,0.011295,8.400713682174683
BenchmarkTest02545.java,0,CWE-89,CWE-89,1,0,1,0,0,0,1,0,0,0,972,0.001215,901,0.00901,2,2e-05,0.010245,8.359435558319092
BenchmarkTest02546.java,0,CWE-89,CWE-89,1,1,0,1,0,0,0,0,1,0,1048,0.00131,1347,0.01347,2,2e-05,0.014799999999999999,12.570620775222778
BenchmarkTest02547.java,0,CWE-327,,,,0,0,1,0,0,0,1,0,,,,,,,,
BenchmarkTest02548.java,0,CWE-327,CWE-327,1,0,1,0,0,0,1,0,0,0,2042,0.0025525,403,0.00403,2,2e-05,0.0066025,4.202242851257324
BenchmarkTest02549.java,0,CWE-327,CWE-327,1,0,1,0,0,0,1,0,0,0,2034,0.0025425,536,0.00536,2,2e-05,0.007922499999999999,6.997166395187378
BenchmarkTest02550.java,0,CWE-327,CWE-327,1,0,1,0,0,0,1,0,0,0,1571,0.00196375,525,0.00525,2,2e-05,0.00723375,5.89731240272522
BenchmarkTest02551.java,0,CWE-327,,,,0,0,1,0,0,0,1,0,,,,,,,,
BenchmarkTest02552.java,0,CWE-327,,,,0,0,1,0,0,0,1,0,,,,,,,,
BenchmarkTest02553.java,0,CWE-90,CWE-90,1,1,0,1,0,0,0,0,1,0,1620,0.002025,1226,0.01226,2,2e-05,0.014304999999999998,10.814357042312622
BenchmarkTest02554.java,0,CWE-22,CWE-23,0,1,0,1,0,0,0,0,1,0,1494,0.0018675,989,0.00989,2,2e-05,0.011777499999999998,8.834885597229004
BenchmarkTest02555.java,0,CWE-22,CWE-23,0,0,1,0,0,0,1,0,0,0,1492,0.001865,1405,0.01405,2,2e-05,0.015934999999999998,13.440441370010376
BenchmarkTest02556.java,0,CWE-22,CWE-23,0,0,1,0,0,0,1,0,0,0,1465,0.00183125,1097,0.01097,2,2e-05,0.01282125,10.779584407806396
BenchmarkTest02557.java,0,CWE-22,CWE-23,0,1,0,1,0,0,0,0,1,0,1513,0.00189125,1269,0.01269,2,2e-05,0.01460125,11.919648170471191
BenchmarkTest02558.java,0,CWE-22,CWE-23,0,1,0,1,0,0,0,0,1,0,1470,0.0018375,1402,0.01402,2,2e-05,0.0158775,14.877417087554932
BenchmarkTest02559.java,0,CWE-22,CWE-23,0,0,1,0,0,0,1,0,0,0,1631,0.00203875,1390,0.0139,2,2e-05,0.015958749999999997,14.955982446670532
BenchmarkTest02560.java,0,CWE-22,CWE-23,0,0,1,0,0,0,1,0,0,0,1646,0.0020575,1157,0.01157,2,2e-05,0.0136475,11.784707307815552
BenchmarkTest02561.java,0,CWE-22,CWE-23,0,0,1,0,0,0,1,0,0,0,1623,0.00202875,1188,0.01188,2,2e-05,0.01392875,10.859348058700562
BenchmarkTest02562.java,0,CWE-22,CWE-23,0,0,1,0,0,0,1,0,0,0,1583,0.00197875,1077,0.01077,2,2e-05,0.012768749999999999,10.254761219024658
BenchmarkTest02563.java,0,CWE-22,CWE-23,0,1,0,1,0,0,0,0,1,0,1844,0.002305,1405,0.01405,2,2e-05,0.016375,12.781028032302856
BenchmarkTest02564.java,0,CWE-22,CWE-23,0,0,1,0,0,0,1,0,0,0,1590,0.0019875,1183,0.01183,2,2e-05,0.013837499999999999,10.998637437820435
BenchmarkTest02565.java,0,CWE-22,CWE-23,0,0,1,0,0,0,1,0,0,0,1499,0.00187375,1134,0.01134,2,2e-05,0.013233749999999999,10.577133417129517
BenchmarkTest02566.java,0,CWE-22,CWE-23,0,1,0,1,0,0,0,0,1,0,1532,0.001915,4969,0.04969,2,2e-05,0.051625,47.047011375427246
BenchmarkTest02567.java,0,CWE-22,CWE-23,0,0,1,0,0,0,1,0,0,0,1477,0.00184625,1009,0.01009,2,2e-05,0.01195625,10.04592251777649
BenchmarkTest02568.java,0,CWE-22,CWE-23,0,1,0,1,0,0,0,0,1,0,1575,0.00196875,2240,0.0224,2,2e-05,0.02438875,20.715263605117798
BenchmarkTest02569.java,0,CWE-22,CWE-23,0,0,1,0,0,0,1,0,0,0,1581,0.00197625,1201,0.01201,2,2e-05,0.01400625,12.59165072441101
BenchmarkTest02570.java,0,CWE-22,CWE-23,0,1,0,1,0,0,0,0,1,0,1727,0.00215875,1413,0.01413,2,2e-05,0.01630875,13.148836135864258
BenchmarkTest02571.java,0,CWE-90,CWE-90,1,0,0,1,0,0,0,1,0,0,1608,0.00201,3952,0.03952,2,2e-05,0.04155,38.709349155426025
BenchmarkTest02572.java,0,CWE-90,CWE-90,1,0,0,1,0,0,0,1,0,0,1562,0.0019525,7695,0.07695,2,2e-05,0.0789225,68.42676591873169
BenchmarkTest02573.java,0,CWE-328,CWE-916,0,0,1,0,0,0,1,0,0,0,1630,0.0020375,1558,0.01558,2,2e-05,0.0176375,14.38330364227295
BenchmarkTest02574.java,0,CWE-328,CWE-916,0,0,1,0,0,0,1,0,0,0,1582,0.0019775,939,0.00939,2,2e-05,0.0113875,9.538521766662598
BenchmarkTest02575.java,0,CWE-328,CWE-916,0,0,1,0,0,0,1,0,0,0,1496,0.00187,990,0.0099,2,2e-05,0.01179,9.705132722854614
BenchmarkTest02576.java,0,CWE-328,,,,0,0,1,0,0,0,1,0,,,,,,,,
BenchmarkTest02577.java,0,CWE-328,,,,0,0,0,1,0,0,0,1,,,,,,,,
BenchmarkTest02578.java,0,CWE-79,CWE-79,1,0,1,0,0,0,1,0,0,0,1534,0.0019175,1113,0.01113,2,2e-05,0.0130675,11.51970362663269
BenchmarkTest02579.java,0,CWE-79,CWE-79,1,0,1,0,0,0,1,0,0,0,1506,0.0018825,1259,0.01259,2,2e-05,0.0144925,12.63106918334961
BenchmarkTest02580.java,0,CWE-79,CWE-79,1,0,1,0,0,0,1,0,0,0,1517,0.00189625,1376,0.01376,2,2e-05,0.01567625,12.906608581542969
BenchmarkTest02581.java,0,CWE-79,CWE-79,1,1,0,1,0,0,0,0,1,0,1505,0.00188125,1539,0.01539,2,2e-05,0.017291249999999998,14.386122703552246
BenchmarkTest02582.java,0,CWE-79,CWE-79,1,0,1,0,0,0,1,0,0,0,1510,0.0018875,1127,0.01127,2,2e-05,0.0131775,10.130189657211304
BenchmarkTest02583.java,0,CWE-79,CWE-79,1,0,1,0,0,0,1,0,0,0,1476,0.001845,1056,0.01056,2,2e-05,0.012424999999999999,10.60126543045044
BenchmarkTest02584.java,0,CWE-79,CWE-79,1,0,1,0,0,0,1,0,0,0,1505,0.00188125,1103,0.01103,2,2e-05,0.012931249999999998,10.211626529693604
BenchmarkTest02585.java,0,CWE-79,CWE-79,1,0,1,0,0,0,1,0,0,0,1514,0.0018925,1174,0.01174,2,2e-05,0.0136525,10.94922161102295
BenchmarkTest02586.java,0,CWE-79,CWE-79,1,0,1,0,0,0,1,0,0,0,1585,0.00198125,1152,0.01152,2,2e-05,0.01352125,10.945460796356201
BenchmarkTest02587.java,0,CWE-79,CWE-79,1,0,1,0,0,0,1,0,0,0,1852,0.002315,1588,0.01588,2,2e-05,0.018215,14.3387131690979
BenchmarkTest02588.java,0,CWE-79,CWE-79,1,0,1,0,0,0,1,0,0,0,1825,0.00228125,1907,0.01907,2,2e-05,0.021371249999999998,16.29802966117859
BenchmarkTest02589.java,0,CWE-79,CWE-79,1,1,0,1,0,0,0,0,1,0,1584,0.00198,1592,0.01592,2,2e-05,0.01792,13.601046800613403
BenchmarkTest02590.java,0,CWE-79,CWE-79,1,1,0,1,0,0,0,0,1,0,1648,0.00206,1296,0.01296,2,2e-05,0.015039999999999998,11.03747296333313
BenchmarkTest02591.java,0,CWE-79,CWE-79,1,0,1,0,0,0,1,0,0,0,1528,0.00191,1177,0.01177,2,2e-05,0.013699999999999999,10.236441612243652
BenchmarkTest02592.java,0,CWE-79,CWE-79,1,0,1,0,0,0,1,0,0,0,1573,0.00196625,1242,0.01242,2,2e-05,0.014406249999999999,11.36582088470459
BenchmarkTest02593.java,0,CWE-79,CWE-79,1,1,0,1,0,0,0,0,1,0,1529,0.00191125,942,0.00942,2,2e-05,0.011351249999999998,8.91188645362854
BenchmarkTest02594.java,0,CWE-79,CWE-79,1,1,0,1,0,0,0,0,1,0,1523,0.00190375,955,0.00955,2,2e-05,0.011473749999999998,8.499404191970825
BenchmarkTest02595.java,0,CWE-79,CWE-79,1,0,1,0,0,0,1,0,0,0,1587,0.00198375,1255,0.01255,2,2e-05,0.014553749999999999,11.905979871749878
BenchmarkTest02596.java,0,CWE-79,CWE-79,1,1,0,1,0,0,0,0,1,0,1494,0.0018675,986,0.00986,2,2e-05,0.0117475,9.714078903198242
BenchmarkTest02597.java,0,CWE-79,CWE-79,1,0,1,0,0,0,1,0,0,0,1545,0.00193125,1714,0.01714,2,2e-05,0.019091249999999997,15.437597751617432
BenchmarkTest02598.java,0,CWE-79,CWE-79,1,0,1,0,0,0,1,0,0,0,1512,0.00189,987,0.00987,2,2e-05,0.011779999999999999,8.848008871078491
BenchmarkTest02599.java,0,CWE-79,CWE-79,1,1,0,1,0,0,0,0,1,0,1521,0.00190125,1314,0.01314,2,2e-05,0.01506125,11.485327005386353
BenchmarkTest02600.java,0,CWE-79,CWE-79,1,0,1,0,0,0,1,0,0,0,1552,0.00194,998,0.00998,2,2e-05,0.01194,9.417977809906006
BenchmarkTest02601.java,0,CWE-79,CWE-79,1,1,0,1,0,0,0,0,1,0,1526,0.0019075,956,0.00956,2,2e-05,0.0114875,8.819958448410034
BenchmarkTest02602.java,0,CWE-330,CWE-330,1,0,1,0,0,0,1,0,0,0,1860,0.002325,609,0.00609,2,2e-05,0.008434999999999998,7.05233907699585
BenchmarkTest02603.java,0,CWE-330,CWE-330,1,0,1,0,0,0,1,0,0,0,1577,0.00197125,633,0.00633,2,2e-05,0.008321249999999999,6.3089680671691895
BenchmarkTest02604.java,0,CWE-330,CWE-330,1,0,1,0,0,0,1,0,0,0,1857,0.00232125,759,0.00759,2,2e-05,0.009931249999999999,7.522817134857178
BenchmarkTest02605.java,0,CWE-330,CWE-330,1,0,1,0,0,0,1,0,0,0,1557,0.00194625,721,0.00721,2,2e-05,0.00917625,7.298137426376343
BenchmarkTest02606.java,0,CWE-330,CWE-330,1,0,1,0,0,0,1,0,0,0,1604,0.002005,782,0.00782,2,2e-05,0.009845,7.590485572814941
BenchmarkTest02607.java,0,CWE-614,,,,0,0,1,0,0,0,1,0,,,,,,,,
BenchmarkTest02608.java,0,CWE-79,CWE-79,1,0,1,0,0,0,1,0,0,0,1481,0.00185125,948,0.00948,2,2e-05,0.01135125,8.426450252532959
BenchmarkTest02609.java,0,CWE-79,CWE-79,1,1,0,1,0,0,0,0,1,0,1503,0.00187875,846,0.00846,2,2e-05,0.01035875,8.196879625320435
BenchmarkTest02610.java,0,CWE-78,CWE-78,1,0,0,1,0,0,0,1,0,0,1381,0.00172625,9598,0.09598,2,2e-05,0.09772625,81.95815634727478
BenchmarkTest02611.java,0,CWE-78,CWE-78,1,0,1,0,0,0,1,0,0,0,1345,0.00168125,2142,0.02142,2,2e-05,0.02312125,19.038243055343628
BenchmarkTest02612.java,0,CWE-78,CWE-78,1,0,1,0,0,0,1,0,0,0,1152,0.00144,1981,0.01981,2,2e-05,0.02127,19.08824586868286
BenchmarkTest02613.java,0,CWE-78,CWE-78,1,0,1,0,0,0,1,0,0,0,1215,0.00151875,1378,0.01378,2,2e-05,0.015318749999999999,12.980737924575806
BenchmarkTest02614.java,0,CWE-330,,,,0,0,1,0,0,0,1,0,,,,,,,,
BenchmarkTest02615.java,0,CWE-330,,,,0,0,1,0,0,0,1,0,,,,,,,,
BenchmarkTest02616.java,0,CWE-330,CWE-330,1,1,0,1,0,0,0,0,1,0,1677,0.00209625,900,0.009,2,2e-05,0.011116249999999998,9.708659172058105
BenchmarkTest02617.java,0,CWE-330,,,,0,0,1,0,0,0,1,0,,,,,,,,
BenchmarkTest02618.java,0,CWE-330,,,,0,0,1,0,0,0,1,0,,,,,,,,
BenchmarkTest02619.java,0,CWE-330,,,,0,0,1,0,0,0,1,0,,,,,,,,
BenchmarkTest02620.java,0,CWE-330,,,,0,0,1,0,0,0,1,0,,,,,,,,
BenchmarkTest02621.java,0,CWE-330,,,,0,0,1,0,0,0,1,0,,,,,,,,
BenchmarkTest02625.java,0,CWE-89,CWE-89,1,0,1,0,0,0,1,0,0,0,1227,0.00153375,976,0.00976,2,2e-05,0.01131375,9.905897855758667
BenchmarkTest02626.java,0,CWE-89,CWE-89,1,1,0,1,0,0,0,0,1,0,1144,0.00143,1141,0.01141,2,2e-05,0.01286,10.814919233322144
BenchmarkTest02627.java,0,CWE-89,CWE-89,1,0,1,0,0,0,1,0,0,0,1214,0.0015175,1135,0.01135,2,2e-05,0.0128875,11.270477294921875
BenchmarkTest02628.java,0,CWE-89,CWE-89,1,0,1,0,0,0,1,0,0,0,1260,0.001575,959,0.00959,2,2e-05,0.011184999999999999,9.159651756286621
BenchmarkTest02629.java,0,CWE-89,CWE-89,1,1,0,1,0,0,0,0,1,0,1230,0.0015375,1666,0.01666,2,2e-05,0.0182175,14.970730543136597
BenchmarkTest02630.java,0,CWE-89,CWE-89,1,0,1,0,0,0,1,0,0,0,1161,0.00145125,964,0.00964,2,2e-05,0.011111249999999998,8.992071866989136
BenchmarkTest02631.java,0,CWE-89,CWE-89,1,1,0,1,0,0,0,0,1,0,1160,0.00145,1402,0.01402,2,2e-05,0.015489999999999999,14.75778317451477
BenchmarkTest02632.java,0,CWE-89,CWE-89,1,0,1,0,0,0,1,0,0,0,1226,0.0015325,1190,0.0119,2,2e-05,0.0134525,11.145627975463867
BenchmarkTest02633.java,0,CWE-89,CWE-89,1,1,0,1,0,0,0,0,1,0,1492,0.001865,1791,0.01791,2,2e-05,0.019794999999999997,16.323666095733643
BenchmarkTest02634.java,0,CWE-89,CWE-89,1,1,0,1,0,0,0,0,1,0,1239,0.00154875,2135,0.02135,2,2e-05,0.02291875,20.67636728286743
BenchmarkTest02635.java,0,CWE-89,CWE-89,1,0,1,0,0,0,1,0,0,0,1282,0.0016025,993,0.00993,2,2e-05,0.011552499999999999,9.189719438552856
BenchmarkTest02636.java,0,CWE-89,CWE-89,1,1,0,1,0,0,0,0,1,0,1216,0.00152,2993,0.02993,2,2e-05,0.03147,27.06743097305298
BenchmarkTest02637.java,0,CWE-89,CWE-89,1,1,0,1,0,0,0,0,1,0,1172,0.001465,956,0.00956,2,2e-05,0.011045,8.497929334640503
BenchmarkTest02638.java,0,CWE-89,CWE-89,1,0,1,0,0,0,1,0,0,0,1148,0.001435,922,0.00922,2,2e-05,0.010675,8.594138622283936
BenchmarkTest02639.java,0,CWE-89,,,,0,0,1,0,0,0,1,0,,,,,,,,
BenchmarkTest02640.java,0,CWE-89,,,,0,0,1,0,0,0,1,0,,,,,,,,
BenchmarkTest02641.java,0,CWE-89,CWE-89,1,0,1,0,0,0,1,0,0,0,1337,0.00167125,773,0.00773,2,2e-05,0.009421249999999999,8.142035245895386
BenchmarkTest02642.java,0,CWE-89,,,,0,0,0,1,0,0,0,1,,,,,,,,
BenchmarkTest02643.java,0,CWE-89,,,,0,0,0,1,0,0,0,1,,,,,,,,
BenchmarkTest02644.java,0,CWE-89,,,,0,0,0,1,0,0,0,1,,,,,,,,
BenchmarkTest02645.java,0,CWE-89,,,,0,0,0,1,0,0,0,1,,,,,,,,
BenchmarkTest02646.java,0,CWE-89,CWE-89,1,0,1,0,0,0,1,0,0,0,1179,0.00147375,1108,0.01108,2,2e-05,0.012573749999999998,10.938738822937012
BenchmarkTest02647.java,0,CWE-89,CWE-89,1,0,1,0,0,0,1,0,0,0,1180,0.001475,1037,0.01037,2,2e-05,0.011865,10.146437168121338
BenchmarkTest02648.java,0,CWE-89,CWE-89,1,1,0,1,0,0,0,0,1,0,1253,0.00156625,1044,0.01044,2,2e-05,0.012026249999999999,9.943199396133423
BenchmarkTest02649.java,0,CWE-89,CWE-89,1,0,1,0,0,0,1,0,0,0,1103,0.00137875,958,0.00958,2,2e-05,0.010978749999999999,8.564029455184937
BenchmarkTest02650.java,0,CWE-89,CWE-89,1,0,1,0,0,0,1,0,0,0,1212,0.001515,961,0.00961,2,2e-05,0.011145,8.914091348648071
BenchmarkTest02651.java,0,CWE-89,CWE-89,1,0,1,0,0,0,1,0,0,0,1185,0.00148125,1029,0.01029,2,2e-05,0.01179125,11.81200385093689
BenchmarkTest02652.java,0,CWE-89,CWE-89,1,1,0,1,0,0,0,0,1,0,1472,0.00184,1357,0.01357,2,2e-05,0.01543,12.313037872314453
BenchmarkTest02653.java,0,CWE-89,CWE-89,1,0,1,0,0,0,1,0,0,0,1145,0.00143125,999,0.00999,2,2e-05,0.01144125,8.904903173446655
BenchmarkTest02654.java,0,CWE-89,CWE-89,1,0,1,0,0,0,1,0,0,0,1180,0.001475,1153,0.01153,2,2e-05,0.013025,10.574831247329712
BenchmarkTest02655.java,0,CWE-89,CWE-89,1,0,1,0,0,0,1,0,0,0,1098,0.0013725,1282,0.01282,2,2e-05,0.0142125,11.417715311050415
BenchmarkTest02656.java,0,CWE-89,CWE-89,1,0,1,0,0,0,1,0,0,0,1149,0.00143625,1124,0.01124,2,2e-05,0.01269625,10.502671480178833
BenchmarkTest02657.java,0,CWE-89,CWE-89,1,1,0,1,0,0,0,0,1,0,1146,0.0014325,1045,0.01045,2,2e-05,0.011902499999999998,9.840260982513428
BenchmarkTest02658.java,0,CWE-327,CWE-327,1,0,1,0,0,0,1,0,0,0,1821,0.00227625,437,0.00437,2,2e-05,0.006666249999999999,4.5505945682525635
BenchmarkTest02659.java,0,CWE-327,,,,0,0,1,0,0,0,1,0,,,,,,,,
BenchmarkTest02660.java,0,CWE-327,CWE-327,1,0,1,0,0,0,1,0,0,0,1737,0.00217125,326,0.00326,2,2e-05,0.00545125,4.011743068695068
BenchmarkTest02661.java,0,CWE-327,CWE-327,1,0,1,0,0,0,1,0,0,0,1432,0.00179,404,0.00404,2,2e-05,0.00585,4.394370079040527
BenchmarkTest02662.java,0,CWE-327,,,,0,0,1,0,0,0,1,0,,,,,,,,
BenchmarkTest02663.java,0,CWE-327,CWE-327,1,0,1,0,0,0,1,0,0,0,1387,0.00173375,575,0.00575,2,2e-05,0.00750375,5.870578289031982
BenchmarkTest02664.java,0,CWE-22,,,,0,0,1,0,0,0,1,0,,,,,,,,
BenchmarkTest02665.java,0,CWE-22,,,,0,0,1,0,0,0,1,0,,,,,,,,
BenchmarkTest02666.java,0,CWE-22,,,,0,0,1,0,0,0,1,0,,,,,,,,
BenchmarkTest02667.java,0,CWE-22,,,,0,0,1,0,0,0,1,0,,,,,,,,
BenchmarkTest02668.java,0,CWE-22,,,,0,0,1,0,0,0,1,0,,,,,,,,
BenchmarkTest02669.java,0,CWE-22,,,,0,0,1,0,0,0,1,0,,,,,,,,
BenchmarkTest02670.java,0,CWE-328,CWE-916,0,0,1,0,0,0,1,0,0,0,1528,0.00191,826,0.00826,2,2e-05,0.01019,8.674552917480469
BenchmarkTest02671.java,0,CWE-328,CWE-916,0,0,1,0,0,0,1,0,0,0,1566,0.0019575,895,0.00895,2,2e-05,0.0109275,8.544525384902954
BenchmarkTest02672.java,0,CWE-328,,,,0,0,1,0,0,0,1,0,,,,,,,,
BenchmarkTest02673.java,0,CWE-328,,,,0,0,1,0,0,0,1,0,,,,,,,,
BenchmarkTest02674.java,0,CWE-328,CWE-916,0,0,1,0,0,0,1,0,0,0,1656,0.00207,1065,0.01065,2,2e-05,0.012739999999999998,10.47529911994934
BenchmarkTest02675.java,0,CWE-328,CWE-916,0,0,1,0,0,0,1,0,0,0,1331,0.00166375,754,0.00754,2,2e-05,0.00922375,7.472426176071167
BenchmarkTest02676.java,0,CWE-328,,,,0,0,1,0,0,0,1,0,,,,,,,,
BenchmarkTest02677.java,0,CWE-328,,,,0,0,0,1,0,0,0,1,,,,,,,,
BenchmarkTest02678.java,0,CWE-328,,,,0,0,1,0,0,0,1,0,,,,,,,,
BenchmarkTest02679.java,0,CWE-79,,,,0,0,1,0,0,0,1,0,,,,,,,,
BenchmarkTest02680.java,0,CWE-79,,,,0,0,1,0,0,0,1,0,,,,,,,,
BenchmarkTest02681.java,0,CWE-79,,,,0,0,1,0,0,0,1,0,,,,,,,,
BenchmarkTest02682.java,0,CWE-79,,,,0,0,1,0,0,0,1,0,,,,,,,,
BenchmarkTest02683.java,0,CWE-79,,,,0,0,1,0,0,0,1,0,,,,,,,,
BenchmarkTest02684.java,0,CWE-79,,,,0,0,1,0,0,0,1,0,,,,,,,,
BenchmarkTest02685.java,0,CWE-79,,,,0,0,1,0,0,0,1,0,,,,,,,,
BenchmarkTest02686.java,0,CWE-79,,,,0,0,1,0,0,0,1,0,,,,,,,,
BenchmarkTest02687.java,0,CWE-79,,,,0,0,1,0,0,0,1,0,,,,,,,,
BenchmarkTest02688.java,0,CWE-79,,,,0,0,1,0,0,0,1,0,,,,,,,,
BenchmarkTest02689.java,0,CWE-79,,,,0,0,1,0,0,0,1,0,,,,,,,,
BenchmarkTest02690.java,0,CWE-79,,,,0,0,1,0,0,0,1,0,,,,,,,,
BenchmarkTest02691.java,0,CWE-79,,,,0,0,1,0,0,0,1,0,,,,,,,,
BenchmarkTest02692.java,0,CWE-79,,,,0,0,1,0,0,0,1,0,,,,,,,,
BenchmarkTest02693.java,0,CWE-79,,,,0,0,1,0,0,0,1,0,,,,,,,,
BenchmarkTest02694.java,0,CWE-79,,,,0,0,1,0,0,0,1,0,,,,,,,,
BenchmarkTest02695.java,0,CWE-79,,,,0,0,1,0,0,0,1,0,,,,,,,,
BenchmarkTest02696.java,0,CWE-79,,,,0,0,1,0,0,0,1,0,,,,,,,,
BenchmarkTest02697.java,0,CWE-78,,,,0,0,1,0,0,0,1,0,,,,,,,,
BenchmarkTest02698.java,0,CWE-78,,,,0,0,1,0,0,0,1,0,,,,,,,,
BenchmarkTest02699.java,0,CWE-78,,,,0,0,1,0,0,0,1,0,,,,,,,,
BenchmarkTest02700.java,0,CWE-330,CWE-330,1,0,1,0,0,0,1,0,0,0,1449,0.00181125,787,0.00787,2,2e-05,0.00970125,7.399510383605957
BenchmarkTest02701.java,0,CWE-330,CWE-330,1,0,1,0,0,0,1,0,0,0,1406,0.0017575,688,0.00688,2,2e-05,0.008657499999999999,7.311094522476196
BenchmarkTest02702.java,0,CWE-330,CWE-330,1,0,1,0,0,0,1,0,0,0,1391,0.00173875,851,0.00851,2,2e-05,0.01026875,8.189587116241455
BenchmarkTest02703.java,0,CWE-330,CWE-330,1,0,1,0,0,0,1,0,0,0,1388,0.001735,777,0.00777,2,2e-05,0.009524999999999999,7.062312126159668
BenchmarkTest02704.java,0,CWE-330,CWE-330,1,0,1,0,0,0,1,0,0,0,1423,0.00177875,807,0.00807,2,2e-05,0.009868749999999999,7.675637722015381
BenchmarkTest02705.java,0,CWE-330,CWE-330,1,0,1,0,0,0,1,0,0,0,1411,0.00176375,704,0.00704,2,2e-05,0.00882375,6.515997648239136
BenchmarkTest02706.java,0,CWE-330,CWE-330,1,0,1,0,0,0,1,0,0,0,1396,0.001745,697,0.00697,2,2e-05,0.008735,6.616318702697754
BenchmarkTest02707.java,0,CWE-330,CWE-330,1,0,1,0,0,0,1,0,0,0,1372,0.001715,751,0.00751,2,2e-05,0.009245,7.3041627407073975
BenchmarkTest02708.java,0,CWE-330,CWE-330,1,0,1,0,0,0,1,0,0,0,1345,0.00168125,864,0.00864,2,2e-05,0.01034125,7.600709676742554
BenchmarkTest02709.java,0,CWE-614,CWE-614,1,0,1,0,0,0,1,0,0,0,1132,0.001415,667,0.00667,2,2e-05,0.008105,6.637324571609497
BenchmarkTest02710.java,0,CWE-614,CWE-614,1,0,1,0,0,0,1,0,0,0,1104,0.00138,609,0.00609,2,2e-05,0.00749,6.514989852905273
BenchmarkTest02711.java,0,CWE-614,,,,0,0,1,0,0,0,1,0,,,,,,,,
BenchmarkTest02712.java,0,CWE-79,,,,0,0,1,0,0,0,1,0,,,,,,,,
BenchmarkTest02713.java,0,CWE-78,,,,0,0,1,0,0,0,1,0,,,,,,,,
BenchmarkTest02714.java,0,CWE-78,,,,0,0,1,0,0,0,1,0,,,,,,,,
BenchmarkTest02715.java,0,CWE-330,,,,0,0,1,0,0,0,1,0,,,,,,,,
BenchmarkTest02716.java,0,CWE-330,,,,0,0,1,0,0,0,1,0,,,,,,,,
BenchmarkTest02717.java,0,CWE-330,,,,0,0,1,0,0,0,1,0,,,,,,,,
BenchmarkTest02718.java,0,CWE-330,,,,0,0,1,0,0,0,1,0,,,,,,,,
BenchmarkTest02719.java,0,CWE-330,,,,0,0,1,0,0,0,1,0,,,,,,,,
BenchmarkTest02720.java,0,CWE-330,,,,0,0,1,0,0,0,1,0,,,,,,,,
BenchmarkTest02721.java,0,CWE-330,,,,0,0,1,0,0,0,1,0,,,,,,,,
BenchmarkTest02727.java,0,CWE-89,,,,0,0,1,0,0,0,1,0,,,,,,,,
BenchmarkTest02728.java,0,CWE-89,,,,0,0,1,0,0,0,1,0,,,,,,,,
BenchmarkTest02729.java,0,CWE-89,,,,0,0,1,0,0,0,1,0,,,,,,,,
BenchmarkTest02730.java,0,CWE-89,,,,0,0,1,0,0,0,1,0,,,,,,,,
BenchmarkTest02731.java,0,CWE-89,,,,0,0,1,0,0,0,1,0,,,,,,,,
BenchmarkTest02732.java,0,CWE-89,,,,0,0,1,0,0,0,1,0,,,,,,,,
BenchmarkTest02733.java,0,CWE-89,,,,0,0,1,0,0,0,1,0,,,,,,,,
BenchmarkTest02734.java,0,CWE-89,,,,0,0,1,0,0,0,1,0,,,,,,,,
BenchmarkTest02735.java,0,CWE-89,,,,0,0,1,0,0,0,1,0,,,,,,,,
BenchmarkTest02736.java,0,CWE-89,,,,0,0,1,0,0,0,1,0,,,,,,,,
BenchmarkTest02737.java,0,CWE-89,,,,0,0,1,0,0,0,1,0,,,,,,,,
BenchmarkTest02738.java,0,CWE-89,,,,0,0,1,0,0,0,1,0,,,,,,,,
BenchmarkTest02739.java,0,CWE-89,,,,0,0,1,0,0,0,1,0,,,,,,,,
BenchmarkTest02740.java,0,CWE-89,,,,0,0,1,0,0,0,1,0,,,,,,,,
