file_name,error,correct_cwe,matched_cwe,direct_match,was_changed,tp_old,fp_old,tn_old,fn_old,tp_new,fp_new,tn_new,fn_new,input_token,input_cost,reasoning_token,reasoning_cost,output_token,output_cost,total_cost,analysis_time
BenchmarkTest00001.java,0,CWE-22,CWE-23,0,0,1,0,0,0,1,0,0,0,2790,0.0034875,1057,0.01057,2,2e-05,0.0140775,9.457146406173706
BenchmarkTest00002.java,0,CWE-22,CWE-23,0,0,1,0,0,0,1,0,0,0,2654,0.0033175,710,0.0071,2,2e-05,0.010437499999999999,8.214466571807861
BenchmarkTest00003.java,0,CWE-328,,,,0,0,0,1,0,0,0,1,,,,,,,,
BenchmarkTest00005.java,0,CWE-327,CWE-327,1,0,1,0,0,0,1,0,0,0,2545,0.00318125,551,0.00551,2,2e-05,0.00871125,5.833062410354614
BenchmarkTest00006.java,0,CWE-78,CWE-78,1,0,1,0,0,0,1,0,0,0,2213,0.00276625,761,0.00761,2,2e-05,0.01039625,7.3567726612091064
BenchmarkTest00007.java,0,CWE-78,CWE-78,1,0,1,0,0,0,1,0,0,0,2091,0.00261375,1037,0.01037,2,2e-05,0.01300375,9.62228775024414
BenchmarkTest00008.java,0,CWE-89,CWE-89,1,0,1,0,0,0,1,0,0,0,2096,0.00262,928,0.00928,2,2e-05,0.01192,9.022250175476074
BenchmarkTest00009.java,0,CWE-328,,,,0,0,1,0,0,0,1,0,,,,,,,,
BenchmarkTest00010.java,0,CWE-330,,,,0,0,1,0,0,0,1,0,,,,,,,,
BenchmarkTest00011.java,0,CWE-22,CWE-23,0,1,1,0,0,0,0,0,0,1,2432,0.00304,831,0.00831,2,2e-05,0.011369999999999998,8.319024801254272
BenchmarkTest00012.java,0,CWE-90,CWE-90,1,0,1,0,0,0,1,0,0,0,2507,0.00313375,747,0.00747,2,2e-05,0.01062375,7.415407657623291
BenchmarkTest00013.java,0,CWE-79,CWE-79,1,0,1,0,0,0,1,0,0,0,2504,0.00313,1006,0.01006,2,2e-05,0.01321,9.78765344619751
BenchmarkTest00014.java,0,CWE-79,CWE-79,1,0,1,0,0,0,1,0,0,0,2499,0.00312375,939,0.00939,2,2e-05,0.01253375,9.148093461990356
BenchmarkTest00015.java,0,CWE-78,CWE-78,1,0,1,0,0,0,1,0,0,0,2227,0.00278375,900,0.009,2,2e-05,0.011803749999999998,9.348811388015747
BenchmarkTest00016.java,0,CWE-614,,,,0,0,1,0,0,0,1,0,,,,,,,,
BenchmarkTest00017.java,0,CWE-78,CWE-78,1,0,1,0,0,0,1,0,0,0,2181,0.00272625,764,0.00764,2,2e-05,0.01038625,7.413960218429565
BenchmarkTest00018.java,0,CWE-89,CWE-89,1,0,1,0,0,0,1,0,0,0,2103,0.00262875,806,0.00806,2,2e-05,0.01070875,7.723167419433594
BenchmarkTest00019.java,0,CWE-327,CWE-327,1,0,1,0,0,0,1,0,0,0,2481,0.00310125,580,0.0058,2,2e-05,0.008921249999999999,6.176677703857422
BenchmarkTest00020.java,0,CWE-327,CWE-327,1,0,1,0,0,0,1,0,0,0,2958,0.0036975,374,0.00374,2,2e-05,0.0074575,3.817654848098755
BenchmarkTest00021.java,0,CWE-90,CWE-90,1,0,1,0,0,0,1,0,0,0,2432,0.00304,645,0.00645,2,2e-05,0.00951,6.256714582443237
BenchmarkTest00022.java,0,CWE-328,,,,0,0,1,0,0,0,1,0,,,,,,,,
BenchmarkTest00023.java,0,CWE-330,CWE-330,1,0,1,0,0,0,1,0,0,0,2481,0.00310125,607,0.00607,2,2e-05,0.009191249999999998,5.724401235580444
BenchmarkTest00024.java,0,CWE-89,CWE-89,1,0,1,0,0,0,1,0,0,0,2126,0.0026575,791,0.00791,2,2e-05,0.0105875,7.737699747085571
BenchmarkTest00025.java,0,CWE-89,,,,0,0,0,1,0,0,0,1,,,,,,,,
BenchmarkTest00026.java,0,CWE-89,,,,0,0,0,1,0,0,0,1,,,,,,,,
BenchmarkTest00027.java,0,CWE-89,CWE-89,1,0,1,0,0,0,1,0,0,0,2057,0.00257125,546,0.00546,2,2e-05,0.00805125,5.172496318817139
BenchmarkTest00028.java,0,CWE-22,CWE-23,0,0,1,0,0,0,1,0,0,0,2474,0.0030925,682,0.00682,2,2e-05,0.009932499999999999,7.382833957672119
BenchmarkTest00029.java,0,CWE-328,,,,0,0,0,1,0,0,0,1,,,,,,,,
BenchmarkTest00030.java,0,CWE-79,CWE-79,1,0,1,0,0,0,1,0,0,0,2490,0.0031125,1017,0.01017,2,2e-05,0.013302499999999998,9.82987928390503
BenchmarkTest00032.java,0,CWE-89,,,,0,0,0,1,0,0,0,1,,,,,,,,
BenchmarkTest00033.java,0,CWE-89,,,,0,0,0,1,0,0,0,1,,,,,,,,
BenchmarkTest00034.java,0,CWE-89,CWE-89,1,0,1,0,0,0,1,0,0,0,2106,0.0026325,681,0.00681,2,2e-05,0.009462499999999999,6.568504810333252
BenchmarkTest00035.java,0,CWE-327,CWE-327,1,0,1,0,0,0,1,0,0,0,2616,0.00327,821,0.00821,2,2e-05,0.0115,7.780898809432983
BenchmarkTest00036.java,0,CWE-79,CWE-79,1,0,1,0,0,0,1,0,0,0,2589,0.00323625,850,0.0085,2,2e-05,0.01175625,8.16676139831543
BenchmarkTest00037.java,0,CWE-89,CWE-89,1,0,1,0,0,0,1,0,0,0,2245,0.00280625,810,0.0081,2,2e-05,0.010926249999999998,7.520129680633545
BenchmarkTest00038.java,0,CWE-89,CWE-89,1,0,1,0,0,0,1,0,0,0,2415,0.00301875,851,0.00851,2,2e-05,0.01154875,7.754244804382324
BenchmarkTest00039.java,0,CWE-89,,,,0,0,0,1,0,0,0,1,,,,,,,,
BenchmarkTest00040.java,0,CWE-22,,,,0,0,0,1,0,0,0,1,,,,,,,,
BenchmarkTest00041.java,0,CWE-79,,,,0,0,0,1,0,0,0,1,,,,,,,,
BenchmarkTest00042.java,0,CWE-330,,,,0,0,1,0,0,0,1,0,,,,,,,,
BenchmarkTest00043.java,0,CWE-89,,,,0,0,0,1,0,0,0,1,,,,,,,,
BenchmarkTest00044.java,0,CWE-90,CWE-90,1,0,1,0,0,0,1,0,0,0,2435,0.00304375,679,0.00679,2,2e-05,0.00985375,8.094970464706421
BenchmarkTest00045.java,0,CWE-22,CWE-23,0,0,1,0,0,0,1,0,0,0,2411,0.00301375,733,0.00733,2,2e-05,0.010363749999999998,7.579845905303955
BenchmarkTest00046.java,0,CWE-328,CWE-916,0,0,1,0,0,0,1,0,0,0,2441,0.00305125,576,0.00576,2,2e-05,0.008831249999999999,7.950362682342529
BenchmarkTest00047.java,0,CWE-79,CWE-79,1,0,1,0,0,0,1,0,0,0,2634,0.0032925,1071,0.01071,2,2e-05,0.0140225,11.509518384933472
BenchmarkTest00048.java,0,CWE-79,CWE-79,1,0,1,0,0,0,1,0,0,0,2628,0.003285,947,0.00947,2,2e-05,0.012774999999999998,8.89829707145691
BenchmarkTest00049.java,0,CWE-79,CWE-79,1,0,1,0,0,0,1,0,0,0,2625,0.00328125,928,0.00928,2,2e-05,0.012581249999999999,8.914210796356201
BenchmarkTest00050.java,0,CWE-327,CWE-327,1,0,1,0,0,0,1,0,0,0,2983,0.00372875,394,0.00394,2,2e-05,0.00768875,4.33897066116333
BenchmarkTest00051.java,0,CWE-78,,,,0,0,1,0,0,0,1,0,,,,,,,,
BenchmarkTest00052.java,0,CWE-89,,,,0,0,1,0,0,0,1,0,,,,,,,,
BenchmarkTest00053.java,0,CWE-327,CWE-327,1,0,1,0,0,0,1,0,0,0,3159,0.00394875,455,0.00455,2,2e-05,0.008518749999999999,5.677531480789185
BenchmarkTest00054.java,0,CWE-327,,,,0,0,1,0,0,0,1,0,,,,,,,,
BenchmarkTest00055.java,0,CWE-327,CWE-327,1,0,1,0,0,0,1,0,0,0,3189,0.00398625,591,0.00591,2,2e-05,0.00991625,6.3916449546813965
BenchmarkTest00056.java,0,CWE-327,CWE-327,1,0,1,0,0,0,1,0,0,0,3275,0.00409375,374,0.00374,2,2e-05,0.00785375,4.048622131347656
BenchmarkTest00057.java,0,CWE-327,CWE-327,1,0,1,0,0,0,1,0,0,0,2787,0.00348375,471,0.00471,2,2e-05,0.008213749999999999,5.254660606384277
BenchmarkTest00058.java,0,CWE-327,,,,0,0,1,0,0,0,1,0,,,,,,,,
BenchmarkTest00059.java,0,CWE-327,,,,0,0,1,0,0,0,1,0,,,,,,,,
BenchmarkTest00060.java,0,CWE-22,CWE-23,0,0,1,0,0,0,1,0,0,0,2706,0.0033825,937,0.00937,2,2e-05,0.012772499999999999,9.172502040863037
BenchmarkTest00061.java,0,CWE-22,CWE-23,0,0,1,0,0,0,1,0,0,0,2684,0.003355,1398,0.01398,2,2e-05,0.017355,13.442952632904053
BenchmarkTest00062.java,0,CWE-22,CWE-23,0,0,1,0,0,0,1,0,0,0,2919,0.00364875,1081,0.01081,2,2e-05,0.014478749999999999,11.228821277618408
BenchmarkTest00063.java,0,CWE-22,,,,0,0,1,0,0,0,1,0,,,,,,,,
BenchmarkTest00064.java,0,CWE-22,,,,0,0,1,0,0,0,1,0,,,,,,,,
BenchmarkTest00065.java,0,CWE-22,CWE-23,0,0,1,0,0,0,1,0,0,0,2898,0.0036225,992,0.00992,2,2e-05,0.013562499999999998,9.096655130386353
BenchmarkTest00066.java,0,CWE-330,CWE-330,1,0,1,0,0,0,1,0,0,0,2750,0.0034375,813,0.00813,2,2e-05,0.011587499999999999,7.94736123085022
BenchmarkTest00067.java,0,CWE-330,CWE-330,1,0,1,0,0,0,1,0,0,0,3070,0.0038375,655,0.00655,2,2e-05,0.0104075,7.427802801132202
BenchmarkTest00068.java,0,CWE-330,CWE-330,1,0,1,0,0,0,1,0,0,0,2742,0.0034275,722,0.00722,2,2e-05,0.0106675,7.438800573348999
BenchmarkTest00069.java,0,CWE-328,,,,0,0,1,0,0,0,1,0,,,,,,,,
BenchmarkTest00070.java,0,CWE-328,CWE-916,0,0,1,0,0,0,1,0,0,0,2770,0.0034625,618,0.00618,2,2e-05,0.0096625,7.186686277389526
BenchmarkTest00071.java,0,CWE-328,CWE-916,0,0,1,0,0,0,1,0,0,0,2777,0.00347125,837,0.00837,2,2e-05,0.01186125,10.325886249542236
BenchmarkTest00072.java,0,CWE-328,,,,0,0,1,0,0,0,1,0,,,,,,,,
BenchmarkTest00073.java,0,CWE-328,CWE-916,0,0,1,0,0,0,1,0,0,0,2746,0.0034325,809,0.00809,2,2e-05,0.011542499999999999,8.439682006835938
BenchmarkTest00074.java,0,CWE-328,,,,0,0,0,1,0,0,0,1,,,,,,,,
BenchmarkTest00075.java,0,CWE-328,,,,0,0,1,0,0,0,1,0,,,,,,,,
BenchmarkTest00076.java,0,CWE-328,,,,0,0,1,0,0,0,1,0,,,,,,,,
BenchmarkTest00077.java,0,CWE-78,CWE-78,1,0,1,0,0,0,1,0,0,0,2518,0.0031475,946,0.00946,2,2e-05,0.0126275,9.304067373275757
BenchmarkTest00078.java,0,CWE-330,CWE-330,1,0,1,0,0,0,1,0,0,0,2775,0.00346875,735,0.00735,2,2e-05,0.01083875,7.622501611709595
BenchmarkTest00079.java,0,CWE-330,CWE-330,1,0,1,0,0,0,1,0,0,0,2839,0.00354875,603,0.00603,2,2e-05,0.00959875,5.70471715927124
BenchmarkTest00080.java,0,CWE-330,CWE-330,1,0,1,0,0,0,1,0,0,0,2719,0.00339875,698,0.00698,2,2e-05,0.010398749999999998,7.1355156898498535
BenchmarkTest00081.java,0,CWE-330,CWE-330,1,0,1,0,0,0,1,0,0,0,2702,0.0033775,632,0.00632,2,2e-05,0.009717499999999999,6.660677671432495
BenchmarkTest00082.java,0,CWE-330,CWE-330,1,0,1,0,0,0,1,0,0,0,2712,0.00339,755,0.00755,2,2e-05,0.01096,6.864967584609985
BenchmarkTest00083.java,0,CWE-330,CWE-330,1,0,1,0,0,0,1,0,0,0,2732,0.003415,868,0.00868,2,2e-05,0.012114999999999999,7.83364462852478
BenchmarkTest00084.java,0,CWE-330,CWE-330,1,0,1,0,0,0,1,0,0,0,2712,0.00339,579,0.00579,2,2e-05,0.0092,6.22362756729126
BenchmarkTest00085.java,0,CWE-330,CWE-330,1,0,1,0,0,0,1,0,0,0,2799,0.00349875,742,0.00742,2,2e-05,0.01093875,6.772989511489868
BenchmarkTest00086.java,0,CWE-330,CWE-330,1,0,1,0,0,0,1,0,0,0,2726,0.0034075,823,0.00823,2,2e-05,0.011657499999999998,7.894064426422119
BenchmarkTest00087.java,0,CWE-614,CWE-614,1,0,1,0,0,0,1,0,0,0,2509,0.00313625,1471,0.01471,2,2e-05,0.01786625,33.80581021308899
BenchmarkTest00088.java,0,CWE-614,,,,0,0,1,0,0,0,1,0,,,,,,,,
BenchmarkTest00089.java,0,CWE-614,,,,0,0,1,0,0,0,1,0,,,,,,,,
BenchmarkTest00090.java,0,CWE-78,,,,0,0,1,0,0,0,1,0,,,,,,,,
BenchmarkTest00091.java,0,CWE-78,CWE-78,1,0,1,0,0,0,1,0,0,0,2293,0.00286625,1560,0.0156,2,2e-05,0.01848625,34.45427966117859
BenchmarkTest00092.java,0,CWE-78,CWE-78,1,0,1,0,0,0,1,0,0,0,2402,0.0030025,1704,0.01704,2,2e-05,0.020062499999999997,32.53877282142639
BenchmarkTest00093.java,0,CWE-78,CWE-78,1,1,0,1,0,0,0,0,1,0,2476,0.003095,1266,0.01266,2,2e-05,0.015774999999999997,11.480005502700806
BenchmarkTest00094.java,0,CWE-330,,,,0,0,1,0,0,0,1,0,,,,,,,,
BenchmarkTest00095.java,0,CWE-330,,,,0,0,1,0,0,0,1,0,,,,,,,,
BenchmarkTest00096.java,0,CWE-330,,,,0,0,1,0,0,0,1,0,,,,,,,,
BenchmarkTest00100.java,0,CWE-89,CWE-89,1,0,1,0,0,0,1,0,0,0,2476,0.003095,940,0.0094,2,2e-05,0.012515,8.863158941268921
BenchmarkTest00101.java,0,CWE-89,CWE-89,1,0,1,0,0,0,1,0,0,0,2399,0.00299875,971,0.00971,2,2e-05,0.012728749999999999,8.882389545440674
BenchmarkTest00102.java,0,CWE-89,,,,0,0,0,1,0,0,0,1,,,,,,,,
BenchmarkTest00103.java,0,CWE-89,,,,0,0,0,1,0,0,0,1,,,,,,,,
BenchmarkTest00104.java,0,CWE-89,,,,0,0,1,0,0,0,1,0,,,,,,,,
BenchmarkTest00105.java,0,CWE-89,,,,0,0,1,0,0,0,1,0,,,,,,,,
BenchmarkTest00106.java,0,CWE-89,CWE-89,1,0,1,0,0,0,1,0,0,0,2385,0.00298125,930,0.0093,2,2e-05,0.012301249999999998,8.381909847259521
BenchmarkTest00107.java,0,CWE-89,,,,0,0,1,0,0,0,1,0,,,,,,,,
BenchmarkTest00108.java,0,CWE-89,CWE-89,1,0,1,0,0,0,1,0,0,0,2411,0.00301375,812,0.00812,2,2e-05,0.01115375,8.940256834030151
BenchmarkTest00109.java,0,CWE-89,CWE-89,1,0,1,0,0,0,1,0,0,0,2363,0.00295375,1197,0.01197,2,2e-05,0.014943749999999999,29.43224549293518
BenchmarkTest00110.java,0,CWE-89,,,,0,0,1,0,0,0,1,0,,,,,,,,
BenchmarkTest00111.java,0,CWE-89,CWE-89,1,0,1,0,0,0,1,0,0,0,2373,0.00296625,1187,0.01187,2,2e-05,0.01485625,28.160266637802124
BenchmarkTest00112.java,0,CWE-89,CWE-89,1,0,1,0,0,0,1,0,0,0,2322,0.0029025,1073,0.01073,2,2e-05,0.0136525,10.106231451034546
BenchmarkTest00113.java,0,CWE-89,CWE-89,1,1,0,1,0,0,0,0,1,0,2432,0.00304,1235,0.01235,2,2e-05,0.01541,11.395509004592896
BenchmarkTest00114.java,0,CWE-89,,,,0,0,1,0,0,0,1,0,,,,,,,,
BenchmarkTest00115.java,0,CWE-89,CWE-89,1,0,1,0,0,0,1,0,0,0,2416,0.00302,1035,0.01035,2,2e-05,0.013389999999999999,23.0022451877594
BenchmarkTest00116.java,0,CWE-643,CWE-643,1,1,0,1,0,0,0,0,1,0,2665,0.00333125,1024,0.01024,2,2e-05,0.01359125,20.879268169403076
BenchmarkTest00117.java,0,CWE-643,,,,0,0,1,0,0,0,1,0,,,,,,,,
BenchmarkTest00118.java,0,CWE-643,,,,0,0,1,0,0,0,1,0,,,,,,,,
BenchmarkTest00119.java,0,CWE-327,CWE-327,1,0,1,0,0,0,1,0,0,0,3249,0.00406125,365,0.00365,2,2e-05,0.007731249999999999,20.87385368347168
BenchmarkTest00120.java,0,CWE-327,CWE-327,1,0,1,0,0,0,1,0,0,0,2997,0.00374625,368,0.00368,2,2e-05,0.007446250000000001,5.038007974624634
BenchmarkTest00121.java,0,CWE-327,,,,0,0,1,0,0,0,1,0,,,,,,,,
BenchmarkTest00122.java,0,CWE-327,,,,0,0,1,0,0,0,1,0,,,,,,,,
BenchmarkTest00123.java,0,CWE-327,CWE-327,1,0,1,0,0,0,1,0,0,0,2568,0.00321,572,0.00572,2,2e-05,0.00895,11.942603826522827
BenchmarkTest00124.java,0,CWE-327,CWE-327,1,0,1,0,0,0,1,0,0,0,2591,0.00323875,863,0.00863,2,2e-05,0.01188875,8.21971607208252
BenchmarkTest00125.java,0,CWE-327,CWE-327,1,0,1,0,0,0,1,0,0,0,2573,0.00321625,732,0.00732,2,2e-05,0.01055625,6.790542125701904
BenchmarkTest00126.java,0,CWE-327,,,,0,0,1,0,0,0,1,0,,,,,,,,
BenchmarkTest00127.java,0,CWE-327,,,,0,0,1,0,0,0,1,0,,,,,,,,
BenchmarkTest00128.java,0,CWE-327,,,,0,0,1,0,0,0,1,0,,,,,,,,
BenchmarkTest00129.java,0,CWE-327,,,,0,0,1,0,0,0,1,0,,,,,,,,
BenchmarkTest00130.java,0,CWE-327,,,,0,0,1,0,0,0,1,0,,,,,,,,
BenchmarkTest00131.java,0,CWE-22,CWE-23,0,1,0,1,0,0,0,0,1,0,2523,0.00315375,1071,0.01071,2,2e-05,0.01388375,10.045176029205322
BenchmarkTest00132.java,0,CWE-22,CWE-23,0,1,0,1,0,0,0,0,1,0,2711,0.00338875,1396,0.01396,2,2e-05,0.01736875,13.710369110107422
BenchmarkTest00133.java,0,CWE-22,CWE-23,0,0,1,0,0,0,1,0,0,0,2575,0.00321875,800,0.008,2,2e-05,0.011238749999999999,7.986704587936401
BenchmarkTest00134.java,0,CWE-22,CWE-23,0,1,0,1,0,0,0,0,1,0,2512,0.00314,1240,0.0124,2,2e-05,0.01556,11.182172060012817
BenchmarkTest00135.java,0,CWE-22,CWE-23,0,1,0,1,0,0,0,0,1,0,2529,0.00316125,992,0.00992,2,2e-05,0.013101249999999998,9.580435276031494
BenchmarkTest00136.java,0,CWE-22,CWE-23,0,1,0,1,0,0,0,0,1,0,2575,0.00321875,902,0.00902,2,2e-05,0.012258749999999999,9.032400846481323
BenchmarkTest00137.java,0,CWE-22,CWE-23,0,1,0,1,0,0,0,0,1,0,2786,0.0034825,986,0.00986,2,2e-05,0.0133625,10.475415706634521
BenchmarkTest00138.java,0,CWE-90,,,,0,0,1,0,0,0,1,0,,,,,,,,
BenchmarkTest00139.java,0,CWE-90,,,,0,0,1,0,0,0,1,0,,,,,,,,
BenchmarkTest00140.java,0,CWE-330,CWE-330,1,0,1,0,0,0,1,0,0,0,2598,0.0032475,685,0.00685,2,2e-05,0.0101175,8.05837106704712
BenchmarkTest00141.java,0,CWE-328,CWE-916,0,0,1,0,0,0,1,0,0,0,2640,0.0033,806,0.00806,2,2e-05,0.011379999999999998,10.93245267868042
BenchmarkTest00142.java,0,CWE-328,,,,0,0,1,0,0,0,1,0,,,,,,,,
BenchmarkTest00143.java,0,CWE-328,,,,0,0,0,1,0,0,0,1,,,,,,,,
BenchmarkTest00144.java,0,CWE-79,CWE-79,1,0,1,0,0,0,1,0,0,0,2578,0.0032225,1313,0.01313,2,2e-05,0.016372499999999998,11.937301397323608
BenchmarkTest00145.java,0,CWE-79,CWE-79,1,0,1,0,0,0,1,0,0,0,2618,0.0032725,1137,0.01137,2,2e-05,0.014662499999999998,10.516407012939453
BenchmarkTest00146.java,0,CWE-79,CWE-79,1,0,1,0,0,0,1,0,0,0,2565,0.00320625,1540,0.0154,2,2e-05,0.01862625,13.86057424545288
BenchmarkTest00147.java,0,CWE-79,CWE-79,1,1,0,1,0,0,0,0,1,0,2584,0.00323,1351,0.01351,2,2e-05,0.016759999999999997,11.764031648635864
BenchmarkTest00148.java,0,CWE-79,CWE-79,1,0,1,0,0,0,1,0,0,0,2541,0.00317625,931,0.00931,2,2e-05,0.01250625,8.26491928100586
BenchmarkTest00149.java,0,CWE-79,CWE-79,1,0,1,0,0,0,1,0,0,0,2536,0.00317,1107,0.01107,2,2e-05,0.014259999999999998,10.418500185012817
BenchmarkTest00150.java,0,CWE-79,CWE-79,1,0,1,0,0,0,1,0,0,0,2550,0.0031875,1151,0.01151,2,2e-05,0.014717499999999998,11.15299367904663
BenchmarkTest00151.java,0,CWE-79,CWE-79,1,1,0,1,0,0,0,0,1,0,2576,0.00322,1553,0.01553,2,2e-05,0.01877,14.481306791305542
BenchmarkTest00152.java,0,CWE-79,CWE-79,1,0,1,0,0,0,1,0,0,0,2585,0.00323125,910,0.0091,2,2e-05,0.01235125,8.615037202835083
BenchmarkTest00153.java,0,CWE-79,CWE-79,1,0,1,0,0,0,1,0,0,0,2596,0.003245,878,0.00878,2,2e-05,0.012044999999999998,8.91964602470398
BenchmarkTest00154.java,0,CWE-79,CWE-79,1,0,1,0,0,0,1,0,0,0,2585,0.00323125,988,0.00988,2,2e-05,0.013131249999999999,9.657256364822388
BenchmarkTest00155.java,0,CWE-79,CWE-79,1,0,1,0,0,0,1,0,0,0,2517,0.00314625,1192,0.01192,2,2e-05,0.015086249999999999,11.588635444641113
BenchmarkTest00156.java,0,CWE-79,CWE-79,1,0,1,0,0,0,1,0,0,0,2563,0.00320375,1125,0.01125,2,2e-05,0.014473749999999999,10.361400604248047
BenchmarkTest00157.java,0,CWE-79,CWE-79,1,0,1,0,0,0,1,0,0,0,2510,0.0031375,1007,0.01007,2,2e-05,0.0132275,9.323581457138062
BenchmarkTest00158.java,0,CWE-78,,,,0,0,1,0,0,0,1,0,,,,,,,,
BenchmarkTest00159.java,0,CWE-78,CWE-78,1,0,1,0,0,0,1,0,0,0,2250,0.0028125,993,0.00993,2,2e-05,0.0127625,8.943936586380005
BenchmarkTest00160.java,0,CWE-330,CWE-330,1,0,1,0,0,0,1,0,0,0,2607,0.00325875,770,0.0077,2,2e-05,0.010978749999999999,7.9637908935546875
BenchmarkTest00161.java,0,CWE-330,CWE-330,1,0,1,0,0,0,1,0,0,0,2696,0.00337,725,0.00725,2,2e-05,0.01064,7.155746698379517
BenchmarkTest00162.java,0,CWE-330,CWE-330,1,0,1,0,0,0,1,0,0,0,2506,0.0031325,819,0.00819,2,2e-05,0.011342499999999998,7.883266448974609
BenchmarkTest00163.java,0,CWE-330,CWE-330,1,0,1,0,0,0,1,0,0,0,2523,0.00315375,841,0.00841,2,2e-05,0.01158375,7.5968992710113525
BenchmarkTest00164.java,0,CWE-330,CWE-330,1,0,1,0,0,0,1,0,0,0,2525,0.00315625,765,0.00765,2,2e-05,0.010826249999999999,7.723477363586426
BenchmarkTest00165.java,0,CWE-330,CWE-330,1,0,1,0,0,0,1,0,0,0,2520,0.00315,555,0.00555,2,2e-05,0.008719999999999999,5.502201080322266
BenchmarkTest00166.java,0,CWE-330,CWE-330,1,0,1,0,0,0,1,0,0,0,2484,0.003105,876,0.00876,2,2e-05,0.011885,8.208193063735962
BenchmarkTest00167.java,0,CWE-330,CWE-330,1,0,1,0,0,0,1,0,0,0,2557,0.00319625,669,0.00669,2,2e-05,0.009906249999999998,6.410275936126709
BenchmarkTest00168.java,0,CWE-330,CWE-330,1,0,1,0,0,0,1,0,0,0,2526,0.0031575,785,0.00785,2,2e-05,0.011027499999999999,7.206285238265991
BenchmarkTest00169.java,0,CWE-614,CWE-614,1,0,1,0,0,0,1,0,0,0,2334,0.0029175,881,0.00881,2,2e-05,0.0117475,9.231030225753784
BenchmarkTest00170.java,0,CWE-614,CWE-614,1,0,1,0,0,0,1,0,0,0,2594,0.0032425,839,0.00839,2,2e-05,0.0116525,8.60334062576294
BenchmarkTest00171.java,0,CWE-78,CWE-78,1,1,0,1,0,0,0,0,1,0,2453,0.00306625,1192,0.01192,2,2e-05,0.015006249999999999,11.4120512008667
BenchmarkTest00172.java,0,CWE-78,CWE-78,1,0,1,0,0,0,1,0,0,0,2235,0.00279375,1777,0.01777,2,2e-05,0.02058375,16.99206256866455
BenchmarkTest00173.java,0,CWE-78,CWE-78,1,0,1,0,0,0,1,0,0,0,2211,0.00276375,1309,0.01309,2,2e-05,0.01587375,12.278186082839966
BenchmarkTest00174.java,0,CWE-78,CWE-78,1,0,1,0,0,0,1,0,0,0,2132,0.002665,1458,0.01458,2,2e-05,0.017265,13.520336627960205
BenchmarkTest00175.java,0,CWE-78,CWE-78,1,1,0,1,0,0,0,0,1,0,2236,0.002795,912,0.00912,2,2e-05,0.011935,9.026491165161133
BenchmarkTest00176.java,0,CWE-78,CWE-78,1,0,1,0,0,0,1,0,0,0,2206,0.0027575,764,0.00764,2,2e-05,0.0104175,7.326203346252441
BenchmarkTest00177.java,0,CWE-78,,,,0,0,1,0,0,0,1,0,,,,,,,,
BenchmarkTest00178.java,0,CWE-330,,,,0,0,1,0,0,0,1,0,,,,,,,,
BenchmarkTest00179.java,0,CWE-330,,,,0,0,1,0,0,0,1,0,,,,,,,,
BenchmarkTest00180.java,0,CWE-330,,,,0,0,1,0,0,0,1,0,,,,,,,,
BenchmarkTest00181.java,0,CWE-330,,,,0,0,1,0,0,0,1,0,,,,,,,,
BenchmarkTest00182.java,0,CWE-330,,,,0,0,1,0,0,0,1,0,,,,,,,,
BenchmarkTest00183.java,0,CWE-330,,,,0,0,1,0,0,0,1,0,,,,,,,,
BenchmarkTest00184.java,0,CWE-330,,,,0,0,1,0,0,0,1,0,,,,,,,,
BenchmarkTest00185.java,0,CWE-330,,,,0,0,1,0,0,0,1,0,,,,,,,,
BenchmarkTest00186.java,0,CWE-330,,,,0,0,1,0,0,0,1,0,,,,,,,,
BenchmarkTest00187.java,0,CWE-330,,,,0,0,1,0,0,0,1,0,,,,,,,,
BenchmarkTest00188.java,0,CWE-330,,,,0,0,1,0,0,0,1,0,,,,,,,,
BenchmarkTest00190.java,0,CWE-89,CWE-89,1,1,0,1,0,0,0,0,1,0,2227,0.00278375,1356,0.01356,2,2e-05,0.01636375,12.053774356842041
BenchmarkTest00191.java,0,CWE-89,CWE-89,1,0,0,1,0,0,0,1,0,0,2239,0.00279875,6217,0.06217,2,2e-05,0.06498875000000001,60.199723958969116
BenchmarkTest00192.java,0,CWE-89,CWE-89,1,0,1,0,0,0,1,0,0,0,2224,0.00278,871,0.00871,2,2e-05,0.01151,9.091877698898315
BenchmarkTest00193.java,0,CWE-89,CWE-89,1,0,1,0,0,0,1,0,0,0,2171,0.00271375,916,0.00916,2,2e-05,0.011893749999999998,10.438873291015625
BenchmarkTest00194.java,0,CWE-89,CWE-89,1,0,1,0,0,0,1,0,0,0,2216,0.00277,1023,0.01023,2,2e-05,0.013019999999999999,9.65274953842163
BenchmarkTest00195.java,0,CWE-89,,,,0,0,0,1,0,0,0,1,,,,,,,,
BenchmarkTest00196.java,0,CWE-89,,,,0,0,0,1,0,0,0,1,,,,,,,,
BenchmarkTest00197.java,0,CWE-89,CWE-89,1,1,0,1,0,0,0,0,1,0,2424,0.00303,1495,0.01495,2,2e-05,0.018,13.242002487182617
BenchmarkTest00198.java,0,CWE-89,,,,0,0,0,1,0,0,0,1,,,,,,,,
BenchmarkTest00199.java,0,CWE-89,,,,0,0,0,1,0,0,0,1,,,,,,,,
BenchmarkTest00200.java,0,CWE-89,CWE-89,1,1,0,1,0,0,0,0,1,0,2229,0.00278625,1299,0.01299,2,2e-05,0.015796249999999998,12.0889253616333
BenchmarkTest00201.java,0,CWE-89,,,,0,0,1,0,0,0,1,0,,,,,,,,
BenchmarkTest00202.java,0,CWE-89,,,,0,0,1,0,0,0,1,0,,,,,,,,
BenchmarkTest00203.java,0,CWE-89,CWE-89,1,0,1,0,0,0,1,0,0,0,2141,0.00267625,821,0.00821,2,2e-05,0.01090625,7.46871018409729
BenchmarkTest00204.java,0,CWE-89,CWE-89,1,0,1,0,0,0,1,0,0,0,2144,0.00268,961,0.00961,2,2e-05,0.01231,9.198265075683594
BenchmarkTest00205.java,0,CWE-89,CWE-89,1,1,0,1,0,0,0,0,1,0,2191,0.00273875,2023,0.02023,2,2e-05,0.022988750000000002,17.705151557922363
BenchmarkTest00206.java,0,CWE-89,,,,0,0,1,0,0,0,1,0,,,,,,,,
BenchmarkTest00207.java,0,CWE-643,CWE-643,1,0,1,0,0,0,1,0,0,0,2274,0.0028425,898,0.00898,2,2e-05,0.011842499999999999,8.348719596862793
BenchmarkTest00208.java,0,CWE-327,CWE-327,1,0,1,0,0,0,1,0,0,0,3108,0.003885,319,0.00319,2,2e-05,0.007095,5.012739896774292
BenchmarkTest00209.java,0,CWE-327,,,,0,0,1,0,0,0,1,0,,,,,,,,
BenchmarkTest00210.java,0,CWE-327,CWE-327,1,0,1,0,0,0,1,0,0,0,2656,0.00332,540,0.0054,2,2e-05,0.00874,6.228505373001099
BenchmarkTest00211.java,0,CWE-327,,,,0,0,1,0,0,0,1,0,,,,,,,,
BenchmarkTest00212.java,0,CWE-327,,,,0,0,1,0,0,0,1,0,,,,,,,,
BenchmarkTest00213.java,0,CWE-327,,,,0,0,1,0,0,0,1,0,,,,,,,,
BenchmarkTest00214.java,0,CWE-327,,,,0,0,1,0,0,0,1,0,,,,,,,,
BenchmarkTest00215.java,0,CWE-22,CWE-23,0,0,1,0,0,0,1,0,0,0,2513,0.00314125,1045,0.01045,2,2e-05,0.013611249999999998,10.471463441848755
BenchmarkTest00216.java,0,CWE-22,CWE-23,0,0,1,0,0,0,1,0,0,0,2547,0.00318375,977,0.00977,2,2e-05,0.01297375,9.53544306755066
BenchmarkTest00217.java,0,CWE-22,,,,0,0,1,0,0,0,1,0,,,,,,,,
BenchmarkTest00218.java,0,CWE-22,CWE-23,0,0,1,0,0,0,1,0,0,0,2785,0.00348125,1171,0.01171,2,2e-05,0.015211249999999999,11.227960586547852
BenchmarkTest00219.java,0,CWE-22,CWE-23,0,0,1,0,0,0,1,0,0,0,2710,0.0033875,1073,0.01073,2,2e-05,0.014137499999999999,10.328614473342896
BenchmarkTest00220.java,0,CWE-22,,,,0,0,1,0,0,0,1,0,,,,,,,,
BenchmarkTest00221.java,0,CWE-22,,,,0,0,1,0,0,0,1,0,,,,,,,,
BenchmarkTest00222.java,0,CWE-22,CWE-23,0,0,1,0,0,0,1,0,0,0,2645,0.00330625,824,0.00824,2,2e-05,0.01156625,8.56878137588501
BenchmarkTest00223.java,0,CWE-328,CWE-916,0,0,1,0,0,0,1,0,0,0,2792,0.00349,1174,0.01174,2,2e-05,0.01525,11.828140020370483
BenchmarkTest00224.java,0,CWE-328,,,,0,0,1,0,0,0,1,0,,,,,,,,
BenchmarkTest00225.java,0,CWE-328,,,,0,0,1,0,0,0,1,0,,,,,,,,
BenchmarkTest00226.java,0,CWE-328,,,,0,0,0,1,0,0,0,1,,,,,,,,
BenchmarkTest00227.java,0,CWE-328,,,,0,0,0,1,0,0,0,1,,,,,,,,
BenchmarkTest00228.java,0,CWE-328,,,,0,0,1,0,0,0,1,0,,,,,,,,
BenchmarkTest00229.java,0,CWE-328,,,,0,0,1,0,0,0,1,0,,,,,,,,
BenchmarkTest00230.java,0,CWE-330,CWE-330,1,0,1,0,0,0,1,0,0,0,2646,0.0033075,728,0.00728,2,2e-05,0.010607499999999999,7.650452375411987
BenchmarkTest00231.java,0,CWE-330,CWE-330,1,0,1,0,0,0,1,0,0,0,2682,0.0033525,848,0.00848,2,2e-05,0.011852499999999998,7.964077472686768
BenchmarkTest00232.java,0,CWE-330,CWE-330,1,0,1,0,0,0,1,0,0,0,2707,0.00338375,701,0.00701,2,2e-05,0.01041375,7.872834205627441
BenchmarkTest00233.java,0,CWE-330,CWE-330,1,0,1,0,0,0,1,0,0,0,2593,0.00324125,625,0.00625,2,2e-05,0.009511249999999999,6.773066997528076
BenchmarkTest00234.java,0,CWE-330,CWE-330,1,0,1,0,0,0,1,0,0,0,2705,0.00338125,627,0.00627,2,2e-05,0.00967125,6.797535181045532
BenchmarkTest00235.java,0,CWE-330,CWE-330,1,0,1,0,0,0,1,0,0,0,2591,0.00323875,825,0.00825,2,2e-05,0.01150875,8.315032958984375
BenchmarkTest00236.java,0,CWE-330,CWE-330,1,0,1,0,0,0,1,0,0,0,2597,0.00324625,589,0.00589,2,2e-05,0.00915625,7.137232542037964
BenchmarkTest00237.java,0,CWE-330,CWE-330,1,0,1,0,0,0,1,0,0,0,2657,0.00332125,703,0.00703,2,2e-05,0.010371249999999999,7.067862272262573
BenchmarkTest00238.java,0,CWE-330,CWE-330,1,0,1,0,0,0,1,0,0,0,2622,0.0032775,815,0.00815,2,2e-05,0.0114475,7.6923744678497314
BenchmarkTest00239.java,0,CWE-330,CWE-330,1,0,1,0,0,0,1,0,0,0,2893,0.00361625,775,0.00775,2,2e-05,0.011386249999999999,8.53989315032959
BenchmarkTest00240.java,0,CWE-330,CWE-330,1,0,1,0,0,0,1,0,0,0,2595,0.00324375,757,0.00757,2,2e-05,0.01083375,7.768153429031372
BenchmarkTest00241.java,0,CWE-614,CWE-614,1,0,1,0,0,0,1,0,0,0,2360,0.00295,994,0.00994,2,2e-05,0.012909999999999998,10.115172863006592
BenchmarkTest00242.java,0,CWE-614,,,,0,0,1,0,0,0,1,0,,,,,,,,
BenchmarkTest00243.java,0,CWE-330,,,,0,0,1,0,0,0,1,0,,,,,,,,
BenchmarkTest00244.java,0,CWE-330,,,,0,0,1,0,0,0,1,0,,,,,,,,
BenchmarkTest00245.java,0,CWE-330,CWE-330,1,1,0,1,0,0,0,0,1,0,3034,0.0037925,886,0.00886,2,2e-05,0.0126725,8.132113695144653
BenchmarkTest00246.java,0,CWE-330,,,,0,0,1,0,0,0,1,0,,,,,,,,
BenchmarkTest00247.java,0,CWE-330,,,,0,0,1,0,0,0,1,0,,,,,,,,
BenchmarkTest00248.java,0,CWE-330,,,,0,0,1,0,0,0,1,0,,,,,,,,
BenchmarkTest00249.java,0,CWE-330,,,,0,0,1,0,0,0,1,0,,,,,,,,
BenchmarkTest00254.java,0,CWE-327,CWE-327,1,0,1,0,0,0,1,0,0,0,3012,0.003765,426,0.00426,2,2e-05,0.008045,4.526275157928467
BenchmarkTest00255.java,0,CWE-327,,,,0,0,1,0,0,0,1,0,,,,,,,,
BenchmarkTest00256.java,0,CWE-327,CWE-327,1,0,1,0,0,0,1,0,0,0,3093,0.00386625,641,0.00641,2,2e-05,0.01029625,6.685632944107056
BenchmarkTest00257.java,0,CWE-327,CWE-327,1,0,1,0,0,0,1,0,0,0,3046,0.0038075,452,0.00452,2,2e-05,0.008347499999999999,4.737330675125122
BenchmarkTest00258.java,0,CWE-327,CWE-327,1,0,1,0,0,0,1,0,0,0,3026,0.0037825,384,0.00384,2,2e-05,0.0076425,5.040115833282471
BenchmarkTest00259.java,0,CWE-327,,,,0,0,1,0,0,0,1,0,,,,,,,,
BenchmarkTest00260.java,0,CWE-327,,,,0,0,1,0,0,0,1,0,,,,,,,,
BenchmarkTest00261.java,0,CWE-22,,,,0,0,1,0,0,0,1,0,,,,,,,,
BenchmarkTest00262.java,0,CWE-22,CWE-23,0,0,1,0,0,0,1,0,0,0,2543,0.00317875,1026,0.01026,2,2e-05,0.013458749999999998,10.37000560760498
BenchmarkTest00263.java,0,CWE-22,CWE-23,0,1,0,1,0,0,0,0,1,0,2725,0.00340625,824,0.00824,2,2e-05,0.01166625,8.07189130783081
BenchmarkTest00264.java,0,CWE-22,CWE-23,0,0,1,0,0,0,1,0,0,0,2665,0.00333125,939,0.00939,2,2e-05,0.012741249999999999,8.893619537353516
BenchmarkTest00265.java,0,CWE-22,CWE-23,0,1,0,1,0,0,0,0,1,0,2573,0.00321625,1432,0.01432,2,2e-05,0.01755625,12.767823219299316
BenchmarkTest00266.java,0,CWE-328,CWE-916,0,0,1,0,0,0,1,0,0,0,2743,0.00342875,795,0.00795,2,2e-05,0.01139875,9.001190185546875
BenchmarkTest00267.java,0,CWE-328,CWE-916,0,0,1,0,0,0,1,0,0,0,2647,0.00330875,834,0.00834,2,2e-05,0.011668749999999999,8.990264654159546
BenchmarkTest00268.java,0,CWE-328,CWE-916,0,0,1,0,0,0,1,0,0,0,2592,0.00324,536,0.00536,2,2e-05,0.00862,5.491767883300781
BenchmarkTest00269.java,0,CWE-328,CWE-916,0,0,1,0,0,0,1,0,0,0,2599,0.00324875,1231,0.01231,2,2e-05,0.015578749999999999,11.204189538955688
BenchmarkTest00270.java,0,CWE-328,,,,0,0,1,0,0,0,1,0,,,,,,,,
BenchmarkTest00271.java,0,CWE-328,,,,0,0,1,0,0,0,1,0,,,,,,,,
BenchmarkTest00272.java,0,CWE-328,CWE-916,0,0,1,0,0,0,1,0,0,0,2579,0.00322375,844,0.00844,2,2e-05,0.01168375,8.500141620635986
BenchmarkTest00273.java,0,CWE-328,,,,0,0,0,1,0,0,0,1,,,,,,,,
BenchmarkTest00274.java,0,CWE-328,,,,0,0,0,1,0,0,0,1,,,,,,,,
BenchmarkTest00275.java,0,CWE-79,,,,0,0,1,0,0,0,1,0,,,,,,,,
BenchmarkTest00276.java,0,CWE-79,CWE-79,1,0,1,0,0,0,1,0,0,0,2524,0.003155,1145,0.01145,2,2e-05,0.014624999999999999,10.858504295349121
BenchmarkTest00277.java,0,CWE-79,,,,0,0,1,0,0,0,1,0,,,,,,,,
BenchmarkTest00278.java,0,CWE-79,,,,0,0,1,0,0,0,1,0,,,,,,,,
BenchmarkTest00279.java,0,CWE-79,CWE-79,1,0,1,0,0,0,1,0,0,0,2570,0.0032125,1083,0.01083,2,2e-05,0.014062499999999999,9.78239631652832
BenchmarkTest00280.java,0,CWE-79,CWE-79,1,0,1,0,0,0,1,0,0,0,2597,0.00324625,1127,0.01127,2,2e-05,0.01453625,10.45541501045227
BenchmarkTest00281.java,0,CWE-79,,,,0,0,1,0,0,0,1,0,,,,,,,,
BenchmarkTest00282.java,0,CWE-79,,,,0,0,1,0,0,0,1,0,,,,,,,,
BenchmarkTest00283.java,0,CWE-79,,,,0,0,1,0,0,0,1,0,,,,,,,,
BenchmarkTest00284.java,0,CWE-79,CWE-79,1,0,1,0,0,0,1,0,0,0,2488,0.00311,870,0.0087,2,2e-05,0.011829999999999999,8.119609594345093
BenchmarkTest00285.java,0,CWE-79,,,,0,0,1,0,0,0,1,0,,,,,,,,
BenchmarkTest00286.java,0,CWE-79,,,,0,0,1,0,0,0,1,0,,,,,,,,
BenchmarkTest00287.java,0,CWE-79,CWE-79,1,0,1,0,0,0,1,0,0,0,2523,0.00315375,853,0.00853,2,2e-05,0.011703749999999999,9.127542734146118
BenchmarkTest00288.java,0,CWE-79,CWE-79,1,1,0,1,0,0,0,0,1,0,2670,0.0033375,940,0.0094,2,2e-05,0.0127575,10.002878665924072
BenchmarkTest00289.java,0,CWE-79,,,,0,0,1,0,0,0,1,0,,,,,,,,
BenchmarkTest00290.java,0,CWE-79,CWE-79,1,0,1,0,0,0,1,0,0,0,2517,0.00314625,1097,0.01097,2,2e-05,0.01413625,12.493101835250854
BenchmarkTest00291.java,0,CWE-79,CWE-79,1,0,1,0,0,0,1,0,0,0,2526,0.0031575,1068,0.01068,2,2e-05,0.0138575,10.236859321594238
BenchmarkTest00292.java,0,CWE-79,CWE-79,1,0,1,0,0,0,1,0,0,0,2558,0.0031975,1103,0.01103,2,2e-05,0.0142475,10.331853151321411
BenchmarkTest00293.java,0,CWE-78,CWE-78,1,0,1,0,0,0,1,0,0,0,2304,0.00288,1019,0.01019,2,2e-05,0.01309,9.247780323028564
BenchmarkTest00294.java,0,CWE-78,CWE-78,1,0,1,0,0,0,1,0,0,0,2269,0.00283625,817,0.00817,2,2e-05,0.01102625,9.026100635528564
BenchmarkTest00295.java,0,CWE-78,CWE-78,1,0,1,0,0,0,1,0,0,0,2263,0.00282875,944,0.00944,2,2e-05,0.01228875,8.968740701675415
BenchmarkTest00296.java,0,CWE-330,CWE-330,1,0,1,0,0,0,1,0,0,0,2544,0.00318,838,0.00838,2,2e-05,0.01158,7.830536842346191
BenchmarkTest00297.java,0,CWE-330,CWE-330,1,0,1,0,0,0,1,0,0,0,2545,0.00318125,869,0.00869,2,2e-05,0.011891249999999999,9.718009233474731
BenchmarkTest00298.java,0,CWE-330,CWE-330,1,0,1,0,0,0,1,0,0,0,2545,0.00318125,628,0.00628,2,2e-05,0.00948125,6.644647121429443
BenchmarkTest00299.java,0,CWE-330,CWE-330,1,0,1,0,0,0,1,0,0,0,2534,0.0031675,786,0.00786,2,2e-05,0.0110475,8.293792724609375
BenchmarkTest00300.java,0,CWE-614,CWE-614,1,0,1,0,0,0,1,0,0,0,2332,0.002915,793,0.00793,2,2e-05,0.010865,8.445648908615112
BenchmarkTest00301.java,0,CWE-79,CWE-79,1,0,1,0,0,0,1,0,0,0,2615,0.00326875,899,0.00899,2,2e-05,0.012278749999999998,10.533527851104736
BenchmarkTest00302.java,0,CWE-78,CWE-78,1,0,1,0,0,0,1,0,0,0,2224,0.00278,830,0.0083,2,2e-05,0.011099999999999999,7.951030969619751
BenchmarkTest00303.java,0,CWE-78,CWE-78,1,0,1,0,0,0,1,0,0,0,2378,0.0029725,1087,0.01087,2,2e-05,0.013862499999999998,9.824002027511597
BenchmarkTest00304.java,0,CWE-78,CWE-78,1,0,1,0,0,0,1,0,0,0,2402,0.0030025,1048,0.01048,2,2e-05,0.013502499999999999,9.523552894592285
BenchmarkTest00305.java,0,CWE-78,,,,0,0,1,0,0,0,1,0,,,,,,,,
BenchmarkTest00306.java,0,CWE-78,CWE-78,1,0,1,0,0,0,1,0,0,0,2170,0.0027125,1202,0.01202,2,2e-05,0.014752499999999998,10.587630033493042
BenchmarkTest00307.java,0,CWE-78,CWE-78,1,1,0,1,0,0,0,0,1,0,2294,0.0028675,1581,0.01581,2,2e-05,0.0186975,13.70551586151123
BenchmarkTest00308.java,0,CWE-78,,,,0,0,1,0,0,0,1,0,,,,,,,,
BenchmarkTest00309.java,0,CWE-78,CWE-78,1,1,0,1,0,0,0,0,1,0,2256,0.00282,990,0.0099,2,2e-05,0.01274,8.921409130096436
BenchmarkTest00310.java,0,CWE-78,CWE-78,1,1,0,1,0,0,0,0,1,0,2325,0.00290625,1034,0.01034,2,2e-05,0.01326625,9.384438514709473
BenchmarkTest00311.java,0,CWE-78,CWE-78,1,0,1,0,0,0,1,0,0,0,2232,0.00279,1332,0.01332,2,2e-05,0.01613,12.329994678497314
BenchmarkTest00312.java,0,CWE-330,,,,0,0,1,0,0,0,1,0,,,,,,,,
BenchmarkTest00313.java,0,CWE-330,CWE-330,1,1,0,1,0,0,0,0,1,0,2656,0.00332,732,0.00732,2,2e-05,0.01066,6.872901678085327
BenchmarkTest00314.java,0,CWE-330,CWE-330,1,1,0,1,0,0,0,0,1,0,2661,0.00332625,952,0.00952,2,2e-05,0.01286625,8.904486179351807
BenchmarkTest00315.java,0,CWE-330,,,,0,0,1,0,0,0,1,0,,,,,,,,
BenchmarkTest00316.java,0,CWE-330,,,,0,0,1,0,0,0,1,0,,,,,,,,
BenchmarkTest00317.java,0,CWE-330,,,,0,0,1,0,0,0,1,0,,,,,,,,
BenchmarkTest00318.java,0,CWE-330,,,,0,0,1,0,0,0,1,0,,,,,,,,
BenchmarkTest00319.java,0,CWE-330,,,,0,0,1,0,0,0,1,0,,,,,,,,
BenchmarkTest00320.java,0,CWE-330,,,,0,0,1,0,0,0,1,0,,,,,,,,
BenchmarkTest00328.java,0,CWE-89,CWE-89,1,0,1,0,0,0,1,0,0,0,2153,0.00269125,962,0.00962,2,2e-05,0.012331249999999998,9.393799543380737
BenchmarkTest00329.java,0,CWE-89,,,,0,0,1,0,0,0,1,0,,,,,,,,
BenchmarkTest00330.java,0,CWE-89,,,,0,0,1,0,0,0,1,0,,,,,,,,
BenchmarkTest00331.java,0,CWE-89,CWE-89,1,1,0,1,0,0,0,0,1,0,2276,0.002845,951,0.00951,2,2e-05,0.012374999999999999,9.039810419082642
BenchmarkTest00332.java,0,CWE-89,,,,0,0,1,0,0,0,1,0,,,,,,,,
BenchmarkTest00333.java,0,CWE-89,,,,0,0,1,0,0,0,1,0,,,,,,,,
BenchmarkTest00334.java,0,CWE-89,,,,0,0,1,0,0,0,1,0,,,,,,,,
BenchmarkTest00335.java,0,CWE-89,CWE-89,1,0,1,0,0,0,1,0,0,0,2189,0.00273625,998,0.00998,2,2e-05,0.012736249999999998,9.466127634048462
BenchmarkTest00336.java,0,CWE-89,,,,0,0,1,0,0,0,1,0,,,,,,,,
BenchmarkTest00337.java,0,CWE-89,,,,0,0,0,1,0,0,0,1,,,,,,,,
BenchmarkTest00338.java,0,CWE-89,,,,0,0,1,0,0,0,1,0,,,,,,,,
BenchmarkTest00339.java,0,CWE-89,,,,0,0,0,1,0,0,0,1,,,,,,,,
BenchmarkTest00340.java,0,CWE-89,CWE-89,1,0,0,1,0,0,0,1,0,0,2260,0.002825,2068,0.02068,2,2e-05,0.023525,19.304177045822144
BenchmarkTest00341.java,0,CWE-89,CWE-89,1,0,1,0,0,0,1,0,0,0,2197,0.00274625,1033,0.01033,2,2e-05,0.01309625,9.824877262115479
BenchmarkTest00342.java,0,CWE-89,CWE-89,1,0,1,0,0,0,1,0,0,0,2197,0.00274625,884,0.00884,2,2e-05,0.01160625,8.301335334777832
BenchmarkTest00343.java,0,CWE-89,,,,0,0,1,0,0,0,1,0,,,,,,,,
BenchmarkTest00344.java,0,CWE-89,,,,0,0,1,0,0,0,1,0,,,,,,,,
BenchmarkTest00345.java,0,CWE-327,,,,0,0,1,0,0,0,1,0,,,,,,,,
BenchmarkTest00346.java,0,CWE-328,CWE-916,0,0,1,0,0,0,1,0,0,0,2566,0.0032075,544,0.00544,2,2e-05,0.0086675,5.813871383666992
BenchmarkTest00347.java,0,CWE-330,CWE-330,1,0,1,0,0,0,1,0,0,0,2448,0.00306,956,0.00956,2,2e-05,0.01264,8.301846027374268
BenchmarkTest00348.java,0,CWE-614,CWE-614,1,0,1,0,0,0,1,0,0,0,2210,0.0027625,756,0.00756,2,2e-05,0.0103425,7.3010852336883545
BenchmarkTest00349.java,0,CWE-330,,,,0,0,1,0,0,0,1,0,,,,,,,,
BenchmarkTest00350.java,0,CWE-327,,,,0,0,1,0,0,0,1,0,,,,,,,,
BenchmarkTest00351.java,0,CWE-327,,,,0,0,1,0,0,0,1,0,,,,,,,,
BenchmarkTest00352.java,0,CWE-327,,,,0,0,1,0,0,0,1,0,,,,,,,,
BenchmarkTest00353.java,0,CWE-327,,,,0,0,1,0,0,0,1,0,,,,,,,,
BenchmarkTest00354.java,0,CWE-327,CWE-327,1,0,1,0,0,0,1,0,0,0,2568,0.00321,845,0.00845,2,2e-05,0.01168,7.935914754867554
BenchmarkTest00355.java,0,CWE-327,CWE-327,1,0,1,0,0,0,1,0,0,0,2841,0.00355125,411,0.00411,2,2e-05,0.00768125,4.292924165725708
BenchmarkTest00356.java,0,CWE-327,CWE-327,1,0,1,0,0,0,1,0,0,0,2541,0.00317625,642,0.00642,2,2e-05,0.00961625,7.01953387260437
BenchmarkTest00357.java,0,CWE-327,,,,0,0,1,0,0,0,1,0,,,,,,,,
BenchmarkTest00358.java,0,CWE-327,,,,0,0,1,0,0,0,1,0,,,,,,,,
BenchmarkTest00359.java,0,CWE-22,CWE-23,0,0,1,0,0,0,1,0,0,0,2431,0.00303875,919,0.00919,2,2e-05,0.01224875,9.040127038955688
BenchmarkTest00360.java,0,CWE-22,CWE-23,0,0,1,0,0,0,1,0,0,0,2646,0.0033075,811,0.00811,2,2e-05,0.011437499999999998,8.190837621688843
BenchmarkTest00361.java,0,CWE-22,CWE-23,0,1,0,1,0,0,0,0,1,0,2610,0.0032625,844,0.00844,2,2e-05,0.011722499999999999,8.796887159347534
BenchmarkTest00362.java,0,CWE-22,CWE-23,0,0,1,0,0,0,1,0,0,0,2445,0.00305625,815,0.00815,2,2e-05,0.011226249999999998,8.40777850151062
BenchmarkTest00363.java,0,CWE-22,CWE-23,0,0,1,0,0,0,1,0,0,0,2395,0.00299375,685,0.00685,2,2e-05,0.00986375,6.617748498916626
BenchmarkTest00364.java,0,CWE-22,CWE-23,0,1,0,1,0,0,0,0,1,0,2529,0.00316125,993,0.00993,2,2e-05,0.013111249999999998,8.870861530303955
BenchmarkTest00365.java,0,CWE-22,CWE-23,0,1,0,1,0,0,0,0,1,0,2760,0.00345,1011,0.01011,2,2e-05,0.013579999999999998,9.167855501174927
BenchmarkTest00366.java,0,CWE-22,CWE-23,0,1,0,1,0,0,0,0,1,0,2710,0.0033875,966,0.00966,2,2e-05,0.0130675,8.447779893875122
BenchmarkTest00367.java,0,CWE-90,,,,0,0,1,0,0,0,1,0,,,,,,,,
BenchmarkTest00368.java,0,CWE-330,CWE-330,1,0,1,0,0,0,1,0,0,0,2498,0.0031225,950,0.0095,2,2e-05,0.0126425,8.621032953262329
BenchmarkTest00369.java,0,CWE-330,CWE-330,1,0,1,0,0,0,1,0,0,0,2523,0.00315375,770,0.0077,2,2e-05,0.01087375,6.999278783798218
BenchmarkTest00370.java,0,CWE-328,,,,0,0,1,0,0,0,1,0,,,,,,,,
BenchmarkTest00371.java,0,CWE-328,CWE-916,0,0,1,0,0,0,1,0,0,0,2553,0.00319125,810,0.0081,2,2e-05,0.011311249999999998,7.571314334869385
BenchmarkTest00372.java,0,CWE-328,CWE-916,0,0,1,0,0,0,1,0,0,0,2455,0.00306875,614,0.00614,2,2e-05,0.009228749999999999,5.979202508926392
BenchmarkTest00373.java,0,CWE-328,,,,0,0,1,0,0,0,1,0,,,,,,,,
BenchmarkTest00374.java,0,CWE-328,,,,0,0,0,1,0,0,0,1,,,,,,,,
BenchmarkTest00375.java,0,CWE-79,CWE-79,1,0,1,0,0,0,1,0,0,0,2480,0.0031,1065,0.01065,2,2e-05,0.01377,10.084294319152832
BenchmarkTest00376.java,0,CWE-79,CWE-79,1,0,1,0,0,0,1,0,0,0,2504,0.00313,874,0.00874,2,2e-05,0.011889999999999998,8.149745225906372
BenchmarkTest00377.java,0,CWE-79,CWE-79,1,1,0,1,0,0,0,0,1,0,2552,0.00319,809,0.00809,2,2e-05,0.0113,7.244888782501221
BenchmarkTest00378.java,0,CWE-79,CWE-79,1,0,1,0,0,0,1,0,0,0,2485,0.00310625,821,0.00821,2,2e-05,0.011336249999999999,7.779402256011963
BenchmarkTest00379.java,0,CWE-79,,,,0,0,1,0,0,0,1,0,,,,,,,,
BenchmarkTest00380.java,0,CWE-79,CWE-79,1,0,1,0,0,0,1,0,0,0,2551,0.00318875,870,0.0087,2,2e-05,0.01190875,8.190891981124878
BenchmarkTest00381.java,0,CWE-79,,,,0,0,1,0,0,0,1,0,,,,,,,,
BenchmarkTest00382.java,0,CWE-79,CWE-79,1,0,1,0,0,0,1,0,0,0,2546,0.0031825,1043,0.01043,2,2e-05,0.013632499999999999,10.530266046524048
BenchmarkTest00383.java,0,CWE-79,CWE-79,1,0,1,0,0,0,1,0,0,0,2785,0.00348125,1703,0.01703,2,2e-05,0.02053125,15.35297179222107
BenchmarkTest00384.java,0,CWE-79,CWE-79,1,0,1,0,0,0,1,0,0,0,2500,0.003125,1164,0.01164,2,2e-05,0.014785,11.009393215179443
BenchmarkTest00385.java,0,CWE-79,CWE-79,1,0,1,0,0,0,1,0,0,0,2810,0.0035125,1759,0.01759,2,2e-05,0.021122500000000002,15.37785816192627
BenchmarkTest00386.java,0,CWE-79,CWE-79,1,1,0,1,0,0,0,0,1,0,2604,0.003255,951,0.00951,2,2e-05,0.012784999999999998,8.95068883895874
BenchmarkTest00387.java,0,CWE-79,CWE-79,1,0,1,0,0,0,1,0,0,0,2480,0.0031,902,0.00902,2,2e-05,0.01214,8.517249822616577
BenchmarkTest00388.java,0,CWE-79,CWE-79,1,0,1,0,0,0,1,0,0,0,2473,0.00309125,732,0.00732,2,2e-05,0.01043125,7.119089841842651
BenchmarkTest00389.java,0,CWE-79,,,,0,0,1,0,0,0,1,0,,,,,,,,
BenchmarkTest00390.java,0,CWE-79,CWE-79,1,0,1,0,0,0,1,0,0,0,2517,0.00314625,931,0.00931,2,2e-05,0.01247625,9.483856916427612
BenchmarkTest00391.java,0,CWE-79,,,,0,0,1,0,0,0,1,0,,,,,,,,
BenchmarkTest00392.java,0,CWE-79,CWE-79,1,0,1,0,0,0,1,0,0,0,2546,0.0031825,1133,0.01133,2,2e-05,0.014532499999999999,10.194486141204834
BenchmarkTest00393.java,0,CWE-79,,,,0,0,1,0,0,0,1,0,,,,,,,,
BenchmarkTest00394.java,0,CWE-79,CWE-79,1,1,0,1,0,0,0,0,1,0,2567,0.00320875,1550,0.0155,2,2e-05,0.01872875,13.632952213287354
BenchmarkTest00395.java,0,CWE-79,CWE-79,1,0,1,0,0,0,1,0,0,0,2491,0.00311375,906,0.00906,2,2e-05,0.01219375,10.04355502128601
BenchmarkTest00396.java,0,CWE-78,,,,0,0,1,0,0,0,1,0,,,,,,,,
BenchmarkTest00397.java,0,CWE-330,CWE-330,1,0,1,0,0,0,1,0,0,0,2527,0.00315875,644,0.00644,2,2e-05,0.009618749999999999,7.180007696151733
BenchmarkTest00398.java,0,CWE-330,CWE-330,1,0,1,0,0,0,1,0,0,0,2627,0.00328375,999,0.00999,2,2e-05,0.01329375,9.913607835769653
BenchmarkTest00399.java,0,CWE-330,CWE-330,1,0,1,0,0,0,1,0,0,0,2843,0.00355375,831,0.00831,2,2e-05,0.011883749999999998,8.023284435272217
BenchmarkTest00400.java,0,CWE-330,CWE-330,1,0,1,0,0,0,1,0,0,0,2594,0.0032425,876,0.00876,2,2e-05,0.0120225,8.257675647735596
BenchmarkTest00401.java,0,CWE-330,CWE-330,1,0,1,0,0,0,1,0,0,0,2535,0.00316875,1038,0.01038,2,2e-05,0.01356875,9.689574718475342
BenchmarkTest00402.java,0,CWE-330,CWE-330,1,0,1,0,0,0,1,0,0,0,2521,0.00315125,926,0.00926,2,2e-05,0.012431249999999998,8.628271579742432
BenchmarkTest00403.java,0,CWE-614,CWE-614,1,0,1,0,0,0,1,0,0,0,2255,0.00281875,972,0.00972,2,2e-05,0.012558749999999999,9.117919683456421
BenchmarkTest00404.java,0,CWE-614,,,,0,0,1,0,0,0,1,0,,,,,,,,
BenchmarkTest00405.java,0,CWE-614,,,,0,0,1,0,0,0,1,0,,,,,,,,
BenchmarkTest00406.java,0,CWE-78,,,,0,0,1,0,0,0,1,0,,,,,,,,
BenchmarkTest00407.java,0,CWE-78,CWE-78,1,0,1,0,0,0,1,0,0,0,2341,0.00292625,1265,0.01265,2,2e-05,0.015596249999999999,11.019306898117065
BenchmarkTest00408.java,0,CWE-78,,,,0,0,1,0,0,0,1,0,,,,,,,,
BenchmarkTest00409.java,0,CWE-78,CWE-78,1,0,1,0,0,0,1,0,0,0,2383,0.00297875,990,0.0099,2,2e-05,0.01289875,9.97338318824768
BenchmarkTest00410.java,0,CWE-78,CWE-78,1,1,0,1,0,0,0,0,1,0,2204,0.002755,910,0.0091,2,2e-05,0.011875,8.524345874786377
BenchmarkTest00411.java,0,CWE-78,,,,0,0,1,0,0,0,1,0,,,,,,,,
BenchmarkTest00412.java,0,CWE-78,CWE-78,1,1,0,1,0,0,0,0,1,0,2160,0.0027,1104,0.01104,2,2e-05,0.013759999999999998,9.546040773391724
BenchmarkTest00413.java,0,CWE-330,,,,0,0,1,0,0,0,1,0,,,,,,,,
BenchmarkTest00414.java,0,CWE-330,,,,0,0,1,0,0,0,1,0,,,,,,,,
BenchmarkTest00415.java,0,CWE-330,,,,0,0,1,0,0,0,1,0,,,,,,,,
BenchmarkTest00416.java,0,CWE-330,,,,0,0,1,0,0,0,1,0,,,,,,,,
BenchmarkTest00417.java,0,CWE-330,,,,0,0,1,0,0,0,1,0,,,,,,,,
BenchmarkTest00418.java,0,CWE-330,,,,0,0,1,0,0,0,1,0,,,,,,,,
BenchmarkTest00419.java,0,CWE-330,,,,0,0,1,0,0,0,1,0,,,,,,,,
BenchmarkTest00420.java,0,CWE-330,,,,0,0,1,0,0,0,1,0,,,,,,,,
BenchmarkTest00421.java,0,CWE-330,,,,0,0,1,0,0,0,1,0,,,,,,,,
BenchmarkTest00422.java,0,CWE-330,,,,0,0,1,0,0,0,1,0,,,,,,,,
BenchmarkTest00423.java,0,CWE-330,,,,0,0,1,0,0,0,1,0,,,,,,,,
BenchmarkTest00428.java,0,CWE-89,CWE-89,1,0,1,0,0,0,1,0,0,0,2167,0.00270875,925,0.00925,2,2e-05,0.011978749999999998,8.520457983016968
BenchmarkTest00429.java,0,CWE-89,CWE-89,1,0,1,0,0,0,1,0,0,0,2175,0.00271875,868,0.00868,2,2e-05,0.011418749999999998,7.913281679153442
BenchmarkTest00430.java,0,CWE-89,,,,0,0,1,0,0,0,1,0,,,,,,,,
BenchmarkTest00431.java,0,CWE-89,CWE-89,1,0,1,0,0,0,1,0,0,0,2339,0.00292375,779,0.00779,2,2e-05,0.01073375,7.708276987075806
BenchmarkTest00432.java,0,CWE-89,,,,0,0,1,0,0,0,1,0,,,,,,,,
BenchmarkTest00433.java,0,CWE-89,,,,0,0,0,1,0,0,0,1,,,,,,,,
BenchmarkTest00434.java,0,CWE-89,CWE-89,1,0,1,0,0,0,1,0,0,0,2145,0.00268125,1117,0.01117,2,2e-05,0.013871249999999998,11.206716775894165
BenchmarkTest00435.java,0,CWE-89,CWE-89,1,0,1,0,0,0,1,0,0,0,2195,0.00274375,966,0.00966,2,2e-05,0.012423749999999999,8.55493688583374
BenchmarkTest00436.java,0,CWE-89,,,,0,0,1,0,0,0,1,0,,,,,,,,
BenchmarkTest00437.java,0,CWE-89,,,,0,0,1,0,0,0,1,0,,,,,,,,
BenchmarkTest00438.java,0,CWE-89,CWE-89,1,0,1,0,0,0,1,0,0,0,2105,0.00263125,908,0.00908,2,2e-05,0.011731249999999999,8.328798770904541
BenchmarkTest00439.java,0,CWE-89,CWE-89,1,0,1,0,0,0,1,0,0,0,2068,0.002585,665,0.00665,2,2e-05,0.009255,6.263720989227295
BenchmarkTest00440.java,0,CWE-89,CWE-89,1,1,0,1,0,0,0,0,1,0,2226,0.0027825,991,0.00991,2,2e-05,0.0127125,8.749556064605713
BenchmarkTest00441.java,0,CWE-89,CWE-89,1,0,1,0,0,0,1,0,0,0,2110,0.0026375,937,0.00937,2,2e-05,0.0120275,8.709893703460693
BenchmarkTest00442.java,0,CWE-643,CWE-643,1,0,1,0,0,0,1,0,0,0,2214,0.0027675,788,0.00788,2,2e-05,0.0106675,7.38572359085083
BenchmarkTest00443.java,0,CWE-327,,,,0,0,1,0,0,0,1,0,,,,,,,,
BenchmarkTest00444.java,0,CWE-327,,,,0,0,1,0,0,0,1,0,,,,,,,,
BenchmarkTest00445.java,0,CWE-327,CWE-327,1,0,1,0,0,0,1,0,0,0,2904,0.00363,322,0.00322,2,2e-05,0.00687,4.983699083328247
BenchmarkTest00446.java,0,CWE-327,CWE-327,1,0,1,0,0,0,1,0,0,0,2606,0.0032575,774,0.00774,2,2e-05,0.0110175,7.326425552368164
BenchmarkTest00447.java,0,CWE-327,,,,0,0,1,0,0,0,1,0,,,,,,,,
BenchmarkTest00448.java,0,CWE-327,CWE-327,1,0,1,0,0,0,1,0,0,0,2582,0.0032275,437,0.00437,2,2e-05,0.0076175,5.29599404335022
BenchmarkTest00449.java,0,CWE-327,CWE-327,1,0,1,0,0,0,1,0,0,0,2577,0.00322125,422,0.00422,2,2e-05,0.00746125,4.911444187164307
BenchmarkTest00450.java,0,CWE-327,,,,0,0,1,0,0,0,1,0,,,,,,,,
BenchmarkTest00451.java,0,CWE-327,,,,0,0,1,0,0,0,1,0,,,,,,,,
BenchmarkTest00452.java,0,CWE-22,CWE-23,0,0,1,0,0,0,1,0,0,0,2526,0.0031575,1186,0.01186,2,2e-05,0.0150375,11.496886968612671
BenchmarkTest00453.java,0,CWE-22,CWE-23,0,0,1,0,0,0,1,0,0,0,2689,0.00336125,1235,0.01235,2,2e-05,0.01573125,12.481125593185425
BenchmarkTest00454.java,0,CWE-22,,,,0,0,1,0,0,0,1,0,,,,,,,,
BenchmarkTest00455.java,0,CWE-22,CWE-23,0,0,1,0,0,0,1,0,0,0,2618,0.0032725,777,0.00777,2,2e-05,0.0110625,8.351623773574829
BenchmarkTest00456.java,0,CWE-22,CWE-23,0,0,1,0,0,0,1,0,0,0,2670,0.0033375,841,0.00841,2,2e-05,0.0117675,8.904345035552979
BenchmarkTest00457.java,0,CWE-22,CWE-23,0,0,1,0,0,0,1,0,0,0,2570,0.0032125,896,0.00896,2,2e-05,0.012192499999999998,10.953529596328735
BenchmarkTest00458.java,0,CWE-22,CWE-23,0,1,0,1,0,0,0,0,1,0,2590,0.0032375,835,0.00835,2,2e-05,0.0116075,8.092483520507812
BenchmarkTest00459.java,0,CWE-22,CWE-23,0,0,1,0,0,0,1,0,0,0,2549,0.00318625,862,0.00862,2,2e-05,0.011826249999999998,8.152698278427124
BenchmarkTest00460.java,0,CWE-22,,,,0,0,1,0,0,0,1,0,,,,,,,,
BenchmarkTest00461.java,0,CWE-330,CWE-330,1,0,1,0,0,0,1,0,0,0,2546,0.0031825,930,0.0093,2,2e-05,0.012502499999999998,8.90930986404419
BenchmarkTest00462.java,0,CWE-328,CWE-916,0,0,1,0,0,0,1,0,0,0,2698,0.0033725,809,0.00809,2,2e-05,0.0114825,8.234909296035767
BenchmarkTest00463.java,0,CWE-328,,,,0,0,1,0,0,0,1,0,,,,,,,,
BenchmarkTest00464.java,0,CWE-328,CWE-916,0,0,1,0,0,0,1,0,0,0,2589,0.00323625,716,0.00716,2,2e-05,0.010416249999999998,7.587135076522827
BenchmarkTest00465.java,0,CWE-328,CWE-916,0,0,1,0,0,0,1,0,0,0,2504,0.00313,526,0.00526,2,2e-05,0.008409999999999999,5.745695114135742
BenchmarkTest00466.java,0,CWE-328,,,,0,0,1,0,0,0,1,0,,,,,,,,
BenchmarkTest00467.java,0,CWE-79,CWE-79,1,0,1,0,0,0,1,0,0,0,2627,0.00328375,1147,0.01147,2,2e-05,0.014773749999999999,10.110487699508667
BenchmarkTest00468.java,0,CWE-79,CWE-79,1,1,0,1,0,0,0,0,1,0,2652,0.003315,1042,0.01042,2,2e-05,0.013755,9.125531196594238
BenchmarkTest00469.java,0,CWE-79,,,,0,0,1,0,0,0,1,0,,,,,,,,
BenchmarkTest00470.java,0,CWE-79,,,,0,0,1,0,0,0,1,0,,,,,,,,
BenchmarkTest00471.java,0,CWE-79,,,,0,0,1,0,0,0,1,0,,,,,,,,
BenchmarkTest00472.java,0,CWE-79,CWE-79,1,0,1,0,0,0,1,0,0,0,2551,0.00318875,1018,0.01018,2,2e-05,0.01338875,9.658129215240479
BenchmarkTest00473.java,0,CWE-79,CWE-79,1,0,1,0,0,0,1,0,0,0,2572,0.003215,1224,0.01224,2,2e-05,0.015475,12.086216688156128
BenchmarkTest00474.java,0,CWE-79,,,,0,0,1,0,0,0,1,0,,,,,,,,
BenchmarkTest00475.java,0,CWE-79,CWE-79,1,0,1,0,0,0,1,0,0,0,2526,0.0031575,866,0.00866,2,2e-05,0.011837499999999999,8.64461374282837
BenchmarkTest00476.java,0,CWE-79,,,,0,0,1,0,0,0,1,0,,,,,,,,
BenchmarkTest00477.java,0,CWE-79,CWE-79,1,0,1,0,0,0,1,0,0,0,2512,0.00314,1013,0.01013,2,2e-05,0.01329,9.277143001556396
BenchmarkTest00478.java,0,CWE-79,CWE-79,1,0,1,0,0,0,1,0,0,0,2560,0.0032,1234,0.01234,2,2e-05,0.01556,12.633780241012573
BenchmarkTest00479.java,0,CWE-79,,,,0,0,1,0,0,0,1,0,,,,,,,,
BenchmarkTest00480.java,0,CWE-78,CWE-78,1,0,1,0,0,0,1,0,0,0,2271,0.00283875,1048,0.01048,2,2e-05,0.01333875,10.53795862197876
BenchmarkTest00481.java,0,CWE-78,,,,0,0,1,0,0,0,1,0,,,,,,,,
BenchmarkTest00482.java,0,CWE-330,CWE-330,1,0,1,0,0,0,1,0,0,0,2546,0.0031825,653,0.00653,2,2e-05,0.0097325,6.494199275970459
BenchmarkTest00483.java,0,CWE-330,CWE-330,1,0,1,0,0,0,1,0,0,0,2587,0.00323375,713,0.00713,2,2e-05,0.010383749999999999,6.952893495559692
BenchmarkTest00484.java,0,CWE-330,CWE-330,1,0,1,0,0,0,1,0,0,0,2562,0.0032025,803,0.00803,2,2e-05,0.0112525,7.59517502784729
BenchmarkTest00485.java,0,CWE-330,CWE-330,1,0,1,0,0,0,1,0,0,0,2538,0.0031725,951,0.00951,2,2e-05,0.012702499999999999,8.899549961090088
BenchmarkTest00486.java,0,CWE-330,CWE-330,1,0,1,0,0,0,1,0,0,0,2496,0.00312,915,0.00915,2,2e-05,0.012289999999999999,8.440650939941406
BenchmarkTest00487.java,0,CWE-330,CWE-330,1,0,1,0,0,0,1,0,0,0,2615,0.00326875,706,0.00706,2,2e-05,0.01034875,6.631001949310303
BenchmarkTest00488.java,0,CWE-330,CWE-330,1,0,1,0,0,0,1,0,0,0,2577,0.00322125,950,0.0095,2,2e-05,0.012741249999999999,8.639348983764648
BenchmarkTest00489.java,0,CWE-330,CWE-330,1,0,1,0,0,0,1,0,0,0,2623,0.00327875,729,0.00729,2,2e-05,0.01058875,6.849246501922607
BenchmarkTest00490.java,0,CWE-330,CWE-330,1,0,1,0,0,0,1,0,0,0,2585,0.00323125,728,0.00728,2,2e-05,0.010531249999999999,6.9107396602630615
BenchmarkTest00491.java,0,CWE-614,CWE-614,1,0,1,0,0,0,1,0,0,0,2333,0.00291625,764,0.00764,2,2e-05,0.010576249999999999,7.728599309921265
BenchmarkTest00492.java,0,CWE-79,CWE-79,1,0,1,0,0,0,1,0,0,0,2528,0.00316,1217,0.01217,2,2e-05,0.015349999999999999,12.936123609542847
BenchmarkTest00493.java,0,CWE-79,CWE-79,1,1,0,1,0,0,0,0,1,0,2628,0.003285,1004,0.01004,2,2e-05,0.013345,8.537410497665405
BenchmarkTest00494.java,0,CWE-78,CWE-78,1,1,0,1,0,0,0,0,1,0,2389,0.00298625,1969,0.01969,2,2e-05,0.022696249999999998,16.71824622154236
BenchmarkTest00495.java,0,CWE-78,CWE-78,1,0,1,0,0,0,1,0,0,0,2189,0.00273625,1184,0.01184,2,2e-05,0.014596249999999998,11.712851524353027
BenchmarkTest00496.java,0,CWE-78,CWE-78,1,0,1,0,0,0,1,0,0,0,2177,0.00272125,1646,0.01646,2,2e-05,0.01920125,14.871797561645508
BenchmarkTest00497.java,0,CWE-78,CWE-78,1,0,1,0,0,0,1,0,0,0,2214,0.0027675,1143,0.01143,2,2e-05,0.014217499999999998,10.56427264213562
BenchmarkTest00498.java,0,CWE-78,CWE-78,1,0,1,0,0,0,1,0,0,0,2192,0.00274,1332,0.01332,2,2e-05,0.01608,12.129094123840332
BenchmarkTest00499.java,0,CWE-78,CWE-78,1,0,1,0,0,0,1,0,0,0,2198,0.0027475,978,0.00978,2,2e-05,0.0125475,8.957134008407593
BenchmarkTest00500.java,0,CWE-78,CWE-78,1,0,1,0,0,0,1,0,0,0,2258,0.0028225,887,0.00887,2,2e-05,0.011712499999999999,7.9990973472595215
BenchmarkTest00501.java,0,CWE-330,,,,0,0,1,0,0,0,1,0,,,,,,,,
BenchmarkTest00502.java,0,CWE-330,,,,0,0,1,0,0,0,1,0,,,,,,,,
BenchmarkTest00503.java,0,CWE-330,,,,0,0,1,0,0,0,1,0,,,,,,,,
BenchmarkTest00504.java,0,CWE-330,,,,0,0,1,0,0,0,1,0,,,,,,,,
BenchmarkTest00505.java,0,CWE-330,,,,0,0,1,0,0,0,1,0,,,,,,,,
BenchmarkTest00506.java,0,CWE-330,,,,0,0,1,0,0,0,1,0,,,,,,,,
BenchmarkTest00507.java,0,CWE-330,,,,0,0,1,0,0,0,1,0,,,,,,,,
BenchmarkTest00509.java,0,CWE-89,CWE-89,1,1,0,1,0,0,0,0,1,0,2295,0.00286875,898,0.00898,2,2e-05,0.011868749999999999,8.699225425720215
BenchmarkTest00510.java,0,CWE-89,CWE-89,1,0,1,0,0,0,1,0,0,0,2271,0.00283875,857,0.00857,2,2e-05,0.011428749999999998,7.94737982749939
BenchmarkTest00511.java,0,CWE-89,CWE-89,1,1,0,1,0,0,0,0,1,0,2296,0.00287,943,0.00943,2,2e-05,0.012319999999999998,8.783884763717651
BenchmarkTest00512.java,0,CWE-89,CWE-89,1,0,1,0,0,0,1,0,0,0,2104,0.00263,787,0.00787,2,2e-05,0.01052,7.234145402908325
BenchmarkTest00513.java,0,CWE-89,CWE-89,1,1,0,1,0,0,0,0,1,0,2251,0.00281375,1042,0.01042,2,2e-05,0.01325375,9.921870231628418
BenchmarkTest00514.java,0,CWE-89,,,,0,0,1,0,0,0,1,0,,,,,,,,
BenchmarkTest00515.java,0,CWE-89,CWE-89,1,0,1,0,0,0,1,0,0,0,2198,0.0027475,823,0.00823,2,2e-05,0.010997499999999999,7.129328012466431
BenchmarkTest00516.java,0,CWE-89,CWE-89,1,0,1,0,0,0,1,0,0,0,2222,0.0027775,779,0.00779,2,2e-05,0.0105875,7.083864450454712
BenchmarkTest00517.java,0,CWE-89,,,,0,0,1,0,0,0,1,0,,,,,,,,
BenchmarkTest00518.java,0,CWE-89,CWE-89,1,0,1,0,0,0,1,0,0,0,2151,0.00268875,825,0.00825,2,2e-05,0.01095875,8.000935316085815
BenchmarkTest00519.java,0,CWE-89,CWE-89,1,1,0,1,0,0,0,0,1,0,2264,0.00283,909,0.00909,2,2e-05,0.01194,8.529831647872925
BenchmarkTest00520.java,0,CWE-643,,,,0,0,1,0,0,0,1,0,,,,,,,,
BenchmarkTest00521.java,0,CWE-327,CWE-327,1,0,1,0,0,0,1,0,0,0,3051,0.00381375,392,0.00392,2,2e-05,0.007753749999999999,4.28019642829895
BenchmarkTest00522.java,0,CWE-327,CWE-327,1,0,1,0,0,0,1,0,0,0,3126,0.0039075,652,0.00652,2,2e-05,0.010447499999999998,7.312220811843872
BenchmarkTest00523.java,0,CWE-327,,,,0,0,1,0,0,0,1,0,,,,,,,,
BenchmarkTest00524.java,0,CWE-327,,,,0,0,1,0,0,0,1,0,,,,,,,,
BenchmarkTest00525.java,0,CWE-22,CWE-23,0,0,1,0,0,0,1,0,0,0,2607,0.00325875,1270,0.0127,2,2e-05,0.01597875,10.338521003723145
BenchmarkTest00526.java,0,CWE-22,CWE-23,0,0,1,0,0,0,1,0,0,0,2515,0.00314375,1230,0.0123,2,2e-05,0.015463749999999998,13.09559679031372
BenchmarkTest00527.java,0,CWE-22,CWE-23,0,0,1,0,0,0,1,0,0,0,2549,0.00318625,1504,0.01504,2,2e-05,0.01824625,14.87575626373291
BenchmarkTest00528.java,0,CWE-22,CWE-23,0,0,1,0,0,0,1,0,0,0,2811,0.00351375,1311,0.01311,2,2e-05,0.01664375,11.572258710861206
BenchmarkTest00529.java,0,CWE-22,CWE-23,0,0,1,0,0,0,1,0,0,0,2626,0.0032825,1002,0.01002,2,2e-05,0.013322499999999998,9.0639009475708
BenchmarkTest00530.java,0,CWE-90,CWE-90,1,1,0,1,0,0,0,0,1,0,2670,0.0033375,959,0.00959,2,2e-05,0.012947499999999999,8.591002464294434
BenchmarkTest00531.java,0,CWE-328,CWE-916,0,0,1,0,0,0,1,0,0,0,2813,0.00351625,1049,0.01049,2,2e-05,0.014026249999999999,12.139848232269287
BenchmarkTest00532.java,0,CWE-328,CWE-916,0,0,1,0,0,0,1,0,0,0,2972,0.003715,1085,0.01085,2,2e-05,0.014584999999999999,11.122802734375
BenchmarkTest00533.java,0,CWE-328,CWE-916,0,0,1,0,0,0,1,0,0,0,2718,0.0033975,1215,0.01215,2,2e-05,0.015567499999999998,11.990097999572754
BenchmarkTest00534.java,0,CWE-328,CWE-916,0,0,1,0,0,0,1,0,0,0,2732,0.003415,1198,0.01198,2,2e-05,0.015414999999999998,11.499050855636597
BenchmarkTest00535.java,0,CWE-328,,,,0,0,1,0,0,0,1,0,,,,,,,,
BenchmarkTest00536.java,0,CWE-328,CWE-916,0,0,1,0,0,0,1,0,0,0,2660,0.003325,709,0.00709,2,2e-05,0.010435,7.276930332183838
BenchmarkTest00537.java,0,CWE-328,CWE-916,0,0,1,0,0,0,1,0,0,0,2552,0.00319,810,0.0081,2,2e-05,0.011309999999999999,7.947851181030273
BenchmarkTest00538.java,0,CWE-328,,,,0,0,1,0,0,0,1,0,,,,,,,,
BenchmarkTest00539.java,0,CWE-328,,,,0,0,1,0,0,0,1,0,,,,,,,,
BenchmarkTest00540.java,0,CWE-328,,,,0,0,1,0,0,0,1,0,,,,,,,,
BenchmarkTest00541.java,0,CWE-79,CWE-79,1,0,1,0,0,0,1,0,0,0,2653,0.00331625,1184,0.01184,2,2e-05,0.015176249999999999,11.020260334014893
BenchmarkTest00542.java,0,CWE-79,CWE-79,1,0,1,0,0,0,1,0,0,0,2692,0.003365,945,0.00945,2,2e-05,0.012835,8.905547380447388
BenchmarkTest00543.java,0,CWE-79,CWE-79,1,0,1,0,0,0,1,0,0,0,2659,0.00332375,1037,0.01037,2,2e-05,0.01371375,9.638887166976929
BenchmarkTest00544.java,0,CWE-79,CWE-79,1,1,0,1,0,0,0,0,1,0,2649,0.00331125,2671,0.02671,2,2e-05,0.03004125,23.97369122505188
BenchmarkTest00545.java,0,CWE-79,,,,0,0,1,0,0,0,1,0,,,,,,,,
BenchmarkTest00546.java,0,CWE-79,CWE-79,1,1,0,1,0,0,0,0,1,0,2647,0.00330875,959,0.00959,2,2e-05,0.01291875,10.703011989593506
BenchmarkTest00547.java,0,CWE-79,CWE-79,1,0,1,0,0,0,1,0,0,0,2599,0.00324875,1064,0.01064,2,2e-05,0.01390875,10.800079584121704
BenchmarkTest00548.java,0,CWE-79,,,,0,0,1,0,0,0,1,0,,,,,,,,
BenchmarkTest00549.java,0,CWE-79,CWE-79,1,0,1,0,0,0,1,0,0,0,2604,0.003255,1074,0.01074,2,2e-05,0.014015,10.447278499603271
BenchmarkTest00550.java,0,CWE-79,CWE-79,1,1,0,1,0,0,0,0,1,0,2655,0.00331875,1254,0.01254,2,2e-05,0.01587875,12.024629592895508
BenchmarkTest00551.java,0,CWE-79,CWE-79,1,0,1,0,0,0,1,0,0,0,2561,0.00320125,807,0.00807,2,2e-05,0.01129125,7.987537145614624
BenchmarkTest00552.java,0,CWE-79,CWE-79,1,0,1,0,0,0,1,0,0,0,2683,0.00335375,1037,0.01037,2,2e-05,0.013743749999999999,10.259609937667847
BenchmarkTest00553.java,0,CWE-79,CWE-79,1,1,0,1,0,0,0,0,1,0,2664,0.00333,1023,0.01023,2,2e-05,0.013579999999999998,9.4660005569458
BenchmarkTest00554.java,0,CWE-79,CWE-79,1,0,1,0,0,0,1,0,0,0,2604,0.003255,1172,0.01172,2,2e-05,0.014994999999999998,10.102657318115234
BenchmarkTest00555.java,0,CWE-79,CWE-79,1,0,1,0,0,0,1,0,0,0,2599,0.00324875,1012,0.01012,2,2e-05,0.01338875,9.611665964126587
BenchmarkTest00556.java,0,CWE-79,CWE-79,1,1,0,1,0,0,0,0,1,0,2664,0.00333,934,0.00934,2,2e-05,0.012689999999999998,8.740001916885376
BenchmarkTest00557.java,0,CWE-79,CWE-79,1,0,1,0,0,0,1,0,0,0,2610,0.0032625,1001,0.01001,2,2e-05,0.013292499999999999,9.841002464294434
BenchmarkTest00558.java,0,CWE-78,CWE-78,1,1,0,1,0,0,0,0,1,0,2392,0.00299,1495,0.01495,2,2e-05,0.01796,13.649521827697754
BenchmarkTest00559.java,0,CWE-78,,,,0,0,1,0,0,0,1,0,,,,,,,,
BenchmarkTest00560.java,0,CWE-330,CWE-330,1,0,1,0,0,0,1,0,0,0,2650,0.0033125,840,0.0084,2,2e-05,0.011732499999999998,9.158505201339722
BenchmarkTest00561.java,0,CWE-330,CWE-330,1,0,1,0,0,0,1,0,0,0,2687,0.00335875,963,0.00963,2,2e-05,0.01300875,10.452863931655884
BenchmarkTest00562.java,0,CWE-330,CWE-330,1,0,1,0,0,0,1,0,0,0,2702,0.0033775,858,0.00858,2,2e-05,0.0119775,8.361319303512573
BenchmarkTest00563.java,0,CWE-330,CWE-330,1,0,1,0,0,0,1,0,0,0,2571,0.00321375,761,0.00761,2,2e-05,0.01084375,7.737802505493164
BenchmarkTest00564.java,0,CWE-330,CWE-330,1,0,1,0,0,0,1,0,0,0,2602,0.0032525,917,0.00917,2,2e-05,0.012442499999999999,8.663075923919678
BenchmarkTest00565.java,0,CWE-614,CWE-614,1,0,1,0,0,0,1,0,0,0,2351,0.00293875,572,0.00572,2,2e-05,0.008678749999999999,5.928353309631348
BenchmarkTest00566.java,0,CWE-614,CWE-614,1,0,1,0,0,0,1,0,0,0,2375,0.00296875,849,0.00849,2,2e-05,0.01147875,8.389642000198364
BenchmarkTest00567.java,0,CWE-78,CWE-78,1,0,1,0,0,0,1,0,0,0,2331,0.00291375,929,0.00929,2,2e-05,0.012223749999999999,8.76526951789856
BenchmarkTest00568.java,0,CWE-78,CWE-78,1,0,1,0,0,0,1,0,0,0,2415,0.00301875,1192,0.01192,2,2e-05,0.01495875,11.205160140991211
BenchmarkTest00569.java,0,CWE-78,,,,0,0,1,0,0,0,1,0,,,,,,,,
BenchmarkTest00570.java,0,CWE-78,CWE-78,1,1,0,1,0,0,0,0,1,0,2286,0.0028575,1290,0.0129,2,2e-05,0.0157775,12.009045600891113
BenchmarkTest00571.java,0,CWE-78,,,,0,0,1,0,0,0,1,0,,,,,,,,
BenchmarkTest00572.java,0,CWE-78,,,,0,0,1,0,0,0,1,0,,,,,,,,
BenchmarkTest00573.java,0,CWE-78,CWE-78,1,0,1,0,0,0,1,0,0,0,2176,0.00272,1005,0.01005,2,2e-05,0.01279,9.16195034980774
BenchmarkTest00574.java,0,CWE-78,CWE-78,1,0,1,0,0,0,1,0,0,0,2218,0.0027725,1651,0.01651,2,2e-05,0.0193025,15.781299352645874
BenchmarkTest00575.java,0,CWE-78,CWE-78,1,0,1,0,0,0,1,0,0,0,2383,0.00297875,1179,0.01179,2,2e-05,0.01478875,11.497441053390503
BenchmarkTest00576.java,0,CWE-78,CWE-78,1,0,1,0,0,0,1,0,0,0,2330,0.0029125,1224,0.01224,2,2e-05,0.015172499999999998,11.493042469024658
BenchmarkTest00577.java,0,CWE-330,,,,0,0,1,0,0,0,1,0,,,,,,,,
BenchmarkTest00578.java,0,CWE-330,,,,0,0,1,0,0,0,1,0,,,,,,,,
BenchmarkTest00579.java,0,CWE-330,,,,0,0,1,0,0,0,1,0,,,,,,,,
BenchmarkTest00580.java,0,CWE-330,,,,0,0,1,0,0,0,1,0,,,,,,,,
BenchmarkTest00581.java,0,CWE-330,,,,0,0,1,0,0,0,1,0,,,,,,,,
BenchmarkTest00582.java,0,CWE-330,CWE-330,1,1,0,1,0,0,0,0,1,0,2737,0.00342125,732,0.00732,2,2e-05,0.01076125,7.623153209686279
BenchmarkTest00583.java,0,CWE-330,,,,0,0,1,0,0,0,1,0,,,,,,,,
BenchmarkTest00584.java,0,CWE-330,,,,0,0,1,0,0,0,1,0,,,,,,,,
BenchmarkTest00585.java,0,CWE-330,,,,0,0,1,0,0,0,1,0,,,,,,,,
BenchmarkTest00589.java,0,CWE-89,CWE-89,1,1,0,1,0,0,0,0,1,0,2334,0.0029175,1466,0.01466,2,2e-05,0.0175975,13.816940307617188
BenchmarkTest00590.java,0,CWE-89,CWE-89,1,0,1,0,0,0,1,0,0,0,2283,0.00285375,880,0.0088,2,2e-05,0.01167375,8.836986541748047
BenchmarkTest00591.java,0,CWE-89,CWE-89,1,0,1,0,0,0,1,0,0,0,2253,0.00281625,1058,0.01058,2,2e-05,0.013416250000000001,9.234773397445679
BenchmarkTest00592.java,0,CWE-89,,,,0,0,1,0,0,0,1,0,,,,,,,,
BenchmarkTest00593.java,0,CWE-89,CWE-89,1,0,1,0,0,0,1,0,0,0,2361,0.00295125,849,0.00849,2,2e-05,0.01146125,8.175374269485474
BenchmarkTest00594.java,0,CWE-89,CWE-89,1,0,1,0,0,0,1,0,0,0,2340,0.002925,1079,0.01079,2,2e-05,0.013734999999999999,9.70749020576477
BenchmarkTest00595.java,0,CWE-89,CWE-89,1,0,1,0,0,0,1,0,0,0,2254,0.0028175,904,0.00904,2,2e-05,0.0118775,8.836090087890625
BenchmarkTest00596.java,0,CWE-89,,,,0,0,0,1,0,0,0,1,,,,,,,,
BenchmarkTest00597.java,0,CWE-89,,,,0,0,0,1,0,0,0,1,,,,,,,,
BenchmarkTest00598.java,0,CWE-89,,,,0,0,0,1,0,0,0,1,,,,,,,,
BenchmarkTest00599.java,0,CWE-89,,,,0,0,1,0,0,0,1,0,,,,,,,,
BenchmarkTest00600.java,0,CWE-89,CWE-89,1,0,1,0,0,0,1,0,0,0,2336,0.00292,831,0.00831,2,2e-05,0.01125,7.56173300743103
BenchmarkTest00601.java,0,CWE-89,,,,0,0,1,0,0,0,1,0,,,,,,,,
BenchmarkTest00602.java,0,CWE-89,CWE-89,1,1,0,1,0,0,0,0,1,0,2265,0.00283125,1575,0.01575,2,2e-05,0.01860125,14.11106562614441
BenchmarkTest00603.java,0,CWE-89,CWE-89,1,0,1,0,0,0,1,0,0,0,2228,0.002785,947,0.00947,2,2e-05,0.012274999999999998,9.420679807662964
BenchmarkTest00604.java,0,CWE-89,CWE-89,1,0,1,0,0,0,1,0,0,0,2263,0.00282875,1089,0.01089,2,2e-05,0.01373875,11.006205320358276
BenchmarkTest00605.java,0,CWE-89,,,,0,0,1,0,0,0,1,0,,,,,,,,
BenchmarkTest00606.java,0,CWE-89,CWE-89,1,0,1,0,0,0,1,0,0,0,2226,0.0027825,908,0.00908,2,2e-05,0.011882499999999999,8.414347887039185
BenchmarkTest00607.java,0,CWE-643,CWE-643,1,0,1,0,0,0,1,0,0,0,2328,0.00291,1109,0.01109,2,2e-05,0.014019999999999998,10.870871543884277
BenchmarkTest00608.java,0,CWE-327,CWE-327,1,0,1,0,0,0,1,0,0,0,3014,0.0037675,356,0.00356,2,2e-05,0.0073475,3.812267303466797
BenchmarkTest00609.java,0,CWE-327,CWE-327,1,0,1,0,0,0,1,0,0,0,2969,0.00371125,397,0.00397,2,2e-05,0.00770125,4.771133899688721
BenchmarkTest00610.java,0,CWE-327,CWE-327,1,0,1,0,0,0,1,0,0,0,3295,0.00411875,377,0.00377,2,2e-05,0.007908749999999999,3.939443349838257
BenchmarkTest00611.java,0,CWE-327,CWE-327,1,0,1,0,0,0,1,0,0,0,2971,0.00371375,752,0.00752,2,2e-05,0.01125375,7.570162296295166
BenchmarkTest00612.java,0,CWE-327,,,,0,0,1,0,0,0,1,0,,,,,,,,
BenchmarkTest00613.java,0,CWE-327,,,,0,0,1,0,0,0,1,0,,,,,,,,
BenchmarkTest00614.java,0,CWE-327,CWE-327,1,0,1,0,0,0,1,0,0,0,2638,0.0032975,683,0.00683,2,2e-05,0.0101475,7.073994159698486
BenchmarkTest00615.java,0,CWE-327,CWE-327,1,0,1,0,0,0,1,0,0,0,2693,0.00336625,515,0.00515,2,2e-05,0.008536249999999999,5.349915027618408
BenchmarkTest00616.java,0,CWE-327,CWE-327,1,0,1,0,0,0,1,0,0,0,2550,0.0031875,779,0.00779,2,2e-05,0.010997499999999999,7.314493417739868
BenchmarkTest00617.java,0,CWE-327,CWE-327,1,0,1,0,0,0,1,0,0,0,2558,0.0031975,442,0.00442,2,2e-05,0.0076375,5.467455863952637
BenchmarkTest00618.java,0,CWE-327,,,,0,0,1,0,0,0,1,0,,,,,,,,
BenchmarkTest00619.java,0,CWE-22,,,,0,0,0,1,0,0,0,1,,,,,,,,
BenchmarkTest00620.java,0,CWE-22,,,,0,0,1,0,0,0,1,0,,,,,,,,
BenchmarkTest00621.java,0,CWE-22,,,,0,0,1,0,0,0,1,0,,,,,,,,
BenchmarkTest00622.java,0,CWE-22,,,,0,0,1,0,0,0,1,0,,,,,,,,
BenchmarkTest00623.java,0,CWE-22,,,,0,0,0,1,0,0,0,1,,,,,,,,
BenchmarkTest00624.java,0,CWE-22,,,,0,0,0,1,0,0,0,1,,,,,,,,
BenchmarkTest00625.java,0,CWE-22,,,,0,0,1,0,0,0,1,0,,,,,,,,
BenchmarkTest00626.java,0,CWE-22,,,,0,0,1,0,0,0,1,0,,,,,,,,
BenchmarkTest00627.java,0,CWE-22,,,,0,0,0,1,0,0,0,1,,,,,,,,
BenchmarkTest00628.java,0,CWE-22,,,,0,0,1,0,0,0,1,0,,,,,,,,
BenchmarkTest00629.java,0,CWE-22,,,,0,0,0,1,0,0,0,1,,,,,,,,
BenchmarkTest00630.java,0,CWE-90,,,,0,0,0,1,0,0,0,1,,,,,,,,
BenchmarkTest00631.java,0,CWE-328,CWE-916,0,0,1,0,0,0,1,0,0,0,2637,0.00329625,929,0.00929,2,2e-05,0.01260625,9.255957126617432
BenchmarkTest00632.java,0,CWE-328,,,,0,0,1,0,0,0,1,0,,,,,,,,
BenchmarkTest00633.java,0,CWE-328,,,,0,0,1,0,0,0,1,0,,,,,,,,
BenchmarkTest00634.java,0,CWE-328,CWE-916,0,0,1,0,0,0,1,0,0,0,2628,0.003285,805,0.00805,2,2e-05,0.011354999999999999,8.330078601837158
BenchmarkTest00635.java,0,CWE-328,CWE-916,0,0,1,0,0,0,1,0,0,0,2562,0.0032025,688,0.00688,2,2e-05,0.010102499999999999,7.750591039657593
BenchmarkTest00636.java,0,CWE-328,CWE-916,0,0,1,0,0,0,1,0,0,0,2561,0.00320125,670,0.0067,2,2e-05,0.00992125,7.016460180282593
BenchmarkTest00637.java,0,CWE-328,CWE-916,0,0,1,0,0,0,1,0,0,0,2501,0.00312625,801,0.00801,2,2e-05,0.01115625,8.919217586517334
BenchmarkTest00638.java,0,CWE-328,,,,0,0,0,1,0,0,0,1,,,,,,,,
BenchmarkTest00639.java,0,CWE-328,,,,0,0,1,0,0,0,1,0,,,,,,,,
BenchmarkTest00640.java,0,CWE-328,,,,0,0,1,0,0,0,1,0,,,,,,,,
BenchmarkTest00641.java,0,CWE-328,,,,0,0,1,0,0,0,1,0,,,,,,,,
BenchmarkTest00642.java,0,CWE-79,,,,0,0,0,1,0,0,0,1,,,,,,,,
BenchmarkTest00643.java,0,CWE-79,,,,0,0,0,1,0,0,0,1,,,,,,,,
BenchmarkTest00644.java,0,CWE-79,,,,0,0,0,1,0,0,0,1,,,,,,,,
BenchmarkTest00645.java,0,CWE-79,,,,0,0,0,1,0,0,0,1,,,,,,,,
BenchmarkTest00646.java,0,CWE-79,,,,0,0,1,0,0,0,1,0,,,,,,,,
BenchmarkTest00647.java,0,CWE-79,,,,0,0,1,0,0,0,1,0,,,,,,,,
BenchmarkTest00648.java,0,CWE-79,,,,0,0,1,0,0,0,1,0,,,,,,,,
BenchmarkTest00649.java,0,CWE-79,,,,0,0,1,0,0,0,1,0,,,,,,,,
BenchmarkTest00650.java,0,CWE-79,,,,0,0,1,0,0,0,1,0,,,,,,,,
BenchmarkTest00651.java,0,CWE-79,,,,0,0,0,1,0,0,0,1,,,,,,,,
BenchmarkTest00652.java,0,CWE-330,CWE-330,1,0,1,0,0,0,1,0,0,0,2576,0.00322,874,0.00874,2,2e-05,0.01198,8.121954917907715
BenchmarkTest00653.java,0,CWE-330,CWE-330,1,0,1,0,0,0,1,0,0,0,2524,0.003155,781,0.00781,2,2e-05,0.010984999999999998,8.139803886413574
BenchmarkTest00654.java,0,CWE-330,CWE-330,1,0,1,0,0,0,1,0,0,0,2575,0.00321875,815,0.00815,2,2e-05,0.011388749999999998,8.389407634735107
BenchmarkTest00655.java,0,CWE-614,,,,0,0,1,0,0,0,1,0,,,,,,,,
BenchmarkTest00656.java,0,CWE-79,,,,0,0,0,1,0,0,0,1,,,,,,,,
BenchmarkTest00657.java,0,CWE-78,,,,0,0,1,0,0,0,1,0,,,,,,,,
BenchmarkTest00658.java,0,CWE-78,,,,0,0,1,0,0,0,1,0,,,,,,,,
BenchmarkTest00659.java,0,CWE-78,,,,0,0,1,0,0,0,1,0,,,,,,,,
BenchmarkTest00660.java,0,CWE-330,CWE-330,1,1,0,1,0,0,0,0,1,0,2623,0.00327875,908,0.00908,2,2e-05,0.012378749999999999,9.567421197891235
BenchmarkTest00661.java,0,CWE-330,,,,0,0,1,0,0,0,1,0,,,,,,,,
BenchmarkTest00662.java,0,CWE-330,,,,0,0,1,0,0,0,1,0,,,,,,,,
BenchmarkTest00663.java,0,CWE-330,,,,0,0,1,0,0,0,1,0,,,,,,,,
BenchmarkTest00664.java,0,CWE-330,,,,0,0,1,0,0,0,1,0,,,,,,,,
BenchmarkTest00665.java,0,CWE-330,,,,0,0,1,0,0,0,1,0,,,,,,,,
BenchmarkTest00666.java,0,CWE-330,,,,0,0,1,0,0,0,1,0,,,,,,,,
BenchmarkTest00667.java,0,CWE-330,,,,0,0,1,0,0,0,1,0,,,,,,,,
BenchmarkTest00672.java,0,CWE-89,,,,0,0,1,0,0,0,1,0,,,,,,,,
BenchmarkTest00673.java,0,CWE-89,,,,0,0,0,1,0,0,0,1,,,,,,,,
BenchmarkTest00674.java,0,CWE-89,,,,0,0,1,0,0,0,1,0,,,,,,,,
BenchmarkTest00675.java,0,CWE-89,,,,0,0,1,0,0,0,1,0,,,,,,,,
BenchmarkTest00676.java,0,CWE-89,,,,0,0,1,0,0,0,1,0,,,,,,,,
BenchmarkTest00677.java,0,CWE-89,,,,0,0,0,1,0,0,0,1,,,,,,,,
BenchmarkTest00678.java,0,CWE-89,,,,0,0,0,1,0,0,0,1,,,,,,,,
BenchmarkTest00679.java,0,CWE-89,,,,0,0,0,1,0,0,0,1,,,,,,,,
BenchmarkTest00680.java,0,CWE-89,,,,0,0,1,0,0,0,1,0,,,,,,,,
BenchmarkTest00681.java,0,CWE-89,,,,0,0,0,1,0,0,0,1,,,,,,,,
BenchmarkTest00682.java,0,CWE-89,,,,0,0,1,0,0,0,1,0,,,,,,,,
BenchmarkTest00683.java,0,CWE-643,,,,0,0,1,0,0,0,1,0,,,,,,,,
BenchmarkTest00684.java,0,CWE-327,CWE-327,1,0,1,0,0,0,1,0,0,0,2935,0.00366875,519,0.00519,2,2e-05,0.00887875,5.49691915512085
BenchmarkTest00685.java,0,CWE-327,CWE-327,1,0,1,0,0,0,1,0,0,0,2990,0.0037375,511,0.00511,2,2e-05,0.008867499999999999,5.429183483123779
BenchmarkTest00686.java,0,CWE-327,,,,0,0,1,0,0,0,1,0,,,,,,,,
BenchmarkTest00687.java,0,CWE-327,,,,0,0,1,0,0,0,1,0,,,,,,,,
BenchmarkTest00688.java,0,CWE-327,CWE-327,1,0,1,0,0,0,1,0,0,0,3058,0.0038225,323,0.00323,2,2e-05,0.0070725,3.783135175704956
BenchmarkTest00689.java,0,CWE-327,,,,0,0,1,0,0,0,1,0,,,,,,,,
BenchmarkTest00690.java,0,CWE-327,,,,0,0,1,0,0,0,1,0,,,,,,,,
BenchmarkTest00691.java,0,CWE-327,CWE-327,1,0,1,0,0,0,1,0,0,0,2625,0.00328125,580,0.0058,2,2e-05,0.009101249999999998,5.61343789100647
BenchmarkTest00692.java,0,CWE-327,CWE-327,1,0,1,0,0,0,1,0,0,0,2558,0.0031975,472,0.00472,2,2e-05,0.0079375,5.328917980194092
BenchmarkTest00693.java,0,CWE-327,CWE-327,1,0,1,0,0,0,1,0,0,0,2583,0.00322875,517,0.00517,2,2e-05,0.00841875,5.241533041000366
BenchmarkTest00694.java,0,CWE-90,CWE-90,1,0,1,0,0,0,1,0,0,0,2436,0.003045,672,0.00672,2,2e-05,0.009784999999999999,6.694079160690308
BenchmarkTest00695.java,0,CWE-90,CWE-90,1,0,1,0,0,0,1,0,0,0,2550,0.0031875,766,0.00766,2,2e-05,0.010867499999999999,7.54733681678772
BenchmarkTest00696.java,0,CWE-22,CWE-23,0,0,1,0,0,0,1,0,0,0,2538,0.0031725,956,0.00956,2,2e-05,0.0127525,9.274763584136963
BenchmarkTest00697.java,0,CWE-22,CWE-23,0,0,1,0,0,0,1,0,0,0,2481,0.00310125,1031,0.01031,2,2e-05,0.013431249999999999,9.874026775360107
BenchmarkTest00698.java,0,CWE-22,CWE-23,0,1,1,0,0,0,0,0,0,1,2453,0.00306625,1911,0.01911,2,2e-05,0.022196249999999997,17.712183952331543
BenchmarkTest00699.java,0,CWE-22,CWE-23,0,1,0,1,0,0,0,0,1,0,2519,0.00314875,903,0.00903,2,2e-05,0.01219875,8.624739646911621
BenchmarkTest00700.java,0,CWE-22,CWE-23,0,0,1,0,0,0,1,0,0,0,2538,0.0031725,846,0.00846,2,2e-05,0.0116525,8.481144428253174
BenchmarkTest00701.java,0,CWE-90,,,,0,0,1,0,0,0,1,0,,,,,,,,
BenchmarkTest00702.java,0,CWE-330,CWE-330,1,0,1,0,0,0,1,0,0,0,2585,0.00323125,835,0.00835,2,2e-05,0.011601249999999999,7.941470146179199
BenchmarkTest00703.java,0,CWE-328,CWE-916,0,0,1,0,0,0,1,0,0,0,2677,0.00334625,771,0.00771,2,2e-05,0.01107625,8.231684684753418
BenchmarkTest00704.java,0,CWE-328,CWE-916,0,0,1,0,0,0,1,0,0,0,2633,0.00329125,757,0.00757,2,2e-05,0.010881249999999999,7.474974632263184
BenchmarkTest00705.java,0,CWE-328,CWE-916,0,0,1,0,0,0,1,0,0,0,2680,0.00335,1325,0.01325,2,2e-05,0.01662,12.903538942337036
BenchmarkTest00706.java,0,CWE-328,,,,0,0,1,0,0,0,1,0,,,,,,,,
BenchmarkTest00707.java,0,CWE-328,,,,0,0,1,0,0,0,1,0,,,,,,,,
BenchmarkTest00708.java,0,CWE-328,CWE-916,0,0,1,0,0,0,1,0,0,0,2479,0.00309875,762,0.00762,2,2e-05,0.010738749999999998,8.631863117218018
BenchmarkTest00709.java,0,CWE-328,,,,0,0,1,0,0,0,1,0,,,,,,,,
BenchmarkTest00710.java,0,CWE-328,,,,0,0,0,1,0,0,0,1,,,,,,,,
BenchmarkTest00711.java,0,CWE-79,CWE-79,1,0,1,0,0,0,1,0,0,0,2631,0.00328875,1074,0.01074,2,2e-05,0.014048749999999999,9.780041456222534
BenchmarkTest00712.java,0,CWE-79,,,,0,0,1,0,0,0,1,0,,,,,,,,
BenchmarkTest00713.java,0,CWE-79,,,,0,0,1,0,0,0,1,0,,,,,,,,
BenchmarkTest00714.java,0,CWE-79,,,,0,0,1,0,0,0,1,0,,,,,,,,
BenchmarkTest00715.java,0,CWE-79,CWE-79,1,0,1,0,0,0,1,0,0,0,2481,0.00310125,1099,0.01099,2,2e-05,0.014111249999999999,10.073159456253052
BenchmarkTest00716.java,0,CWE-79,,,,0,0,1,0,0,0,1,0,,,,,,,,
BenchmarkTest00717.java,0,CWE-79,,,,0,0,1,0,0,0,1,0,,,,,,,,
BenchmarkTest00718.java,0,CWE-79,,,,0,0,1,0,0,0,1,0,,,,,,,,
BenchmarkTest00719.java,0,CWE-79,CWE-79,1,0,1,0,0,0,1,0,0,0,2524,0.003155,1303,0.01303,2,2e-05,0.016204999999999997,12.134603500366211
BenchmarkTest00720.java,0,CWE-79,CWE-79,1,0,1,0,0,0,1,0,0,0,2596,0.003245,1157,0.01157,2,2e-05,0.014835,10.734704494476318
BenchmarkTest00721.java,0,CWE-79,CWE-79,1,0,1,0,0,0,1,0,0,0,2577,0.00322125,1031,0.01031,2,2e-05,0.013551249999999999,9.51300859451294
BenchmarkTest00722.java,0,CWE-79,CWE-79,1,1,0,1,0,0,0,0,1,0,2626,0.0032825,987,0.00987,2,2e-05,0.0131725,8.873503923416138
BenchmarkTest00723.java,0,CWE-79,,,,0,0,1,0,0,0,1,0,,,,,,,,
BenchmarkTest00724.java,0,CWE-79,CWE-79,1,0,1,0,0,0,1,0,0,0,2574,0.0032175,996,0.00996,2,2e-05,0.0131975,9.745689630508423
BenchmarkTest00725.java,0,CWE-79,CWE-79,1,0,1,0,0,0,1,0,0,0,2808,0.00351,1658,0.01658,2,2e-05,0.02011,14.688908576965332
BenchmarkTest00726.java,0,CWE-79,,,,0,0,1,0,0,0,1,0,,,,,,,,
BenchmarkTest00727.java,0,CWE-79,CWE-79,1,0,1,0,0,0,1,0,0,0,2503,0.00312875,874,0.00874,2,2e-05,0.011888749999999998,8.327366590499878
BenchmarkTest00728.java,0,CWE-79,CWE-79,1,0,1,0,0,0,1,0,0,0,2508,0.003135,927,0.00927,2,2e-05,0.012425,8.942408323287964
BenchmarkTest00729.java,0,CWE-79,CWE-79,1,0,1,0,0,0,1,0,0,0,2504,0.00313,1151,0.01151,2,2e-05,0.01466,11.508347272872925
BenchmarkTest00730.java,0,CWE-79,CWE-79,1,1,0,1,0,0,0,0,1,0,2620,0.003275,843,0.00843,2,2e-05,0.011725,8.040627479553223
BenchmarkTest00731.java,0,CWE-78,CWE-78,1,0,1,0,0,0,1,0,0,0,2210,0.0027625,812,0.00812,2,2e-05,0.010902499999999999,7.740657329559326
BenchmarkTest00732.java,0,CWE-78,CWE-78,1,1,0,1,0,0,0,0,1,0,2351,0.00293875,1000,0.01,2,2e-05,0.01295875,9.268439054489136
BenchmarkTest00733.java,0,CWE-330,CWE-330,1,0,1,0,0,0,1,0,0,0,2539,0.00317375,857,0.00857,2,2e-05,0.011763749999999998,7.889371395111084
BenchmarkTest00734.java,0,CWE-330,CWE-330,1,0,1,0,0,0,1,0,0,0,2586,0.0032325,855,0.00855,2,2e-05,0.0118025,7.949714422225952
BenchmarkTest00735.java,0,CWE-330,CWE-330,1,0,1,0,0,0,1,0,0,0,2565,0.00320625,989,0.00989,2,2e-05,0.01311625,8.684512615203857
BenchmarkTest00736.java,0,CWE-614,CWE-614,1,0,1,0,0,0,1,0,0,0,2285,0.00285625,821,0.00821,2,2e-05,0.011086249999999999,8.317558526992798
BenchmarkTest00737.java,0,CWE-79,CWE-79,1,0,1,0,0,0,1,0,0,0,2818,0.0035225,1460,0.0146,2,2e-05,0.0181425,12.420525312423706
BenchmarkTest00738.java,0,CWE-78,,,,0,0,1,0,0,0,1,0,,,,,,,,
BenchmarkTest00739.java,0,CWE-78,,,,0,0,1,0,0,0,1,0,,,,,,,,
BenchmarkTest00740.java,0,CWE-78,CWE-78,1,0,1,0,0,0,1,0,0,0,2217,0.00277125,1701,0.01701,2,2e-05,0.01980125,16.24734091758728
BenchmarkTest00741.java,0,CWE-78,CWE-78,1,1,0,1,0,0,0,0,1,0,2268,0.002835,1143,0.01143,2,2e-05,0.014284999999999999,10.21911883354187
BenchmarkTest00742.java,0,CWE-78,CWE-78,1,1,0,1,0,0,0,0,1,0,2350,0.0029375,832,0.00832,2,2e-05,0.0112775,7.7316505908966064
BenchmarkTest00743.java,0,CWE-78,CWE-78,1,1,0,1,0,0,0,0,1,0,2200,0.00275,1023,0.01023,2,2e-05,0.012999999999999998,9.470629215240479
BenchmarkTest00744.java,0,CWE-330,,,,0,0,1,0,0,0,1,0,,,,,,,,
BenchmarkTest00745.java,0,CWE-330,,,,0,0,1,0,0,0,1,0,,,,,,,,
BenchmarkTest00746.java,0,CWE-330,,,,0,0,1,0,0,0,1,0,,,,,,,,
BenchmarkTest00747.java,0,CWE-330,,,,0,0,1,0,0,0,1,0,,,,,,,,
BenchmarkTest00748.java,0,CWE-330,,,,0,0,1,0,0,0,1,0,,,,,,,,
BenchmarkTest00749.java,0,CWE-330,CWE-330,1,1,0,1,0,0,0,0,1,0,2623,0.00327875,886,0.00886,2,2e-05,0.01215875,8.91601014137268
BenchmarkTest00750.java,0,CWE-330,,,,0,0,1,0,0,0,1,0,,,,,,,,
BenchmarkTest00751.java,0,CWE-330,,,,0,0,1,0,0,0,1,0,,,,,,,,
BenchmarkTest00752.java,0,CWE-330,,,,0,0,1,0,0,0,1,0,,,,,,,,
BenchmarkTest00753.java,0,CWE-330,,,,0,0,1,0,0,0,1,0,,,,,,,,
BenchmarkTest00760.java,0,CWE-89,CWE-89,1,0,1,0,0,0,1,0,0,0,2222,0.0027775,985,0.00985,2,2e-05,0.012647499999999999,9.650069952011108
BenchmarkTest00761.java,0,CWE-89,CWE-89,1,0,1,0,0,0,1,0,0,0,2203,0.00275375,972,0.00972,2,2e-05,0.012493749999999998,9.089630126953125
BenchmarkTest00762.java,0,CWE-89,CWE-89,1,0,1,0,0,0,1,0,0,0,2187,0.00273375,822,0.00822,2,2e-05,0.010973749999999999,8.545253992080688
BenchmarkTest00763.java,0,CWE-89,CWE-89,1,1,0,1,0,0,0,0,1,0,2227,0.00278375,1183,0.01183,2,2e-05,0.01463375,10.831830978393555
BenchmarkTest00764.java,0,CWE-89,,,,0,0,0,1,0,0,0,1,,,,,,,,
BenchmarkTest00765.java,0,CWE-89,,,,0,0,0,1,0,0,0,1,,,,,,,,
BenchmarkTest00766.java,0,CWE-89,,,,0,0,1,0,0,0,1,0,,,,,,,,
BenchmarkTest00767.java,0,CWE-89,,,,0,0,0,1,0,0,0,1,,,,,,,,
BenchmarkTest00768.java,0,CWE-89,,,,0,0,0,1,0,0,0,1,,,,,,,,
BenchmarkTest00769.java,0,CWE-89,CWE-89,1,0,1,0,0,0,1,0,0,0,2255,0.00281875,823,0.00823,2,2e-05,0.011068749999999999,8.354610681533813
BenchmarkTest00770.java,0,CWE-89,CWE-89,1,0,1,0,0,0,1,0,0,0,2186,0.0027325,910,0.0091,2,2e-05,0.0118525,9.35320258140564
BenchmarkTest00771.java,0,CWE-89,CWE-89,1,0,1,0,0,0,1,0,0,0,2205,0.00275625,839,0.00839,2,2e-05,0.011166249999999999,7.878406524658203
BenchmarkTest00772.java,0,CWE-89,CWE-89,1,1,0,1,0,0,0,0,1,0,2186,0.0027325,1263,0.01263,2,2e-05,0.0153825,11.545055389404297
BenchmarkTest00773.java,0,CWE-89,CWE-89,1,1,0,1,0,0,0,0,1,0,2175,0.00271875,1106,0.01106,2,2e-05,0.013798749999999999,9.859532117843628
BenchmarkTest00774.java,0,CWE-89,CWE-89,1,1,0,1,0,0,0,0,1,0,2203,0.00275375,924,0.00924,2,2e-05,0.01201375,8.614662885665894
BenchmarkTest00775.java,0,CWE-327,,,,0,0,1,0,0,0,1,0,,,,,,,,
BenchmarkTest00776.java,0,CWE-327,,,,0,0,1,0,0,0,1,0,,,,,,,,
BenchmarkTest00777.java,0,CWE-327,,,,0,0,1,0,0,0,1,0,,,,,,,,
BenchmarkTest00778.java,0,CWE-327,,,,0,0,1,0,0,0,1,0,,,,,,,,
BenchmarkTest00779.java,0,CWE-327,CWE-327,1,0,1,0,0,0,1,0,0,0,3150,0.0039375,637,0.00637,2,2e-05,0.0103275,6.632343769073486
BenchmarkTest00780.java,0,CWE-327,,,,0,0,1,0,0,0,1,0,,,,,,,,
BenchmarkTest00781.java,0,CWE-327,CWE-327,1,0,1,0,0,0,1,0,0,0,2721,0.00340125,387,0.00387,2,2e-05,0.00729125,4.150380373001099
BenchmarkTest00782.java,0,CWE-327,,,,0,0,1,0,0,0,1,0,,,,,,,,
BenchmarkTest00783.java,0,CWE-22,CWE-23,0,0,1,0,0,0,1,0,0,0,2875,0.00359375,875,0.00875,2,2e-05,0.01236375,8.935880899429321
BenchmarkTest00784.java,0,CWE-22,CWE-23,0,1,0,1,0,0,0,0,1,0,2795,0.00349375,967,0.00967,2,2e-05,0.01318375,8.997180461883545
BenchmarkTest00785.java,0,CWE-22,CWE-23,0,0,1,0,0,0,1,0,0,0,2747,0.00343375,925,0.00925,2,2e-05,0.01270375,7.854660987854004
BenchmarkTest00786.java,0,CWE-22,CWE-23,0,1,0,1,0,0,0,0,1,0,2772,0.003465,993,0.00993,2,2e-05,0.013415,8.513215065002441
BenchmarkTest00787.java,0,CWE-22,CWE-23,0,0,1,0,0,0,1,0,0,0,2693,0.00336625,1117,0.01117,2,2e-05,0.014556249999999998,10.238126516342163
BenchmarkTest00788.java,0,CWE-22,CWE-23,0,0,1,0,0,0,1,0,0,0,2660,0.003325,1248,0.01248,2,2e-05,0.015825,12.36781907081604
BenchmarkTest00789.java,0,CWE-328,CWE-916,0,0,1,0,0,0,1,0,0,0,2771,0.00346375,911,0.00911,2,2e-05,0.012593749999999999,9.312198877334595
BenchmarkTest00790.java,0,CWE-328,CWE-916,0,0,1,0,0,0,1,0,0,0,2717,0.00339625,807,0.00807,2,2e-05,0.01148625,8.592543840408325
BenchmarkTest00791.java,0,CWE-328,,,,0,0,1,0,0,0,1,0,,,,,,,,
BenchmarkTest00792.java,0,CWE-328,,,,0,0,1,0,0,0,1,0,,,,,,,,
BenchmarkTest00793.java,0,CWE-328,,,,0,0,1,0,0,0,1,0,,,,,,,,
BenchmarkTest00794.java,0,CWE-328,CWE-916,0,0,1,0,0,0,1,0,0,0,2642,0.0033025,620,0.0062,2,2e-05,0.0095225,7.116353273391724
BenchmarkTest00795.java,0,CWE-328,,,,0,0,1,0,0,0,1,0,,,,,,,,
BenchmarkTest00796.java,0,CWE-328,,,,0,0,0,1,0,0,0,1,,,,,,,,
BenchmarkTest00797.java,0,CWE-328,,,,0,0,0,1,0,0,0,1,,,,,,,,
BenchmarkTest00798.java,0,CWE-328,,,,0,0,1,0,0,0,1,0,,,,,,,,
BenchmarkTest00799.java,0,CWE-79,CWE-79,1,1,0,1,0,0,0,0,1,0,2797,0.00349625,1257,0.01257,2,2e-05,0.01608625,11.906394243240356
BenchmarkTest00800.java,0,CWE-79,CWE-79,1,0,1,0,0,0,1,0,0,0,2760,0.00345,971,0.00971,2,2e-05,0.013179999999999999,9.093087434768677
BenchmarkTest00801.java,0,CWE-79,CWE-79,1,0,1,0,0,0,1,0,0,0,2640,0.0033,1479,0.01479,2,2e-05,0.018109999999999998,12.981963396072388
BenchmarkTest00802.java,0,CWE-79,CWE-79,1,0,1,0,0,0,1,0,0,0,2698,0.0033725,973,0.00973,2,2e-05,0.0131225,8.907867670059204
BenchmarkTest00803.java,0,CWE-79,CWE-79,1,0,1,0,0,0,1,0,0,0,2627,0.00328375,811,0.00811,2,2e-05,0.011413749999999999,8.007442235946655
BenchmarkTest00804.java,0,CWE-79,CWE-79,1,0,1,0,0,0,1,0,0,0,2658,0.0033225,1048,0.01048,2,2e-05,0.013822499999999998,9.383397102355957
BenchmarkTest00805.java,0,CWE-79,CWE-79,1,0,1,0,0,0,1,0,0,0,2970,0.0037125,1531,0.01531,2,2e-05,0.0190425,13.123897075653076
BenchmarkTest00806.java,0,CWE-79,CWE-79,1,0,1,0,0,0,1,0,0,0,2734,0.0034175,1157,0.01157,2,2e-05,0.0150075,11.136841058731079
BenchmarkTest00807.java,0,CWE-79,CWE-79,1,0,1,0,0,0,1,0,0,0,2665,0.00333125,1294,0.01294,2,2e-05,0.01629125,12.984808444976807
BenchmarkTest00808.java,0,CWE-79,CWE-79,1,1,0,1,0,0,0,0,1,0,2727,0.00340875,1628,0.01628,2,2e-05,0.019708749999999997,15.12440013885498
BenchmarkTest00809.java,0,CWE-79,CWE-79,1,0,1,0,0,0,1,0,0,0,2684,0.003355,1031,0.01031,2,2e-05,0.013685,9.375434398651123
BenchmarkTest00810.java,0,CWE-79,CWE-79,1,0,1,0,0,0,1,0,0,0,2658,0.0033225,1157,0.01157,2,2e-05,0.014912499999999999,10.363866567611694
BenchmarkTest00811.java,0,CWE-79,CWE-79,1,0,1,0,0,0,1,0,0,0,2741,0.00342625,985,0.00985,2,2e-05,0.013296249999999999,9.184562921524048
BenchmarkTest00812.java,0,CWE-79,,,,0,0,1,0,0,0,1,0,,,,,,,,
BenchmarkTest00813.java,0,CWE-79,,,,0,0,1,0,0,0,1,0,,,,,,,,
BenchmarkTest00814.java,0,CWE-78,,,,0,0,1,0,0,0,1,0,,,,,,,,
BenchmarkTest00815.java,0,CWE-78,CWE-78,1,0,1,0,0,0,1,0,0,0,2367,0.00295875,896,0.00896,2,2e-05,0.011938749999999998,8.494142055511475
BenchmarkTest00816.java,0,CWE-78,CWE-78,1,0,1,0,0,0,1,0,0,0,2489,0.00311125,949,0.00949,2,2e-05,0.012621249999999999,9.25864028930664
BenchmarkTest00817.java,0,CWE-330,CWE-330,1,0,1,0,0,0,1,0,0,0,2990,0.0037375,683,0.00683,2,2e-05,0.0105875,7.454675912857056
BenchmarkTest00818.java,0,CWE-330,CWE-330,1,0,1,0,0,0,1,0,0,0,2710,0.0033875,733,0.00733,2,2e-05,0.010737499999999999,8.845353841781616
BenchmarkTest00819.java,0,CWE-330,CWE-330,1,0,1,0,0,0,1,0,0,0,2675,0.00334375,814,0.00814,2,2e-05,0.011503749999999998,7.529663324356079
BenchmarkTest00820.java,0,CWE-614,CWE-614,1,0,1,0,0,0,1,0,0,0,2401,0.00300125,765,0.00765,2,2e-05,0.010671249999999998,7.578425884246826
BenchmarkTest00821.java,0,CWE-614,CWE-614,1,0,1,0,0,0,1,0,0,0,2417,0.00302125,832,0.00832,2,2e-05,0.011361249999999998,8.802886962890625
BenchmarkTest00822.java,0,CWE-79,CWE-79,1,0,1,0,0,0,1,0,0,0,2675,0.00334375,965,0.00965,2,2e-05,0.01301375,9.726191997528076
BenchmarkTest00823.java,0,CWE-78,CWE-78,1,0,1,0,0,0,1,0,0,0,2333,0.00291625,1198,0.01198,2,2e-05,0.014916249999999999,11.0758216381073
BenchmarkTest00824.java,0,CWE-78,CWE-78,1,0,1,0,0,0,1,0,0,0,2581,0.00322625,1358,0.01358,2,2e-05,0.01682625,13.14525818824768
BenchmarkTest00825.java,0,CWE-78,CWE-78,1,0,1,0,0,0,1,0,0,0,2309,0.00288625,1197,0.01197,2,2e-05,0.014876249999999999,12.506971836090088
BenchmarkTest00826.java,0,CWE-78,,,,0,0,1,0,0,0,1,0,,,,,,,,
BenchmarkTest00827.java,0,CWE-78,CWE-78,1,1,0,1,0,0,0,0,1,0,2349,0.00293625,1053,0.01053,2,2e-05,0.013486249999999998,10.520146369934082
BenchmarkTest00828.java,0,CWE-330,,,,0,0,1,0,0,0,1,0,,,,,,,,
BenchmarkTest00829.java,0,CWE-330,,,,0,0,1,0,0,0,1,0,,,,,,,,
BenchmarkTest00830.java,0,CWE-330,,,,0,0,1,0,0,0,1,0,,,,,,,,
BenchmarkTest00831.java,0,CWE-330,,,,0,0,1,0,0,0,1,0,,,,,,,,
BenchmarkTest00832.java,0,CWE-330,,,,0,0,1,0,0,0,1,0,,,,,,,,
BenchmarkTest00837.java,0,CWE-89,CWE-89,1,1,0,1,0,0,0,0,1,0,2449,0.00306125,1110,0.0111,2,2e-05,0.01418125,10.37219762802124
BenchmarkTest00838.java,0,CWE-89,CWE-89,1,0,0,1,0,0,0,1,0,0,2421,0.00302625,1709,0.01709,2,2e-05,0.02013625,16.070911169052124
BenchmarkTest00839.java,0,CWE-89,CWE-89,1,0,1,0,0,0,1,0,0,0,2323,0.00290375,1004,0.01004,2,2e-05,0.01296375,8.781334400177002
BenchmarkTest00840.java,0,CWE-89,CWE-89,1,0,1,0,0,0,1,0,0,0,2329,0.00291125,819,0.00819,2,2e-05,0.01112125,7.627503871917725
BenchmarkTest00841.java,0,CWE-89,CWE-89,1,0,1,0,0,0,1,0,0,0,2405,0.00300625,719,0.00719,2,2e-05,0.01021625,6.558504343032837
BenchmarkTest00842.java,0,CWE-89,,,,0,0,0,1,0,0,0,1,,,,,,,,
BenchmarkTest00843.java,0,CWE-89,,,,0,0,0,1,0,0,0,1,,,,,,,,
BenchmarkTest00844.java,0,CWE-89,,,,0,0,1,0,0,0,1,0,,,,,,,,
BenchmarkTest00845.java,0,CWE-89,,,,0,0,0,1,0,0,0,1,,,,,,,,
BenchmarkTest00846.java,0,CWE-89,CWE-89,1,0,1,0,0,0,1,0,0,0,2293,0.00286625,860,0.0086,2,2e-05,0.01148625,7.802742004394531
BenchmarkTest00847.java,0,CWE-89,CWE-89,1,0,1,0,0,0,1,0,0,0,2340,0.002925,1056,0.01056,2,2e-05,0.013505,9.698769569396973
BenchmarkTest00848.java,0,CWE-89,CWE-89,1,0,1,0,0,0,1,0,0,0,2258,0.0028225,860,0.0086,2,2e-05,0.0114425,8.941832542419434
BenchmarkTest00849.java,0,CWE-89,CWE-89,1,0,1,0,0,0,1,0,0,0,2342,0.0029275,870,0.0087,2,2e-05,0.011647499999999998,8.759357929229736
BenchmarkTest00850.java,0,CWE-89,CWE-89,1,0,1,0,0,0,1,0,0,0,2338,0.0029225,871,0.00871,2,2e-05,0.0116525,8.358675956726074
BenchmarkTest00851.java,0,CWE-89,,,,0,0,1,0,0,0,1,0,,,,,,,,
BenchmarkTest00852.java,0,CWE-643,CWE-643,1,1,0,1,0,0,0,0,1,0,2504,0.00313,1104,0.01104,2,2e-05,0.014189999999999998,11.378826379776001
BenchmarkTest00853.java,0,CWE-327,CWE-327,1,0,1,0,0,0,1,0,0,0,2950,0.0036875,623,0.00623,2,2e-05,0.009937499999999998,6.10375714302063
BenchmarkTest00854.java,0,CWE-327,,,,0,0,1,0,0,0,1,0,,,,,,,,
BenchmarkTest00855.java,0,CWE-327,CWE-327,1,0,1,0,0,0,1,0,0,0,3072,0.00384,367,0.00367,2,2e-05,0.00753,4.166986703872681
BenchmarkTest00856.java,0,CWE-327,CWE-327,1,0,1,0,0,0,1,0,0,0,2889,0.00361125,336,0.00336,2,2e-05,0.00699125,3.6575796604156494
BenchmarkTest00857.java,0,CWE-327,CWE-327,1,0,1,0,0,0,1,0,0,0,2648,0.00331,376,0.00376,2,2e-05,0.00709,3.9986629486083984
BenchmarkTest00858.java,0,CWE-327,,,,0,0,1,0,0,0,1,0,,,,,,,,
BenchmarkTest00859.java,0,CWE-327,CWE-327,1,0,1,0,0,0,1,0,0,0,2645,0.00330625,494,0.00494,2,2e-05,0.00826625,7.07196307182312
BenchmarkTest00860.java,0,CWE-90,,,,0,0,1,0,0,0,1,0,,,,,,,,
BenchmarkTest00861.java,0,CWE-90,,,,0,0,1,0,0,0,1,0,,,,,,,,
BenchmarkTest00862.java,0,CWE-22,,,,0,0,1,0,0,0,1,0,,,,,,,,
BenchmarkTest00863.java,0,CWE-22,,,,0,0,1,0,0,0,1,0,,,,,,,,
BenchmarkTest00864.java,0,CWE-22,,,,0,0,1,0,0,0,1,0,,,,,,,,
BenchmarkTest00865.java,0,CWE-22,,,,0,0,1,0,0,0,1,0,,,,,,,,
BenchmarkTest00866.java,0,CWE-22,,,,0,0,1,0,0,0,1,0,,,,,,,,
BenchmarkTest00867.java,0,CWE-22,,,,0,0,1,0,0,0,1,0,,,,,,,,
BenchmarkTest00868.java,0,CWE-328,CWE-916,0,0,1,0,0,0,1,0,0,0,2940,0.003675,1114,0.01114,2,2e-05,0.014835,10.36900544166565
BenchmarkTest00869.java,0,CWE-328,CWE-916,0,0,1,0,0,0,1,0,0,0,2706,0.0033825,748,0.00748,2,2e-05,0.0108825,7.3281049728393555
BenchmarkTest00870.java,0,CWE-328,CWE-916,0,0,1,0,0,0,1,0,0,0,2557,0.00319625,716,0.00716,2,2e-05,0.010376249999999998,7.262625455856323
BenchmarkTest00871.java,0,CWE-328,CWE-916,0,0,1,0,0,0,1,0,0,0,2657,0.00332125,658,0.00658,2,2e-05,0.00992125,6.950862646102905
BenchmarkTest00872.java,0,CWE-328,CWE-916,0,0,1,0,0,0,1,0,0,0,2551,0.00318875,435,0.00435,2,2e-05,0.00755875,5.325998067855835
BenchmarkTest00873.java,0,CWE-328,,,,0,0,1,0,0,0,1,0,,,,,,,,
BenchmarkTest00874.java,0,CWE-328,,,,0,0,1,0,0,0,1,0,,,,,,,,
BenchmarkTest00875.java,0,CWE-328,,,,0,0,0,1,0,0,0,1,,,,,,,,
BenchmarkTest00876.java,0,CWE-328,,,,0,0,0,1,0,0,0,1,,,,,,,,
BenchmarkTest00877.java,0,CWE-328,,,,0,0,1,0,0,0,1,0,,,,,,,,
BenchmarkTest00878.java,0,CWE-328,,,,0,0,1,0,0,0,1,0,,,,,,,,
BenchmarkTest00879.java,0,CWE-79,,,,0,0,1,0,0,0,1,0,,,,,,,,
BenchmarkTest00880.java,0,CWE-79,,,,0,0,1,0,0,0,1,0,,,,,,,,
BenchmarkTest00881.java,0,CWE-79,,,,0,0,1,0,0,0,1,0,,,,,,,,
BenchmarkTest00882.java,0,CWE-79,,,,0,0,1,0,0,0,1,0,,,,,,,,
BenchmarkTest00883.java,0,CWE-79,,,,0,0,1,0,0,0,1,0,,,,,,,,
BenchmarkTest00884.java,0,CWE-79,,,,0,0,1,0,0,0,1,0,,,,,,,,
BenchmarkTest00885.java,0,CWE-79,,,,0,0,1,0,0,0,1,0,,,,,,,,
BenchmarkTest00886.java,0,CWE-79,,,,0,0,1,0,0,0,1,0,,,,,,,,
BenchmarkTest00887.java,0,CWE-79,,,,0,0,1,0,0,0,1,0,,,,,,,,
BenchmarkTest00888.java,0,CWE-79,,,,0,0,1,0,0,0,1,0,,,,,,,,
BenchmarkTest00889.java,0,CWE-79,,,,0,0,1,0,0,0,1,0,,,,,,,,
BenchmarkTest00890.java,0,CWE-79,,,,0,0,1,0,0,0,1,0,,,,,,,,
BenchmarkTest00891.java,0,CWE-79,,,,0,0,1,0,0,0,1,0,,,,,,,,
BenchmarkTest00892.java,0,CWE-79,,,,0,0,1,0,0,0,1,0,,,,,,,,
BenchmarkTest00893.java,0,CWE-79,,,,0,0,1,0,0,0,1,0,,,,,,,,
BenchmarkTest00894.java,0,CWE-79,,,,0,0,1,0,0,0,1,0,,,,,,,,
BenchmarkTest00895.java,0,CWE-78,,,,0,0,1,0,0,0,1,0,,,,,,,,
BenchmarkTest00896.java,0,CWE-78,,,,0,0,1,0,0,0,1,0,,,,,,,,
BenchmarkTest00897.java,0,CWE-78,,,,0,0,1,0,0,0,1,0,,,,,,,,
BenchmarkTest00898.java,0,CWE-330,CWE-330,1,0,1,0,0,0,1,0,0,0,2601,0.00325125,807,0.00807,2,2e-05,0.01134125,7.695234298706055
BenchmarkTest00899.java,0,CWE-330,CWE-330,1,0,1,0,0,0,1,0,0,0,2608,0.00326,888,0.00888,2,2e-05,0.01216,8.175642967224121
BenchmarkTest00900.java,0,CWE-330,CWE-330,1,0,1,0,0,0,1,0,0,0,2596,0.003245,798,0.00798,2,2e-05,0.011244999999999998,7.122633457183838
BenchmarkTest00901.java,0,CWE-330,CWE-330,1,0,1,0,0,0,1,0,0,0,2598,0.0032475,564,0.00564,2,2e-05,0.008907499999999999,5.947793245315552
BenchmarkTest00902.java,0,CWE-330,CWE-330,1,0,1,0,0,0,1,0,0,0,2599,0.00324875,583,0.00583,2,2e-05,0.00909875,6.220177888870239
BenchmarkTest00903.java,0,CWE-614,CWE-614,1,0,1,0,0,0,1,0,0,0,2344,0.00293,505,0.00505,2,2e-05,0.007999999999999998,5.1740827560424805
BenchmarkTest00904.java,0,CWE-614,,,,0,0,1,0,0,0,1,0,,,,,,,,
BenchmarkTest00905.java,0,CWE-78,,,,0,0,1,0,0,0,1,0,,,,,,,,
BenchmarkTest00906.java,0,CWE-78,,,,0,0,1,0,0,0,1,0,,,,,,,,
BenchmarkTest00907.java,0,CWE-78,,,,0,0,1,0,0,0,1,0,,,,,,,,
BenchmarkTest00908.java,0,CWE-78,,,,0,0,1,0,0,0,1,0,,,,,,,,
BenchmarkTest00909.java,0,CWE-78,,,,0,0,1,0,0,0,1,0,,,,,,,,
BenchmarkTest00910.java,0,CWE-78,,,,0,0,1,0,0,0,1,0,,,,,,,,
BenchmarkTest00911.java,0,CWE-330,,,,0,0,1,0,0,0,1,0,,,,,,,,
BenchmarkTest00912.java,0,CWE-330,,,,0,0,1,0,0,0,1,0,,,,,,,,
BenchmarkTest00913.java,0,CWE-330,,,,0,0,1,0,0,0,1,0,,,,,,,,
BenchmarkTest00914.java,0,CWE-330,,,,0,0,1,0,0,0,1,0,,,,,,,,
BenchmarkTest00915.java,0,CWE-330,,,,0,0,1,0,0,0,1,0,,,,,,,,
BenchmarkTest00916.java,0,CWE-330,,,,0,0,1,0,0,0,1,0,,,,,,,,
BenchmarkTest00917.java,0,CWE-330,,,,0,0,1,0,0,0,1,0,,,,,,,,
BenchmarkTest00918.java,0,CWE-330,,,,0,0,1,0,0,0,1,0,,,,,,,,
BenchmarkTest00919.java,0,CWE-330,,,,0,0,1,0,0,0,1,0,,,,,,,,
BenchmarkTest00920.java,0,CWE-330,,,,0,0,1,0,0,0,1,0,,,,,,,,
BenchmarkTest00921.java,0,CWE-330,,,,0,0,1,0,0,0,1,0,,,,,,,,
BenchmarkTest00924.java,0,CWE-89,,,,0,0,1,0,0,0,1,0,,,,,,,,
BenchmarkTest00925.java,0,CWE-89,,,,0,0,1,0,0,0,1,0,,,,,,,,
BenchmarkTest00926.java,0,CWE-89,,,,0,0,1,0,0,0,1,0,,,,,,,,
BenchmarkTest00927.java,0,CWE-89,,,,0,0,1,0,0,0,1,0,,,,,,,,
BenchmarkTest00928.java,0,CWE-89,,,,0,0,1,0,0,0,1,0,,,,,,,,
BenchmarkTest00929.java,0,CWE-89,,,,0,0,1,0,0,0,1,0,,,,,,,,
BenchmarkTest00930.java,0,CWE-89,,,,0,0,1,0,0,0,1,0,,,,,,,,
BenchmarkTest00931.java,0,CWE-89,,,,0,0,1,0,0,0,1,0,,,,,,,,
BenchmarkTest00932.java,0,CWE-89,,,,0,0,1,0,0,0,1,0,,,,,,,,
BenchmarkTest00933.java,0,CWE-89,,,,0,0,1,0,0,0,1,0,,,,,,,,
BenchmarkTest00934.java,0,CWE-89,,,,0,0,1,0,0,0,1,0,,,,,,,,
BenchmarkTest00935.java,0,CWE-89,,,,0,0,1,0,0,0,1,0,,,,,,,,
BenchmarkTest00936.java,0,CWE-89,,,,0,0,1,0,0,0,1,0,,,,,,,,
BenchmarkTest00937.java,0,CWE-89,,,,0,0,1,0,0,0,1,0,,,,,,,,
BenchmarkTest00938.java,0,CWE-89,,,,0,0,1,0,0,0,1,0,,,,,,,,
BenchmarkTest00939.java,0,CWE-89,,,,0,0,1,0,0,0,1,0,,,,,,,,
BenchmarkTest00940.java,0,CWE-89,,,,0,0,1,0,0,0,1,0,,,,,,,,
BenchmarkTest00941.java,0,CWE-643,,,,0,0,1,0,0,0,1,0,,,,,,,,
BenchmarkTest00942.java,0,CWE-327,,,,0,0,1,0,0,0,1,0,,,,,,,,
BenchmarkTest00943.java,0,CWE-327,,,,0,0,1,0,0,0,1,0,,,,,,,,
BenchmarkTest00944.java,0,CWE-327,,,,0,0,1,0,0,0,1,0,,,,,,,,
BenchmarkTest00945.java,0,CWE-327,CWE-327,1,0,1,0,0,0,1,0,0,0,2873,0.00359125,931,0.00931,2,2e-05,0.012921249999999999,9.020949125289917
BenchmarkTest00946.java,0,CWE-327,CWE-327,1,0,1,0,0,0,1,0,0,0,2814,0.0035175,740,0.0074,2,2e-05,0.0109375,7.895991802215576
BenchmarkTest00947.java,0,CWE-90,CWE-90,1,0,1,0,0,0,1,0,0,0,2753,0.00344125,1276,0.01276,2,2e-05,0.01622125,11.575691938400269
BenchmarkTest00948.java,0,CWE-90,CWE-90,1,1,0,1,0,0,0,0,1,0,2837,0.00354625,1117,0.01117,2,2e-05,0.01473625,9.717883110046387
BenchmarkTest00949.java,0,CWE-22,CWE-23,0,0,1,0,0,0,1,0,0,0,2686,0.0033575,1050,0.0105,2,2e-05,0.0138775,9.905072212219238
BenchmarkTest00950.java,0,CWE-22,CWE-23,0,0,1,0,0,0,1,0,0,0,2668,0.003335,1127,0.01127,2,2e-05,0.014624999999999999,10.183736085891724
BenchmarkTest00951.java,0,CWE-22,CWE-23,0,1,0,1,0,0,0,0,1,0,2874,0.0035925,960,0.0096,2,2e-05,0.013212499999999999,8.362117052078247
BenchmarkTest00952.java,0,CWE-22,CWE-23,0,0,1,0,0,0,1,0,0,0,2974,0.0037175,1135,0.01135,2,2e-05,0.0150875,10.525075912475586
BenchmarkTest00953.java,0,CWE-22,CWE-23,0,0,1,0,0,0,1,0,0,0,2756,0.003445,1146,0.01146,2,2e-05,0.014924999999999999,10.66658329963684
BenchmarkTest00954.java,0,CWE-22,CWE-23,0,1,0,1,0,0,0,0,1,0,2806,0.0035075,904,0.00904,2,2e-05,0.012567499999999999,7.542620420455933
BenchmarkTest00955.java,0,CWE-22,CWE-23,0,1,0,1,0,0,0,0,1,0,2712,0.00339,873,0.00873,2,2e-05,0.012139999999999998,8.649089336395264
BenchmarkTest00956.java,0,CWE-22,CWE-23,0,0,1,0,0,0,1,0,0,0,2712,0.00339,1120,0.0112,2,2e-05,0.014609999999999998,12.136837005615234
BenchmarkTest00957.java,0,CWE-22,CWE-23,0,1,0,1,0,0,0,0,1,0,2968,0.00371,1199,0.01199,2,2e-05,0.01572,10.74655556678772
BenchmarkTest00958.java,0,CWE-22,CWE-23,0,1,0,1,0,0,0,0,1,0,3035,0.00379375,992,0.00992,2,2e-05,0.01373375,8.618712186813354
BenchmarkTest00959.java,0,CWE-90,CWE-90,1,0,1,0,0,0,1,0,0,0,2788,0.003485,949,0.00949,2,2e-05,0.012995,8.560161113739014
BenchmarkTest00960.java,0,CWE-330,CWE-330,1,0,1,0,0,0,1,0,0,0,2920,0.00365,715,0.00715,2,2e-05,0.01082,7.203787088394165
BenchmarkTest00961.java,0,CWE-328,CWE-916,0,0,1,0,0,0,1,0,0,0,2941,0.00367625,1062,0.01062,2,2e-05,0.014316249999999999,10.374250888824463
BenchmarkTest00962.java,0,CWE-328,,,,0,0,1,0,0,0,1,0,,,,,,,,
BenchmarkTest00963.java,0,CWE-328,CWE-916,0,0,1,0,0,0,1,0,0,0,2725,0.00340625,485,0.00485,2,2e-05,0.008276249999999999,4.8311638832092285
BenchmarkTest00964.java,0,CWE-328,,,,0,0,1,0,0,0,1,0,,,,,,,,
BenchmarkTest00965.java,0,CWE-328,,,,0,0,1,0,0,0,1,0,,,,,,,,
BenchmarkTest00966.java,0,CWE-328,,,,0,0,1,0,0,0,1,0,,,,,,,,
BenchmarkTest00967.java,0,CWE-328,,,,0,0,1,0,0,0,1,0,,,,,,,,
BenchmarkTest00968.java,0,CWE-78,CWE-78,1,0,1,0,0,0,1,0,0,0,2473,0.00309125,1039,0.01039,2,2e-05,0.01350125,8.62115740776062
BenchmarkTest00969.java,0,CWE-78,CWE-78,1,1,0,1,0,0,0,0,1,0,2827,0.00353375,1473,0.01473,2,2e-05,0.018283749999999998,12.79428243637085
BenchmarkTest00970.java,0,CWE-78,CWE-78,1,1,0,1,0,0,0,0,1,0,2502,0.0031275,1003,0.01003,2,2e-05,0.0131775,9.15892505645752
BenchmarkTest00971.java,0,CWE-330,CWE-330,1,0,1,0,0,0,1,0,0,0,2831,0.00353875,567,0.00567,2,2e-05,0.009228749999999999,5.941768407821655
BenchmarkTest00972.java,0,CWE-330,CWE-330,1,0,1,0,0,0,1,0,0,0,2906,0.0036325,649,0.00649,2,2e-05,0.010142499999999999,6.189129590988159
BenchmarkTest00973.java,0,CWE-330,CWE-330,1,0,1,0,0,0,1,0,0,0,2753,0.00344125,926,0.00926,2,2e-05,0.012721249999999998,9.245493173599243
BenchmarkTest00974.java,0,CWE-330,CWE-330,1,0,1,0,0,0,1,0,0,0,2815,0.00351875,709,0.00709,2,2e-05,0.01062875,7.995550870895386
BenchmarkTest00975.java,0,CWE-330,CWE-330,1,0,1,0,0,0,1,0,0,0,2761,0.00345125,929,0.00929,2,2e-05,0.012761249999999998,9.8772451877594
BenchmarkTest00976.java,0,CWE-330,CWE-330,1,0,1,0,0,0,1,0,0,0,2774,0.0034675,859,0.00859,2,2e-05,0.0120775,8.97667407989502
BenchmarkTest00977.java,0,CWE-614,CWE-614,1,0,1,0,0,0,1,0,0,0,2529,0.00316125,843,0.00843,2,2e-05,0.01161125,9.36771821975708
BenchmarkTest00978.java,0,CWE-78,CWE-78,1,1,0,1,0,0,0,0,1,0,2901,0.00362625,1875,0.01875,2,2e-05,0.02239625,16.772249937057495
BenchmarkTest00979.java,0,CWE-78,CWE-78,1,0,1,0,0,0,1,0,0,0,2642,0.0033025,1332,0.01332,2,2e-05,0.016642499999999998,11.858385562896729
BenchmarkTest00980.java,0,CWE-78,CWE-78,1,1,0,1,0,0,0,0,1,0,2433,0.00304125,1265,0.01265,2,2e-05,0.01571125,11.543072938919067
BenchmarkTest00981.java,0,CWE-78,CWE-78,1,0,1,0,0,0,1,0,0,0,2584,0.00323,1319,0.01319,2,2e-05,0.01644,11.668682098388672
BenchmarkTest00982.java,0,CWE-78,CWE-78,1,1,0,1,0,0,0,0,1,0,2514,0.0031425,933,0.00933,2,2e-05,0.012492499999999998,8.518415689468384
BenchmarkTest00983.java,0,CWE-78,CWE-78,1,0,1,0,0,0,1,0,0,0,2381,0.00297625,1553,0.01553,2,2e-05,0.01852625,17.52334427833557
BenchmarkTest00984.java,0,CWE-330,CWE-330,1,0,0,1,0,0,0,1,0,0,3214,0.0040175,1763,0.01763,2,2e-05,0.0216675,19.66638684272766
BenchmarkTest00985.java,0,CWE-330,CWE-330,1,1,0,1,0,0,0,0,1,0,2929,0.00366125,821,0.00821,2,2e-05,0.011891249999999999,10.044636964797974
BenchmarkTest00986.java,0,CWE-330,CWE-330,1,1,0,1,0,0,0,0,1,0,2888,0.00361,830,0.0083,2,2e-05,0.01193,9.933319807052612
BenchmarkTest00987.java,0,CWE-330,,,,0,0,1,0,0,0,1,0,,,,,,,,
BenchmarkTest00988.java,0,CWE-330,,,,0,0,1,0,0,0,1,0,,,,,,,,
BenchmarkTest00989.java,0,CWE-330,,,,0,0,1,0,0,0,1,0,,,,,,,,
BenchmarkTest00990.java,0,CWE-330,,,,0,0,1,0,0,0,1,0,,,,,,,,
BenchmarkTest00996.java,0,CWE-89,CWE-89,1,0,1,0,0,0,1,0,0,0,2448,0.00306,977,0.00977,2,2e-05,0.012849999999999999,11.40193486213684
BenchmarkTest00997.java,0,CWE-89,CWE-89,1,0,1,0,0,0,1,0,0,0,2489,0.00311125,1257,0.01257,2,2e-05,0.01570125,12.052140235900879
BenchmarkTest00998.java,0,CWE-89,CWE-89,1,0,1,0,0,0,1,0,0,0,2443,0.00305375,1004,0.01004,2,2e-05,0.01311375,9.831374168395996
BenchmarkTest00999.java,0,CWE-89,CWE-89,1,1,0,1,0,0,0,0,1,0,2456,0.00307,956,0.00956,2,2e-05,0.01265,9.122081995010376
BenchmarkTest01000.java,0,CWE-89,CWE-89,1,0,1,0,0,0,1,0,0,0,2494,0.0031175,1174,0.01174,2,2e-05,0.0148775,11.029067754745483
BenchmarkTest01001.java,0,CWE-89,CWE-89,1,1,0,1,0,0,0,0,1,0,2397,0.00299625,1032,0.01032,2,2e-05,0.01333625,9.998049259185791
BenchmarkTest01002.java,0,CWE-89,CWE-89,1,0,1,0,0,0,1,0,0,0,2405,0.00300625,1048,0.01048,2,2e-05,0.01350625,15.960229396820068
BenchmarkTest01003.java,0,CWE-89,CWE-89,1,0,1,0,0,0,1,0,0,0,2453,0.00306625,1030,0.0103,2,2e-05,0.013386249999999999,9.773547410964966
BenchmarkTest01004.java,0,CWE-89,CWE-89,1,0,1,0,0,0,1,0,0,0,2480,0.0031,1044,0.01044,2,2e-05,0.01356,15.681451082229614
BenchmarkTest01005.java,0,CWE-89,CWE-89,1,0,1,0,0,0,1,0,0,0,2465,0.00308125,970,0.0097,2,2e-05,0.01280125,10.430379629135132
BenchmarkTest01006.java,0,CWE-89,,,,0,0,0,1,0,0,0,1,,,,,,,,
BenchmarkTest01007.java,0,CWE-89,,,,0,0,0,1,0,0,0,1,,,,,,,,
BenchmarkTest01008.java,0,CWE-89,,,,0,0,0,1,0,0,0,1,,,,,,,,
BenchmarkTest01009.java,0,CWE-89,,,,0,0,0,1,0,0,0,1,,,,,,,,
BenchmarkTest01010.java,0,CWE-89,CWE-89,1,1,0,1,0,0,0,0,1,0,2475,0.00309375,1053,0.01053,2,2e-05,0.01364375,12.028997659683228
BenchmarkTest01011.java,0,CWE-89,CWE-89,1,0,1,0,0,0,1,0,0,0,2401,0.00300125,1005,0.01005,2,2e-05,0.01307125,9.958792924880981
BenchmarkTest01012.java,0,CWE-89,CWE-89,1,0,0,1,0,0,0,1,0,0,2437,0.00304625,9136,0.09136,2,2e-05,0.09442625,82.5418450832367
BenchmarkTest01013.java,0,CWE-643,CWE-643,1,1,0,1,0,0,0,0,1,0,2599,0.00324875,865,0.00865,2,2e-05,0.011918749999999999,9.73663592338562
BenchmarkTest01014.java,0,CWE-643,CWE-643,1,1,0,1,0,0,0,0,1,0,2553,0.00319125,890,0.0089,2,2e-05,0.012111249999999999,8.091612339019775
BenchmarkTest01015.java,0,CWE-327,CWE-327,1,0,1,0,0,0,1,0,0,0,3020,0.003775,429,0.00429,2,2e-05,0.008085,10.58449411392212
BenchmarkTest01016.java,0,CWE-327,CWE-327,1,0,1,0,0,0,1,0,0,0,3211,0.00401375,544,0.00544,2,2e-05,0.00947375,6.411902666091919
BenchmarkTest01017.java,0,CWE-327,CWE-327,1,0,1,0,0,0,1,0,0,0,3415,0.00426875,326,0.00326,2,2e-05,0.00754875,6.4248785972595215
BenchmarkTest01018.java,0,CWE-327,CWE-327,1,0,1,0,0,0,1,0,0,0,2626,0.0032825,612,0.00612,2,2e-05,0.009422499999999999,8.679232597351074
BenchmarkTest01019.java,0,CWE-327,,,,0,0,1,0,0,0,1,0,,,,,,,,
BenchmarkTest01020.java,0,CWE-327,CWE-327,1,0,1,0,0,0,1,0,0,0,2622,0.0032775,933,0.00933,2,2e-05,0.0126275,10.920042514801025
BenchmarkTest01021.java,0,CWE-327,,,,0,0,1,0,0,0,1,0,,,,,,,,
BenchmarkTest01022.java,0,CWE-327,,,,0,0,1,0,0,0,1,0,,,,,,,,
BenchmarkTest01023.java,0,CWE-90,CWE-90,1,0,1,0,0,0,1,0,0,0,2561,0.00320125,851,0.00851,2,2e-05,0.011731249999999999,10.09143590927124
BenchmarkTest01024.java,0,CWE-90,CWE-90,1,1,0,1,0,0,0,0,1,0,2574,0.0032175,1139,0.01139,2,2e-05,0.0146275,11.99195408821106
BenchmarkTest01025.java,0,CWE-22,CWE-23,0,0,1,0,0,0,1,0,0,0,2529,0.00316125,1236,0.01236,2,2e-05,0.01554125,12.537440061569214
BenchmarkTest01026.java,0,CWE-22,CWE-23,0,1,0,1,0,0,0,0,1,0,2838,0.0035475,1332,0.01332,2,2e-05,0.0168875,13.026921510696411
BenchmarkTest01027.java,0,CWE-22,CWE-23,0,1,0,1,0,0,0,0,1,0,2513,0.00314125,1017,0.01017,2,2e-05,0.01333125,9.961397409439087
BenchmarkTest01028.java,0,CWE-22,CWE-23,0,1,0,1,0,0,0,0,1,0,2735,0.00341875,879,0.00879,2,2e-05,0.012228749999999998,8.553566217422485
BenchmarkTest01029.java,0,CWE-22,CWE-23,0,0,1,0,0,0,1,0,0,0,2707,0.00338375,1669,0.01669,2,2e-05,0.02009375,14.87617039680481
BenchmarkTest01030.java,0,CWE-22,CWE-23,0,1,0,1,0,0,0,0,1,0,2767,0.00345875,917,0.00917,2,2e-05,0.012648749999999999,8.199930429458618
BenchmarkTest01031.java,0,CWE-22,CWE-23,0,1,0,1,0,0,0,0,1,0,2679,0.00334875,1050,0.0105,2,2e-05,0.01386875,9.313147783279419
BenchmarkTest01032.java,0,CWE-22,CWE-23,0,0,1,0,0,0,1,0,0,0,2576,0.00322,1099,0.01099,2,2e-05,0.01423,10.780279159545898
BenchmarkTest01033.java,0,CWE-22,CWE-23,0,0,1,0,0,0,1,0,0,0,2571,0.00321375,1119,0.01119,2,2e-05,0.014423749999999999,10.957921981811523
BenchmarkTest01034.java,0,CWE-22,CWE-23,0,0,1,0,0,0,1,0,0,0,2594,0.0032425,1098,0.01098,2,2e-05,0.0142425,11.450115203857422
BenchmarkTest01035.java,0,CWE-22,CWE-23,0,1,0,1,0,0,0,0,1,0,2567,0.00320875,943,0.00943,2,2e-05,0.012658749999999998,9.68566083908081
BenchmarkTest01036.java,0,CWE-22,CWE-23,0,1,0,1,0,0,0,0,1,0,2830,0.0035375,1051,0.01051,2,2e-05,0.0140675,9.880054235458374
BenchmarkTest01037.java,0,CWE-328,,,,0,0,1,0,0,0,1,0,,,,,,,,
BenchmarkTest01038.java,0,CWE-328,CWE-916,0,0,1,0,0,0,1,0,0,0,2575,0.00321875,612,0.00612,2,2e-05,0.009358749999999999,6.158137798309326
BenchmarkTest01039.java,0,CWE-328,,,,0,0,1,0,0,0,1,0,,,,,,,,
BenchmarkTest01040.java,0,CWE-328,,,,0,0,1,0,0,0,1,0,,,,,,,,
BenchmarkTest01041.java,0,CWE-328,,,,0,0,0,1,0,0,0,1,,,,,,,,
BenchmarkTest01042.java,0,CWE-328,,,,0,0,0,1,0,0,0,1,,,,,,,,
BenchmarkTest01043.java,0,CWE-328,,,,0,0,0,1,0,0,0,1,,,,,,,,
BenchmarkTest01044.java,0,CWE-328,,,,0,0,0,1,0,0,0,1,,,,,,,,
BenchmarkTest01045.java,0,CWE-328,,,,0,0,1,0,0,0,1,0,,,,,,,,
BenchmarkTest01046.java,0,CWE-79,CWE-79,1,0,1,0,0,0,1,0,0,0,2744,0.00343,1204,0.01204,2,2e-05,0.01549,11.034106731414795
BenchmarkTest01047.java,0,CWE-79,CWE-79,1,0,1,0,0,0,1,0,0,0,2687,0.00335875,1322,0.01322,2,2e-05,0.01659875,11.887373208999634
BenchmarkTest01048.java,0,CWE-79,CWE-79,1,1,0,1,0,0,0,0,1,0,2564,0.003205,1989,0.01989,2,2e-05,0.023115,17.596479177474976
BenchmarkTest01049.java,0,CWE-79,CWE-79,1,0,1,0,0,0,1,0,0,0,2634,0.0032925,1244,0.01244,2,2e-05,0.0157525,11.482885599136353
BenchmarkTest01050.java,0,CWE-79,CWE-79,1,0,1,0,0,0,1,0,0,0,2557,0.00319625,1259,0.01259,2,2e-05,0.01580625,11.227163076400757
BenchmarkTest01051.java,0,CWE-79,CWE-79,1,1,0,1,0,0,0,0,1,0,2592,0.00324,1327,0.01327,2,2e-05,0.01653,11.990998029708862
BenchmarkTest01052.java,0,CWE-79,CWE-79,1,1,0,1,0,0,0,0,1,0,2628,0.003285,1311,0.01311,2,2e-05,0.016415,12.446252822875977
BenchmarkTest01053.java,0,CWE-79,CWE-79,1,1,0,1,0,0,0,0,1,0,2567,0.00320875,1109,0.01109,2,2e-05,0.014318749999999998,11.469515323638916
BenchmarkTest01054.java,0,CWE-79,CWE-79,1,1,0,1,0,0,0,0,1,0,2542,0.0031775,777,0.00777,2,2e-05,0.0109675,7.3976149559021
BenchmarkTest01055.java,0,CWE-79,CWE-79,1,0,1,0,0,0,1,0,0,0,2610,0.0032625,1374,0.01374,2,2e-05,0.0170225,12.057691812515259
BenchmarkTest01056.java,0,CWE-79,CWE-79,1,0,1,0,0,0,1,0,0,0,2599,0.00324875,1082,0.01082,2,2e-05,0.014088749999999999,11.038934230804443
BenchmarkTest01057.java,0,CWE-79,CWE-79,1,0,1,0,0,0,1,0,0,0,2564,0.003205,1286,0.01286,2,2e-05,0.016085,11.46155571937561
BenchmarkTest01058.java,0,CWE-330,CWE-330,1,0,1,0,0,0,1,0,0,0,2621,0.00327625,560,0.0056,2,2e-05,0.00889625,5.659515142440796
BenchmarkTest01059.java,0,CWE-330,CWE-330,1,0,1,0,0,0,1,0,0,0,2609,0.00326125,621,0.00621,2,2e-05,0.00949125,5.537600994110107
BenchmarkTest01060.java,0,CWE-330,CWE-330,1,0,1,0,0,0,1,0,0,0,2654,0.0033175,800,0.008,2,2e-05,0.0113375,7.550297021865845
BenchmarkTest01061.java,0,CWE-614,CWE-614,1,0,1,0,0,0,1,0,0,0,2383,0.00297875,803,0.00803,2,2e-05,0.01102875,8.881653308868408
BenchmarkTest01062.java,0,CWE-614,,,,0,0,1,0,0,0,1,0,,,,,,,,
BenchmarkTest01063.java,0,CWE-79,CWE-79,1,0,1,0,0,0,1,0,0,0,2877,0.00359625,1587,0.01587,2,2e-05,0.019486249999999997,15.06045150756836
BenchmarkTest01064.java,0,CWE-78,CWE-78,1,0,1,0,0,0,1,0,0,0,2356,0.002945,928,0.00928,2,2e-05,0.012244999999999999,8.461427450180054
BenchmarkTest01065.java,0,CWE-78,CWE-78,1,1,0,1,0,0,0,0,1,0,2391,0.00298875,1334,0.01334,2,2e-05,0.01634875,11.590755462646484
BenchmarkTest01066.java,0,CWE-78,CWE-78,1,0,1,0,0,0,1,0,0,0,2222,0.0027775,1132,0.01132,2,2e-05,0.0141175,10.463797807693481
BenchmarkTest01067.java,0,CWE-78,CWE-78,1,1,0,1,0,0,0,0,1,0,2229,0.00278625,1438,0.01438,2,2e-05,0.01718625,12.245901823043823
BenchmarkTest01068.java,0,CWE-78,CWE-78,1,1,0,1,0,0,0,0,1,0,2299,0.00287375,920,0.0092,2,2e-05,0.012093749999999999,8.52243447303772
BenchmarkTest01069.java,0,CWE-330,,,,0,0,1,0,0,0,1,0,,,,,,,,
BenchmarkTest01070.java,0,CWE-330,,,,0,0,1,0,0,0,1,0,,,,,,,,
BenchmarkTest01071.java,0,CWE-330,,,,0,0,1,0,0,0,1,0,,,,,,,,
BenchmarkTest01072.java,0,CWE-330,CWE-330,1,1,0,1,0,0,0,0,1,0,2730,0.0034125,873,0.00873,2,2e-05,0.0121625,8.14837384223938
BenchmarkTest01073.java,0,CWE-330,,,,0,0,1,0,0,0,1,0,,,,,,,,
BenchmarkTest01074.java,0,CWE-330,,,,0,0,1,0,0,0,1,0,,,,,,,,
BenchmarkTest01075.java,0,CWE-330,,,,0,0,1,0,0,0,1,0,,,,,,,,
BenchmarkTest01076.java,0,CWE-330,,,,0,0,1,0,0,0,1,0,,,,,,,,
BenchmarkTest01077.java,0,CWE-330,,,,0,0,1,0,0,0,1,0,,,,,,,,
BenchmarkTest01078.java,0,CWE-330,,,,0,0,1,0,0,0,1,0,,,,,,,,
BenchmarkTest01079.java,0,CWE-330,,,,0,0,1,0,0,0,1,0,,,,,,,,
BenchmarkTest01083.java,0,CWE-89,CWE-89,1,0,1,0,0,0,1,0,0,0,2202,0.0027525,946,0.00946,2,2e-05,0.012232499999999999,8.905941724777222
BenchmarkTest01084.java,0,CWE-89,CWE-89,1,0,1,0,0,0,1,0,0,0,2231,0.00278875,966,0.00966,2,2e-05,0.012468749999999999,8.66796326637268
BenchmarkTest01085.java,0,CWE-89,,,,0,0,1,0,0,0,1,0,,,,,,,,
BenchmarkTest01086.java,0,CWE-89,,,,0,0,1,0,0,0,1,0,,,,,,,,
BenchmarkTest01087.java,0,CWE-89,,,,0,0,0,1,0,0,0,1,,,,,,,,
BenchmarkTest01088.java,0,CWE-89,,,,0,0,0,1,0,0,0,1,,,,,,,,
BenchmarkTest01089.java,0,CWE-89,,,,0,0,1,0,0,0,1,0,,,,,,,,
BenchmarkTest01090.java,0,CWE-89,CWE-89,1,0,1,0,0,0,1,0,0,0,2281,0.00285125,976,0.00976,2,2e-05,0.012631249999999998,9.708801031112671
BenchmarkTest01091.java,0,CWE-89,CWE-89,1,0,1,0,0,0,1,0,0,0,2228,0.002785,977,0.00977,2,2e-05,0.012575,8.487045288085938
BenchmarkTest01092.java,0,CWE-89,CWE-89,1,1,0,1,0,0,0,0,1,0,2195,0.00274375,909,0.00909,2,2e-05,0.01185375,8.41344952583313
BenchmarkTest01093.java,0,CWE-89,CWE-89,1,0,1,0,0,0,1,0,0,0,2277,0.00284625,850,0.0085,2,2e-05,0.01136625,7.354457378387451
BenchmarkTest01094.java,0,CWE-89,CWE-89,1,0,1,0,0,0,1,0,0,0,2155,0.00269375,895,0.00895,2,2e-05,0.011663749999999999,8.660156011581421
BenchmarkTest01095.java,0,CWE-89,CWE-89,1,1,0,1,0,0,0,0,1,0,2198,0.0027475,969,0.00969,2,2e-05,0.0124575,9.02926230430603
BenchmarkTest01096.java,0,CWE-89,CWE-89,1,1,0,1,0,0,0,0,1,0,2253,0.00281625,856,0.00856,2,2e-05,0.01139625,8.37403917312622
BenchmarkTest01097.java,0,CWE-89,CWE-89,1,0,1,0,0,0,1,0,0,0,2199,0.00274875,929,0.00929,2,2e-05,0.012058749999999998,10.213573217391968
BenchmarkTest01098.java,0,CWE-89,CWE-89,1,1,0,1,0,0,0,0,1,0,2245,0.00280625,2347,0.02347,2,2e-05,0.02629625,20.04253888130188
BenchmarkTest01099.java,0,CWE-327,CWE-327,1,0,1,0,0,0,1,0,0,0,3195,0.00399375,408,0.00408,2,2e-05,0.00809375,4.447777509689331
BenchmarkTest01100.java,0,CWE-327,,,,0,0,1,0,0,0,1,0,,,,,,,,
BenchmarkTest01101.java,0,CWE-327,,,,0,0,1,0,0,0,1,0,,,,,,,,
BenchmarkTest01102.java,0,CWE-327,CWE-327,1,0,1,0,0,0,1,0,0,0,2797,0.00349625,695,0.00695,2,2e-05,0.010466249999999998,7.7813451290130615
BenchmarkTest01103.java,0,CWE-327,CWE-327,1,0,1,0,0,0,1,0,0,0,2787,0.00348375,605,0.00605,2,2e-05,0.00955375,6.810075759887695
BenchmarkTest01104.java,0,CWE-327,,,,0,0,1,0,0,0,1,0,,,,,,,,
BenchmarkTest01105.java,0,CWE-327,CWE-327,1,0,1,0,0,0,1,0,0,0,2650,0.0033125,307,0.00307,2,2e-05,0.006402499999999999,3.7802462577819824
BenchmarkTest01106.java,0,CWE-327,CWE-327,1,0,1,0,0,0,1,0,0,0,2666,0.0033325,715,0.00715,2,2e-05,0.0105025,7.655200719833374
BenchmarkTest01107.java,0,CWE-327,CWE-327,1,0,1,0,0,0,1,0,0,0,2699,0.00337375,802,0.00802,2,2e-05,0.011413749999999999,7.50779128074646
BenchmarkTest01108.java,0,CWE-327,,,,0,0,1,0,0,0,1,0,,,,,,,,
BenchmarkTest01109.java,0,CWE-22,CWE-23,0,1,0,1,0,0,0,0,1,0,2909,0.00363625,1296,0.01296,2,2e-05,0.01661625,12.508100509643555
BenchmarkTest01110.java,0,CWE-22,CWE-23,0,1,0,1,0,0,0,0,1,0,2815,0.00351875,796,0.00796,2,2e-05,0.011498749999999999,8.038372278213501
BenchmarkTest01111.java,0,CWE-22,CWE-23,0,0,1,0,0,0,1,0,0,0,2702,0.0033775,1210,0.0121,2,2e-05,0.015497499999999999,10.292362928390503
BenchmarkTest01112.java,0,CWE-22,CWE-23,0,0,1,0,0,0,1,0,0,0,2774,0.0034675,936,0.00936,2,2e-05,0.0128475,9.026928663253784
BenchmarkTest01113.java,0,CWE-22,CWE-23,0,1,0,1,0,0,0,0,1,0,2746,0.0034325,1357,0.01357,2,2e-05,0.0170225,11.852481842041016
BenchmarkTest01114.java,0,CWE-22,CWE-23,0,1,0,1,0,0,0,0,1,0,2966,0.0037075,1702,0.01702,2,2e-05,0.0207475,14.434975862503052
BenchmarkTest01115.java,0,CWE-22,CWE-23,0,1,0,1,0,0,0,0,1,0,2961,0.00370125,1270,0.0127,2,2e-05,0.01642125,11.263853549957275
BenchmarkTest01116.java,0,CWE-22,CWE-23,0,0,1,0,0,0,1,0,0,0,2628,0.003285,1273,0.01273,2,2e-05,0.016035,11.203986644744873
BenchmarkTest01117.java,0,CWE-22,CWE-23,0,0,1,0,0,0,1,0,0,0,2616,0.00327,1314,0.01314,2,2e-05,0.01643,12.590361833572388
BenchmarkTest01118.java,0,CWE-22,CWE-23,0,1,0,1,0,0,0,0,1,0,2906,0.0036325,942,0.00942,2,2e-05,0.013072499999999999,9.533936977386475
BenchmarkTest01119.java,0,CWE-330,CWE-330,1,0,1,0,0,0,1,0,0,0,2751,0.00343875,730,0.0073,2,2e-05,0.01075875,7.629907846450806
BenchmarkTest01120.java,0,CWE-328,,,,0,0,1,0,0,0,1,0,,,,,,,,
BenchmarkTest01121.java,0,CWE-328,,,,0,0,1,0,0,0,1,0,,,,,,,,
BenchmarkTest01122.java,0,CWE-328,,,,0,0,1,0,0,0,1,0,,,,,,,,
BenchmarkTest01123.java,0,CWE-328,CWE-916,0,0,1,0,0,0,1,0,0,0,2732,0.003415,818,0.00818,2,2e-05,0.011614999999999999,9.88965916633606
BenchmarkTest01124.java,0,CWE-328,,,,0,0,0,1,0,0,0,1,,,,,,,,
BenchmarkTest01125.java,0,CWE-328,,,,0,0,1,0,0,0,1,0,,,,,,,,
BenchmarkTest01126.java,0,CWE-328,,,,0,0,1,0,0,0,1,0,,,,,,,,
BenchmarkTest01127.java,0,CWE-330,CWE-330,1,0,1,0,0,0,1,0,0,0,2678,0.0033475,735,0.00735,2,2e-05,0.0107175,7.714115619659424
BenchmarkTest01128.java,0,CWE-330,CWE-330,1,0,1,0,0,0,1,0,0,0,2690,0.0033625,715,0.00715,2,2e-05,0.0105325,7.141953945159912
BenchmarkTest01129.java,0,CWE-330,CWE-330,1,0,1,0,0,0,1,0,0,0,2648,0.00331,709,0.00709,2,2e-05,0.010419999999999999,6.821126222610474
BenchmarkTest01130.java,0,CWE-330,CWE-330,1,0,1,0,0,0,1,0,0,0,2674,0.0033425,725,0.00725,2,2e-05,0.0106125,7.0824737548828125
BenchmarkTest01131.java,0,CWE-330,CWE-330,1,0,1,0,0,0,1,0,0,0,2640,0.0033,713,0.00713,2,2e-05,0.01045,6.750511646270752
BenchmarkTest01132.java,0,CWE-330,CWE-330,1,0,1,0,0,0,1,0,0,0,2719,0.00339875,576,0.00576,2,2e-05,0.00917875,5.520063400268555
BenchmarkTest01133.java,0,CWE-330,CWE-330,1,0,1,0,0,0,1,0,0,0,2620,0.003275,818,0.00818,2,2e-05,0.011474999999999999,7.553433656692505
BenchmarkTest01134.java,0,CWE-614,CWE-614,1,0,1,0,0,0,1,0,0,0,2482,0.0031025,672,0.00672,2,2e-05,0.009842499999999999,7.878863096237183
BenchmarkTest01135.java,0,CWE-330,,,,0,0,1,0,0,0,1,0,,,,,,,,
BenchmarkTest01136.java,0,CWE-330,,,,0,0,1,0,0,0,1,0,,,,,,,,
BenchmarkTest01137.java,0,CWE-330,,,,0,0,1,0,0,0,1,0,,,,,,,,
BenchmarkTest01138.java,0,CWE-330,,,,0,0,1,0,0,0,1,0,,,,,,,,
BenchmarkTest01139.java,0,CWE-330,,,,0,0,1,0,0,0,1,0,,,,,,,,
BenchmarkTest01140.java,0,CWE-330,,,,0,0,1,0,0,0,1,0,,,,,,,,
BenchmarkTest01141.java,0,CWE-330,,,,0,0,1,0,0,0,1,0,,,,,,,,
BenchmarkTest01147.java,0,CWE-327,,,,0,0,1,0,0,0,1,0,,,,,,,,
BenchmarkTest01148.java,0,CWE-327,CWE-327,1,0,1,0,0,0,1,0,0,0,3108,0.003885,357,0.00357,2,2e-05,0.007475,3.758281707763672
BenchmarkTest01149.java,0,CWE-327,CWE-327,1,0,1,0,0,0,1,0,0,0,3174,0.0039675,328,0.00328,2,2e-05,0.0072675,4.010134696960449
BenchmarkTest01150.java,0,CWE-327,CWE-327,1,0,1,0,0,0,1,0,0,0,2705,0.00338125,559,0.00559,2,2e-05,0.00899125,5.427798748016357
BenchmarkTest01151.java,0,CWE-327,,,,0,0,1,0,0,0,1,0,,,,,,,,
BenchmarkTest01152.java,0,CWE-327,,,,0,0,1,0,0,0,1,0,,,,,,,,
BenchmarkTest01153.java,0,CWE-327,,,,0,0,1,0,0,0,1,0,,,,,,,,
BenchmarkTest01154.java,0,CWE-90,CWE-90,1,1,0,1,0,0,0,0,1,0,2642,0.0033025,1009,0.01009,2,2e-05,0.013412499999999999,9.591166973114014
BenchmarkTest01155.java,0,CWE-22,CWE-23,0,0,1,0,0,0,1,0,0,0,2576,0.00322,1011,0.01011,2,2e-05,0.013349999999999999,10.147005796432495
BenchmarkTest01156.java,0,CWE-22,CWE-23,0,0,1,0,0,0,1,0,0,0,2785,0.00348125,1309,0.01309,2,2e-05,0.01659125,12.919163227081299
BenchmarkTest01157.java,0,CWE-22,CWE-23,0,0,1,0,0,0,1,0,0,0,2769,0.00346125,1206,0.01206,2,2e-05,0.01554125,12.010762453079224
BenchmarkTest01158.java,0,CWE-22,CWE-23,0,1,0,1,0,0,0,0,1,0,2696,0.00337,1176,0.01176,2,2e-05,0.015149999999999999,10.453795433044434
BenchmarkTest01159.java,0,CWE-22,CWE-23,0,1,0,1,0,0,0,0,1,0,2974,0.0037175,1161,0.01161,2,2e-05,0.0153475,10.438431978225708
BenchmarkTest01160.java,0,CWE-22,CWE-23,0,1,0,1,0,0,0,0,1,0,2590,0.0032375,1009,0.01009,2,2e-05,0.013347499999999998,8.746039152145386
BenchmarkTest01161.java,0,CWE-22,CWE-23,0,0,1,0,0,0,1,0,0,0,2622,0.0032775,1130,0.0113,2,2e-05,0.0145975,10.41300892829895
BenchmarkTest01162.java,0,CWE-330,CWE-330,1,0,1,0,0,0,1,0,0,0,2729,0.00341125,794,0.00794,2,2e-05,0.011371249999999998,7.696866512298584
BenchmarkTest01163.java,0,CWE-330,CWE-330,1,0,1,0,0,0,1,0,0,0,2633,0.00329125,916,0.00916,2,2e-05,0.01247125,9.31286358833313
BenchmarkTest01164.java,0,CWE-328,,,,0,0,1,0,0,0,1,0,,,,,,,,
BenchmarkTest01165.java,0,CWE-328,CWE-916,0,0,1,0,0,0,1,0,0,0,2974,0.0037175,1040,0.0104,2,2e-05,0.014137499999999999,9.830193758010864
BenchmarkTest01166.java,0,CWE-328,CWE-916,0,0,1,0,0,0,1,0,0,0,2686,0.0033575,723,0.00723,2,2e-05,0.010607499999999999,7.243685483932495
BenchmarkTest01167.java,0,CWE-328,CWE-916,0,0,1,0,0,0,1,0,0,0,2641,0.00330125,660,0.0066,2,2e-05,0.00992125,7.02152156829834
BenchmarkTest01168.java,0,CWE-328,,,,0,0,0,1,0,0,0,1,,,,,,,,
BenchmarkTest01169.java,0,CWE-328,,,,0,0,1,0,0,0,1,0,,,,,,,,
BenchmarkTest01170.java,0,CWE-328,,,,0,0,1,0,0,0,1,0,,,,,,,,
BenchmarkTest01171.java,0,CWE-79,CWE-79,1,0,1,0,0,0,1,0,0,0,2640,0.0033,1228,0.01228,2,2e-05,0.0156,12.670740604400635
BenchmarkTest01172.java,0,CWE-79,CWE-79,1,0,1,0,0,0,1,0,0,0,2688,0.00336,1248,0.01248,2,2e-05,0.01586,13.188823938369751
BenchmarkTest01173.java,0,CWE-79,CWE-79,1,0,1,0,0,0,1,0,0,0,2624,0.00328,1054,0.01054,2,2e-05,0.01384,12.683807849884033
BenchmarkTest01174.java,0,CWE-79,CWE-79,1,0,1,0,0,0,1,0,0,0,2579,0.00322375,1079,0.01079,2,2e-05,0.014033749999999998,10.478169918060303
BenchmarkTest01175.java,0,CWE-79,CWE-79,1,1,0,1,0,0,0,0,1,0,2594,0.0032425,928,0.00928,2,2e-05,0.0125425,9.088563442230225
BenchmarkTest01176.java,0,CWE-79,CWE-79,1,1,0,1,0,0,0,0,1,0,2677,0.00334625,1138,0.01138,2,2e-05,0.014746249999999999,10.120755910873413
BenchmarkTest01177.java,0,CWE-79,CWE-79,1,0,1,0,0,0,1,0,0,0,2684,0.003355,1244,0.01244,2,2e-05,0.015815,12.851531267166138
BenchmarkTest01178.java,0,CWE-79,CWE-79,1,0,1,0,0,0,1,0,0,0,2573,0.00321625,1150,0.0115,2,2e-05,0.01473625,11.279359102249146
BenchmarkTest01179.java,0,CWE-79,CWE-79,1,0,1,0,0,0,1,0,0,0,2558,0.0031975,1160,0.0116,2,2e-05,0.014817499999999997,10.431735038757324
BenchmarkTest01180.java,0,CWE-79,CWE-79,1,1,0,1,0,0,0,0,1,0,2645,0.00330625,929,0.00929,2,2e-05,0.012616249999999999,8.715978384017944
BenchmarkTest01181.java,0,CWE-79,CWE-79,1,0,1,0,0,0,1,0,0,0,2614,0.0032675,1146,0.01146,2,2e-05,0.014747499999999998,11.045402526855469
BenchmarkTest01182.java,0,CWE-78,CWE-78,1,1,0,1,0,0,0,0,1,0,2379,0.00297375,1259,0.01259,2,2e-05,0.01558375,12.581891298294067
BenchmarkTest01183.java,0,CWE-330,CWE-330,1,0,1,0,0,0,1,0,0,0,2696,0.00337,690,0.0069,2,2e-05,0.010289999999999999,8.267099857330322
BenchmarkTest01184.java,0,CWE-330,CWE-330,1,0,1,0,0,0,1,0,0,0,2597,0.00324625,623,0.00623,2,2e-05,0.00949625,7.775261402130127
BenchmarkTest01185.java,0,CWE-614,CWE-614,1,0,1,0,0,0,1,0,0,0,2398,0.0029975,757,0.00757,2,2e-05,0.0105875,9.122541189193726
BenchmarkTest01186.java,0,CWE-614,CWE-614,1,0,1,0,0,0,1,0,0,0,2330,0.0029125,612,0.00612,2,2e-05,0.009052499999999998,7.253245830535889
BenchmarkTest01187.java,0,CWE-614,CWE-614,1,0,1,0,0,0,1,0,0,0,2331,0.00291375,640,0.0064,2,2e-05,0.00933375,6.684128046035767
BenchmarkTest01188.java,0,CWE-79,CWE-79,1,1,0,1,0,0,0,0,1,0,2562,0.0032025,937,0.00937,2,2e-05,0.0125925,8.993746519088745
BenchmarkTest01189.java,0,CWE-78,CWE-78,1,1,0,1,0,0,0,0,1,0,2405,0.00300625,1328,0.01328,2,2e-05,0.016306249999999998,11.99415636062622
BenchmarkTest01190.java,0,CWE-78,CWE-78,1,0,1,0,0,0,1,0,0,0,2208,0.00276,1128,0.01128,2,2e-05,0.01406,11.079467296600342
BenchmarkTest01191.java,0,CWE-78,CWE-78,1,0,1,0,0,0,1,0,0,0,2209,0.00276125,1174,0.01174,2,2e-05,0.01452125,11.436589241027832
BenchmarkTest01192.java,0,CWE-78,CWE-78,1,0,1,0,0,0,1,0,0,0,2214,0.0027675,1177,0.01177,2,2e-05,0.014557499999999998,10.723840236663818
BenchmarkTest01193.java,0,CWE-78,CWE-78,1,1,0,1,0,0,0,0,1,0,2419,0.00302375,1169,0.01169,2,2e-05,0.01473375,10.400176525115967
BenchmarkTest01194.java,0,CWE-78,CWE-78,1,0,1,0,0,0,1,0,0,0,2366,0.0029575,1093,0.01093,2,2e-05,0.0139075,9.688431978225708
BenchmarkTest01195.java,0,CWE-330,,,,0,0,1,0,0,0,1,0,,,,,,,,
BenchmarkTest01196.java,0,CWE-330,CWE-330,1,1,0,1,0,0,0,0,1,0,2690,0.0033625,794,0.00794,2,2e-05,0.0113225,8.396227598190308
BenchmarkTest01197.java,0,CWE-330,,,,0,0,1,0,0,0,1,0,,,,,,,,
BenchmarkTest01198.java,0,CWE-330,,,,0,0,1,0,0,0,1,0,,,,,,,,
BenchmarkTest01199.java,0,CWE-330,,,,0,0,1,0,0,0,1,0,,,,,,,,
BenchmarkTest01200.java,0,CWE-330,,,,0,0,1,0,0,0,1,0,,,,,,,,
BenchmarkTest01201.java,0,CWE-330,,,,0,0,1,0,0,0,1,0,,,,,,,,
BenchmarkTest01202.java,0,CWE-330,,,,0,0,1,0,0,0,1,0,,,,,,,,
BenchmarkTest01208.java,0,CWE-89,CWE-89,1,0,1,0,0,0,1,0,0,0,2257,0.00282125,1020,0.0102,2,2e-05,0.01304125,9.82435941696167
BenchmarkTest01209.java,0,CWE-89,CWE-89,1,0,1,0,0,0,1,0,0,0,2279,0.00284875,1147,0.01147,2,2e-05,0.014338749999999999,11.882520914077759
BenchmarkTest01210.java,0,CWE-89,CWE-89,1,0,1,0,0,0,1,0,0,0,2338,0.0029225,819,0.00819,2,2e-05,0.011132499999999998,8.647085189819336
BenchmarkTest01211.java,0,CWE-89,CWE-89,1,0,1,0,0,0,1,0,0,0,2233,0.00279125,713,0.00713,2,2e-05,0.009941249999999999,6.613349676132202
BenchmarkTest01212.java,0,CWE-89,CWE-89,1,1,0,1,0,0,0,0,1,0,2286,0.0028575,1495,0.01495,2,2e-05,0.0178275,13.288541793823242
BenchmarkTest01213.java,0,CWE-89,CWE-89,1,1,0,1,0,0,0,0,1,0,2239,0.00279875,1009,0.01009,2,2e-05,0.01290875,9.17759394645691
BenchmarkTest01214.java,0,CWE-89,CWE-89,1,0,1,0,0,0,1,0,0,0,2290,0.0028625,908,0.00908,2,2e-05,0.0119625,8.001567125320435
BenchmarkTest01215.java,0,CWE-89,,,,0,0,1,0,0,0,1,0,,,,,,,,
BenchmarkTest01216.java,0,CWE-89,CWE-89,1,1,0,1,0,0,0,0,1,0,2259,0.00282375,1551,0.01551,2,2e-05,0.01835375,13.62674880027771
BenchmarkTest01217.java,0,CWE-89,CWE-89,1,1,0,1,0,0,0,0,1,0,2537,0.00317125,1546,0.01546,2,2e-05,0.018651249999999998,14.003681182861328
BenchmarkTest01218.java,0,CWE-89,CWE-89,1,1,0,1,0,0,0,0,1,0,2218,0.0027725,963,0.00963,2,2e-05,0.0124225,8.468708753585815
BenchmarkTest01219.java,0,CWE-89,CWE-89,1,1,0,1,0,0,0,0,1,0,2315,0.00289375,1171,0.01171,2,2e-05,0.01462375,11.273271799087524
BenchmarkTest01220.java,0,CWE-89,CWE-89,1,1,0,1,0,0,0,0,1,0,2203,0.00275375,829,0.00829,2,2e-05,0.01106375,7.5949273109436035
BenchmarkTest01221.java,0,CWE-89,CWE-89,1,0,1,0,0,0,1,0,0,0,2246,0.0028075,1076,0.01076,2,2e-05,0.013587499999999999,9.856947183609009
BenchmarkTest01222.java,0,CWE-89,CWE-89,1,0,1,0,0,0,1,0,0,0,2298,0.0028725,845,0.00845,2,2e-05,0.011342499999999998,8.640570163726807
BenchmarkTest01223.java,0,CWE-643,CWE-643,1,0,1,0,0,0,1,0,0,0,2497,0.00312125,1047,0.01047,2,2e-05,0.013611249999999998,9.452052354812622
BenchmarkTest01224.java,0,CWE-643,CWE-643,1,0,1,0,0,0,1,0,0,0,2354,0.0029425,911,0.00911,2,2e-05,0.0120725,8.91642713546753
BenchmarkTest01225.java,0,CWE-643,CWE-643,1,1,0,1,0,0,0,0,1,0,2311,0.00288875,926,0.00926,2,2e-05,0.012168749999999999,8.30538296699524
BenchmarkTest01226.java,0,CWE-327,,,,0,0,1,0,0,0,1,0,,,,,,,,
BenchmarkTest01227.java,0,CWE-327,,,,0,0,1,0,0,0,1,0,,,,,,,,
BenchmarkTest01228.java,0,CWE-327,CWE-327,1,0,1,0,0,0,1,0,0,0,2574,0.0032175,666,0.00666,2,2e-05,0.0098975,6.645087957382202
BenchmarkTest01229.java,0,CWE-327,CWE-327,1,0,1,0,0,0,1,0,0,0,2612,0.003265,672,0.00672,2,2e-05,0.010005,7.906164884567261
BenchmarkTest01230.java,0,CWE-327,CWE-327,1,0,1,0,0,0,1,0,0,0,2581,0.00322625,589,0.00589,2,2e-05,0.009136249999999999,6.2063148021698
BenchmarkTest01231.java,0,CWE-22,CWE-23,0,0,1,0,0,0,1,0,0,0,2591,0.00323875,1158,0.01158,2,2e-05,0.01483875,10.37235689163208
BenchmarkTest01232.java,0,CWE-22,CWE-23,0,0,1,0,0,0,1,0,0,0,2506,0.0031325,1199,0.01199,2,2e-05,0.0151425,11.101016759872437
BenchmarkTest01233.java,0,CWE-22,CWE-23,0,1,0,1,0,0,0,0,1,0,2572,0.003215,1034,0.01034,2,2e-05,0.013575,9.599787473678589
BenchmarkTest01234.java,0,CWE-22,CWE-23,0,0,1,0,0,0,1,0,0,0,2497,0.00312125,1148,0.01148,2,2e-05,0.014621249999999999,11.300803899765015
BenchmarkTest01235.java,0,CWE-22,CWE-23,0,0,1,0,0,0,1,0,0,0,2736,0.00342,1308,0.01308,2,2e-05,0.01652,13.521446228027344
BenchmarkTest01236.java,0,CWE-22,CWE-23,0,0,1,0,0,0,1,0,0,0,2651,0.00331375,1210,0.0121,2,2e-05,0.01543375,13.467086791992188
BenchmarkTest01237.java,0,CWE-22,CWE-23,0,1,0,1,0,0,0,0,1,0,2657,0.00332125,1030,0.0103,2,2e-05,0.013641249999999999,10.898727178573608
BenchmarkTest01238.java,0,CWE-22,CWE-23,0,0,1,0,0,0,1,0,0,0,2583,0.00322875,919,0.00919,2,2e-05,0.012438749999999998,9.837646007537842
BenchmarkTest01239.java,0,CWE-22,CWE-23,0,1,0,1,0,0,0,0,1,0,2535,0.00316875,1264,0.01264,2,2e-05,0.01582875,12.421305894851685
BenchmarkTest01240.java,0,CWE-22,CWE-23,0,1,0,1,0,0,0,0,1,0,2584,0.00323,1373,0.01373,2,2e-05,0.01698,14.018717050552368
BenchmarkTest01241.java,0,CWE-90,CWE-90,1,0,1,0,0,0,1,0,0,0,2598,0.0032475,1021,0.01021,2,2e-05,0.0134775,9.825587272644043
BenchmarkTest01242.java,0,CWE-90,CWE-90,1,0,1,0,0,0,1,0,0,0,2559,0.00319875,982,0.00982,2,2e-05,0.01303875,9.517569303512573
BenchmarkTest01243.java,0,CWE-90,CWE-90,1,0,1,0,0,0,1,0,0,0,2535,0.00316875,841,0.00841,2,2e-05,0.01159875,7.895851373672485
BenchmarkTest01244.java,0,CWE-328,CWE-916,0,0,1,0,0,0,1,0,0,0,2640,0.0033,1004,0.01004,2,2e-05,0.01336,9.298125267028809
BenchmarkTest01245.java,0,CWE-328,,,,0,0,1,0,0,0,1,0,,,,,,,,
BenchmarkTest01246.java,0,CWE-328,CWE-916,0,0,1,0,0,0,1,0,0,0,2673,0.00334125,841,0.00841,2,2e-05,0.01177125,8.76059365272522
BenchmarkTest01247.java,0,CWE-328,CWE-916,0,0,1,0,0,0,1,0,0,0,2520,0.00315,680,0.0068,2,2e-05,0.00997,8.190789699554443
BenchmarkTest01248.java,0,CWE-328,,,,0,0,0,1,0,0,0,1,,,,,,,,
BenchmarkTest01249.java,0,CWE-328,,,,0,0,1,0,0,0,1,0,,,,,,,,
BenchmarkTest01250.java,0,CWE-328,,,,0,0,1,0,0,0,1,0,,,,,,,,
BenchmarkTest01251.java,0,CWE-79,CWE-79,1,1,0,1,0,0,0,0,1,0,2596,0.003245,894,0.00894,2,2e-05,0.012204999999999999,9.4677255153656
BenchmarkTest01252.java,0,CWE-79,CWE-79,1,1,0,1,0,0,0,0,1,0,2627,0.00328375,934,0.00934,2,2e-05,0.012643749999999999,8.331708908081055
BenchmarkTest01253.java,0,CWE-79,CWE-79,1,0,1,0,0,0,1,0,0,0,2632,0.00329,1415,0.01415,2,2e-05,0.01746,12.140869617462158
BenchmarkTest01254.java,0,CWE-79,CWE-79,1,0,1,0,0,0,1,0,0,0,2842,0.0035525,1825,0.01825,2,2e-05,0.021822499999999998,16.144190311431885
BenchmarkTest01255.java,0,CWE-79,CWE-79,1,1,0,1,0,0,0,0,1,0,2519,0.00314875,818,0.00818,2,2e-05,0.01134875,8.154160976409912
BenchmarkTest01256.java,0,CWE-79,CWE-79,1,1,0,1,0,0,0,0,1,0,2601,0.00325125,990,0.0099,2,2e-05,0.013171249999999999,11.179267644882202
BenchmarkTest01257.java,0,CWE-79,CWE-79,1,0,1,0,0,0,1,0,0,0,2533,0.00316625,1139,0.01139,2,2e-05,0.014576249999999999,10.547597885131836
BenchmarkTest01258.java,0,CWE-79,CWE-79,1,0,1,0,0,0,1,0,0,0,2599,0.00324875,1022,0.01022,2,2e-05,0.013488749999999999,8.952792406082153
BenchmarkTest01259.java,0,CWE-79,CWE-79,1,0,1,0,0,0,1,0,0,0,2642,0.0033025,1038,0.01038,2,2e-05,0.0137025,9.249714612960815
BenchmarkTest01260.java,0,CWE-79,CWE-79,1,0,1,0,0,0,1,0,0,0,2542,0.0031775,853,0.00853,2,2e-05,0.011727499999999998,8.192950010299683
BenchmarkTest01261.java,0,CWE-79,CWE-79,1,0,1,0,0,0,1,0,0,0,2842,0.0035525,2049,0.02049,2,2e-05,0.0240625,17.341596126556396
BenchmarkTest01262.java,0,CWE-79,CWE-79,1,0,1,0,0,0,1,0,0,0,2538,0.0031725,860,0.0086,2,2e-05,0.0117925,8.960482597351074
BenchmarkTest01263.java,0,CWE-79,CWE-79,1,0,1,0,0,0,1,0,0,0,2607,0.00325875,1075,0.01075,2,2e-05,0.014028749999999998,10.151536226272583
BenchmarkTest01264.java,0,CWE-79,CWE-79,1,1,0,1,0,0,0,0,1,0,2512,0.00314,692,0.00692,2,2e-05,0.010079999999999999,6.948052406311035
BenchmarkTest01265.java,0,CWE-79,CWE-79,1,1,0,1,0,0,0,0,1,0,2574,0.0032175,1060,0.0106,2,2e-05,0.013837499999999999,10.209044694900513
BenchmarkTest01266.java,0,CWE-79,CWE-79,1,0,1,0,0,0,1,0,0,0,2547,0.00318375,1072,0.01072,2,2e-05,0.013923749999999999,10.61396074295044
BenchmarkTest01267.java,0,CWE-79,CWE-79,1,0,1,0,0,0,1,0,0,0,2617,0.00327125,1084,0.01084,2,2e-05,0.01413125,10.566875457763672
BenchmarkTest01268.java,0,CWE-79,CWE-79,1,0,1,0,0,0,1,0,0,0,2873,0.00359125,1566,0.01566,2,2e-05,0.01927125,14.940219163894653
BenchmarkTest01269.java,0,CWE-78,CWE-78,1,1,0,1,0,0,0,0,1,0,2279,0.00284875,1069,0.01069,2,2e-05,0.01355875,9.752588748931885
BenchmarkTest01270.java,0,CWE-78,CWE-78,1,0,1,0,0,0,1,0,0,0,2271,0.00283875,985,0.00985,2,2e-05,0.012708749999999998,8.79700493812561
BenchmarkTest01271.java,0,CWE-330,CWE-330,1,0,1,0,0,0,1,0,0,0,2877,0.00359625,663,0.00663,2,2e-05,0.010246249999999998,6.208832263946533
BenchmarkTest01272.java,0,CWE-330,CWE-330,1,0,1,0,0,0,1,0,0,0,2534,0.0031675,776,0.00776,2,2e-05,0.010947499999999999,7.051053524017334
BenchmarkTest01273.java,0,CWE-330,CWE-330,1,0,1,0,0,0,1,0,0,0,2557,0.00319625,813,0.00813,2,2e-05,0.011346249999999999,7.36887526512146
BenchmarkTest01274.java,0,CWE-330,CWE-330,1,0,1,0,0,0,1,0,0,0,2514,0.0031425,578,0.00578,2,2e-05,0.008942499999999999,6.631709337234497
BenchmarkTest01275.java,0,CWE-330,CWE-330,1,0,1,0,0,0,1,0,0,0,2543,0.00317875,583,0.00583,2,2e-05,0.009028749999999999,6.01346492767334
BenchmarkTest01276.java,0,CWE-330,CWE-330,1,0,1,0,0,0,1,0,0,0,2850,0.0035625,718,0.00718,2,2e-05,0.0107625,6.861122131347656
BenchmarkTest01277.java,0,CWE-330,CWE-330,1,0,1,0,0,0,1,0,0,0,2547,0.00318375,613,0.00613,2,2e-05,0.009333749999999998,5.973397731781006
BenchmarkTest01278.java,0,CWE-330,CWE-330,1,0,1,0,0,0,1,0,0,0,2551,0.00318875,753,0.00753,2,2e-05,0.01073875,7.3423168659210205
BenchmarkTest01279.java,0,CWE-330,CWE-330,1,0,1,0,0,0,1,0,0,0,2555,0.00319375,567,0.00567,2,2e-05,0.00888375,5.69799280166626
BenchmarkTest01280.java,0,CWE-614,CWE-614,1,0,1,0,0,0,1,0,0,0,2322,0.0029025,551,0.00551,2,2e-05,0.008432499999999999,6.101318120956421
BenchmarkTest01281.java,0,CWE-614,CWE-614,1,0,1,0,0,0,1,0,0,0,2286,0.0028575,909,0.00909,2,2e-05,0.011967499999999999,9.370751857757568
BenchmarkTest01282.java,0,CWE-614,CWE-614,1,0,1,0,0,0,1,0,0,0,2311,0.00288875,527,0.00527,2,2e-05,0.008178749999999999,5.873663663864136
BenchmarkTest01283.java,0,CWE-614,CWE-614,1,0,1,0,0,0,1,0,0,0,2313,0.00289125,1009,0.01009,2,2e-05,0.013001249999999999,10.561867713928223
BenchmarkTest01284.java,0,CWE-79,CWE-79,1,0,1,0,0,0,1,0,0,0,2588,0.003235,1101,0.01101,2,2e-05,0.014265,9.528154850006104
BenchmarkTest01285.java,0,CWE-78,CWE-78,1,0,1,0,0,0,1,0,0,0,2283,0.00285375,967,0.00967,2,2e-05,0.01254375,9.481212377548218
BenchmarkTest01286.java,0,CWE-78,CWE-78,1,0,1,0,0,0,1,0,0,0,2404,0.003005,1253,0.01253,2,2e-05,0.015555,10.992730140686035
BenchmarkTest01287.java,0,CWE-78,CWE-78,1,0,1,0,0,0,1,0,0,0,2190,0.0027375,1662,0.01662,2,2e-05,0.0193775,16.16786217689514
BenchmarkTest01288.java,0,CWE-78,CWE-78,1,0,1,0,0,0,1,0,0,0,2257,0.00282125,1725,0.01725,2,2e-05,0.02009125,16.66438937187195
BenchmarkTest01289.java,0,CWE-78,CWE-78,1,1,0,1,0,0,0,0,1,0,2297,0.00287125,892,0.00892,2,2e-05,0.01181125,8.10545039176941
BenchmarkTest01290.java,0,CWE-78,CWE-78,1,1,0,1,0,0,0,0,1,0,2155,0.00269375,784,0.00784,2,2e-05,0.010553749999999999,6.867412090301514
BenchmarkTest01291.java,0,CWE-330,,,,0,0,1,0,0,0,1,0,,,,,,,,
BenchmarkTest01292.java,0,CWE-330,,,,0,0,1,0,0,0,1,0,,,,,,,,
BenchmarkTest01293.java,0,CWE-330,,,,0,0,1,0,0,0,1,0,,,,,,,,
BenchmarkTest01294.java,0,CWE-330,,,,0,0,1,0,0,0,1,0,,,,,,,,
BenchmarkTest01295.java,0,CWE-330,,,,0,0,1,0,0,0,1,0,,,,,,,,
BenchmarkTest01296.java,0,CWE-330,,,,0,0,1,0,0,0,1,0,,,,,,,,
BenchmarkTest01297.java,0,CWE-330,,,,0,0,1,0,0,0,1,0,,,,,,,,
BenchmarkTest01298.java,0,CWE-330,,,,0,0,1,0,0,0,1,0,,,,,,,,
BenchmarkTest01301.java,0,CWE-89,CWE-89,1,1,0,1,0,0,0,0,1,0,2525,0.00315625,1362,0.01362,2,2e-05,0.01679625,13.05915904045105
BenchmarkTest01302.java,0,CWE-89,CWE-89,1,0,1,0,0,0,1,0,0,0,2251,0.00281375,790,0.0079,2,2e-05,0.01073375,8.480689287185669
BenchmarkTest01303.java,0,CWE-89,CWE-89,1,0,0,1,0,0,0,1,0,0,2237,0.00279625,9518,0.09518,2,2e-05,0.09799625000000001,81.96832799911499
BenchmarkTest01304.java,0,CWE-89,CWE-89,1,0,1,0,0,0,1,0,0,0,2269,0.00283625,875,0.00875,2,2e-05,0.01160625,7.872942686080933
BenchmarkTest01305.java,0,CWE-89,CWE-89,1,1,0,1,0,0,0,0,1,0,2193,0.00274125,916,0.00916,2,2e-05,0.01192125,8.89948296546936
BenchmarkTest01306.java,0,CWE-89,CWE-89,1,0,1,0,0,0,1,0,0,0,2220,0.002775,864,0.00864,2,2e-05,0.011434999999999999,8.723384141921997
BenchmarkTest01307.java,0,CWE-89,CWE-89,1,1,0,1,0,0,0,0,1,0,2193,0.00274125,986,0.00986,2,2e-05,0.01262125,9.204060554504395
BenchmarkTest01308.java,0,CWE-89,,,,0,0,0,1,0,0,0,1,,,,,,,,
BenchmarkTest01309.java,0,CWE-89,,,,0,0,1,0,0,0,1,0,,,,,,,,
BenchmarkTest01310.java,0,CWE-89,CWE-89,1,1,0,1,0,0,0,0,1,0,2200,0.00275,1767,0.01767,2,2e-05,0.02044,14.881676197052002
BenchmarkTest01311.java,0,CWE-89,CWE-89,1,0,1,0,0,0,1,0,0,0,2157,0.00269625,868,0.00868,2,2e-05,0.01139625,8.226080417633057
BenchmarkTest01312.java,0,CWE-89,CWE-89,1,0,1,0,0,0,1,0,0,0,2255,0.00281875,786,0.00786,2,2e-05,0.01069875,8.01404595375061
BenchmarkTest01313.java,0,CWE-89,CWE-89,1,0,1,0,0,0,1,0,0,0,2200,0.00275,848,0.00848,2,2e-05,0.01125,8.64518666267395
BenchmarkTest01314.java,0,CWE-89,CWE-89,1,0,1,0,0,0,1,0,0,0,2161,0.00270125,787,0.00787,2,2e-05,0.01059125,8.575790643692017
BenchmarkTest01315.java,0,CWE-89,CWE-89,1,1,0,1,0,0,0,0,1,0,2169,0.00271125,1008,0.01008,2,2e-05,0.01281125,9.172207355499268
BenchmarkTest01316.java,0,CWE-643,CWE-643,1,0,1,0,0,0,1,0,0,0,2269,0.00283625,891,0.00891,2,2e-05,0.011766249999999999,9.156100511550903
BenchmarkTest01317.java,0,CWE-327,CWE-327,1,0,1,0,0,0,1,0,0,0,3073,0.00384125,448,0.00448,2,2e-05,0.008341249999999998,4.626664400100708
BenchmarkTest01318.java,0,CWE-327,CWE-327,1,0,1,0,0,0,1,0,0,0,3355,0.00419375,791,0.00791,2,2e-05,0.012123749999999999,7.778515815734863
BenchmarkTest01319.java,0,CWE-327,,,,0,0,1,0,0,0,1,0,,,,,,,,
BenchmarkTest01320.java,0,CWE-327,CWE-327,1,0,1,0,0,0,1,0,0,0,3130,0.0039125,578,0.00578,2,2e-05,0.009712499999999999,5.927459478378296
BenchmarkTest01321.java,0,CWE-327,,,,0,0,1,0,0,0,1,0,,,,,,,,
BenchmarkTest01322.java,0,CWE-327,CWE-327,1,0,1,0,0,0,1,0,0,0,2615,0.00326875,533,0.00533,2,2e-05,0.008618749999999998,5.542363882064819
BenchmarkTest01323.java,0,CWE-327,CWE-327,1,0,1,0,0,0,1,0,0,0,2735,0.00341875,698,0.00698,2,2e-05,0.01041875,7.01797080039978
BenchmarkTest01324.java,0,CWE-327,,,,0,0,1,0,0,0,1,0,,,,,,,,
BenchmarkTest01325.java,0,CWE-327,CWE-327,1,0,1,0,0,0,1,0,0,0,2767,0.00345875,473,0.00473,2,2e-05,0.008208749999999999,5.127096652984619
BenchmarkTest01326.java,0,CWE-90,CWE-90,1,0,1,0,0,0,1,0,0,0,2604,0.003255,985,0.00985,2,2e-05,0.013124999999999998,8.972704410552979
BenchmarkTest01327.java,0,CWE-90,CWE-90,1,1,0,1,0,0,0,0,1,0,2681,0.00335125,1002,0.01002,2,2e-05,0.013391249999999999,9.49733567237854
BenchmarkTest01328.java,0,CWE-22,CWE-23,0,1,0,1,0,0,0,0,1,0,3019,0.00377375,1365,0.01365,2,2e-05,0.01744375,11.84839677810669
BenchmarkTest01329.java,0,CWE-22,CWE-23,0,0,1,0,0,0,1,0,0,0,2755,0.00344375,1304,0.01304,2,2e-05,0.016503749999999998,14.390312910079956
BenchmarkTest01330.java,0,CWE-22,CWE-23,0,0,1,0,0,0,1,0,0,0,2583,0.00322875,780,0.0078,2,2e-05,0.01104875,8.283154964447021
BenchmarkTest01331.java,0,CWE-22,CWE-23,0,1,0,1,0,0,0,0,1,0,2619,0.00327375,1119,0.01119,2,2e-05,0.01448375,12.411017894744873
BenchmarkTest01332.java,0,CWE-328,,,,0,0,1,0,0,0,1,0,,,,,,,,
BenchmarkTest01333.java,0,CWE-328,CWE-916,0,0,1,0,0,0,1,0,0,0,2536,0.00317,809,0.00809,2,2e-05,0.011279999999999998,9.509217023849487
BenchmarkTest01334.java,0,CWE-328,CWE-916,0,0,1,0,0,0,1,0,0,0,2600,0.00325,577,0.00577,2,2e-05,0.00904,6.361838102340698
BenchmarkTest01335.java,0,CWE-79,CWE-79,1,0,1,0,0,0,1,0,0,0,2745,0.00343125,1239,0.01239,2,2e-05,0.015841249999999998,11.279900550842285
BenchmarkTest01336.java,0,CWE-79,CWE-79,1,1,0,1,0,0,0,0,1,0,2598,0.0032475,1151,0.01151,2,2e-05,0.014777499999999999,9.784276485443115
BenchmarkTest01337.java,0,CWE-79,CWE-79,1,0,1,0,0,0,1,0,0,0,2580,0.003225,1251,0.01251,2,2e-05,0.015754999999999998,11.046919345855713
BenchmarkTest01338.java,0,CWE-79,CWE-79,1,1,0,1,0,0,0,0,1,0,2631,0.00328875,1312,0.01312,2,2e-05,0.01642875,12.368200063705444
BenchmarkTest01339.java,0,CWE-79,CWE-79,1,1,0,1,0,0,0,0,1,0,2553,0.00319125,828,0.00828,2,2e-05,0.011491249999999998,7.847291707992554
BenchmarkTest01340.java,0,CWE-79,CWE-79,1,1,0,1,0,0,0,0,1,0,2684,0.003355,1072,0.01072,2,2e-05,0.014095,9.761762380599976
BenchmarkTest01341.java,0,CWE-79,CWE-79,1,1,0,1,0,0,0,0,1,0,2948,0.003685,1458,0.01458,2,2e-05,0.018285,12.66152811050415
BenchmarkTest01342.java,0,CWE-79,CWE-79,1,1,0,1,0,0,0,0,1,0,2584,0.00323,845,0.00845,2,2e-05,0.011699999999999999,8.898887157440186
BenchmarkTest01343.java,0,CWE-79,CWE-79,1,1,0,1,0,0,0,0,1,0,2644,0.003305,1101,0.01101,2,2e-05,0.014335,10.560746431350708
BenchmarkTest01344.java,0,CWE-79,CWE-79,1,1,0,1,0,0,0,0,1,0,2668,0.003335,943,0.00943,2,2e-05,0.012784999999999998,9.360443353652954
BenchmarkTest01345.java,0,CWE-79,CWE-79,1,1,0,1,0,0,0,0,1,0,2579,0.00322375,857,0.00857,2,2e-05,0.011813749999999998,9.790004014968872
BenchmarkTest01346.java,0,CWE-79,CWE-79,1,0,1,0,0,0,1,0,0,0,2648,0.00331,972,0.00972,2,2e-05,0.013049999999999999,8.819704532623291
BenchmarkTest01347.java,0,CWE-79,CWE-79,1,0,1,0,0,0,1,0,0,0,2880,0.0036,2218,0.02218,2,2e-05,0.025799999999999997,19.39883804321289
BenchmarkTest01348.java,0,CWE-79,CWE-79,1,1,0,1,0,0,0,0,1,0,2551,0.00318875,709,0.00709,2,2e-05,0.010298749999999999,6.8306872844696045
BenchmarkTest01349.java,0,CWE-79,CWE-79,1,0,1,0,0,0,1,0,0,0,2571,0.00321375,1086,0.01086,2,2e-05,0.014093749999999999,10.43825626373291
BenchmarkTest01350.java,0,CWE-79,CWE-79,1,0,1,0,0,0,1,0,0,0,2609,0.00326125,1265,0.01265,2,2e-05,0.015931249999999997,11.653199911117554
BenchmarkTest01351.java,0,CWE-79,CWE-79,1,1,0,1,0,0,0,0,1,0,2591,0.00323875,746,0.00746,2,2e-05,0.010718749999999999,7.422173023223877
BenchmarkTest01352.java,0,CWE-79,CWE-79,1,1,0,1,0,0,0,0,1,0,2553,0.00319125,798,0.00798,2,2e-05,0.011191249999999998,8.564106702804565
BenchmarkTest01353.java,0,CWE-78,CWE-78,1,1,0,1,0,0,0,0,1,0,2386,0.0029825,793,0.00793,2,2e-05,0.010932499999999998,7.74016261100769
BenchmarkTest01354.java,0,CWE-330,CWE-330,1,0,1,0,0,0,1,0,0,0,2597,0.00324625,824,0.00824,2,2e-05,0.011506249999999999,8.815696716308594
BenchmarkTest01355.java,0,CWE-330,CWE-330,1,0,1,0,0,0,1,0,0,0,2601,0.00325125,578,0.00578,2,2e-05,0.00905125,6.003661155700684
BenchmarkTest01356.java,0,CWE-330,CWE-330,1,0,1,0,0,0,1,0,0,0,2625,0.00328125,1034,0.01034,2,2e-05,0.013641249999999999,10.354886531829834
BenchmarkTest01357.java,0,CWE-330,CWE-330,1,0,1,0,0,0,1,0,0,0,2623,0.00327875,692,0.00692,2,2e-05,0.010218749999999999,6.884549140930176
BenchmarkTest01358.java,0,CWE-330,CWE-330,1,0,1,0,0,0,1,0,0,0,2637,0.00329625,723,0.00723,2,2e-05,0.01054625,7.2038068771362305
BenchmarkTest01359.java,0,CWE-614,,,,0,0,1,0,0,0,1,0,,,,,,,,
BenchmarkTest01360.java,0,CWE-78,CWE-78,1,0,1,0,0,0,1,0,0,0,2352,0.00294,1162,0.01162,2,2e-05,0.01458,10.362776279449463
BenchmarkTest01361.java,0,CWE-78,CWE-78,1,0,1,0,0,0,1,0,0,0,2161,0.00270125,904,0.00904,2,2e-05,0.01176125,9.289297580718994
BenchmarkTest01362.java,0,CWE-78,CWE-78,1,0,1,0,0,0,1,0,0,0,2484,0.003105,1704,0.01704,2,2e-05,0.020165,16.567402362823486
BenchmarkTest01363.java,0,CWE-78,CWE-78,1,0,1,0,0,0,1,0,0,0,2222,0.0027775,1106,0.01106,2,2e-05,0.0138575,10.184215307235718
BenchmarkTest01364.java,0,CWE-78,CWE-78,1,1,0,1,0,0,0,0,1,0,2201,0.00275125,1103,0.01103,2,2e-05,0.01380125,10.188681364059448
BenchmarkTest01365.java,0,CWE-78,CWE-78,1,1,0,1,0,0,0,0,1,0,2318,0.0028975,1043,0.01043,2,2e-05,0.013347499999999998,10.460631370544434
BenchmarkTest01366.java,0,CWE-330,,,,0,0,1,0,0,0,1,0,,,,,,,,
BenchmarkTest01367.java,0,CWE-330,,,,0,0,1,0,0,0,1,0,,,,,,,,
BenchmarkTest01368.java,0,CWE-330,,,,0,0,1,0,0,0,1,0,,,,,,,,
BenchmarkTest01369.java,0,CWE-330,,,,0,0,1,0,0,0,1,0,,,,,,,,
BenchmarkTest01370.java,0,CWE-330,,,,0,0,1,0,0,0,1,0,,,,,,,,
BenchmarkTest01371.java,0,CWE-330,,,,0,0,1,0,0,0,1,0,,,,,,,,
BenchmarkTest01372.java,0,CWE-330,,,,0,0,1,0,0,0,1,0,,,,,,,,
BenchmarkTest01373.java,0,CWE-330,,,,0,0,1,0,0,0,1,0,,,,,,,,
BenchmarkTest01378.java,0,CWE-89,CWE-89,1,1,0,1,0,0,0,0,1,0,2569,0.00321125,1432,0.01432,2,2e-05,0.017551249999999997,13.43524694442749
BenchmarkTest01379.java,0,CWE-89,CWE-89,1,0,1,0,0,0,1,0,0,0,2301,0.00287625,1057,0.01057,2,2e-05,0.013466249999999999,9.919496774673462
BenchmarkTest01380.java,0,CWE-89,CWE-89,1,1,0,1,0,0,0,0,1,0,2258,0.0028225,804,0.00804,2,2e-05,0.0108825,7.650384187698364
BenchmarkTest01381.java,0,CWE-89,CWE-89,1,0,1,0,0,0,1,0,0,0,2228,0.002785,926,0.00926,2,2e-05,0.012065,9.091100215911865
BenchmarkTest01382.java,0,CWE-89,CWE-89,1,0,1,0,0,0,1,0,0,0,2235,0.00279375,907,0.00907,2,2e-05,0.011883749999999998,8.308476448059082
BenchmarkTest01383.java,0,CWE-89,CWE-89,1,0,1,0,0,0,1,0,0,0,2248,0.00281,963,0.00963,2,2e-05,0.012459999999999999,8.760481357574463
BenchmarkTest01384.java,0,CWE-89,CWE-89,1,0,1,0,0,0,1,0,0,0,2228,0.002785,931,0.00931,2,2e-05,0.012115,8.478503465652466
BenchmarkTest01385.java,0,CWE-89,CWE-89,1,1,0,1,0,0,0,0,1,0,2300,0.002875,928,0.00928,2,2e-05,0.012174999999999998,9.509936332702637
BenchmarkTest01386.java,0,CWE-89,,,,0,0,1,0,0,0,1,0,,,,,,,,
BenchmarkTest01387.java,0,CWE-89,,,,0,0,1,0,0,0,1,0,,,,,,,,
BenchmarkTest01388.java,0,CWE-89,,,,0,0,0,1,0,0,0,1,,,,,,,,
BenchmarkTest01389.java,0,CWE-89,,,,0,0,1,0,0,0,1,0,,,,,,,,
BenchmarkTest01390.java,0,CWE-89,,,,0,0,0,1,0,0,0,1,,,,,,,,
BenchmarkTest01391.java,0,CWE-89,CWE-89,1,0,1,0,0,0,1,0,0,0,2285,0.00285625,831,0.00831,2,2e-05,0.011186249999999998,8.028764963150024
BenchmarkTest01392.java,0,CWE-89,CWE-89,1,1,0,1,0,0,0,0,1,0,2205,0.00275625,987,0.00987,2,2e-05,0.01264625,9.723451614379883
BenchmarkTest01393.java,0,CWE-89,CWE-89,1,1,0,1,0,0,0,0,1,0,2532,0.003165,1344,0.01344,2,2e-05,0.016625,12.756903409957886
BenchmarkTest01394.java,0,CWE-89,CWE-89,1,0,1,0,0,0,1,0,0,0,2285,0.00285625,1049,0.01049,2,2e-05,0.013366249999999998,10.06460952758789
BenchmarkTest01395.java,0,CWE-89,CWE-89,1,0,1,0,0,0,1,0,0,0,2204,0.002755,972,0.00972,2,2e-05,0.012495,8.998646974563599
BenchmarkTest01396.java,0,CWE-89,CWE-89,1,0,1,0,0,0,1,0,0,0,2205,0.00275625,998,0.00998,2,2e-05,0.012756249999999998,9.465768575668335
BenchmarkTest01397.java,0,CWE-643,CWE-643,1,1,0,1,0,0,0,0,1,0,2310,0.0028875,1071,0.01071,2,2e-05,0.0136175,9.455886363983154
BenchmarkTest01398.java,0,CWE-327,CWE-327,1,0,1,0,0,0,1,0,0,0,3502,0.0043775,381,0.00381,2,2e-05,0.0082075,4.357836961746216
BenchmarkTest01399.java,0,CWE-327,,,,0,0,1,0,0,0,1,0,,,,,,,,
BenchmarkTest01400.java,0,CWE-327,,,,0,0,1,0,0,0,1,0,,,,,,,,
BenchmarkTest01401.java,0,CWE-327,,,,0,0,1,0,0,0,1,0,,,,,,,,
BenchmarkTest01402.java,0,CWE-90,CWE-90,1,1,0,1,0,0,0,0,1,0,2645,0.00330625,813,0.00813,2,2e-05,0.01145625,7.523682594299316
BenchmarkTest01403.java,0,CWE-22,CWE-23,0,0,1,0,0,0,1,0,0,0,2625,0.00328125,1462,0.01462,2,2e-05,0.01792125,13.531022548675537
BenchmarkTest01404.java,0,CWE-22,CWE-23,0,1,0,1,0,0,0,0,1,0,2930,0.0036625,1560,0.0156,2,2e-05,0.019282499999999998,13.2980318069458
BenchmarkTest01405.java,0,CWE-22,CWE-23,0,0,1,0,0,0,1,0,0,0,2760,0.00345,985,0.00985,2,2e-05,0.013319999999999999,9.012714147567749
BenchmarkTest01406.java,0,CWE-22,CWE-23,0,1,0,1,0,0,0,0,1,0,2783,0.00347875,1254,0.01254,2,2e-05,0.01603875,12.012127876281738
BenchmarkTest01407.java,0,CWE-22,CWE-23,0,1,0,1,0,0,0,0,1,0,2611,0.00326375,757,0.00757,2,2e-05,0.010853749999999999,7.713134765625
BenchmarkTest01408.java,0,CWE-22,CWE-23,0,0,1,0,0,0,1,0,0,0,2650,0.0033125,1262,0.01262,2,2e-05,0.015952499999999998,12.545300006866455
BenchmarkTest01409.java,0,CWE-22,CWE-23,0,1,0,1,0,0,0,0,1,0,2927,0.00365875,970,0.0097,2,2e-05,0.01337875,9.509528636932373
BenchmarkTest01410.java,0,CWE-328,,,,0,0,1,0,0,0,1,0,,,,,,,,
BenchmarkTest01411.java,0,CWE-328,CWE-916,0,0,1,0,0,0,1,0,0,0,2726,0.0034075,958,0.00958,2,2e-05,0.013007499999999998,9.555774688720703
BenchmarkTest01412.java,0,CWE-328,,,,0,0,1,0,0,0,1,0,,,,,,,,
BenchmarkTest01413.java,0,CWE-328,,,,0,0,1,0,0,0,1,0,,,,,,,,
BenchmarkTest01414.java,0,CWE-328,,,,0,0,0,1,0,0,0,1,,,,,,,,
BenchmarkTest01415.java,0,CWE-328,,,,0,0,0,1,0,0,0,1,,,,,,,,
BenchmarkTest01416.java,0,CWE-328,,,,0,0,0,1,0,0,0,1,,,,,,,,
BenchmarkTest01417.java,0,CWE-79,CWE-79,1,0,1,0,0,0,1,0,0,0,2704,0.00338,794,0.00794,2,2e-05,0.01134,8.01076364517212
BenchmarkTest01418.java,0,CWE-79,CWE-79,1,0,1,0,0,0,1,0,0,0,2713,0.00339125,1389,0.01389,2,2e-05,0.017301249999999997,13.177208662033081
BenchmarkTest01419.java,0,CWE-79,CWE-79,1,1,0,1,0,0,0,0,1,0,2688,0.00336,916,0.00916,2,2e-05,0.012539999999999999,8.417103290557861
BenchmarkTest01420.java,0,CWE-79,CWE-79,1,1,0,1,0,0,0,0,1,0,2635,0.00329375,901,0.00901,2,2e-05,0.01232375,8.256193161010742
BenchmarkTest01421.java,0,CWE-79,CWE-79,1,1,0,1,0,0,0,0,1,0,2691,0.00336375,1327,0.01327,2,2e-05,0.01665375,11.700118780136108
BenchmarkTest01422.java,0,CWE-79,CWE-79,1,1,0,1,0,0,0,0,1,0,2790,0.0034875,1121,0.01121,2,2e-05,0.014717499999999998,10.973441362380981
BenchmarkTest01423.java,0,CWE-79,CWE-79,1,0,1,0,0,0,1,0,0,0,2640,0.0033,1127,0.01127,2,2e-05,0.014589999999999999,9.8926100730896
BenchmarkTest01424.java,0,CWE-79,CWE-79,1,0,1,0,0,0,1,0,0,0,2675,0.00334375,1109,0.01109,2,2e-05,0.014453749999999998,10.611693620681763
BenchmarkTest01425.java,0,CWE-79,CWE-79,1,1,0,1,0,0,0,0,1,0,2718,0.0033975,1085,0.01085,2,2e-05,0.014267499999999999,10.891523361206055
BenchmarkTest01426.java,0,CWE-79,CWE-79,1,0,1,0,0,0,1,0,0,0,2724,0.003405,1086,0.01086,2,2e-05,0.014284999999999999,11.53629469871521
BenchmarkTest01427.java,0,CWE-79,CWE-79,1,0,1,0,0,0,1,0,0,0,2615,0.00326875,961,0.00961,2,2e-05,0.01289875,10.458502769470215
BenchmarkTest01428.java,0,CWE-79,CWE-79,1,0,1,0,0,0,1,0,0,0,2622,0.0032775,1053,0.01053,2,2e-05,0.0138275,10.725780963897705
BenchmarkTest01429.java,0,CWE-79,CWE-79,1,0,1,0,0,0,1,0,0,0,2726,0.0034075,1005,0.01005,2,2e-05,0.0134775,9.708542346954346
BenchmarkTest01430.java,0,CWE-78,CWE-78,1,0,1,0,0,0,1,0,0,0,2430,0.0030375,1230,0.0123,2,2e-05,0.0153575,11.407365083694458
BenchmarkTest01431.java,0,CWE-330,CWE-330,1,0,1,0,0,0,1,0,0,0,2653,0.00331625,773,0.00773,2,2e-05,0.01106625,8.006382465362549
BenchmarkTest01432.java,0,CWE-330,CWE-330,1,0,1,0,0,0,1,0,0,0,2721,0.00340125,662,0.00662,2,2e-05,0.01004125,6.361303806304932
BenchmarkTest01433.java,0,CWE-330,CWE-330,1,0,1,0,0,0,1,0,0,0,2674,0.0033425,788,0.00788,2,2e-05,0.011242499999999999,7.513227462768555
BenchmarkTest01434.java,0,CWE-330,CWE-330,1,0,1,0,0,0,1,0,0,0,2666,0.0033325,968,0.00968,2,2e-05,0.013032499999999999,9.370721101760864
BenchmarkTest01435.java,0,CWE-330,CWE-330,1,0,1,0,0,0,1,0,0,0,2641,0.00330125,930,0.0093,2,2e-05,0.012621249999999999,8.674312114715576
BenchmarkTest01436.java,0,CWE-614,,,,0,0,1,0,0,0,1,0,,,,,,,,
BenchmarkTest01437.java,0,CWE-79,CWE-79,1,0,1,0,0,0,1,0,0,0,2708,0.003385,1167,0.01167,2,2e-05,0.015074999999999998,10.99915623664856
BenchmarkTest01438.java,0,CWE-79,CWE-79,1,0,1,0,0,0,1,0,0,0,2964,0.003705,2054,0.02054,2,2e-05,0.024265,18.699739456176758
BenchmarkTest01439.java,0,CWE-79,CWE-79,1,1,0,1,0,0,0,0,1,0,2770,0.0034625,801,0.00801,2,2e-05,0.0114925,8.05953049659729
BenchmarkTest01440.java,0,CWE-78,CWE-78,1,1,0,1,0,0,0,0,1,0,2354,0.0029425,871,0.00871,2,2e-05,0.011672499999999999,8.814131259918213
BenchmarkTest01441.java,0,CWE-78,CWE-78,1,0,1,0,0,0,1,0,0,0,2472,0.00309,1099,0.01099,2,2e-05,0.014099999999999998,10.751773357391357
BenchmarkTest01442.java,0,CWE-78,CWE-78,1,0,1,0,0,0,1,0,0,0,2351,0.00293875,1628,0.01628,2,2e-05,0.01923875,14.429385900497437
BenchmarkTest01443.java,0,CWE-78,CWE-78,1,1,0,1,0,0,0,0,1,0,2369,0.00296125,900,0.009,2,2e-05,0.011981249999999999,8.268312931060791
BenchmarkTest01444.java,0,CWE-78,CWE-78,1,1,0,1,0,0,0,0,1,0,2316,0.002895,1297,0.01297,2,2e-05,0.015885,11.419217109680176
BenchmarkTest01445.java,0,CWE-78,CWE-78,1,1,0,1,0,0,0,0,1,0,2367,0.00295875,1155,0.01155,2,2e-05,0.014528749999999998,9.918803691864014
BenchmarkTest01446.java,0,CWE-78,CWE-78,1,0,1,0,0,0,1,0,0,0,2417,0.00302125,930,0.0093,2,2e-05,0.012341249999999998,9.205413818359375
BenchmarkTest01447.java,0,CWE-330,,,,0,0,1,0,0,0,1,0,,,,,,,,
BenchmarkTest01448.java,0,CWE-330,,,,0,0,1,0,0,0,1,0,,,,,,,,
BenchmarkTest01449.java,0,CWE-330,CWE-330,1,1,0,1,0,0,0,0,1,0,2816,0.00352,872,0.00872,2,2e-05,0.01226,8.222129583358765
BenchmarkTest01450.java,0,CWE-330,,,,0,0,1,0,0,0,1,0,,,,,,,,
BenchmarkTest01451.java,0,CWE-330,,,,0,0,1,0,0,0,1,0,,,,,,,,
BenchmarkTest01452.java,0,CWE-330,,,,0,0,1,0,0,0,1,0,,,,,,,,
BenchmarkTest01453.java,0,CWE-330,,,,0,0,1,0,0,0,1,0,,,,,,,,
BenchmarkTest01459.java,0,CWE-89,CWE-89,1,1,0,1,0,0,0,0,1,0,2336,0.00292,1704,0.01704,2,2e-05,0.019979999999999998,15.115855932235718
BenchmarkTest01460.java,0,CWE-89,CWE-89,1,0,1,0,0,0,1,0,0,0,2399,0.00299875,1295,0.01295,2,2e-05,0.01596875,11.588968515396118
BenchmarkTest01461.java,0,CWE-89,CWE-89,1,1,0,1,0,0,0,0,1,0,2424,0.00303,878,0.00878,2,2e-05,0.011829999999999999,8.692512035369873
BenchmarkTest01462.java,0,CWE-89,CWE-89,1,0,1,0,0,0,1,0,0,0,2296,0.00287,1070,0.0107,2,2e-05,0.013589999999999998,10.504300594329834
BenchmarkTest01463.java,0,CWE-89,CWE-89,1,0,1,0,0,0,1,0,0,0,2333,0.00291625,1014,0.01014,2,2e-05,0.01307625,9.928121089935303
BenchmarkTest01464.java,0,CWE-89,CWE-89,1,0,1,0,0,0,1,0,0,0,2415,0.00301875,1017,0.01017,2,2e-05,0.01320875,9.893141269683838
BenchmarkTest01465.java,0,CWE-89,,,,0,0,0,1,0,0,0,1,,,,,,,,
BenchmarkTest01466.java,0,CWE-89,CWE-89,1,0,1,0,0,0,1,0,0,0,2564,0.003205,1295,0.01295,2,2e-05,0.016175,12.0287446975708
BenchmarkTest01467.java,0,CWE-89,,,,0,0,1,0,0,0,1,0,,,,,,,,
BenchmarkTest01468.java,0,CWE-89,,,,0,0,1,0,0,0,1,0,,,,,,,,
BenchmarkTest01469.java,0,CWE-89,,,,0,0,1,0,0,0,1,0,,,,,,,,
BenchmarkTest01470.java,0,CWE-89,,,,0,0,0,1,0,0,0,1,,,,,,,,
BenchmarkTest01471.java,0,CWE-89,CWE-89,1,0,1,0,0,0,1,0,0,0,2373,0.00296625,1043,0.01043,2,2e-05,0.01341625,9.502848863601685
BenchmarkTest01472.java,0,CWE-89,CWE-89,1,1,0,1,0,0,0,0,1,0,2610,0.0032625,1411,0.01411,2,2e-05,0.017392499999999998,12.078956127166748
BenchmarkTest01473.java,0,CWE-89,CWE-89,1,0,1,0,0,0,1,0,0,0,2278,0.0028475,1059,0.01059,2,2e-05,0.0134575,9.696549415588379
BenchmarkTest01474.java,0,CWE-89,CWE-89,1,0,1,0,0,0,1,0,0,0,2322,0.0029025,1418,0.01418,2,2e-05,0.0171025,12.850044012069702
BenchmarkTest01475.java,0,CWE-89,CWE-89,1,0,1,0,0,0,1,0,0,0,2286,0.0028575,1334,0.01334,2,2e-05,0.0162175,13.67384958267212
BenchmarkTest01476.java,0,CWE-89,CWE-89,1,0,1,0,0,0,1,0,0,0,2289,0.00286125,924,0.00924,2,2e-05,0.01212125,9.168742895126343
BenchmarkTest01477.java,0,CWE-89,CWE-89,1,0,1,0,0,0,1,0,0,0,2355,0.00294375,1266,0.01266,2,2e-05,0.015623749999999999,13.057548522949219
BenchmarkTest01478.java,0,CWE-643,CWE-643,1,0,1,0,0,0,1,0,0,0,2491,0.00311375,1206,0.01206,2,2e-05,0.015193749999999999,11.142980575561523
BenchmarkTest01479.java,0,CWE-643,CWE-643,1,1,0,1,0,0,0,0,1,0,2504,0.00313,1117,0.01117,2,2e-05,0.01432,10.076866626739502
BenchmarkTest01480.java,0,CWE-327,CWE-327,1,0,1,0,0,0,1,0,0,0,3330,0.0041625,375,0.00375,2,2e-05,0.007932499999999999,4.119233131408691
BenchmarkTest01481.java,0,CWE-327,,,,0,0,1,0,0,0,1,0,,,,,,,,
BenchmarkTest01482.java,0,CWE-327,,,,0,0,1,0,0,0,1,0,,,,,,,,
BenchmarkTest01483.java,0,CWE-327,CWE-327,1,0,1,0,0,0,1,0,0,0,3141,0.00392625,422,0.00422,2,2e-05,0.00816625,4.763149261474609
BenchmarkTest01484.java,0,CWE-327,CWE-327,1,0,1,0,0,0,1,0,0,0,3071,0.00383875,396,0.00396,2,2e-05,0.00781875,4.496431350708008
BenchmarkTest01485.java,0,CWE-327,,,,0,0,1,0,0,0,1,0,,,,,,,,
BenchmarkTest01486.java,0,CWE-327,CWE-327,1,0,1,0,0,0,1,0,0,0,2648,0.00331,540,0.0054,2,2e-05,0.00873,5.712657690048218
BenchmarkTest01487.java,0,CWE-327,,,,0,0,1,0,0,0,1,0,,,,,,,,
BenchmarkTest01488.java,0,CWE-327,,,,0,0,1,0,0,0,1,0,,,,,,,,
BenchmarkTest01489.java,0,CWE-327,CWE-327,1,0,1,0,0,0,1,0,0,0,2630,0.0032875,466,0.00466,2,2e-05,0.007967499999999999,5.749525308609009
BenchmarkTest01490.java,0,CWE-90,,,,0,0,0,1,0,0,0,1,,,,,,,,
BenchmarkTest01491.java,0,CWE-90,,,,0,0,1,0,0,0,1,0,,,,,,,,
BenchmarkTest01492.java,0,CWE-90,,,,0,0,1,0,0,0,1,0,,,,,,,,
BenchmarkTest01493.java,0,CWE-22,,,,0,0,1,0,0,0,1,0,,,,,,,,
BenchmarkTest01494.java,0,CWE-22,,,,0,0,0,1,0,0,0,1,,,,,,,,
BenchmarkTest01495.java,0,CWE-22,,,,0,0,0,1,0,0,0,1,,,,,,,,
BenchmarkTest01496.java,0,CWE-22,,,,0,0,0,1,0,0,0,1,,,,,,,,
BenchmarkTest01497.java,0,CWE-22,,,,0,0,0,1,0,0,0,1,,,,,,,,
BenchmarkTest01498.java,0,CWE-22,,,,0,0,0,1,0,0,0,1,,,,,,,,
BenchmarkTest01499.java,0,CWE-22,,,,0,0,1,0,0,0,1,0,,,,,,,,
BenchmarkTest01500.java,0,CWE-22,,,,0,0,0,1,0,0,0,1,,,,,,,,
BenchmarkTest01501.java,0,CWE-90,,,,0,0,0,1,0,0,0,1,,,,,,,,
BenchmarkTest01502.java,0,CWE-330,CWE-330,1,0,1,0,0,0,1,0,0,0,2938,0.0036725,531,0.00531,2,2e-05,0.009002499999999998,5.8145246505737305
BenchmarkTest01503.java,0,CWE-328,CWE-916,0,0,1,0,0,0,1,0,0,0,2765,0.00345625,1475,0.01475,2,2e-05,0.01822625,14.392101526260376
BenchmarkTest01504.java,0,CWE-328,CWE-916,0,0,1,0,0,0,1,0,0,0,2545,0.00318125,658,0.00658,2,2e-05,0.009781249999999998,7.081653356552124
BenchmarkTest01505.java,0,CWE-79,,,,0,0,0,1,0,0,0,1,,,,,,,,
BenchmarkTest01506.java,0,CWE-79,,,,0,0,0,1,0,0,0,1,,,,,,,,
BenchmarkTest01507.java,0,CWE-79,,,,0,0,0,1,0,0,0,1,,,,,,,,
BenchmarkTest01508.java,0,CWE-79,,,,0,0,1,0,0,0,1,0,,,,,,,,
BenchmarkTest01509.java,0,CWE-79,,,,0,0,0,1,0,0,0,1,,,,,,,,
BenchmarkTest01510.java,0,CWE-79,,,,0,0,0,1,0,0,0,1,,,,,,,,
BenchmarkTest01511.java,0,CWE-79,,,,0,0,0,1,0,0,0,1,,,,,,,,
BenchmarkTest01512.java,0,CWE-79,,,,0,0,0,1,0,0,0,1,,,,,,,,
BenchmarkTest01513.java,0,CWE-79,,,,0,0,1,0,0,0,1,0,,,,,,,,
BenchmarkTest01514.java,0,CWE-79,,,,0,0,1,0,0,0,1,0,,,,,,,,
BenchmarkTest01515.java,0,CWE-79,,,,0,0,1,0,0,0,1,0,,,,,,,,
BenchmarkTest01516.java,0,CWE-78,,,,0,0,1,0,0,0,1,0,,,,,,,,
BenchmarkTest01517.java,0,CWE-78,,,,0,0,0,1,0,0,0,1,,,,,,,,
BenchmarkTest01518.java,0,CWE-330,CWE-330,1,0,1,0,0,0,1,0,0,0,2918,0.0036475,688,0.00688,2,2e-05,0.0105475,8.21890115737915
BenchmarkTest01519.java,0,CWE-330,CWE-330,1,0,1,0,0,0,1,0,0,0,2646,0.0033075,643,0.00643,2,2e-05,0.009757499999999999,7.68302059173584
BenchmarkTest01520.java,0,CWE-330,CWE-330,1,0,1,0,0,0,1,0,0,0,2691,0.00336375,768,0.00768,2,2e-05,0.011063749999999999,9.065298795700073
BenchmarkTest01521.java,0,CWE-614,CWE-614,1,0,1,0,0,0,1,0,0,0,2322,0.0029025,711,0.00711,2,2e-05,0.0100325,7.729648113250732
BenchmarkTest01522.java,0,CWE-614,,,,0,0,1,0,0,0,1,0,,,,,,,,
BenchmarkTest01523.java,0,CWE-614,,,,0,0,1,0,0,0,1,0,,,,,,,,
BenchmarkTest01524.java,0,CWE-614,,,,0,0,1,0,0,0,1,0,,,,,,,,
BenchmarkTest01525.java,0,CWE-79,,,,0,0,0,1,0,0,0,1,,,,,,,,
BenchmarkTest01526.java,0,CWE-78,,,,0,0,1,0,0,0,1,0,,,,,,,,
BenchmarkTest01527.java,0,CWE-78,,,,0,0,1,0,0,0,1,0,,,,,,,,
BenchmarkTest01528.java,0,CWE-78,,,,0,0,1,0,0,0,1,0,,,,,,,,
BenchmarkTest01529.java,0,CWE-78,,,,0,0,1,0,0,0,1,0,,,,,,,,
BenchmarkTest01530.java,0,CWE-78,,,,0,0,1,0,0,0,1,0,,,,,,,,
BenchmarkTest01531.java,0,CWE-78,,,,0,0,0,1,0,0,0,1,,,,,,,,
BenchmarkTest01532.java,0,CWE-78,,,,0,0,1,0,0,0,1,0,,,,,,,,
BenchmarkTest01533.java,0,CWE-78,,,,0,0,0,1,0,0,0,1,,,,,,,,
BenchmarkTest01534.java,0,CWE-330,,,,0,0,1,0,0,0,1,0,,,,,,,,
BenchmarkTest01535.java,0,CWE-330,,,,0,0,1,0,0,0,1,0,,,,,,,,
BenchmarkTest01536.java,0,CWE-330,,,,0,0,1,0,0,0,1,0,,,,,,,,
BenchmarkTest01537.java,0,CWE-330,CWE-330,1,0,0,1,0,0,0,1,0,0,2800,0.0035,1454,0.01454,2,2e-05,0.01806,14.046683549880981
BenchmarkTest01538.java,0,CWE-330,,,,0,0,1,0,0,0,1,0,,,,,,,,
BenchmarkTest01539.java,0,CWE-330,,,,0,0,1,0,0,0,1,0,,,,,,,,
BenchmarkTest01540.java,0,CWE-330,,,,0,0,1,0,0,0,1,0,,,,,,,,
BenchmarkTest01541.java,0,CWE-330,,,,0,0,1,0,0,0,1,0,,,,,,,,
BenchmarkTest01542.java,0,CWE-330,,,,0,0,1,0,0,0,1,0,,,,,,,,
BenchmarkTest01543.java,0,CWE-330,,,,0,0,1,0,0,0,1,0,,,,,,,,
BenchmarkTest01544.java,0,CWE-330,,,,0,0,1,0,0,0,1,0,,,,,,,,
BenchmarkTest01545.java,0,CWE-330,,,,0,0,1,0,0,0,1,0,,,,,,,,
BenchmarkTest01552.java,0,CWE-89,,,,0,0,0,1,0,0,0,1,,,,,,,,
BenchmarkTest01553.java,0,CWE-89,,,,0,0,1,0,0,0,1,0,,,,,,,,
BenchmarkTest01554.java,0,CWE-89,,,,0,0,0,1,0,0,0,1,,,,,,,,
BenchmarkTest01555.java,0,CWE-89,,,,0,0,1,0,0,0,1,0,,,,,,,,
BenchmarkTest01556.java,0,CWE-89,,,,0,0,1,0,0,0,1,0,,,,,,,,
BenchmarkTest01557.java,0,CWE-89,,,,0,0,0,1,0,0,0,1,,,,,,,,
BenchmarkTest01558.java,0,CWE-89,,,,0,0,0,1,0,0,0,1,,,,,,,,
BenchmarkTest01559.java,0,CWE-89,,,,0,0,0,1,0,0,0,1,,,,,,,,
BenchmarkTest01560.java,0,CWE-89,,,,0,0,0,1,0,0,0,1,,,,,,,,
BenchmarkTest01561.java,0,CWE-643,,,,0,0,0,1,0,0,0,1,,,,,,,,
BenchmarkTest01562.java,0,CWE-643,,,,0,0,1,0,0,0,1,0,,,,,,,,
BenchmarkTest01563.java,0,CWE-327,,,,0,0,1,0,0,0,1,0,,,,,,,,
BenchmarkTest01564.java,0,CWE-327,,,,0,0,1,0,0,0,1,0,,,,,,,,
BenchmarkTest01565.java,0,CWE-327,CWE-327,1,0,1,0,0,0,1,0,0,0,2613,0.00326625,331,0.00331,2,2e-05,0.0065962500000000006,3.7329301834106445
BenchmarkTest01566.java,0,CWE-327,CWE-327,1,0,1,0,0,0,1,0,0,0,2661,0.00332625,590,0.0059,2,2e-05,0.00924625,5.851157903671265
BenchmarkTest01567.java,0,CWE-327,,,,0,0,1,0,0,0,1,0,,,,,,,,
BenchmarkTest01568.java,0,CWE-90,CWE-90,1,0,1,0,0,0,1,0,0,0,2560,0.0032,935,0.00935,2,2e-05,0.01257,9.156588792800903
BenchmarkTest01569.java,0,CWE-90,CWE-90,1,1,0,1,0,0,0,0,1,0,2869,0.00358625,1262,0.01262,2,2e-05,0.016226249999999998,11.121641635894775
BenchmarkTest01570.java,0,CWE-22,CWE-23,0,1,0,1,0,0,0,0,1,0,2531,0.00316375,895,0.00895,2,2e-05,0.012133749999999999,8.054980278015137
BenchmarkTest01571.java,0,CWE-22,CWE-23,0,1,1,0,0,0,0,0,0,1,2582,0.0032275,2289,0.02289,2,2e-05,0.0261375,19.79420304298401
BenchmarkTest01572.java,0,CWE-22,CWE-23,0,0,1,0,0,0,1,0,0,0,2690,0.0033625,1274,0.01274,2,2e-05,0.016122499999999998,13.915533781051636
BenchmarkTest01573.java,0,CWE-22,CWE-23,0,1,0,1,0,0,0,0,1,0,2739,0.00342375,1260,0.0126,2,2e-05,0.01604375,11.014259576797485
BenchmarkTest01574.java,0,CWE-22,CWE-23,0,1,0,1,0,0,0,0,1,0,2664,0.00333,984,0.00984,2,2e-05,0.013189999999999999,8.929147243499756
BenchmarkTest01575.java,0,CWE-330,CWE-330,1,0,1,0,0,0,1,0,0,0,2672,0.00334,834,0.00834,2,2e-05,0.011699999999999999,7.923307180404663
BenchmarkTest01576.java,0,CWE-328,,,,0,0,1,0,0,0,1,0,,,,,,,,
BenchmarkTest01577.java,0,CWE-328,CWE-916,0,0,1,0,0,0,1,0,0,0,2512,0.00314,417,0.00417,2,2e-05,0.007330000000000001,5.524080038070679
BenchmarkTest01578.java,0,CWE-328,,,,0,0,1,0,0,0,1,0,,,,,,,,
BenchmarkTest01579.java,0,CWE-328,,,,0,0,0,1,0,0,0,1,,,,,,,,
BenchmarkTest01580.java,0,CWE-328,,,,0,0,0,1,0,0,0,1,,,,,,,,
BenchmarkTest01581.java,0,CWE-328,,,,0,0,1,0,0,0,1,0,,,,,,,,
BenchmarkTest01582.java,0,CWE-328,,,,0,0,1,0,0,0,1,0,,,,,,,,
BenchmarkTest01583.java,0,CWE-79,CWE-79,1,0,1,0,0,0,1,0,0,0,2632,0.00329,1295,0.01295,2,2e-05,0.01626,12.982344150543213
BenchmarkTest01584.java,0,CWE-79,CWE-79,1,0,1,0,0,0,1,0,0,0,2584,0.00323,1272,0.01272,2,2e-05,0.015969999999999998,11.549962759017944
BenchmarkTest01585.java,0,CWE-79,CWE-79,1,1,0,1,0,0,0,0,1,0,2547,0.00318375,3321,0.03321,2,2e-05,0.03641375,31.70034384727478
BenchmarkTest01586.java,0,CWE-79,CWE-79,1,1,0,1,0,0,0,0,1,0,2539,0.00317375,635,0.00635,2,2e-05,0.009543749999999998,6.814449787139893
BenchmarkTest01587.java,0,CWE-79,CWE-79,1,0,1,0,0,0,1,0,0,0,2577,0.00322125,1631,0.01631,2,2e-05,0.01955125,15.629698991775513
BenchmarkTest01588.java,0,CWE-79,CWE-79,1,1,0,1,0,0,0,0,1,0,2584,0.00323,1110,0.0111,2,2e-05,0.01435,10.233324527740479
BenchmarkTest01589.java,0,CWE-79,CWE-79,1,0,1,0,0,0,1,0,0,0,2659,0.00332375,972,0.00972,2,2e-05,0.013063749999999999,8.972425699234009
BenchmarkTest01590.java,0,CWE-79,CWE-79,1,0,1,0,0,0,1,0,0,0,2533,0.00316625,1094,0.01094,2,2e-05,0.01412625,10.385187149047852
BenchmarkTest01591.java,0,CWE-79,CWE-79,1,1,0,1,0,0,0,0,1,0,2876,0.003595,1509,0.01509,2,2e-05,0.018705,11.319774866104126
BenchmarkTest01592.java,0,CWE-79,CWE-79,1,0,1,0,0,0,1,0,0,0,2554,0.0031925,1131,0.01131,2,2e-05,0.0145225,10.566554069519043
BenchmarkTest01593.java,0,CWE-79,CWE-79,1,1,0,1,0,0,0,0,1,0,2562,0.0032025,873,0.00873,2,2e-05,0.0119525,8.669998407363892
BenchmarkTest01594.java,0,CWE-79,CWE-79,1,0,1,0,0,0,1,0,0,0,2548,0.003185,1107,0.01107,2,2e-05,0.014275,10.530426502227783
BenchmarkTest01595.java,0,CWE-79,CWE-79,1,1,0,1,0,0,0,0,1,0,2536,0.00317,762,0.00762,2,2e-05,0.01081,7.472581624984741
BenchmarkTest01596.java,0,CWE-79,CWE-79,1,0,1,0,0,0,1,0,0,0,2570,0.0032125,1022,0.01022,2,2e-05,0.0134525,9.617104530334473
BenchmarkTest01597.java,0,CWE-79,CWE-79,1,0,1,0,0,0,1,0,0,0,2582,0.0032275,868,0.00868,2,2e-05,0.011927499999999999,8.521230459213257
BenchmarkTest01598.java,0,CWE-79,CWE-79,1,0,1,0,0,0,1,0,0,0,2863,0.00357875,1810,0.0181,2,2e-05,0.02169875,16.68590545654297
BenchmarkTest01599.java,0,CWE-79,CWE-79,1,1,0,1,0,0,0,0,1,0,2669,0.00333625,1005,0.01005,2,2e-05,0.013406249999999998,8.768844604492188
BenchmarkTest01600.java,0,CWE-78,CWE-78,1,1,0,1,0,0,0,0,1,0,2351,0.00293875,1808,0.01808,2,2e-05,0.02103875,15.970197916030884
BenchmarkTest01601.java,0,CWE-78,CWE-78,1,0,1,0,0,0,1,0,0,0,2352,0.00294,1029,0.01029,2,2e-05,0.01325,9.322823524475098
BenchmarkTest01602.java,0,CWE-330,CWE-330,1,0,1,0,0,0,1,0,0,0,2662,0.0033275,709,0.00709,2,2e-05,0.010437499999999999,6.656529426574707
BenchmarkTest01603.java,0,CWE-330,CWE-330,1,0,1,0,0,0,1,0,0,0,2895,0.00361875,620,0.0062,2,2e-05,0.009838749999999999,6.538534879684448
BenchmarkTest01604.java,0,CWE-614,,,,0,0,1,0,0,0,1,0,,,,,,,,
BenchmarkTest01605.java,0,CWE-614,,,,0,0,1,0,0,0,1,0,,,,,,,,
BenchmarkTest01606.java,0,CWE-78,CWE-78,1,1,0,1,0,0,0,0,1,0,2268,0.002835,1145,0.01145,2,2e-05,0.014304999999999998,11.316442489624023
BenchmarkTest01607.java,0,CWE-78,CWE-78,1,1,0,1,0,0,0,0,1,0,2448,0.00306,1392,0.01392,2,2e-05,0.016999999999999998,14.147273063659668
BenchmarkTest01608.java,0,CWE-78,CWE-78,1,1,0,1,0,0,0,0,1,0,2305,0.00288125,942,0.00942,2,2e-05,0.012321249999999999,11.27006220817566
BenchmarkTest01609.java,0,CWE-78,CWE-78,1,0,1,0,0,0,1,0,0,0,2339,0.00292375,1020,0.0102,2,2e-05,0.01314375,9.139569520950317
BenchmarkTest01610.java,0,CWE-78,CWE-78,1,0,1,0,0,0,1,0,0,0,2323,0.00290375,1119,0.01119,2,2e-05,0.01411375,10.244583129882812
BenchmarkTest01611.java,0,CWE-330,,,,0,0,1,0,0,0,1,0,,,,,,,,
BenchmarkTest01612.java,0,CWE-330,,,,0,0,1,0,0,0,1,0,,,,,,,,
BenchmarkTest01613.java,0,CWE-330,,,,0,0,1,0,0,0,1,0,,,,,,,,
BenchmarkTest01614.java,0,CWE-330,,,,0,0,1,0,0,0,1,0,,,,,,,,
BenchmarkTest01620.java,0,CWE-89,CWE-89,1,0,1,0,0,0,1,0,0,0,2257,0.00282125,811,0.00811,2,2e-05,0.01095125,7.481058359146118
BenchmarkTest01621.java,0,CWE-89,CWE-89,1,0,1,0,0,0,1,0,0,0,2217,0.00277125,883,0.00883,2,2e-05,0.011621249999999998,8.76126503944397
BenchmarkTest01622.java,0,CWE-89,CWE-89,1,1,0,1,0,0,0,0,1,0,2284,0.002855,1313,0.01313,2,2e-05,0.016005,12.067653894424438
BenchmarkTest01623.java,0,CWE-89,CWE-89,1,0,1,0,0,0,1,0,0,0,2241,0.00280125,989,0.00989,2,2e-05,0.012711249999999999,9.767428159713745
BenchmarkTest01624.java,0,CWE-89,CWE-89,1,0,1,0,0,0,1,0,0,0,2270,0.0028375,866,0.00866,2,2e-05,0.011517499999999998,8.333889961242676
BenchmarkTest01625.java,0,CWE-89,,,,0,0,0,1,0,0,0,1,,,,,,,,
BenchmarkTest01626.java,0,CWE-89,CWE-89,1,0,1,0,0,0,1,0,0,0,2259,0.00282375,1009,0.01009,2,2e-05,0.012933749999999999,9.985329627990723
BenchmarkTest01627.java,0,CWE-89,CWE-89,1,0,1,0,0,0,1,0,0,0,2146,0.0026825,768,0.00768,2,2e-05,0.0103825,7.77995491027832
BenchmarkTest01628.java,0,CWE-89,CWE-89,1,1,0,1,0,0,0,0,1,0,2249,0.00281125,1072,0.01072,2,2e-05,0.013551249999999999,10.538582801818848
BenchmarkTest01629.java,0,CWE-89,CWE-89,1,1,0,1,0,0,0,0,1,0,2196,0.002745,1229,0.01229,2,2e-05,0.015054999999999999,11.139358043670654
BenchmarkTest01630.java,0,CWE-89,CWE-89,1,0,1,0,0,0,1,0,0,0,2220,0.002775,976,0.00976,2,2e-05,0.012554999999999998,9.279362678527832
BenchmarkTest01631.java,0,CWE-89,CWE-89,1,0,1,0,0,0,1,0,0,0,2193,0.00274125,913,0.00913,2,2e-05,0.011891249999999999,8.234804391860962
BenchmarkTest01632.java,0,CWE-643,CWE-643,1,1,0,1,0,0,0,0,1,0,2462,0.0030775,839,0.00839,2,2e-05,0.0114875,8.007256269454956
BenchmarkTest01633.java,0,CWE-643,CWE-643,1,1,0,1,0,0,0,0,1,0,2619,0.00327375,1110,0.0111,2,2e-05,0.01439375,9.605832576751709
BenchmarkTest01634.java,0,CWE-327,CWE-327,1,0,1,0,0,0,1,0,0,0,3505,0.00438125,425,0.00425,2,2e-05,0.00865125,4.886415004730225
BenchmarkTest01635.java,0,CWE-327,,,,0,0,1,0,0,0,1,0,,,,,,,,
BenchmarkTest01636.java,0,CWE-327,,,,0,0,1,0,0,0,1,0,,,,,,,,
BenchmarkTest01637.java,0,CWE-327,CWE-327,1,0,1,0,0,0,1,0,0,0,3307,0.00413375,564,0.00564,2,2e-05,0.00979375,5.366311073303223
BenchmarkTest01638.java,0,CWE-327,CWE-327,1,0,1,0,0,0,1,0,0,0,3106,0.0038825,387,0.00387,2,2e-05,0.007772500000000001,4.193053483963013
BenchmarkTest01639.java,0,CWE-327,CWE-327,1,0,1,0,0,0,1,0,0,0,2912,0.00364,720,0.0072,2,2e-05,0.010859999999999998,8.841369867324829
BenchmarkTest01640.java,0,CWE-327,,,,0,0,1,0,0,0,1,0,,,,,,,,
BenchmarkTest01641.java,0,CWE-327,CWE-327,1,0,1,0,0,0,1,0,0,0,2874,0.0035925,785,0.00785,2,2e-05,0.011462499999999999,8.541802167892456
BenchmarkTest01642.java,0,CWE-22,CWE-23,0,0,1,0,0,0,1,0,0,0,2682,0.0033525,990,0.0099,2,2e-05,0.0132725,10.20304536819458
BenchmarkTest01643.java,0,CWE-22,CWE-23,0,0,1,0,0,0,1,0,0,0,2835,0.00354375,1447,0.01447,2,2e-05,0.01803375,15.081049680709839
BenchmarkTest01644.java,0,CWE-22,CWE-23,0,1,0,1,0,0,0,0,1,0,2854,0.0035675,876,0.00876,2,2e-05,0.012347499999999999,9.00672459602356
BenchmarkTest01645.java,0,CWE-22,CWE-23,0,0,1,0,0,0,1,0,0,0,2855,0.00356875,1010,0.0101,2,2e-05,0.01368875,10.355279922485352
BenchmarkTest01646.java,0,CWE-22,CWE-23,0,1,0,1,0,0,0,0,1,0,2837,0.00354625,1088,0.01088,2,2e-05,0.01444625,10.491240501403809
BenchmarkTest01647.java,0,CWE-22,CWE-23,0,0,1,0,0,0,1,0,0,0,2715,0.00339375,1123,0.01123,2,2e-05,0.01464375,10.407158374786377
BenchmarkTest01648.java,0,CWE-330,CWE-330,1,0,1,0,0,0,1,0,0,0,2737,0.00342125,761,0.00761,2,2e-05,0.011051249999999999,8.795493364334106
BenchmarkTest01649.java,0,CWE-328,CWE-916,0,0,1,0,0,0,1,0,0,0,2896,0.00362,1234,0.01234,2,2e-05,0.01598,11.16252613067627
BenchmarkTest01650.java,0,CWE-328,CWE-916,0,0,1,0,0,0,1,0,0,0,2794,0.0034925,824,0.00824,2,2e-05,0.011752499999999999,8.304557085037231
BenchmarkTest01651.java,0,CWE-328,CWE-916,0,0,1,0,0,0,1,0,0,0,2764,0.003455,730,0.0073,2,2e-05,0.010775,7.146406888961792
BenchmarkTest01652.java,0,CWE-328,,,,0,0,1,0,0,0,1,0,,,,,,,,
BenchmarkTest01653.java,0,CWE-328,CWE-916,0,0,1,0,0,0,1,0,0,0,2701,0.00337625,1049,0.01049,2,2e-05,0.01388625,9.92261528968811
BenchmarkTest01654.java,0,CWE-328,,,,0,0,0,1,0,0,0,1,,,,,,,,
BenchmarkTest01655.java,0,CWE-328,,,,0,0,1,0,0,0,1,0,,,,,,,,
BenchmarkTest01656.java,0,CWE-328,,,,0,0,1,0,0,0,1,0,,,,,,,,
BenchmarkTest01657.java,0,CWE-79,CWE-79,1,0,1,0,0,0,1,0,0,0,2765,0.00345625,1117,0.01117,2,2e-05,0.01464625,10.21508526802063
BenchmarkTest01658.java,0,CWE-79,CWE-79,1,0,1,0,0,0,1,0,0,0,2705,0.00338125,1104,0.01104,2,2e-05,0.01444125,11.545200109481812
BenchmarkTest01659.java,0,CWE-79,CWE-79,1,1,0,1,0,0,0,0,1,0,2695,0.00336875,910,0.0091,2,2e-05,0.01248875,10.148979663848877
BenchmarkTest01660.java,0,CWE-79,CWE-79,1,0,1,0,0,0,1,0,0,0,2718,0.0033975,1221,0.01221,2,2e-05,0.0156275,12.074238538742065
BenchmarkTest01661.java,0,CWE-79,CWE-79,1,1,0,1,0,0,0,0,1,0,2728,0.00341,987,0.00987,2,2e-05,0.0133,11.528162717819214
BenchmarkTest01662.java,0,CWE-79,CWE-79,1,0,1,0,0,0,1,0,0,0,2776,0.00347,1071,0.01071,2,2e-05,0.0142,9.979199886322021
BenchmarkTest01663.java,0,CWE-79,CWE-79,1,1,0,1,0,0,0,0,1,0,2842,0.0035525,847,0.00847,2,2e-05,0.0120425,8.303162336349487
BenchmarkTest01664.java,0,CWE-79,CWE-79,1,1,0,1,0,0,0,0,1,0,2699,0.00337375,1535,0.01535,2,2e-05,0.01874375,14.052359104156494
BenchmarkTest01665.java,0,CWE-79,CWE-79,1,0,1,0,0,0,1,0,0,0,2712,0.00339,1004,0.01004,2,2e-05,0.01345,9.41278600692749
BenchmarkTest01666.java,0,CWE-79,CWE-79,1,0,1,0,0,0,1,0,0,0,2759,0.00344875,1006,0.01006,2,2e-05,0.013528749999999999,9.53373384475708
BenchmarkTest01667.java,0,CWE-79,CWE-79,1,0,1,0,0,0,1,0,0,0,2808,0.00351,1174,0.01174,2,2e-05,0.015269999999999999,10.506024837493896
BenchmarkTest01668.java,0,CWE-79,CWE-79,1,1,0,1,0,0,0,0,1,0,2833,0.00354125,934,0.00934,2,2e-05,0.01290125,8.330782175064087
BenchmarkTest01669.java,0,CWE-79,CWE-79,1,1,0,1,0,0,0,0,1,0,2697,0.00337125,1068,0.01068,2,2e-05,0.01407125,10.843098163604736
BenchmarkTest01670.java,0,CWE-79,CWE-79,1,0,1,0,0,0,1,0,0,0,2689,0.00336125,878,0.00878,2,2e-05,0.012161249999999998,8.625088691711426
BenchmarkTest01671.java,0,CWE-79,CWE-79,1,1,0,1,0,0,0,0,1,0,2702,0.0033775,1048,0.01048,2,2e-05,0.0138775,10.394886493682861
BenchmarkTest01672.java,0,CWE-78,CWE-78,1,1,0,1,0,0,0,0,1,0,2464,0.00308,992,0.00992,2,2e-05,0.013019999999999999,9.042251348495483
BenchmarkTest01673.java,0,CWE-78,CWE-78,1,0,1,0,0,0,1,0,0,0,2429,0.00303625,1140,0.0114,2,2e-05,0.01445625,12.02733302116394
BenchmarkTest01674.java,0,CWE-78,CWE-78,1,0,1,0,0,0,1,0,0,0,2457,0.00307125,991,0.00991,2,2e-05,0.013001249999999999,9.077453136444092
BenchmarkTest01675.java,0,CWE-330,CWE-330,1,0,1,0,0,0,1,0,0,0,2831,0.00353875,728,0.00728,2,2e-05,0.01083875,7.5382912158966064
BenchmarkTest01676.java,0,CWE-330,CWE-330,1,0,1,0,0,0,1,0,0,0,2757,0.00344625,872,0.00872,2,2e-05,0.01218625,8.190478086471558
BenchmarkTest01677.java,0,CWE-330,CWE-330,1,0,1,0,0,0,1,0,0,0,2803,0.00350375,663,0.00663,2,2e-05,0.01015375,7.484216928482056
BenchmarkTest01678.java,0,CWE-330,CWE-330,1,0,1,0,0,0,1,0,0,0,3063,0.00382875,629,0.00629,2,2e-05,0.010138749999999998,7.28340220451355
BenchmarkTest01679.java,0,CWE-330,CWE-330,1,0,1,0,0,0,1,0,0,0,2735,0.00341875,696,0.00696,2,2e-05,0.010398749999999998,6.8829872608184814
BenchmarkTest01680.java,0,CWE-330,CWE-330,1,0,1,0,0,0,1,0,0,0,2742,0.0034275,847,0.00847,2,2e-05,0.0119175,7.757976531982422
BenchmarkTest01681.java,0,CWE-330,CWE-330,1,0,1,0,0,0,1,0,0,0,2836,0.003545,755,0.00755,2,2e-05,0.011115,7.150524377822876
BenchmarkTest01682.java,0,CWE-614,CWE-614,1,0,1,0,0,0,1,0,0,0,2455,0.00306875,1066,0.01066,2,2e-05,0.013748749999999999,11.588164329528809
BenchmarkTest01683.java,0,CWE-614,CWE-614,1,0,1,0,0,0,1,0,0,0,2492,0.003115,537,0.00537,2,2e-05,0.008504999999999999,5.8385396003723145
BenchmarkTest01684.java,0,CWE-614,,,,0,0,1,0,0,0,1,0,,,,,,,,
BenchmarkTest01685.java,0,CWE-78,CWE-78,1,0,1,0,0,0,1,0,0,0,2547,0.00318375,1578,0.01578,2,2e-05,0.018983749999999997,15.252288103103638
BenchmarkTest01686.java,0,CWE-78,CWE-78,1,1,0,1,0,0,0,0,1,0,2344,0.00293,1140,0.0114,2,2e-05,0.01435,10.95772647857666
BenchmarkTest01687.java,0,CWE-78,CWE-78,1,1,0,1,0,0,0,0,1,0,2562,0.0032025,1461,0.01461,2,2e-05,0.017832499999999998,12.713223695755005
BenchmarkTest01688.java,0,CWE-78,CWE-78,1,1,0,1,0,0,0,0,1,0,2441,0.00305125,984,0.00984,2,2e-05,0.012911249999999999,9.454736471176147
BenchmarkTest01689.java,0,CWE-78,CWE-78,1,0,1,0,0,0,1,0,0,0,2445,0.00305625,1081,0.01081,2,2e-05,0.01388625,10.715585708618164
BenchmarkTest01690.java,0,CWE-78,CWE-78,1,0,1,0,0,0,1,0,0,0,2302,0.0028775,1297,0.01297,2,2e-05,0.0158675,11.749740839004517
BenchmarkTest01691.java,0,CWE-78,CWE-78,1,0,1,0,0,0,1,0,0,0,2410,0.0030125,1462,0.01462,2,2e-05,0.017652499999999998,13.173022985458374
BenchmarkTest01692.java,0,CWE-78,CWE-78,1,1,0,1,0,0,0,0,1,0,2777,0.00347125,1592,0.01592,2,2e-05,0.019411249999999998,13.610107898712158
BenchmarkTest01693.java,0,CWE-78,CWE-78,1,1,0,1,0,0,0,0,1,0,2452,0.003065,894,0.00894,2,2e-05,0.012025,7.65282416343689
BenchmarkTest01694.java,0,CWE-330,,,,0,0,1,0,0,0,1,0,,,,,,,,
BenchmarkTest01695.java,0,CWE-330,,,,0,0,1,0,0,0,1,0,,,,,,,,
BenchmarkTest01696.java,0,CWE-330,,,,0,0,1,0,0,0,1,0,,,,,,,,
BenchmarkTest01697.java,0,CWE-330,,,,0,0,1,0,0,0,1,0,,,,,,,,
BenchmarkTest01698.java,0,CWE-330,CWE-330,1,1,0,1,0,0,0,0,1,0,3177,0.00397125,780,0.0078,2,2e-05,0.01179125,8.11228609085083
BenchmarkTest01699.java,0,CWE-330,CWE-330,1,1,0,1,0,0,0,0,1,0,2825,0.00353125,844,0.00844,2,2e-05,0.011991249999999998,10.360275506973267
BenchmarkTest01700.java,0,CWE-330,CWE-330,1,1,0,1,0,0,0,0,1,0,2913,0.00364125,879,0.00879,2,2e-05,0.012451249999999999,8.793433427810669
BenchmarkTest01701.java,0,CWE-330,,,,0,0,1,0,0,0,1,0,,,,,,,,
BenchmarkTest01702.java,0,CWE-330,,,,0,0,1,0,0,0,1,0,,,,,,,,
BenchmarkTest01703.java,0,CWE-330,,,,0,0,1,0,0,0,1,0,,,,,,,,
BenchmarkTest01704.java,0,CWE-330,,,,0,0,1,0,0,0,1,0,,,,,,,,
BenchmarkTest01705.java,0,CWE-330,,,,0,0,1,0,0,0,1,0,,,,,,,,
BenchmarkTest01706.java,0,CWE-330,,,,0,0,1,0,0,0,1,0,,,,,,,,
BenchmarkTest01707.java,0,CWE-330,,,,0,0,1,0,0,0,1,0,,,,,,,,
BenchmarkTest01712.java,0,CWE-89,CWE-89,1,0,1,0,0,0,1,0,0,0,2424,0.00303,1125,0.01125,2,2e-05,0.014299999999999998,10.540660858154297
BenchmarkTest01713.java,0,CWE-89,CWE-89,1,1,0,1,0,0,0,0,1,0,2457,0.00307125,950,0.0095,2,2e-05,0.012591249999999998,8.41068148612976
BenchmarkTest01714.java,0,CWE-89,CWE-89,1,1,0,1,0,0,0,0,1,0,2382,0.0029775,910,0.0091,2,2e-05,0.0120975,8.620609760284424
BenchmarkTest01715.java,0,CWE-89,CWE-89,1,0,1,0,0,0,1,0,0,0,2398,0.0029975,1022,0.01022,2,2e-05,0.0132375,9.852678775787354
BenchmarkTest01716.java,0,CWE-89,CWE-89,1,0,1,0,0,0,1,0,0,0,2403,0.00300375,997,0.00997,2,2e-05,0.012993749999999998,9.323065280914307
BenchmarkTest01717.java,0,CWE-89,CWE-89,1,1,0,1,0,0,0,0,1,0,2458,0.0030725,1755,0.01755,2,2e-05,0.020642499999999998,15.22729229927063
BenchmarkTest01718.java,0,CWE-89,CWE-89,1,0,1,0,0,0,1,0,0,0,2418,0.0030225,903,0.00903,2,2e-05,0.0120725,8.63020372390747
BenchmarkTest01719.java,0,CWE-89,CWE-89,1,1,0,1,0,0,0,0,1,0,2424,0.00303,1466,0.01466,2,2e-05,0.01771,13.713549375534058
BenchmarkTest01720.java,0,CWE-89,,,,0,0,0,1,0,0,0,1,,,,,,,,
BenchmarkTest01721.java,0,CWE-89,CWE-89,1,0,1,0,0,0,1,0,0,0,2579,0.00322375,892,0.00892,2,2e-05,0.012163750000000001,9.115276336669922
BenchmarkTest01722.java,0,CWE-89,CWE-89,1,1,0,1,0,0,0,0,1,0,2689,0.00336125,848,0.00848,2,2e-05,0.011861249999999999,7.817347288131714
BenchmarkTest01723.java,0,CWE-89,,,,0,0,0,1,0,0,0,1,,,,,,,,
BenchmarkTest01724.java,0,CWE-89,,,,0,0,0,1,0,0,0,1,,,,,,,,
BenchmarkTest01725.java,0,CWE-89,,,,0,0,0,1,0,0,0,1,,,,,,,,
BenchmarkTest01726.java,0,CWE-89,,,,0,0,0,1,0,0,0,1,,,,,,,,
BenchmarkTest01727.java,0,CWE-89,CWE-89,1,0,1,0,0,0,1,0,0,0,2390,0.0029875,963,0.00963,2,2e-05,0.0126375,10.79640245437622
BenchmarkTest01728.java,0,CWE-89,CWE-89,1,0,1,0,0,0,1,0,0,0,2348,0.002935,748,0.00748,2,2e-05,0.010435,9.335790634155273
BenchmarkTest01729.java,0,CWE-89,CWE-89,1,1,0,1,0,0,0,0,1,0,2418,0.0030225,1440,0.0144,2,2e-05,0.0174425,14.34993314743042
BenchmarkTest01730.java,0,CWE-89,CWE-89,1,0,1,0,0,0,1,0,0,0,2393,0.00299125,1003,0.01003,2,2e-05,0.01304125,9.822228908538818
BenchmarkTest01731.java,0,CWE-89,CWE-89,1,0,1,0,0,0,1,0,0,0,2417,0.00302125,912,0.00912,2,2e-05,0.012161249999999998,9.307160139083862
BenchmarkTest01732.java,0,CWE-89,CWE-89,1,1,0,1,0,0,0,0,1,0,2346,0.0029325,793,0.00793,2,2e-05,0.0108825,7.620130777359009
BenchmarkTest01733.java,0,CWE-89,CWE-89,1,0,1,0,0,0,1,0,0,0,2349,0.00293625,1238,0.01238,2,2e-05,0.01533625,12.023357391357422
BenchmarkTest01734.java,0,CWE-643,CWE-643,1,0,1,0,0,0,1,0,0,0,2557,0.00319625,821,0.00821,2,2e-05,0.011426249999999999,8.142484903335571
BenchmarkTest01735.java,0,CWE-643,CWE-643,1,1,0,1,0,0,0,0,1,0,2560,0.0032,1106,0.01106,2,2e-05,0.01428,9.978023290634155
BenchmarkTest01736.java,0,CWE-643,CWE-643,1,0,1,0,0,0,1,0,0,0,2493,0.00311625,1070,0.0107,2,2e-05,0.013836249999999998,9.411750316619873
BenchmarkTest01737.java,0,CWE-327,,,,0,0,1,0,0,0,1,0,,,,,,,,
BenchmarkTest01738.java,0,CWE-327,,,,0,0,1,0,0,0,1,0,,,,,,,,
BenchmarkTest01739.java,0,CWE-327,,,,0,0,1,0,0,0,1,0,,,,,,,,
BenchmarkTest01740.java,0,CWE-327,CWE-327,1,0,1,0,0,0,1,0,0,0,2593,0.00324125,1255,0.01255,2,2e-05,0.01581125,11.53189992904663
BenchmarkTest01741.java,0,CWE-327,CWE-327,1,0,1,0,0,0,1,0,0,0,2659,0.00332375,747,0.00747,2,2e-05,0.010813749999999999,7.95866322517395
BenchmarkTest01742.java,0,CWE-327,CWE-327,1,0,1,0,0,0,1,0,0,0,2592,0.00324,472,0.00472,2,2e-05,0.00798,5.0409557819366455
BenchmarkTest01743.java,0,CWE-90,,,,0,0,1,0,0,0,1,0,,,,,,,,
BenchmarkTest01744.java,0,CWE-22,,,,0,0,1,0,0,0,1,0,,,,,,,,
BenchmarkTest01745.java,0,CWE-22,,,,0,0,1,0,0,0,1,0,,,,,,,,
BenchmarkTest01746.java,0,CWE-22,,,,0,0,1,0,0,0,1,0,,,,,,,,
BenchmarkTest01747.java,0,CWE-22,,,,0,0,1,0,0,0,1,0,,,,,,,,
BenchmarkTest01748.java,0,CWE-22,,,,0,0,1,0,0,0,1,0,,,,,,,,
BenchmarkTest01749.java,0,CWE-22,,,,0,0,1,0,0,0,1,0,,,,,,,,
BenchmarkTest01750.java,0,CWE-22,,,,0,0,1,0,0,0,1,0,,,,,,,,
BenchmarkTest01751.java,0,CWE-22,,,,0,0,1,0,0,0,1,0,,,,,,,,
BenchmarkTest01752.java,0,CWE-22,,,,0,0,1,0,0,0,1,0,,,,,,,,
BenchmarkTest01753.java,0,CWE-90,,,,0,0,1,0,0,0,1,0,,,,,,,,
BenchmarkTest01754.java,0,CWE-90,,,,0,0,1,0,0,0,1,0,,,,,,,,
BenchmarkTest01755.java,0,CWE-90,,,,0,0,1,0,0,0,1,0,,,,,,,,
BenchmarkTest01756.java,0,CWE-90,,,,0,0,1,0,0,0,1,0,,,,,,,,
BenchmarkTest01757.java,0,CWE-328,CWE-916,0,0,1,0,0,0,1,0,0,0,2721,0.00340125,919,0.00919,2,2e-05,0.01261125,12.055862665176392
BenchmarkTest01758.java,0,CWE-328,,,,0,0,1,0,0,0,1,0,,,,,,,,
BenchmarkTest01759.java,0,CWE-328,,,,0,0,1,0,0,0,1,0,,,,,,,,
BenchmarkTest01760.java,0,CWE-328,,,,0,0,1,0,0,0,1,0,,,,,,,,
BenchmarkTest01761.java,0,CWE-328,CWE-916,0,0,1,0,0,0,1,0,0,0,2626,0.0032825,561,0.00561,2,2e-05,0.0089125,8.106716394424438
BenchmarkTest01762.java,0,CWE-328,,,,0,0,1,0,0,0,1,0,,,,,,,,
BenchmarkTest01763.java,0,CWE-328,,,,0,0,1,0,0,0,1,0,,,,,,,,
BenchmarkTest01764.java,0,CWE-328,,,,0,0,1,0,0,0,1,0,,,,,,,,
BenchmarkTest01765.java,0,CWE-328,,,,0,0,0,1,0,0,0,1,,,,,,,,
BenchmarkTest01766.java,0,CWE-328,,,,0,0,0,1,0,0,0,1,,,,,,,,
BenchmarkTest01767.java,0,CWE-79,,,,0,0,1,0,0,0,1,0,,,,,,,,
BenchmarkTest01768.java,0,CWE-79,,,,0,0,1,0,0,0,1,0,,,,,,,,
BenchmarkTest01769.java,0,CWE-79,,,,0,0,1,0,0,0,1,0,,,,,,,,
BenchmarkTest01770.java,0,CWE-79,,,,0,0,1,0,0,0,1,0,,,,,,,,
BenchmarkTest01771.java,0,CWE-79,,,,0,0,1,0,0,0,1,0,,,,,,,,
BenchmarkTest01772.java,0,CWE-79,,,,0,0,1,0,0,0,1,0,,,,,,,,
BenchmarkTest01773.java,0,CWE-79,,,,0,0,1,0,0,0,1,0,,,,,,,,
BenchmarkTest01774.java,0,CWE-79,,,,0,0,1,0,0,0,1,0,,,,,,,,
BenchmarkTest01775.java,0,CWE-79,,,,0,0,1,0,0,0,1,0,,,,,,,,
BenchmarkTest01776.java,0,CWE-79,,,,0,0,1,0,0,0,1,0,,,,,,,,
BenchmarkTest01777.java,0,CWE-79,,,,0,0,1,0,0,0,1,0,,,,,,,,
BenchmarkTest01778.java,0,CWE-78,,,,0,0,1,0,0,0,1,0,,,,,,,,
BenchmarkTest01779.java,0,CWE-78,,,,0,0,1,0,0,0,1,0,,,,,,,,
BenchmarkTest01780.java,0,CWE-78,,,,0,0,1,0,0,0,1,0,,,,,,,,
BenchmarkTest01781.java,0,CWE-330,CWE-330,1,0,1,0,0,0,1,0,0,0,2643,0.00330375,620,0.0062,2,2e-05,0.00952375,6.139060020446777
BenchmarkTest01782.java,0,CWE-330,CWE-330,1,0,1,0,0,0,1,0,0,0,2623,0.00327875,739,0.00739,2,2e-05,0.010688749999999999,6.865262508392334
BenchmarkTest01783.java,0,CWE-330,CWE-330,1,0,1,0,0,0,1,0,0,0,2581,0.00322625,735,0.00735,2,2e-05,0.010596249999999998,7.49168586730957
BenchmarkTest01784.java,0,CWE-330,CWE-330,1,0,1,0,0,0,1,0,0,0,2616,0.00327,772,0.00772,2,2e-05,0.011009999999999999,7.305635452270508
BenchmarkTest01785.java,0,CWE-330,CWE-330,1,0,1,0,0,0,1,0,0,0,2568,0.00321,771,0.00771,2,2e-05,0.010939999999999998,7.301427364349365
BenchmarkTest01786.java,0,CWE-330,CWE-330,1,0,1,0,0,0,1,0,0,0,2617,0.00327125,750,0.0075,2,2e-05,0.010791249999999999,7.088590860366821
BenchmarkTest01787.java,0,CWE-330,CWE-330,1,0,1,0,0,0,1,0,0,0,2543,0.00317875,715,0.00715,2,2e-05,0.01034875,6.783149003982544
BenchmarkTest01788.java,0,CWE-330,CWE-330,1,0,1,0,0,0,1,0,0,0,2574,0.0032175,715,0.00715,2,2e-05,0.0103875,8.738234519958496
BenchmarkTest01789.java,0,CWE-614,CWE-614,1,0,1,0,0,0,1,0,0,0,2331,0.00291375,739,0.00739,2,2e-05,0.01032375,7.66782546043396
BenchmarkTest01790.java,0,CWE-79,,,,0,0,1,0,0,0,1,0,,,,,,,,
BenchmarkTest01791.java,0,CWE-78,,,,0,0,1,0,0,0,1,0,,,,,,,,
BenchmarkTest01792.java,0,CWE-78,,,,0,0,1,0,0,0,1,0,,,,,,,,
BenchmarkTest01793.java,0,CWE-78,,,,0,0,1,0,0,0,1,0,,,,,,,,
BenchmarkTest01794.java,0,CWE-78,,,,0,0,1,0,0,0,1,0,,,,,,,,
BenchmarkTest01795.java,0,CWE-78,,,,0,0,1,0,0,0,1,0,,,,,,,,
BenchmarkTest01796.java,0,CWE-78,,,,0,0,1,0,0,0,1,0,,,,,,,,
BenchmarkTest01797.java,0,CWE-330,,,,0,0,1,0,0,0,1,0,,,,,,,,
BenchmarkTest01798.java,0,CWE-330,,,,0,0,1,0,0,0,1,0,,,,,,,,
BenchmarkTest01799.java,0,CWE-330,,,,0,0,1,0,0,0,1,0,,,,,,,,
BenchmarkTest01800.java,0,CWE-330,,,,0,0,1,0,0,0,1,0,,,,,,,,
BenchmarkTest01801.java,0,CWE-330,,,,0,0,1,0,0,0,1,0,,,,,,,,
BenchmarkTest01803.java,0,CWE-89,,,,0,0,1,0,0,0,1,0,,,,,,,,
BenchmarkTest01804.java,0,CWE-89,,,,0,0,1,0,0,0,1,0,,,,,,,,
BenchmarkTest01805.java,0,CWE-89,,,,0,0,1,0,0,0,1,0,,,,,,,,
BenchmarkTest01806.java,0,CWE-89,,,,0,0,1,0,0,0,1,0,,,,,,,,
BenchmarkTest01807.java,0,CWE-89,,,,0,0,1,0,0,0,1,0,,,,,,,,
BenchmarkTest01808.java,0,CWE-89,,,,0,0,1,0,0,0,1,0,,,,,,,,
BenchmarkTest01809.java,0,CWE-89,,,,0,0,1,0,0,0,1,0,,,,,,,,
BenchmarkTest01810.java,0,CWE-89,,,,0,0,1,0,0,0,1,0,,,,,,,,
BenchmarkTest01811.java,0,CWE-89,,,,0,0,1,0,0,0,1,0,,,,,,,,
BenchmarkTest01812.java,0,CWE-89,,,,0,0,1,0,0,0,1,0,,,,,,,,
BenchmarkTest01813.java,0,CWE-89,,,,0,0,1,0,0,0,1,0,,,,,,,,
BenchmarkTest01814.java,0,CWE-89,,,,0,0,1,0,0,0,1,0,,,,,,,,
BenchmarkTest01815.java,0,CWE-89,,,,0,0,1,0,0,0,1,0,,,,,,,,
BenchmarkTest01816.java,0,CWE-89,,,,0,0,1,0,0,0,1,0,,,,,,,,
BenchmarkTest01817.java,0,CWE-89,,,,0,0,1,0,0,0,1,0,,,,,,,,
BenchmarkTest01818.java,0,CWE-89,,,,0,0,1,0,0,0,1,0,,,,,,,,
BenchmarkTest01819.java,0,CWE-89,,,,0,0,1,0,0,0,1,0,,,,,,,,
BenchmarkTest01820.java,0,CWE-89,,,,0,0,1,0,0,0,1,0,,,,,,,,
BenchmarkTest01821.java,0,CWE-643,,,,0,0,1,0,0,0,1,0,,,,,,,,
BenchmarkTest01822.java,0,CWE-327,CWE-327,1,0,1,0,0,0,1,0,0,0,3285,0.00410625,799,0.00799,2,2e-05,0.012116249999999999,7.4033637046813965
BenchmarkTest01823.java,0,CWE-327,CWE-327,1,0,1,0,0,0,1,0,0,0,3206,0.0040075,452,0.00452,2,2e-05,0.0085475,4.829988956451416
BenchmarkTest01824.java,0,CWE-327,,,,0,0,1,0,0,0,1,0,,,,,,,,
BenchmarkTest01825.java,0,CWE-327,,,,0,0,1,0,0,0,1,0,,,,,,,,
BenchmarkTest01826.java,0,CWE-327,,,,0,0,1,0,0,0,1,0,,,,,,,,
BenchmarkTest01827.java,0,CWE-327,,,,0,0,1,0,0,0,1,0,,,,,,,,
BenchmarkTest01828.java,0,CWE-327,,,,0,0,1,0,0,0,1,0,,,,,,,,
BenchmarkTest01829.java,0,CWE-327,CWE-327,1,0,1,0,0,0,1,0,0,0,3108,0.003885,529,0.00529,2,2e-05,0.009195,6.867133855819702
BenchmarkTest01830.java,0,CWE-327,CWE-327,1,0,1,0,0,0,1,0,0,0,2810,0.0035125,402,0.00402,2,2e-05,0.0075525,6.43932318687439
BenchmarkTest01831.java,0,CWE-90,CWE-90,1,0,1,0,0,0,1,0,0,0,2775,0.00346875,955,0.00955,2,2e-05,0.013038749999999998,9.321296215057373
BenchmarkTest01832.java,0,CWE-90,CWE-90,1,0,1,0,0,0,1,0,0,0,2760,0.00345,997,0.00997,2,2e-05,0.013439999999999999,10.357478618621826
BenchmarkTest01833.java,0,CWE-22,CWE-23,0,0,1,0,0,0,1,0,0,0,2784,0.00348,1297,0.01297,2,2e-05,0.01647,11.927324533462524
BenchmarkTest01834.java,0,CWE-22,CWE-23,0,1,0,1,0,0,0,0,1,0,2773,0.00346625,905,0.00905,2,2e-05,0.01253625,8.311951398849487
BenchmarkTest01835.java,0,CWE-22,CWE-23,0,0,1,0,0,0,1,0,0,0,2713,0.00339125,1037,0.01037,2,2e-05,0.01378125,9.668466806411743
BenchmarkTest01836.java,0,CWE-22,CWE-23,0,0,1,0,0,0,1,0,0,0,2946,0.0036825,1054,0.01054,2,2e-05,0.0142425,9.744224071502686
BenchmarkTest01837.java,0,CWE-22,CWE-23,0,1,0,1,0,0,0,0,1,0,2881,0.00360125,920,0.0092,2,2e-05,0.01282125,10.385452508926392
BenchmarkTest01838.java,0,CWE-22,CWE-23,0,1,0,1,0,0,0,0,1,0,2943,0.00367875,1049,0.01049,2,2e-05,0.014188749999999998,9.308046340942383
BenchmarkTest01839.java,0,CWE-22,CWE-23,0,0,1,0,0,0,1,0,0,0,2747,0.00343375,1079,0.01079,2,2e-05,0.01424375,9.747388362884521
BenchmarkTest01840.java,0,CWE-22,CWE-23,0,0,1,0,0,0,1,0,0,0,2709,0.00338625,873,0.00873,2,2e-05,0.01213625,8.484745740890503
BenchmarkTest01841.java,0,CWE-22,CWE-23,0,1,0,1,0,0,0,0,1,0,3021,0.00377625,1333,0.01333,2,2e-05,0.01712625,13.02232551574707
BenchmarkTest01842.java,0,CWE-330,CWE-330,1,0,1,0,0,0,1,0,0,0,2750,0.0034375,1056,0.01056,2,2e-05,0.014017499999999999,9.715710639953613
BenchmarkTest01843.java,0,CWE-330,CWE-330,1,0,1,0,0,0,1,0,0,0,2836,0.003545,660,0.0066,2,2e-05,0.010164999999999999,7.607221841812134
BenchmarkTest01844.java,0,CWE-328,CWE-916,0,0,1,0,0,0,1,0,0,0,3202,0.0040025,1526,0.01526,2,2e-05,0.019282499999999998,15.09633731842041
BenchmarkTest01845.java,0,CWE-328,CWE-916,0,0,1,0,0,0,1,0,0,0,2878,0.0035975,1089,0.01089,2,2e-05,0.0145075,11.115056037902832
BenchmarkTest01846.java,0,CWE-328,CWE-916,0,0,1,0,0,0,1,0,0,0,2854,0.0035675,779,0.00779,2,2e-05,0.011377499999999999,10.01010012626648
BenchmarkTest01847.java,0,CWE-328,,,,0,0,1,0,0,0,1,0,,,,,,,,
BenchmarkTest01848.java,0,CWE-328,,,,0,0,1,0,0,0,1,0,,,,,,,,
BenchmarkTest01849.java,0,CWE-328,,,,0,0,1,0,0,0,1,0,,,,,,,,
BenchmarkTest01850.java,0,CWE-78,CWE-78,1,0,1,0,0,0,1,0,0,0,2488,0.00311,932,0.00932,2,2e-05,0.01245,8.967891216278076
BenchmarkTest01851.java,0,CWE-78,CWE-78,1,0,1,0,0,0,1,0,0,0,2561,0.00320125,1014,0.01014,2,2e-05,0.013361249999999998,9.227637529373169
BenchmarkTest01852.java,0,CWE-78,CWE-78,1,0,1,0,0,0,1,0,0,0,2492,0.003115,1164,0.01164,2,2e-05,0.014774999999999998,10.595632791519165
BenchmarkTest01853.java,0,CWE-330,CWE-330,1,0,1,0,0,0,1,0,0,0,2814,0.0035175,743,0.00743,2,2e-05,0.010967499999999998,7.335345506668091
BenchmarkTest01854.java,0,CWE-330,CWE-330,1,0,1,0,0,0,1,0,0,0,3111,0.00388875,677,0.00677,2,2e-05,0.010678749999999999,6.558152914047241
BenchmarkTest01855.java,0,CWE-330,CWE-330,1,0,1,0,0,0,1,0,0,0,2802,0.0035025,717,0.00717,2,2e-05,0.010692499999999999,6.26104474067688
BenchmarkTest01856.java,0,CWE-330,CWE-330,1,0,1,0,0,0,1,0,0,0,2720,0.0034,778,0.00778,2,2e-05,0.011199999999999998,7.993372678756714
BenchmarkTest01857.java,0,CWE-330,CWE-330,1,0,1,0,0,0,1,0,0,0,2791,0.00348875,685,0.00685,2,2e-05,0.01035875,9.145711183547974
BenchmarkTest01858.java,0,CWE-330,CWE-330,1,0,1,0,0,0,1,0,0,0,2865,0.00358125,831,0.00831,2,2e-05,0.011911249999999998,10.238103866577148
BenchmarkTest01859.java,0,CWE-330,CWE-330,1,0,1,0,0,0,1,0,0,0,2735,0.00341875,757,0.00757,2,2e-05,0.01100875,9.117746591567993
BenchmarkTest01860.java,0,CWE-330,CWE-330,1,0,1,0,0,0,1,0,0,0,2735,0.00341875,658,0.00658,2,2e-05,0.01001875,8.044440507888794
BenchmarkTest01861.java,0,CWE-614,CWE-614,1,0,1,0,0,0,1,0,0,0,2528,0.00316,938,0.00938,2,2e-05,0.012559999999999998,9.874561309814453
BenchmarkTest01862.java,0,CWE-614,,,,0,0,1,0,0,0,1,0,,,,,,,,
BenchmarkTest01863.java,0,CWE-614,,,,0,0,1,0,0,0,1,0,,,,,,,,
BenchmarkTest01864.java,0,CWE-78,CWE-78,1,0,1,0,0,0,1,0,0,0,2457,0.00307125,1177,0.01177,2,2e-05,0.01486125,11.48568320274353
BenchmarkTest01865.java,0,CWE-78,CWE-78,1,1,0,1,0,0,0,0,1,0,2519,0.00314875,1073,0.01073,2,2e-05,0.01389875,10.468289852142334
BenchmarkTest01866.java,0,CWE-330,CWE-330,1,1,0,1,0,0,0,0,1,0,2882,0.0036025,761,0.00761,2,2e-05,0.0112325,7.617833852767944
BenchmarkTest01867.java,0,CWE-330,CWE-330,1,1,0,1,0,0,0,0,1,0,2991,0.00373875,824,0.00824,2,2e-05,0.011998749999999999,7.892506837844849
BenchmarkTest01868.java,0,CWE-330,,,,0,0,1,0,0,0,1,0,,,,,,,,
BenchmarkTest01869.java,0,CWE-330,,,,0,0,1,0,0,0,1,0,,,,,,,,
BenchmarkTest01870.java,0,CWE-330,,,,0,0,1,0,0,0,1,0,,,,,,,,
BenchmarkTest01871.java,0,CWE-330,,,,0,0,1,0,0,0,1,0,,,,,,,,
BenchmarkTest01877.java,0,CWE-89,CWE-89,1,1,0,1,0,0,0,0,1,0,2511,0.00313875,1539,0.01539,2,2e-05,0.01854875,13.36324667930603
BenchmarkTest01878.java,0,CWE-89,CWE-89,1,1,0,1,0,0,0,0,1,0,2400,0.003,948,0.00948,2,2e-05,0.0125,8.914342641830444
BenchmarkTest01879.java,0,CWE-89,CWE-89,1,1,0,1,0,0,0,0,1,0,2472,0.00309,2013,0.02013,2,2e-05,0.023239999999999997,17.277092456817627
BenchmarkTest01880.java,0,CWE-89,CWE-89,1,1,0,1,0,0,0,0,1,0,2544,0.00318,1112,0.01112,2,2e-05,0.01432,10.47937536239624
BenchmarkTest01881.java,0,CWE-89,CWE-89,1,0,1,0,0,0,1,0,0,0,2494,0.0031175,863,0.00863,2,2e-05,0.0117675,8.291041135787964
BenchmarkTest01882.java,0,CWE-89,CWE-89,1,0,1,0,0,0,1,0,0,0,2689,0.00336125,925,0.00925,2,2e-05,0.012631249999999998,9.539607048034668
BenchmarkTest01883.java,0,CWE-89,,,,0,0,0,1,0,0,0,1,,,,,,,,
BenchmarkTest01884.java,0,CWE-89,CWE-89,1,1,0,1,0,0,0,0,1,0,2411,0.00301375,819,0.00819,2,2e-05,0.011223749999999998,10.454721689224243
BenchmarkTest01885.java,0,CWE-89,CWE-89,1,1,0,1,0,0,0,0,1,0,2422,0.0030275,1421,0.01421,2,2e-05,0.0172575,14.810294389724731
BenchmarkTest01886.java,0,CWE-89,CWE-89,1,1,0,1,0,0,0,0,1,0,2696,0.00337,1536,0.01536,2,2e-05,0.01875,15.229499816894531
BenchmarkTest01887.java,0,CWE-89,CWE-89,1,0,1,0,0,0,1,0,0,0,2328,0.00291,858,0.00858,2,2e-05,0.01151,9.346898317337036
BenchmarkTest01888.java,0,CWE-89,CWE-89,1,0,1,0,0,0,1,0,0,0,2383,0.00297875,910,0.0091,2,2e-05,0.01209875,9.223624467849731
BenchmarkTest01889.java,0,CWE-89,CWE-89,1,0,1,0,0,0,1,0,0,0,2337,0.00292125,942,0.00942,2,2e-05,0.012361249999999999,10.181296586990356
BenchmarkTest01890.java,0,CWE-89,CWE-89,1,0,1,0,0,0,1,0,0,0,2337,0.00292125,932,0.00932,2,2e-05,0.01226125,9.895349979400635
BenchmarkTest01891.java,0,CWE-89,CWE-89,1,0,1,0,0,0,1,0,0,0,2385,0.00298125,876,0.00876,2,2e-05,0.01176125,7.890766382217407
BenchmarkTest01892.java,0,CWE-643,CWE-643,1,0,1,0,0,0,1,0,0,0,2663,0.00332875,966,0.00966,2,2e-05,0.01300875,9.197479248046875
BenchmarkTest01893.java,0,CWE-643,CWE-643,1,1,0,1,0,0,0,0,1,0,2602,0.0032525,927,0.00927,2,2e-05,0.0125425,9.196896076202393
BenchmarkTest01894.java,0,CWE-643,CWE-643,1,0,1,0,0,0,1,0,0,0,2475,0.00309375,873,0.00873,2,2e-05,0.01184375,8.678056001663208
BenchmarkTest01895.java,0,CWE-327,CWE-327,1,0,1,0,0,0,1,0,0,0,3083,0.00385375,1037,0.01037,2,2e-05,0.01424375,9.649255275726318
BenchmarkTest01896.java,0,CWE-327,,,,0,0,1,0,0,0,1,0,,,,,,,,
BenchmarkTest01897.java,0,CWE-327,CWE-327,1,0,1,0,0,0,1,0,0,0,2681,0.00335125,637,0.00637,2,2e-05,0.00974125,6.28770112991333
BenchmarkTest01898.java,0,CWE-327,CWE-327,1,0,1,0,0,0,1,0,0,0,2704,0.00338,776,0.00776,2,2e-05,0.01116,7.287093877792358
BenchmarkTest01899.java,0,CWE-327,,,,0,0,1,0,0,0,1,0,,,,,,,,
BenchmarkTest01900.java,0,CWE-327,CWE-327,1,0,1,0,0,0,1,0,0,0,2612,0.003265,864,0.00864,2,2e-05,0.011925,7.994441032409668
BenchmarkTest01901.java,0,CWE-327,,,,0,0,1,0,0,0,1,0,,,,,,,,
BenchmarkTest01902.java,0,CWE-90,CWE-90,1,0,1,0,0,0,1,0,0,0,2570,0.0032125,1210,0.0121,2,2e-05,0.015332499999999999,11.20510458946228
BenchmarkTest01903.java,0,CWE-90,CWE-90,1,1,0,1,0,0,0,0,1,0,2537,0.00317125,1054,0.01054,2,2e-05,0.01373125,8.82177734375
BenchmarkTest01904.java,0,CWE-22,CWE-23,0,0,1,0,0,0,1,0,0,0,2588,0.003235,1100,0.011,2,2e-05,0.014254999999999999,9.983290672302246
BenchmarkTest01905.java,0,CWE-22,CWE-23,0,1,0,1,0,0,0,0,1,0,2729,0.00341125,1088,0.01088,2,2e-05,0.01431125,10.670717239379883
BenchmarkTest01906.java,0,CWE-22,CWE-23,0,0,1,0,0,0,1,0,0,0,2602,0.0032525,1062,0.01062,2,2e-05,0.013892499999999999,11.924596071243286
BenchmarkTest01907.java,0,CWE-22,CWE-23,0,0,1,0,0,0,1,0,0,0,2556,0.003195,950,0.0095,2,2e-05,0.012714999999999999,9.83078122138977
BenchmarkTest01908.java,0,CWE-22,CWE-23,0,0,1,0,0,0,1,0,0,0,2770,0.0034625,1084,0.01084,2,2e-05,0.0143225,9.487576007843018
BenchmarkTest01909.java,0,CWE-90,CWE-90,1,1,0,1,0,0,0,0,1,0,2670,0.0033375,1119,0.01119,2,2e-05,0.0145475,9.999115467071533
BenchmarkTest01910.java,0,CWE-330,CWE-330,1,0,1,0,0,0,1,0,0,0,2666,0.0033325,759,0.00759,2,2e-05,0.010942499999999999,7.470818519592285
BenchmarkTest01911.java,0,CWE-328,CWE-916,0,0,1,0,0,0,1,0,0,0,2750,0.0034375,1043,0.01043,2,2e-05,0.013887499999999999,10.383442878723145
BenchmarkTest01912.java,0,CWE-328,,,,0,0,1,0,0,0,1,0,,,,,,,,
BenchmarkTest01913.java,0,CWE-328,,,,0,0,1,0,0,0,1,0,,,,,,,,
BenchmarkTest01914.java,0,CWE-79,CWE-79,1,1,0,1,0,0,0,0,1,0,2644,0.003305,980,0.0098,2,2e-05,0.013125,9.078781843185425
BenchmarkTest01915.java,0,CWE-79,CWE-79,1,1,0,1,0,0,0,0,1,0,2585,0.00323125,973,0.00973,2,2e-05,0.01298125,8.886369705200195
BenchmarkTest01916.java,0,CWE-79,CWE-79,1,0,1,0,0,0,1,0,0,0,2541,0.00317625,1200,0.012,2,2e-05,0.01519625,12.495865821838379
BenchmarkTest01917.java,0,CWE-79,CWE-79,1,1,0,1,0,0,0,0,1,0,2539,0.00317375,867,0.00867,2,2e-05,0.01186375,7.997033596038818
BenchmarkTest01918.java,0,CWE-79,CWE-79,1,1,0,1,0,0,0,0,1,0,2589,0.00323625,1114,0.01114,2,2e-05,0.01439625,10.280224084854126
BenchmarkTest01919.java,0,CWE-79,CWE-79,1,0,1,0,0,0,1,0,0,0,2583,0.00322875,1126,0.01126,2,2e-05,0.014508749999999997,11.5043203830719
BenchmarkTest01920.java,0,CWE-79,CWE-79,1,0,1,0,0,0,1,0,0,0,2624,0.00328,1235,0.01235,2,2e-05,0.015649999999999997,13.583167314529419
BenchmarkTest01921.java,0,CWE-79,CWE-79,1,0,1,0,0,0,1,0,0,0,2657,0.00332125,981,0.00981,2,2e-05,0.013151249999999998,10.9823637008667
BenchmarkTest01922.java,0,CWE-79,CWE-79,1,0,1,0,0,0,1,0,0,0,2619,0.00327375,1060,0.0106,2,2e-05,0.01389375,10.519216060638428
BenchmarkTest01923.java,0,CWE-79,CWE-79,1,0,1,0,0,0,1,0,0,0,2569,0.00321125,1513,0.01513,2,2e-05,0.01836125,13.30722689628601
BenchmarkTest01924.java,0,CWE-79,CWE-79,1,0,0,1,0,0,0,1,0,0,2550,0.0031875,2451,0.02451,2,2e-05,0.0277175,23.266080141067505
BenchmarkTest01925.java,0,CWE-79,CWE-79,1,0,1,0,0,0,1,0,0,0,2586,0.0032325,994,0.00994,2,2e-05,0.0131925,9.207499980926514
BenchmarkTest01926.java,0,CWE-79,CWE-79,1,0,1,0,0,0,1,0,0,0,2565,0.00320625,1099,0.01099,2,2e-05,0.01421625,10.189230918884277
BenchmarkTest01927.java,0,CWE-79,CWE-79,1,0,1,0,0,0,1,0,0,0,2587,0.00323375,1291,0.01291,2,2e-05,0.016163749999999998,11.872724771499634
BenchmarkTest01928.java,0,CWE-78,CWE-78,1,0,1,0,0,0,1,0,0,0,2375,0.00296875,1048,0.01048,2,2e-05,0.013468749999999998,9.50399112701416
BenchmarkTest01929.java,0,CWE-78,CWE-78,1,0,1,0,0,0,1,0,0,0,2354,0.0029425,947,0.00947,2,2e-05,0.012432499999999999,9.657254695892334
BenchmarkTest01930.java,0,CWE-330,CWE-330,1,0,1,0,0,0,1,0,0,0,2582,0.0032275,472,0.00472,2,2e-05,0.007967499999999999,6.6804914474487305
BenchmarkTest01931.java,0,CWE-330,CWE-330,1,0,1,0,0,0,1,0,0,0,2902,0.0036275,605,0.00605,2,2e-05,0.0096975,7.765012264251709
BenchmarkTest01932.java,0,CWE-330,CWE-330,1,0,1,0,0,0,1,0,0,0,2617,0.00327125,866,0.00866,2,2e-05,0.011951249999999998,8.026098251342773
BenchmarkTest01933.java,0,CWE-330,CWE-330,1,0,1,0,0,0,1,0,0,0,2548,0.003185,649,0.00649,2,2e-05,0.009694999999999999,6.220455884933472
BenchmarkTest01934.java,0,CWE-330,CWE-330,1,0,1,0,0,0,1,0,0,0,2544,0.00318,778,0.00778,2,2e-05,0.010979999999999998,7.106356620788574
BenchmarkTest01935.java,0,CWE-614,,,,0,0,1,0,0,0,1,0,,,,,,,,
BenchmarkTest01936.java,0,CWE-78,CWE-78,1,0,1,0,0,0,1,0,0,0,2305,0.00288125,1034,0.01034,2,2e-05,0.01324125,9.304636240005493
BenchmarkTest01937.java,0,CWE-78,CWE-78,1,0,0,1,0,0,0,1,0,0,2308,0.002885,4610,0.0461,2,2e-05,0.049005,38.71233654022217
BenchmarkTest01938.java,0,CWE-78,CWE-78,1,0,1,0,0,0,1,0,0,0,2437,0.00304625,1429,0.01429,2,2e-05,0.01735625,13.009605407714844
BenchmarkTest01939.java,0,CWE-78,CWE-78,1,1,0,1,0,0,0,0,1,0,2199,0.00274875,1091,0.01091,2,2e-05,0.013678749999999998,11.446699380874634
BenchmarkTest01940.java,0,CWE-78,CWE-78,1,0,1,0,0,0,1,0,0,0,2303,0.00287875,973,0.00973,2,2e-05,0.01262875,8.805209875106812
BenchmarkTest01941.java,0,CWE-78,CWE-78,1,1,0,1,0,0,0,0,1,0,2495,0.00311875,1440,0.0144,2,2e-05,0.01753875,12.104749917984009
BenchmarkTest01942.java,0,CWE-78,CWE-78,1,0,1,0,0,0,1,0,0,0,2249,0.00281125,998,0.00998,2,2e-05,0.012811249999999998,9.535369873046875
BenchmarkTest01943.java,0,CWE-78,CWE-78,1,1,0,1,0,0,0,0,1,0,2396,0.002995,1244,0.01244,2,2e-05,0.015454999999999998,10.993507623672485
BenchmarkTest01944.java,0,CWE-78,CWE-78,1,0,1,0,0,0,1,0,0,0,2358,0.0029475,1000,0.01,2,2e-05,0.0129675,10.506938457489014
BenchmarkTest01945.java,0,CWE-330,,,,0,0,1,0,0,0,1,0,,,,,,,,
BenchmarkTest01946.java,0,CWE-330,,,,0,0,1,0,0,0,1,0,,,,,,,,
BenchmarkTest01947.java,0,CWE-330,,,,0,0,1,0,0,0,1,0,,,,,,,,
BenchmarkTest01948.java,0,CWE-330,,,,0,0,1,0,0,0,1,0,,,,,,,,
BenchmarkTest01949.java,0,CWE-330,,,,0,0,1,0,0,0,1,0,,,,,,,,
BenchmarkTest01950.java,0,CWE-330,,,,0,0,1,0,0,0,1,0,,,,,,,,
BenchmarkTest01951.java,0,CWE-330,,,,0,0,1,0,0,0,1,0,,,,,,,,
BenchmarkTest01952.java,0,CWE-330,,,,0,0,1,0,0,0,1,0,,,,,,,,
BenchmarkTest01953.java,0,CWE-330,,,,0,0,1,0,0,0,1,0,,,,,,,,
BenchmarkTest01954.java,0,CWE-330,,,,0,0,1,0,0,0,1,0,,,,,,,,
BenchmarkTest01961.java,0,CWE-89,CWE-89,1,1,0,1,0,0,0,0,1,0,2535,0.00316875,1953,0.01953,2,2e-05,0.02271875,16.581974506378174
BenchmarkTest01962.java,0,CWE-89,CWE-89,1,0,1,0,0,0,1,0,0,0,2241,0.00280125,929,0.00929,2,2e-05,0.012111249999999999,9.627434492111206
BenchmarkTest01963.java,0,CWE-89,CWE-89,1,0,1,0,0,0,1,0,0,0,2183,0.00272875,890,0.0089,2,2e-05,0.01164875,8.751250982284546
BenchmarkTest01964.java,0,CWE-89,CWE-89,1,0,1,0,0,0,1,0,0,0,2487,0.00310875,896,0.00896,2,2e-05,0.012088749999999999,9.032798290252686
BenchmarkTest01965.java,0,CWE-89,,,,0,0,1,0,0,0,1,0,,,,,,,,
BenchmarkTest01966.java,0,CWE-89,,,,0,0,1,0,0,0,1,0,,,,,,,,
BenchmarkTest01967.java,0,CWE-89,,,,0,0,1,0,0,0,1,0,,,,,,,,
BenchmarkTest01968.java,0,CWE-89,CWE-89,1,0,0,1,0,0,0,1,0,0,2269,0.00283625,9600,0.096,2,2e-05,0.09885625,80.73866939544678
BenchmarkTest01969.java,0,CWE-89,CWE-89,1,1,0,1,0,0,0,0,1,0,2188,0.002735,962,0.00962,2,2e-05,0.012374999999999999,8.61382794380188
BenchmarkTest01970.java,0,CWE-89,CWE-89,1,0,1,0,0,0,1,0,0,0,2260,0.002825,1133,0.01133,2,2e-05,0.014174999999999998,9.730646133422852
BenchmarkTest01971.java,0,CWE-89,CWE-89,1,0,1,0,0,0,1,0,0,0,2259,0.00282375,973,0.00973,2,2e-05,0.01257375,8.698591709136963
BenchmarkTest01972.java,0,CWE-89,CWE-89,1,0,1,0,0,0,1,0,0,0,2144,0.00268,834,0.00834,2,2e-05,0.01104,8.19089674949646
BenchmarkTest01973.java,0,CWE-89,CWE-89,1,1,0,1,0,0,0,0,1,0,2242,0.0028025,822,0.00822,2,2e-05,0.011042499999999998,7.549328804016113
BenchmarkTest01974.java,0,CWE-643,CWE-643,1,0,1,0,0,0,1,0,0,0,2479,0.00309875,853,0.00853,2,2e-05,0.01164875,7.827088832855225
BenchmarkTest01975.java,0,CWE-327,,,,0,0,1,0,0,0,1,0,,,,,,,,
BenchmarkTest01976.java,0,CWE-327,,,,0,0,1,0,0,0,1,0,,,,,,,,
BenchmarkTest01977.java,0,CWE-327,,,,0,0,1,0,0,0,1,0,,,,,,,,
BenchmarkTest01978.java,0,CWE-327,CWE-327,1,0,1,0,0,0,1,0,0,0,2728,0.00341,580,0.0058,2,2e-05,0.009229999999999999,6.00580620765686
BenchmarkTest01979.java,0,CWE-327,,,,0,0,1,0,0,0,1,0,,,,,,,,
BenchmarkTest01980.java,0,CWE-327,CWE-327,1,0,1,0,0,0,1,0,0,0,2674,0.0033425,292,0.00292,2,2e-05,0.0062825,3.3438518047332764
BenchmarkTest01981.java,0,CWE-327,CWE-327,1,0,1,0,0,0,1,0,0,0,2688,0.00336,407,0.00407,2,2e-05,0.00745,4.5795676708221436
BenchmarkTest01982.java,0,CWE-327,,,,0,0,1,0,0,0,1,0,,,,,,,,
BenchmarkTest01983.java,0,CWE-22,CWE-23,0,0,1,0,0,0,1,0,0,0,2586,0.0032325,1128,0.01128,2,2e-05,0.0145325,10.662605285644531
BenchmarkTest01984.java,0,CWE-22,CWE-23,0,1,0,1,0,0,0,0,1,0,2694,0.0033675,930,0.0093,2,2e-05,0.012687499999999997,8.756712675094604
BenchmarkTest01985.java,0,CWE-22,CWE-23,0,0,1,0,0,0,1,0,0,0,2604,0.003255,1198,0.01198,2,2e-05,0.015254999999999998,11.273446321487427
BenchmarkTest01986.java,0,CWE-22,CWE-23,0,1,0,1,0,0,0,0,1,0,2866,0.0035825,980,0.0098,2,2e-05,0.0134025,9.102950096130371
BenchmarkTest01987.java,0,CWE-22,CWE-23,0,0,1,0,0,0,1,0,0,0,2828,0.003535,1539,0.01539,2,2e-05,0.018944999999999997,13.906438827514648
BenchmarkTest01988.java,0,CWE-22,CWE-23,0,0,1,0,0,0,1,0,0,0,2787,0.00348375,1025,0.01025,2,2e-05,0.013753749999999999,10.534602880477905
BenchmarkTest01989.java,0,CWE-22,CWE-23,0,0,1,0,0,0,1,0,0,0,2617,0.00327125,1382,0.01382,2,2e-05,0.01711125,13.09990906715393
BenchmarkTest01990.java,0,CWE-22,CWE-23,0,1,0,1,0,0,0,0,1,0,2685,0.00335625,1260,0.0126,2,2e-05,0.015976249999999997,11.490949630737305
BenchmarkTest01991.java,0,CWE-22,CWE-23,0,1,0,1,0,0,0,0,1,0,3111,0.00388875,1290,0.0129,2,2e-05,0.016808749999999997,11.20765733718872
BenchmarkTest01992.java,0,CWE-330,CWE-330,1,0,1,0,0,0,1,0,0,0,2971,0.00371375,743,0.00743,2,2e-05,0.01116375,7.302788734436035
BenchmarkTest01993.java,0,CWE-328,,,,0,0,1,0,0,0,1,0,,,,,,,,
BenchmarkTest01994.java,0,CWE-328,,,,0,0,1,0,0,0,1,0,,,,,,,,
BenchmarkTest01995.java,0,CWE-328,,,,0,0,1,0,0,0,1,0,,,,,,,,
BenchmarkTest01996.java,0,CWE-328,,,,0,0,0,1,0,0,0,1,,,,,,,,
BenchmarkTest01997.java,0,CWE-328,,,,0,0,0,1,0,0,0,1,,,,,,,,
BenchmarkTest01998.java,0,CWE-328,,,,0,0,1,0,0,0,1,0,,,,,,,,
BenchmarkTest01999.java,0,CWE-330,CWE-330,1,0,1,0,0,0,1,0,0,0,2771,0.00346375,750,0.0075,2,2e-05,0.010983749999999999,7.555851459503174
BenchmarkTest02000.java,0,CWE-330,CWE-330,1,0,1,0,0,0,1,0,0,0,2660,0.003325,574,0.00574,2,2e-05,0.009085,5.6230926513671875
BenchmarkTest02001.java,0,CWE-330,CWE-330,1,0,1,0,0,0,1,0,0,0,2638,0.0032975,652,0.00652,2,2e-05,0.009837499999999999,6.550278663635254
BenchmarkTest02002.java,0,CWE-330,CWE-330,1,0,1,0,0,0,1,0,0,0,2648,0.00331,759,0.00759,2,2e-05,0.01092,7.232482671737671
BenchmarkTest02003.java,0,CWE-330,CWE-330,1,0,1,0,0,0,1,0,0,0,2956,0.003695,814,0.00814,2,2e-05,0.011855,8.485620498657227
BenchmarkTest02004.java,0,CWE-330,CWE-330,1,0,1,0,0,0,1,0,0,0,2595,0.00324375,548,0.00548,2,2e-05,0.008743749999999998,7.684937000274658
BenchmarkTest02005.java,0,CWE-614,CWE-614,1,0,1,0,0,0,1,0,0,0,2479,0.00309875,726,0.00726,2,2e-05,0.010378749999999999,8.441722869873047
BenchmarkTest02006.java,0,CWE-614,,,,0,0,1,0,0,0,1,0,,,,,,,,
BenchmarkTest02007.java,0,CWE-330,,,,0,0,1,0,0,0,1,0,,,,,,,,
BenchmarkTest02008.java,0,CWE-330,,,,0,0,1,0,0,0,1,0,,,,,,,,
BenchmarkTest02009.java,0,CWE-330,,,,0,0,1,0,0,0,1,0,,,,,,,,
BenchmarkTest02010.java,0,CWE-330,,,,0,0,1,0,0,0,1,0,,,,,,,,
BenchmarkTest02011.java,0,CWE-330,,,,0,0,1,0,0,0,1,0,,,,,,,,
BenchmarkTest02012.java,0,CWE-330,,,,0,0,1,0,0,0,1,0,,,,,,,,
BenchmarkTest02013.java,0,CWE-330,,,,0,0,1,0,0,0,1,0,,,,,,,,
BenchmarkTest02014.java,0,CWE-330,,,,0,0,1,0,0,0,1,0,,,,,,,,
BenchmarkTest02017.java,0,CWE-327,CWE-327,1,0,1,0,0,0,1,0,0,0,3055,0.00381875,395,0.00395,2,2e-05,0.0077887500000000005,5.1434326171875
BenchmarkTest02018.java,0,CWE-327,CWE-327,1,0,1,0,0,0,1,0,0,0,3328,0.00416,475,0.00475,2,2e-05,0.008929999999999999,6.63260817527771
BenchmarkTest02019.java,0,CWE-327,CWE-327,1,0,1,0,0,0,1,0,0,0,3023,0.00377875,434,0.00434,2,2e-05,0.00813875,5.195751667022705
BenchmarkTest02020.java,0,CWE-327,CWE-327,1,0,1,0,0,0,1,0,0,0,3204,0.004005,360,0.0036,2,2e-05,0.007625,4.013555526733398
BenchmarkTest02021.java,0,CWE-327,,,,0,0,1,0,0,0,1,0,,,,,,,,
BenchmarkTest02022.java,0,CWE-327,CWE-327,1,0,1,0,0,0,1,0,0,0,2625,0.00328125,1001,0.01001,2,2e-05,0.013311249999999998,9.918721914291382
BenchmarkTest02023.java,0,CWE-327,CWE-327,1,0,1,0,0,0,1,0,0,0,2630,0.0032875,553,0.00553,2,2e-05,0.0088375,5.897168397903442
BenchmarkTest02024.java,0,CWE-327,,,,0,0,1,0,0,0,1,0,,,,,,,,
BenchmarkTest02025.java,0,CWE-90,CWE-90,1,1,0,1,0,0,0,0,1,0,2541,0.00317625,944,0.00944,2,2e-05,0.01263625,9.053843021392822
BenchmarkTest02026.java,0,CWE-22,CWE-23,0,1,0,1,0,0,0,0,1,0,2596,0.003245,1188,0.01188,2,2e-05,0.015144999999999999,10.648454427719116
BenchmarkTest02027.java,0,CWE-22,CWE-23,0,0,1,0,0,0,1,0,0,0,2531,0.00316375,908,0.00908,2,2e-05,0.012263749999999999,8.172369718551636
BenchmarkTest02028.java,0,CWE-22,CWE-23,0,1,0,1,0,0,0,0,1,0,2598,0.0032475,1087,0.01087,2,2e-05,0.014137499999999999,11.671049118041992
BenchmarkTest02029.java,0,CWE-22,CWE-23,0,1,0,1,0,0,0,0,1,0,2624,0.00328,1022,0.01022,2,2e-05,0.013519999999999999,9.620496273040771
BenchmarkTest02030.java,0,CWE-22,CWE-23,0,1,0,1,0,0,0,0,1,0,3030,0.0037875,1538,0.01538,2,2e-05,0.0191875,13.259851694107056
BenchmarkTest02031.java,0,CWE-22,CWE-23,0,1,0,1,0,0,0,0,1,0,2692,0.003365,810,0.0081,2,2e-05,0.011484999999999999,7.672406196594238
BenchmarkTest02032.java,0,CWE-22,CWE-23,0,0,1,0,0,0,1,0,0,0,2639,0.00329875,1087,0.01087,2,2e-05,0.014188749999999998,11.066264629364014
BenchmarkTest02033.java,0,CWE-22,CWE-23,0,1,0,1,0,0,0,0,1,0,2639,0.00329875,1000,0.01,2,2e-05,0.013318749999999999,9.674677610397339
BenchmarkTest02034.java,0,CWE-22,CWE-23,0,0,1,0,0,0,1,0,0,0,2526,0.0031575,943,0.00943,2,2e-05,0.012607499999999999,8.86384129524231
BenchmarkTest02035.java,0,CWE-22,CWE-23,0,1,0,1,0,0,0,0,1,0,2737,0.00342125,1150,0.0115,2,2e-05,0.01494125,11.066569566726685
BenchmarkTest02036.java,0,CWE-90,CWE-90,1,0,1,0,0,0,1,0,0,0,2639,0.00329875,914,0.00914,2,2e-05,0.01245875,9.31088662147522
BenchmarkTest02037.java,0,CWE-90,CWE-90,1,0,1,0,0,0,1,0,0,0,2587,0.00323375,1075,0.01075,2,2e-05,0.014003749999999999,10.132546424865723
BenchmarkTest02038.java,0,CWE-330,CWE-330,1,0,1,0,0,0,1,0,0,0,2658,0.0033225,1133,0.01133,2,2e-05,0.014672499999999998,10.203249216079712
BenchmarkTest02039.java,0,CWE-330,CWE-330,1,0,1,0,0,0,1,0,0,0,2587,0.00323375,739,0.00739,2,2e-05,0.010643749999999999,7.090026617050171
BenchmarkTest02040.java,0,CWE-330,CWE-330,1,0,1,0,0,0,1,0,0,0,2676,0.003345,952,0.00952,2,2e-05,0.012885,9.677327632904053
BenchmarkTest02041.java,0,CWE-328,,,,0,0,1,0,0,0,1,0,,,,,,,,
BenchmarkTest02042.java,0,CWE-328,CWE-916,0,0,1,0,0,0,1,0,0,0,2675,0.00334375,560,0.0056,2,2e-05,0.00896375,7.003496885299683
BenchmarkTest02043.java,0,CWE-328,,,,0,0,1,0,0,0,1,0,,,,,,,,
BenchmarkTest02044.java,0,CWE-328,,,,0,0,1,0,0,0,1,0,,,,,,,,
BenchmarkTest02045.java,0,CWE-79,CWE-79,1,1,0,1,0,0,0,0,1,0,2658,0.0033225,1068,0.01068,2,2e-05,0.0140225,10.923769474029541
BenchmarkTest02046.java,0,CWE-79,CWE-79,1,0,1,0,0,0,1,0,0,0,2655,0.00331875,1259,0.01259,2,2e-05,0.01592875,11.54762601852417
BenchmarkTest02047.java,0,CWE-79,CWE-79,1,0,1,0,0,0,1,0,0,0,2578,0.0032225,993,0.00993,2,2e-05,0.013172499999999998,9.654085397720337
BenchmarkTest02048.java,0,CWE-79,CWE-79,1,1,0,1,0,0,0,0,1,0,2927,0.00365875,1530,0.0153,2,2e-05,0.01897875,13.102722406387329
BenchmarkTest02049.java,0,CWE-79,CWE-79,1,1,0,1,0,0,0,0,1,0,2584,0.00323,799,0.00799,2,2e-05,0.01124,8.086503267288208
BenchmarkTest02050.java,0,CWE-79,CWE-79,1,0,1,0,0,0,1,0,0,0,2607,0.00325875,1270,0.0127,2,2e-05,0.01597875,11.390310287475586
BenchmarkTest02051.java,0,CWE-79,CWE-79,1,0,1,0,0,0,1,0,0,0,2592,0.00324,1184,0.01184,2,2e-05,0.015099999999999999,11.030133247375488
BenchmarkTest02052.java,0,CWE-79,CWE-79,1,1,0,1,0,0,0,0,1,0,2702,0.0033775,1079,0.01079,2,2e-05,0.014187499999999999,9.212408542633057
BenchmarkTest02053.java,0,CWE-79,CWE-79,1,1,0,1,0,0,0,0,1,0,2599,0.00324875,967,0.00967,2,2e-05,0.012938749999999999,8.797605276107788
BenchmarkTest02054.java,0,CWE-79,CWE-79,1,0,1,0,0,0,1,0,0,0,2561,0.00320125,1022,0.01022,2,2e-05,0.013441249999999998,10.857808828353882
BenchmarkTest02055.java,0,CWE-79,CWE-79,1,0,1,0,0,0,1,0,0,0,2570,0.0032125,1347,0.01347,2,2e-05,0.0167025,13.375333309173584
BenchmarkTest02056.java,0,CWE-79,CWE-79,1,0,1,0,0,0,1,0,0,0,2653,0.00331625,1093,0.01093,2,2e-05,0.01426625,10.87285566329956
BenchmarkTest02057.java,0,CWE-79,CWE-79,1,0,1,0,0,0,1,0,0,0,2673,0.00334125,1202,0.01202,2,2e-05,0.015381249999999999,11.820399045944214
BenchmarkTest02058.java,0,CWE-78,CWE-78,1,1,0,1,0,0,0,0,1,0,2362,0.0029525,1325,0.01325,2,2e-05,0.016222499999999997,11.784450769424438
BenchmarkTest02059.java,0,CWE-78,CWE-78,1,0,1,0,0,0,1,0,0,0,2392,0.00299,1028,0.01028,2,2e-05,0.013289999999999998,9.224465131759644
BenchmarkTest02060.java,0,CWE-330,CWE-330,1,0,1,0,0,0,1,0,0,0,2639,0.00329875,765,0.00765,2,2e-05,0.01096875,7.500726938247681
BenchmarkTest02061.java,0,CWE-330,CWE-330,1,0,1,0,0,0,1,0,0,0,2581,0.00322625,499,0.00499,2,2e-05,0.008236249999999999,5.646126747131348
BenchmarkTest02062.java,0,CWE-330,CWE-330,1,0,1,0,0,0,1,0,0,0,2904,0.00363,735,0.00735,2,2e-05,0.011,7.539496898651123
BenchmarkTest02063.java,0,CWE-330,CWE-330,1,0,1,0,0,0,1,0,0,0,2559,0.00319875,771,0.00771,2,2e-05,0.01092875,8.13807487487793
BenchmarkTest02064.java,0,CWE-614,,,,0,0,1,0,0,0,1,0,,,,,,,,
BenchmarkTest02065.java,0,CWE-614,,,,0,0,1,0,0,0,1,0,,,,,,,,
BenchmarkTest02066.java,0,CWE-614,,,,0,0,1,0,0,0,1,0,,,,,,,,
BenchmarkTest02067.java,0,CWE-78,CWE-78,1,1,0,1,0,0,0,0,1,0,2451,0.00306375,1208,0.01208,2,2e-05,0.01516375,11.048778057098389
BenchmarkTest02068.java,0,CWE-78,CWE-78,1,1,0,1,0,0,0,0,1,0,2209,0.00276125,988,0.00988,2,2e-05,0.012661249999999999,10.521529197692871
BenchmarkTest02069.java,0,CWE-78,CWE-78,1,1,0,1,0,0,0,0,1,0,2349,0.00293625,1087,0.01087,2,2e-05,0.013826249999999998,11.064543008804321
BenchmarkTest02070.java,0,CWE-78,CWE-78,1,0,1,0,0,0,1,0,0,0,2203,0.00275375,923,0.00923,2,2e-05,0.01200375,9.469913959503174
BenchmarkTest02071.java,0,CWE-330,,,,0,0,1,0,0,0,1,0,,,,,,,,
BenchmarkTest02072.java,0,CWE-330,,,,0,0,1,0,0,0,1,0,,,,,,,,
BenchmarkTest02073.java,0,CWE-330,,,,0,0,1,0,0,0,1,0,,,,,,,,
BenchmarkTest02074.java,0,CWE-330,,,,0,0,1,0,0,0,1,0,,,,,,,,
BenchmarkTest02075.java,0,CWE-330,CWE-330,1,1,0,1,0,0,0,0,1,0,2735,0.00341875,802,0.00802,2,2e-05,0.011458749999999998,8.491334438323975
BenchmarkTest02076.java,0,CWE-330,CWE-330,1,1,0,1,0,0,0,0,1,0,2788,0.003485,772,0.00772,2,2e-05,0.011224999999999999,8.035993337631226
BenchmarkTest02077.java,0,CWE-330,,,,0,0,1,0,0,0,1,0,,,,,,,,
BenchmarkTest02078.java,0,CWE-330,,,,0,0,1,0,0,0,1,0,,,,,,,,
BenchmarkTest02079.java,0,CWE-330,,,,0,0,1,0,0,0,1,0,,,,,,,,
BenchmarkTest02080.java,0,CWE-330,,,,0,0,1,0,0,0,1,0,,,,,,,,
BenchmarkTest02081.java,0,CWE-330,,,,0,0,1,0,0,0,1,0,,,,,,,,
BenchmarkTest02082.java,0,CWE-330,,,,0,0,1,0,0,0,1,0,,,,,,,,
BenchmarkTest02083.java,0,CWE-330,,,,0,0,1,0,0,0,1,0,,,,,,,,
BenchmarkTest02087.java,0,CWE-89,CWE-89,1,0,1,0,0,0,1,0,0,0,2223,0.00277875,915,0.00915,2,2e-05,0.01194875,8.965499639511108
BenchmarkTest02088.java,0,CWE-89,CWE-89,1,0,1,0,0,0,1,0,0,0,2248,0.00281,840,0.0084,2,2e-05,0.011229999999999999,9.05007791519165
BenchmarkTest02089.java,0,CWE-89,CWE-89,1,1,0,1,0,0,0,0,1,0,2248,0.00281,952,0.00952,2,2e-05,0.01235,8.675020456314087
BenchmarkTest02090.java,0,CWE-89,,,,0,0,0,1,0,0,0,1,,,,,,,,
BenchmarkTest02091.java,0,CWE-89,CWE-89,1,0,1,0,0,0,1,0,0,0,2392,0.00299,956,0.00956,2,2e-05,0.01257,8.808050870895386
BenchmarkTest02092.java,0,CWE-89,CWE-89,1,0,1,0,0,0,1,0,0,0,2234,0.0027925,982,0.00982,2,2e-05,0.0126325,9.005482196807861
BenchmarkTest02093.java,0,CWE-89,CWE-89,1,1,0,1,0,0,0,0,1,0,2255,0.00281875,1022,0.01022,2,2e-05,0.01305875,10.314894676208496
BenchmarkTest02094.java,0,CWE-89,CWE-89,1,0,1,0,0,0,1,0,0,0,2192,0.00274,844,0.00844,2,2e-05,0.011199999999999998,9.25369143486023
BenchmarkTest02095.java,0,CWE-89,CWE-89,1,1,0,1,0,0,0,0,1,0,2311,0.00288875,1185,0.01185,2,2e-05,0.014758749999999998,12.47795033454895
BenchmarkTest02096.java,0,CWE-89,CWE-89,1,0,1,0,0,0,1,0,0,0,2228,0.002785,1073,0.01073,2,2e-05,0.013534999999999998,11.913457870483398
BenchmarkTest02097.java,0,CWE-89,CWE-89,1,1,0,1,0,0,0,0,1,0,2304,0.00288,962,0.00962,2,2e-05,0.01252,10.057515859603882
BenchmarkTest02098.java,0,CWE-89,CWE-89,1,0,0,1,0,0,0,1,0,0,2263,0.00282875,4947,0.04947,2,2e-05,0.05231875,48.02458047866821
BenchmarkTest02099.java,0,CWE-89,CWE-89,1,0,1,0,0,0,1,0,0,0,2229,0.00278625,777,0.00777,2,2e-05,0.010576249999999999,7.171574592590332
BenchmarkTest02100.java,0,CWE-643,CWE-643,1,0,1,0,0,0,1,0,0,0,2480,0.0031,1212,0.01212,2,2e-05,0.01524,11.085564374923706
BenchmarkTest02101.java,0,CWE-327,CWE-327,1,0,1,0,0,0,1,0,0,0,3046,0.0038075,729,0.00729,2,2e-05,0.011117499999999999,7.056097030639648
BenchmarkTest02102.java,0,CWE-327,,,,0,0,1,0,0,0,1,0,,,,,,,,
BenchmarkTest02103.java,0,CWE-327,,,,0,0,1,0,0,0,1,0,,,,,,,,
BenchmarkTest02104.java,0,CWE-90,CWE-90,1,1,0,1,0,0,0,0,1,0,2568,0.00321,1694,0.01694,2,2e-05,0.02017,14.967055082321167
BenchmarkTest02105.java,0,CWE-22,CWE-23,0,0,1,0,0,0,1,0,0,0,2531,0.00316375,1072,0.01072,2,2e-05,0.01390375,9.350091457366943
BenchmarkTest02106.java,0,CWE-22,CWE-23,0,0,1,0,0,0,1,0,0,0,2501,0.00312625,901,0.00901,2,2e-05,0.01215625,8.468055486679077
BenchmarkTest02107.java,0,CWE-22,CWE-23,0,1,0,1,0,0,0,0,1,0,2477,0.00309625,962,0.00962,2,2e-05,0.01273625,8.602514266967773
BenchmarkTest02108.java,0,CWE-22,CWE-23,0,1,0,1,0,0,0,0,1,0,2643,0.00330375,1222,0.01222,2,2e-05,0.015543749999999999,10.658454179763794
BenchmarkTest02109.java,0,CWE-22,CWE-23,0,0,1,0,0,0,1,0,0,0,2558,0.0031975,789,0.00789,2,2e-05,0.0111075,8.427860260009766
BenchmarkTest02110.java,0,CWE-22,CWE-23,0,1,0,1,0,0,0,0,1,0,2574,0.0032175,1222,0.01222,2,2e-05,0.015457499999999999,12.011418581008911
BenchmarkTest02111.java,0,CWE-22,CWE-23,0,1,0,1,0,0,0,0,1,0,2524,0.003155,869,0.00869,2,2e-05,0.011864999999999999,9.632211923599243
BenchmarkTest02112.java,0,CWE-22,CWE-23,0,0,1,0,0,0,1,0,0,0,2592,0.00324,1078,0.01078,2,2e-05,0.014039999999999999,9.371318817138672
BenchmarkTest02113.java,0,CWE-22,CWE-23,0,0,1,0,0,0,1,0,0,0,2765,0.00345625,722,0.00722,2,2e-05,0.01069625,6.843607425689697
BenchmarkTest02114.java,0,CWE-90,CWE-90,1,1,0,1,0,0,0,0,1,0,2597,0.00324625,1180,0.0118,2,2e-05,0.01506625,10.994453430175781
BenchmarkTest02115.java,0,CWE-90,CWE-90,1,1,0,1,0,0,0,0,1,0,2658,0.0033225,965,0.00965,2,2e-05,0.0129925,8.926925420761108
BenchmarkTest02116.java,0,CWE-90,CWE-90,1,1,0,1,0,0,0,0,1,0,2588,0.003235,746,0.00746,2,2e-05,0.010714999999999999,7.885375261306763
BenchmarkTest02117.java,0,CWE-330,CWE-330,1,0,1,0,0,0,1,0,0,0,2655,0.00331875,1004,0.01004,2,2e-05,0.01337875,9.34847617149353
BenchmarkTest02118.java,0,CWE-328,CWE-916,0,0,1,0,0,0,1,0,0,0,2657,0.00332125,1086,0.01086,2,2e-05,0.014201249999999999,9.794217824935913
BenchmarkTest02119.java,0,CWE-328,,,,0,0,1,0,0,0,1,0,,,,,,,,
BenchmarkTest02120.java,0,CWE-328,,,,0,0,1,0,0,0,1,0,,,,,,,,
BenchmarkTest02121.java,0,CWE-328,,,,0,0,0,1,0,0,0,1,,,,,,,,
BenchmarkTest02122.java,0,CWE-79,CWE-79,1,1,0,1,0,0,0,0,1,0,2655,0.00331875,1201,0.01201,2,2e-05,0.01534875,10.799678564071655
BenchmarkTest02123.java,0,CWE-79,CWE-79,1,0,1,0,0,0,1,0,0,0,2549,0.00318625,1327,0.01327,2,2e-05,0.016476249999999998,13.648385524749756
BenchmarkTest02124.java,0,CWE-79,CWE-79,1,0,1,0,0,0,1,0,0,0,2556,0.003195,1128,0.01128,2,2e-05,0.014495,11.428881406784058
BenchmarkTest02125.java,0,CWE-79,CWE-79,1,1,0,1,0,0,0,0,1,0,2500,0.003125,611,0.00611,2,2e-05,0.009255,7.138108730316162
BenchmarkTest02126.java,0,CWE-79,CWE-79,1,0,1,0,0,0,1,0,0,0,2828,0.003535,1656,0.01656,2,2e-05,0.020114999999999997,14.663505554199219
BenchmarkTest02127.java,0,CWE-79,CWE-79,1,0,1,0,0,0,1,0,0,0,2528,0.00316,983,0.00983,2,2e-05,0.013009999999999999,9.888129234313965
BenchmarkTest02128.java,0,CWE-79,CWE-79,1,0,1,0,0,0,1,0,0,0,2526,0.0031575,896,0.00896,2,2e-05,0.012137499999999999,8.703613519668579
BenchmarkTest02129.java,0,CWE-79,CWE-79,1,0,1,0,0,0,1,0,0,0,2534,0.0031675,1231,0.01231,2,2e-05,0.015497499999999999,10.665799617767334
BenchmarkTest02130.java,0,CWE-79,CWE-79,1,0,1,0,0,0,1,0,0,0,2547,0.00318375,1116,0.01116,2,2e-05,0.014363749999999998,10.070054769515991
BenchmarkTest02131.java,0,CWE-79,CWE-79,1,0,1,0,0,0,1,0,0,0,2545,0.00318125,764,0.00764,2,2e-05,0.01084125,7.740270614624023
BenchmarkTest02132.java,0,CWE-79,CWE-79,1,0,1,0,0,0,1,0,0,0,2828,0.003535,1770,0.0177,2,2e-05,0.021255,15.350770235061646
BenchmarkTest02133.java,0,CWE-79,CWE-79,1,0,1,0,0,0,1,0,0,0,2521,0.00315125,890,0.0089,2,2e-05,0.012071249999999999,9.371167659759521
BenchmarkTest02134.java,0,CWE-79,CWE-79,1,0,1,0,0,0,1,0,0,0,2528,0.00316,953,0.00953,2,2e-05,0.012709999999999999,9.400529861450195
BenchmarkTest02135.java,0,CWE-79,CWE-79,1,1,0,1,0,0,0,0,1,0,2848,0.00356,1541,0.01541,2,2e-05,0.01899,14.01970648765564
BenchmarkTest02136.java,0,CWE-79,CWE-79,1,0,1,0,0,0,1,0,0,0,2554,0.0031925,961,0.00961,2,2e-05,0.0128225,8.836162090301514
BenchmarkTest02137.java,0,CWE-78,CWE-78,1,0,1,0,0,0,1,0,0,0,2274,0.0028425,935,0.00935,2,2e-05,0.0122125,8.668766975402832
BenchmarkTest02138.java,0,CWE-330,CWE-330,1,0,1,0,0,0,1,0,0,0,2584,0.00323,867,0.00867,2,2e-05,0.01192,8.327553987503052
BenchmarkTest02139.java,0,CWE-330,CWE-330,1,0,1,0,0,0,1,0,0,0,2542,0.0031775,549,0.00549,2,2e-05,0.008687499999999999,5.527156829833984
BenchmarkTest02140.java,0,CWE-330,CWE-330,1,0,1,0,0,0,1,0,0,0,2563,0.00320375,845,0.00845,2,2e-05,0.011673749999999998,8.54219365119934
BenchmarkTest02141.java,0,CWE-330,CWE-330,1,0,1,0,0,0,1,0,0,0,2503,0.00312875,764,0.00764,2,2e-05,0.01078875,7.042960166931152
BenchmarkTest02142.java,0,CWE-614,CWE-614,1,0,1,0,0,0,1,0,0,0,2355,0.00294375,761,0.00761,2,2e-05,0.01057375,7.945317029953003
BenchmarkTest02143.java,0,CWE-614,,,,0,0,1,0,0,0,1,0,,,,,,,,
BenchmarkTest02144.java,0,CWE-614,,,,0,0,1,0,0,0,1,0,,,,,,,,
BenchmarkTest02145.java,0,CWE-79,CWE-79,1,0,1,0,0,0,1,0,0,0,2833,0.00354125,1956,0.01956,2,2e-05,0.02312125,17.818165063858032
BenchmarkTest02146.java,0,CWE-78,CWE-78,1,0,1,0,0,0,1,0,0,0,2267,0.00283375,900,0.009,2,2e-05,0.011853749999999998,9.267173767089844
BenchmarkTest02147.java,0,CWE-78,CWE-78,1,0,1,0,0,0,1,0,0,0,2188,0.002735,782,0.00782,2,2e-05,0.010575,9.137134313583374
BenchmarkTest02148.java,0,CWE-78,CWE-78,1,1,0,1,0,0,0,0,1,0,2665,0.00333125,1736,0.01736,2,2e-05,0.02071125,17.1779887676239
BenchmarkTest02149.java,0,CWE-78,CWE-78,1,1,0,1,0,0,0,0,1,0,2347,0.00293375,1254,0.01254,2,2e-05,0.01549375,12.945881843566895
BenchmarkTest02150.java,0,CWE-78,CWE-78,1,0,1,0,0,0,1,0,0,0,2417,0.00302125,1060,0.0106,2,2e-05,0.013641249999999999,10.868020057678223
BenchmarkTest02151.java,0,CWE-78,CWE-78,1,0,1,0,0,0,1,0,0,0,2399,0.00299875,1482,0.01482,2,2e-05,0.01783875,12.909175395965576
BenchmarkTest02152.java,0,CWE-78,CWE-78,1,0,1,0,0,0,1,0,0,0,2387,0.00298375,1076,0.01076,2,2e-05,0.01376375,9.869705200195312
BenchmarkTest02153.java,0,CWE-78,CWE-78,1,1,0,1,0,0,0,0,1,0,2487,0.00310875,1280,0.0128,2,2e-05,0.01592875,11.071451187133789
BenchmarkTest02154.java,0,CWE-78,CWE-78,1,0,1,0,0,0,1,0,0,0,2253,0.00281625,994,0.00994,2,2e-05,0.01277625,9.119239091873169
BenchmarkTest02155.java,0,CWE-78,CWE-78,1,0,1,0,0,0,1,0,0,0,2197,0.00274625,1235,0.01235,2,2e-05,0.01511625,11.687060832977295
BenchmarkTest02156.java,0,CWE-78,CWE-78,1,1,0,1,0,0,0,0,1,0,2158,0.0026975,854,0.00854,2,2e-05,0.0112575,8.015315532684326
BenchmarkTest02157.java,0,CWE-330,,,,0,0,1,0,0,0,1,0,,,,,,,,
BenchmarkTest02158.java,0,CWE-330,,,,0,0,1,0,0,0,1,0,,,,,,,,
BenchmarkTest02159.java,0,CWE-330,,,,0,0,1,0,0,0,1,0,,,,,,,,
BenchmarkTest02160.java,0,CWE-330,CWE-330,1,1,0,1,0,0,0,0,1,0,2761,0.00345125,939,0.00939,2,2e-05,0.01286125,8.688727378845215
BenchmarkTest02161.java,0,CWE-330,,,,0,0,1,0,0,0,1,0,,,,,,,,
BenchmarkTest02162.java,0,CWE-330,,,,0,0,1,0,0,0,1,0,,,,,,,,
BenchmarkTest02163.java,0,CWE-330,,,,0,0,1,0,0,0,1,0,,,,,,,,
BenchmarkTest02164.java,0,CWE-330,,,,0,0,1,0,0,0,1,0,,,,,,,,
BenchmarkTest02169.java,0,CWE-89,CWE-89,1,0,1,0,0,0,1,0,0,0,2190,0.0027375,942,0.00942,2,2e-05,0.012177499999999999,9.434651136398315
BenchmarkTest02170.java,0,CWE-89,CWE-89,1,0,1,0,0,0,1,0,0,0,2237,0.00279625,987,0.00987,2,2e-05,0.01268625,9.417104959487915
BenchmarkTest02171.java,0,CWE-89,CWE-89,1,0,1,0,0,0,1,0,0,0,2230,0.0027875,848,0.00848,2,2e-05,0.011287499999999999,7.863825559616089
BenchmarkTest02172.java,0,CWE-89,CWE-89,1,1,0,1,0,0,0,0,1,0,2198,0.0027475,1007,0.01007,2,2e-05,0.0128375,9.595340251922607
BenchmarkTest02173.java,0,CWE-89,CWE-89,1,0,0,1,0,0,0,1,0,0,2268,0.002835,5143,0.05143,2,2e-05,0.05428499999999999,47.17990446090698
BenchmarkTest02174.java,0,CWE-89,CWE-89,1,1,0,1,0,0,0,0,1,0,2190,0.0027375,856,0.00856,2,2e-05,0.0113175,7.710586786270142
BenchmarkTest02175.java,0,CWE-89,,,,0,0,1,0,0,0,1,0,,,,,,,,
BenchmarkTest02176.java,0,CWE-89,,,,0,0,1,0,0,0,1,0,,,,,,,,
BenchmarkTest02177.java,0,CWE-89,CWE-89,1,0,1,0,0,0,1,0,0,0,2455,0.00306875,832,0.00832,2,2e-05,0.011408749999999999,8.200305938720703
BenchmarkTest02178.java,0,CWE-89,,,,0,0,0,1,0,0,0,1,,,,,,,,
BenchmarkTest02179.java,0,CWE-89,,,,0,0,0,1,0,0,0,1,,,,,,,,
BenchmarkTest02180.java,0,CWE-89,,,,0,0,1,0,0,0,1,0,,,,,,,,
BenchmarkTest02181.java,0,CWE-89,,,,0,0,0,1,0,0,0,1,,,,,,,,
BenchmarkTest02182.java,0,CWE-89,,,,0,0,0,1,0,0,0,1,,,,,,,,
BenchmarkTest02183.java,0,CWE-89,,,,0,0,1,0,0,0,1,0,,,,,,,,
BenchmarkTest02184.java,0,CWE-89,,,,0,0,1,0,0,0,1,0,,,,,,,,
BenchmarkTest02185.java,0,CWE-89,CWE-89,1,1,0,1,0,0,0,0,1,0,2202,0.0027525,1469,0.01469,2,2e-05,0.0174625,12.748862504959106
BenchmarkTest02186.java,0,CWE-89,CWE-89,1,0,1,0,0,0,1,0,0,0,2140,0.002675,1105,0.01105,2,2e-05,0.013745,10.936621189117432
BenchmarkTest02187.java,0,CWE-89,CWE-89,1,0,1,0,0,0,1,0,0,0,2215,0.00276875,774,0.00774,2,2e-05,0.01052875,7.346524238586426
BenchmarkTest02188.java,0,CWE-89,CWE-89,1,1,0,1,0,0,0,0,1,0,2480,0.0031,1303,0.01303,2,2e-05,0.016149999999999998,12.452824592590332
BenchmarkTest02189.java,0,CWE-643,CWE-643,1,0,1,0,0,0,1,0,0,0,2331,0.00291375,720,0.0072,2,2e-05,0.010133749999999999,7.722630977630615
BenchmarkTest02190.java,0,CWE-327,,,,0,0,1,0,0,0,1,0,,,,,,,,
BenchmarkTest02191.java,0,CWE-327,,,,0,0,1,0,0,0,1,0,,,,,,,,
BenchmarkTest02192.java,0,CWE-327,CWE-327,1,0,1,0,0,0,1,0,0,0,3131,0.00391375,440,0.0044,2,2e-05,0.00833375,6.068616151809692
BenchmarkTest02193.java,0,CWE-327,CWE-327,1,0,1,0,0,0,1,0,0,0,3152,0.00394,440,0.0044,2,2e-05,0.00836,6.4344706535339355
BenchmarkTest02194.java,0,CWE-327,CWE-327,1,0,1,0,0,0,1,0,0,0,2619,0.00327375,520,0.0052,2,2e-05,0.00849375,6.093907356262207
BenchmarkTest02195.java,0,CWE-327,CWE-327,1,0,1,0,0,0,1,0,0,0,2647,0.00330875,708,0.00708,2,2e-05,0.01040875,7.347093105316162
BenchmarkTest02196.java,0,CWE-90,CWE-90,1,0,1,0,0,0,1,0,0,0,2606,0.0032575,916,0.00916,2,2e-05,0.012437499999999999,9.548628807067871
BenchmarkTest02197.java,0,CWE-22,CWE-23,0,0,1,0,0,0,1,0,0,0,2621,0.00327625,1030,0.0103,2,2e-05,0.013596249999999999,10.022316694259644
BenchmarkTest02198.java,0,CWE-22,CWE-23,0,0,1,0,0,0,1,0,0,0,2599,0.00324875,1010,0.0101,2,2e-05,0.013368749999999999,9.71875286102295
BenchmarkTest02199.java,0,CWE-22,CWE-23,0,0,1,0,0,0,1,0,0,0,2472,0.00309,863,0.00863,2,2e-05,0.01174,8.806379318237305
BenchmarkTest02200.java,0,CWE-22,CWE-23,0,1,0,1,0,0,0,0,1,0,2511,0.00313875,868,0.00868,2,2e-05,0.011838749999999999,7.977464914321899
BenchmarkTest02201.java,0,CWE-22,CWE-23,0,1,0,1,0,0,0,0,1,0,2763,0.00345375,852,0.00852,2,2e-05,0.01199375,7.73137354850769
BenchmarkTest02202.java,0,CWE-22,CWE-23,0,1,0,1,0,0,0,0,1,0,2574,0.0032175,833,0.00833,2,2e-05,0.0115675,7.39340615272522
BenchmarkTest02203.java,0,CWE-22,CWE-23,0,1,0,1,0,0,0,0,1,0,2892,0.003615,1421,0.01421,2,2e-05,0.017845,12.107212543487549
BenchmarkTest02204.java,0,CWE-22,CWE-23,0,1,0,1,0,0,0,0,1,0,2568,0.00321,976,0.00976,2,2e-05,0.012989999999999998,9.210566520690918
BenchmarkTest02205.java,0,CWE-22,CWE-23,0,0,1,0,0,0,1,0,0,0,2565,0.00320625,685,0.00685,2,2e-05,0.010076249999999998,6.672436475753784
BenchmarkTest02206.java,0,CWE-22,CWE-23,0,1,0,1,0,0,0,0,1,0,2737,0.00342125,973,0.00973,2,2e-05,0.013171249999999999,9.521438360214233
BenchmarkTest02207.java,0,CWE-22,CWE-23,0,1,0,1,0,0,0,0,1,0,2800,0.0035,1120,0.0112,2,2e-05,0.014719999999999999,10.336355447769165
BenchmarkTest02208.java,0,CWE-90,CWE-90,1,0,1,0,0,0,1,0,0,0,2684,0.003355,951,0.00951,2,2e-05,0.012884999999999999,9.206791162490845
BenchmarkTest02209.java,0,CWE-330,CWE-330,1,0,1,0,0,0,1,0,0,0,2671,0.00333875,675,0.00675,2,2e-05,0.01010875,6.472872734069824
BenchmarkTest02210.java,0,CWE-328,,,,0,0,1,0,0,0,1,0,,,,,,,,
BenchmarkTest02211.java,0,CWE-328,CWE-916,0,0,1,0,0,0,1,0,0,0,2610,0.0032625,638,0.00638,2,2e-05,0.0096625,6.8969643115997314
BenchmarkTest02212.java,0,CWE-328,CWE-916,0,0,1,0,0,0,1,0,0,0,2632,0.00329,759,0.00759,2,2e-05,0.0109,7.870424270629883
BenchmarkTest02213.java,0,CWE-328,CWE-916,0,0,1,0,0,0,1,0,0,0,2631,0.00328875,574,0.00574,2,2e-05,0.00904875,5.981736898422241
BenchmarkTest02214.java,0,CWE-328,,,,0,0,1,0,0,0,1,0,,,,,,,,
BenchmarkTest02215.java,0,CWE-328,,,,0,0,1,0,0,0,1,0,,,,,,,,
BenchmarkTest02216.java,0,CWE-328,,,,0,0,1,0,0,0,1,0,,,,,,,,
BenchmarkTest02217.java,0,CWE-328,CWE-916,0,0,1,0,0,0,1,0,0,0,2542,0.0031775,1022,0.01022,2,2e-05,0.013417499999999999,9.987609148025513
BenchmarkTest02218.java,0,CWE-328,,,,0,0,1,0,0,0,1,0,,,,,,,,
BenchmarkTest02219.java,0,CWE-328,,,,0,0,0,1,0,0,0,1,,,,,,,,
BenchmarkTest02220.java,0,CWE-328,,,,0,0,1,0,0,0,1,0,,,,,,,,
BenchmarkTest02221.java,0,CWE-79,CWE-79,1,0,1,0,0,0,1,0,0,0,2680,0.00335,1035,0.01035,2,2e-05,0.01372,9.985730171203613
BenchmarkTest02222.java,0,CWE-79,CWE-79,1,1,0,1,0,0,0,0,1,0,2651,0.00331375,910,0.0091,2,2e-05,0.01243375,8.914314985275269
BenchmarkTest02223.java,0,CWE-79,CWE-79,1,0,1,0,0,0,1,0,0,0,2579,0.00322375,963,0.00963,2,2e-05,0.01287375,10.470909833908081
BenchmarkTest02224.java,0,CWE-79,CWE-79,1,0,1,0,0,0,1,0,0,0,2594,0.0032425,991,0.00991,2,2e-05,0.0131725,9.92796802520752
BenchmarkTest02225.java,0,CWE-79,CWE-79,1,0,1,0,0,0,1,0,0,0,2662,0.0033275,1150,0.0115,2,2e-05,0.0148475,11.49863076210022
BenchmarkTest02226.java,0,CWE-79,CWE-79,1,1,0,1,0,0,0,0,1,0,2567,0.00320875,1032,0.01032,2,2e-05,0.013548749999999998,10.401227474212646
BenchmarkTest02227.java,0,CWE-79,CWE-79,1,0,1,0,0,0,1,0,0,0,2558,0.0031975,1031,0.01031,2,2e-05,0.013527499999999998,9.45271611213684
BenchmarkTest02228.java,0,CWE-79,CWE-79,1,0,1,0,0,0,1,0,0,0,2556,0.003195,830,0.0083,2,2e-05,0.011515,9.861212730407715
BenchmarkTest02229.java,0,CWE-79,CWE-79,1,1,0,1,0,0,0,0,1,0,2705,0.00338125,1151,0.01151,2,2e-05,0.01491125,10.021966934204102
BenchmarkTest02230.java,0,CWE-79,CWE-79,1,0,1,0,0,0,1,0,0,0,2632,0.00329,1104,0.01104,2,2e-05,0.014349999999999998,9.621246099472046
BenchmarkTest02231.java,0,CWE-79,CWE-79,1,1,0,1,0,0,0,0,1,0,2914,0.0036425,1823,0.01823,2,2e-05,0.0218925,16.152626752853394
BenchmarkTest02232.java,0,CWE-79,CWE-79,1,0,1,0,0,0,1,0,0,0,2540,0.003175,1140,0.0114,2,2e-05,0.014595,10.460394859313965
BenchmarkTest02233.java,0,CWE-79,CWE-79,1,1,0,1,0,0,0,0,1,0,2632,0.00329,1949,0.01949,2,2e-05,0.0228,17.742339611053467
BenchmarkTest02234.java,0,CWE-79,CWE-79,1,0,1,0,0,0,1,0,0,0,2569,0.00321125,1192,0.01192,2,2e-05,0.01515125,10.952503442764282
BenchmarkTest02235.java,0,CWE-79,CWE-79,1,1,0,1,0,0,0,0,1,0,2571,0.00321375,928,0.00928,2,2e-05,0.012513749999999999,10.13709545135498
BenchmarkTest02236.java,0,CWE-79,CWE-79,1,1,0,1,0,0,0,0,1,0,2575,0.00321875,938,0.00938,2,2e-05,0.012618749999999998,8.936456441879272
BenchmarkTest02237.java,0,CWE-79,CWE-79,1,1,0,1,0,0,0,0,1,0,2542,0.0031775,882,0.00882,2,2e-05,0.012017499999999999,9.046566009521484
BenchmarkTest02238.java,0,CWE-79,CWE-79,1,1,0,1,0,0,0,0,1,0,2889,0.00361125,1685,0.01685,2,2e-05,0.02048125,14.636060953140259
BenchmarkTest02239.java,0,CWE-79,CWE-79,1,1,0,1,0,0,0,0,1,0,2614,0.0032675,1170,0.0117,2,2e-05,0.014987499999999999,11.351875305175781
BenchmarkTest02240.java,0,CWE-79,CWE-79,1,1,0,1,0,0,0,0,1,0,2629,0.00328625,1122,0.01122,2,2e-05,0.014526250000000001,12.224953174591064
BenchmarkTest02241.java,0,CWE-79,CWE-79,1,0,1,0,0,0,1,0,0,0,2635,0.00329375,1027,0.01027,2,2e-05,0.013583749999999999,9.746328115463257
BenchmarkTest02242.java,0,CWE-78,CWE-78,1,1,0,1,0,0,0,0,1,0,2640,0.0033,1773,0.01773,2,2e-05,0.02105,15.603157758712769
BenchmarkTest02243.java,0,CWE-78,CWE-78,1,0,1,0,0,0,1,0,0,0,2393,0.00299125,921,0.00921,2,2e-05,0.01222125,8.397701740264893
BenchmarkTest02244.java,0,CWE-78,CWE-78,1,0,1,0,0,0,1,0,0,0,2309,0.00288625,973,0.00973,2,2e-05,0.01263625,9.186204195022583
BenchmarkTest02245.java,0,CWE-330,CWE-330,1,0,1,0,0,0,1,0,0,0,2614,0.0032675,971,0.00971,2,2e-05,0.012997499999999999,9.536043882369995
BenchmarkTest02246.java,0,CWE-330,CWE-330,1,0,1,0,0,0,1,0,0,0,2669,0.00333625,551,0.00551,2,2e-05,0.008866249999999999,6.616150140762329
BenchmarkTest02247.java,0,CWE-614,,,,0,0,1,0,0,0,1,0,,,,,,,,
BenchmarkTest02248.java,0,CWE-614,,,,0,0,1,0,0,0,1,0,,,,,,,,
BenchmarkTest02249.java,0,CWE-78,CWE-78,1,0,1,0,0,0,1,0,0,0,2308,0.002885,855,0.00855,2,2e-05,0.011455,7.8292014598846436
BenchmarkTest02250.java,0,CWE-78,CWE-78,1,0,1,0,0,0,1,0,0,0,2348,0.002935,1037,0.01037,2,2e-05,0.013325,9.402924299240112
BenchmarkTest02251.java,0,CWE-78,CWE-78,1,0,1,0,0,0,1,0,0,0,2389,0.00298625,1269,0.01269,2,2e-05,0.01569625,11.900321245193481
BenchmarkTest02252.java,0,CWE-78,CWE-78,1,1,0,1,0,0,0,0,1,0,2401,0.00300125,1190,0.0119,2,2e-05,0.01492125,10.521191835403442
BenchmarkTest02253.java,0,CWE-78,CWE-78,1,1,0,1,0,0,0,0,1,0,2461,0.00307625,1191,0.01191,2,2e-05,0.015006249999999999,10.404689073562622
BenchmarkTest02254.java,0,CWE-330,,,,0,0,1,0,0,0,1,0,,,,,,,,
BenchmarkTest02255.java,0,CWE-330,,,,0,0,1,0,0,0,1,0,,,,,,,,
BenchmarkTest02256.java,0,CWE-330,,,,0,0,1,0,0,0,1,0,,,,,,,,
BenchmarkTest02257.java,0,CWE-330,,,,0,0,1,0,0,0,1,0,,,,,,,,
BenchmarkTest02258.java,0,CWE-330,CWE-330,1,1,0,1,0,0,0,0,1,0,2692,0.003365,1018,0.01018,2,2e-05,0.013564999999999999,10.824352025985718
BenchmarkTest02259.java,0,CWE-330,,,,0,0,1,0,0,0,1,0,,,,,,,,
BenchmarkTest02260.java,0,CWE-330,,,,0,0,1,0,0,0,1,0,,,,,,,,
BenchmarkTest02264.java,0,CWE-89,CWE-89,1,0,1,0,0,0,1,0,0,0,2237,0.00279625,948,0.00948,2,2e-05,0.01229625,9.110699892044067
BenchmarkTest02265.java,0,CWE-89,CWE-89,1,1,0,1,0,0,0,0,1,0,2274,0.0028425,1220,0.0122,2,2e-05,0.0150625,11.54910397529602
BenchmarkTest02266.java,0,CWE-89,CWE-89,1,1,0,1,0,0,0,0,1,0,2308,0.002885,1048,0.01048,2,2e-05,0.013385,9.656956195831299
BenchmarkTest02267.java,0,CWE-89,CWE-89,1,1,0,1,0,0,0,0,1,0,2253,0.00281625,1582,0.01582,2,2e-05,0.01865625,14.537132263183594
BenchmarkTest02268.java,0,CWE-89,CWE-89,1,1,0,1,0,0,0,0,1,0,2364,0.002955,1044,0.01044,2,2e-05,0.013415,10.327706575393677
BenchmarkTest02269.java,0,CWE-89,CWE-89,1,0,1,0,0,0,1,0,0,0,2260,0.002825,1023,0.01023,2,2e-05,0.013074999999999998,9.745055913925171
BenchmarkTest02270.java,0,CWE-89,CWE-89,1,0,1,0,0,0,1,0,0,0,2352,0.00294,951,0.00951,2,2e-05,0.012469999999999998,9.174233198165894
BenchmarkTest02271.java,0,CWE-89,CWE-89,1,1,0,1,0,0,0,0,1,0,2217,0.00277125,842,0.00842,2,2e-05,0.011211249999999999,7.487154006958008
BenchmarkTest02272.java,0,CWE-89,CWE-89,1,0,1,0,0,0,1,0,0,0,2235,0.00279375,816,0.00816,2,2e-05,0.010973749999999999,7.438463449478149
BenchmarkTest02273.java,0,CWE-89,CWE-89,1,0,1,0,0,0,1,0,0,0,2301,0.00287625,765,0.00765,2,2e-05,0.010546249999999998,7.86060643196106
BenchmarkTest02274.java,0,CWE-89,CWE-89,1,1,0,1,0,0,0,0,1,0,2493,0.00311625,839,0.00839,2,2e-05,0.011526249999999998,7.764611005783081
BenchmarkTest02275.java,0,CWE-89,,,,0,0,0,1,0,0,0,1,,,,,,,,
BenchmarkTest02276.java,0,CWE-89,,,,0,0,1,0,0,0,1,0,,,,,,,,
BenchmarkTest02277.java,0,CWE-89,,,,0,0,0,1,0,0,0,1,,,,,,,,
BenchmarkTest02278.java,0,CWE-89,,,,0,0,1,0,0,0,1,0,,,,,,,,
BenchmarkTest02279.java,0,CWE-89,,,,0,0,1,0,0,0,1,0,,,,,,,,
BenchmarkTest02280.java,0,CWE-89,,,,0,0,1,0,0,0,1,0,,,,,,,,
BenchmarkTest02281.java,0,CWE-89,,,,0,0,0,1,0,0,0,1,,,,,,,,
BenchmarkTest02282.java,0,CWE-89,CWE-89,1,1,0,1,0,0,0,0,1,0,2237,0.00279625,920,0.0092,2,2e-05,0.01201625,8.325084924697876
BenchmarkTest02283.java,0,CWE-89,CWE-89,1,1,0,1,0,0,0,0,1,0,2239,0.00279875,1267,0.01267,2,2e-05,0.015488749999999999,11.24595046043396
BenchmarkTest02284.java,0,CWE-89,CWE-89,1,0,1,0,0,0,1,0,0,0,2189,0.00273625,733,0.00733,2,2e-05,0.010086249999999998,7.364744663238525
BenchmarkTest02285.java,0,CWE-89,CWE-89,1,1,0,1,0,0,0,0,1,0,2194,0.0027425,1004,0.01004,2,2e-05,0.0128025,9.041693210601807
BenchmarkTest02286.java,0,CWE-89,CWE-89,1,0,1,0,0,0,1,0,0,0,2218,0.0027725,819,0.00819,2,2e-05,0.0109825,8.633667945861816
BenchmarkTest02287.java,0,CWE-89,CWE-89,1,0,1,0,0,0,1,0,0,0,2193,0.00274125,709,0.00709,2,2e-05,0.009851249999999999,7.408723592758179
BenchmarkTest02288.java,0,CWE-89,CWE-89,1,0,1,0,0,0,1,0,0,0,2200,0.00275,710,0.0071,2,2e-05,0.00987,7.217318773269653
BenchmarkTest02289.java,0,CWE-327,,,,0,0,1,0,0,0,1,0,,,,,,,,
BenchmarkTest02290.java,0,CWE-327,CWE-327,1,0,1,0,0,0,1,0,0,0,3197,0.00399625,505,0.00505,2,2e-05,0.009066249999999998,5.4294703006744385
BenchmarkTest02291.java,0,CWE-327,CWE-327,1,0,1,0,0,0,1,0,0,0,3493,0.00436625,568,0.00568,2,2e-05,0.010066249999999999,5.160529136657715
BenchmarkTest02292.java,0,CWE-327,CWE-327,1,0,1,0,0,0,1,0,0,0,3142,0.0039275,567,0.00567,2,2e-05,0.009617499999999998,6.715664386749268
BenchmarkTest02293.java,0,CWE-327,CWE-327,1,0,1,0,0,0,1,0,0,0,3025,0.00378125,360,0.0036,2,2e-05,0.00740125,4.160078763961792
BenchmarkTest02294.java,0,CWE-327,CWE-327,1,0,1,0,0,0,1,0,0,0,2718,0.0033975,564,0.00564,2,2e-05,0.0090575,5.816878795623779
BenchmarkTest02295.java,0,CWE-327,CWE-327,1,0,1,0,0,0,1,0,0,0,2725,0.00340625,620,0.0062,2,2e-05,0.00962625,5.821994781494141
BenchmarkTest02296.java,0,CWE-327,,,,0,0,1,0,0,0,1,0,,,,,,,,
BenchmarkTest02297.java,0,CWE-327,,,,0,0,1,0,0,0,1,0,,,,,,,,
BenchmarkTest02298.java,0,CWE-327,,,,0,0,1,0,0,0,1,0,,,,,,,,
BenchmarkTest02299.java,0,CWE-90,CWE-90,1,0,1,0,0,0,1,0,0,0,2645,0.00330625,966,0.00966,2,2e-05,0.01298625,10.020896434783936
BenchmarkTest02300.java,0,CWE-22,CWE-23,0,1,0,1,0,0,0,0,1,0,2952,0.00369,1524,0.01524,2,2e-05,0.018949999999999998,14.081852197647095
BenchmarkTest02301.java,0,CWE-22,CWE-23,0,1,0,1,0,0,0,0,1,0,2641,0.00330125,1610,0.0161,2,2e-05,0.019421249999999998,13.730038166046143
BenchmarkTest02302.java,0,CWE-22,CWE-23,0,0,1,0,0,0,1,0,0,0,2593,0.00324125,2897,0.02897,2,2e-05,0.032231249999999996,25.756768703460693
BenchmarkTest02303.java,0,CWE-22,CWE-23,0,0,1,0,0,0,1,0,0,0,2847,0.00355875,1008,0.01008,2,2e-05,0.013658749999999999,9.185865879058838
BenchmarkTest02304.java,0,CWE-22,CWE-23,0,0,1,0,0,0,1,0,0,0,2751,0.00343875,1224,0.01224,2,2e-05,0.015698749999999997,10.776173830032349
BenchmarkTest02305.java,0,CWE-90,CWE-90,1,0,1,0,0,0,1,0,0,0,2712,0.00339,1330,0.0133,2,2e-05,0.01671,11.698463201522827
BenchmarkTest02306.java,0,CWE-90,CWE-90,1,0,1,0,0,0,1,0,0,0,2647,0.00330875,1061,0.01061,2,2e-05,0.01393875,10.104770421981812
BenchmarkTest02307.java,0,CWE-328,CWE-916,0,0,1,0,0,0,1,0,0,0,2843,0.00355375,1029,0.01029,2,2e-05,0.01386375,10.31918215751648
BenchmarkTest02308.java,0,CWE-328,CWE-916,0,0,1,0,0,0,1,0,0,0,2672,0.00334,595,0.00595,2,2e-05,0.009309999999999999,6.906570911407471
BenchmarkTest02309.java,0,CWE-328,,,,0,0,1,0,0,0,1,0,,,,,,,,
BenchmarkTest02310.java,0,CWE-328,,,,0,0,1,0,0,0,1,0,,,,,,,,
BenchmarkTest02311.java,0,CWE-328,CWE-916,0,0,1,0,0,0,1,0,0,0,2619,0.00327375,633,0.00633,2,2e-05,0.009623749999999999,6.116894483566284
BenchmarkTest02312.java,0,CWE-328,,,,0,0,1,0,0,0,1,0,,,,,,,,
BenchmarkTest02313.java,0,CWE-79,CWE-79,1,1,0,1,0,0,0,0,1,0,3051,0.00381375,1581,0.01581,2,2e-05,0.01964375,13.637518644332886
BenchmarkTest02314.java,0,CWE-79,CWE-79,1,0,1,0,0,0,1,0,0,0,2663,0.00332875,1132,0.01132,2,2e-05,0.01466875,10.45189881324768
BenchmarkTest02315.java,0,CWE-79,CWE-79,1,0,1,0,0,0,1,0,0,0,2629,0.00328625,1021,0.01021,2,2e-05,0.01351625,9.031316995620728
BenchmarkTest02316.java,0,CWE-79,CWE-79,1,0,1,0,0,0,1,0,0,0,2655,0.00331875,2220,0.0222,2,2e-05,0.02553875,19.527384042739868
BenchmarkTest02317.java,0,CWE-79,CWE-79,1,0,1,0,0,0,1,0,0,0,2662,0.0033275,1031,0.01031,2,2e-05,0.0136575,9.39766263961792
BenchmarkTest02318.java,0,CWE-79,CWE-79,1,1,0,1,0,0,0,0,1,0,2621,0.00327625,715,0.00715,2,2e-05,0.010446249999999999,7.345633268356323
BenchmarkTest02319.java,0,CWE-79,CWE-79,1,1,0,1,0,0,0,0,1,0,2647,0.00330875,1096,0.01096,2,2e-05,0.01428875,10.35354495048523
BenchmarkTest02320.java,0,CWE-79,CWE-79,1,1,0,1,0,0,0,0,1,0,2656,0.00332,820,0.0082,2,2e-05,0.01154,7.636906623840332
BenchmarkTest02321.java,0,CWE-79,CWE-79,1,0,1,0,0,0,1,0,0,0,2972,0.003715,1638,0.01638,2,2e-05,0.020114999999999997,15.610133409500122
BenchmarkTest02322.java,0,CWE-79,CWE-79,1,0,1,0,0,0,1,0,0,0,2665,0.00333125,1101,0.01101,2,2e-05,0.014361249999999999,10.24154257774353
BenchmarkTest02323.java,0,CWE-79,CWE-79,1,0,1,0,0,0,1,0,0,0,2666,0.0033325,1368,0.01368,2,2e-05,0.0170325,13.864758491516113
BenchmarkTest02324.java,0,CWE-79,CWE-79,1,0,1,0,0,0,1,0,0,0,2698,0.0033725,1301,0.01301,2,2e-05,0.0164025,11.612736701965332
BenchmarkTest02325.java,0,CWE-79,CWE-79,1,1,0,1,0,0,0,0,1,0,2643,0.00330375,1128,0.01128,2,2e-05,0.014603749999999999,8.93567156791687
BenchmarkTest02326.java,0,CWE-79,CWE-79,1,0,1,0,0,0,1,0,0,0,2677,0.00334625,954,0.00954,2,2e-05,0.01290625,9.534994840621948
BenchmarkTest02327.java,0,CWE-79,CWE-79,1,0,1,0,0,0,1,0,0,0,2727,0.00340875,1311,0.01311,2,2e-05,0.016538749999999998,11.657407760620117
BenchmarkTest02328.java,0,CWE-79,CWE-79,1,0,1,0,0,0,1,0,0,0,2639,0.00329875,1144,0.01144,2,2e-05,0.01475875,10.122416496276855
BenchmarkTest02329.java,0,CWE-79,CWE-79,1,1,0,1,0,0,0,0,1,0,2688,0.00336,1353,0.01353,2,2e-05,0.01691,11.858070135116577
BenchmarkTest02330.java,0,CWE-79,CWE-79,1,1,0,1,0,0,0,0,1,0,2679,0.00334875,840,0.0084,2,2e-05,0.011768749999999998,7.812967300415039
BenchmarkTest02331.java,0,CWE-79,CWE-79,1,1,0,1,0,0,0,0,1,0,2623,0.00327875,808,0.00808,2,2e-05,0.01137875,8.366582155227661
BenchmarkTest02332.java,0,CWE-79,CWE-79,1,0,1,0,0,0,1,0,0,0,2643,0.00330375,1085,0.01085,2,2e-05,0.014173749999999999,10.20262336730957
BenchmarkTest02333.java,0,CWE-78,CWE-78,1,0,1,0,0,0,1,0,0,0,2387,0.00298375,828,0.00828,2,2e-05,0.011283749999999999,7.967762470245361
BenchmarkTest02334.java,0,CWE-78,CWE-78,1,0,1,0,0,0,1,0,0,0,2459,0.00307375,1253,0.01253,2,2e-05,0.015623749999999999,10.735403776168823
BenchmarkTest02335.java,0,CWE-78,CWE-78,1,1,0,1,0,0,0,0,1,0,2430,0.0030375,1383,0.01383,2,2e-05,0.0168875,11.82533597946167
BenchmarkTest02336.java,0,CWE-78,CWE-78,1,1,0,1,0,0,0,0,1,0,2707,0.00338375,1425,0.01425,2,2e-05,0.01765375,12.701453685760498
BenchmarkTest02337.java,0,CWE-330,CWE-330,1,0,1,0,0,0,1,0,0,0,2761,0.00345125,720,0.0072,2,2e-05,0.010671249999999998,7.246341943740845
BenchmarkTest02338.java,0,CWE-330,CWE-330,1,0,1,0,0,0,1,0,0,0,2661,0.00332625,671,0.00671,2,2e-05,0.01005625,6.531900644302368
BenchmarkTest02339.java,0,CWE-614,CWE-614,1,0,1,0,0,0,1,0,0,0,2464,0.00308,1224,0.01224,2,2e-05,0.015339999999999998,11.806655645370483
BenchmarkTest02340.java,0,CWE-78,CWE-78,1,1,0,1,0,0,0,0,1,0,2524,0.003155,1237,0.01237,2,2e-05,0.015545,11.707309484481812
BenchmarkTest02341.java,0,CWE-78,CWE-78,1,1,0,1,0,0,0,0,1,0,2349,0.00293625,1157,0.01157,2,2e-05,0.01452625,11.554635047912598
BenchmarkTest02342.java,0,CWE-78,CWE-78,1,0,1,0,0,0,1,0,0,0,2320,0.0029,1560,0.0156,2,2e-05,0.01852,15.171226501464844
BenchmarkTest02343.java,0,CWE-78,CWE-78,1,0,1,0,0,0,1,0,0,0,2373,0.00296625,908,0.00908,2,2e-05,0.012066249999999999,8.934094429016113
BenchmarkTest02344.java,0,CWE-78,CWE-78,1,0,1,0,0,0,1,0,0,0,2270,0.0028375,1642,0.01642,2,2e-05,0.0192775,14.999608278274536
BenchmarkTest02345.java,0,CWE-330,,,,0,0,1,0,0,0,1,0,,,,,,,,
BenchmarkTest02346.java,0,CWE-330,,,,0,0,1,0,0,0,1,0,,,,,,,,
BenchmarkTest02347.java,0,CWE-330,,,,0,0,1,0,0,0,1,0,,,,,,,,
BenchmarkTest02348.java,0,CWE-330,,,,0,0,1,0,0,0,1,0,,,,,,,,
BenchmarkTest02349.java,0,CWE-330,,,,0,0,1,0,0,0,1,0,,,,,,,,
BenchmarkTest02350.java,0,CWE-330,,,,0,0,1,0,0,0,1,0,,,,,,,,
BenchmarkTest02351.java,0,CWE-330,,,,0,0,1,0,0,0,1,0,,,,,,,,
BenchmarkTest02353.java,0,CWE-89,CWE-89,1,1,0,1,0,0,0,0,1,0,2302,0.0028775,920,0.0092,2,2e-05,0.012097499999999999,10.445717811584473
BenchmarkTest02354.java,0,CWE-89,CWE-89,1,0,1,0,0,0,1,0,0,0,2295,0.00286875,853,0.00853,2,2e-05,0.011418749999999998,8.774895191192627
BenchmarkTest02355.java,0,CWE-89,CWE-89,1,0,1,0,0,0,1,0,0,0,2340,0.002925,812,0.00812,2,2e-05,0.011065,8.579647541046143
BenchmarkTest02356.java,0,CWE-89,,,,0,0,0,1,0,0,0,1,,,,,,,,
BenchmarkTest02357.java,0,CWE-89,CWE-89,1,0,1,0,0,0,1,0,0,0,2547,0.00318375,1066,0.01066,2,2e-05,0.013863749999999998,10.012868165969849
BenchmarkTest02358.java,0,CWE-89,,,,0,0,0,1,0,0,0,1,,,,,,,,
BenchmarkTest02359.java,0,CWE-89,,,,0,0,0,1,0,0,0,1,,,,,,,,
BenchmarkTest02360.java,0,CWE-89,,,,0,0,0,1,0,0,0,1,,,,,,,,
BenchmarkTest02361.java,0,CWE-89,,,,0,0,1,0,0,0,1,0,,,,,,,,
BenchmarkTest02362.java,0,CWE-89,,,,0,0,0,1,0,0,0,1,,,,,,,,
BenchmarkTest02363.java,0,CWE-89,CWE-89,1,1,0,1,0,0,0,0,1,0,2633,0.00329125,1259,0.01259,2,2e-05,0.01590125,11.253279447555542
BenchmarkTest02364.java,0,CWE-89,CWE-89,1,0,1,0,0,0,1,0,0,0,2258,0.0028225,1080,0.0108,2,2e-05,0.0136425,9.088906049728394
BenchmarkTest02365.java,0,CWE-89,CWE-89,1,1,0,1,0,0,0,0,1,0,2320,0.0029,1119,0.01119,2,2e-05,0.01411,9.839010238647461
BenchmarkTest02366.java,0,CWE-89,CWE-89,1,1,0,1,0,0,0,0,1,0,2273,0.00284125,1057,0.01057,2,2e-05,0.013431249999999999,11.154290676116943
BenchmarkTest02367.java,0,CWE-89,CWE-89,1,1,0,1,0,0,0,0,1,0,2595,0.00324375,1257,0.01257,2,2e-05,0.01583375,11.01997709274292
BenchmarkTest02368.java,0,CWE-89,CWE-89,1,1,0,1,0,0,0,0,1,0,2277,0.00284625,842,0.00842,2,2e-05,0.01128625,8.27091646194458
BenchmarkTest02369.java,0,CWE-89,CWE-89,1,0,1,0,0,0,1,0,0,0,2271,0.00283875,1014,0.01014,2,2e-05,0.01299875,9.909563779830933
BenchmarkTest02370.java,0,CWE-643,CWE-643,1,1,0,1,0,0,0,0,1,0,2533,0.00316625,1369,0.01369,2,2e-05,0.01687625,12.012998819351196
BenchmarkTest02371.java,0,CWE-327,,,,0,0,1,0,0,0,1,0,,,,,,,,
BenchmarkTest02372.java,0,CWE-327,,,,0,0,1,0,0,0,1,0,,,,,,,,
BenchmarkTest02373.java,0,CWE-327,CWE-327,1,0,1,0,0,0,1,0,0,0,2641,0.00330125,591,0.00591,2,2e-05,0.00923125,6.038635492324829
BenchmarkTest02374.java,0,CWE-327,CWE-327,1,0,1,0,0,0,1,0,0,0,2685,0.00335625,350,0.0035,2,2e-05,0.0068762499999999996,3.9989168643951416
BenchmarkTest02375.java,0,CWE-327,CWE-327,1,0,1,0,0,0,1,0,0,0,2613,0.00326625,471,0.00471,2,2e-05,0.00799625,5.013939619064331
BenchmarkTest02376.java,0,CWE-90,,,,0,0,1,0,0,0,1,0,,,,,,,,
BenchmarkTest02377.java,0,CWE-22,,,,0,0,0,1,0,0,0,1,,,,,,,,
BenchmarkTest02378.java,0,CWE-22,,,,0,0,0,1,0,0,0,1,,,,,,,,
BenchmarkTest02379.java,0,CWE-22,,,,0,0,1,0,0,0,1,0,,,,,,,,
BenchmarkTest02380.java,0,CWE-22,,,,0,0,1,0,0,0,1,0,,,,,,,,
BenchmarkTest02381.java,0,CWE-22,,,,0,0,1,0,0,0,1,0,,,,,,,,
BenchmarkTest02382.java,0,CWE-22,,,,0,0,1,0,0,0,1,0,,,,,,,,
BenchmarkTest02383.java,0,CWE-22,,,,0,0,0,1,0,0,0,1,,,,,,,,
BenchmarkTest02384.java,0,CWE-90,,,,0,0,1,0,0,0,1,0,,,,,,,,
BenchmarkTest02385.java,0,CWE-328,CWE-916,0,0,1,0,0,0,1,0,0,0,2690,0.0033625,1108,0.01108,2,2e-05,0.0144625,11.750998497009277
BenchmarkTest02386.java,0,CWE-328,CWE-916,0,0,1,0,0,0,1,0,0,0,2627,0.00328375,598,0.00598,2,2e-05,0.00928375,6.144864559173584
BenchmarkTest02387.java,0,CWE-328,CWE-916,0,0,1,0,0,0,1,0,0,0,2620,0.003275,623,0.00623,2,2e-05,0.009524999999999999,6.319870710372925
BenchmarkTest02388.java,0,CWE-328,CWE-916,0,0,1,0,0,0,1,0,0,0,2645,0.00330625,1137,0.01137,2,2e-05,0.01469625,10.906652212142944
BenchmarkTest02389.java,0,CWE-328,,,,0,0,1,0,0,0,1,0,,,,,,,,
BenchmarkTest02390.java,0,CWE-328,,,,0,0,1,0,0,0,1,0,,,,,,,,
BenchmarkTest02391.java,0,CWE-328,,,,0,0,0,1,0,0,0,1,,,,,,,,
BenchmarkTest02392.java,0,CWE-328,,,,0,0,0,1,0,0,0,1,,,,,,,,
BenchmarkTest02393.java,0,CWE-328,,,,0,0,0,1,0,0,0,1,,,,,,,,
BenchmarkTest02394.java,0,CWE-79,,,,0,0,1,0,0,0,1,0,,,,,,,,
BenchmarkTest02395.java,0,CWE-79,,,,0,0,0,1,0,0,0,1,,,,,,,,
BenchmarkTest02396.java,0,CWE-79,,,,0,0,0,1,0,0,0,1,,,,,,,,
BenchmarkTest02397.java,0,CWE-79,,,,0,0,0,1,0,0,0,1,,,,,,,,
BenchmarkTest02398.java,0,CWE-79,,,,0,0,1,0,0,0,1,0,,,,,,,,
BenchmarkTest02399.java,0,CWE-79,,,,0,0,0,1,0,0,0,1,,,,,,,,
BenchmarkTest02400.java,0,CWE-79,,,,0,0,0,1,0,0,0,1,,,,,,,,
BenchmarkTest02401.java,0,CWE-79,,,,0,0,1,0,0,0,1,0,,,,,,,,
BenchmarkTest02402.java,0,CWE-79,,,,0,0,0,1,0,0,0,1,,,,,,,,
BenchmarkTest02403.java,0,CWE-79,,,,0,0,0,1,0,0,0,1,,,,,,,,
BenchmarkTest02404.java,0,CWE-79,,,,0,0,1,0,0,0,1,0,,,,,,,,
BenchmarkTest02405.java,0,CWE-79,,,,0,0,0,1,0,0,0,1,,,,,,,,
BenchmarkTest02406.java,0,CWE-79,,,,0,0,1,0,0,0,1,0,,,,,,,,
BenchmarkTest02407.java,0,CWE-79,,,,0,0,0,1,0,0,0,1,,,,,,,,
BenchmarkTest02408.java,0,CWE-79,,,,0,0,1,0,0,0,1,0,,,,,,,,
BenchmarkTest02409.java,0,CWE-79,,,,0,0,0,1,0,0,0,1,,,,,,,,
BenchmarkTest02410.java,0,CWE-79,,,,0,0,0,1,0,0,0,1,,,,,,,,
BenchmarkTest02411.java,0,CWE-78,,,,0,0,0,1,0,0,0,1,,,,,,,,
BenchmarkTest02412.java,0,CWE-78,,,,0,0,0,1,0,0,0,1,,,,,,,,
BenchmarkTest02413.java,0,CWE-78,,,,0,0,1,0,0,0,1,0,,,,,,,,
BenchmarkTest02414.java,0,CWE-78,,,,0,0,0,1,0,0,0,1,,,,,,,,
BenchmarkTest02415.java,0,CWE-330,CWE-330,1,0,1,0,0,0,1,0,0,0,2600,0.00325,617,0.00617,2,2e-05,0.009439999999999999,5.806313514709473
BenchmarkTest02416.java,0,CWE-330,CWE-330,1,0,1,0,0,0,1,0,0,0,2706,0.0033825,849,0.00849,2,2e-05,0.011892499999999999,7.897105932235718
BenchmarkTest02417.java,0,CWE-330,CWE-330,1,0,1,0,0,0,1,0,0,0,2598,0.0032475,637,0.00637,2,2e-05,0.009637499999999998,6.98762583732605
BenchmarkTest02418.java,0,CWE-330,CWE-330,1,0,1,0,0,0,1,0,0,0,2662,0.0033275,767,0.00767,2,2e-05,0.0110175,9.716810703277588
BenchmarkTest02419.java,0,CWE-330,CWE-330,1,0,1,0,0,0,1,0,0,0,2921,0.00365125,747,0.00747,2,2e-05,0.011141249999999998,9.153539896011353
BenchmarkTest02420.java,0,CWE-330,CWE-330,1,0,1,0,0,0,1,0,0,0,2577,0.00322125,612,0.00612,2,2e-05,0.009361249999999998,5.9062840938568115
BenchmarkTest02421.java,0,CWE-330,CWE-330,1,0,1,0,0,0,1,0,0,0,2689,0.00336125,891,0.00891,2,2e-05,0.012291249999999998,8.733909606933594
BenchmarkTest02422.java,0,CWE-330,CWE-330,1,0,1,0,0,0,1,0,0,0,2644,0.003305,712,0.00712,2,2e-05,0.010445,6.519752264022827
BenchmarkTest02423.java,0,CWE-330,CWE-330,1,0,1,0,0,0,1,0,0,0,2882,0.0036025,637,0.00637,2,2e-05,0.009992499999999998,6.153453350067139
BenchmarkTest02424.java,0,CWE-330,CWE-330,1,0,1,0,0,0,1,0,0,0,2607,0.00325875,757,0.00757,2,2e-05,0.010848749999999999,7.704502820968628
BenchmarkTest02425.java,0,CWE-330,CWE-330,1,0,1,0,0,0,1,0,0,0,2547,0.00318375,684,0.00684,2,2e-05,0.010043749999999999,6.670157432556152
BenchmarkTest02426.java,0,CWE-330,CWE-330,1,0,1,0,0,0,1,0,0,0,2570,0.0032125,624,0.00624,2,2e-05,0.009472499999999998,6.2189741134643555
BenchmarkTest02427.java,0,CWE-614,CWE-614,1,0,1,0,0,0,1,0,0,0,2333,0.00291625,773,0.00773,2,2e-05,0.010666249999999999,7.685434341430664
BenchmarkTest02428.java,0,CWE-78,,,,0,0,1,0,0,0,1,0,,,,,,,,
BenchmarkTest02429.java,0,CWE-78,,,,0,0,0,1,0,0,0,1,,,,,,,,
BenchmarkTest02430.java,0,CWE-78,,,,0,0,0,1,0,0,0,1,,,,,,,,
BenchmarkTest02431.java,0,CWE-78,,,,0,0,0,1,0,0,0,1,,,,,,,,
BenchmarkTest02432.java,0,CWE-78,,,,0,0,0,1,0,0,0,1,,,,,,,,
BenchmarkTest02433.java,0,CWE-78,,,,0,0,0,1,0,0,0,1,,,,,,,,
BenchmarkTest02434.java,0,CWE-330,,,,0,0,1,0,0,0,1,0,,,,,,,,
BenchmarkTest02435.java,0,CWE-330,,,,0,0,1,0,0,0,1,0,,,,,,,,
BenchmarkTest02436.java,0,CWE-330,,,,0,0,1,0,0,0,1,0,,,,,,,,
BenchmarkTest02437.java,0,CWE-330,,,,0,0,1,0,0,0,1,0,,,,,,,,
BenchmarkTest02438.java,0,CWE-330,,,,0,0,1,0,0,0,1,0,,,,,,,,
BenchmarkTest02439.java,0,CWE-330,,,,0,0,1,0,0,0,1,0,,,,,,,,
BenchmarkTest02440.java,0,CWE-330,,,,0,0,1,0,0,0,1,0,,,,,,,,
BenchmarkTest02441.java,0,CWE-330,,,,0,0,1,0,0,0,1,0,,,,,,,,
BenchmarkTest02442.java,0,CWE-330,,,,0,0,1,0,0,0,1,0,,,,,,,,
BenchmarkTest02443.java,0,CWE-330,,,,0,0,1,0,0,0,1,0,,,,,,,,
BenchmarkTest02444.java,0,CWE-330,,,,0,0,1,0,0,0,1,0,,,,,,,,
BenchmarkTest02445.java,0,CWE-330,,,,0,0,1,0,0,0,1,0,,,,,,,,
BenchmarkTest02449.java,0,CWE-89,,,,0,0,0,1,0,0,0,1,,,,,,,,
BenchmarkTest02450.java,0,CWE-89,,,,0,0,1,0,0,0,1,0,,,,,,,,
BenchmarkTest02451.java,0,CWE-89,,,,0,0,0,1,0,0,0,1,,,,,,,,
BenchmarkTest02452.java,0,CWE-89,,,,0,0,1,0,0,0,1,0,,,,,,,,
BenchmarkTest02453.java,0,CWE-89,,,,0,0,0,1,0,0,0,1,,,,,,,,
BenchmarkTest02454.java,0,CWE-89,,,,0,0,0,1,0,0,0,1,,,,,,,,
BenchmarkTest02455.java,0,CWE-89,,,,0,0,0,1,0,0,0,1,,,,,,,,
BenchmarkTest02456.java,0,CWE-89,,,,0,0,1,0,0,0,1,0,,,,,,,,
BenchmarkTest02457.java,0,CWE-643,,,,0,0,1,0,0,0,1,0,,,,,,,,
BenchmarkTest02458.java,0,CWE-327,CWE-327,1,0,1,0,0,0,1,0,0,0,3032,0.00379,325,0.00325,2,2e-05,0.0070599999999999994,5.0019848346710205
BenchmarkTest02459.java,0,CWE-327,,,,0,0,1,0,0,0,1,0,,,,,,,,
BenchmarkTest02460.java,0,CWE-327,,,,0,0,1,0,0,0,1,0,,,,,,,,
BenchmarkTest02461.java,0,CWE-327,,,,0,0,1,0,0,0,1,0,,,,,,,,
BenchmarkTest02462.java,0,CWE-22,CWE-23,0,1,0,1,0,0,0,0,1,0,2584,0.00323,1066,0.01066,2,2e-05,0.013909999999999999,10.297652244567871
BenchmarkTest02463.java,0,CWE-22,CWE-23,0,0,1,0,0,0,1,0,0,0,2515,0.00314375,1004,0.01004,2,2e-05,0.01320375,9.065503358840942
BenchmarkTest02464.java,0,CWE-22,CWE-23,0,1,0,1,0,0,0,0,1,0,2559,0.00319875,852,0.00852,2,2e-05,0.01173875,8.02102780342102
BenchmarkTest02465.java,0,CWE-22,CWE-23,0,0,1,0,0,0,1,0,0,0,2678,0.0033475,918,0.00918,2,2e-05,0.0125475,8.396162271499634
BenchmarkTest02466.java,0,CWE-22,CWE-23,0,0,1,0,0,0,1,0,0,0,2751,0.00343875,1025,0.01025,2,2e-05,0.013708749999999999,9.523575067520142
BenchmarkTest02467.java,0,CWE-22,CWE-23,0,1,0,1,0,0,0,0,1,0,2936,0.00367,1148,0.01148,2,2e-05,0.01517,9.569895029067993
BenchmarkTest02468.java,0,CWE-22,CWE-23,0,1,0,1,0,0,0,0,1,0,2547,0.00318375,1189,0.01189,2,2e-05,0.01509375,12.07002067565918
BenchmarkTest02469.java,0,CWE-22,CWE-23,0,0,1,0,0,0,1,0,0,0,2576,0.00322,923,0.00923,2,2e-05,0.01247,9.942442893981934
BenchmarkTest02470.java,0,CWE-22,CWE-23,0,1,0,1,0,0,0,0,1,0,2549,0.00318625,767,0.00767,2,2e-05,0.010876249999999999,7.619768857955933
BenchmarkTest02471.java,0,CWE-22,CWE-23,0,1,0,1,0,0,0,0,1,0,2719,0.00339875,973,0.00973,2,2e-05,0.01314875,8.721761226654053
BenchmarkTest02472.java,0,CWE-90,CWE-90,1,0,1,0,0,0,1,0,0,0,2604,0.003255,940,0.0094,2,2e-05,0.012674999999999999,8.83042860031128
BenchmarkTest02473.java,0,CWE-330,CWE-330,1,0,1,0,0,0,1,0,0,0,2679,0.00334875,769,0.00769,2,2e-05,0.01105875,7.93972110748291
BenchmarkTest02474.java,0,CWE-328,CWE-916,0,0,1,0,0,0,1,0,0,0,2668,0.003335,599,0.00599,2,2e-05,0.009345,8.05153226852417
BenchmarkTest02475.java,0,CWE-328,CWE-916,0,0,1,0,0,0,1,0,0,0,2607,0.00325875,642,0.00642,2,2e-05,0.009698749999999999,7.140240430831909
BenchmarkTest02476.java,0,CWE-328,CWE-916,0,0,1,0,0,0,1,0,0,0,2501,0.00312625,704,0.00704,2,2e-05,0.010186249999999999,7.465199708938599
BenchmarkTest02477.java,0,CWE-328,,,,0,0,1,0,0,0,1,0,,,,,,,,
BenchmarkTest02478.java,0,CWE-328,,,,0,0,0,1,0,0,0,1,,,,,,,,
BenchmarkTest02479.java,0,CWE-328,,,,0,0,1,0,0,0,1,0,,,,,,,,
BenchmarkTest02480.java,0,CWE-79,CWE-79,1,0,1,0,0,0,1,0,0,0,2546,0.0031825,1030,0.0103,2,2e-05,0.013502499999999999,9.214463710784912
BenchmarkTest02481.java,0,CWE-79,CWE-79,1,1,0,1,0,0,0,0,1,0,2599,0.00324875,1163,0.01163,2,2e-05,0.014898749999999999,11.101074934005737
BenchmarkTest02482.java,0,CWE-79,CWE-79,1,1,0,1,0,0,0,0,1,0,2613,0.00326625,927,0.00927,2,2e-05,0.01255625,9.299360275268555
BenchmarkTest02483.java,0,CWE-79,CWE-79,1,0,1,0,0,0,1,0,0,0,2509,0.00313625,837,0.00837,2,2e-05,0.01152625,9.459181785583496
BenchmarkTest02484.java,0,CWE-79,CWE-79,1,1,0,1,0,0,0,0,1,0,2655,0.00331875,1066,0.01066,2,2e-05,0.013998749999999999,10.930019617080688
BenchmarkTest02485.java,0,CWE-79,CWE-79,1,1,0,1,0,0,0,0,1,0,2629,0.00328625,1497,0.01497,2,2e-05,0.01827625,13.638280868530273
BenchmarkTest02486.java,0,CWE-79,CWE-79,1,0,1,0,0,0,1,0,0,0,2610,0.0032625,1106,0.01106,2,2e-05,0.0143425,10.519083976745605
BenchmarkTest02487.java,0,CWE-79,CWE-79,1,0,1,0,0,0,1,0,0,0,2570,0.0032125,1324,0.01324,2,2e-05,0.0164725,12.790003061294556
BenchmarkTest02488.java,0,CWE-79,CWE-79,1,1,0,1,0,0,0,0,1,0,2551,0.00318875,951,0.00951,2,2e-05,0.01271875,9.533437728881836
BenchmarkTest02489.java,0,CWE-79,CWE-79,1,0,1,0,0,0,1,0,0,0,2522,0.0031525,978,0.00978,2,2e-05,0.012952499999999999,10.143463611602783
BenchmarkTest02490.java,0,CWE-79,CWE-79,1,1,0,1,0,0,0,0,1,0,2891,0.00361375,1623,0.01623,2,2e-05,0.01986375,14.232412099838257
BenchmarkTest02491.java,0,CWE-79,CWE-79,1,1,0,1,0,0,0,0,1,0,2873,0.00359125,1455,0.01455,2,2e-05,0.01816125,12.907808303833008
BenchmarkTest02492.java,0,CWE-79,CWE-79,1,1,0,1,0,0,0,0,1,0,2526,0.0031575,861,0.00861,2,2e-05,0.0117875,8.009089708328247
BenchmarkTest02493.java,0,CWE-79,CWE-79,1,0,1,0,0,0,1,0,0,0,2657,0.00332125,951,0.00951,2,2e-05,0.012851249999999998,8.572250843048096
BenchmarkTest02494.java,0,CWE-79,CWE-79,1,0,1,0,0,0,1,0,0,0,2577,0.00322125,1463,0.01463,2,2e-05,0.017871249999999998,13.67714524269104
BenchmarkTest02495.java,0,CWE-79,CWE-79,1,1,0,1,0,0,0,0,1,0,2644,0.003305,1212,0.01212,2,2e-05,0.015445,12.009783506393433
BenchmarkTest02496.java,0,CWE-78,CWE-78,1,0,1,0,0,0,1,0,0,0,2291,0.00286375,1077,0.01077,2,2e-05,0.01365375,12.544904708862305
BenchmarkTest02497.java,0,CWE-330,CWE-330,1,0,1,0,0,0,1,0,0,0,2923,0.00365375,603,0.00603,2,2e-05,0.009703749999999999,6.0713536739349365
BenchmarkTest02498.java,0,CWE-330,CWE-330,1,0,1,0,0,0,1,0,0,0,2585,0.00323125,733,0.00733,2,2e-05,0.010581249999999999,6.875951528549194
BenchmarkTest02499.java,0,CWE-330,CWE-330,1,0,1,0,0,0,1,0,0,0,2618,0.0032725,765,0.00765,2,2e-05,0.010942499999999999,7.431719064712524
BenchmarkTest02500.java,0,CWE-330,CWE-330,1,0,1,0,0,0,1,0,0,0,2574,0.0032175,700,0.007,2,2e-05,0.0102375,6.904595851898193
BenchmarkTest02501.java,0,CWE-330,CWE-330,1,0,1,0,0,0,1,0,0,0,2554,0.0031925,813,0.00813,2,2e-05,0.011342499999999998,7.667248725891113
BenchmarkTest02502.java,0,CWE-330,CWE-330,1,0,1,0,0,0,1,0,0,0,2608,0.00326,608,0.00608,2,2e-05,0.00936,6.068165302276611
BenchmarkTest02503.java,0,CWE-330,CWE-330,1,0,1,0,0,0,1,0,0,0,2879,0.00359875,736,0.00736,2,2e-05,0.010978749999999999,7.679311990737915
BenchmarkTest02504.java,0,CWE-330,CWE-330,1,0,1,0,0,0,1,0,0,0,2556,0.003195,769,0.00769,2,2e-05,0.010904999999999998,7.212642192840576
BenchmarkTest02505.java,0,CWE-330,CWE-330,1,0,1,0,0,0,1,0,0,0,2597,0.00324625,816,0.00816,2,2e-05,0.011426249999999999,7.893862724304199
BenchmarkTest02506.java,0,CWE-330,CWE-330,1,0,1,0,0,0,1,0,0,0,2588,0.003235,888,0.00888,2,2e-05,0.012135,8.547433376312256
BenchmarkTest02507.java,0,CWE-614,CWE-614,1,0,1,0,0,0,1,0,0,0,2318,0.0028975,651,0.00651,2,2e-05,0.009427499999999998,7.525517463684082
BenchmarkTest02508.java,0,CWE-614,,,,0,0,1,0,0,0,1,0,,,,,,,,
BenchmarkTest02509.java,0,CWE-79,CWE-79,1,1,0,1,0,0,0,0,1,0,2553,0.00319125,785,0.00785,2,2e-05,0.011061249999999998,8.168991327285767
BenchmarkTest02510.java,0,CWE-78,CWE-78,1,1,0,1,0,0,0,0,1,0,2495,0.00311875,1243,0.01243,2,2e-05,0.01556875,10.938928365707397
BenchmarkTest02511.java,0,CWE-78,CWE-78,1,0,1,0,0,0,1,0,0,0,2175,0.00271875,1263,0.01263,2,2e-05,0.01536875,11.64698839187622
BenchmarkTest02512.java,0,CWE-78,CWE-78,1,0,1,0,0,0,1,0,0,0,2229,0.00278625,1013,0.01013,2,2e-05,0.01293625,9.787411212921143
BenchmarkTest02513.java,0,CWE-78,CWE-78,1,1,0,1,0,0,0,0,1,0,2250,0.0028125,944,0.00944,2,2e-05,0.012272499999999999,9.368136167526245
BenchmarkTest02514.java,0,CWE-78,CWE-78,1,0,1,0,0,0,1,0,0,0,2193,0.00274125,1125,0.01125,2,2e-05,0.01401125,10.744425058364868
BenchmarkTest02515.java,0,CWE-78,CWE-78,1,0,1,0,0,0,1,0,0,0,2166,0.0027075,1218,0.01218,2,2e-05,0.014907499999999999,13.960591554641724
BenchmarkTest02516.java,0,CWE-78,CWE-78,1,0,1,0,0,0,1,0,0,0,2266,0.0028325,1086,0.01086,2,2e-05,0.013712499999999999,9.648948192596436
BenchmarkTest02517.java,0,CWE-78,CWE-78,1,0,1,0,0,0,1,0,0,0,2175,0.00271875,1435,0.01435,2,2e-05,0.01708875,13.746633529663086
BenchmarkTest02518.java,0,CWE-78,CWE-78,1,1,0,1,0,0,0,0,1,0,2249,0.00281125,4655,0.04655,2,2e-05,0.04938125,42.01730823516846
BenchmarkTest02519.java,0,CWE-330,,,,0,0,1,0,0,0,1,0,,,,,,,,
BenchmarkTest02520.java,0,CWE-330,,,,0,0,1,0,0,0,1,0,,,,,,,,
BenchmarkTest02521.java,0,CWE-330,,,,0,0,1,0,0,0,1,0,,,,,,,,
BenchmarkTest02522.java,0,CWE-330,,,,0,0,1,0,0,0,1,0,,,,,,,,
BenchmarkTest02528.java,0,CWE-89,CWE-89,1,0,1,0,0,0,1,0,0,0,2219,0.00277375,1190,0.0119,2,2e-05,0.01469375,11.044875860214233
BenchmarkTest02529.java,0,CWE-89,CWE-89,1,1,0,1,0,0,0,0,1,0,2284,0.002855,1032,0.01032,2,2e-05,0.013194999999999998,11.474238157272339
BenchmarkTest02530.java,0,CWE-89,CWE-89,1,0,1,0,0,0,1,0,0,0,2230,0.0027875,1125,0.01125,2,2e-05,0.014057499999999999,11.497174263000488
BenchmarkTest02531.java,0,CWE-89,CWE-89,1,0,1,0,0,0,1,0,0,0,2199,0.00274875,1047,0.01047,2,2e-05,0.013238749999999999,10.41765832901001
BenchmarkTest02532.java,0,CWE-89,CWE-89,1,0,1,0,0,0,1,0,0,0,2252,0.002815,947,0.00947,2,2e-05,0.012304999999999998,9.116565465927124
BenchmarkTest02533.java,0,CWE-89,CWE-89,1,0,1,0,0,0,1,0,0,0,2284,0.002855,1152,0.01152,2,2e-05,0.014395,10.812197208404541
BenchmarkTest02534.java,0,CWE-89,CWE-89,1,0,1,0,0,0,1,0,0,0,2199,0.00274875,769,0.00769,2,2e-05,0.01045875,7.566666603088379
BenchmarkTest02535.java,0,CWE-89,CWE-89,1,0,1,0,0,0,1,0,0,0,2269,0.00283625,866,0.00866,2,2e-05,0.011516249999999999,7.920877695083618
BenchmarkTest02536.java,0,CWE-89,CWE-89,1,1,0,1,0,0,0,0,1,0,2277,0.00284625,1000,0.01,2,2e-05,0.01286625,9.910264253616333
BenchmarkTest02537.java,0,CWE-89,CWE-89,1,0,1,0,0,0,1,0,0,0,2220,0.002775,827,0.00827,2,2e-05,0.011064999999999998,7.6558520793914795
BenchmarkTest02538.java,0,CWE-89,,,,0,0,1,0,0,0,1,0,,,,,,,,
BenchmarkTest02539.java,0,CWE-89,,,,0,0,1,0,0,0,1,0,,,,,,,,
BenchmarkTest02540.java,0,CWE-89,CWE-89,1,1,0,1,0,0,0,0,1,0,2220,0.002775,961,0.00961,2,2e-05,0.012405,9.466904640197754
BenchmarkTest02541.java,0,CWE-89,CWE-89,1,1,0,1,0,0,0,0,1,0,2181,0.00272625,930,0.0093,2,2e-05,0.012046249999999998,8.996186971664429
BenchmarkTest02542.java,0,CWE-89,CWE-89,1,0,1,0,0,0,1,0,0,0,2163,0.00270375,1210,0.0121,2,2e-05,0.014823749999999998,12.562544107437134
BenchmarkTest02543.java,0,CWE-89,CWE-89,1,0,1,0,0,0,1,0,0,0,2181,0.00272625,772,0.00772,2,2e-05,0.01046625,8.720606327056885
BenchmarkTest02544.java,0,CWE-89,CWE-89,1,1,0,1,0,0,0,0,1,0,2238,0.0027975,998,0.00998,2,2e-05,0.012797499999999998,10.905624389648438
BenchmarkTest02545.java,0,CWE-89,CWE-89,1,0,1,0,0,0,1,0,0,0,2166,0.0027075,890,0.0089,2,2e-05,0.011627499999999999,9.112698793411255
BenchmarkTest02546.java,0,CWE-89,CWE-89,1,1,0,1,0,0,0,0,1,0,2242,0.0028025,1608,0.01608,2,2e-05,0.0189025,14.489059686660767
BenchmarkTest02547.java,0,CWE-327,,,,0,0,1,0,0,0,1,0,,,,,,,,
BenchmarkTest02548.java,0,CWE-327,CWE-327,1,0,1,0,0,0,1,0,0,0,3236,0.004045,342,0.00342,2,2e-05,0.0074849999999999995,3.746267795562744
BenchmarkTest02549.java,0,CWE-327,CWE-327,1,0,1,0,0,0,1,0,0,0,3228,0.004035,646,0.00646,2,2e-05,0.010515,6.365640640258789
BenchmarkTest02550.java,0,CWE-327,CWE-327,1,0,1,0,0,0,1,0,0,0,2765,0.00345625,436,0.00436,2,2e-05,0.00783625,4.691020488739014
BenchmarkTest02551.java,0,CWE-327,,,,0,0,1,0,0,0,1,0,,,,,,,,
BenchmarkTest02552.java,0,CWE-327,,,,0,0,1,0,0,0,1,0,,,,,,,,
BenchmarkTest02553.java,0,CWE-90,CWE-90,1,1,0,1,0,0,0,0,1,0,2814,0.0035175,970,0.0097,2,2e-05,0.0132375,8.764606475830078
BenchmarkTest02554.java,0,CWE-22,CWE-23,0,1,0,1,0,0,0,0,1,0,2688,0.00336,888,0.00888,2,2e-05,0.01226,7.840975046157837
BenchmarkTest02555.java,0,CWE-22,CWE-23,0,0,1,0,0,0,1,0,0,0,2686,0.0033575,1068,0.01068,2,2e-05,0.014057499999999999,10.096588134765625
BenchmarkTest02556.java,0,CWE-22,CWE-23,0,0,1,0,0,0,1,0,0,0,2659,0.00332375,1090,0.0109,2,2e-05,0.01424375,10.651643753051758
BenchmarkTest02557.java,0,CWE-22,CWE-23,0,1,0,1,0,0,0,0,1,0,2707,0.00338375,1137,0.01137,2,2e-05,0.014773749999999999,10.95251202583313
BenchmarkTest02558.java,0,CWE-22,CWE-23,0,1,0,1,0,0,0,0,1,0,2664,0.00333,1093,0.01093,2,2e-05,0.01428,11.433972835540771
BenchmarkTest02559.java,0,CWE-22,CWE-23,0,0,1,0,0,0,1,0,0,0,2825,0.00353125,1207,0.01207,2,2e-05,0.01562125,13.673733472824097
BenchmarkTest02560.java,0,CWE-22,CWE-23,0,0,1,0,0,0,1,0,0,0,2840,0.00355,1002,0.01002,2,2e-05,0.013589999999999998,10.862365484237671
BenchmarkTest02561.java,0,CWE-22,CWE-23,0,0,1,0,0,0,1,0,0,0,2817,0.00352125,1131,0.01131,2,2e-05,0.01485125,9.867955923080444
BenchmarkTest02562.java,0,CWE-22,CWE-23,0,0,1,0,0,0,1,0,0,0,2777,0.00347125,1249,0.01249,2,2e-05,0.01598125,10.730973958969116
BenchmarkTest02563.java,0,CWE-22,CWE-23,0,1,0,1,0,0,0,0,1,0,3038,0.0037975,1207,0.01207,2,2e-05,0.0158875,10.770176649093628
BenchmarkTest02564.java,0,CWE-22,CWE-23,0,0,1,0,0,0,1,0,0,0,2784,0.00348,1073,0.01073,2,2e-05,0.01423,9.620833396911621
BenchmarkTest02565.java,0,CWE-22,CWE-23,0,0,1,0,0,0,1,0,0,0,2693,0.00336625,1345,0.01345,2,2e-05,0.01683625,12.689666509628296
BenchmarkTest02566.java,0,CWE-22,CWE-23,0,1,0,1,0,0,0,0,1,0,2726,0.0034075,964,0.00964,2,2e-05,0.0130675,9.051358699798584
BenchmarkTest02567.java,0,CWE-22,CWE-23,0,0,1,0,0,0,1,0,0,0,2671,0.00333875,932,0.00932,2,2e-05,0.012678749999999999,8.946897268295288
BenchmarkTest02568.java,0,CWE-22,CWE-23,0,1,0,1,0,0,0,0,1,0,2769,0.00346125,1218,0.01218,2,2e-05,0.015661249999999998,12.584644556045532
BenchmarkTest02569.java,0,CWE-22,CWE-23,0,0,1,0,0,0,1,0,0,0,2775,0.00346875,1093,0.01093,2,2e-05,0.01441875,9.830317974090576
BenchmarkTest02570.java,0,CWE-22,CWE-23,0,1,0,1,0,0,0,0,1,0,2921,0.00365125,1462,0.01462,2,2e-05,0.01829125,12.580442905426025
BenchmarkTest02571.java,0,CWE-90,CWE-90,1,1,0,1,0,0,0,0,1,0,2802,0.0035025,1290,0.0129,2,2e-05,0.0164225,11.888664245605469
BenchmarkTest02572.java,0,CWE-90,CWE-90,1,1,0,1,0,0,0,0,1,0,2756,0.003445,1316,0.01316,2,2e-05,0.016625,11.10968542098999
BenchmarkTest02573.java,0,CWE-328,CWE-916,0,0,1,0,0,0,1,0,0,0,2824,0.00353,683,0.00683,2,2e-05,0.01038,7.530658006668091
BenchmarkTest02574.java,0,CWE-328,CWE-916,0,0,1,0,0,0,1,0,0,0,2776,0.00347,926,0.00926,2,2e-05,0.012749999999999997,9.503880739212036
BenchmarkTest02575.java,0,CWE-328,CWE-916,0,0,1,0,0,0,1,0,0,0,2690,0.0033625,546,0.00546,2,2e-05,0.0088425,6.251366376876831
BenchmarkTest02576.java,0,CWE-328,,,,0,0,1,0,0,0,1,0,,,,,,,,
BenchmarkTest02577.java,0,CWE-328,,,,0,0,0,1,0,0,0,1,,,,,,,,
BenchmarkTest02578.java,0,CWE-79,CWE-79,1,0,1,0,0,0,1,0,0,0,2728,0.00341,1304,0.01304,2,2e-05,0.01647,11.977819442749023
BenchmarkTest02579.java,0,CWE-79,CWE-79,1,0,1,0,0,0,1,0,0,0,2700,0.003375,1149,0.01149,2,2e-05,0.014884999999999999,10.60791277885437
BenchmarkTest02580.java,0,CWE-79,CWE-79,1,0,1,0,0,0,1,0,0,0,2711,0.00338875,1421,0.01421,2,2e-05,0.01761875,14.042404890060425
BenchmarkTest02581.java,0,CWE-79,CWE-79,1,1,0,1,0,0,0,0,1,0,2699,0.00337375,3289,0.03289,2,2e-05,0.036283750000000003,31.502260446548462
BenchmarkTest02582.java,0,CWE-79,CWE-79,1,0,1,0,0,0,1,0,0,0,2704,0.00338,1234,0.01234,2,2e-05,0.01574,13.003710746765137
BenchmarkTest02583.java,0,CWE-79,CWE-79,1,0,1,0,0,0,1,0,0,0,2670,0.0033375,902,0.00902,2,2e-05,0.0123775,9.189833879470825
BenchmarkTest02584.java,0,CWE-79,CWE-79,1,0,1,0,0,0,1,0,0,0,2699,0.00337375,1089,0.01089,2,2e-05,0.01428375,10.020525455474854
BenchmarkTest02585.java,0,CWE-79,CWE-79,1,0,1,0,0,0,1,0,0,0,2708,0.003385,1185,0.01185,2,2e-05,0.015254999999999998,11.162449598312378
BenchmarkTest02586.java,0,CWE-79,CWE-79,1,0,1,0,0,0,1,0,0,0,2779,0.00347375,974,0.00974,2,2e-05,0.013233749999999999,9.39794635772705
BenchmarkTest02587.java,0,CWE-79,CWE-79,1,0,1,0,0,0,1,0,0,0,3046,0.0038075,1994,0.01994,2,2e-05,0.023767499999999997,17.626554489135742
BenchmarkTest02588.java,0,CWE-79,CWE-79,1,0,1,0,0,0,1,0,0,0,3019,0.00377375,1413,0.01413,2,2e-05,0.01792375,12.270384073257446
BenchmarkTest02589.java,0,CWE-79,CWE-79,1,1,0,1,0,0,0,0,1,0,2778,0.0034725,1421,0.01421,2,2e-05,0.0177025,12.337610483169556
BenchmarkTest02590.java,0,CWE-79,CWE-79,1,1,0,1,0,0,0,0,1,0,2842,0.0035525,979,0.00979,2,2e-05,0.0133625,10.553664684295654
BenchmarkTest02591.java,0,CWE-79,CWE-79,1,0,1,0,0,0,1,0,0,0,2722,0.0034025,1036,0.01036,2,2e-05,0.0137825,9.819937944412231
BenchmarkTest02592.java,0,CWE-79,CWE-79,1,0,1,0,0,0,1,0,0,0,2767,0.00345875,1074,0.01074,2,2e-05,0.014218749999999999,10.904018640518188
BenchmarkTest02593.java,0,CWE-79,CWE-79,1,1,0,1,0,0,0,0,1,0,2723,0.00340375,1095,0.01095,2,2e-05,0.01437375,10.381091356277466
BenchmarkTest02594.java,0,CWE-79,CWE-79,1,1,0,1,0,0,0,0,1,0,2717,0.00339625,992,0.00992,2,2e-05,0.01333625,9.354526042938232
BenchmarkTest02595.java,0,CWE-79,CWE-79,1,0,1,0,0,0,1,0,0,0,2781,0.00347625,982,0.00982,2,2e-05,0.01331625,9.887982606887817
BenchmarkTest02596.java,0,CWE-79,CWE-79,1,1,0,1,0,0,0,0,1,0,2688,0.00336,798,0.00798,2,2e-05,0.011359999999999999,8.295034408569336
BenchmarkTest02597.java,0,CWE-79,CWE-79,1,0,1,0,0,0,1,0,0,0,2739,0.00342375,1114,0.01114,2,2e-05,0.01458375,10.508638381958008
BenchmarkTest02598.java,0,CWE-79,CWE-79,1,0,1,0,0,0,1,0,0,0,2706,0.0033825,1171,0.01171,2,2e-05,0.0151125,10.472529411315918
BenchmarkTest02599.java,0,CWE-79,CWE-79,1,1,0,1,0,0,0,0,1,0,2715,0.00339375,996,0.00996,2,2e-05,0.01337375,9.534995794296265
BenchmarkTest02600.java,0,CWE-79,CWE-79,1,0,1,0,0,0,1,0,0,0,2746,0.0034325,897,0.00897,2,2e-05,0.0124225,8.651162385940552
BenchmarkTest02601.java,0,CWE-79,CWE-79,1,1,0,1,0,0,0,0,1,0,2720,0.0034,843,0.00843,2,2e-05,0.01185,8.966417789459229
BenchmarkTest02602.java,0,CWE-330,CWE-330,1,0,1,0,0,0,1,0,0,0,3054,0.0038175,694,0.00694,2,2e-05,0.010777499999999999,9.116288185119629
BenchmarkTest02603.java,0,CWE-330,CWE-330,1,0,1,0,0,0,1,0,0,0,2771,0.00346375,611,0.00611,2,2e-05,0.009593749999999998,7.405405521392822
BenchmarkTest02604.java,0,CWE-330,CWE-330,1,0,1,0,0,0,1,0,0,0,3051,0.00381375,725,0.00725,2,2e-05,0.01108375,8.755774021148682
BenchmarkTest02605.java,0,CWE-330,CWE-330,1,0,1,0,0,0,1,0,0,0,2751,0.00343875,810,0.0081,2,2e-05,0.01155875,7.281912565231323
BenchmarkTest02606.java,0,CWE-330,CWE-330,1,0,1,0,0,0,1,0,0,0,2798,0.0034975,795,0.00795,2,2e-05,0.0114675,7.728347301483154
BenchmarkTest02607.java,0,CWE-614,,,,0,0,1,0,0,0,1,0,,,,,,,,
BenchmarkTest02608.java,0,CWE-79,CWE-79,1,0,1,0,0,0,1,0,0,0,2675,0.00334375,861,0.00861,2,2e-05,0.011973749999999998,7.939505338668823
BenchmarkTest02609.java,0,CWE-79,CWE-79,1,1,0,1,0,0,0,0,1,0,2697,0.00337125,800,0.008,2,2e-05,0.011391249999999999,7.490723609924316
BenchmarkTest02610.java,0,CWE-78,CWE-78,1,1,0,1,0,0,0,0,1,0,2575,0.00321875,1391,0.01391,2,2e-05,0.01714875,13.177031517028809
BenchmarkTest02611.java,0,CWE-78,CWE-78,1,0,1,0,0,0,1,0,0,0,2539,0.00317375,1190,0.0119,2,2e-05,0.01509375,10.675562381744385
BenchmarkTest02612.java,0,CWE-78,CWE-78,1,0,1,0,0,0,1,0,0,0,2346,0.0029325,1438,0.01438,2,2e-05,0.0173325,13.152857542037964
BenchmarkTest02613.java,0,CWE-78,CWE-78,1,0,1,0,0,0,1,0,0,0,2409,0.00301125,1273,0.01273,2,2e-05,0.015761249999999997,11.820261001586914
BenchmarkTest02614.java,0,CWE-330,,,,0,0,1,0,0,0,1,0,,,,,,,,
BenchmarkTest02615.java,0,CWE-330,,,,0,0,1,0,0,0,1,0,,,,,,,,
BenchmarkTest02616.java,0,CWE-330,CWE-330,1,1,0,1,0,0,0,0,1,0,2871,0.00358875,966,0.00966,2,2e-05,0.01326875,8.324786901473999
BenchmarkTest02617.java,0,CWE-330,,,,0,0,1,0,0,0,1,0,,,,,,,,
BenchmarkTest02618.java,0,CWE-330,,,,0,0,1,0,0,0,1,0,,,,,,,,
BenchmarkTest02619.java,0,CWE-330,,,,0,0,1,0,0,0,1,0,,,,,,,,
BenchmarkTest02620.java,0,CWE-330,,,,0,0,1,0,0,0,1,0,,,,,,,,
BenchmarkTest02621.java,0,CWE-330,,,,0,0,1,0,0,0,1,0,,,,,,,,
BenchmarkTest02625.java,0,CWE-89,CWE-89,1,0,1,0,0,0,1,0,0,0,2421,0.00302625,980,0.0098,2,2e-05,0.012846249999999998,8.80580997467041
BenchmarkTest02626.java,0,CWE-89,CWE-89,1,1,0,1,0,0,0,0,1,0,2338,0.0029225,840,0.0084,2,2e-05,0.011342499999999998,9.190016746520996
BenchmarkTest02627.java,0,CWE-89,CWE-89,1,0,1,0,0,0,1,0,0,0,2408,0.00301,971,0.00971,2,2e-05,0.01274,9.32032036781311
BenchmarkTest02628.java,0,CWE-89,CWE-89,1,0,1,0,0,0,1,0,0,0,2454,0.0030675,1019,0.01019,2,2e-05,0.013277499999999998,9.03042459487915
BenchmarkTest02629.java,0,CWE-89,CWE-89,1,1,0,1,0,0,0,0,1,0,2424,0.00303,1382,0.01382,2,2e-05,0.01687,11.918928861618042
BenchmarkTest02630.java,0,CWE-89,CWE-89,1,0,1,0,0,0,1,0,0,0,2355,0.00294375,775,0.00775,2,2e-05,0.01071375,7.7385573387146
BenchmarkTest02631.java,0,CWE-89,CWE-89,1,1,0,1,0,0,0,0,1,0,2354,0.0029425,1111,0.01111,2,2e-05,0.014072499999999998,10.228006839752197
BenchmarkTest02632.java,0,CWE-89,CWE-89,1,0,1,0,0,0,1,0,0,0,2420,0.003025,901,0.00901,2,2e-05,0.012055,8.460664510726929
BenchmarkTest02633.java,0,CWE-89,CWE-89,1,1,0,1,0,0,0,0,1,0,2686,0.0033575,1562,0.01562,2,2e-05,0.0189975,13.5194833278656
BenchmarkTest02634.java,0,CWE-89,CWE-89,1,1,0,1,0,0,0,0,1,0,2433,0.00304125,1351,0.01351,2,2e-05,0.01657125,11.800136804580688
BenchmarkTest02635.java,0,CWE-89,CWE-89,1,0,1,0,0,0,1,0,0,0,2476,0.003095,941,0.00941,2,2e-05,0.012525,8.925136804580688
BenchmarkTest02636.java,0,CWE-89,CWE-89,1,0,0,1,0,0,0,1,0,0,2410,0.0030125,7475,0.07475,2,2e-05,0.0777825,68.15698909759521
BenchmarkTest02637.java,0,CWE-89,CWE-89,1,1,0,1,0,0,0,0,1,0,2366,0.0029575,1093,0.01093,2,2e-05,0.0139075,10.981112718582153
BenchmarkTest02638.java,0,CWE-89,CWE-89,1,0,1,0,0,0,1,0,0,0,2342,0.0029275,780,0.0078,2,2e-05,0.010747499999999998,10.251177787780762
BenchmarkTest02639.java,0,CWE-89,,,,0,0,1,0,0,0,1,0,,,,,,,,
BenchmarkTest02640.java,0,CWE-89,,,,0,0,1,0,0,0,1,0,,,,,,,,
BenchmarkTest02641.java,0,CWE-89,CWE-89,1,0,1,0,0,0,1,0,0,0,2531,0.00316375,875,0.00875,2,2e-05,0.01193375,13.051984786987305
BenchmarkTest02642.java,0,CWE-89,,,,0,0,0,1,0,0,0,1,,,,,,,,
BenchmarkTest02643.java,0,CWE-89,,,,0,0,0,1,0,0,0,1,,,,,,,,
BenchmarkTest02644.java,0,CWE-89,,,,0,0,0,1,0,0,0,1,,,,,,,,
BenchmarkTest02645.java,0,CWE-89,,,,0,0,0,1,0,0,0,1,,,,,,,,
BenchmarkTest02646.java,0,CWE-89,CWE-89,1,0,1,0,0,0,1,0,0,0,2373,0.00296625,1018,0.01018,2,2e-05,0.01316625,10.306740522384644
BenchmarkTest02647.java,0,CWE-89,CWE-89,1,0,1,0,0,0,1,0,0,0,2374,0.0029675,781,0.00781,2,2e-05,0.0107975,7.760475158691406
BenchmarkTest02648.java,0,CWE-89,CWE-89,1,1,0,1,0,0,0,0,1,0,2447,0.00305875,1193,0.01193,2,2e-05,0.015008749999999998,10.412439107894897
BenchmarkTest02649.java,0,CWE-89,CWE-89,1,0,1,0,0,0,1,0,0,0,2297,0.00287125,950,0.0095,2,2e-05,0.01239125,8.39165186882019
BenchmarkTest02650.java,0,CWE-89,CWE-89,1,0,1,0,0,0,1,0,0,0,2406,0.0030075,987,0.00987,2,2e-05,0.0128975,8.945758819580078
BenchmarkTest02651.java,0,CWE-89,CWE-89,1,0,1,0,0,0,1,0,0,0,2379,0.00297375,1038,0.01038,2,2e-05,0.01337375,9.671522855758667
BenchmarkTest02652.java,0,CWE-89,CWE-89,1,1,0,1,0,0,0,0,1,0,2666,0.0033325,1478,0.01478,2,2e-05,0.0181325,12.70969843864441
BenchmarkTest02653.java,0,CWE-89,CWE-89,1,0,1,0,0,0,1,0,0,0,2339,0.00292375,700,0.007,2,2e-05,0.00994375,8.024330615997314
BenchmarkTest02654.java,0,CWE-89,CWE-89,1,0,1,0,0,0,1,0,0,0,2374,0.0029675,935,0.00935,2,2e-05,0.0123375,9.420093536376953
BenchmarkTest02655.java,0,CWE-89,CWE-89,1,0,1,0,0,0,1,0,0,0,2292,0.002865,899,0.00899,2,2e-05,0.011874999999999998,9.224732398986816
BenchmarkTest02656.java,0,CWE-89,CWE-89,1,0,1,0,0,0,1,0,0,0,2343,0.00292875,854,0.00854,2,2e-05,0.011488749999999999,7.8203301429748535
BenchmarkTest02657.java,0,CWE-89,CWE-89,1,1,0,1,0,0,0,0,1,0,2340,0.002925,968,0.00968,2,2e-05,0.012624999999999999,8.844082832336426
BenchmarkTest02658.java,0,CWE-327,CWE-327,1,0,1,0,0,0,1,0,0,0,3015,0.00376875,351,0.00351,2,2e-05,0.0072987500000000005,3.7964119911193848
BenchmarkTest02659.java,0,CWE-327,,,,0,0,1,0,0,0,1,0,,,,,,,,
BenchmarkTest02660.java,0,CWE-327,CWE-327,1,0,1,0,0,0,1,0,0,0,2931,0.00366375,511,0.00511,2,2e-05,0.00879375,5.966702699661255
BenchmarkTest02661.java,0,CWE-327,CWE-327,1,0,1,0,0,0,1,0,0,0,2626,0.0032825,595,0.00595,2,2e-05,0.0092525,6.51165246963501
BenchmarkTest02662.java,0,CWE-327,,,,0,0,1,0,0,0,1,0,,,,,,,,
BenchmarkTest02663.java,0,CWE-327,CWE-327,1,0,1,0,0,0,1,0,0,0,2581,0.00322625,497,0.00497,2,2e-05,0.008216249999999998,5.461355447769165
BenchmarkTest02664.java,0,CWE-22,,,,0,0,1,0,0,0,1,0,,,,,,,,
BenchmarkTest02665.java,0,CWE-22,,,,0,0,1,0,0,0,1,0,,,,,,,,
BenchmarkTest02666.java,0,CWE-22,,,,0,0,1,0,0,0,1,0,,,,,,,,
BenchmarkTest02667.java,0,CWE-22,,,,0,0,1,0,0,0,1,0,,,,,,,,
BenchmarkTest02668.java,0,CWE-22,,,,0,0,1,0,0,0,1,0,,,,,,,,
BenchmarkTest02669.java,0,CWE-22,,,,0,0,1,0,0,0,1,0,,,,,,,,
BenchmarkTest02670.java,0,CWE-328,CWE-916,0,0,1,0,0,0,1,0,0,0,2722,0.0034025,638,0.00638,2,2e-05,0.009802499999999999,6.691222906112671
BenchmarkTest02671.java,0,CWE-328,CWE-916,0,0,1,0,0,0,1,0,0,0,2760,0.00345,972,0.00972,2,2e-05,0.013189999999999999,9.209009170532227
BenchmarkTest02672.java,0,CWE-328,,,,0,0,1,0,0,0,1,0,,,,,,,,
BenchmarkTest02673.java,0,CWE-328,,,,0,0,1,0,0,0,1,0,,,,,,,,
BenchmarkTest02674.java,0,CWE-328,CWE-916,0,0,1,0,0,0,1,0,0,0,2850,0.0035625,875,0.00875,2,2e-05,0.0123325,8.389744758605957
BenchmarkTest02675.java,0,CWE-328,CWE-916,0,0,1,0,0,0,1,0,0,0,2525,0.00315625,628,0.00628,2,2e-05,0.00945625,6.2625486850738525
BenchmarkTest02676.java,0,CWE-328,,,,0,0,1,0,0,0,1,0,,,,,,,,
BenchmarkTest02677.java,0,CWE-328,,,,0,0,0,1,0,0,0,1,,,,,,,,
BenchmarkTest02678.java,0,CWE-328,,,,0,0,1,0,0,0,1,0,,,,,,,,
BenchmarkTest02679.java,0,CWE-79,,,,0,0,1,0,0,0,1,0,,,,,,,,
BenchmarkTest02680.java,0,CWE-79,,,,0,0,1,0,0,0,1,0,,,,,,,,
BenchmarkTest02681.java,0,CWE-79,,,,0,0,1,0,0,0,1,0,,,,,,,,
BenchmarkTest02682.java,0,CWE-79,,,,0,0,1,0,0,0,1,0,,,,,,,,
BenchmarkTest02683.java,0,CWE-79,,,,0,0,1,0,0,0,1,0,,,,,,,,
BenchmarkTest02684.java,0,CWE-79,,,,0,0,1,0,0,0,1,0,,,,,,,,
BenchmarkTest02685.java,0,CWE-79,,,,0,0,1,0,0,0,1,0,,,,,,,,
BenchmarkTest02686.java,0,CWE-79,,,,0,0,1,0,0,0,1,0,,,,,,,,
BenchmarkTest02687.java,0,CWE-79,,,,0,0,1,0,0,0,1,0,,,,,,,,
BenchmarkTest02688.java,0,CWE-79,,,,0,0,1,0,0,0,1,0,,,,,,,,
BenchmarkTest02689.java,0,CWE-79,,,,0,0,1,0,0,0,1,0,,,,,,,,
BenchmarkTest02690.java,0,CWE-79,,,,0,0,1,0,0,0,1,0,,,,,,,,
BenchmarkTest02691.java,0,CWE-79,,,,0,0,1,0,0,0,1,0,,,,,,,,
BenchmarkTest02692.java,0,CWE-79,,,,0,0,1,0,0,0,1,0,,,,,,,,
BenchmarkTest02693.java,0,CWE-79,,,,0,0,1,0,0,0,1,0,,,,,,,,
BenchmarkTest02694.java,0,CWE-79,,,,0,0,1,0,0,0,1,0,,,,,,,,
BenchmarkTest02695.java,0,CWE-79,,,,0,0,1,0,0,0,1,0,,,,,,,,
BenchmarkTest02696.java,0,CWE-79,,,,0,0,1,0,0,0,1,0,,,,,,,,
BenchmarkTest02697.java,0,CWE-78,,,,0,0,1,0,0,0,1,0,,,,,,,,
BenchmarkTest02698.java,0,CWE-78,,,,0,0,1,0,0,0,1,0,,,,,,,,
BenchmarkTest02699.java,0,CWE-78,,,,0,0,1,0,0,0,1,0,,,,,,,,
BenchmarkTest02700.java,0,CWE-330,CWE-330,1,0,1,0,0,0,1,0,0,0,2643,0.00330375,536,0.00536,2,2e-05,0.008683749999999999,6.310456275939941
BenchmarkTest02701.java,0,CWE-330,CWE-330,1,0,1,0,0,0,1,0,0,0,2600,0.00325,718,0.00718,2,2e-05,0.01045,9.13362455368042
BenchmarkTest02702.java,0,CWE-330,CWE-330,1,0,1,0,0,0,1,0,0,0,2585,0.00323125,1074,0.01074,2,2e-05,0.013991249999999998,10.685760021209717
BenchmarkTest02703.java,0,CWE-330,CWE-330,1,0,1,0,0,0,1,0,0,0,2582,0.0032275,674,0.00674,2,2e-05,0.0099875,6.754277229309082
BenchmarkTest02704.java,0,CWE-330,CWE-330,1,0,1,0,0,0,1,0,0,0,2617,0.00327125,769,0.00769,2,2e-05,0.010981249999999998,9.344640970230103
BenchmarkTest02705.java,0,CWE-330,CWE-330,1,0,1,0,0,0,1,0,0,0,2605,0.00325625,834,0.00834,2,2e-05,0.01161625,7.785384893417358
BenchmarkTest02706.java,0,CWE-330,CWE-330,1,0,1,0,0,0,1,0,0,0,2590,0.0032375,517,0.00517,2,2e-05,0.0084275,5.380582332611084
BenchmarkTest02707.java,0,CWE-330,CWE-330,1,0,1,0,0,0,1,0,0,0,2566,0.0032075,673,0.00673,2,2e-05,0.0099575,6.728652477264404
BenchmarkTest02708.java,0,CWE-330,CWE-330,1,0,1,0,0,0,1,0,0,0,2539,0.00317375,600,0.006,2,2e-05,0.009193749999999999,6.923025131225586
BenchmarkTest02709.java,0,CWE-614,CWE-614,1,0,1,0,0,0,1,0,0,0,2326,0.0029075,665,0.00665,2,2e-05,0.0095775,6.727115869522095
BenchmarkTest02710.java,0,CWE-614,CWE-614,1,0,1,0,0,0,1,0,0,0,2298,0.0028725,846,0.00846,2,2e-05,0.0113525,8.191366910934448
BenchmarkTest02711.java,0,CWE-614,,,,0,0,1,0,0,0,1,0,,,,,,,,
BenchmarkTest02712.java,0,CWE-79,,,,0,0,1,0,0,0,1,0,,,,,,,,
BenchmarkTest02713.java,0,CWE-78,,,,0,0,1,0,0,0,1,0,,,,,,,,
BenchmarkTest02714.java,0,CWE-78,,,,0,0,1,0,0,0,1,0,,,,,,,,
BenchmarkTest02715.java,0,CWE-330,,,,0,0,1,0,0,0,1,0,,,,,,,,
BenchmarkTest02716.java,0,CWE-330,,,,0,0,1,0,0,0,1,0,,,,,,,,
BenchmarkTest02717.java,0,CWE-330,,,,0,0,1,0,0,0,1,0,,,,,,,,
BenchmarkTest02718.java,0,CWE-330,,,,0,0,1,0,0,0,1,0,,,,,,,,
BenchmarkTest02719.java,0,CWE-330,,,,0,0,1,0,0,0,1,0,,,,,,,,
BenchmarkTest02720.java,0,CWE-330,,,,0,0,1,0,0,0,1,0,,,,,,,,
BenchmarkTest02721.java,0,CWE-330,,,,0,0,1,0,0,0,1,0,,,,,,,,
BenchmarkTest02727.java,0,CWE-89,,,,0,0,1,0,0,0,1,0,,,,,,,,
BenchmarkTest02728.java,0,CWE-89,,,,0,0,1,0,0,0,1,0,,,,,,,,
BenchmarkTest02729.java,0,CWE-89,,,,0,0,1,0,0,0,1,0,,,,,,,,
BenchmarkTest02730.java,0,CWE-89,,,,0,0,1,0,0,0,1,0,,,,,,,,
BenchmarkTest02731.java,0,CWE-89,,,,0,0,1,0,0,0,1,0,,,,,,,,
BenchmarkTest02732.java,0,CWE-89,,,,0,0,1,0,0,0,1,0,,,,,,,,
BenchmarkTest02733.java,0,CWE-89,,,,0,0,1,0,0,0,1,0,,,,,,,,
BenchmarkTest02734.java,0,CWE-89,,,,0,0,1,0,0,0,1,0,,,,,,,,
BenchmarkTest02735.java,0,CWE-89,,,,0,0,1,0,0,0,1,0,,,,,,,,
BenchmarkTest02736.java,0,CWE-89,,,,0,0,1,0,0,0,1,0,,,,,,,,
BenchmarkTest02737.java,0,CWE-89,,,,0,0,1,0,0,0,1,0,,,,,,,,
BenchmarkTest02738.java,0,CWE-89,,,,0,0,1,0,0,0,1,0,,,,,,,,
BenchmarkTest02739.java,0,CWE-89,,,,0,0,1,0,0,0,1,0,,,,,,,,
BenchmarkTest02740.java,0,CWE-89,,,,0,0,1,0,0,0,1,0,,,,,,,,
