file_name,error,correct_cwe,matched_cwe,direct_match,was_changed,tp_old,fp_old,tn_old,fn_old,tp_new,fp_new,tn_new,fn_new,input_token,input_cost,reasoning_token,reasoning_cost,output_token,output_cost,total_cost,analysis_time
BenchmarkTest00001.java,0,CWE-22,CWE-23,0,0,1,0,0,0,1,0,0,0,1420,0.000355,256,0.000512,13,2.6e-05,0.0008929999999999999,3.2422022819519043
BenchmarkTest00002.java,0,CWE-22,CWE-23,0,0,1,0,0,0,1,0,0,0,1312,0.000328,320,0.00064,13,2.6e-05,0.000994,4.206904411315918
BenchmarkTest00003.java,0,CWE-328,,,,0,0,0,1,0,0,0,1,,,,,,,,
BenchmarkTest00005.java,0,CWE-327,CWE-327,1,0,1,0,0,0,1,0,0,0,1194,0.0002985,192,0.000384,13,2.6e-05,0.0007084999999999999,2.489267349243164
BenchmarkTest00006.java,0,CWE-78,CWE-78,1,0,1,0,0,0,1,0,0,0,914,0.0002285,320,0.00064,13,2.6e-05,0.0008945,3.698864221572876
BenchmarkTest00007.java,0,CWE-78,CWE-78,1,0,1,0,0,0,1,0,0,0,825,0.00020625,512,0.001024,13,2.6e-05,0.00125625,5.908497333526611
BenchmarkTest00008.java,0,CWE-89,CWE-89,1,0,1,0,0,0,1,0,0,0,825,0.00020625,192,0.000384,13,2.6e-05,0.00061625,2.7873129844665527
BenchmarkTest00009.java,0,CWE-328,,,,0,0,1,0,0,0,1,0,,,,,,,,
BenchmarkTest00010.java,0,CWE-330,,,,0,0,1,0,0,0,1,0,,,,,,,,
BenchmarkTest00011.java,0,CWE-22,CWE-23,0,1,1,0,0,0,0,0,0,1,1136,0.000284,1792,0.003584,12,2.4e-05,0.003892,14.734953165054321
BenchmarkTest00012.java,0,CWE-90,CWE-90,1,0,1,0,0,0,1,0,0,0,1148,0.000287,448,0.000896,13,2.6e-05,0.001209,5.325125455856323
BenchmarkTest00013.java,0,CWE-79,CWE-79,1,0,1,0,0,0,1,0,0,0,1244,0.000311,448,0.000896,13,2.6e-05,0.001233,4.813469171524048
BenchmarkTest00014.java,0,CWE-79,CWE-79,1,0,1,0,0,0,1,0,0,0,1241,0.00031025,384,0.000768,13,2.6e-05,0.00110425,4.211300611495972
BenchmarkTest00015.java,0,CWE-78,CWE-78,1,0,1,0,0,0,1,0,0,0,926,0.0002315,192,0.000384,13,2.6e-05,0.0006414999999999999,2.5536441802978516
BenchmarkTest00016.java,0,CWE-614,,,,0,0,1,0,0,0,1,0,,,,,,,,
BenchmarkTest00017.java,0,CWE-78,CWE-78,1,0,1,0,0,0,1,0,0,0,894,0.0002235,512,0.001024,13,2.6e-05,0.0012735,4.376009225845337
BenchmarkTest00018.java,0,CWE-89,CWE-89,1,0,1,0,0,0,1,0,0,0,832,0.000208,128,0.000256,13,2.6e-05,0.00049,2.371397018432617
BenchmarkTest00019.java,0,CWE-327,CWE-327,1,0,1,0,0,0,1,0,0,0,1143,0.00028575,320,0.00064,13,2.6e-05,0.00095175,3.5895333290100098
BenchmarkTest00020.java,0,CWE-327,CWE-327,1,0,1,0,0,0,1,0,0,0,1525,0.00038125,128,0.000256,13,2.6e-05,0.00066325,2.915818691253662
BenchmarkTest00021.java,0,CWE-90,CWE-90,1,0,1,0,0,0,1,0,0,0,1089,0.00027225,448,0.000896,13,2.6e-05,0.00119425,5.76664400100708
BenchmarkTest00022.java,0,CWE-328,,,,0,0,1,0,0,0,1,0,,,,,,,,
BenchmarkTest00023.java,0,CWE-330,CWE-330,1,0,1,0,0,0,1,0,0,0,1168,0.000292,576,0.001152,13,2.6e-05,0.00147,6.252156496047974
BenchmarkTest00024.java,0,CWE-89,CWE-89,1,0,1,0,0,0,1,0,0,0,847,0.00021175,192,0.000384,13,2.6e-05,0.00062175,3.666841745376587
BenchmarkTest00025.java,0,CWE-89,,,,0,0,0,1,0,0,0,1,,,,,,,,
BenchmarkTest00026.java,0,CWE-89,,,,0,0,0,1,0,0,0,1,,,,,,,,
BenchmarkTest00027.java,0,CWE-89,CWE-89,1,0,1,0,0,0,1,0,0,0,795,0.00019875,128,0.000256,13,2.6e-05,0.00048074999999999995,3.0553510189056396
BenchmarkTest00028.java,0,CWE-22,CWE-23,0,0,1,0,0,0,1,0,0,0,1173,0.00029325,128,0.000256,13,2.6e-05,0.00057525,3.258594036102295
BenchmarkTest00029.java,0,CWE-328,,,,0,0,0,1,0,0,0,1,,,,,,,,
BenchmarkTest00030.java,0,CWE-79,CWE-79,1,0,1,0,0,0,1,0,0,0,1234,0.0003085,256,0.000512,13,2.6e-05,0.0008465,3.6392836570739746
BenchmarkTest00032.java,0,CWE-89,,,,0,0,0,1,0,0,0,1,,,,,,,,
BenchmarkTest00033.java,0,CWE-89,,,,0,0,0,1,0,0,0,1,,,,,,,,
BenchmarkTest00034.java,0,CWE-89,CWE-89,1,0,1,0,0,0,1,0,0,0,833,0.00020825,128,0.000256,13,2.6e-05,0.00049025,1.727463960647583
BenchmarkTest00035.java,0,CWE-327,CWE-327,1,0,1,0,0,0,1,0,0,0,1257,0.00031425,192,0.000384,13,2.6e-05,0.0007242500000000001,2.5223917961120605
BenchmarkTest00036.java,0,CWE-79,CWE-79,1,0,1,0,0,0,1,0,0,0,1319,0.00032975,384,0.000768,13,2.6e-05,0.00112375,3.7390449047088623
BenchmarkTest00037.java,0,CWE-89,CWE-89,1,0,1,0,0,0,1,0,0,0,947,0.00023675,448,0.000896,13,2.6e-05,0.00115875,3.7429447174072266
BenchmarkTest00038.java,0,CWE-89,CWE-89,1,0,1,0,0,0,1,0,0,0,1079,0.00026975,448,0.000896,13,2.6e-05,0.00119175,5.125875234603882
BenchmarkTest00039.java,0,CWE-89,,,,0,0,0,1,0,0,0,1,,,,,,,,
BenchmarkTest00040.java,0,CWE-22,,,,0,0,0,1,0,0,0,1,,,,,,,,
BenchmarkTest00041.java,0,CWE-79,,,,0,0,0,1,0,0,0,1,,,,,,,,
BenchmarkTest00042.java,0,CWE-330,,,,0,0,1,0,0,0,1,0,,,,,,,,
BenchmarkTest00043.java,0,CWE-89,,,,0,0,0,1,0,0,0,1,,,,,,,,
BenchmarkTest00044.java,0,CWE-90,CWE-90,1,0,1,0,0,0,1,0,0,0,1088,0.000272,192,0.000384,13,2.6e-05,0.000682,2.1945884227752686
BenchmarkTest00045.java,0,CWE-22,CWE-23,0,0,1,0,0,0,1,0,0,0,1123,0.00028075,320,0.00064,13,2.6e-05,0.0009467500000000001,3.560302972793579
BenchmarkTest00046.java,0,CWE-328,CWE-916,0,0,1,0,0,0,1,0,0,0,1114,0.0002785,128,0.000256,13,2.6e-05,0.0005605,2.0397145748138428
BenchmarkTest00047.java,0,CWE-79,CWE-79,1,0,1,0,0,0,1,0,0,0,1362,0.0003405,384,0.000768,13,2.6e-05,0.0011345,2.9541420936584473
BenchmarkTest00048.java,0,CWE-79,CWE-79,1,0,1,0,0,0,1,0,0,0,1357,0.00033925,256,0.000512,13,2.6e-05,0.00087725,3.312896251678467
BenchmarkTest00049.java,0,CWE-79,CWE-79,1,0,1,0,0,0,1,0,0,0,1355,0.00033875,128,0.000256,13,2.6e-05,0.00062075,1.944214105606079
BenchmarkTest00050.java,0,CWE-327,CWE-327,1,0,1,0,0,0,1,0,0,0,1541,0.00038525,192,0.000384,13,2.6e-05,0.00079525,2.633085012435913
BenchmarkTest00051.java,0,CWE-78,,,,0,0,1,0,0,0,1,0,,,,,,,,
BenchmarkTest00052.java,0,CWE-89,,,,0,0,1,0,0,0,1,0,,,,,,,,
BenchmarkTest00053.java,0,CWE-327,CWE-327,1,0,1,0,0,0,1,0,0,0,1676,0.000419,128,0.000256,13,2.6e-05,0.000701,2.251477003097534
BenchmarkTest00054.java,0,CWE-327,,,,0,0,1,0,0,0,1,0,,,,,,,,
BenchmarkTest00055.java,0,CWE-327,CWE-327,1,0,1,0,0,0,1,0,0,0,1705,0.00042625,128,0.000256,13,2.6e-05,0.0007082499999999999,2.6028149127960205
BenchmarkTest00056.java,0,CWE-327,CWE-327,1,0,1,0,0,0,1,0,0,0,1772,0.000443,128,0.000256,13,2.6e-05,0.000725,1.9349627494812012
BenchmarkTest00057.java,0,CWE-327,CWE-327,1,0,1,0,0,0,1,0,0,0,1382,0.0003455,192,0.000384,12,2.4e-05,0.0007535,2.962677478790283
BenchmarkTest00058.java,0,CWE-327,,,,0,0,1,0,0,0,1,0,,,,,,,,
BenchmarkTest00059.java,0,CWE-327,,,,0,0,1,0,0,0,1,0,,,,,,,,
BenchmarkTest00060.java,0,CWE-22,CWE-23,0,0,1,0,0,0,1,0,0,0,1335,0.00033375,384,0.000768,13,2.6e-05,0.00112775,3.8104586601257324
BenchmarkTest00061.java,0,CWE-22,CWE-23,0,1,1,0,0,0,0,0,0,1,1322,0.0003305,832,0.001664,12,2.4e-05,0.0020185,7.723638296127319
BenchmarkTest00062.java,0,CWE-22,CWE-23,0,0,1,0,0,0,1,0,0,0,1511,0.00037775,448,0.000896,13,2.6e-05,0.00129975,5.505887031555176
BenchmarkTest00063.java,0,CWE-22,,,,0,0,1,0,0,0,1,0,,,,,,,,
BenchmarkTest00064.java,0,CWE-22,,,,0,0,1,0,0,0,1,0,,,,,,,,
BenchmarkTest00065.java,0,CWE-22,CWE-23,0,0,1,0,0,0,1,0,0,0,1482,0.0003705,448,0.000896,13,2.6e-05,0.0012925,4.805515766143799
BenchmarkTest00066.java,0,CWE-330,CWE-330,1,0,1,0,0,0,1,0,0,0,1374,0.0003435,192,0.000384,13,2.6e-05,0.0007535,2.8039262294769287
BenchmarkTest00067.java,0,CWE-330,CWE-330,1,0,1,0,0,0,1,0,0,0,1573,0.00039325,576,0.001152,13,2.6e-05,0.00157125,4.286959886550903
BenchmarkTest00068.java,0,CWE-330,CWE-330,1,0,1,0,0,0,1,0,0,0,1368,0.000342,576,0.001152,13,2.6e-05,0.00152,5.297536611557007
BenchmarkTest00069.java,0,CWE-328,,,,0,0,1,0,0,0,1,0,,,,,,,,
BenchmarkTest00070.java,0,CWE-328,CWE-916,0,0,1,0,0,0,1,0,0,0,1367,0.00034175,256,0.000512,13,2.6e-05,0.0008797499999999999,3.929349422454834
BenchmarkTest00071.java,0,CWE-328,CWE-916,0,0,1,0,0,0,1,0,0,0,1371,0.00034275,192,0.000384,13,2.6e-05,0.00075275,2.2743144035339355
BenchmarkTest00072.java,0,CWE-328,,,,0,0,1,0,0,0,1,0,,,,,,,,
BenchmarkTest00073.java,0,CWE-328,CWE-916,0,0,1,0,0,0,1,0,0,0,1354,0.0003385,192,0.000384,13,2.6e-05,0.0007485,3.6200459003448486
BenchmarkTest00074.java,0,CWE-328,,,,0,0,0,1,0,0,0,1,,,,,,,,
BenchmarkTest00075.java,0,CWE-328,,,,0,0,1,0,0,0,1,0,,,,,,,,
BenchmarkTest00076.java,0,CWE-328,,,,0,0,1,0,0,0,1,0,,,,,,,,
BenchmarkTest00077.java,0,CWE-78,CWE-78,1,0,1,0,0,0,1,0,0,0,1159,0.00028975,320,0.00064,13,2.6e-05,0.00095575,6.962321519851685
BenchmarkTest00078.java,0,CWE-330,CWE-330,1,0,1,0,0,0,1,0,0,0,1387,0.00034675,128,0.000256,13,2.6e-05,0.00062875,3.5591256618499756
BenchmarkTest00079.java,0,CWE-330,CWE-330,1,0,1,0,0,0,1,0,0,0,1437,0.00035925,192,0.000384,13,2.6e-05,0.00076925,3.270345687866211
BenchmarkTest00080.java,0,CWE-330,CWE-330,1,0,1,0,0,0,1,0,0,0,1350,0.0003375,256,0.000512,13,2.6e-05,0.0008755,2.7128100395202637
BenchmarkTest00081.java,0,CWE-330,CWE-330,1,0,1,0,0,0,1,0,0,0,1335,0.00033375,256,0.000512,13,2.6e-05,0.0008717499999999999,3.4110374450683594
BenchmarkTest00082.java,0,CWE-330,CWE-330,1,0,1,0,0,0,1,0,0,0,1346,0.0003365,448,0.000896,13,2.6e-05,0.0012585,4.636251926422119
BenchmarkTest00083.java,0,CWE-330,CWE-330,1,0,1,0,0,0,1,0,0,0,1362,0.0003405,128,0.000256,13,2.6e-05,0.0006225,2.099519968032837
BenchmarkTest00084.java,0,CWE-330,CWE-330,1,0,1,0,0,0,1,0,0,0,1344,0.000336,576,0.001152,13,2.6e-05,0.001514,5.211657524108887
BenchmarkTest00085.java,0,CWE-330,CWE-330,1,0,1,0,0,0,1,0,0,0,1403,0.00035075,192,0.000384,13,2.6e-05,0.0007607499999999999,2.339919328689575
BenchmarkTest00086.java,0,CWE-330,CWE-330,1,0,1,0,0,0,1,0,0,0,1359,0.00033975,192,0.000384,13,2.6e-05,0.00074975,2.702103853225708
BenchmarkTest00087.java,0,CWE-614,CWE-614,1,0,1,0,0,0,1,0,0,0,1150,0.0002875,320,0.00064,13,2.6e-05,0.0009535,3.5121312141418457
BenchmarkTest00088.java,0,CWE-614,,,,0,0,1,0,0,0,1,0,,,,,,,,
BenchmarkTest00089.java,0,CWE-614,,,,0,0,1,0,0,0,1,0,,,,,,,,
BenchmarkTest00090.java,0,CWE-78,,,,0,0,1,0,0,0,1,0,,,,,,,,
BenchmarkTest00091.java,0,CWE-78,CWE-78,1,0,1,0,0,0,1,0,0,0,984,0.000246,896,0.001792,13,2.6e-05,0.002064,11.2736337184906
BenchmarkTest00092.java,0,CWE-78,CWE-78,1,0,1,0,0,0,1,0,0,0,1076,0.000269,640,0.00128,13,2.6e-05,0.001575,4.715619325637817
BenchmarkTest00093.java,0,CWE-78,CWE-78,1,1,0,1,0,0,0,0,1,0,1125,0.00028125,768,0.001536,12,2.4e-05,0.00184125,7.574384927749634
BenchmarkTest00094.java,0,CWE-330,,,,0,0,1,0,0,0,1,0,,,,,,,,
BenchmarkTest00095.java,0,CWE-330,,,,0,0,1,0,0,0,1,0,,,,,,,,
BenchmarkTest00096.java,0,CWE-330,,,,0,0,1,0,0,0,1,0,,,,,,,,
BenchmarkTest00100.java,0,CWE-89,CWE-89,1,0,1,0,0,0,1,0,0,0,1109,0.00027725,256,0.000512,13,2.6e-05,0.00081525,3.06067156791687
BenchmarkTest00101.java,0,CWE-89,CWE-89,1,0,1,0,0,0,1,0,0,0,1063,0.00026575,320,0.00064,13,2.6e-05,0.0009317500000000001,3.412435293197632
BenchmarkTest00102.java,0,CWE-89,,,,0,0,0,1,0,0,0,1,,,,,,,,
BenchmarkTest00103.java,0,CWE-89,,,,0,0,0,1,0,0,0,1,,,,,,,,
BenchmarkTest00104.java,0,CWE-89,,,,0,0,1,0,0,0,1,0,,,,,,,,
BenchmarkTest00105.java,0,CWE-89,,,,0,0,1,0,0,0,1,0,,,,,,,,
BenchmarkTest00106.java,0,CWE-89,CWE-89,1,0,1,0,0,0,1,0,0,0,1046,0.0002615,256,0.000512,13,2.6e-05,0.0007995,4.317239046096802
BenchmarkTest00107.java,0,CWE-89,,,,0,0,1,0,0,0,1,0,,,,,,,,
BenchmarkTest00108.java,0,CWE-89,CWE-89,1,0,1,0,0,0,1,0,0,0,1079,0.00026975,256,0.000512,13,2.6e-05,0.00080775,2.7724056243896484
BenchmarkTest00109.java,0,CWE-89,CWE-89,1,0,1,0,0,0,1,0,0,0,1025,0.00025625,256,0.000512,13,2.6e-05,0.00079425,3.2782490253448486
BenchmarkTest00110.java,0,CWE-89,,,,0,0,1,0,0,0,1,0,,,,,,,,
BenchmarkTest00111.java,0,CWE-89,CWE-89,1,0,1,0,0,0,1,0,0,0,1041,0.00026025,256,0.000512,13,2.6e-05,0.0007982499999999999,2.808382749557495
BenchmarkTest00112.java,0,CWE-89,CWE-89,1,0,1,0,0,0,1,0,0,0,998,0.0002495,320,0.00064,13,2.6e-05,0.0009155000000000001,2.8473944664001465
BenchmarkTest00113.java,0,CWE-89,CWE-89,1,1,0,1,0,0,0,0,1,0,1072,0.000268,448,0.000896,12,2.4e-05,0.001188,4.455944776535034
BenchmarkTest00114.java,0,CWE-89,,,,0,0,1,0,0,0,1,0,,,,,,,,
BenchmarkTest00115.java,0,CWE-89,CWE-89,1,0,1,0,0,0,1,0,0,0,1066,0.0002665,256,0.000512,13,2.6e-05,0.0008045,3.188661813735962
BenchmarkTest00116.java,0,CWE-643,CWE-643,1,1,0,1,0,0,0,0,1,0,1233,0.00030825,320,0.00064,12,2.4e-05,0.0009722500000000001,3.5823652744293213
BenchmarkTest00117.java,0,CWE-643,,,,0,0,1,0,0,0,1,0,,,,,,,,
BenchmarkTest00118.java,0,CWE-643,,,,0,0,1,0,0,0,1,0,,,,,,,,
BenchmarkTest00119.java,0,CWE-327,CWE-327,1,0,1,0,0,0,1,0,0,0,1716,0.000429,128,0.000256,13,2.6e-05,0.000711,3.447603464126587
BenchmarkTest00120.java,0,CWE-327,CWE-327,1,0,1,0,0,0,1,0,0,0,1552,0.000388,192,0.000384,13,2.6e-05,0.000798,3.1074368953704834
BenchmarkTest00121.java,0,CWE-327,,,,0,0,1,0,0,0,1,0,,,,,,,,
BenchmarkTest00122.java,0,CWE-327,,,,0,0,1,0,0,0,1,0,,,,,,,,
BenchmarkTest00123.java,0,CWE-327,CWE-327,1,0,1,0,0,0,1,0,0,0,1212,0.000303,128,0.000256,13,2.6e-05,0.000585,3.169884204864502
BenchmarkTest00124.java,0,CWE-327,CWE-327,1,0,1,0,0,0,1,0,0,0,1231,0.00030775,64,0.000128,13,2.6e-05,0.00046175000000000003,2.7604711055755615
BenchmarkTest00125.java,0,CWE-327,CWE-327,1,0,1,0,0,0,1,0,0,0,1214,0.0003035,128,0.000256,13,2.6e-05,0.0005855,2.7462360858917236
BenchmarkTest00126.java,0,CWE-327,,,,0,0,1,0,0,0,1,0,,,,,,,,
BenchmarkTest00127.java,0,CWE-327,,,,0,0,1,0,0,0,1,0,,,,,,,,
BenchmarkTest00128.java,0,CWE-327,,,,0,0,1,0,0,0,1,0,,,,,,,,
BenchmarkTest00129.java,0,CWE-327,,,,0,0,1,0,0,0,1,0,,,,,,,,
BenchmarkTest00130.java,0,CWE-327,,,,0,0,1,0,0,0,1,0,,,,,,,,
BenchmarkTest00131.java,0,CWE-22,CWE-23,0,1,0,1,0,0,0,0,1,0,1211,0.00030275,320,0.00064,12,2.4e-05,0.00096675,4.128077745437622
BenchmarkTest00132.java,0,CWE-22,CWE-23,0,1,0,1,0,0,0,0,1,0,1364,0.000341,384,0.000768,12,2.4e-05,0.001133,4.121965169906616
BenchmarkTest00133.java,0,CWE-22,CWE-23,0,0,1,0,0,0,1,0,0,0,1252,0.000313,256,0.000512,13,2.6e-05,0.000851,2.847123146057129
BenchmarkTest00134.java,0,CWE-22,CWE-23,0,1,0,1,0,0,0,0,1,0,1200,0.0003,640,0.00128,12,2.4e-05,0.001604,6.6534504890441895
BenchmarkTest00135.java,0,CWE-22,CWE-23,0,1,0,1,0,0,0,0,1,0,1218,0.0003045,320,0.00064,12,2.4e-05,0.0009685000000000001,3.252821922302246
BenchmarkTest00136.java,0,CWE-22,CWE-23,0,1,0,1,0,0,0,0,1,0,1256,0.000314,256,0.000512,12,2.4e-05,0.00085,2.651360273361206
BenchmarkTest00137.java,0,CWE-22,CWE-23,0,1,0,1,0,0,0,0,1,0,1390,0.0003475,256,0.000512,12,2.4e-05,0.0008835000000000001,4.119680881500244
BenchmarkTest00138.java,0,CWE-90,,,,0,0,1,0,0,0,1,0,,,,,,,,
BenchmarkTest00139.java,0,CWE-90,,,,0,0,1,0,0,0,1,0,,,,,,,,
BenchmarkTest00140.java,0,CWE-330,CWE-330,1,0,1,0,0,0,1,0,0,0,1254,0.0003135,192,0.000384,13,2.6e-05,0.0007235,2.1623616218566895
BenchmarkTest00141.java,0,CWE-328,CWE-916,0,0,1,0,0,0,1,0,0,0,1267,0.00031675,192,0.000384,13,2.6e-05,0.00072675,2.6208388805389404
BenchmarkTest00142.java,0,CWE-328,,,,0,0,1,0,0,0,1,0,,,,,,,,
BenchmarkTest00143.java,0,CWE-328,,,,0,0,0,1,0,0,0,1,,,,,,,,
BenchmarkTest00144.java,0,CWE-79,CWE-79,1,0,1,0,0,0,1,0,0,0,1300,0.000325,384,0.000768,13,2.6e-05,0.001119,3.0829246044158936
BenchmarkTest00145.java,0,CWE-79,CWE-79,1,0,1,0,0,0,1,0,0,0,1322,0.0003305,384,0.000768,13,2.6e-05,0.0011245,5.563853740692139
BenchmarkTest00146.java,0,CWE-79,CWE-79,1,0,1,0,0,0,1,0,0,0,1293,0.00032325,640,0.00128,13,2.6e-05,0.00162925,6.264065504074097
BenchmarkTest00147.java,0,CWE-79,CWE-79,1,1,0,1,0,0,0,0,1,0,1308,0.000327,704,0.001408,12,2.4e-05,0.001759,5.271276950836182
BenchmarkTest00148.java,0,CWE-79,CWE-79,1,0,1,0,0,0,1,0,0,0,1274,0.0003185,512,0.001024,13,2.6e-05,0.0013685,4.6489341259002686
BenchmarkTest00149.java,0,CWE-79,CWE-79,1,0,1,0,0,0,1,0,0,0,1269,0.00031725,256,0.000512,13,2.6e-05,0.0008552499999999999,2.4066884517669678
BenchmarkTest00150.java,0,CWE-79,CWE-79,1,0,1,0,0,0,1,0,0,0,1279,0.00031975,512,0.001024,13,2.6e-05,0.0013697499999999999,5.140105724334717
BenchmarkTest00151.java,0,CWE-79,CWE-79,1,1,0,1,0,0,0,0,1,0,1301,0.00032525,768,0.001536,12,2.4e-05,0.00188525,5.416099786758423
BenchmarkTest00152.java,0,CWE-79,CWE-79,1,0,1,0,0,0,1,0,0,0,1314,0.0003285,512,0.001024,13,2.6e-05,0.0013785,4.700095891952515
BenchmarkTest00153.java,0,CWE-79,CWE-79,1,0,1,0,0,0,1,0,0,0,1304,0.000326,384,0.000768,13,2.6e-05,0.00112,3.5211598873138428
BenchmarkTest00154.java,0,CWE-79,CWE-79,1,0,1,0,0,0,1,0,0,0,1312,0.000328,320,0.00064,13,2.6e-05,0.000994,3.2718253135681152
BenchmarkTest00155.java,0,CWE-79,CWE-79,1,0,1,0,0,0,1,0,0,0,1250,0.0003125,192,0.000384,13,2.6e-05,0.0007225,2.6484594345092773
BenchmarkTest00156.java,0,CWE-79,CWE-79,1,0,1,0,0,0,1,0,0,0,1288,0.000322,448,0.000896,13,2.6e-05,0.0012439999999999999,5.167470455169678
BenchmarkTest00157.java,0,CWE-79,CWE-79,1,0,1,0,0,0,1,0,0,0,1248,0.000312,448,0.000896,13,2.6e-05,0.0012339999999999999,5.384728670120239
BenchmarkTest00158.java,0,CWE-78,,,,0,0,1,0,0,0,1,0,,,,,,,,
BenchmarkTest00159.java,0,CWE-78,CWE-78,1,0,1,0,0,0,1,0,0,0,948,0.000237,256,0.000512,13,2.6e-05,0.000775,4.284103870391846
BenchmarkTest00160.java,0,CWE-330,CWE-330,1,0,1,0,0,0,1,0,0,0,1255,0.00031375,192,0.000384,13,2.6e-05,0.00072375,3.449820041656494
BenchmarkTest00161.java,0,CWE-330,CWE-330,1,0,1,0,0,0,1,0,0,0,1326,0.0003315,640,0.00128,13,2.6e-05,0.0016375,7.185819387435913
BenchmarkTest00162.java,0,CWE-330,CWE-330,1,0,1,0,0,0,1,0,0,0,1183,0.00029575,640,0.00128,13,2.6e-05,0.00160175,6.8762171268463135
BenchmarkTest00163.java,0,CWE-330,CWE-330,1,0,1,0,0,0,1,0,0,0,1200,0.0003,192,0.000384,13,2.6e-05,0.0007099999999999999,3.9386534690856934
BenchmarkTest00164.java,0,CWE-330,CWE-330,1,0,1,0,0,0,1,0,0,0,1203,0.00030075,128,0.000256,13,2.6e-05,0.0005827499999999999,3.0612435340881348
BenchmarkTest00165.java,0,CWE-330,CWE-330,1,0,1,0,0,0,1,0,0,0,1200,0.0003,192,0.000384,13,2.6e-05,0.0007099999999999999,3.26371431350708
BenchmarkTest00166.java,0,CWE-330,CWE-330,1,0,1,0,0,0,1,0,0,0,1168,0.000292,704,0.001408,13,2.6e-05,0.0017259999999999999,6.84705924987793
BenchmarkTest00167.java,0,CWE-330,CWE-330,1,0,1,0,0,0,1,0,0,0,1216,0.000304,64,0.000128,13,2.6e-05,0.00045799999999999997,1.8421344757080078
BenchmarkTest00168.java,0,CWE-330,CWE-330,1,0,1,0,0,0,1,0,0,0,1202,0.0003005,640,0.00128,13,2.6e-05,0.0016065,5.478692531585693
BenchmarkTest00169.java,0,CWE-614,CWE-614,1,0,1,0,0,0,1,0,0,0,1024,0.000256,192,0.000384,13,2.6e-05,0.0006659999999999999,2.3943042755126953
BenchmarkTest00170.java,0,CWE-614,CWE-614,1,0,1,0,0,0,1,0,0,0,1196,0.000299,128,0.000256,13,2.6e-05,0.0005809999999999999,1.7310848236083984
BenchmarkTest00171.java,0,CWE-78,CWE-78,1,1,0,1,0,0,0,0,1,0,1103,0.00027575,320,0.00064,12,2.4e-05,0.0009397500000000002,2.902707576751709
BenchmarkTest00172.java,0,CWE-78,CWE-78,1,0,1,0,0,0,1,0,0,0,927,0.00023175,640,0.00128,13,2.6e-05,0.00153775,6.077758550643921
BenchmarkTest00173.java,0,CWE-78,CWE-78,1,0,1,0,0,0,1,0,0,0,908,0.000227,512,0.001024,13,2.6e-05,0.001277,4.045141696929932
BenchmarkTest00174.java,0,CWE-78,CWE-78,1,0,1,0,0,0,1,0,0,0,854,0.0002135,512,0.001024,13,2.6e-05,0.0012634999999999999,4.312997579574585
BenchmarkTest00175.java,0,CWE-78,CWE-78,1,1,0,1,0,0,0,0,1,0,923,0.00023075,448,0.000896,12,2.4e-05,0.0011507499999999999,3.9156181812286377
BenchmarkTest00176.java,0,CWE-78,CWE-78,1,0,1,0,0,0,1,0,0,0,914,0.0002285,640,0.00128,13,2.6e-05,0.0015345,4.596108675003052
BenchmarkTest00177.java,0,CWE-78,,,,0,0,1,0,0,0,1,0,,,,,,,,
BenchmarkTest00178.java,0,CWE-330,,,,0,0,1,0,0,0,1,0,,,,,,,,
BenchmarkTest00179.java,0,CWE-330,,,,0,0,1,0,0,0,1,0,,,,,,,,
BenchmarkTest00180.java,0,CWE-330,,,,0,0,1,0,0,0,1,0,,,,,,,,
BenchmarkTest00181.java,0,CWE-330,,,,0,0,1,0,0,0,1,0,,,,,,,,
BenchmarkTest00182.java,0,CWE-330,,,,0,0,1,0,0,0,1,0,,,,,,,,
BenchmarkTest00183.java,0,CWE-330,,,,0,0,1,0,0,0,1,0,,,,,,,,
BenchmarkTest00184.java,0,CWE-330,,,,0,0,1,0,0,0,1,0,,,,,,,,
BenchmarkTest00185.java,0,CWE-330,,,,0,0,1,0,0,0,1,0,,,,,,,,
BenchmarkTest00186.java,0,CWE-330,,,,0,0,1,0,0,0,1,0,,,,,,,,
BenchmarkTest00187.java,0,CWE-330,,,,0,0,1,0,0,0,1,0,,,,,,,,
BenchmarkTest00188.java,0,CWE-330,,,,0,0,1,0,0,0,1,0,,,,,,,,
BenchmarkTest00190.java,0,CWE-89,CWE-89,1,1,0,1,0,0,0,0,1,0,925,0.00023125,320,0.00064,12,2.4e-05,0.0008952500000000001,3.353649854660034
BenchmarkTest00191.java,0,CWE-89,CWE-89,1,1,0,1,0,0,0,0,1,0,938,0.0002345,256,0.000512,12,2.4e-05,0.0007705,3.2072651386260986
BenchmarkTest00192.java,0,CWE-89,CWE-89,1,0,1,0,0,0,1,0,0,0,934,0.0002335,256,0.000512,13,2.6e-05,0.0007714999999999999,2.860853433609009
BenchmarkTest00193.java,0,CWE-89,CWE-89,1,0,1,0,0,0,1,0,0,0,887,0.00022175,320,0.00064,13,2.6e-05,0.0008877500000000001,3.7913684844970703
BenchmarkTest00194.java,0,CWE-89,CWE-89,1,0,1,0,0,0,1,0,0,0,913,0.00022825,256,0.000512,13,2.6e-05,0.00076625,3.2856616973876953
BenchmarkTest00195.java,0,CWE-89,,,,0,0,0,1,0,0,0,1,,,,,,,,
BenchmarkTest00196.java,0,CWE-89,,,,0,0,0,1,0,0,0,1,,,,,,,,
BenchmarkTest00197.java,0,CWE-89,CWE-89,1,1,0,1,0,0,0,0,1,0,1080,0.00027,448,0.000896,12,2.4e-05,0.0011899999999999999,5.077622890472412
BenchmarkTest00198.java,0,CWE-89,,,,0,0,0,1,0,0,0,1,,,,,,,,
BenchmarkTest00199.java,0,CWE-89,,,,0,0,0,1,0,0,0,1,,,,,,,,
BenchmarkTest00200.java,0,CWE-89,CWE-89,1,1,0,1,0,0,0,0,1,0,933,0.00023325,512,0.001024,12,2.4e-05,0.0012812499999999998,5.968792915344238
BenchmarkTest00201.java,0,CWE-89,,,,0,0,1,0,0,0,1,0,,,,,,,,
BenchmarkTest00202.java,0,CWE-89,,,,0,0,1,0,0,0,1,0,,,,,,,,
BenchmarkTest00203.java,0,CWE-89,CWE-89,1,0,1,0,0,0,1,0,0,0,864,0.000216,320,0.00064,13,2.6e-05,0.000882,4.062419891357422
BenchmarkTest00204.java,0,CWE-89,CWE-89,1,0,1,0,0,0,1,0,0,0,862,0.0002155,192,0.000384,13,2.6e-05,0.0006255,3.743964433670044
BenchmarkTest00205.java,0,CWE-89,CWE-89,1,1,0,1,0,0,0,0,1,0,902,0.0002255,576,0.001152,12,2.4e-05,0.0014015,7.209862232208252
BenchmarkTest00206.java,0,CWE-89,,,,0,0,1,0,0,0,1,0,,,,,,,,
BenchmarkTest00207.java,0,CWE-643,CWE-643,1,0,1,0,0,0,1,0,0,0,937,0.00023425,256,0.000512,13,2.6e-05,0.0007722499999999999,4.164414167404175
BenchmarkTest00208.java,0,CWE-327,CWE-327,1,0,1,0,0,0,1,0,0,0,1644,0.000411,128,0.000256,13,2.6e-05,0.000693,3.0044054985046387
BenchmarkTest00209.java,0,CWE-327,,,,0,0,1,0,0,0,1,0,,,,,,,,
BenchmarkTest00210.java,0,CWE-327,CWE-327,1,0,1,0,0,0,1,0,0,0,1284,0.000321,128,0.000256,13,2.6e-05,0.000603,2.4681899547576904
BenchmarkTest00211.java,0,CWE-327,,,,0,0,1,0,0,0,1,0,,,,,,,,
BenchmarkTest00212.java,0,CWE-327,,,,0,0,1,0,0,0,1,0,,,,,,,,
BenchmarkTest00213.java,0,CWE-327,,,,0,0,1,0,0,0,1,0,,,,,,,,
BenchmarkTest00214.java,0,CWE-327,,,,0,0,1,0,0,0,1,0,,,,,,,,
BenchmarkTest00215.java,0,CWE-22,CWE-23,0,0,1,0,0,0,1,0,0,0,1195,0.00029875,1408,0.002816,13,2.6e-05,0.00314075,10.82290530204773
BenchmarkTest00216.java,0,CWE-22,CWE-23,0,1,1,0,0,0,0,0,0,1,1222,0.0003055,576,0.001152,12,2.4e-05,0.0014815,4.348804473876953
BenchmarkTest00217.java,0,CWE-22,,,,0,0,1,0,0,0,1,0,,,,,,,,
BenchmarkTest00218.java,0,CWE-22,CWE-23,0,0,1,0,0,0,1,0,0,0,1422,0.0003555,1344,0.002688,13,2.6e-05,0.0030694999999999997,9.929206371307373
BenchmarkTest00219.java,0,CWE-22,CWE-23,0,0,1,0,0,0,1,0,0,0,1360,0.00034,1024,0.002048,13,2.6e-05,0.002414,8.392434358596802
BenchmarkTest00220.java,0,CWE-22,,,,0,0,1,0,0,0,1,0,,,,,,,,
BenchmarkTest00221.java,0,CWE-22,,,,0,0,1,0,0,0,1,0,,,,,,,,
BenchmarkTest00222.java,0,CWE-22,CWE-23,0,1,1,0,0,0,0,0,0,1,1313,0.00032825,1024,0.002048,12,2.4e-05,0.00240025,7.848693609237671
BenchmarkTest00223.java,0,CWE-328,CWE-916,0,0,1,0,0,0,1,0,0,0,1375,0.00034375,192,0.000384,13,2.6e-05,0.00075375,2.2558841705322266
BenchmarkTest00224.java,0,CWE-328,,,,0,0,1,0,0,0,1,0,,,,,,,,
BenchmarkTest00225.java,0,CWE-328,,,,0,0,1,0,0,0,1,0,,,,,,,,
BenchmarkTest00226.java,0,CWE-328,,,,0,0,0,1,0,0,0,1,,,,,,,,
BenchmarkTest00227.java,0,CWE-328,,,,0,0,0,1,0,0,0,1,,,,,,,,
BenchmarkTest00228.java,0,CWE-328,,,,0,0,1,0,0,0,1,0,,,,,,,,
BenchmarkTest00229.java,0,CWE-328,,,,0,0,1,0,0,0,1,0,,,,,,,,
BenchmarkTest00230.java,0,CWE-330,CWE-330,1,0,1,0,0,0,1,0,0,0,1297,0.00032425,128,0.000256,13,2.6e-05,0.00060625,1.9661455154418945
BenchmarkTest00231.java,0,CWE-330,CWE-330,1,0,1,0,0,0,1,0,0,0,1314,0.0003285,640,0.00128,13,2.6e-05,0.0016345,5.558034181594849
BenchmarkTest00232.java,0,CWE-330,CWE-330,1,0,1,0,0,0,1,0,0,0,1329,0.00033225,192,0.000384,13,2.6e-05,0.0007422500000000001,2.4466466903686523
BenchmarkTest00233.java,0,CWE-330,CWE-330,1,0,1,0,0,0,1,0,0,0,1251,0.00031275,512,0.001024,13,2.6e-05,0.0013627499999999998,4.745314598083496
BenchmarkTest00234.java,0,CWE-330,CWE-330,1,0,1,0,0,0,1,0,0,0,1327,0.00033175,128,0.000256,13,2.6e-05,0.0006137499999999999,2.207651138305664
BenchmarkTest00235.java,0,CWE-330,CWE-330,1,0,1,0,0,0,1,0,0,0,1251,0.00031275,192,0.000384,13,2.6e-05,0.00072275,2.38869309425354
BenchmarkTest00236.java,0,CWE-330,CWE-330,1,0,1,0,0,0,1,0,0,0,1260,0.000315,192,0.000384,13,2.6e-05,0.000725,3.4172849655151367
BenchmarkTest00237.java,0,CWE-330,CWE-330,1,0,1,0,0,0,1,0,0,0,1312,0.000328,512,0.001024,13,2.6e-05,0.0013779999999999999,4.430646657943726
BenchmarkTest00238.java,0,CWE-330,CWE-330,1,0,1,0,0,0,1,0,0,0,1267,0.00031675,896,0.001792,13,2.6e-05,0.00213475,7.7825093269348145
BenchmarkTest00239.java,0,CWE-330,CWE-330,1,0,1,0,0,0,1,0,0,0,1440,0.00036,128,0.000256,13,2.6e-05,0.000642,8.273757934570312
BenchmarkTest00240.java,0,CWE-330,CWE-330,1,0,1,0,0,0,1,0,0,0,1253,0.00031325,896,0.001792,13,2.6e-05,0.00213125,8.63426661491394
BenchmarkTest00241.java,0,CWE-614,CWE-614,1,0,1,0,0,0,1,0,0,0,1047,0.00026175,192,0.000384,13,2.6e-05,0.00067175,3.8637146949768066
BenchmarkTest00242.java,0,CWE-614,,,,0,0,1,0,0,0,1,0,,,,,,,,
BenchmarkTest00243.java,0,CWE-330,,,,0,0,1,0,0,0,1,0,,,,,,,,
BenchmarkTest00244.java,0,CWE-330,,,,0,0,1,0,0,0,1,0,,,,,,,,
BenchmarkTest00245.java,0,CWE-330,CWE-330,1,1,0,1,0,0,0,0,1,0,1556,0.000389,448,0.000896,12,2.4e-05,0.001309,4.965732097625732
BenchmarkTest00246.java,0,CWE-330,,,,0,0,1,0,0,0,1,0,,,,,,,,
BenchmarkTest00247.java,0,CWE-330,,,,0,0,1,0,0,0,1,0,,,,,,,,
BenchmarkTest00248.java,0,CWE-330,,,,0,0,1,0,0,0,1,0,,,,,,,,
BenchmarkTest00249.java,0,CWE-330,,,,0,0,1,0,0,0,1,0,,,,,,,,
BenchmarkTest00254.java,0,CWE-327,CWE-327,1,0,1,0,0,0,1,0,0,0,1553,0.00038825,128,0.000256,13,2.6e-05,0.00067025,3.6756880283355713
BenchmarkTest00255.java,0,CWE-327,,,,0,0,1,0,0,0,1,0,,,,,,,,
BenchmarkTest00256.java,0,CWE-327,CWE-327,1,0,1,0,0,0,1,0,0,0,1631,0.00040775,128,0.000256,13,2.6e-05,0.00068975,2.8973968029022217
BenchmarkTest00257.java,0,CWE-327,CWE-327,1,0,1,0,0,0,1,0,0,0,1596,0.000399,128,0.000256,13,2.6e-05,0.000681,2.6219708919525146
BenchmarkTest00258.java,0,CWE-327,CWE-327,1,0,1,0,0,0,1,0,0,0,1577,0.00039425,128,0.000256,13,2.6e-05,0.00067625,2.2248408794403076
BenchmarkTest00259.java,0,CWE-327,,,,0,0,1,0,0,0,1,0,,,,,,,,
BenchmarkTest00260.java,0,CWE-327,,,,0,0,1,0,0,0,1,0,,,,,,,,
BenchmarkTest00261.java,0,CWE-22,,,,0,0,1,0,0,0,1,0,,,,,,,,
BenchmarkTest00262.java,0,CWE-22,CWE-23,0,0,1,0,0,0,1,0,0,0,1230,0.0003075,448,0.000896,13,2.6e-05,0.0012295,4.284709453582764
BenchmarkTest00263.java,0,CWE-22,CWE-23,0,1,0,1,0,0,0,0,1,0,1376,0.000344,256,0.000512,12,2.4e-05,0.00088,2.8032989501953125
BenchmarkTest00264.java,0,CWE-22,CWE-23,0,0,1,0,0,0,1,0,0,0,1324,0.000331,256,0.000512,13,2.6e-05,0.000869,2.5377845764160156
BenchmarkTest00265.java,0,CWE-22,CWE-23,0,1,0,1,0,0,0,0,1,0,1251,0.00031275,384,0.000768,12,2.4e-05,0.00110475,3.2028229236602783
BenchmarkTest00266.java,0,CWE-328,CWE-916,0,0,1,0,0,0,1,0,0,0,1338,0.0003345,256,0.000512,13,2.6e-05,0.0008725,2.6736927032470703
BenchmarkTest00267.java,0,CWE-328,CWE-916,0,0,1,0,0,0,1,0,0,0,1273,0.00031825,256,0.000512,13,2.6e-05,0.00085625,2.2336697578430176
BenchmarkTest00268.java,0,CWE-328,CWE-916,0,0,1,0,0,0,1,0,0,0,1230,0.0003075,256,0.000512,13,2.6e-05,0.0008454999999999999,2.833117961883545
BenchmarkTest00269.java,0,CWE-328,CWE-916,0,0,1,0,0,0,1,0,0,0,1236,0.000309,384,0.000768,13,2.6e-05,0.001103,3.610017776489258
BenchmarkTest00270.java,0,CWE-328,,,,0,0,1,0,0,0,1,0,,,,,,,,
BenchmarkTest00271.java,0,CWE-328,,,,0,0,1,0,0,0,1,0,,,,,,,,
BenchmarkTest00272.java,0,CWE-328,CWE-916,0,0,1,0,0,0,1,0,0,0,1227,0.00030675,192,0.000384,13,2.6e-05,0.0007167499999999999,2.742680311203003
BenchmarkTest00273.java,0,CWE-328,,,,0,0,0,1,0,0,0,1,,,,,,,,
BenchmarkTest00274.java,0,CWE-328,,,,0,0,0,1,0,0,0,1,,,,,,,,
BenchmarkTest00275.java,0,CWE-79,,,,0,0,1,0,0,0,1,0,,,,,,,,
BenchmarkTest00276.java,0,CWE-79,CWE-79,1,0,1,0,0,0,1,0,0,0,1260,0.000315,384,0.000768,13,2.6e-05,0.001109,5.153188705444336
BenchmarkTest00277.java,0,CWE-79,,,,0,0,1,0,0,0,1,0,,,,,,,,
BenchmarkTest00278.java,0,CWE-79,,,,0,0,1,0,0,0,1,0,,,,,,,,
BenchmarkTest00279.java,0,CWE-79,CWE-79,1,0,1,0,0,0,1,0,0,0,1294,0.0003235,512,0.001024,13,2.6e-05,0.0013735,5.595773458480835
BenchmarkTest00280.java,0,CWE-79,CWE-79,1,0,1,0,0,0,1,0,0,0,1323,0.00033075,576,0.001152,13,2.6e-05,0.00150875,5.851819038391113
BenchmarkTest00281.java,0,CWE-79,,,,0,0,1,0,0,0,1,0,,,,,,,,
BenchmarkTest00282.java,0,CWE-79,,,,0,0,1,0,0,0,1,0,,,,,,,,
BenchmarkTest00283.java,0,CWE-79,,,,0,0,1,0,0,0,1,0,,,,,,,,
BenchmarkTest00284.java,0,CWE-79,CWE-79,1,0,1,0,0,0,1,0,0,0,1231,0.00030775,256,0.000512,13,2.6e-05,0.0008457499999999999,2.5626919269561768
BenchmarkTest00285.java,0,CWE-79,,,,0,0,1,0,0,0,1,0,,,,,,,,
BenchmarkTest00286.java,0,CWE-79,,,,0,0,1,0,0,0,1,0,,,,,,,,
BenchmarkTest00287.java,0,CWE-79,CWE-79,1,0,1,0,0,0,1,0,0,0,1262,0.0003155,384,0.000768,13,2.6e-05,0.0011095,3.2673468589782715
BenchmarkTest00288.java,0,CWE-79,CWE-79,1,1,0,1,0,0,0,0,1,0,1362,0.0003405,256,0.000512,12,2.4e-05,0.0008765,2.6770007610321045
BenchmarkTest00289.java,0,CWE-79,,,,0,0,1,0,0,0,1,0,,,,,,,,
BenchmarkTest00290.java,0,CWE-79,CWE-79,1,0,1,0,0,0,1,0,0,0,1254,0.0003135,320,0.00064,13,2.6e-05,0.0009795000000000001,3.1645917892456055
BenchmarkTest00291.java,0,CWE-79,CWE-79,1,0,1,0,0,0,1,0,0,0,1263,0.00031575,128,0.000256,13,2.6e-05,0.00059775,2.017983913421631
BenchmarkTest00292.java,0,CWE-79,CWE-79,1,0,1,0,0,0,1,0,0,0,1291,0.00032275,512,0.001024,13,2.6e-05,0.0013727499999999998,6.31535530090332
BenchmarkTest00293.java,0,CWE-78,CWE-78,1,0,1,0,0,0,1,0,0,0,977,0.00024425,320,0.00064,13,2.6e-05,0.00091025,6.2320146560668945
BenchmarkTest00294.java,0,CWE-78,CWE-78,1,0,1,0,0,0,1,0,0,0,960,0.00024,320,0.00064,14,2.8e-05,0.0009080000000000001,5.329061269760132
BenchmarkTest00295.java,0,CWE-78,CWE-78,1,0,1,0,0,0,1,0,0,0,963,0.00024075,320,0.00064,13,2.6e-05,0.00090675,5.87056565284729
BenchmarkTest00296.java,0,CWE-330,CWE-330,1,0,1,0,0,0,1,0,0,0,1218,0.0003045,192,0.000384,13,2.6e-05,0.0007145,184.43038988113403
BenchmarkTest00297.java,0,CWE-330,CWE-330,1,0,1,0,0,0,1,0,0,0,1215,0.00030375,128,0.000256,13,2.6e-05,0.0005857499999999999,3.931180000305176
BenchmarkTest00298.java,0,CWE-330,CWE-330,1,0,1,0,0,0,1,0,0,0,1219,0.00030475,192,0.000384,13,2.6e-05,0.00071475,4.617518663406372
BenchmarkTest00299.java,0,CWE-330,CWE-330,1,0,1,0,0,0,1,0,0,0,1209,0.00030225,576,0.001152,13,2.6e-05,0.00148025,6.337580919265747
BenchmarkTest00300.java,0,CWE-614,CWE-614,1,0,1,0,0,0,1,0,0,0,1014,0.0002535,192,0.000384,13,2.6e-05,0.0006635,2.0888633728027344
BenchmarkTest00301.java,0,CWE-79,CWE-79,1,0,1,0,0,0,1,0,0,0,1322,0.0003305,128,0.000256,13,2.6e-05,0.0006125,1.8789393901824951
BenchmarkTest00302.java,0,CWE-78,CWE-78,1,0,1,0,0,0,1,0,0,0,929,0.00023225,576,0.001152,13,2.6e-05,0.00141025,5.536688804626465
BenchmarkTest00303.java,0,CWE-78,CWE-78,1,0,1,0,0,0,1,0,0,0,1048,0.000262,640,0.00128,13,2.6e-05,0.0015680000000000002,5.764788866043091
BenchmarkTest00304.java,0,CWE-78,CWE-78,1,0,1,0,0,0,1,0,0,0,1078,0.0002695,704,0.001408,13,2.6e-05,0.0017035,6.312155246734619
BenchmarkTest00305.java,0,CWE-78,,,,0,0,1,0,0,0,1,0,,,,,,,,
BenchmarkTest00306.java,0,CWE-78,CWE-78,1,0,1,0,0,0,1,0,0,0,887,0.00022175,448,0.000896,13,2.6e-05,0.00114375,4.296511650085449
BenchmarkTest00307.java,0,CWE-78,CWE-78,1,1,0,1,0,0,0,0,1,0,984,0.000246,576,0.001152,12,2.4e-05,0.0014219999999999999,4.3957061767578125
BenchmarkTest00308.java,0,CWE-78,,,,0,0,1,0,0,0,1,0,,,,,,,,
BenchmarkTest00309.java,0,CWE-78,CWE-78,1,1,0,1,0,0,0,0,1,0,940,0.000235,256,0.000512,12,2.4e-05,0.000771,3.820894479751587
BenchmarkTest00310.java,0,CWE-78,CWE-78,1,1,0,1,0,0,0,0,1,0,1012,0.000253,576,0.001152,12,2.4e-05,0.001429,5.416790246963501
BenchmarkTest00311.java,0,CWE-78,CWE-78,1,0,1,0,0,0,1,0,0,0,941,0.00023525,576,0.001152,13,2.6e-05,0.00141325,6.12658429145813
BenchmarkTest00312.java,0,CWE-330,,,,0,0,1,0,0,0,1,0,,,,,,,,
BenchmarkTest00313.java,0,CWE-330,CWE-330,1,1,0,1,0,0,0,0,1,0,1308,0.000327,768,0.001536,12,2.4e-05,0.001887,6.192767143249512
BenchmarkTest00314.java,0,CWE-330,CWE-330,1,1,0,1,0,0,0,0,1,0,1317,0.00032925,640,0.00128,12,2.4e-05,0.00163325,4.683544397354126
BenchmarkTest00315.java,0,CWE-330,,,,0,0,1,0,0,0,1,0,,,,,,,,
BenchmarkTest00316.java,0,CWE-330,,,,0,0,1,0,0,0,1,0,,,,,,,,
BenchmarkTest00317.java,0,CWE-330,,,,0,0,1,0,0,0,1,0,,,,,,,,
BenchmarkTest00318.java,0,CWE-330,,,,0,0,1,0,0,0,1,0,,,,,,,,
BenchmarkTest00319.java,0,CWE-330,,,,0,0,1,0,0,0,1,0,,,,,,,,
BenchmarkTest00320.java,0,CWE-330,,,,0,0,1,0,0,0,1,0,,,,,,,,
BenchmarkTest00328.java,0,CWE-89,CWE-89,1,0,1,0,0,0,1,0,0,0,872,0.000218,256,0.000512,13,2.6e-05,0.0007559999999999999,3.315167188644409
BenchmarkTest00329.java,0,CWE-89,,,,0,0,1,0,0,0,1,0,,,,,,,,
BenchmarkTest00330.java,0,CWE-89,,,,0,0,1,0,0,0,1,0,,,,,,,,
BenchmarkTest00331.java,0,CWE-89,CWE-89,1,1,0,1,0,0,0,0,1,0,954,0.0002385,320,0.00064,12,2.4e-05,0.0009025000000000001,3.344858407974243
BenchmarkTest00332.java,0,CWE-89,,,,0,0,1,0,0,0,1,0,,,,,,,,
BenchmarkTest00333.java,0,CWE-89,,,,0,0,1,0,0,0,1,0,,,,,,,,
BenchmarkTest00334.java,0,CWE-89,,,,0,0,1,0,0,0,1,0,,,,,,,,
BenchmarkTest00335.java,0,CWE-89,CWE-89,1,0,1,0,0,0,1,0,0,0,902,0.0002255,192,0.000384,13,2.6e-05,0.0006355,4.473090887069702
BenchmarkTest00336.java,0,CWE-89,,,,0,0,1,0,0,0,1,0,,,,,,,,
BenchmarkTest00337.java,0,CWE-89,,,,0,0,0,1,0,0,0,1,,,,,,,,
BenchmarkTest00338.java,0,CWE-89,,,,0,0,1,0,0,0,1,0,,,,,,,,
BenchmarkTest00339.java,0,CWE-89,,,,0,0,0,1,0,0,0,1,,,,,,,,
BenchmarkTest00340.java,0,CWE-89,CWE-89,1,1,0,1,0,0,0,0,1,0,963,0.00024075,256,0.000512,12,2.4e-05,0.00077675,3.9803555011749268
BenchmarkTest00341.java,0,CWE-89,CWE-89,1,0,1,0,0,0,1,0,0,0,908,0.000227,128,0.000256,13,2.6e-05,0.000509,4.43769645690918
BenchmarkTest00342.java,0,CWE-89,CWE-89,1,0,1,0,0,0,1,0,0,0,906,0.0002265,256,0.000512,13,2.6e-05,0.0007645,5.6860809326171875
BenchmarkTest00343.java,0,CWE-89,,,,0,0,1,0,0,0,1,0,,,,,,,,
BenchmarkTest00344.java,0,CWE-89,,,,0,0,1,0,0,0,1,0,,,,,,,,
BenchmarkTest00345.java,0,CWE-327,,,,0,0,1,0,0,0,1,0,,,,,,,,
BenchmarkTest00346.java,0,CWE-328,CWE-916,0,0,1,0,0,0,1,0,0,0,1207,0.00030175,192,0.000384,13,2.6e-05,0.0007117499999999999,4.307352542877197
BenchmarkTest00347.java,0,CWE-330,CWE-330,1,0,1,0,0,0,1,0,0,0,1139,0.00028475,1280,0.00256,13,2.6e-05,0.00287075,11.813010692596436
BenchmarkTest00348.java,0,CWE-614,CWE-614,1,0,1,0,0,0,1,0,0,0,926,0.0002315,128,0.000256,13,2.6e-05,0.0005135,1.6607415676116943
BenchmarkTest00349.java,0,CWE-330,,,,0,0,1,0,0,0,1,0,,,,,,,,
BenchmarkTest00350.java,0,CWE-327,,,,0,0,1,0,0,0,1,0,,,,,,,,
BenchmarkTest00351.java,0,CWE-327,,,,0,0,1,0,0,0,1,0,,,,,,,,
BenchmarkTest00352.java,0,CWE-327,,,,0,0,1,0,0,0,1,0,,,,,,,,
BenchmarkTest00353.java,0,CWE-327,,,,0,0,1,0,0,0,1,0,,,,,,,,
BenchmarkTest00354.java,0,CWE-327,CWE-327,1,0,1,0,0,0,1,0,0,0,1203,0.00030075,256,0.000512,13,2.6e-05,0.00083875,3.1927449703216553
BenchmarkTest00355.java,0,CWE-327,CWE-327,1,0,1,0,0,0,1,0,0,0,1378,0.0003445,320,0.00064,13,2.6e-05,0.0010105000000000001,3.3847901821136475
BenchmarkTest00356.java,0,CWE-327,CWE-327,1,0,1,0,0,0,1,0,0,0,1191,0.00029775,256,0.000512,13,2.6e-05,0.0008357499999999999,3.3064513206481934
BenchmarkTest00357.java,0,CWE-327,,,,0,0,1,0,0,0,1,0,,,,,,,,
BenchmarkTest00358.java,0,CWE-327,,,,0,0,1,0,0,0,1,0,,,,,,,,
BenchmarkTest00359.java,0,CWE-22,CWE-23,0,0,1,0,0,0,1,0,0,0,1134,0.0002835,320,0.00064,13,2.6e-05,0.0009495,2.9501380920410156
BenchmarkTest00360.java,0,CWE-22,CWE-23,0,0,1,0,0,0,1,0,0,0,1299,0.00032475,576,0.001152,13,2.6e-05,0.00150275,4.281189918518066
BenchmarkTest00361.java,0,CWE-22,CWE-23,0,1,0,1,0,0,0,0,1,0,1283,0.00032075,256,0.000512,12,2.4e-05,0.00085675,2.973783016204834
BenchmarkTest00362.java,0,CWE-22,CWE-23,0,0,1,0,0,0,1,0,0,0,1148,0.000287,192,0.000384,13,2.6e-05,0.0006969999999999999,1.9660003185272217
BenchmarkTest00363.java,0,CWE-22,CWE-23,0,0,1,0,0,0,1,0,0,0,1109,0.00027725,448,0.000896,13,2.6e-05,0.00119925,3.5878653526306152
BenchmarkTest00364.java,0,CWE-22,CWE-23,0,1,0,1,0,0,0,0,1,0,1216,0.000304,320,0.00064,12,2.4e-05,0.0009680000000000001,4.493069410324097
BenchmarkTest00365.java,0,CWE-22,CWE-23,0,1,0,1,0,0,0,0,1,0,1370,0.0003425,256,0.000512,12,2.4e-05,0.0008785,3.0387985706329346
BenchmarkTest00366.java,0,CWE-22,CWE-23,0,1,0,1,0,0,0,0,1,0,1350,0.0003375,256,0.000512,12,2.4e-05,0.0008735,2.563786029815674
BenchmarkTest00367.java,0,CWE-90,,,,0,0,1,0,0,0,1,0,,,,,,,,
BenchmarkTest00368.java,0,CWE-330,CWE-330,1,0,1,0,0,0,1,0,0,0,1174,0.0002935,192,0.000384,13,2.6e-05,0.0007034999999999999,2.2648515701293945
BenchmarkTest00369.java,0,CWE-330,CWE-330,1,0,1,0,0,0,1,0,0,0,1199,0.00029975,192,0.000384,13,2.6e-05,0.00070975,2.9919471740722656
BenchmarkTest00370.java,0,CWE-328,,,,0,0,1,0,0,0,1,0,,,,,,,,
BenchmarkTest00371.java,0,CWE-328,CWE-916,0,0,1,0,0,0,1,0,0,0,1197,0.00029925,256,0.000512,13,2.6e-05,0.0008372499999999999,2.823603868484497
BenchmarkTest00372.java,0,CWE-328,CWE-916,0,0,1,0,0,0,1,0,0,0,1124,0.000281,256,0.000512,13,2.6e-05,0.000819,2.229747772216797
BenchmarkTest00373.java,0,CWE-328,,,,0,0,1,0,0,0,1,0,,,,,,,,
BenchmarkTest00374.java,0,CWE-328,,,,0,0,0,1,0,0,0,1,,,,,,,,
BenchmarkTest00375.java,0,CWE-79,CWE-79,1,0,1,0,0,0,1,0,0,0,1226,0.0003065,384,0.000768,13,2.6e-05,0.0011005,3.828148126602173
BenchmarkTest00376.java,0,CWE-79,CWE-79,1,0,1,0,0,0,1,0,0,0,1246,0.0003115,320,0.00064,13,2.6e-05,0.0009775,3.691437244415283
BenchmarkTest00377.java,0,CWE-79,CWE-79,1,1,0,1,0,0,0,0,1,0,1283,0.00032075,640,0.00128,12,2.4e-05,0.0016247500000000001,7.735790014266968
BenchmarkTest00378.java,0,CWE-79,CWE-79,1,0,1,0,0,0,1,0,0,0,1230,0.0003075,320,0.00064,13,2.6e-05,0.0009735,4.200892448425293
BenchmarkTest00379.java,0,CWE-79,,,,0,0,1,0,0,0,1,0,,,,,,,,
BenchmarkTest00380.java,0,CWE-79,CWE-79,1,0,1,0,0,0,1,0,0,0,1286,0.0003215,256,0.000512,13,2.6e-05,0.0008595,3.311755418777466
BenchmarkTest00381.java,0,CWE-79,,,,0,0,1,0,0,0,1,0,,,,,,,,
BenchmarkTest00382.java,0,CWE-79,CWE-79,1,0,1,0,0,0,1,0,0,0,1275,0.00031875,384,0.000768,13,2.6e-05,0.00111275,4.4733195304870605
BenchmarkTest00383.java,0,CWE-79,CWE-79,1,0,1,0,0,0,1,0,0,0,1432,0.000358,1280,0.00256,13,2.6e-05,0.002944,11.919816970825195
BenchmarkTest00384.java,0,CWE-79,CWE-79,1,0,1,0,0,0,1,0,0,0,1238,0.0003095,384,0.000768,13,2.6e-05,0.0011034999999999999,3.8436758518218994
BenchmarkTest00385.java,0,CWE-79,CWE-79,1,0,1,0,0,0,1,0,0,0,1437,0.00035925,512,0.001024,13,2.6e-05,0.00140925,4.639127731323242
BenchmarkTest00386.java,0,CWE-79,CWE-79,1,1,0,1,0,0,0,0,1,0,1317,0.00032925,256,0.000512,12,2.4e-05,0.00086525,2.9007415771484375
BenchmarkTest00387.java,0,CWE-79,CWE-79,1,0,1,0,0,0,1,0,0,0,1226,0.0003065,256,0.000512,13,2.6e-05,0.0008445,3.0538723468780518
BenchmarkTest00388.java,0,CWE-79,CWE-79,1,0,1,0,0,0,1,0,0,0,1220,0.000305,192,0.000384,13,2.6e-05,0.0007149999999999999,3.3361124992370605
BenchmarkTest00389.java,0,CWE-79,,,,0,0,1,0,0,0,1,0,,,,,,,,
BenchmarkTest00390.java,0,CWE-79,CWE-79,1,0,1,0,0,0,1,0,0,0,1242,0.0003105,192,0.000384,13,2.6e-05,0.0007205,2.727989912033081
BenchmarkTest00391.java,0,CWE-79,,,,0,0,1,0,0,0,1,0,,,,,,,,
BenchmarkTest00392.java,0,CWE-79,CWE-79,1,0,1,0,0,0,1,0,0,0,1281,0.00032025,640,0.00128,13,2.6e-05,0.00162625,5.443717002868652
BenchmarkTest00393.java,0,CWE-79,,,,0,0,1,0,0,0,1,0,,,,,,,,
BenchmarkTest00394.java,0,CWE-79,CWE-79,1,1,0,1,0,0,0,0,1,0,1294,0.0003235,512,0.001024,12,2.4e-05,0.0013714999999999999,4.452163457870483
BenchmarkTest00395.java,0,CWE-79,CWE-79,1,0,1,0,0,0,1,0,0,0,1236,0.000309,192,0.000384,14,2.8e-05,0.0007210000000000001,2.5469515323638916
BenchmarkTest00396.java,0,CWE-78,,,,0,0,1,0,0,0,1,0,,,,,,,,
BenchmarkTest00397.java,0,CWE-330,CWE-330,1,0,1,0,0,0,1,0,0,0,1204,0.000301,128,0.000256,13,2.6e-05,0.000583,1.7362184524536133
BenchmarkTest00398.java,0,CWE-330,CWE-330,1,0,1,0,0,0,1,0,0,0,1268,0.000317,192,0.000384,13,2.6e-05,0.000727,2.484769582748413
BenchmarkTest00399.java,0,CWE-330,CWE-330,1,0,1,0,0,0,1,0,0,0,1402,0.0003505,320,0.00064,13,2.6e-05,0.0010165,3.224236011505127
BenchmarkTest00400.java,0,CWE-330,CWE-330,1,0,1,0,0,0,1,0,0,0,1264,0.000316,576,0.001152,13,2.6e-05,0.001494,5.37989354133606
BenchmarkTest00401.java,0,CWE-330,CWE-330,1,0,1,0,0,0,1,0,0,0,1199,0.00029975,832,0.001664,13,2.6e-05,0.0019897499999999998,16.887990474700928
BenchmarkTest00402.java,0,CWE-330,CWE-330,1,0,1,0,0,0,1,0,0,0,1201,0.00030025,192,0.000384,13,2.6e-05,0.0007102499999999999,2.036893606185913
BenchmarkTest00403.java,0,CWE-614,CWE-614,1,0,1,0,0,0,1,0,0,0,963,0.00024075,320,0.00064,13,2.6e-05,0.00090675,4.122536897659302
BenchmarkTest00404.java,0,CWE-614,,,,0,0,1,0,0,0,1,0,,,,,,,,
BenchmarkTest00405.java,0,CWE-614,,,,0,0,1,0,0,0,1,0,,,,,,,,
BenchmarkTest00406.java,0,CWE-78,,,,0,0,1,0,0,0,1,0,,,,,,,,
BenchmarkTest00407.java,0,CWE-78,CWE-78,1,0,1,0,0,0,1,0,0,0,1030,0.0002575,512,0.001024,13,2.6e-05,0.0013075,3.995919704437256
BenchmarkTest00408.java,0,CWE-78,,,,0,0,1,0,0,0,1,0,,,,,,,,
BenchmarkTest00409.java,0,CWE-78,CWE-78,1,0,1,0,0,0,1,0,0,0,1070,0.0002675,704,0.001408,13,2.6e-05,0.0017014999999999999,5.708505392074585
BenchmarkTest00410.java,0,CWE-78,CWE-78,1,1,0,1,0,0,0,0,1,0,898,0.0002245,384,0.000768,12,2.4e-05,0.0010165,5.3727147579193115
BenchmarkTest00411.java,0,CWE-78,,,,0,0,1,0,0,0,1,0,,,,,,,,
BenchmarkTest00412.java,0,CWE-78,CWE-78,1,1,0,1,0,0,0,0,1,0,878,0.0002195,512,0.001024,12,2.4e-05,0.0012675,5.347175121307373
BenchmarkTest00413.java,0,CWE-330,,,,0,0,1,0,0,0,1,0,,,,,,,,
BenchmarkTest00414.java,0,CWE-330,,,,0,0,1,0,0,0,1,0,,,,,,,,
BenchmarkTest00415.java,0,CWE-330,,,,0,0,1,0,0,0,1,0,,,,,,,,
BenchmarkTest00416.java,0,CWE-330,,,,0,0,1,0,0,0,1,0,,,,,,,,
BenchmarkTest00417.java,0,CWE-330,,,,0,0,1,0,0,0,1,0,,,,,,,,
BenchmarkTest00418.java,0,CWE-330,,,,0,0,1,0,0,0,1,0,,,,,,,,
BenchmarkTest00419.java,0,CWE-330,,,,0,0,1,0,0,0,1,0,,,,,,,,
BenchmarkTest00420.java,0,CWE-330,,,,0,0,1,0,0,0,1,0,,,,,,,,
BenchmarkTest00421.java,0,CWE-330,,,,0,0,1,0,0,0,1,0,,,,,,,,
BenchmarkTest00422.java,0,CWE-330,,,,0,0,1,0,0,0,1,0,,,,,,,,
BenchmarkTest00423.java,0,CWE-330,,,,0,0,1,0,0,0,1,0,,,,,,,,
BenchmarkTest00428.java,0,CWE-89,CWE-89,1,0,1,0,0,0,1,0,0,0,882,0.0002205,320,0.00064,13,2.6e-05,0.0008865,4.303051948547363
BenchmarkTest00429.java,0,CWE-89,CWE-89,1,0,1,0,0,0,1,0,0,0,887,0.00022175,256,0.000512,13,2.6e-05,0.00075975,4.089433193206787
BenchmarkTest00430.java,0,CWE-89,,,,0,0,1,0,0,0,1,0,,,,,,,,
BenchmarkTest00431.java,0,CWE-89,CWE-89,1,0,1,0,0,0,1,0,0,0,1014,0.0002535,192,0.000384,13,2.6e-05,0.0006635,3.4898886680603027
BenchmarkTest00432.java,0,CWE-89,,,,0,0,1,0,0,0,1,0,,,,,,,,
BenchmarkTest00433.java,0,CWE-89,,,,0,0,0,1,0,0,0,1,,,,,,,,
BenchmarkTest00434.java,0,CWE-89,CWE-89,1,0,1,0,0,0,1,0,0,0,864,0.000216,256,0.000512,13,2.6e-05,0.0007539999999999999,3.4587457180023193
BenchmarkTest00435.java,0,CWE-89,CWE-89,1,0,1,0,0,0,1,0,0,0,893,0.00022325,128,0.000256,13,2.6e-05,0.00050525,1.7637405395507812
BenchmarkTest00436.java,0,CWE-89,,,,0,0,1,0,0,0,1,0,,,,,,,,
BenchmarkTest00437.java,0,CWE-89,,,,0,0,1,0,0,0,1,0,,,,,,,,
BenchmarkTest00438.java,0,CWE-89,CWE-89,1,0,1,0,0,0,1,0,0,0,835,0.00020875,256,0.000512,13,2.6e-05,0.00074675,2.3103106021881104
BenchmarkTest00439.java,0,CWE-89,CWE-89,1,0,1,0,0,0,1,0,0,0,805,0.00020125,192,0.000384,13,2.6e-05,0.00061125,1.7066750526428223
BenchmarkTest00440.java,0,CWE-89,CWE-89,1,1,0,1,0,0,0,0,1,0,913,0.00022825,256,0.000512,12,2.4e-05,0.0007642500000000001,3.093625545501709
BenchmarkTest00441.java,0,CWE-89,CWE-89,1,0,1,0,0,0,1,0,0,0,836,0.000209,192,0.000384,13,2.6e-05,0.000619,2.691168785095215
BenchmarkTest00442.java,0,CWE-643,CWE-643,1,0,1,0,0,0,1,0,0,0,901,0.00022525,192,0.000384,13,2.6e-05,0.00063525,1.9310805797576904
BenchmarkTest00443.java,0,CWE-327,,,,0,0,1,0,0,0,1,0,,,,,,,,
BenchmarkTest00444.java,0,CWE-327,,,,0,0,1,0,0,0,1,0,,,,,,,,
BenchmarkTest00445.java,0,CWE-327,CWE-327,1,0,1,0,0,0,1,0,0,0,1428,0.000357,128,0.000256,13,2.6e-05,0.000639,1.8789746761322021
BenchmarkTest00446.java,0,CWE-327,CWE-327,1,0,1,0,0,0,1,0,0,0,1244,0.000311,128,0.000256,13,2.6e-05,0.000593,1.9089679718017578
BenchmarkTest00447.java,0,CWE-327,,,,0,0,1,0,0,0,1,0,,,,,,,,
BenchmarkTest00448.java,0,CWE-327,CWE-327,1,0,1,0,0,0,1,0,0,0,1226,0.0003065,448,0.000896,13,2.6e-05,0.0012285,3.997299909591675
BenchmarkTest00449.java,0,CWE-327,CWE-327,1,0,1,0,0,0,1,0,0,0,1223,0.00030575,384,0.000768,13,2.6e-05,0.00109975,3.8697619438171387
BenchmarkTest00450.java,0,CWE-327,,,,0,0,1,0,0,0,1,0,,,,,,,,
BenchmarkTest00451.java,0,CWE-327,,,,0,0,1,0,0,0,1,0,,,,,,,,
BenchmarkTest00452.java,0,CWE-22,CWE-23,0,0,1,0,0,0,1,0,0,0,1196,0.000299,384,0.000768,13,2.6e-05,0.001093,3.14190936088562
BenchmarkTest00453.java,0,CWE-22,CWE-23,0,0,1,0,0,0,1,0,0,0,1331,0.00033275,704,0.001408,13,2.6e-05,0.0017667499999999999,4.833350419998169
BenchmarkTest00454.java,0,CWE-22,,,,0,0,1,0,0,0,1,0,,,,,,,,
BenchmarkTest00455.java,0,CWE-22,CWE-23,0,0,1,0,0,0,1,0,0,0,1276,0.000319,384,0.000768,13,2.6e-05,0.001113,4.230601072311401
BenchmarkTest00456.java,0,CWE-22,CWE-23,0,0,1,0,0,0,1,0,0,0,1316,0.000329,192,0.000384,13,2.6e-05,0.000739,2.162198781967163
BenchmarkTest00457.java,0,CWE-22,CWE-23,0,0,1,0,0,0,1,0,0,0,1246,0.0003115,256,0.000512,13,2.6e-05,0.0008495,2.910886526107788
BenchmarkTest00458.java,0,CWE-22,CWE-23,0,1,0,1,0,0,0,0,1,0,1267,0.00031675,256,0.000512,12,2.4e-05,0.00085275,2.861473321914673
BenchmarkTest00459.java,0,CWE-22,CWE-23,0,0,1,0,0,0,1,0,0,0,1222,0.0003055,320,0.00064,13,2.6e-05,0.0009715,3.631805896759033
BenchmarkTest00460.java,0,CWE-22,,,,0,0,1,0,0,0,1,0,,,,,,,,
BenchmarkTest00461.java,0,CWE-330,CWE-330,1,0,1,0,0,0,1,0,0,0,1213,0.00030325,256,0.000512,13,2.6e-05,0.00084125,3.38786244392395
BenchmarkTest00462.java,0,CWE-328,CWE-916,0,0,1,0,0,0,1,0,0,0,1312,0.000328,256,0.000512,13,2.6e-05,0.000866,3.7849154472351074
BenchmarkTest00463.java,0,CWE-328,,,,0,0,1,0,0,0,1,0,,,,,,,,
BenchmarkTest00464.java,0,CWE-328,CWE-916,0,0,1,0,0,0,1,0,0,0,1229,0.00030725,192,0.000384,13,2.6e-05,0.00071725,3.774585008621216
BenchmarkTest00465.java,0,CWE-328,CWE-916,0,0,1,0,0,0,1,0,0,0,1165,0.00029125,192,0.000384,13,2.6e-05,0.00070125,3.1717076301574707
BenchmarkTest00466.java,0,CWE-328,,,,0,0,1,0,0,0,1,0,,,,,,,,
BenchmarkTest00467.java,0,CWE-79,CWE-79,1,0,1,0,0,0,1,0,0,0,1330,0.0003325,320,0.00064,13,2.6e-05,0.0009985,4.571169376373291
BenchmarkTest00468.java,0,CWE-79,CWE-79,1,1,0,1,0,0,0,0,1,0,1345,0.00033625,256,0.000512,12,2.4e-05,0.0008722500000000001,7.438563823699951
BenchmarkTest00469.java,0,CWE-79,,,,0,0,1,0,0,0,1,0,,,,,,,,
BenchmarkTest00470.java,0,CWE-79,,,,0,0,1,0,0,0,1,0,,,,,,,,
BenchmarkTest00471.java,0,CWE-79,,,,0,0,1,0,0,0,1,0,,,,,,,,
BenchmarkTest00472.java,0,CWE-79,CWE-79,1,0,1,0,0,0,1,0,0,0,1283,0.00032075,320,0.00064,13,2.6e-05,0.00098675,4.380162239074707
BenchmarkTest00473.java,0,CWE-79,CWE-79,1,0,1,0,0,0,1,0,0,0,1288,0.000322,384,0.000768,13,2.6e-05,0.001116,4.503591537475586
BenchmarkTest00474.java,0,CWE-79,,,,0,0,1,0,0,0,1,0,,,,,,,,
BenchmarkTest00475.java,0,CWE-79,CWE-79,1,0,1,0,0,0,1,0,0,0,1260,0.000315,192,0.000384,13,2.6e-05,0.000725,2.4281206130981445
BenchmarkTest00476.java,0,CWE-79,,,,0,0,1,0,0,0,1,0,,,,,,,,
BenchmarkTest00477.java,0,CWE-79,CWE-79,1,0,1,0,0,0,1,0,0,0,1250,0.0003125,128,0.000256,13,2.6e-05,0.0005945,2.108755588531494
BenchmarkTest00478.java,0,CWE-79,CWE-79,1,0,1,0,0,0,1,0,0,0,1278,0.0003195,256,0.000512,13,2.6e-05,0.0008575,2.735135555267334
BenchmarkTest00479.java,0,CWE-79,,,,0,0,1,0,0,0,1,0,,,,,,,,
BenchmarkTest00480.java,0,CWE-78,CWE-78,1,0,1,0,0,0,1,0,0,0,962,0.0002405,384,0.000768,13,2.6e-05,0.0010345,3.077711582183838
BenchmarkTest00481.java,0,CWE-78,,,,0,0,1,0,0,0,1,0,,,,,,,,
BenchmarkTest00482.java,0,CWE-330,CWE-330,1,0,1,0,0,0,1,0,0,0,1218,0.0003045,128,0.000256,13,2.6e-05,0.0005865,2.0273020267486572
BenchmarkTest00483.java,0,CWE-330,CWE-330,1,0,1,0,0,0,1,0,0,0,1251,0.00031275,192,0.000384,13,2.6e-05,0.00072275,2.9048733711242676
BenchmarkTest00484.java,0,CWE-330,CWE-330,1,0,1,0,0,0,1,0,0,0,1234,0.0003085,256,0.000512,13,2.6e-05,0.0008465,2.5574803352355957
BenchmarkTest00485.java,0,CWE-330,CWE-330,1,0,1,0,0,0,1,0,0,0,1209,0.00030225,128,0.000256,14,2.8e-05,0.00058625,2.2159526348114014
BenchmarkTest00486.java,0,CWE-330,CWE-330,1,0,1,0,0,0,1,0,0,0,1181,0.00029525,128,0.000256,13,2.6e-05,0.00057725,2.0811474323272705
BenchmarkTest00487.java,0,CWE-330,CWE-330,1,0,1,0,0,0,1,0,0,0,1263,0.00031575,576,0.001152,13,2.6e-05,0.00149375,5.882298469543457
BenchmarkTest00488.java,0,CWE-330,CWE-330,1,0,1,0,0,0,1,0,0,0,1241,0.00031025,960,0.00192,13,2.6e-05,0.00225625,7.060284376144409
BenchmarkTest00489.java,0,CWE-330,CWE-330,1,0,1,0,0,0,1,0,0,0,1268,0.000317,832,0.001664,13,2.6e-05,0.002007,6.536428213119507
BenchmarkTest00490.java,0,CWE-330,CWE-330,1,0,1,0,0,0,1,0,0,0,1248,0.000312,576,0.001152,13,2.6e-05,0.00149,5.621140003204346
BenchmarkTest00491.java,0,CWE-614,CWE-614,1,0,1,0,0,0,1,0,0,0,1027,0.00025675,256,0.000512,13,2.6e-05,0.0007947499999999999,2.998049259185791
BenchmarkTest00492.java,0,CWE-79,CWE-79,1,0,1,0,0,0,1,0,0,0,1262,0.0003155,128,0.000256,13,2.6e-05,0.0005974999999999999,2.944554328918457
BenchmarkTest00493.java,0,CWE-79,CWE-79,1,1,0,1,0,0,0,0,1,0,1336,0.000334,256,0.000512,12,2.4e-05,0.00087,2.7724878787994385
BenchmarkTest00494.java,0,CWE-78,CWE-78,1,1,0,1,0,0,0,0,1,0,1066,0.0002665,576,0.001152,12,2.4e-05,0.0014425,5.330908536911011
BenchmarkTest00495.java,0,CWE-78,CWE-78,1,0,1,0,0,0,1,0,0,0,902,0.0002255,640,0.00128,13,2.6e-05,0.0015315,5.518205642700195
BenchmarkTest00496.java,0,CWE-78,CWE-78,1,0,1,0,0,0,1,0,0,0,884,0.000221,960,0.00192,13,2.6e-05,0.002167,7.758229494094849
BenchmarkTest00497.java,0,CWE-78,CWE-78,1,0,1,0,0,0,1,0,0,0,928,0.000232,576,0.001152,13,2.6e-05,0.00141,5.333848237991333
BenchmarkTest00498.java,0,CWE-78,CWE-78,1,0,1,0,0,0,1,0,0,0,895,0.00022375,512,0.001024,13,2.6e-05,0.00127375,6.133610725402832
BenchmarkTest00499.java,0,CWE-78,CWE-78,1,0,1,0,0,0,1,0,0,0,910,0.0002275,448,0.000896,13,2.6e-05,0.0011495,5.026411056518555
BenchmarkTest00500.java,0,CWE-78,CWE-78,1,0,1,0,0,0,1,0,0,0,955,0.00023875,704,0.001408,13,2.6e-05,0.00167275,5.930739164352417
BenchmarkTest00501.java,0,CWE-330,,,,0,0,1,0,0,0,1,0,,,,,,,,
BenchmarkTest00502.java,0,CWE-330,,,,0,0,1,0,0,0,1,0,,,,,,,,
BenchmarkTest00503.java,0,CWE-330,,,,0,0,1,0,0,0,1,0,,,,,,,,
BenchmarkTest00504.java,0,CWE-330,,,,0,0,1,0,0,0,1,0,,,,,,,,
BenchmarkTest00505.java,0,CWE-330,,,,0,0,1,0,0,0,1,0,,,,,,,,
BenchmarkTest00506.java,0,CWE-330,,,,0,0,1,0,0,0,1,0,,,,,,,,
BenchmarkTest00507.java,0,CWE-330,,,,0,0,1,0,0,0,1,0,,,,,,,,
BenchmarkTest00509.java,0,CWE-89,CWE-89,1,1,0,1,0,0,0,0,1,0,964,0.000241,192,0.000384,12,2.4e-05,0.0006490000000000001,2.6192686557769775
BenchmarkTest00510.java,0,CWE-89,CWE-89,1,0,1,0,0,0,1,0,0,0,967,0.00024175,192,0.000384,13,2.6e-05,0.00065175,2.3836185932159424
BenchmarkTest00511.java,0,CWE-89,CWE-89,1,1,0,1,0,0,0,0,1,0,971,0.00024275,192,0.000384,12,2.4e-05,0.0006507500000000001,2.651782274246216
BenchmarkTest00512.java,0,CWE-89,CWE-89,1,0,1,0,0,0,1,0,0,0,833,0.00020825,128,0.000256,13,2.6e-05,0.00049025,2.201314687728882
BenchmarkTest00513.java,0,CWE-89,CWE-89,1,1,0,1,0,0,0,0,1,0,933,0.00023325,256,0.000512,12,2.4e-05,0.0007692500000000001,2.5392324924468994
BenchmarkTest00514.java,0,CWE-89,,,,0,0,1,0,0,0,1,0,,,,,,,,
BenchmarkTest00515.java,0,CWE-89,CWE-89,1,0,1,0,0,0,1,0,0,0,907,0.00022675,192,0.000384,13,2.6e-05,0.00063675,2.259100914001465
BenchmarkTest00516.java,0,CWE-89,CWE-89,1,0,1,0,0,0,1,0,0,0,934,0.0002335,256,0.000512,13,2.6e-05,0.0007714999999999999,2.7369954586029053
BenchmarkTest00517.java,0,CWE-89,,,,0,0,1,0,0,0,1,0,,,,,,,,
BenchmarkTest00518.java,0,CWE-89,CWE-89,1,0,1,0,0,0,1,0,0,0,869,0.00021725,128,0.000256,13,2.6e-05,0.00049925,2.018866539001465
BenchmarkTest00519.java,0,CWE-89,CWE-89,1,1,0,1,0,0,0,0,1,0,946,0.0002365,192,0.000384,12,2.4e-05,0.0006445,1.9372313022613525
BenchmarkTest00520.java,0,CWE-643,,,,0,0,1,0,0,0,1,0,,,,,,,,
BenchmarkTest00521.java,0,CWE-327,CWE-327,1,0,1,0,0,0,1,0,0,0,1600,0.0004,128,0.000256,13,2.6e-05,0.000682,2.1218819618225098
BenchmarkTest00522.java,0,CWE-327,CWE-327,1,0,1,0,0,0,1,0,0,0,1665,0.00041625,320,0.00064,13,2.6e-05,0.00108225,2.922321319580078
BenchmarkTest00523.java,0,CWE-327,,,,0,0,1,0,0,0,1,0,,,,,,,,
BenchmarkTest00524.java,0,CWE-327,,,,0,0,1,0,0,0,1,0,,,,,,,,
BenchmarkTest00525.java,0,CWE-22,CWE-23,0,0,1,0,0,0,1,0,0,0,1275,0.00031875,576,0.001152,13,2.6e-05,0.00149675,4.992774963378906
BenchmarkTest00526.java,0,CWE-22,CWE-23,0,1,1,0,0,0,0,0,0,1,1208,0.000302,704,0.001408,12,2.4e-05,0.0017339999999999999,6.490492343902588
BenchmarkTest00527.java,0,CWE-22,CWE-23,0,1,1,0,0,0,0,0,0,1,1231,0.00030775,960,0.00192,12,2.4e-05,0.0022517500000000003,6.959622383117676
BenchmarkTest00528.java,0,CWE-22,CWE-23,0,0,1,0,0,0,1,0,0,0,1438,0.0003595,832,0.001664,13,2.6e-05,0.0020495,6.189679145812988
BenchmarkTest00529.java,0,CWE-22,CWE-23,0,0,1,0,0,0,1,0,0,0,1298,0.0003245,320,0.00064,13,2.6e-05,0.0009905,4.044947147369385
BenchmarkTest00530.java,0,CWE-90,CWE-90,1,1,0,1,0,0,0,0,1,0,1281,0.00032025,448,0.000896,12,2.4e-05,0.0012402499999999998,4.448770523071289
BenchmarkTest00531.java,0,CWE-328,CWE-916,0,0,1,0,0,0,1,0,0,0,1398,0.0003495,192,0.000384,13,2.6e-05,0.0007595,2.504875898361206
BenchmarkTest00532.java,0,CWE-328,CWE-916,0,0,1,0,0,0,1,0,0,0,1484,0.000371,192,0.000384,13,2.6e-05,0.000781,2.9254190921783447
BenchmarkTest00533.java,0,CWE-328,CWE-916,0,0,1,0,0,0,1,0,0,0,1334,0.0003335,256,0.000512,13,2.6e-05,0.0008714999999999999,5.817631483078003
BenchmarkTest00534.java,0,CWE-328,CWE-916,0,0,1,0,0,0,1,0,0,0,1349,0.00033725,192,0.000384,13,2.6e-05,0.00074725,4.12225079536438
BenchmarkTest00535.java,0,CWE-328,,,,0,0,1,0,0,0,1,0,,,,,,,,
BenchmarkTest00536.java,0,CWE-328,CWE-916,0,0,1,0,0,0,1,0,0,0,1280,0.00032,256,0.000512,13,2.6e-05,0.000858,4.294888734817505
BenchmarkTest00537.java,0,CWE-328,CWE-916,0,0,1,0,0,0,1,0,0,0,1203,0.00030075,256,0.000512,13,2.6e-05,0.00083875,2.590481996536255
BenchmarkTest00538.java,0,CWE-328,,,,0,0,1,0,0,0,1,0,,,,,,,,
BenchmarkTest00539.java,0,CWE-328,,,,0,0,1,0,0,0,1,0,,,,,,,,
BenchmarkTest00540.java,0,CWE-328,,,,0,0,1,0,0,0,1,0,,,,,,,,
BenchmarkTest00541.java,0,CWE-79,CWE-79,1,0,1,0,0,0,1,0,0,0,1357,0.00033925,448,0.000896,13,2.6e-05,0.00126125,5.746340990066528
BenchmarkTest00542.java,0,CWE-79,CWE-79,1,0,1,0,0,0,1,0,0,0,1404,0.000351,512,0.001024,13,2.6e-05,0.001401,7.25393271446228
BenchmarkTest00543.java,0,CWE-79,CWE-79,1,0,1,0,0,0,1,0,0,0,1371,0.00034275,448,0.000896,13,2.6e-05,0.00126475,4.266087055206299
BenchmarkTest00544.java,0,CWE-79,CWE-79,1,1,0,1,0,0,0,0,1,0,1364,0.000341,576,0.001152,12,2.4e-05,0.001517,4.018649578094482
BenchmarkTest00545.java,0,CWE-79,,,,0,0,1,0,0,0,1,0,,,,,,,,
BenchmarkTest00546.java,0,CWE-79,CWE-79,1,1,0,1,0,0,0,0,1,0,1361,0.00034025,640,0.00128,12,2.4e-05,0.00164425,5.346489191055298
BenchmarkTest00547.java,0,CWE-79,CWE-79,1,0,1,0,0,0,1,0,0,0,1326,0.0003315,704,0.001408,13,2.6e-05,0.0017655,5.345644474029541
BenchmarkTest00548.java,0,CWE-79,,,,0,0,1,0,0,0,1,0,,,,,,,,
BenchmarkTest00549.java,0,CWE-79,CWE-79,1,0,1,0,0,0,1,0,0,0,1329,0.00033225,384,0.000768,13,2.6e-05,0.00112625,3.666623830795288
BenchmarkTest00550.java,0,CWE-79,CWE-79,1,1,0,1,0,0,0,0,1,0,1369,0.00034225,576,0.001152,12,2.4e-05,0.0015182499999999999,5.3158369064331055
BenchmarkTest00551.java,0,CWE-79,CWE-79,1,0,1,0,0,0,1,0,0,0,1294,0.0003235,384,0.000768,13,2.6e-05,0.0011175,3.750863790512085
BenchmarkTest00552.java,0,CWE-79,CWE-79,1,0,1,0,0,0,1,0,0,0,1379,0.00034475,448,0.000896,13,2.6e-05,0.00126675,5.507848739624023
BenchmarkTest00553.java,0,CWE-79,CWE-79,1,1,0,1,0,0,0,0,1,0,1379,0.00034475,448,0.000896,12,2.4e-05,0.00126475,3.798879623413086
BenchmarkTest00554.java,0,CWE-79,CWE-79,1,0,1,0,0,0,1,0,0,0,1327,0.00033175,384,0.000768,13,2.6e-05,0.00112575,5.807974100112915
BenchmarkTest00555.java,0,CWE-79,CWE-79,1,0,1,0,0,0,1,0,0,0,1326,0.0003315,384,0.000768,13,2.6e-05,0.0011255,3.3206160068511963
BenchmarkTest00556.java,0,CWE-79,CWE-79,1,1,0,1,0,0,0,0,1,0,1379,0.00034475,256,0.000512,12,2.4e-05,0.00088075,2.8091013431549072
BenchmarkTest00557.java,0,CWE-79,CWE-79,1,0,1,0,0,0,1,0,0,0,1336,0.000334,512,0.001024,13,2.6e-05,0.0013839999999999998,4.891535043716431
BenchmarkTest00558.java,0,CWE-78,CWE-78,1,1,0,1,0,0,0,0,1,0,1061,0.00026525,832,0.001664,12,2.4e-05,0.00195325,6.6289284229278564
BenchmarkTest00559.java,0,CWE-78,,,,0,0,1,0,0,0,1,0,,,,,,,,
BenchmarkTest00560.java,0,CWE-330,CWE-330,1,0,1,0,0,0,1,0,0,0,1308,0.000327,192,0.000384,13,2.6e-05,0.000737,3.2275760173797607
BenchmarkTest00561.java,0,CWE-330,CWE-330,1,0,1,0,0,0,1,0,0,0,1336,0.000334,384,0.000768,13,2.6e-05,0.001128,5.16020393371582
BenchmarkTest00562.java,0,CWE-330,CWE-330,1,0,1,0,0,0,1,0,0,0,1352,0.000338,704,0.001408,13,2.6e-05,0.001772,6.280260801315308
BenchmarkTest00563.java,0,CWE-330,CWE-330,1,0,1,0,0,0,1,0,0,0,1245,0.00031125,640,0.00128,13,2.6e-05,0.0016172500000000002,6.0863025188446045
BenchmarkTest00564.java,0,CWE-330,CWE-330,1,0,1,0,0,0,1,0,0,0,1268,0.000317,640,0.00128,13,2.6e-05,0.001623,6.172632932662964
BenchmarkTest00565.java,0,CWE-614,CWE-614,1,0,1,0,0,0,1,0,0,0,1044,0.000261,256,0.000512,13,2.6e-05,0.000799,3.360888719558716
BenchmarkTest00566.java,0,CWE-614,CWE-614,1,0,1,0,0,0,1,0,0,0,1061,0.00026525,256,0.000512,13,2.6e-05,0.0008032499999999999,2.8065807819366455
BenchmarkTest00567.java,0,CWE-78,CWE-78,1,0,1,0,0,0,1,0,0,0,1008,0.000252,896,0.001792,13,2.6e-05,0.00207,5.991708517074585
BenchmarkTest00568.java,0,CWE-78,CWE-78,1,0,1,0,0,0,1,0,0,0,1093,0.00027325,640,0.00128,13,2.6e-05,0.0015792500000000001,4.536219835281372
BenchmarkTest00569.java,0,CWE-78,,,,0,0,1,0,0,0,1,0,,,,,,,,
BenchmarkTest00570.java,0,CWE-78,CWE-78,1,1,0,1,0,0,0,0,1,0,984,0.000246,832,0.001664,12,2.4e-05,0.0019339999999999997,6.963787317276001
BenchmarkTest00571.java,0,CWE-78,,,,0,0,1,0,0,0,1,0,,,,,,,,
BenchmarkTest00572.java,0,CWE-78,,,,0,0,1,0,0,0,1,0,,,,,,,,
BenchmarkTest00573.java,0,CWE-78,CWE-78,1,0,1,0,0,0,1,0,0,0,898,0.0002245,1024,0.002048,13,2.6e-05,0.0022984999999999998,8.423428535461426
BenchmarkTest00574.java,0,CWE-78,CWE-78,1,0,1,0,0,0,1,0,0,0,932,0.000233,1088,0.002176,13,2.6e-05,0.002435,7.862862825393677
BenchmarkTest00575.java,0,CWE-78,CWE-78,1,0,1,0,0,0,1,0,0,0,1059,0.00026475,832,0.001664,13,2.6e-05,0.00195475,6.881896495819092
BenchmarkTest00576.java,0,CWE-78,CWE-78,1,0,1,0,0,0,1,0,0,0,1015,0.00025375,768,0.001536,13,2.6e-05,0.00181575,6.686341762542725
BenchmarkTest00577.java,0,CWE-330,,,,0,0,1,0,0,0,1,0,,,,,,,,
BenchmarkTest00578.java,0,CWE-330,,,,0,0,1,0,0,0,1,0,,,,,,,,
BenchmarkTest00579.java,0,CWE-330,,,,0,0,1,0,0,0,1,0,,,,,,,,
BenchmarkTest00580.java,0,CWE-330,,,,0,0,1,0,0,0,1,0,,,,,,,,
BenchmarkTest00581.java,0,CWE-330,,,,0,0,1,0,0,0,1,0,,,,,,,,
BenchmarkTest00582.java,0,CWE-330,CWE-330,1,1,0,1,0,0,0,0,1,0,1381,0.00034525,704,0.001408,12,2.4e-05,0.00177725,5.1271398067474365
BenchmarkTest00583.java,0,CWE-330,,,,0,0,1,0,0,0,1,0,,,,,,,,
BenchmarkTest00584.java,0,CWE-330,,,,0,0,1,0,0,0,1,0,,,,,,,,
BenchmarkTest00585.java,0,CWE-330,,,,0,0,1,0,0,0,1,0,,,,,,,,
BenchmarkTest00589.java,0,CWE-89,CWE-89,1,1,0,1,0,0,0,0,1,0,1016,0.000254,448,0.000896,12,2.4e-05,0.001174,5.022343158721924
BenchmarkTest00590.java,0,CWE-89,CWE-89,1,0,1,0,0,0,1,0,0,0,975,0.00024375,256,0.000512,13,2.6e-05,0.0007817499999999999,2.837059497833252
BenchmarkTest00591.java,0,CWE-89,CWE-89,1,0,1,0,0,0,1,0,0,0,953,0.00023825,640,0.00128,13,2.6e-05,0.00154425,5.460972785949707
BenchmarkTest00592.java,0,CWE-89,,,,0,0,1,0,0,0,1,0,,,,,,,,
BenchmarkTest00593.java,0,CWE-89,CWE-89,1,0,1,0,0,0,1,0,0,0,1045,0.00026125,448,0.000896,13,2.6e-05,0.0011832499999999998,4.1745100021362305
BenchmarkTest00594.java,0,CWE-89,CWE-89,1,0,1,0,0,0,1,0,0,0,1017,0.00025425,384,0.000768,13,2.6e-05,0.00104825,4.356592893600464
BenchmarkTest00595.java,0,CWE-89,CWE-89,1,0,1,0,0,0,1,0,0,0,961,0.00024025,512,0.001024,13,2.6e-05,0.00129025,5.082745552062988
BenchmarkTest00596.java,0,CWE-89,,,,0,0,0,1,0,0,0,1,,,,,,,,
BenchmarkTest00597.java,0,CWE-89,,,,0,0,0,1,0,0,0,1,,,,,,,,
BenchmarkTest00598.java,0,CWE-89,,,,0,0,0,1,0,0,0,1,,,,,,,,
BenchmarkTest00599.java,0,CWE-89,,,,0,0,1,0,0,0,1,0,,,,,,,,
BenchmarkTest00600.java,0,CWE-89,CWE-89,1,0,1,0,0,0,1,0,0,0,1030,0.0002575,512,0.001024,13,2.6e-05,0.0013075,4.854283571243286
BenchmarkTest00601.java,0,CWE-89,,,,0,0,1,0,0,0,1,0,,,,,,,,
BenchmarkTest00602.java,0,CWE-89,CWE-89,1,1,0,1,0,0,0,0,1,0,964,0.000241,832,0.001664,12,2.4e-05,0.001929,6.7599804401397705
BenchmarkTest00603.java,0,CWE-89,CWE-89,1,0,1,0,0,0,1,0,0,0,932,0.000233,320,0.00064,13,2.6e-05,0.0008990000000000001,2.946488857269287
BenchmarkTest00604.java,0,CWE-89,CWE-89,1,0,1,0,0,0,1,0,0,0,955,0.00023875,448,0.000896,13,2.6e-05,0.0011607499999999999,4.767082452774048
BenchmarkTest00605.java,0,CWE-89,,,,0,0,1,0,0,0,1,0,,,,,,,,
BenchmarkTest00606.java,0,CWE-89,CWE-89,1,0,1,0,0,0,1,0,0,0,934,0.0002335,576,0.001152,13,2.6e-05,0.0014115,5.146616220474243
BenchmarkTest00607.java,0,CWE-643,CWE-643,1,0,1,0,0,0,1,0,0,0,993,0.00024825,256,0.000512,13,2.6e-05,0.00078625,2.5206756591796875
BenchmarkTest00608.java,0,CWE-327,CWE-327,1,0,1,0,0,0,1,0,0,0,1560,0.00039,64,0.000128,13,2.6e-05,0.000544,1.3639602661132812
BenchmarkTest00609.java,0,CWE-327,CWE-327,1,0,1,0,0,0,1,0,0,0,1523,0.00038075,64,0.000128,13,2.6e-05,0.00053475,1.911325216293335
BenchmarkTest00610.java,0,CWE-327,CWE-327,1,0,1,0,0,0,1,0,0,0,1731,0.00043275,64,0.000128,13,2.6e-05,0.0005867499999999999,1.5157876014709473
BenchmarkTest00611.java,0,CWE-327,CWE-327,1,0,1,0,0,0,1,0,0,0,1528,0.000382,64,0.000128,13,2.6e-05,0.000536,1.550612449645996
BenchmarkTest00612.java,0,CWE-327,,,,0,0,1,0,0,0,1,0,,,,,,,,
BenchmarkTest00613.java,0,CWE-327,,,,0,0,1,0,0,0,1,0,,,,,,,,
BenchmarkTest00614.java,0,CWE-327,CWE-327,1,0,1,0,0,0,1,0,0,0,1264,0.000316,128,0.000256,13,2.6e-05,0.000598,1.500145673751831
BenchmarkTest00615.java,0,CWE-327,CWE-327,1,0,1,0,0,0,1,0,0,0,1301,0.00032525,128,0.000256,13,2.6e-05,0.0006072499999999999,1.6046111583709717
BenchmarkTest00616.java,0,CWE-327,CWE-327,1,0,1,0,0,0,1,0,0,0,1196,0.000299,384,0.000768,13,2.6e-05,0.001093,4.193108320236206
BenchmarkTest00617.java,0,CWE-327,CWE-327,1,0,1,0,0,0,1,0,0,0,1202,0.0003005,256,0.000512,14,2.8e-05,0.0008405,2.9864139556884766
BenchmarkTest00618.java,0,CWE-327,,,,0,0,1,0,0,0,1,0,,,,,,,,
BenchmarkTest00619.java,0,CWE-22,,,,0,0,0,1,0,0,0,1,,,,,,,,
BenchmarkTest00620.java,0,CWE-22,,,,0,0,1,0,0,0,1,0,,,,,,,,
BenchmarkTest00621.java,0,CWE-22,,,,0,0,1,0,0,0,1,0,,,,,,,,
BenchmarkTest00622.java,0,CWE-22,,,,0,0,1,0,0,0,1,0,,,,,,,,
BenchmarkTest00623.java,0,CWE-22,,,,0,0,0,1,0,0,0,1,,,,,,,,
BenchmarkTest00624.java,0,CWE-22,,,,0,0,0,1,0,0,0,1,,,,,,,,
BenchmarkTest00625.java,0,CWE-22,,,,0,0,1,0,0,0,1,0,,,,,,,,
BenchmarkTest00626.java,0,CWE-22,,,,0,0,1,0,0,0,1,0,,,,,,,,
BenchmarkTest00627.java,0,CWE-22,,,,0,0,0,1,0,0,0,1,,,,,,,,
BenchmarkTest00628.java,0,CWE-22,,,,0,0,1,0,0,0,1,0,,,,,,,,
BenchmarkTest00629.java,0,CWE-22,,,,0,0,0,1,0,0,0,1,,,,,,,,
BenchmarkTest00630.java,0,CWE-90,,,,0,0,0,1,0,0,0,1,,,,,,,,
BenchmarkTest00631.java,0,CWE-328,CWE-916,0,0,1,0,0,0,1,0,0,0,1262,0.0003155,192,0.000384,13,2.6e-05,0.0007255,2.110398292541504
BenchmarkTest00632.java,0,CWE-328,,,,0,0,1,0,0,0,1,0,,,,,,,,
BenchmarkTest00633.java,0,CWE-328,,,,0,0,1,0,0,0,1,0,,,,,,,,
BenchmarkTest00634.java,0,CWE-328,CWE-916,0,0,1,0,0,0,1,0,0,0,1252,0.000313,192,0.000384,13,2.6e-05,0.000723,2.769043445587158
BenchmarkTest00635.java,0,CWE-328,CWE-916,0,0,1,0,0,0,1,0,0,0,1202,0.0003005,192,0.000384,13,2.6e-05,0.0007105,3.082268714904785
BenchmarkTest00636.java,0,CWE-328,CWE-916,0,0,1,0,0,0,1,0,0,0,1199,0.00029975,192,0.000384,13,2.6e-05,0.00070975,2.2035813331604004
BenchmarkTest00637.java,0,CWE-328,CWE-916,0,0,1,0,0,0,1,0,0,0,1158,0.0002895,576,0.001152,13,2.6e-05,0.0014675,5.111639976501465
BenchmarkTest00638.java,0,CWE-328,,,,0,0,0,1,0,0,0,1,,,,,,,,
BenchmarkTest00639.java,0,CWE-328,,,,0,0,1,0,0,0,1,0,,,,,,,,
BenchmarkTest00640.java,0,CWE-328,,,,0,0,1,0,0,0,1,0,,,,,,,,
BenchmarkTest00641.java,0,CWE-328,,,,0,0,1,0,0,0,1,0,,,,,,,,
BenchmarkTest00642.java,0,CWE-79,,,,0,0,0,1,0,0,0,1,,,,,,,,
BenchmarkTest00643.java,0,CWE-79,,,,0,0,0,1,0,0,0,1,,,,,,,,
BenchmarkTest00644.java,0,CWE-79,,,,0,0,0,1,0,0,0,1,,,,,,,,
BenchmarkTest00645.java,0,CWE-79,,,,0,0,0,1,0,0,0,1,,,,,,,,
BenchmarkTest00646.java,0,CWE-79,,,,0,0,1,0,0,0,1,0,,,,,,,,
BenchmarkTest00647.java,0,CWE-79,,,,0,0,1,0,0,0,1,0,,,,,,,,
BenchmarkTest00648.java,0,CWE-79,,,,0,0,1,0,0,0,1,0,,,,,,,,
BenchmarkTest00649.java,0,CWE-79,,,,0,0,1,0,0,0,1,0,,,,,,,,
BenchmarkTest00650.java,0,CWE-79,,,,0,0,1,0,0,0,1,0,,,,,,,,
BenchmarkTest00651.java,0,CWE-79,,,,0,0,0,1,0,0,0,1,,,,,,,,
BenchmarkTest00652.java,0,CWE-330,CWE-330,1,0,1,0,0,0,1,0,0,0,1235,0.00030875,576,0.001152,13,2.6e-05,0.00148675,5.000488996505737
BenchmarkTest00653.java,0,CWE-330,CWE-330,1,0,1,0,0,0,1,0,0,0,1200,0.0003,192,0.000384,13,2.6e-05,0.0007099999999999999,2.1903891563415527
BenchmarkTest00654.java,0,CWE-330,CWE-330,1,0,1,0,0,0,1,0,0,0,1237,0.00030925,128,0.000256,13,2.6e-05,0.00059125,5.756350755691528
BenchmarkTest00655.java,0,CWE-614,,,,0,0,1,0,0,0,1,0,,,,,,,,
BenchmarkTest00656.java,0,CWE-79,,,,0,0,0,1,0,0,0,1,,,,,,,,
BenchmarkTest00657.java,0,CWE-78,,,,0,0,1,0,0,0,1,0,,,,,,,,
BenchmarkTest00658.java,0,CWE-78,,,,0,0,1,0,0,0,1,0,,,,,,,,
BenchmarkTest00659.java,0,CWE-78,,,,0,0,1,0,0,0,1,0,,,,,,,,
BenchmarkTest00660.java,0,CWE-330,CWE-330,1,1,0,1,0,0,0,0,1,0,1279,0.00031975,640,0.00128,12,2.4e-05,0.00162375,7.4130659103393555
BenchmarkTest00661.java,0,CWE-330,,,,0,0,1,0,0,0,1,0,,,,,,,,
BenchmarkTest00662.java,0,CWE-330,,,,0,0,1,0,0,0,1,0,,,,,,,,
BenchmarkTest00663.java,0,CWE-330,,,,0,0,1,0,0,0,1,0,,,,,,,,
BenchmarkTest00664.java,0,CWE-330,,,,0,0,1,0,0,0,1,0,,,,,,,,
BenchmarkTest00665.java,0,CWE-330,,,,0,0,1,0,0,0,1,0,,,,,,,,
BenchmarkTest00666.java,0,CWE-330,,,,0,0,1,0,0,0,1,0,,,,,,,,
BenchmarkTest00667.java,0,CWE-330,,,,0,0,1,0,0,0,1,0,,,,,,,,
BenchmarkTest00672.java,0,CWE-89,,,,0,0,1,0,0,0,1,0,,,,,,,,
BenchmarkTest00673.java,0,CWE-89,,,,0,0,0,1,0,0,0,1,,,,,,,,
BenchmarkTest00674.java,0,CWE-89,,,,0,0,1,0,0,0,1,0,,,,,,,,
BenchmarkTest00675.java,0,CWE-89,,,,0,0,1,0,0,0,1,0,,,,,,,,
BenchmarkTest00676.java,0,CWE-89,,,,0,0,1,0,0,0,1,0,,,,,,,,
BenchmarkTest00677.java,0,CWE-89,,,,0,0,0,1,0,0,0,1,,,,,,,,
BenchmarkTest00678.java,0,CWE-89,,,,0,0,0,1,0,0,0,1,,,,,,,,
BenchmarkTest00679.java,0,CWE-89,,,,0,0,0,1,0,0,0,1,,,,,,,,
BenchmarkTest00680.java,0,CWE-89,,,,0,0,1,0,0,0,1,0,,,,,,,,
BenchmarkTest00681.java,0,CWE-89,,,,0,0,0,1,0,0,0,1,,,,,,,,
BenchmarkTest00682.java,0,CWE-89,,,,0,0,1,0,0,0,1,0,,,,,,,,
BenchmarkTest00683.java,0,CWE-643,,,,0,0,1,0,0,0,1,0,,,,,,,,
BenchmarkTest00684.java,0,CWE-327,CWE-327,1,0,1,0,0,0,1,0,0,0,1503,0.00037575,64,0.000128,13,2.6e-05,0.00052975,3.6242268085479736
BenchmarkTest00685.java,0,CWE-327,CWE-327,1,0,1,0,0,0,1,0,0,0,1549,0.00038725,64,0.000128,13,2.6e-05,0.00054125,2.8359193801879883
BenchmarkTest00686.java,0,CWE-327,,,,0,0,1,0,0,0,1,0,,,,,,,,
BenchmarkTest00687.java,0,CWE-327,,,,0,0,1,0,0,0,1,0,,,,,,,,
BenchmarkTest00688.java,0,CWE-327,CWE-327,1,0,1,0,0,0,1,0,0,0,1596,0.000399,128,0.000256,13,2.6e-05,0.000681,3.6798503398895264
BenchmarkTest00689.java,0,CWE-327,,,,0,0,1,0,0,0,1,0,,,,,,,,
BenchmarkTest00690.java,0,CWE-327,,,,0,0,1,0,0,0,1,0,,,,,,,,
BenchmarkTest00691.java,0,CWE-327,CWE-327,1,0,1,0,0,0,1,0,0,0,1258,0.0003145,128,0.000256,13,2.6e-05,0.0005965,3.633319854736328
BenchmarkTest00692.java,0,CWE-327,CWE-327,1,0,1,0,0,0,1,0,0,0,1204,0.000301,128,0.000256,13,2.6e-05,0.000583,3.115135669708252
BenchmarkTest00693.java,0,CWE-327,CWE-327,1,0,1,0,0,0,1,0,0,0,1229,0.00030725,128,0.000256,13,2.6e-05,0.0005892499999999999,1.9290640354156494
BenchmarkTest00694.java,0,CWE-90,CWE-90,1,0,1,0,0,0,1,0,0,0,1089,0.00027225,128,0.000256,13,2.6e-05,0.00055425,2.359837055206299
BenchmarkTest00695.java,0,CWE-90,CWE-90,1,0,1,0,0,0,1,0,0,0,1174,0.0002935,128,0.000256,13,2.6e-05,0.0005755,2.2180168628692627
BenchmarkTest00696.java,0,CWE-22,CWE-23,0,0,1,0,0,0,1,0,0,0,1224,0.000306,448,0.000896,13,2.6e-05,0.001228,4.162567377090454
BenchmarkTest00697.java,0,CWE-22,CWE-23,0,0,1,0,0,0,1,0,0,0,1166,0.0002915,320,0.00064,13,2.6e-05,0.0009575,3.3144874572753906
BenchmarkTest00698.java,0,CWE-22,CWE-23,0,1,1,0,0,0,0,0,0,1,1151,0.00028775,640,0.00128,12,2.4e-05,0.00159175,5.46287202835083
BenchmarkTest00699.java,0,CWE-22,CWE-23,0,1,0,1,0,0,0,0,1,0,1210,0.0003025,320,0.00064,12,2.4e-05,0.0009665,2.7886478900909424
BenchmarkTest00700.java,0,CWE-22,CWE-23,0,0,1,0,0,0,1,0,0,0,1213,0.00030325,384,0.000768,13,2.6e-05,0.0010972500000000001,3.116081953048706
BenchmarkTest00701.java,0,CWE-90,,,,0,0,1,0,0,0,1,0,,,,,,,,
BenchmarkTest00702.java,0,CWE-330,CWE-330,1,0,1,0,0,0,1,0,0,0,1238,0.0003095,192,0.000384,13,2.6e-05,0.0007195,2.159522533416748
BenchmarkTest00703.java,0,CWE-328,CWE-916,0,0,1,0,0,0,1,0,0,0,1296,0.000324,192,0.000384,13,2.6e-05,0.0007340000000000001,2.2486460208892822
BenchmarkTest00704.java,0,CWE-328,CWE-916,0,0,1,0,0,0,1,0,0,0,1265,0.00031625,192,0.000384,13,2.6e-05,0.00072625,2.396029472351074
BenchmarkTest00705.java,0,CWE-328,CWE-916,0,0,1,0,0,0,1,0,0,0,1284,0.000321,384,0.000768,13,2.6e-05,0.001115,4.323612213134766
BenchmarkTest00706.java,0,CWE-328,,,,0,0,1,0,0,0,1,0,,,,,,,,
BenchmarkTest00707.java,0,CWE-328,,,,0,0,1,0,0,0,1,0,,,,,,,,
BenchmarkTest00708.java,0,CWE-328,CWE-916,0,0,1,0,0,0,1,0,0,0,1141,0.00028525,192,0.000384,13,2.6e-05,0.00069525,2.557060480117798
BenchmarkTest00709.java,0,CWE-328,,,,0,0,1,0,0,0,1,0,,,,,,,,
BenchmarkTest00710.java,0,CWE-328,,,,0,0,0,1,0,0,0,1,,,,,,,,
BenchmarkTest00711.java,0,CWE-79,CWE-79,1,0,1,0,0,0,1,0,0,0,1345,0.00033625,256,0.000512,13,2.6e-05,0.00087425,3.0351784229278564
BenchmarkTest00712.java,0,CWE-79,,,,0,0,1,0,0,0,1,0,,,,,,,,
BenchmarkTest00713.java,0,CWE-79,,,,0,0,1,0,0,0,1,0,,,,,,,,
BenchmarkTest00714.java,0,CWE-79,,,,0,0,1,0,0,0,1,0,,,,,,,,
BenchmarkTest00715.java,0,CWE-79,CWE-79,1,0,1,0,0,0,1,0,0,0,1228,0.000307,192,0.000384,13,2.6e-05,0.000717,2.288133144378662
BenchmarkTest00716.java,0,CWE-79,,,,0,0,1,0,0,0,1,0,,,,,,,,
BenchmarkTest00717.java,0,CWE-79,,,,0,0,1,0,0,0,1,0,,,,,,,,
BenchmarkTest00718.java,0,CWE-79,,,,0,0,1,0,0,0,1,0,,,,,,,,
BenchmarkTest00719.java,0,CWE-79,CWE-79,1,0,1,0,0,0,1,0,0,0,1258,0.0003145,320,0.00064,13,2.6e-05,0.0009805,3.0033326148986816
BenchmarkTest00720.java,0,CWE-79,CWE-79,1,0,1,0,0,0,1,0,0,0,1324,0.000331,320,0.00064,13,2.6e-05,0.000997,2.8439087867736816
BenchmarkTest00721.java,0,CWE-79,CWE-79,1,0,1,0,0,0,1,0,0,0,1305,0.00032625,256,0.000512,13,2.6e-05,0.00086425,3.2121777534484863
BenchmarkTest00722.java,0,CWE-79,CWE-79,1,1,0,1,0,0,0,0,1,0,1327,0.00033175,320,0.00064,12,2.4e-05,0.00099575,3.2021231651306152
BenchmarkTest00723.java,0,CWE-79,,,,0,0,1,0,0,0,1,0,,,,,,,,
BenchmarkTest00724.java,0,CWE-79,CWE-79,1,0,1,0,0,0,1,0,0,0,1306,0.0003265,192,0.000384,13,2.6e-05,0.0007365,3.629868984222412
BenchmarkTest00725.java,0,CWE-79,CWE-79,1,0,1,0,0,0,1,0,0,0,1434,0.0003585,448,0.000896,13,2.6e-05,0.0012805,5.4700987339019775
BenchmarkTest00726.java,0,CWE-79,,,,0,0,1,0,0,0,1,0,,,,,,,,
BenchmarkTest00727.java,0,CWE-79,CWE-79,1,0,1,0,0,0,1,0,0,0,1246,0.0003115,192,0.000384,13,2.6e-05,0.0007214999999999999,3.502985954284668
BenchmarkTest00728.java,0,CWE-79,CWE-79,1,0,1,0,0,0,1,0,0,0,1247,0.00031175,256,0.000512,13,2.6e-05,0.00084975,5.0415098667144775
BenchmarkTest00729.java,0,CWE-79,CWE-79,1,0,1,0,0,0,1,0,0,0,1243,0.00031075,192,0.000384,13,2.6e-05,0.00072075,3.246511220932007
BenchmarkTest00730.java,0,CWE-79,CWE-79,1,1,0,1,0,0,0,0,1,0,1322,0.0003305,320,0.00064,12,2.4e-05,0.0009945,4.223366022109985
BenchmarkTest00731.java,0,CWE-78,CWE-78,1,0,1,0,0,0,1,0,0,0,914,0.0002285,256,0.000512,13,2.6e-05,0.0007664999999999999,4.113867521286011
BenchmarkTest00732.java,0,CWE-78,CWE-78,1,1,0,1,0,0,0,0,1,0,1017,0.00025425,192,0.000384,12,2.4e-05,0.00066225,3.4927942752838135
BenchmarkTest00733.java,0,CWE-330,CWE-330,1,0,1,0,0,0,1,0,0,0,1216,0.000304,128,0.000256,13,2.6e-05,0.0005859999999999999,3.481233596801758
BenchmarkTest00734.java,0,CWE-330,CWE-330,1,0,1,0,0,0,1,0,0,0,1255,0.00031375,320,0.00064,13,2.6e-05,0.0009797500000000002,2.6959311962127686
BenchmarkTest00735.java,0,CWE-330,CWE-330,1,0,1,0,0,0,1,0,0,0,1234,0.0003085,640,0.00128,13,2.6e-05,0.0016145,5.5361926555633545
BenchmarkTest00736.java,0,CWE-614,CWE-614,1,0,1,0,0,0,1,0,0,0,989,0.00024725,128,0.000256,13,2.6e-05,0.00052925,1.6383609771728516
BenchmarkTest00737.java,0,CWE-79,CWE-79,1,0,1,0,0,0,1,0,0,0,1443,0.00036075,768,0.001536,13,2.6e-05,0.00192275,5.373766183853149
BenchmarkTest00738.java,0,CWE-78,,,,0,0,1,0,0,0,1,0,,,,,,,,
BenchmarkTest00739.java,0,CWE-78,,,,0,0,1,0,0,0,1,0,,,,,,,,
BenchmarkTest00740.java,0,CWE-78,CWE-78,1,0,1,0,0,0,1,0,0,0,916,0.000229,448,0.000896,13,2.6e-05,0.001151,3.8624942302703857
BenchmarkTest00741.java,0,CWE-78,CWE-78,1,1,0,1,0,0,0,0,1,0,966,0.0002415,448,0.000896,12,2.4e-05,0.0011615,3.9684391021728516
BenchmarkTest00742.java,0,CWE-78,CWE-78,1,1,0,1,0,0,0,0,1,0,1014,0.0002535,384,0.000768,12,2.4e-05,0.0010455,4.000773906707764
BenchmarkTest00743.java,0,CWE-78,CWE-78,1,1,0,1,0,0,0,0,1,0,916,0.000229,256,0.000512,12,2.4e-05,0.0007650000000000001,2.903416395187378
BenchmarkTest00744.java,0,CWE-330,,,,0,0,1,0,0,0,1,0,,,,,,,,
BenchmarkTest00745.java,0,CWE-330,,,,0,0,1,0,0,0,1,0,,,,,,,,
BenchmarkTest00746.java,0,CWE-330,,,,0,0,1,0,0,0,1,0,,,,,,,,
BenchmarkTest00747.java,0,CWE-330,,,,0,0,1,0,0,0,1,0,,,,,,,,
BenchmarkTest00748.java,0,CWE-330,,,,0,0,1,0,0,0,1,0,,,,,,,,
BenchmarkTest00749.java,0,CWE-330,CWE-330,1,1,0,1,0,0,0,0,1,0,1286,0.0003215,448,0.000896,12,2.4e-05,0.0012415,4.329381227493286
BenchmarkTest00750.java,0,CWE-330,,,,0,0,1,0,0,0,1,0,,,,,,,,
BenchmarkTest00751.java,0,CWE-330,,,,0,0,1,0,0,0,1,0,,,,,,,,
BenchmarkTest00752.java,0,CWE-330,,,,0,0,1,0,0,0,1,0,,,,,,,,
BenchmarkTest00753.java,0,CWE-330,,,,0,0,1,0,0,0,1,0,,,,,,,,
BenchmarkTest00760.java,0,CWE-89,CWE-89,1,0,1,0,0,0,1,0,0,0,916,0.000229,256,0.000512,13,2.6e-05,0.000767,2.392709970474243
BenchmarkTest00761.java,0,CWE-89,CWE-89,1,0,1,0,0,0,1,0,0,0,918,0.0002295,192,0.000384,13,2.6e-05,0.0006395,2.460198402404785
BenchmarkTest00762.java,0,CWE-89,CWE-89,1,0,1,0,0,0,1,0,0,0,895,0.00022375,256,0.000512,13,2.6e-05,0.00076175,3.2490010261535645
BenchmarkTest00763.java,0,CWE-89,CWE-89,1,1,0,1,0,0,0,0,1,0,938,0.0002345,448,0.000896,12,2.4e-05,0.0011545,4.080652236938477
BenchmarkTest00764.java,0,CWE-89,,,,0,0,0,1,0,0,0,1,,,,,,,,
BenchmarkTest00765.java,0,CWE-89,,,,0,0,0,1,0,0,0,1,,,,,,,,
BenchmarkTest00766.java,0,CWE-89,,,,0,0,1,0,0,0,1,0,,,,,,,,
BenchmarkTest00767.java,0,CWE-89,,,,0,0,0,1,0,0,0,1,,,,,,,,
BenchmarkTest00768.java,0,CWE-89,,,,0,0,0,1,0,0,0,1,,,,,,,,
BenchmarkTest00769.java,0,CWE-89,CWE-89,1,0,1,0,0,0,1,0,0,0,944,0.000236,192,0.000384,13,2.6e-05,0.000646,2.770368814468384
BenchmarkTest00770.java,0,CWE-89,CWE-89,1,0,1,0,0,0,1,0,0,0,898,0.0002245,192,0.000384,13,2.6e-05,0.0006345,2.2043910026550293
BenchmarkTest00771.java,0,CWE-89,CWE-89,1,0,1,0,0,0,1,0,0,0,902,0.0002255,192,0.000384,13,2.6e-05,0.0006355,2.669177770614624
BenchmarkTest00772.java,0,CWE-89,CWE-89,1,1,0,1,0,0,0,0,1,0,902,0.0002255,256,0.000512,12,2.4e-05,0.0007615,3.8156886100769043
BenchmarkTest00773.java,0,CWE-89,CWE-89,1,1,0,1,0,0,0,0,1,0,890,0.0002225,576,0.001152,12,2.4e-05,0.0013985,5.1059792041778564
BenchmarkTest00774.java,0,CWE-89,CWE-89,1,1,0,1,0,0,0,0,1,0,916,0.000229,256,0.000512,12,2.4e-05,0.0007650000000000001,2.8631319999694824
BenchmarkTest00775.java,0,CWE-327,,,,0,0,1,0,0,0,1,0,,,,,,,,
BenchmarkTest00776.java,0,CWE-327,,,,0,0,1,0,0,0,1,0,,,,,,,,
BenchmarkTest00777.java,0,CWE-327,,,,0,0,1,0,0,0,1,0,,,,,,,,
BenchmarkTest00778.java,0,CWE-327,,,,0,0,1,0,0,0,1,0,,,,,,,,
BenchmarkTest00779.java,0,CWE-327,CWE-327,1,0,1,0,0,0,1,0,0,0,1692,0.000423,64,0.000128,13,2.6e-05,0.0005769999999999999,2.9626262187957764
BenchmarkTest00780.java,0,CWE-327,,,,0,0,1,0,0,0,1,0,,,,,,,,
BenchmarkTest00781.java,0,CWE-327,CWE-327,1,0,1,0,0,0,1,0,0,0,1348,0.000337,128,0.000256,13,2.6e-05,0.000619,2.832131862640381
BenchmarkTest00782.java,0,CWE-327,,,,0,0,1,0,0,0,1,0,,,,,,,,
BenchmarkTest00783.java,0,CWE-22,CWE-23,0,0,1,0,0,0,1,0,0,0,1500,0.000375,448,0.000896,13,2.6e-05,0.001297,4.854888439178467
BenchmarkTest00784.java,0,CWE-22,CWE-23,0,1,0,1,0,0,0,0,1,0,1444,0.000361,320,0.00064,12,2.4e-05,0.001025,5.3301966190338135
BenchmarkTest00785.java,0,CWE-22,CWE-23,0,0,1,0,0,0,1,0,0,0,1392,0.000348,320,0.00064,13,2.6e-05,0.0010140000000000001,4.707465410232544
BenchmarkTest00786.java,0,CWE-22,CWE-23,0,1,0,1,0,0,0,0,1,0,1407,0.00035175,320,0.00064,12,2.4e-05,0.00101575,3.768991708755493
BenchmarkTest00787.java,0,CWE-22,CWE-23,0,0,1,0,0,0,1,0,0,0,1350,0.0003375,320,0.00064,13,2.6e-05,0.0010035,4.608854532241821
BenchmarkTest00788.java,0,CWE-22,CWE-23,0,0,1,0,0,0,1,0,0,0,1331,0.00033275,256,0.000512,13,2.6e-05,0.00087075,2.3351051807403564
BenchmarkTest00789.java,0,CWE-328,CWE-916,0,0,1,0,0,0,1,0,0,0,1375,0.00034375,256,0.000512,13,2.6e-05,0.0008817499999999999,2.8026156425476074
BenchmarkTest00790.java,0,CWE-328,CWE-916,0,0,1,0,0,0,1,0,0,0,1342,0.0003355,256,0.000512,13,2.6e-05,0.0008734999999999999,2.7898178100585938
BenchmarkTest00791.java,0,CWE-328,,,,0,0,1,0,0,0,1,0,,,,,,,,
BenchmarkTest00792.java,0,CWE-328,,,,0,0,1,0,0,0,1,0,,,,,,,,
BenchmarkTest00793.java,0,CWE-328,,,,0,0,1,0,0,0,1,0,,,,,,,,
BenchmarkTest00794.java,0,CWE-328,CWE-916,0,0,1,0,0,0,1,0,0,0,1288,0.000322,192,0.000384,13,2.6e-05,0.000732,3.2571990489959717
BenchmarkTest00795.java,0,CWE-328,,,,0,0,1,0,0,0,1,0,,,,,,,,
BenchmarkTest00796.java,0,CWE-328,,,,0,0,0,1,0,0,0,1,,,,,,,,
BenchmarkTest00797.java,0,CWE-328,,,,0,0,0,1,0,0,0,1,,,,,,,,
BenchmarkTest00798.java,0,CWE-328,,,,0,0,1,0,0,0,1,0,,,,,,,,
BenchmarkTest00799.java,0,CWE-79,CWE-79,1,1,0,1,0,0,0,0,1,0,1490,0.0003725,704,0.001408,12,2.4e-05,0.0018045,6.1421003341674805
BenchmarkTest00800.java,0,CWE-79,CWE-79,1,0,1,0,0,0,1,0,0,0,1469,0.00036725,320,0.00064,13,2.6e-05,0.00103325,3.842393636703491
BenchmarkTest00801.java,0,CWE-79,CWE-79,1,0,1,0,0,0,1,0,0,0,1368,0.000342,384,0.000768,13,2.6e-05,0.001136,3.1345438957214355
BenchmarkTest00802.java,0,CWE-79,CWE-79,1,0,1,0,0,0,1,0,0,0,1403,0.00035075,384,0.000768,13,2.6e-05,0.00114475,3.509805679321289
BenchmarkTest00803.java,0,CWE-79,CWE-79,1,0,1,0,0,0,1,0,0,0,1355,0.00033875,192,0.000384,13,2.6e-05,0.0007487500000000001,2.1185789108276367
BenchmarkTest00804.java,0,CWE-79,CWE-79,1,0,1,0,0,0,1,0,0,0,1379,0.00034475,192,0.000384,13,2.6e-05,0.00075475,2.583338737487793
BenchmarkTest00805.java,0,CWE-79,CWE-79,1,0,1,0,0,0,1,0,0,0,1575,0.00039375,832,0.001664,13,2.6e-05,0.0020837499999999997,6.764988899230957
BenchmarkTest00806.java,0,CWE-79,CWE-79,1,0,1,0,0,0,1,0,0,0,1439,0.00035975,320,0.00064,13,2.6e-05,0.00102575,2.6732959747314453
BenchmarkTest00807.java,0,CWE-79,CWE-79,1,0,1,0,0,0,1,0,0,0,1387,0.00034675,512,0.001024,13,2.6e-05,0.00139675,4.907532215118408
BenchmarkTest00808.java,0,CWE-79,CWE-79,1,1,0,1,0,0,0,0,1,0,1435,0.00035875,832,0.001664,12,2.4e-05,0.00204675,5.932372808456421
BenchmarkTest00809.java,0,CWE-79,CWE-79,1,0,1,0,0,0,1,0,0,0,1401,0.00035025,320,0.00064,13,2.6e-05,0.00101625,4.772298097610474
BenchmarkTest00810.java,0,CWE-79,CWE-79,1,0,1,0,0,0,1,0,0,0,1381,0.00034525,384,0.000768,13,2.6e-05,0.00113925,4.884193181991577
BenchmarkTest00811.java,0,CWE-79,CWE-79,1,0,1,0,0,0,1,0,0,0,1453,0.00036325,256,0.000512,13,2.6e-05,0.0009012499999999999,3.595017671585083
BenchmarkTest00812.java,0,CWE-79,,,,0,0,1,0,0,0,1,0,,,,,,,,
BenchmarkTest00813.java,0,CWE-79,,,,0,0,1,0,0,0,1,0,,,,,,,,
BenchmarkTest00814.java,0,CWE-78,,,,0,0,1,0,0,0,1,0,,,,,,,,
BenchmarkTest00815.java,0,CWE-78,CWE-78,1,0,1,0,0,0,1,0,0,0,1059,0.00026475,256,0.000512,13,2.6e-05,0.00080275,4.585406303405762
BenchmarkTest00816.java,0,CWE-78,CWE-78,1,0,1,0,0,0,1,0,0,0,1144,0.000286,256,0.000512,13,2.6e-05,0.000824,4.355051517486572
BenchmarkTest00817.java,0,CWE-330,CWE-330,1,0,1,0,0,0,1,0,0,0,1552,0.000388,384,0.000768,13,2.6e-05,0.0011819999999999999,4.27665901184082
BenchmarkTest00818.java,0,CWE-330,CWE-330,1,0,1,0,0,0,1,0,0,0,1365,0.00034125,768,0.001536,13,2.6e-05,0.00190325,5.6867852210998535
BenchmarkTest00819.java,0,CWE-330,CWE-330,1,0,1,0,0,0,1,0,0,0,1335,0.00033375,192,0.000384,13,2.6e-05,0.00074375,4.765263557434082
BenchmarkTest00820.java,0,CWE-614,CWE-614,1,0,1,0,0,0,1,0,0,0,1093,0.00027325,192,0.000384,13,2.6e-05,0.00068325,2.8268940448760986
BenchmarkTest00821.java,0,CWE-614,CWE-614,1,0,1,0,0,0,1,0,0,0,1107,0.00027675,256,0.000512,13,2.6e-05,0.0008147499999999999,6.9882917404174805
BenchmarkTest00822.java,0,CWE-79,CWE-79,1,0,1,0,0,0,1,0,0,0,1394,0.0003485,256,0.000512,13,2.6e-05,0.0008864999999999999,3.2454755306243896
BenchmarkTest00823.java,0,CWE-78,CWE-78,1,0,1,0,0,0,1,0,0,0,1030,0.0002575,832,0.001664,13,2.6e-05,0.0019475,5.989404201507568
BenchmarkTest00824.java,0,CWE-78,CWE-78,1,0,1,0,0,0,1,0,0,0,1224,0.000306,768,0.001536,13,2.6e-05,0.001868,6.814098596572876
BenchmarkTest00825.java,0,CWE-78,CWE-78,1,0,1,0,0,0,1,0,0,0,1009,0.00025225,768,0.001536,13,2.6e-05,0.0018142499999999999,6.754973411560059
BenchmarkTest00826.java,0,CWE-78,,,,0,0,1,0,0,0,1,0,,,,,,,,
BenchmarkTest00827.java,0,CWE-78,CWE-78,1,1,0,1,0,0,0,0,1,0,1042,0.0002605,576,0.001152,12,2.4e-05,0.0014365,4.185638666152954
BenchmarkTest00828.java,0,CWE-330,,,,0,0,1,0,0,0,1,0,,,,,,,,
BenchmarkTest00829.java,0,CWE-330,,,,0,0,1,0,0,0,1,0,,,,,,,,
BenchmarkTest00830.java,0,CWE-330,,,,0,0,1,0,0,0,1,0,,,,,,,,
BenchmarkTest00831.java,0,CWE-330,,,,0,0,1,0,0,0,1,0,,,,,,,,
BenchmarkTest00832.java,0,CWE-330,,,,0,0,1,0,0,0,1,0,,,,,,,,
BenchmarkTest00837.java,0,CWE-89,CWE-89,1,1,0,1,0,0,0,0,1,0,1108,0.000277,384,0.000768,12,2.4e-05,0.0010689999999999999,3.2235159873962402
BenchmarkTest00838.java,0,CWE-89,CWE-89,1,1,0,1,0,0,0,0,1,0,1099,0.00027475,320,0.00064,12,2.4e-05,0.00093875,3.2345120906829834
BenchmarkTest00839.java,0,CWE-89,CWE-89,1,0,1,0,0,0,1,0,0,0,1024,0.000256,256,0.000512,13,2.6e-05,0.000794,3.5391063690185547
BenchmarkTest00840.java,0,CWE-89,CWE-89,1,0,1,0,0,0,1,0,0,0,1028,0.000257,256,0.000512,13,2.6e-05,0.0007949999999999999,3.6506786346435547
BenchmarkTest00841.java,0,CWE-89,CWE-89,1,0,1,0,0,0,1,0,0,0,1094,0.0002735,256,0.000512,13,2.6e-05,0.0008114999999999999,2.88249135017395
BenchmarkTest00842.java,0,CWE-89,,,,0,0,0,1,0,0,0,1,,,,,,,,
BenchmarkTest00843.java,0,CWE-89,,,,0,0,0,1,0,0,0,1,,,,,,,,
BenchmarkTest00844.java,0,CWE-89,,,,0,0,1,0,0,0,1,0,,,,,,,,
BenchmarkTest00845.java,0,CWE-89,,,,0,0,0,1,0,0,0,1,,,,,,,,
BenchmarkTest00846.java,0,CWE-89,CWE-89,1,0,1,0,0,0,1,0,0,0,999,0.00024975,320,0.00064,13,2.6e-05,0.0009157500000000001,3.7360877990722656
BenchmarkTest00847.java,0,CWE-89,CWE-89,1,0,1,0,0,0,1,0,0,0,1032,0.000258,320,0.00064,13,2.6e-05,0.000924,5.766014575958252
BenchmarkTest00848.java,0,CWE-89,CWE-89,1,0,1,0,0,0,1,0,0,0,969,0.00024225,128,0.000256,13,2.6e-05,0.00052425,3.5578770637512207
BenchmarkTest00849.java,0,CWE-89,CWE-89,1,0,1,0,0,0,1,0,0,0,1035,0.00025875,192,0.000384,13,2.6e-05,0.00066875,3.4352715015411377
BenchmarkTest00850.java,0,CWE-89,CWE-89,1,0,1,0,0,0,1,0,0,0,1032,0.000258,192,0.000384,13,2.6e-05,0.000668,3.507510185241699
BenchmarkTest00851.java,0,CWE-89,,,,0,0,1,0,0,0,1,0,,,,,,,,
BenchmarkTest00852.java,0,CWE-643,CWE-643,1,1,0,1,0,0,0,0,1,0,1128,0.000282,256,0.000512,12,2.4e-05,0.000818,4.528512001037598
BenchmarkTest00853.java,0,CWE-327,CWE-327,1,0,1,0,0,0,1,0,0,0,1510,0.0003775,128,0.000256,13,2.6e-05,0.0006594999999999999,3.361964702606201
BenchmarkTest00854.java,0,CWE-327,,,,0,0,1,0,0,0,1,0,,,,,,,,
BenchmarkTest00855.java,0,CWE-327,CWE-327,1,0,1,0,0,0,1,0,0,0,1610,0.0004025,128,0.000256,13,2.6e-05,0.0006845,3.2976033687591553
BenchmarkTest00856.java,0,CWE-327,CWE-327,1,0,1,0,0,0,1,0,0,0,1411,0.00035275,128,0.000256,13,2.6e-05,0.0006347499999999999,2.663273811340332
BenchmarkTest00857.java,0,CWE-327,CWE-327,1,0,1,0,0,0,1,0,0,0,1277,0.00031925,128,0.000256,13,2.6e-05,0.00060125,1.8877134323120117
BenchmarkTest00858.java,0,CWE-327,,,,0,0,1,0,0,0,1,0,,,,,,,,
BenchmarkTest00859.java,0,CWE-327,CWE-327,1,0,1,0,0,0,1,0,0,0,1259,0.00031475,256,0.000512,13,2.6e-05,0.00085275,2.3641316890716553
BenchmarkTest00860.java,0,CWE-90,,,,0,0,1,0,0,0,1,0,,,,,,,,
BenchmarkTest00861.java,0,CWE-90,,,,0,0,1,0,0,0,1,0,,,,,,,,
BenchmarkTest00862.java,0,CWE-22,,,,0,0,1,0,0,0,1,0,,,,,,,,
BenchmarkTest00863.java,0,CWE-22,,,,0,0,1,0,0,0,1,0,,,,,,,,
BenchmarkTest00864.java,0,CWE-22,,,,0,0,1,0,0,0,1,0,,,,,,,,
BenchmarkTest00865.java,0,CWE-22,,,,0,0,1,0,0,0,1,0,,,,,,,,
BenchmarkTest00866.java,0,CWE-22,,,,0,0,1,0,0,0,1,0,,,,,,,,
BenchmarkTest00867.java,0,CWE-22,,,,0,0,1,0,0,0,1,0,,,,,,,,
BenchmarkTest00868.java,0,CWE-328,CWE-916,0,0,1,0,0,0,1,0,0,0,1449,0.00036225,320,0.00064,13,2.6e-05,0.00102825,3.3967792987823486
BenchmarkTest00869.java,0,CWE-328,CWE-916,0,0,1,0,0,0,1,0,0,0,1321,0.00033025,192,0.000384,13,2.6e-05,0.00074025,2.6976847648620605
BenchmarkTest00870.java,0,CWE-328,CWE-916,0,0,1,0,0,0,1,0,0,0,1197,0.00029925,256,0.000512,13,2.6e-05,0.0008372499999999999,2.6547226905822754
BenchmarkTest00871.java,0,CWE-328,CWE-916,0,0,1,0,0,0,1,0,0,0,1265,0.00031625,256,0.000512,13,2.6e-05,0.00085425,2.835045576095581
BenchmarkTest00872.java,0,CWE-328,CWE-916,0,0,1,0,0,0,1,0,0,0,1194,0.0002985,192,0.000384,13,2.6e-05,0.0007084999999999999,2.5150463581085205
BenchmarkTest00873.java,0,CWE-328,,,,0,0,1,0,0,0,1,0,,,,,,,,
BenchmarkTest00874.java,0,CWE-328,,,,0,0,1,0,0,0,1,0,,,,,,,,
BenchmarkTest00875.java,0,CWE-328,,,,0,0,0,1,0,0,0,1,,,,,,,,
BenchmarkTest00876.java,0,CWE-328,,,,0,0,0,1,0,0,0,1,,,,,,,,
BenchmarkTest00877.java,0,CWE-328,,,,0,0,1,0,0,0,1,0,,,,,,,,
BenchmarkTest00878.java,0,CWE-328,,,,0,0,1,0,0,0,1,0,,,,,,,,
BenchmarkTest00879.java,0,CWE-79,,,,0,0,1,0,0,0,1,0,,,,,,,,
BenchmarkTest00880.java,0,CWE-79,,,,0,0,1,0,0,0,1,0,,,,,,,,
BenchmarkTest00881.java,0,CWE-79,,,,0,0,1,0,0,0,1,0,,,,,,,,
BenchmarkTest00882.java,0,CWE-79,,,,0,0,1,0,0,0,1,0,,,,,,,,
BenchmarkTest00883.java,0,CWE-79,,,,0,0,1,0,0,0,1,0,,,,,,,,
BenchmarkTest00884.java,0,CWE-79,,,,0,0,1,0,0,0,1,0,,,,,,,,
BenchmarkTest00885.java,0,CWE-79,,,,0,0,1,0,0,0,1,0,,,,,,,,
BenchmarkTest00886.java,0,CWE-79,,,,0,0,1,0,0,0,1,0,,,,,,,,
BenchmarkTest00887.java,0,CWE-79,,,,0,0,1,0,0,0,1,0,,,,,,,,
BenchmarkTest00888.java,0,CWE-79,,,,0,0,1,0,0,0,1,0,,,,,,,,
BenchmarkTest00889.java,0,CWE-79,,,,0,0,1,0,0,0,1,0,,,,,,,,
BenchmarkTest00890.java,0,CWE-79,,,,0,0,1,0,0,0,1,0,,,,,,,,
BenchmarkTest00891.java,0,CWE-79,,,,0,0,1,0,0,0,1,0,,,,,,,,
BenchmarkTest00892.java,0,CWE-79,,,,0,0,1,0,0,0,1,0,,,,,,,,
BenchmarkTest00893.java,0,CWE-79,,,,0,0,1,0,0,0,1,0,,,,,,,,
BenchmarkTest00894.java,0,CWE-79,,,,0,0,1,0,0,0,1,0,,,,,,,,
BenchmarkTest00895.java,0,CWE-78,,,,0,0,1,0,0,0,1,0,,,,,,,,
BenchmarkTest00896.java,0,CWE-78,,,,0,0,1,0,0,0,1,0,,,,,,,,
BenchmarkTest00897.java,0,CWE-78,,,,0,0,1,0,0,0,1,0,,,,,,,,
BenchmarkTest00898.java,0,CWE-330,CWE-330,1,0,1,0,0,0,1,0,0,0,1247,0.00031175,128,0.000256,13,2.6e-05,0.00059375,2.170034885406494
BenchmarkTest00899.java,0,CWE-330,CWE-330,1,0,1,0,0,0,1,0,0,0,1269,0.00031725,192,0.000384,13,2.6e-05,0.00072725,3.252021312713623
BenchmarkTest00900.java,0,CWE-330,CWE-330,1,0,1,0,0,0,1,0,0,0,1260,0.000315,512,0.001024,13,2.6e-05,0.001365,4.775345802307129
BenchmarkTest00901.java,0,CWE-330,CWE-330,1,0,1,0,0,0,1,0,0,0,1261,0.00031525,960,0.00192,13,2.6e-05,0.0022612500000000002,7.427919626235962
BenchmarkTest00902.java,0,CWE-330,CWE-330,1,0,1,0,0,0,1,0,0,0,1246,0.0003115,512,0.001024,13,2.6e-05,0.0013614999999999999,4.423573970794678
BenchmarkTest00903.java,0,CWE-614,CWE-614,1,0,1,0,0,0,1,0,0,0,1033,0.00025825,192,0.000384,13,2.6e-05,0.00066825,1.9996190071105957
BenchmarkTest00904.java,0,CWE-614,,,,0,0,1,0,0,0,1,0,,,,,,,,
BenchmarkTest00905.java,0,CWE-78,,,,0,0,1,0,0,0,1,0,,,,,,,,
BenchmarkTest00906.java,0,CWE-78,,,,0,0,1,0,0,0,1,0,,,,,,,,
BenchmarkTest00907.java,0,CWE-78,,,,0,0,1,0,0,0,1,0,,,,,,,,
BenchmarkTest00908.java,0,CWE-78,,,,0,0,1,0,0,0,1,0,,,,,,,,
BenchmarkTest00909.java,0,CWE-78,,,,0,0,1,0,0,0,1,0,,,,,,,,
BenchmarkTest00910.java,0,CWE-78,,,,0,0,1,0,0,0,1,0,,,,,,,,
BenchmarkTest00911.java,0,CWE-330,,,,0,0,1,0,0,0,1,0,,,,,,,,
BenchmarkTest00912.java,0,CWE-330,,,,0,0,1,0,0,0,1,0,,,,,,,,
BenchmarkTest00913.java,0,CWE-330,,,,0,0,1,0,0,0,1,0,,,,,,,,
BenchmarkTest00914.java,0,CWE-330,,,,0,0,1,0,0,0,1,0,,,,,,,,
BenchmarkTest00915.java,0,CWE-330,,,,0,0,1,0,0,0,1,0,,,,,,,,
BenchmarkTest00916.java,0,CWE-330,,,,0,0,1,0,0,0,1,0,,,,,,,,
BenchmarkTest00917.java,0,CWE-330,,,,0,0,1,0,0,0,1,0,,,,,,,,
BenchmarkTest00918.java,0,CWE-330,,,,0,0,1,0,0,0,1,0,,,,,,,,
BenchmarkTest00919.java,0,CWE-330,,,,0,0,1,0,0,0,1,0,,,,,,,,
BenchmarkTest00920.java,0,CWE-330,,,,0,0,1,0,0,0,1,0,,,,,,,,
BenchmarkTest00921.java,0,CWE-330,,,,0,0,1,0,0,0,1,0,,,,,,,,
BenchmarkTest00924.java,0,CWE-89,,,,0,0,1,0,0,0,1,0,,,,,,,,
BenchmarkTest00925.java,0,CWE-89,,,,0,0,1,0,0,0,1,0,,,,,,,,
BenchmarkTest00926.java,0,CWE-89,,,,0,0,1,0,0,0,1,0,,,,,,,,
BenchmarkTest00927.java,0,CWE-89,,,,0,0,1,0,0,0,1,0,,,,,,,,
BenchmarkTest00928.java,0,CWE-89,,,,0,0,1,0,0,0,1,0,,,,,,,,
BenchmarkTest00929.java,0,CWE-89,,,,0,0,1,0,0,0,1,0,,,,,,,,
BenchmarkTest00930.java,0,CWE-89,,,,0,0,1,0,0,0,1,0,,,,,,,,
BenchmarkTest00931.java,0,CWE-89,,,,0,0,1,0,0,0,1,0,,,,,,,,
BenchmarkTest00932.java,0,CWE-89,,,,0,0,1,0,0,0,1,0,,,,,,,,
BenchmarkTest00933.java,0,CWE-89,,,,0,0,1,0,0,0,1,0,,,,,,,,
BenchmarkTest00934.java,0,CWE-89,,,,0,0,1,0,0,0,1,0,,,,,,,,
BenchmarkTest00935.java,0,CWE-89,,,,0,0,1,0,0,0,1,0,,,,,,,,
BenchmarkTest00936.java,0,CWE-89,,,,0,0,1,0,0,0,1,0,,,,,,,,
BenchmarkTest00937.java,0,CWE-89,,,,0,0,1,0,0,0,1,0,,,,,,,,
BenchmarkTest00938.java,0,CWE-89,,,,0,0,1,0,0,0,1,0,,,,,,,,
BenchmarkTest00939.java,0,CWE-89,,,,0,0,1,0,0,0,1,0,,,,,,,,
BenchmarkTest00940.java,0,CWE-89,,,,0,0,1,0,0,0,1,0,,,,,,,,
BenchmarkTest00941.java,0,CWE-643,,,,0,0,1,0,0,0,1,0,,,,,,,,
BenchmarkTest00942.java,0,CWE-327,,,,0,0,1,0,0,0,1,0,,,,,,,,
BenchmarkTest00943.java,0,CWE-327,,,,0,0,1,0,0,0,1,0,,,,,,,,
BenchmarkTest00944.java,0,CWE-327,,,,0,0,1,0,0,0,1,0,,,,,,,,
BenchmarkTest00945.java,0,CWE-327,CWE-327,1,0,1,0,0,0,1,0,0,0,1453,0.00036325,320,0.00064,13,2.6e-05,0.00102925,3.2427456378936768
BenchmarkTest00946.java,0,CWE-327,CWE-327,1,0,1,0,0,0,1,0,0,0,1410,0.0003525,256,0.000512,13,2.6e-05,0.0008905,3.7333590984344482
BenchmarkTest00947.java,0,CWE-90,CWE-90,1,0,1,0,0,0,1,0,0,0,1340,0.000335,320,0.00064,13,2.6e-05,0.0010010000000000002,3.6472363471984863
BenchmarkTest00948.java,0,CWE-90,CWE-90,1,1,0,1,0,0,0,0,1,0,1388,0.000347,384,0.000768,12,2.4e-05,0.001139,3.655501127243042
BenchmarkTest00949.java,0,CWE-22,CWE-23,0,0,1,0,0,0,1,0,0,0,1334,0.0003335,320,0.00064,13,2.6e-05,0.0009995,3.145982503890991
BenchmarkTest00950.java,0,CWE-22,CWE-23,0,1,1,0,0,0,0,0,0,1,1323,0.00033075,832,0.001664,12,2.4e-05,0.00201875,7.622960090637207
BenchmarkTest00951.java,0,CWE-22,CWE-23,0,1,0,1,0,0,0,0,1,0,1490,0.0003725,384,0.000768,12,2.4e-05,0.0011645,5.248050928115845
BenchmarkTest00952.java,0,CWE-22,CWE-23,0,0,1,0,0,0,1,0,0,0,1573,0.00039325,704,0.001408,13,2.6e-05,0.0018272499999999999,7.2522292137146
BenchmarkTest00953.java,0,CWE-22,CWE-23,0,0,1,0,0,0,1,0,0,0,1393,0.00034825,576,0.001152,13,2.6e-05,0.00152625,5.460845232009888
BenchmarkTest00954.java,0,CWE-22,CWE-23,0,1,0,1,0,0,0,0,1,0,1426,0.0003565,384,0.000768,12,2.4e-05,0.0011485,3.9804301261901855
BenchmarkTest00955.java,0,CWE-22,CWE-23,0,1,0,1,0,0,0,0,1,0,1361,0.00034025,448,0.000896,12,2.4e-05,0.0012602499999999999,4.851296663284302
BenchmarkTest00956.java,0,CWE-22,CWE-23,0,0,1,0,0,0,1,0,0,0,1359,0.00033975,704,0.001408,13,2.6e-05,0.00177375,7.316879510879517
BenchmarkTest00957.java,0,CWE-22,CWE-23,0,1,0,1,0,0,0,0,1,0,1550,0.0003875,576,0.001152,12,2.4e-05,0.0015635,5.628283739089966
BenchmarkTest00958.java,0,CWE-22,CWE-23,0,1,0,1,0,0,0,0,1,0,1589,0.00039725,320,0.00064,12,2.4e-05,0.00106125,2.741792678833008
BenchmarkTest00959.java,0,CWE-90,CWE-90,1,0,1,0,0,0,1,0,0,0,1369,0.00034225,320,0.00064,13,2.6e-05,0.00100825,3.683988332748413
BenchmarkTest00960.java,0,CWE-330,CWE-330,1,0,1,0,0,0,1,0,0,0,1495,0.00037375,192,0.000384,13,2.6e-05,0.0007837499999999999,3.8646504878997803
BenchmarkTest00961.java,0,CWE-328,CWE-916,0,0,1,0,0,0,1,0,0,0,1490,0.0003725,448,0.000896,13,2.6e-05,0.0012945,4.826323986053467
BenchmarkTest00962.java,0,CWE-328,,,,0,0,1,0,0,0,1,0,,,,,,,,
BenchmarkTest00963.java,0,CWE-328,CWE-916,0,0,1,0,0,0,1,0,0,0,1337,0.00033425,256,0.000512,13,2.6e-05,0.00087225,3.1154353618621826
BenchmarkTest00964.java,0,CWE-328,,,,0,0,1,0,0,0,1,0,,,,,,,,
BenchmarkTest00965.java,0,CWE-328,,,,0,0,1,0,0,0,1,0,,,,,,,,
BenchmarkTest00966.java,0,CWE-328,,,,0,0,1,0,0,0,1,0,,,,,,,,
BenchmarkTest00967.java,0,CWE-328,,,,0,0,1,0,0,0,1,0,,,,,,,,
BenchmarkTest00968.java,0,CWE-78,CWE-78,1,0,1,0,0,0,1,0,0,0,1119,0.00027975,320,0.00064,13,2.6e-05,0.00094575,3.0061395168304443
BenchmarkTest00969.java,0,CWE-78,CWE-78,1,1,0,1,0,0,0,0,1,0,1347,0.00033675,320,0.00064,12,2.4e-05,0.0010007500000000001,3.1562139987945557
BenchmarkTest00970.java,0,CWE-78,CWE-78,1,1,0,1,0,0,0,0,1,0,1144,0.000286,320,0.00064,12,2.4e-05,0.0009500000000000001,3.2662835121154785
BenchmarkTest00971.java,0,CWE-330,CWE-330,1,0,1,0,0,0,1,0,0,0,1435,0.00035875,256,0.000512,13,2.6e-05,0.00089675,3.7166388034820557
BenchmarkTest00972.java,0,CWE-330,CWE-330,1,0,1,0,0,0,1,0,0,0,1488,0.000372,384,0.000768,13,2.6e-05,0.001166,3.6180121898651123
BenchmarkTest00973.java,0,CWE-330,CWE-330,1,0,1,0,0,0,1,0,0,0,1379,0.00034475,512,0.001024,13,2.6e-05,0.00139475,4.430527687072754
BenchmarkTest00974.java,0,CWE-330,CWE-330,1,0,1,0,0,0,1,0,0,0,1418,0.0003545,448,0.000896,13,2.6e-05,0.0012764999999999999,4.12772536277771
BenchmarkTest00975.java,0,CWE-330,CWE-330,1,0,1,0,0,0,1,0,0,0,1388,0.000347,192,0.000384,13,2.6e-05,0.000757,3.469123601913452
BenchmarkTest00976.java,0,CWE-330,CWE-330,1,0,1,0,0,0,1,0,0,0,1400,0.00035,320,0.00064,13,2.6e-05,0.001016,5.097046852111816
BenchmarkTest00977.java,0,CWE-614,CWE-614,1,0,1,0,0,0,1,0,0,0,1180,0.000295,256,0.000512,13,2.6e-05,0.000833,3.6852283477783203
BenchmarkTest00978.java,0,CWE-78,CWE-78,1,1,0,1,0,0,0,0,1,0,1417,0.00035425,320,0.00064,12,2.4e-05,0.00101825,4.039864778518677
BenchmarkTest00979.java,0,CWE-78,CWE-78,1,0,1,0,0,0,1,0,0,0,1274,0.0003185,448,0.000896,13,2.6e-05,0.0012404999999999998,4.973663806915283
BenchmarkTest00980.java,0,CWE-78,CWE-78,1,1,0,1,0,0,0,0,1,0,1097,0.00027425,768,0.001536,12,2.4e-05,0.00183425,8.949920892715454
BenchmarkTest00981.java,0,CWE-78,CWE-78,1,0,1,0,0,0,1,0,0,0,1222,0.0003055,704,0.001408,13,2.6e-05,0.0017395,7.983668565750122
BenchmarkTest00982.java,0,CWE-78,CWE-78,1,1,0,1,0,0,0,0,1,0,1145,0.00028625,384,0.000768,12,2.4e-05,0.00107825,3.4326019287109375
BenchmarkTest00983.java,0,CWE-78,CWE-78,1,0,1,0,0,0,1,0,0,0,1055,0.00026375,704,0.001408,13,2.6e-05,0.00169775,6.276247501373291
BenchmarkTest00984.java,0,CWE-330,CWE-330,1,1,0,1,0,0,0,0,1,0,1698,0.0004245,384,0.000768,12,2.4e-05,0.0012165,3.37030291557312
BenchmarkTest00985.java,0,CWE-330,CWE-330,1,1,0,1,0,0,0,0,1,0,1529,0.00038225,640,0.00128,12,2.4e-05,0.00168625,6.055227756500244
BenchmarkTest00986.java,0,CWE-330,CWE-330,1,1,0,1,0,0,0,0,1,0,1496,0.000374,512,0.001024,12,2.4e-05,0.0014219999999999999,4.245092153549194
BenchmarkTest00987.java,0,CWE-330,,,,0,0,1,0,0,0,1,0,,,,,,,,
BenchmarkTest00988.java,0,CWE-330,,,,0,0,1,0,0,0,1,0,,,,,,,,
BenchmarkTest00989.java,0,CWE-330,,,,0,0,1,0,0,0,1,0,,,,,,,,
BenchmarkTest00990.java,0,CWE-330,,,,0,0,1,0,0,0,1,0,,,,,,,,
BenchmarkTest00996.java,0,CWE-89,CWE-89,1,0,1,0,0,0,1,0,0,0,1091,0.00027275,576,0.001152,13,2.6e-05,0.00145075,4.697645902633667
BenchmarkTest00997.java,0,CWE-89,CWE-89,1,0,1,0,0,0,1,0,0,0,1129,0.00028225,448,0.000896,13,2.6e-05,0.00120425,4.28997015953064
BenchmarkTest00998.java,0,CWE-89,CWE-89,1,0,1,0,0,0,1,0,0,0,1095,0.00027375,384,0.000768,13,2.6e-05,0.0010677500000000001,4.44311785697937
BenchmarkTest00999.java,0,CWE-89,CWE-89,1,1,0,1,0,0,0,0,1,0,1107,0.00027675,384,0.000768,12,2.4e-05,0.00106875,3.1158080101013184
BenchmarkTest01000.java,0,CWE-89,CWE-89,1,0,1,0,0,0,1,0,0,0,1125,0.00028125,320,0.00064,13,2.6e-05,0.00094725,3.6432719230651855
BenchmarkTest01001.java,0,CWE-89,CWE-89,1,1,0,1,0,0,0,0,1,0,1065,0.00026625,320,0.00064,12,2.4e-05,0.0009302500000000001,4.008755683898926
BenchmarkTest01002.java,0,CWE-89,CWE-89,1,0,1,0,0,0,1,0,0,0,1073,0.00026825,320,0.00064,13,2.6e-05,0.00093425,3.166987419128418
BenchmarkTest01003.java,0,CWE-89,CWE-89,1,0,1,0,0,0,1,0,0,0,1109,0.00027725,448,0.000896,13,2.6e-05,0.00119925,4.503419876098633
BenchmarkTest01004.java,0,CWE-89,CWE-89,1,0,1,0,0,0,1,0,0,0,1138,0.0002845,384,0.000768,13,2.6e-05,0.0010785,4.396072864532471
BenchmarkTest01005.java,0,CWE-89,CWE-89,1,0,1,0,0,0,1,0,0,0,1118,0.0002795,384,0.000768,13,2.6e-05,0.0010735,4.840833425521851
BenchmarkTest01006.java,0,CWE-89,,,,0,0,0,1,0,0,0,1,,,,,,,,
BenchmarkTest01007.java,0,CWE-89,,,,0,0,0,1,0,0,0,1,,,,,,,,
BenchmarkTest01008.java,0,CWE-89,,,,0,0,0,1,0,0,0,1,,,,,,,,
BenchmarkTest01009.java,0,CWE-89,,,,0,0,0,1,0,0,0,1,,,,,,,,
BenchmarkTest01010.java,0,CWE-89,CWE-89,1,1,0,1,0,0,0,0,1,0,1128,0.000282,576,0.001152,12,2.4e-05,0.0014579999999999999,5.427109479904175
BenchmarkTest01011.java,0,CWE-89,CWE-89,1,0,1,0,0,0,1,0,0,0,1064,0.000266,256,0.000512,13,2.6e-05,0.000804,4.065943717956543
BenchmarkTest01012.java,0,CWE-89,CWE-89,1,1,0,1,0,0,0,0,1,0,1092,0.000273,576,0.001152,12,2.4e-05,0.001449,6.108992338180542
BenchmarkTest01013.java,0,CWE-643,CWE-643,1,1,0,1,0,0,0,0,1,0,1200,0.0003,192,0.000384,12,2.4e-05,0.000708,4.615190029144287
BenchmarkTest01014.java,0,CWE-643,CWE-643,1,1,0,1,0,0,0,0,1,0,1170,0.0002925,256,0.000512,12,2.4e-05,0.0008285,5.70169734954834
BenchmarkTest01015.java,0,CWE-327,CWE-327,1,0,1,0,0,0,1,0,0,0,1574,0.0003935,128,0.000256,13,2.6e-05,0.0006755,2.675464391708374
BenchmarkTest01016.java,0,CWE-327,CWE-327,1,0,1,0,0,0,1,0,0,0,1715,0.00042875,256,0.000512,13,2.6e-05,0.0009667499999999999,3.6869571208953857
BenchmarkTest01017.java,0,CWE-327,CWE-327,1,0,1,0,0,0,1,0,0,0,1836,0.000459,192,0.000384,13,2.6e-05,0.000869,2.112391948699951
BenchmarkTest01018.java,0,CWE-327,CWE-327,1,0,1,0,0,0,1,0,0,0,1259,0.00031475,64,0.000128,13,2.6e-05,0.00046875,1.3457653522491455
BenchmarkTest01019.java,0,CWE-327,,,,0,0,1,0,0,0,1,0,,,,,,,,
BenchmarkTest01020.java,0,CWE-327,CWE-327,1,0,1,0,0,0,1,0,0,0,1261,0.00031525,320,0.00064,13,2.6e-05,0.0009812500000000001,2.933116912841797
BenchmarkTest01021.java,0,CWE-327,,,,0,0,1,0,0,0,1,0,,,,,,,,
BenchmarkTest01022.java,0,CWE-327,,,,0,0,1,0,0,0,1,0,,,,,,,,
BenchmarkTest01023.java,0,CWE-90,CWE-90,1,0,1,0,0,0,1,0,0,0,1195,0.00029875,320,0.00064,13,2.6e-05,0.0009647500000000001,3.3322160243988037
BenchmarkTest01024.java,0,CWE-90,CWE-90,1,1,0,1,0,0,0,0,1,0,1206,0.0003015,320,0.00064,12,2.4e-05,0.0009655000000000001,2.77567720413208
BenchmarkTest01025.java,0,CWE-22,CWE-23,0,0,1,0,0,0,1,0,0,0,1209,0.00030225,448,0.000896,13,2.6e-05,0.00122425,3.781937599182129
BenchmarkTest01026.java,0,CWE-22,CWE-23,0,1,0,1,0,0,0,0,1,0,1406,0.0003515,320,0.00064,12,2.4e-05,0.0010155,3.8641669750213623
BenchmarkTest01027.java,0,CWE-22,CWE-23,0,1,0,1,0,0,0,0,1,0,1203,0.00030075,256,0.000512,11,2.2e-05,0.00083475,2.6002798080444336
BenchmarkTest01028.java,0,CWE-22,CWE-23,0,1,0,1,0,0,0,0,1,0,1382,0.0003455,576,0.001152,12,2.4e-05,0.0015215,4.601815462112427
BenchmarkTest01029.java,0,CWE-22,CWE-23,0,0,1,0,0,0,1,0,0,0,1355,0.00033875,512,0.001024,13,2.6e-05,0.00138875,4.311509847640991
BenchmarkTest01030.java,0,CWE-22,CWE-23,0,1,0,1,0,0,0,0,1,0,1409,0.00035225,384,0.000768,12,2.4e-05,0.00114425,3.9817006587982178
BenchmarkTest01031.java,0,CWE-22,CWE-23,0,1,0,1,0,0,0,0,1,0,1336,0.000334,384,0.000768,12,2.4e-05,0.001126,3.920003652572632
BenchmarkTest01032.java,0,CWE-22,CWE-23,0,0,1,0,0,0,1,0,0,0,1254,0.0003135,512,0.001024,13,2.6e-05,0.0013635,4.9853222370147705
BenchmarkTest01033.java,0,CWE-22,CWE-23,0,0,1,0,0,0,1,0,0,0,1248,0.000312,192,0.000384,13,2.6e-05,0.000722,2.0900115966796875
BenchmarkTest01034.java,0,CWE-22,CWE-23,0,0,1,0,0,0,1,0,0,0,1260,0.000315,384,0.000768,13,2.6e-05,0.001109,4.06195855140686
BenchmarkTest01035.java,0,CWE-22,CWE-23,0,1,0,1,0,0,0,0,1,0,1250,0.0003125,256,0.000512,12,2.4e-05,0.0008485,2.9989190101623535
BenchmarkTest01036.java,0,CWE-22,CWE-23,0,1,0,1,0,0,0,0,1,0,1436,0.000359,256,0.000512,12,2.4e-05,0.0008950000000000001,3.9585342407226562
BenchmarkTest01037.java,0,CWE-328,,,,0,0,1,0,0,0,1,0,,,,,,,,
BenchmarkTest01038.java,0,CWE-328,CWE-916,0,0,1,0,0,0,1,0,0,0,1211,0.00030275,256,0.000512,13,2.6e-05,0.0008407499999999999,3.3899643421173096
BenchmarkTest01039.java,0,CWE-328,,,,0,0,1,0,0,0,1,0,,,,,,,,
BenchmarkTest01040.java,0,CWE-328,,,,0,0,1,0,0,0,1,0,,,,,,,,
BenchmarkTest01041.java,0,CWE-328,,,,0,0,0,1,0,0,0,1,,,,,,,,
BenchmarkTest01042.java,0,CWE-328,,,,0,0,0,1,0,0,0,1,,,,,,,,
BenchmarkTest01043.java,0,CWE-328,,,,0,0,0,1,0,0,0,1,,,,,,,,
BenchmarkTest01044.java,0,CWE-328,,,,0,0,0,1,0,0,0,1,,,,,,,,
BenchmarkTest01045.java,0,CWE-328,,,,0,0,1,0,0,0,1,0,,,,,,,,
BenchmarkTest01046.java,0,CWE-79,CWE-79,1,0,1,0,0,0,1,0,0,0,1428,0.000357,512,0.001024,13,2.6e-05,0.0014069999999999998,4.9371654987335205
BenchmarkTest01047.java,0,CWE-79,CWE-79,1,0,1,0,0,0,1,0,0,0,1395,0.00034875,768,0.001536,13,2.6e-05,0.0019107500000000001,7.278286933898926
BenchmarkTest01048.java,0,CWE-79,CWE-79,1,1,0,1,0,0,0,0,1,0,1291,0.00032275,960,0.00192,12,2.4e-05,0.00226675,8.903722286224365
BenchmarkTest01049.java,0,CWE-79,CWE-79,1,0,1,0,0,0,1,0,0,0,1350,0.0003375,576,0.001152,13,2.6e-05,0.0015155,5.441746473312378
BenchmarkTest01050.java,0,CWE-79,CWE-79,1,0,1,0,0,0,1,0,0,0,1288,0.000322,256,0.000512,13,2.6e-05,0.00086,3.473397970199585
BenchmarkTest01051.java,0,CWE-79,CWE-79,1,1,0,1,0,0,0,0,1,0,1319,0.00032975,320,0.00064,12,2.4e-05,0.00099375,4.105559349060059
BenchmarkTest01052.java,0,CWE-79,CWE-79,1,1,0,1,0,0,0,0,1,0,1345,0.00033625,384,0.000768,12,2.4e-05,0.00112825,6.336621046066284
BenchmarkTest01053.java,0,CWE-79,CWE-79,1,1,0,1,0,0,0,0,1,0,1296,0.000324,256,0.000512,12,2.4e-05,0.00086,3.5344126224517822
BenchmarkTest01054.java,0,CWE-79,CWE-79,1,1,0,1,0,0,0,0,1,0,1273,0.00031825,448,0.000896,12,2.4e-05,0.00123825,5.102890491485596
BenchmarkTest01055.java,0,CWE-79,CWE-79,1,0,1,0,0,0,1,0,0,0,1328,0.000332,320,0.00064,13,2.6e-05,0.000998,4.085883855819702
BenchmarkTest01056.java,0,CWE-79,CWE-79,1,0,1,0,0,0,1,0,0,0,1325,0.00033125,320,0.00064,13,2.6e-05,0.00099725,3.7991645336151123
BenchmarkTest01057.java,0,CWE-79,CWE-79,1,0,1,0,0,0,1,0,0,0,1294,0.0003235,640,0.00128,13,2.6e-05,0.0016295,5.571680307388306
BenchmarkTest01058.java,0,CWE-330,CWE-330,1,0,1,0,0,0,1,0,0,0,1280,0.00032,192,0.000384,13,2.6e-05,0.00073,2.805492401123047
BenchmarkTest01059.java,0,CWE-330,CWE-330,1,0,1,0,0,0,1,0,0,0,1275,0.00031875,256,0.000512,13,2.6e-05,0.00085675,3.0053064823150635
BenchmarkTest01060.java,0,CWE-330,CWE-330,1,0,1,0,0,0,1,0,0,0,1307,0.00032675,576,0.001152,13,2.6e-05,0.00150475,4.464574098587036
BenchmarkTest01061.java,0,CWE-614,CWE-614,1,0,1,0,0,0,1,0,0,0,1068,0.000267,192,0.000384,13,2.6e-05,0.000677,1.7660629749298096
BenchmarkTest01062.java,0,CWE-614,,,,0,0,1,0,0,0,1,0,,,,,,,,
BenchmarkTest01063.java,0,CWE-79,CWE-79,1,0,1,0,0,0,1,0,0,0,1491,0.00037275,1024,0.002048,13,2.6e-05,0.0024467499999999997,9.04898738861084
BenchmarkTest01064.java,0,CWE-78,CWE-78,1,0,1,0,0,0,1,0,0,0,1024,0.000256,576,0.001152,13,2.6e-05,0.001434,4.546271324157715
BenchmarkTest01065.java,0,CWE-78,CWE-78,1,1,0,1,0,0,0,0,1,0,1072,0.000268,320,0.00064,12,2.4e-05,0.0009320000000000001,3.7504031658172607
BenchmarkTest01066.java,0,CWE-78,CWE-78,1,0,1,0,0,0,1,0,0,0,922,0.0002305,640,0.00128,13,2.6e-05,0.0015365,4.6693854331970215
BenchmarkTest01067.java,0,CWE-78,CWE-78,1,1,0,1,0,0,0,0,1,0,936,0.000234,448,0.000896,12,2.4e-05,0.0011539999999999999,3.7142891883850098
BenchmarkTest01068.java,0,CWE-78,CWE-78,1,1,0,1,0,0,0,0,1,0,991,0.00024775,320,0.00064,12,2.4e-05,0.0009117500000000001,4.079656362533569
BenchmarkTest01069.java,0,CWE-330,,,,0,0,1,0,0,0,1,0,,,,,,,,
BenchmarkTest01070.java,0,CWE-330,,,,0,0,1,0,0,0,1,0,,,,,,,,
BenchmarkTest01071.java,0,CWE-330,,,,0,0,1,0,0,0,1,0,,,,,,,,
BenchmarkTest01072.java,0,CWE-330,CWE-330,1,1,0,1,0,0,0,0,1,0,1362,0.0003405,576,0.001152,12,2.4e-05,0.0015164999999999998,5.508167505264282
BenchmarkTest01073.java,0,CWE-330,,,,0,0,1,0,0,0,1,0,,,,,,,,
BenchmarkTest01074.java,0,CWE-330,,,,0,0,1,0,0,0,1,0,,,,,,,,
BenchmarkTest01075.java,0,CWE-330,,,,0,0,1,0,0,0,1,0,,,,,,,,
BenchmarkTest01076.java,0,CWE-330,,,,0,0,1,0,0,0,1,0,,,,,,,,
BenchmarkTest01077.java,0,CWE-330,,,,0,0,1,0,0,0,1,0,,,,,,,,
BenchmarkTest01078.java,0,CWE-330,,,,0,0,1,0,0,0,1,0,,,,,,,,
BenchmarkTest01079.java,0,CWE-330,,,,0,0,1,0,0,0,1,0,,,,,,,,
BenchmarkTest01083.java,0,CWE-89,CWE-89,1,0,1,0,0,0,1,0,0,0,910,0.0002275,128,0.000256,13,2.6e-05,0.0005095,2.064384937286377
BenchmarkTest01084.java,0,CWE-89,CWE-89,1,0,1,0,0,0,1,0,0,0,938,0.0002345,256,0.000512,13,2.6e-05,0.0007725,3.21818208694458
BenchmarkTest01085.java,0,CWE-89,,,,0,0,1,0,0,0,1,0,,,,,,,,
BenchmarkTest01086.java,0,CWE-89,,,,0,0,1,0,0,0,1,0,,,,,,,,
BenchmarkTest01087.java,0,CWE-89,,,,0,0,0,1,0,0,0,1,,,,,,,,
BenchmarkTest01088.java,0,CWE-89,,,,0,0,0,1,0,0,0,1,,,,,,,,
BenchmarkTest01089.java,0,CWE-89,,,,0,0,1,0,0,0,1,0,,,,,,,,
BenchmarkTest01090.java,0,CWE-89,CWE-89,1,0,1,0,0,0,1,0,0,0,964,0.000241,192,0.000384,13,2.6e-05,0.000651,2.44087290763855
BenchmarkTest01091.java,0,CWE-89,CWE-89,1,0,1,0,0,0,1,0,0,0,931,0.00023275,192,0.000384,13,2.6e-05,0.00064275,3.275923490524292
BenchmarkTest01092.java,0,CWE-89,CWE-89,1,1,0,1,0,0,0,0,1,0,908,0.000227,192,0.000384,12,2.4e-05,0.000635,5.5409276485443115
BenchmarkTest01093.java,0,CWE-89,CWE-89,1,0,1,0,0,0,1,0,0,0,962,0.0002405,128,0.000256,13,2.6e-05,0.0005225,3.078374147415161
BenchmarkTest01094.java,0,CWE-89,CWE-89,1,0,1,0,0,0,1,0,0,0,877,0.00021925,192,0.000384,13,2.6e-05,0.00062925,4.181051969528198
BenchmarkTest01095.java,0,CWE-89,CWE-89,1,1,0,1,0,0,0,0,1,0,912,0.000228,320,0.00064,12,2.4e-05,0.0008920000000000001,3.7727608680725098
BenchmarkTest01096.java,0,CWE-89,CWE-89,1,1,0,1,0,0,0,0,1,0,957,0.00023925,256,0.000512,12,2.4e-05,0.00077525,3.39750599861145
BenchmarkTest01097.java,0,CWE-89,CWE-89,1,0,1,0,0,0,1,0,0,0,910,0.0002275,128,0.000256,13,2.6e-05,0.0005095,3.596691370010376
BenchmarkTest01098.java,0,CWE-89,CWE-89,1,1,0,1,0,0,0,0,1,0,948,0.000237,512,0.001024,12,2.4e-05,0.001285,4.932554721832275
BenchmarkTest01099.java,0,CWE-327,CWE-327,1,0,1,0,0,0,1,0,0,0,1694,0.0004235,384,0.000768,13,2.6e-05,0.0012175,2.825979232788086
BenchmarkTest01100.java,0,CWE-327,,,,0,0,1,0,0,0,1,0,,,,,,,,
BenchmarkTest01101.java,0,CWE-327,,,,0,0,1,0,0,0,1,0,,,,,,,,
BenchmarkTest01102.java,0,CWE-327,CWE-327,1,0,1,0,0,0,1,0,0,0,1386,0.0003465,64,0.000128,13,2.6e-05,0.0005005,2.0764057636260986
BenchmarkTest01103.java,0,CWE-327,CWE-327,1,0,1,0,0,0,1,0,0,0,1395,0.00034875,128,0.000256,13,2.6e-05,0.00063075,1.9919533729553223
BenchmarkTest01104.java,0,CWE-327,,,,0,0,1,0,0,0,1,0,,,,,,,,
BenchmarkTest01105.java,0,CWE-327,CWE-327,1,0,1,0,0,0,1,0,0,0,1281,0.00032025,384,0.000768,13,2.6e-05,0.00111425,4.125647068023682
BenchmarkTest01106.java,0,CWE-327,CWE-327,1,0,1,0,0,0,1,0,0,0,1292,0.000323,256,0.000512,13,2.6e-05,0.000861,2.2960245609283447
BenchmarkTest01107.java,0,CWE-327,CWE-327,1,0,1,0,0,0,1,0,0,0,1321,0.00033025,384,0.000768,13,2.6e-05,0.00112425,4.863811254501343
BenchmarkTest01108.java,0,CWE-327,,,,0,0,1,0,0,0,1,0,,,,,,,,
BenchmarkTest01109.java,0,CWE-22,CWE-23,0,1,0,1,0,0,0,0,1,0,1462,0.0003655,384,0.000768,12,2.4e-05,0.0011575,4.593822717666626
BenchmarkTest01110.java,0,CWE-22,CWE-23,0,1,0,1,0,0,0,0,1,0,1449,0.00036225,576,0.001152,12,2.4e-05,0.00153825,4.252316951751709
BenchmarkTest01111.java,0,CWE-22,CWE-23,0,0,1,0,0,0,1,0,0,0,1354,0.0003385,1024,0.002048,13,2.6e-05,0.0024124999999999997,8.511484146118164
BenchmarkTest01112.java,0,CWE-22,CWE-23,0,1,1,0,0,0,0,0,0,1,1418,0.0003545,768,0.001536,13,2.6e-05,0.0019165,6.930738925933838
BenchmarkTest01113.java,0,CWE-22,CWE-23,0,1,0,1,0,0,0,0,1,0,1373,0.00034325,448,0.000896,12,2.4e-05,0.0012632499999999998,3.5430917739868164
BenchmarkTest01114.java,0,CWE-22,CWE-23,0,1,0,1,0,0,0,0,1,0,1510,0.0003775,512,0.001024,12,2.4e-05,0.0014255,5.430544137954712
BenchmarkTest01115.java,0,CWE-22,CWE-23,0,1,0,1,0,0,0,0,1,0,1505,0.00037625,320,0.00064,12,2.4e-05,0.00104025,4.378583908081055
BenchmarkTest01116.java,0,CWE-22,CWE-23,0,0,1,0,0,0,1,0,0,0,1294,0.0003235,576,0.001152,13,2.6e-05,0.0015015,5.517218112945557
BenchmarkTest01117.java,0,CWE-22,CWE-23,0,1,1,0,0,0,0,0,0,1,1276,0.000319,1088,0.002176,12,2.4e-05,0.002519,8.692261695861816
BenchmarkTest01118.java,0,CWE-22,CWE-23,0,1,0,1,0,0,0,0,1,0,1488,0.000372,384,0.000768,12,2.4e-05,0.0011639999999999999,4.131305932998657
BenchmarkTest01119.java,0,CWE-330,CWE-330,1,0,1,0,0,0,1,0,0,0,1386,0.0003465,640,0.00128,13,2.6e-05,0.0016525,5.718342065811157
BenchmarkTest01120.java,0,CWE-328,,,,0,0,1,0,0,0,1,0,,,,,,,,
BenchmarkTest01121.java,0,CWE-328,,,,0,0,1,0,0,0,1,0,,,,,,,,
BenchmarkTest01122.java,0,CWE-328,,,,0,0,1,0,0,0,1,0,,,,,,,,
BenchmarkTest01123.java,0,CWE-328,CWE-916,0,0,1,0,0,0,1,0,0,0,1332,0.000333,256,0.000512,13,2.6e-05,0.000871,3.5441055297851562
BenchmarkTest01124.java,0,CWE-328,,,,0,0,0,1,0,0,0,1,,,,,,,,
BenchmarkTest01125.java,0,CWE-328,,,,0,0,1,0,0,0,1,0,,,,,,,,
BenchmarkTest01126.java,0,CWE-328,,,,0,0,1,0,0,0,1,0,,,,,,,,
BenchmarkTest01127.java,0,CWE-330,CWE-330,1,0,1,0,0,0,1,0,0,0,1327,0.00033175,256,0.000512,13,2.6e-05,0.00086975,2.8126513957977295
BenchmarkTest01128.java,0,CWE-330,CWE-330,1,0,1,0,0,0,1,0,0,0,1337,0.00033425,192,0.000384,13,2.6e-05,0.00074425,3.9786908626556396
BenchmarkTest01129.java,0,CWE-330,CWE-330,1,0,1,0,0,0,1,0,0,0,1302,0.0003255,128,0.000256,13,2.6e-05,0.0006075,3.9324398040771484
BenchmarkTest01130.java,0,CWE-330,CWE-330,1,0,1,0,0,0,1,0,0,0,1313,0.00032825,448,0.000896,13,2.6e-05,0.00125025,5.078298091888428
BenchmarkTest01131.java,0,CWE-330,CWE-330,1,0,1,0,0,0,1,0,0,0,1298,0.0003245,384,0.000768,13,2.6e-05,0.0011185,4.039522886276245
BenchmarkTest01132.java,0,CWE-330,CWE-330,1,0,1,0,0,0,1,0,0,0,1365,0.00034125,384,0.000768,13,2.6e-05,0.00113525,3.5319249629974365
BenchmarkTest01133.java,0,CWE-330,CWE-330,1,0,1,0,0,0,1,0,0,0,1280,0.00032,192,0.000384,13,2.6e-05,0.00073,2.1034226417541504
BenchmarkTest01134.java,0,CWE-614,CWE-614,1,0,1,0,0,0,1,0,0,0,1140,0.000285,320,0.00064,13,2.6e-05,0.000951,3.144901990890503
BenchmarkTest01135.java,0,CWE-330,,,,0,0,1,0,0,0,1,0,,,,,,,,
BenchmarkTest01136.java,0,CWE-330,,,,0,0,1,0,0,0,1,0,,,,,,,,
BenchmarkTest01137.java,0,CWE-330,,,,0,0,1,0,0,0,1,0,,,,,,,,
BenchmarkTest01138.java,0,CWE-330,,,,0,0,1,0,0,0,1,0,,,,,,,,
BenchmarkTest01139.java,0,CWE-330,,,,0,0,1,0,0,0,1,0,,,,,,,,
BenchmarkTest01140.java,0,CWE-330,,,,0,0,1,0,0,0,1,0,,,,,,,,
BenchmarkTest01141.java,0,CWE-330,,,,0,0,1,0,0,0,1,0,,,,,,,,
BenchmarkTest01147.java,0,CWE-327,,,,0,0,1,0,0,0,1,0,,,,,,,,
BenchmarkTest01148.java,0,CWE-327,CWE-327,1,0,1,0,0,0,1,0,0,0,1649,0.00041225,256,0.000512,13,2.6e-05,0.0009502499999999999,3.5674750804901123
BenchmarkTest01149.java,0,CWE-327,CWE-327,1,0,1,0,0,0,1,0,0,0,1706,0.0004265,128,0.000256,13,2.6e-05,0.0007084999999999999,1.742138147354126
BenchmarkTest01150.java,0,CWE-327,CWE-327,1,0,1,0,0,0,1,0,0,0,1324,0.000331,64,0.000128,13,2.6e-05,0.00048499999999999997,1.5017681121826172
BenchmarkTest01151.java,0,CWE-327,,,,0,0,1,0,0,0,1,0,,,,,,,,
BenchmarkTest01152.java,0,CWE-327,,,,0,0,1,0,0,0,1,0,,,,,,,,
BenchmarkTest01153.java,0,CWE-327,,,,0,0,1,0,0,0,1,0,,,,,,,,
BenchmarkTest01154.java,0,CWE-90,CWE-90,1,1,0,1,0,0,0,0,1,0,1263,0.00031575,320,0.00064,12,2.4e-05,0.00097975,3.025383472442627
BenchmarkTest01155.java,0,CWE-22,CWE-23,0,0,1,0,0,0,1,0,0,0,1252,0.000313,256,0.000512,13,2.6e-05,0.000851,3.4693820476531982
BenchmarkTest01156.java,0,CWE-22,CWE-23,0,0,1,0,0,0,1,0,0,0,1412,0.000353,512,0.001024,13,2.6e-05,0.001403,4.018023729324341
BenchmarkTest01157.java,0,CWE-22,CWE-23,0,0,1,0,0,0,1,0,0,0,1416,0.000354,768,0.001536,13,2.6e-05,0.001916,7.0220091342926025
BenchmarkTest01158.java,0,CWE-22,CWE-23,0,1,0,1,0,0,0,0,1,0,1351,0.00033775,384,0.000768,12,2.4e-05,0.00112975,4.277737379074097
BenchmarkTest01159.java,0,CWE-22,CWE-23,0,1,0,1,0,0,0,0,1,0,1518,0.0003795,384,0.000768,12,2.4e-05,0.0011715,4.886318683624268
BenchmarkTest01160.java,0,CWE-22,CWE-23,0,1,0,1,0,0,0,0,1,0,1268,0.000317,320,0.00064,12,2.4e-05,0.000981,2.737895965576172
BenchmarkTest01161.java,0,CWE-22,CWE-23,0,0,1,0,0,0,1,0,0,0,1292,0.000323,320,0.00064,13,2.6e-05,0.000989,3.2821335792541504
BenchmarkTest01162.java,0,CWE-330,CWE-330,1,0,1,0,0,0,1,0,0,0,1347,0.00033675,640,0.00128,13,2.6e-05,0.0016427500000000001,5.148225545883179
BenchmarkTest01163.java,0,CWE-330,CWE-330,1,0,1,0,0,0,1,0,0,0,1287,0.00032175,128,0.000256,13,2.6e-05,0.0006037499999999999,1.62996506690979
BenchmarkTest01164.java,0,CWE-328,,,,0,0,1,0,0,0,1,0,,,,,,,,
BenchmarkTest01165.java,0,CWE-328,CWE-916,0,0,1,0,0,0,1,0,0,0,1481,0.00037025,512,0.001024,13,2.6e-05,0.0014202499999999999,5.502933502197266
BenchmarkTest01166.java,0,CWE-328,CWE-916,0,0,1,0,0,0,1,0,0,0,1309,0.00032725,192,0.000384,13,2.6e-05,0.0007372500000000001,2.6362619400024414
BenchmarkTest01167.java,0,CWE-328,CWE-916,0,0,1,0,0,0,1,0,0,0,1263,0.00031575,192,0.000384,13,2.6e-05,0.00072575,2.8811354637145996
BenchmarkTest01168.java,0,CWE-328,,,,0,0,0,1,0,0,0,1,,,,,,,,
BenchmarkTest01169.java,0,CWE-328,,,,0,0,1,0,0,0,1,0,,,,,,,,
BenchmarkTest01170.java,0,CWE-328,,,,0,0,1,0,0,0,1,0,,,,,,,,
BenchmarkTest01171.java,0,CWE-79,CWE-79,1,0,1,0,0,0,1,0,0,0,1357,0.00033925,448,0.000896,13,2.6e-05,0.00126125,4.10771918296814
BenchmarkTest01172.java,0,CWE-79,CWE-79,1,0,1,0,0,0,1,0,0,0,1384,0.000346,320,0.00064,13,2.6e-05,0.001012,6.181425333023071
BenchmarkTest01173.java,0,CWE-79,CWE-79,1,0,1,0,0,0,1,0,0,0,1340,0.000335,384,0.000768,13,2.6e-05,0.001129,4.958175897598267
BenchmarkTest01174.java,0,CWE-79,CWE-79,1,0,1,0,0,0,1,0,0,0,1309,0.00032725,320,0.00064,13,2.6e-05,0.00099325,4.096411228179932
BenchmarkTest01175.java,0,CWE-79,CWE-79,1,1,0,1,0,0,0,0,1,0,1319,0.00032975,512,0.001024,12,2.4e-05,0.0013777499999999999,6.274579763412476
BenchmarkTest01176.java,0,CWE-79,CWE-79,1,1,0,1,0,0,0,0,1,0,1389,0.00034725,448,0.000896,12,2.4e-05,0.00126725,6.197269916534424
BenchmarkTest01177.java,0,CWE-79,CWE-79,1,0,1,0,0,0,1,0,0,0,1396,0.000349,384,0.000768,13,2.6e-05,0.001143,4.702796459197998
BenchmarkTest01178.java,0,CWE-79,CWE-79,1,0,1,0,0,0,1,0,0,0,1303,0.00032575,320,0.00064,13,2.6e-05,0.00099175,4.654836177825928
BenchmarkTest01179.java,0,CWE-79,CWE-79,1,0,1,0,0,0,1,0,0,0,1291,0.00032275,256,0.000512,13,2.6e-05,0.00086075,3.536090135574341
BenchmarkTest01180.java,0,CWE-79,CWE-79,1,1,0,1,0,0,0,0,1,0,1362,0.0003405,256,0.000512,12,2.4e-05,0.0008765,3.3572630882263184
BenchmarkTest01181.java,0,CWE-79,CWE-79,1,0,1,0,0,0,1,0,0,0,1325,0.00033125,320,0.00064,13,2.6e-05,0.00099725,3.4530839920043945
BenchmarkTest01182.java,0,CWE-78,CWE-78,1,1,0,1,0,0,0,0,1,0,1049,0.00026225,448,0.000896,12,2.4e-05,0.00118225,3.767137289047241
BenchmarkTest01183.java,0,CWE-330,CWE-330,1,0,1,0,0,0,1,0,0,0,1347,0.00033675,512,0.001024,13,2.6e-05,0.00138675,4.328173637390137
BenchmarkTest01184.java,0,CWE-330,CWE-330,1,0,1,0,0,0,1,0,0,0,1259,0.00031475,256,0.000512,13,2.6e-05,0.00085275,2.9547431468963623
BenchmarkTest01185.java,0,CWE-614,CWE-614,1,0,1,0,0,0,1,0,0,0,1078,0.0002695,128,0.000256,13,2.6e-05,0.0005514999999999999,1.7760882377624512
BenchmarkTest01186.java,0,CWE-614,CWE-614,1,0,1,0,0,0,1,0,0,0,1023,0.00025575,192,0.000384,13,2.6e-05,0.00066575,3.3561666011810303
BenchmarkTest01187.java,0,CWE-614,CWE-614,1,0,1,0,0,0,1,0,0,0,1024,0.000256,192,0.000384,13,2.6e-05,0.0006659999999999999,2.7037956714630127
BenchmarkTest01188.java,0,CWE-79,CWE-79,1,1,0,1,0,0,0,0,1,0,1295,0.00032375,320,0.00064,12,2.4e-05,0.00098775,2.8217406272888184
BenchmarkTest01189.java,0,CWE-78,CWE-78,1,1,0,1,0,0,0,0,1,0,1084,0.000271,320,0.00064,12,2.4e-05,0.0009350000000000001,3.0635621547698975
BenchmarkTest01190.java,0,CWE-78,CWE-78,1,0,1,0,0,0,1,0,0,0,923,0.00023075,576,0.001152,13,2.6e-05,0.00140875,6.124513626098633
BenchmarkTest01191.java,0,CWE-78,CWE-78,1,0,1,0,0,0,1,0,0,0,920,0.00023,512,0.001024,13,2.6e-05,0.0012799999999999999,4.091433525085449
BenchmarkTest01192.java,0,CWE-78,CWE-78,1,0,1,0,0,0,1,0,0,0,925,0.00023125,704,0.001408,13,2.6e-05,0.00166525,7.042809247970581
BenchmarkTest01193.java,0,CWE-78,CWE-78,1,1,0,1,0,0,0,0,1,0,1097,0.00027425,384,0.000768,12,2.4e-05,0.00106625,3.518580198287964
BenchmarkTest01194.java,0,CWE-78,CWE-78,1,0,1,0,0,0,1,0,0,0,1052,0.000263,768,0.001536,13,2.6e-05,0.001825,6.834252119064331
BenchmarkTest01195.java,0,CWE-330,,,,0,0,1,0,0,0,1,0,,,,,,,,
BenchmarkTest01196.java,0,CWE-330,CWE-330,1,1,0,1,0,0,0,0,1,0,1339,0.00033475,512,0.001024,12,2.4e-05,0.0013827499999999999,5.043594121932983
BenchmarkTest01197.java,0,CWE-330,,,,0,0,1,0,0,0,1,0,,,,,,,,
BenchmarkTest01198.java,0,CWE-330,,,,0,0,1,0,0,0,1,0,,,,,,,,
BenchmarkTest01199.java,0,CWE-330,,,,0,0,1,0,0,0,1,0,,,,,,,,
BenchmarkTest01200.java,0,CWE-330,,,,0,0,1,0,0,0,1,0,,,,,,,,
BenchmarkTest01201.java,0,CWE-330,,,,0,0,1,0,0,0,1,0,,,,,,,,
BenchmarkTest01202.java,0,CWE-330,,,,0,0,1,0,0,0,1,0,,,,,,,,
BenchmarkTest01208.java,0,CWE-89,CWE-89,1,0,1,0,0,0,1,0,0,0,954,0.0002385,192,0.000384,13,2.6e-05,0.0006485,3.215134382247925
BenchmarkTest01209.java,0,CWE-89,CWE-89,1,0,1,0,0,0,1,0,0,0,973,0.00024325,320,0.00064,13,2.6e-05,0.00090925,2.9541306495666504
BenchmarkTest01210.java,0,CWE-89,CWE-89,1,0,1,0,0,0,1,0,0,0,1007,0.00025175,256,0.000512,13,2.6e-05,0.00078975,3.591996908187866
BenchmarkTest01211.java,0,CWE-89,CWE-89,1,0,1,0,0,0,1,0,0,0,936,0.000234,192,0.000384,13,2.6e-05,0.000644,3.6001925468444824
BenchmarkTest01212.java,0,CWE-89,CWE-89,1,1,0,1,0,0,0,0,1,0,982,0.0002455,448,0.000896,12,2.4e-05,0.0011654999999999999,6.293407678604126
BenchmarkTest01213.java,0,CWE-89,CWE-89,1,1,0,1,0,0,0,0,1,0,947,0.00023675,320,0.00064,12,2.4e-05,0.0009007500000000001,4.272061824798584
BenchmarkTest01214.java,0,CWE-89,CWE-89,1,0,1,0,0,0,1,0,0,0,984,0.000246,256,0.000512,13,2.6e-05,0.000784,3.5816304683685303
BenchmarkTest01215.java,0,CWE-89,,,,0,0,1,0,0,0,1,0,,,,,,,,
BenchmarkTest01216.java,0,CWE-89,CWE-89,1,1,0,1,0,0,0,0,1,0,958,0.0002395,448,0.000896,12,2.4e-05,0.0011595,5.401146650314331
BenchmarkTest01217.java,0,CWE-89,CWE-89,1,1,0,1,0,0,0,0,1,0,1125,0.00028125,320,0.00064,12,2.4e-05,0.00094525,3.3680927753448486
BenchmarkTest01218.java,0,CWE-89,CWE-89,1,1,0,1,0,0,0,0,1,0,927,0.00023175,256,0.000512,12,2.4e-05,0.00076775,2.3905389308929443
BenchmarkTest01219.java,0,CWE-89,CWE-89,1,1,0,1,0,0,0,0,1,0,988,0.000247,320,0.00064,12,2.4e-05,0.000911,3.484297275543213
BenchmarkTest01220.java,0,CWE-89,CWE-89,1,1,0,1,0,0,0,0,1,0,915,0.00022875,192,0.000384,12,2.4e-05,0.0006367500000000001,2.135296583175659
BenchmarkTest01221.java,0,CWE-89,CWE-89,1,0,1,0,0,0,1,0,0,0,938,0.0002345,256,0.000512,13,2.6e-05,0.0007725,2.7255635261535645
BenchmarkTest01222.java,0,CWE-89,CWE-89,1,0,1,0,0,0,1,0,0,0,978,0.0002445,192,0.000384,13,2.6e-05,0.0006544999999999999,3.1088638305664062
BenchmarkTest01223.java,0,CWE-643,CWE-643,1,0,1,0,0,0,1,0,0,0,1131,0.00028275,256,0.000512,13,2.6e-05,0.00082075,2.327694892883301
BenchmarkTest01224.java,0,CWE-643,CWE-643,1,0,1,0,0,0,1,0,0,0,1013,0.00025325,192,0.000384,13,2.6e-05,0.00066325,2.2638795375823975
BenchmarkTest01225.java,0,CWE-643,CWE-643,1,1,0,1,0,0,0,0,1,0,981,0.00024525,256,0.000512,12,2.4e-05,0.00078125,3.1769301891326904
BenchmarkTest01226.java,0,CWE-327,,,,0,0,1,0,0,0,1,0,,,,,,,,
BenchmarkTest01227.java,0,CWE-327,,,,0,0,1,0,0,0,1,0,,,,,,,,
BenchmarkTest01228.java,0,CWE-327,CWE-327,1,0,1,0,0,0,1,0,0,0,1221,0.00030525,192,0.000384,13,2.6e-05,0.00071525,2.809583902359009
BenchmarkTest01229.java,0,CWE-327,CWE-327,1,0,1,0,0,0,1,0,0,0,1253,0.00031325,128,0.000256,13,2.6e-05,0.00059525,1.9680635929107666
BenchmarkTest01230.java,0,CWE-327,CWE-327,1,0,1,0,0,0,1,0,0,0,1227,0.00030675,256,0.000512,13,2.6e-05,0.00084475,3.2921252250671387
BenchmarkTest01231.java,0,CWE-22,CWE-23,0,0,1,0,0,0,1,0,0,0,1249,0.00031225,320,0.00064,13,2.6e-05,0.00097825,3.521829128265381
BenchmarkTest01232.java,0,CWE-22,CWE-23,0,0,1,0,0,0,1,0,0,0,1190,0.0002975,256,0.000512,13,2.6e-05,0.0008355,2.4699923992156982
BenchmarkTest01233.java,0,CWE-22,CWE-23,0,1,0,1,0,0,0,0,1,0,1249,0.00031225,192,0.000384,12,2.4e-05,0.0007202500000000001,2.561431884765625
BenchmarkTest01234.java,0,CWE-22,CWE-23,0,0,1,0,0,0,1,0,0,0,1184,0.000296,256,0.000512,13,2.6e-05,0.0008339999999999999,2.322068691253662
BenchmarkTest01235.java,0,CWE-22,CWE-23,0,0,1,0,0,0,1,0,0,0,1372,0.000343,704,0.001408,13,2.6e-05,0.001777,6.024629354476929
BenchmarkTest01236.java,0,CWE-22,CWE-23,0,0,1,0,0,0,1,0,0,0,1313,0.00032825,576,0.001152,13,2.6e-05,0.00150625,5.326290130615234
BenchmarkTest01237.java,0,CWE-22,CWE-23,0,1,0,1,0,0,0,0,1,0,1322,0.0003305,256,0.000512,12,2.4e-05,0.0008665,3.701732873916626
BenchmarkTest01238.java,0,CWE-22,CWE-23,0,0,1,0,0,0,1,0,0,0,1259,0.00031475,320,0.00064,13,2.6e-05,0.00098075,3.1127610206604004
BenchmarkTest01239.java,0,CWE-22,CWE-23,0,1,0,1,0,0,0,0,1,0,1222,0.0003055,640,0.00128,12,2.4e-05,0.0016095,5.40401029586792
BenchmarkTest01240.java,0,CWE-22,CWE-23,0,1,0,1,0,0,0,0,1,0,1262,0.0003155,448,0.000896,12,2.4e-05,0.0012354999999999998,4.595920562744141
BenchmarkTest01241.java,0,CWE-90,CWE-90,1,0,1,0,0,0,1,0,0,0,1213,0.00030325,512,0.001024,13,2.6e-05,0.0013532499999999999,4.735785961151123
BenchmarkTest01242.java,0,CWE-90,CWE-90,1,0,1,0,0,0,1,0,0,0,1189,0.00029725,256,0.000512,13,2.6e-05,0.00083525,4.9474287033081055
BenchmarkTest01243.java,0,CWE-90,CWE-90,1,0,1,0,0,0,1,0,0,0,1169,0.00029225,128,0.000256,13,2.6e-05,0.0005742499999999999,4.162945508956909
BenchmarkTest01244.java,0,CWE-328,CWE-916,0,0,1,0,0,0,1,0,0,0,1267,0.00031675,256,0.000512,13,2.6e-05,0.0008547499999999999,5.678811311721802
BenchmarkTest01245.java,0,CWE-328,,,,0,0,1,0,0,0,1,0,,,,,,,,
BenchmarkTest01246.java,0,CWE-328,CWE-916,0,0,1,0,0,0,1,0,0,0,1302,0.0003255,256,0.000512,13,2.6e-05,0.0008634999999999999,3.6240906715393066
BenchmarkTest01247.java,0,CWE-328,CWE-916,0,0,1,0,0,0,1,0,0,0,1181,0.00029525,256,0.000512,13,2.6e-05,0.00083325,4.192596673965454
BenchmarkTest01248.java,0,CWE-328,,,,0,0,0,1,0,0,0,1,,,,,,,,
BenchmarkTest01249.java,0,CWE-328,,,,0,0,1,0,0,0,1,0,,,,,,,,
BenchmarkTest01250.java,0,CWE-328,,,,0,0,1,0,0,0,1,0,,,,,,,,
BenchmarkTest01251.java,0,CWE-79,CWE-79,1,1,0,1,0,0,0,0,1,0,1320,0.00033,384,0.000768,12,2.4e-05,0.001122,3.814208507537842
BenchmarkTest01252.java,0,CWE-79,CWE-79,1,1,0,1,0,0,0,0,1,0,1348,0.000337,320,0.00064,12,2.4e-05,0.001001,3.2878992557525635
BenchmarkTest01253.java,0,CWE-79,CWE-79,1,0,1,0,0,0,1,0,0,0,1338,0.0003345,384,0.000768,13,2.6e-05,0.0011285,3.7664337158203125
BenchmarkTest01254.java,0,CWE-79,CWE-79,1,0,1,0,0,0,1,0,0,0,1463,0.00036575,768,0.001536,13,2.6e-05,0.00192775,7.531801700592041
BenchmarkTest01255.java,0,CWE-79,CWE-79,1,1,0,1,0,0,0,0,1,0,1257,0.00031425,448,0.000896,12,2.4e-05,0.0012342499999999999,4.2626566886901855
BenchmarkTest01256.java,0,CWE-79,CWE-79,1,1,0,1,0,0,0,0,1,0,1328,0.000332,256,0.000512,12,2.4e-05,0.000868,2.4308221340179443
BenchmarkTest01257.java,0,CWE-79,CWE-79,1,0,1,0,0,0,1,0,0,0,1266,0.0003165,192,0.000384,13,2.6e-05,0.0007264999999999999,2.395733118057251
BenchmarkTest01258.java,0,CWE-79,CWE-79,1,0,1,0,0,0,1,0,0,0,1312,0.000328,320,0.00064,13,2.6e-05,0.000994,3.3061323165893555
BenchmarkTest01259.java,0,CWE-79,CWE-79,1,0,1,0,0,0,1,0,0,0,1348,0.000337,320,0.00064,13,2.6e-05,0.001003,3.5049822330474854
BenchmarkTest01260.java,0,CWE-79,CWE-79,1,0,1,0,0,0,1,0,0,0,1280,0.00032,256,0.000512,13,2.6e-05,0.000858,3.2529752254486084
BenchmarkTest01261.java,0,CWE-79,CWE-79,1,0,1,0,0,0,1,0,0,0,1463,0.00036575,384,0.000768,13,2.6e-05,0.00115975,4.521674871444702
BenchmarkTest01262.java,0,CWE-79,CWE-79,1,0,1,0,0,0,1,0,0,0,1277,0.00031925,256,0.000512,13,2.6e-05,0.0008572499999999999,3.345428228378296
BenchmarkTest01263.java,0,CWE-79,CWE-79,1,0,1,0,0,0,1,0,0,0,1335,0.00033375,256,0.000512,13,2.6e-05,0.0008717499999999999,3.1885898113250732
BenchmarkTest01264.java,0,CWE-79,CWE-79,1,1,0,1,0,0,0,0,1,0,1252,0.000313,320,0.00064,12,2.4e-05,0.000977,4.089011192321777
BenchmarkTest01265.java,0,CWE-79,CWE-79,1,1,0,1,0,0,0,0,1,0,1306,0.0003265,256,0.000512,12,2.4e-05,0.0008625000000000001,4.131004571914673
BenchmarkTest01266.java,0,CWE-79,CWE-79,1,0,1,0,0,0,1,0,0,0,1285,0.00032125,192,0.000384,13,2.6e-05,0.0007312499999999999,2.5248000621795654
BenchmarkTest01267.java,0,CWE-79,CWE-79,1,0,1,0,0,0,1,0,0,0,1325,0.00033125,128,0.000256,13,2.6e-05,0.00061325,1.6672754287719727
BenchmarkTest01268.java,0,CWE-79,CWE-79,1,0,1,0,0,0,1,0,0,0,1488,0.000372,576,0.001152,13,2.6e-05,0.00155,5.965888500213623
BenchmarkTest01269.java,0,CWE-78,CWE-78,1,1,0,1,0,0,0,0,1,0,979,0.00024475,192,0.000384,12,2.4e-05,0.00065275,2.771296501159668
BenchmarkTest01270.java,0,CWE-78,CWE-78,1,0,1,0,0,0,1,0,0,0,972,0.000243,384,0.000768,13,2.6e-05,0.001037,4.8133392333984375
BenchmarkTest01271.java,0,CWE-330,CWE-330,1,0,1,0,0,0,1,0,0,0,1449,0.00036225,896,0.001792,13,2.6e-05,0.00218025,9.363800287246704
BenchmarkTest01272.java,0,CWE-330,CWE-330,1,0,1,0,0,0,1,0,0,0,1208,0.000302,192,0.000384,13,2.6e-05,0.000712,4.486673593521118
BenchmarkTest01273.java,0,CWE-330,CWE-330,1,0,1,0,0,0,1,0,0,0,1231,0.00030775,128,0.000256,13,2.6e-05,0.00058975,3.0988659858703613
BenchmarkTest01274.java,0,CWE-330,CWE-330,1,0,1,0,0,0,1,0,0,0,1196,0.000299,960,0.00192,13,2.6e-05,0.002245,8.315622329711914
BenchmarkTest01275.java,0,CWE-330,CWE-330,1,0,1,0,0,0,1,0,0,0,1219,0.00030475,832,0.001664,13,2.6e-05,0.00199475,7.774405002593994
BenchmarkTest01276.java,0,CWE-330,CWE-330,1,0,1,0,0,0,1,0,0,0,1411,0.00035275,448,0.000896,13,2.6e-05,0.0012747499999999998,4.932769060134888
BenchmarkTest01277.java,0,CWE-330,CWE-330,1,0,1,0,0,0,1,0,0,0,1221,0.00030525,832,0.001664,13,2.6e-05,0.00199525,7.8141937255859375
BenchmarkTest01278.java,0,CWE-330,CWE-330,1,0,1,0,0,0,1,0,0,0,1222,0.0003055,512,0.001024,13,2.6e-05,0.0013555,5.076337814331055
BenchmarkTest01279.java,0,CWE-330,CWE-330,1,0,1,0,0,0,1,0,0,0,1229,0.00030725,192,0.000384,13,2.6e-05,0.00071725,2.4446446895599365
BenchmarkTest01280.java,0,CWE-614,CWE-614,1,0,1,0,0,0,1,0,0,0,1021,0.00025525,256,0.000512,13,2.6e-05,0.0007932499999999999,2.4026713371276855
BenchmarkTest01281.java,0,CWE-614,CWE-614,1,0,1,0,0,0,1,0,0,0,992,0.000248,256,0.000512,13,2.6e-05,0.000786,3.188584327697754
BenchmarkTest01282.java,0,CWE-614,CWE-614,1,0,1,0,0,0,1,0,0,0,1013,0.00025325,192,0.000384,13,2.6e-05,0.00066325,2.3014323711395264
BenchmarkTest01283.java,0,CWE-614,CWE-614,1,0,1,0,0,0,1,0,0,0,1011,0.00025275,192,0.000384,13,2.6e-05,0.0006627499999999999,2.5688493251800537
BenchmarkTest01284.java,0,CWE-79,CWE-79,1,0,1,0,0,0,1,0,0,0,1312,0.000328,192,0.000384,13,2.6e-05,0.0007379999999999999,2.197638988494873
BenchmarkTest01285.java,0,CWE-78,CWE-78,1,0,1,0,0,0,1,0,0,0,975,0.00024375,640,0.00128,13,2.6e-05,0.0015497500000000001,6.116477727890015
BenchmarkTest01286.java,0,CWE-78,CWE-78,1,0,1,0,0,0,1,0,0,0,1080,0.00027,1024,0.002048,13,2.6e-05,0.0023439999999999997,7.035920858383179
BenchmarkTest01287.java,0,CWE-78,CWE-78,1,0,1,0,0,0,1,0,0,0,897,0.00022425,640,0.00128,13,2.6e-05,0.0015302500000000001,6.06467080116272
BenchmarkTest01288.java,0,CWE-78,CWE-78,1,0,1,0,0,0,1,0,0,0,948,0.000237,896,0.001792,13,2.6e-05,0.002055,6.43577241897583
BenchmarkTest01289.java,0,CWE-78,CWE-78,1,1,0,1,0,0,0,0,1,0,990,0.0002475,640,0.00128,12,2.4e-05,0.0015515000000000001,5.495232105255127
BenchmarkTest01290.java,0,CWE-78,CWE-78,1,1,0,1,0,0,0,0,1,0,878,0.0002195,320,0.00064,12,2.4e-05,0.0008835000000000001,2.871927499771118
BenchmarkTest01291.java,0,CWE-330,,,,0,0,1,0,0,0,1,0,,,,,,,,
BenchmarkTest01292.java,0,CWE-330,,,,0,0,1,0,0,0,1,0,,,,,,,,
BenchmarkTest01293.java,0,CWE-330,,,,0,0,1,0,0,0,1,0,,,,,,,,
BenchmarkTest01294.java,0,CWE-330,,,,0,0,1,0,0,0,1,0,,,,,,,,
BenchmarkTest01295.java,0,CWE-330,,,,0,0,1,0,0,0,1,0,,,,,,,,
BenchmarkTest01296.java,0,CWE-330,,,,0,0,1,0,0,0,1,0,,,,,,,,
BenchmarkTest01297.java,0,CWE-330,,,,0,0,1,0,0,0,1,0,,,,,,,,
BenchmarkTest01298.java,0,CWE-330,,,,0,0,1,0,0,0,1,0,,,,,,,,
BenchmarkTest01301.java,0,CWE-89,CWE-89,1,1,0,1,0,0,0,0,1,0,1111,0.00027775,320,0.00064,12,2.4e-05,0.0009417500000000001,3.366636037826538
BenchmarkTest01302.java,0,CWE-89,CWE-89,1,0,1,0,0,0,1,0,0,0,938,0.0002345,256,0.000512,13,2.6e-05,0.0007725,3.341118097305298
BenchmarkTest01303.java,0,CWE-89,CWE-89,1,1,0,1,0,0,0,0,1,0,940,0.000235,448,0.000896,12,2.4e-05,0.001155,4.332698822021484
BenchmarkTest01304.java,0,CWE-89,CWE-89,1,0,1,0,0,0,1,0,0,0,962,0.0002405,320,0.00064,13,2.6e-05,0.0009065,3.393678903579712
BenchmarkTest01305.java,0,CWE-89,CWE-89,1,1,0,1,0,0,0,0,1,0,910,0.0002275,320,0.00064,12,2.4e-05,0.0008915,4.200090646743774
BenchmarkTest01306.java,0,CWE-89,CWE-89,1,0,1,0,0,0,1,0,0,0,920,0.00023,320,0.00064,13,2.6e-05,0.0008960000000000001,3.831554889678955
BenchmarkTest01307.java,0,CWE-89,CWE-89,1,1,0,1,0,0,0,0,1,0,910,0.0002275,256,0.000512,12,2.4e-05,0.0007635,3.3635804653167725
BenchmarkTest01308.java,0,CWE-89,,,,0,0,0,1,0,0,0,1,,,,,,,,
BenchmarkTest01309.java,0,CWE-89,,,,0,0,1,0,0,0,1,0,,,,,,,,
BenchmarkTest01310.java,0,CWE-89,CWE-89,1,1,0,1,0,0,0,0,1,0,910,0.0002275,384,0.000768,12,2.4e-05,0.0010195,3.502373695373535
BenchmarkTest01311.java,0,CWE-89,CWE-89,1,0,1,0,0,0,1,0,0,0,876,0.000219,256,0.000512,13,2.6e-05,0.000757,2.2818868160247803
BenchmarkTest01312.java,0,CWE-89,CWE-89,1,0,1,0,0,0,1,0,0,0,966,0.0002415,256,0.000512,13,2.6e-05,0.0007794999999999999,2.573057174682617
BenchmarkTest01313.java,0,CWE-89,CWE-89,1,0,1,0,0,0,1,0,0,0,910,0.0002275,192,0.000384,13,2.6e-05,0.0006375,2.559279441833496
BenchmarkTest01314.java,0,CWE-89,CWE-89,1,0,1,0,0,0,1,0,0,0,880,0.00022,256,0.000512,13,2.6e-05,0.000758,2.517286777496338
BenchmarkTest01315.java,0,CWE-89,CWE-89,1,1,0,1,0,0,0,0,1,0,887,0.00022175,256,0.000512,12,2.4e-05,0.0007577500000000001,2.7150580883026123
BenchmarkTest01316.java,0,CWE-643,CWE-643,1,0,1,0,0,0,1,0,0,0,946,0.0002365,256,0.000512,13,2.6e-05,0.0007745,3.0347464084625244
BenchmarkTest01317.java,0,CWE-327,CWE-327,1,0,1,0,0,0,1,0,0,0,1613,0.00040325,64,0.000128,13,2.6e-05,0.00055725,1.2165429592132568
BenchmarkTest01318.java,0,CWE-327,CWE-327,1,0,1,0,0,0,1,0,0,0,1784,0.000446,128,0.000256,13,2.6e-05,0.0007279999999999999,1.9070680141448975
BenchmarkTest01319.java,0,CWE-327,,,,0,0,1,0,0,0,1,0,,,,,,,,
BenchmarkTest01320.java,0,CWE-327,CWE-327,1,0,1,0,0,0,1,0,0,0,1655,0.00041375,128,0.000256,13,2.6e-05,0.00069575,1.7630996704101562
BenchmarkTest01321.java,0,CWE-327,,,,0,0,1,0,0,0,1,0,,,,,,,,
BenchmarkTest01322.java,0,CWE-327,CWE-327,1,0,1,0,0,0,1,0,0,0,1254,0.0003135,128,0.000256,13,2.6e-05,0.0005954999999999999,1.914416790008545
BenchmarkTest01323.java,0,CWE-327,CWE-327,1,0,1,0,0,0,1,0,0,0,1344,0.000336,128,0.000256,13,2.6e-05,0.000618,1.647428035736084
BenchmarkTest01324.java,0,CWE-327,,,,0,0,1,0,0,0,1,0,,,,,,,,
BenchmarkTest01325.java,0,CWE-327,CWE-327,1,0,1,0,0,0,1,0,0,0,1364,0.000341,384,0.000768,13,2.6e-05,0.001135,3.4804444313049316
BenchmarkTest01326.java,0,CWE-90,CWE-90,1,0,1,0,0,0,1,0,0,0,1219,0.00030475,256,0.000512,13,2.6e-05,0.00084275,2.4436254501342773
BenchmarkTest01327.java,0,CWE-90,CWE-90,1,1,0,1,0,0,0,0,1,0,1274,0.0003185,320,0.00064,12,2.4e-05,0.0009825,3.3850457668304443
BenchmarkTest01328.java,0,CWE-22,CWE-23,0,1,0,1,0,0,0,0,1,0,1554,0.0003885,320,0.00064,12,2.4e-05,0.0010525,3.383216619491577
BenchmarkTest01329.java,0,CWE-22,CWE-23,0,0,1,0,0,0,1,0,0,0,1395,0.00034875,704,0.001408,13,2.6e-05,0.00178275,5.142171144485474
BenchmarkTest01330.java,0,CWE-22,CWE-23,0,0,1,0,0,0,1,0,0,0,1260,0.000315,448,0.000896,13,2.6e-05,0.001237,5.22737455368042
BenchmarkTest01331.java,0,CWE-22,CWE-23,0,1,0,1,0,0,0,0,1,0,1290,0.0003225,256,0.000512,12,2.4e-05,0.0008585,2.517867088317871
BenchmarkTest01332.java,0,CWE-328,,,,0,0,1,0,0,0,1,0,,,,,,,,
BenchmarkTest01333.java,0,CWE-328,CWE-916,0,0,1,0,0,0,1,0,0,0,1191,0.00029775,192,0.000384,13,2.6e-05,0.00070775,1.9959046840667725
BenchmarkTest01334.java,0,CWE-328,CWE-916,0,0,1,0,0,0,1,0,0,0,1241,0.00031025,192,0.000384,13,2.6e-05,0.00072025,2.7117514610290527
BenchmarkTest01335.java,0,CWE-79,CWE-79,1,0,1,0,0,0,1,0,0,0,1427,0.00035675,320,0.00064,13,2.6e-05,0.00102275,5.404165506362915
BenchmarkTest01336.java,0,CWE-79,CWE-79,1,1,0,1,0,0,0,0,1,0,1322,0.0003305,256,0.000512,12,2.4e-05,0.0008665,4.573028564453125
BenchmarkTest01337.java,0,CWE-79,CWE-79,1,0,1,0,0,0,1,0,0,0,1309,0.00032725,320,0.00064,13,2.6e-05,0.00099325,3.811990261077881
BenchmarkTest01338.java,0,CWE-79,CWE-79,1,1,0,1,0,0,0,0,1,0,1348,0.000337,320,0.00064,12,2.4e-05,0.001001,4.094422101974487
BenchmarkTest01339.java,0,CWE-79,CWE-79,1,1,0,1,0,0,0,0,1,0,1284,0.000321,320,0.00064,12,2.4e-05,0.000985,5.376192569732666
BenchmarkTest01340.java,0,CWE-79,CWE-79,1,1,0,1,0,0,0,0,1,0,1373,0.00034325,256,0.000512,12,2.4e-05,0.00087925,3.2750585079193115
BenchmarkTest01341.java,0,CWE-79,CWE-79,1,1,0,1,0,0,0,0,1,0,1549,0.00038725,448,0.000896,12,2.4e-05,0.00130725,4.965225696563721
BenchmarkTest01342.java,0,CWE-79,CWE-79,1,1,0,1,0,0,0,0,1,0,1308,0.000327,512,0.001024,12,2.4e-05,0.001375,7.226752042770386
BenchmarkTest01343.java,0,CWE-79,CWE-79,1,1,0,1,0,0,0,0,1,0,1358,0.0003395,448,0.000896,12,2.4e-05,0.0012595,4.4971373081207275
BenchmarkTest01344.java,0,CWE-79,CWE-79,1,1,0,1,0,0,0,0,1,0,1381,0.00034525,384,0.000768,12,2.4e-05,0.00113725,4.087104082107544
BenchmarkTest01345.java,0,CWE-79,CWE-79,1,1,0,1,0,0,0,0,1,0,1308,0.000327,256,0.000512,12,2.4e-05,0.0008629999999999999,2.6781065464019775
BenchmarkTest01346.java,0,CWE-79,CWE-79,1,0,1,0,0,0,1,0,0,0,1368,0.000342,320,0.00064,13,2.6e-05,0.001008,2.5334722995758057
BenchmarkTest01347.java,0,CWE-79,CWE-79,1,0,1,0,0,0,1,0,0,0,1493,0.00037325,448,0.000896,13,2.6e-05,0.00129525,4.515241861343384
BenchmarkTest01348.java,0,CWE-79,CWE-79,1,1,0,1,0,0,0,0,1,0,1281,0.00032025,320,0.00064,12,2.4e-05,0.00098425,3.0789268016815186
BenchmarkTest01349.java,0,CWE-79,CWE-79,1,0,1,0,0,0,1,0,0,0,1299,0.00032475,192,0.000384,13,2.6e-05,0.0007347499999999999,2.5264904499053955
BenchmarkTest01350.java,0,CWE-79,CWE-79,1,0,1,0,0,0,1,0,0,0,1330,0.0003325,192,0.000384,13,2.6e-05,0.0007425,1.977839469909668
BenchmarkTest01351.java,0,CWE-79,CWE-79,1,1,0,1,0,0,0,0,1,0,1315,0.00032875,512,0.001024,12,2.4e-05,0.00137675,4.785513401031494
BenchmarkTest01352.java,0,CWE-79,CWE-79,1,1,0,1,0,0,0,0,1,0,1284,0.000321,320,0.00064,12,2.4e-05,0.000985,3.1196823120117188
BenchmarkTest01353.java,0,CWE-78,CWE-78,1,1,0,1,0,0,0,0,1,0,1059,0.00026475,320,0.00064,12,2.4e-05,0.0009287500000000001,3.8738813400268555
BenchmarkTest01354.java,0,CWE-330,CWE-330,1,1,1,0,0,0,0,0,0,1,1266,0.0003165,1536,0.003072,12,2.4e-05,0.0034125,11.489298343658447
BenchmarkTest01355.java,0,CWE-330,CWE-330,1,0,1,0,0,0,1,0,0,0,1264,0.000316,704,0.001408,13,2.6e-05,0.0017499999999999998,6.256636619567871
BenchmarkTest01356.java,0,CWE-330,CWE-330,1,0,1,0,0,0,1,0,0,0,1284,0.000321,320,0.00064,13,2.6e-05,0.000987,4.078899383544922
BenchmarkTest01357.java,0,CWE-330,CWE-330,1,0,1,0,0,0,1,0,0,0,1274,0.0003185,192,0.000384,13,2.6e-05,0.0007285,2.4431142807006836
BenchmarkTest01358.java,0,CWE-330,CWE-330,1,0,1,0,0,0,1,0,0,0,1294,0.0003235,448,0.000896,13,2.6e-05,0.0012455,4.5821263790130615
BenchmarkTest01359.java,0,CWE-614,,,,0,0,1,0,0,0,1,0,,,,,,,,
BenchmarkTest01360.java,0,CWE-78,CWE-78,1,0,1,0,0,0,1,0,0,0,1039,0.00025975,576,0.001152,13,2.6e-05,0.00143775,6.630949020385742
BenchmarkTest01361.java,0,CWE-78,CWE-78,1,0,1,0,0,0,1,0,0,0,885,0.00022125,512,0.001024,13,2.6e-05,0.00127125,5.464793682098389
BenchmarkTest01362.java,0,CWE-78,CWE-78,1,0,1,0,0,0,1,0,0,0,1154,0.0002885,512,0.001024,13,2.6e-05,0.0013384999999999998,4.78080940246582
BenchmarkTest01363.java,0,CWE-78,CWE-78,1,0,1,0,0,0,1,0,0,0,922,0.0002305,448,0.000896,13,2.6e-05,0.0011524999999999999,4.775469064712524
BenchmarkTest01364.java,0,CWE-78,CWE-78,1,1,0,1,0,0,0,0,1,0,917,0.00022925,384,0.000768,12,2.4e-05,0.00102125,3.9193155765533447
BenchmarkTest01365.java,0,CWE-78,CWE-78,1,1,0,1,0,0,0,0,1,0,1008,0.000252,384,0.000768,12,2.4e-05,0.001044,3.896498441696167
BenchmarkTest01366.java,0,CWE-330,,,,0,0,1,0,0,0,1,0,,,,,,,,
BenchmarkTest01367.java,0,CWE-330,,,,0,0,1,0,0,0,1,0,,,,,,,,
BenchmarkTest01368.java,0,CWE-330,,,,0,0,1,0,0,0,1,0,,,,,,,,
BenchmarkTest01369.java,0,CWE-330,,,,0,0,1,0,0,0,1,0,,,,,,,,
BenchmarkTest01370.java,0,CWE-330,,,,0,0,1,0,0,0,1,0,,,,,,,,
BenchmarkTest01371.java,0,CWE-330,,,,0,0,1,0,0,0,1,0,,,,,,,,
BenchmarkTest01372.java,0,CWE-330,,,,0,0,1,0,0,0,1,0,,,,,,,,
BenchmarkTest01373.java,0,CWE-330,,,,0,0,1,0,0,0,1,0,,,,,,,,
BenchmarkTest01378.java,0,CWE-89,CWE-89,1,1,0,1,0,0,0,0,1,0,1146,0.0002865,320,0.00064,12,2.4e-05,0.0009505000000000001,7.289912939071655
BenchmarkTest01379.java,0,CWE-89,CWE-89,1,0,1,0,0,0,1,0,0,0,987,0.00024675,320,0.00064,13,2.6e-05,0.00091275,4.63235330581665
BenchmarkTest01380.java,0,CWE-89,CWE-89,1,1,0,1,0,0,0,0,1,0,955,0.00023875,192,0.000384,12,2.4e-05,0.0006467500000000001,3.5826191902160645
BenchmarkTest01381.java,0,CWE-89,CWE-89,1,0,1,0,0,0,1,0,0,0,935,0.00023375,320,0.00064,13,2.6e-05,0.00089975,3.048776149749756
BenchmarkTest01382.java,0,CWE-89,CWE-89,1,0,1,0,0,0,1,0,0,0,939,0.00023475,256,0.000512,13,2.6e-05,0.00077275,2.551740884780884
BenchmarkTest01383.java,0,CWE-89,CWE-89,1,0,1,0,0,0,1,0,0,0,944,0.000236,256,0.000512,13,2.6e-05,0.000774,2.3686983585357666
BenchmarkTest01384.java,0,CWE-89,CWE-89,1,0,1,0,0,0,1,0,0,0,938,0.0002345,256,0.000512,13,2.6e-05,0.0007725,2.464858293533325
BenchmarkTest01385.java,0,CWE-89,CWE-89,1,1,0,1,0,0,0,0,1,0,998,0.0002495,384,0.000768,12,2.4e-05,0.0010414999999999999,4.047731161117554
BenchmarkTest01386.java,0,CWE-89,,,,0,0,1,0,0,0,1,0,,,,,,,,
BenchmarkTest01387.java,0,CWE-89,,,,0,0,1,0,0,0,1,0,,,,,,,,
BenchmarkTest01388.java,0,CWE-89,,,,0,0,0,1,0,0,0,1,,,,,,,,
BenchmarkTest01389.java,0,CWE-89,,,,0,0,1,0,0,0,1,0,,,,,,,,
BenchmarkTest01390.java,0,CWE-89,,,,0,0,0,1,0,0,0,1,,,,,,,,
BenchmarkTest01391.java,0,CWE-89,CWE-89,1,0,1,0,0,0,1,0,0,0,969,0.00024225,128,0.000256,13,2.6e-05,0.00052425,1.8170695304870605
BenchmarkTest01392.java,0,CWE-89,CWE-89,1,1,0,1,0,0,0,0,1,0,918,0.0002295,320,0.00064,12,2.4e-05,0.0008935000000000001,3.112755060195923
BenchmarkTest01393.java,0,CWE-89,CWE-89,1,1,0,1,0,0,0,0,1,0,1123,0.00028075,256,0.000512,12,2.4e-05,0.0008167500000000001,3.226719856262207
BenchmarkTest01394.java,0,CWE-89,CWE-89,1,0,1,0,0,0,1,0,0,0,988,0.000247,192,0.000384,13,2.6e-05,0.000657,2.112236261367798
BenchmarkTest01395.java,0,CWE-89,CWE-89,1,0,1,0,0,0,1,0,0,0,918,0.0002295,384,0.000768,13,2.6e-05,0.0010235,3.8302056789398193
BenchmarkTest01396.java,0,CWE-89,CWE-89,1,0,1,0,0,0,1,0,0,0,915,0.00022875,320,0.00064,13,2.6e-05,0.00089475,2.6734859943389893
BenchmarkTest01397.java,0,CWE-643,CWE-643,1,1,0,1,0,0,0,0,1,0,981,0.00024525,192,0.000384,12,2.4e-05,0.0006532500000000001,2.3455302715301514
BenchmarkTest01398.java,0,CWE-327,CWE-327,1,0,1,0,0,0,1,0,0,0,1911,0.00047775,128,0.000256,13,2.6e-05,0.00075975,2.0086472034454346
BenchmarkTest01399.java,0,CWE-327,,,,0,0,1,0,0,0,1,0,,,,,,,,
BenchmarkTest01400.java,0,CWE-327,,,,0,0,1,0,0,0,1,0,,,,,,,,
BenchmarkTest01401.java,0,CWE-327,,,,0,0,1,0,0,0,1,0,,,,,,,,
BenchmarkTest01402.java,0,CWE-90,CWE-90,1,1,0,1,0,0,0,0,1,0,1267,0.00031675,384,0.000768,12,2.4e-05,0.00110875,4.469501256942749
BenchmarkTest01403.java,0,CWE-22,CWE-23,0,0,1,0,0,0,1,0,0,0,1290,0.0003225,448,0.000896,13,2.6e-05,0.0012445,3.6050243377685547
BenchmarkTest01404.java,0,CWE-22,CWE-23,0,1,0,1,0,0,0,0,1,0,1485,0.00037125,384,0.000768,12,2.4e-05,0.00116325,3.5897297859191895
BenchmarkTest01405.java,0,CWE-22,CWE-23,0,0,1,0,0,0,1,0,0,0,1410,0.0003525,448,0.000896,13,2.6e-05,0.0012745,3.881300449371338
BenchmarkTest01406.java,0,CWE-22,CWE-23,0,1,0,1,0,0,0,0,1,0,1429,0.00035725,256,0.000512,12,2.4e-05,0.0008932500000000001,3.411114454269409
BenchmarkTest01407.java,0,CWE-22,CWE-23,0,1,0,1,0,0,0,0,1,0,1290,0.0003225,320,0.00064,12,2.4e-05,0.0009865,2.8650693893432617
BenchmarkTest01408.java,0,CWE-22,CWE-23,0,0,1,0,0,0,1,0,0,0,1318,0.0003295,512,0.001024,13,2.6e-05,0.0013794999999999999,5.35127067565918
BenchmarkTest01409.java,0,CWE-22,CWE-23,0,1,0,1,0,0,0,0,1,0,1511,0.00037775,384,0.000768,12,2.4e-05,0.00116975,3.4214909076690674
BenchmarkTest01410.java,0,CWE-328,,,,0,0,1,0,0,0,1,0,,,,,,,,
BenchmarkTest01411.java,0,CWE-328,CWE-916,0,0,1,0,0,0,1,0,0,0,1345,0.00033625,448,0.000896,13,2.6e-05,0.00125825,3.8855466842651367
BenchmarkTest01412.java,0,CWE-328,,,,0,0,1,0,0,0,1,0,,,,,,,,
BenchmarkTest01413.java,0,CWE-328,,,,0,0,1,0,0,0,1,0,,,,,,,,
BenchmarkTest01414.java,0,CWE-328,,,,0,0,0,1,0,0,0,1,,,,,,,,
BenchmarkTest01415.java,0,CWE-328,,,,0,0,0,1,0,0,0,1,,,,,,,,
BenchmarkTest01416.java,0,CWE-328,,,,0,0,0,1,0,0,0,1,,,,,,,,
BenchmarkTest01417.java,0,CWE-79,CWE-79,1,0,1,0,0,0,1,0,0,0,1411,0.00035275,320,0.00064,13,2.6e-05,0.0010187500000000001,4.448523998260498
BenchmarkTest01418.java,0,CWE-79,CWE-79,1,0,1,0,0,0,1,0,0,0,1408,0.000352,512,0.001024,13,2.6e-05,0.001402,5.463412761688232
BenchmarkTest01419.java,0,CWE-79,CWE-79,1,1,0,1,0,0,0,0,1,0,1402,0.0003505,320,0.00064,12,2.4e-05,0.0010145,5.667920351028442
BenchmarkTest01420.java,0,CWE-79,CWE-79,1,1,0,1,0,0,0,0,1,0,1356,0.000339,448,0.000896,12,2.4e-05,0.001259,5.461657524108887
BenchmarkTest01421.java,0,CWE-79,CWE-79,1,1,0,1,0,0,0,0,1,0,1402,0.0003505,448,0.000896,12,2.4e-05,0.0012705,6.830469846725464
BenchmarkTest01422.java,0,CWE-79,CWE-79,1,1,0,1,0,0,0,0,1,0,1463,0.00036575,448,0.000896,12,2.4e-05,0.00128575,5.528958082199097
BenchmarkTest01423.java,0,CWE-79,CWE-79,1,0,1,0,0,0,1,0,0,0,1363,0.00034075,512,0.001024,13,2.6e-05,0.00139075,5.66264533996582
BenchmarkTest01424.java,0,CWE-79,CWE-79,1,0,1,0,0,0,1,0,0,0,1391,0.00034775,576,0.001152,13,2.6e-05,0.00152575,6.595402717590332
BenchmarkTest01425.java,0,CWE-79,CWE-79,1,1,0,1,0,0,0,0,1,0,1425,0.00035625,384,0.000768,12,2.4e-05,0.00114825,3.299823045730591
BenchmarkTest01426.java,0,CWE-79,CWE-79,1,0,1,0,0,0,1,0,0,0,1432,0.000358,448,0.000896,13,2.6e-05,0.0012799999999999999,4.039755344390869
BenchmarkTest01427.java,0,CWE-79,CWE-79,1,0,1,0,0,0,1,0,0,0,1340,0.000335,384,0.000768,13,2.6e-05,0.001129,3.8139867782592773
BenchmarkTest01428.java,0,CWE-79,CWE-79,1,0,1,0,0,0,1,0,0,0,1346,0.0003365,512,0.001024,13,2.6e-05,0.0013865,6.803036451339722
BenchmarkTest01429.java,0,CWE-79,CWE-79,1,0,1,0,0,0,1,0,0,0,1435,0.00035875,384,0.000768,13,2.6e-05,0.0011527500000000001,4.140578508377075
BenchmarkTest01430.java,0,CWE-78,CWE-78,1,0,1,0,0,0,1,0,0,0,1093,0.00027325,576,0.001152,13,2.6e-05,0.00145125,4.5642194747924805
BenchmarkTest01431.java,0,CWE-330,CWE-330,1,0,1,0,0,0,1,0,0,0,1310,0.0003275,192,0.000384,13,2.6e-05,0.0007375,2.4159622192382812
BenchmarkTest01432.java,0,CWE-330,CWE-330,1,0,1,0,0,0,1,0,0,0,1369,0.00034225,576,0.001152,13,2.6e-05,0.00152025,5.386543035507202
BenchmarkTest01433.java,0,CWE-330,CWE-330,1,0,1,0,0,0,1,0,0,0,1328,0.000332,640,0.00128,13,2.6e-05,0.0016380000000000001,5.259932518005371
BenchmarkTest01434.java,0,CWE-330,CWE-330,1,0,1,0,0,0,1,0,0,0,1324,0.000331,896,0.001792,13,2.6e-05,0.002149,7.5840911865234375
BenchmarkTest01435.java,0,CWE-330,CWE-330,1,0,1,0,0,0,1,0,0,0,1305,0.00032625,128,0.000256,13,2.6e-05,0.00060825,2.500337600708008
BenchmarkTest01436.java,0,CWE-614,,,,0,0,1,0,0,0,1,0,,,,,,,,
BenchmarkTest01437.java,0,CWE-79,CWE-79,1,0,1,0,0,0,1,0,0,0,1414,0.0003535,512,0.001024,13,2.6e-05,0.0014034999999999998,5.210874795913696
BenchmarkTest01438.java,0,CWE-79,CWE-79,1,0,1,0,0,0,1,0,0,0,1566,0.0003915,1408,0.002816,13,2.6e-05,0.0032335,14.195550680160522
BenchmarkTest01439.java,0,CWE-79,CWE-79,1,1,0,1,0,0,0,0,1,0,1449,0.00036225,320,0.00064,12,2.4e-05,0.00102625,3.957789421081543
BenchmarkTest01440.java,0,CWE-78,CWE-78,1,1,0,1,0,0,0,0,1,0,1040,0.00026,512,0.001024,12,2.4e-05,0.001308,4.8160388469696045
BenchmarkTest01441.java,0,CWE-78,CWE-78,1,0,1,0,0,0,1,0,0,0,1138,0.0002845,1088,0.002176,13,2.6e-05,0.0024865,11.752646207809448
BenchmarkTest01442.java,0,CWE-78,CWE-78,1,0,1,0,0,0,1,0,0,0,1047,0.00026175,1216,0.002432,13,2.6e-05,0.00271975,8.249942064285278
BenchmarkTest01443.java,0,CWE-78,CWE-78,1,1,0,1,0,0,0,0,1,0,1054,0.0002635,320,0.00064,12,2.4e-05,0.0009275,5.426409721374512
BenchmarkTest01444.java,0,CWE-78,CWE-78,1,1,0,1,0,0,0,0,1,0,1011,0.00025275,512,0.001024,12,2.4e-05,0.0013007499999999998,5.1966469287872314
BenchmarkTest01445.java,0,CWE-78,CWE-78,1,1,0,1,0,0,0,0,1,0,1044,0.000261,512,0.001024,12,2.4e-05,0.0013089999999999998,6.996405601501465
BenchmarkTest01446.java,0,CWE-78,CWE-78,1,0,1,0,0,0,1,0,0,0,1080,0.00027,960,0.00192,12,2.4e-05,0.0022140000000000003,8.540184736251831
BenchmarkTest01447.java,0,CWE-330,,,,0,0,1,0,0,0,1,0,,,,,,,,
BenchmarkTest01448.java,0,CWE-330,,,,0,0,1,0,0,0,1,0,,,,,,,,
BenchmarkTest01449.java,0,CWE-330,CWE-330,1,1,0,1,0,0,0,0,1,0,1436,0.000359,384,0.000768,12,2.4e-05,0.001151,4.441036224365234
BenchmarkTest01450.java,0,CWE-330,,,,0,0,1,0,0,0,1,0,,,,,,,,
BenchmarkTest01451.java,0,CWE-330,,,,0,0,1,0,0,0,1,0,,,,,,,,
BenchmarkTest01452.java,0,CWE-330,,,,0,0,1,0,0,0,1,0,,,,,,,,
BenchmarkTest01453.java,0,CWE-330,,,,0,0,1,0,0,0,1,0,,,,,,,,
BenchmarkTest01459.java,0,CWE-89,CWE-89,1,1,0,1,0,0,0,0,1,0,1024,0.000256,448,0.000896,12,2.4e-05,0.001176,4.42238187789917
BenchmarkTest01460.java,0,CWE-89,CWE-89,1,0,1,0,0,0,1,0,0,0,1059,0.00026475,512,0.001024,13,2.6e-05,0.00131475,3.945485830307007
BenchmarkTest01461.java,0,CWE-89,CWE-89,1,1,0,1,0,0,0,0,1,0,1074,0.0002685,320,0.00064,12,2.4e-05,0.0009325000000000001,3.1862614154815674
BenchmarkTest01462.java,0,CWE-89,CWE-89,1,0,1,0,0,0,1,0,0,0,989,0.00024725,448,0.000896,13,2.6e-05,0.00116925,4.693895101547241
BenchmarkTest01463.java,0,CWE-89,CWE-89,1,0,1,0,0,0,1,0,0,0,1020,0.000255,448,0.000896,13,2.6e-05,0.001177,4.989120960235596
BenchmarkTest01464.java,0,CWE-89,CWE-89,1,0,1,0,0,0,1,0,0,0,1091,0.00027275,512,0.001024,13,2.6e-05,0.00132275,4.811518907546997
BenchmarkTest01465.java,0,CWE-89,,,,0,0,0,1,0,0,0,1,,,,,,,,
BenchmarkTest01466.java,0,CWE-89,CWE-89,1,0,1,0,0,0,1,0,0,0,1199,0.00029975,384,0.000768,13,2.6e-05,0.00109375,3.9839870929718018
BenchmarkTest01467.java,0,CWE-89,,,,0,0,1,0,0,0,1,0,,,,,,,,
BenchmarkTest01468.java,0,CWE-89,,,,0,0,1,0,0,0,1,0,,,,,,,,
BenchmarkTest01469.java,0,CWE-89,,,,0,0,1,0,0,0,1,0,,,,,,,,
BenchmarkTest01470.java,0,CWE-89,,,,0,0,0,1,0,0,0,1,,,,,,,,
BenchmarkTest01471.java,0,CWE-89,CWE-89,1,0,1,0,0,0,1,0,0,0,1056,0.000264,512,0.001024,13,2.6e-05,0.001314,4.838098049163818
BenchmarkTest01472.java,0,CWE-89,CWE-89,1,1,0,1,0,0,0,0,1,0,1188,0.000297,640,0.00128,12,2.4e-05,0.001601,5.747042655944824
BenchmarkTest01473.java,0,CWE-89,CWE-89,1,0,1,0,0,0,1,0,0,0,981,0.00024525,512,0.001024,13,2.6e-05,0.00129525,5.413112163543701
BenchmarkTest01474.java,0,CWE-89,CWE-89,1,0,1,0,0,0,1,0,0,0,1004,0.000251,512,0.001024,13,2.6e-05,0.0013009999999999999,4.626550674438477
BenchmarkTest01475.java,0,CWE-89,CWE-89,1,0,1,0,0,0,1,0,0,0,982,0.0002455,384,0.000768,13,2.6e-05,0.0010395,5.131389141082764
BenchmarkTest01476.java,0,CWE-89,CWE-89,1,0,1,0,0,0,1,0,0,0,987,0.00024675,576,0.001152,13,2.6e-05,0.00142475,7.546771764755249
BenchmarkTest01477.java,0,CWE-89,CWE-89,1,0,1,0,0,0,1,0,0,0,1048,0.000262,448,0.000896,13,2.6e-05,0.001184,6.728831768035889
BenchmarkTest01478.java,0,CWE-643,CWE-643,1,0,1,0,0,0,1,0,0,0,1126,0.0002815,512,0.001024,13,2.6e-05,0.0013315,6.449450969696045
BenchmarkTest01479.java,0,CWE-643,CWE-643,1,1,0,1,0,0,0,0,1,0,1137,0.00028425,320,0.00064,13,2.6e-05,0.00095025,5.345579624176025
BenchmarkTest01480.java,0,CWE-327,CWE-327,1,0,1,0,0,0,1,0,0,0,1763,0.00044075,128,0.000256,13,2.6e-05,0.00072275,3.8599634170532227
BenchmarkTest01481.java,0,CWE-327,,,,0,0,1,0,0,0,1,0,,,,,,,,
BenchmarkTest01482.java,0,CWE-327,,,,0,0,1,0,0,0,1,0,,,,,,,,
BenchmarkTest01483.java,0,CWE-327,CWE-327,1,0,1,0,0,0,1,0,0,0,1670,0.0004175,192,0.000384,13,2.6e-05,0.0008275,2.3910443782806396
BenchmarkTest01484.java,0,CWE-327,CWE-327,1,0,1,0,0,0,1,0,0,0,1617,0.00040425,128,0.000256,13,2.6e-05,0.00068625,1.6402149200439453
BenchmarkTest01485.java,0,CWE-327,,,,0,0,1,0,0,0,1,0,,,,,,,,
BenchmarkTest01486.java,0,CWE-327,CWE-327,1,0,1,0,0,0,1,0,0,0,1279,0.00031975,128,0.000256,13,2.6e-05,0.00060175,2.308469772338867
BenchmarkTest01487.java,0,CWE-327,,,,0,0,1,0,0,0,1,0,,,,,,,,
BenchmarkTest01488.java,0,CWE-327,,,,0,0,1,0,0,0,1,0,,,,,,,,
BenchmarkTest01489.java,0,CWE-327,CWE-327,1,0,1,0,0,0,1,0,0,0,1264,0.000316,256,0.000512,13,2.6e-05,0.0008539999999999999,2.763948440551758
BenchmarkTest01490.java,0,CWE-90,,,,0,0,0,1,0,0,0,1,,,,,,,,
BenchmarkTest01491.java,0,CWE-90,,,,0,0,1,0,0,0,1,0,,,,,,,,
BenchmarkTest01492.java,0,CWE-90,,,,0,0,1,0,0,0,1,0,,,,,,,,
BenchmarkTest01493.java,0,CWE-22,,,,0,0,1,0,0,0,1,0,,,,,,,,
BenchmarkTest01494.java,0,CWE-22,,,,0,0,0,1,0,0,0,1,,,,,,,,
BenchmarkTest01495.java,0,CWE-22,,,,0,0,0,1,0,0,0,1,,,,,,,,
BenchmarkTest01496.java,0,CWE-22,,,,0,0,0,1,0,0,0,1,,,,,,,,
BenchmarkTest01497.java,0,CWE-22,,,,0,0,0,1,0,0,0,1,,,,,,,,
BenchmarkTest01498.java,0,CWE-22,,,,0,0,0,1,0,0,0,1,,,,,,,,
BenchmarkTest01499.java,0,CWE-22,,,,0,0,1,0,0,0,1,0,,,,,,,,
BenchmarkTest01500.java,0,CWE-22,,,,0,0,0,1,0,0,0,1,,,,,,,,
BenchmarkTest01501.java,0,CWE-90,,,,0,0,0,1,0,0,0,1,,,,,,,,
BenchmarkTest01502.java,0,CWE-330,CWE-330,1,0,1,0,0,0,1,0,0,0,1472,0.000368,512,0.001024,13,2.6e-05,0.001418,3.9593794345855713
BenchmarkTest01503.java,0,CWE-328,CWE-916,0,0,1,0,0,0,1,0,0,0,1370,0.0003425,384,0.000768,13,2.6e-05,0.0011365,4.800336837768555
BenchmarkTest01504.java,0,CWE-328,CWE-916,0,0,1,0,0,0,1,0,0,0,1196,0.000299,192,0.000384,13,2.6e-05,0.000709,2.145047903060913
BenchmarkTest01505.java,0,CWE-79,,,,0,0,0,1,0,0,0,1,,,,,,,,
BenchmarkTest01506.java,0,CWE-79,,,,0,0,0,1,0,0,0,1,,,,,,,,
BenchmarkTest01507.java,0,CWE-79,,,,0,0,0,1,0,0,0,1,,,,,,,,
BenchmarkTest01508.java,0,CWE-79,,,,0,0,1,0,0,0,1,0,,,,,,,,
BenchmarkTest01509.java,0,CWE-79,,,,0,0,0,1,0,0,0,1,,,,,,,,
BenchmarkTest01510.java,0,CWE-79,,,,0,0,0,1,0,0,0,1,,,,,,,,
BenchmarkTest01511.java,0,CWE-79,,,,0,0,0,1,0,0,0,1,,,,,,,,
BenchmarkTest01512.java,0,CWE-79,,,,0,0,0,1,0,0,0,1,,,,,,,,
BenchmarkTest01513.java,0,CWE-79,,,,0,0,1,0,0,0,1,0,,,,,,,,
BenchmarkTest01514.java,0,CWE-79,,,,0,0,1,0,0,0,1,0,,,,,,,,
BenchmarkTest01515.java,0,CWE-79,,,,0,0,1,0,0,0,1,0,,,,,,,,
BenchmarkTest01516.java,0,CWE-78,,,,0,0,1,0,0,0,1,0,,,,,,,,
BenchmarkTest01517.java,0,CWE-78,,,,0,0,0,1,0,0,0,1,,,,,,,,
BenchmarkTest01518.java,0,CWE-330,CWE-330,1,0,1,0,0,0,1,0,0,0,1462,0.0003655,576,0.001152,13,2.6e-05,0.0015435,4.244244813919067
BenchmarkTest01519.java,0,CWE-330,CWE-330,1,0,1,0,0,0,1,0,0,0,1303,0.00032575,384,0.000768,13,2.6e-05,0.00111975,3.8967339992523193
BenchmarkTest01520.java,0,CWE-330,CWE-330,1,0,1,0,0,0,1,0,0,0,1317,0.00032925,384,0.000768,13,2.6e-05,0.0011232500000000001,3.125462293624878
BenchmarkTest01521.java,0,CWE-614,CWE-614,1,0,1,0,0,0,1,0,0,0,1018,0.0002545,192,0.000384,13,2.6e-05,0.0006644999999999999,2.3794772624969482
BenchmarkTest01522.java,0,CWE-614,,,,0,0,1,0,0,0,1,0,,,,,,,,
BenchmarkTest01523.java,0,CWE-614,,,,0,0,1,0,0,0,1,0,,,,,,,,
BenchmarkTest01524.java,0,CWE-614,,,,0,0,1,0,0,0,1,0,,,,,,,,
BenchmarkTest01525.java,0,CWE-79,,,,0,0,0,1,0,0,0,1,,,,,,,,
BenchmarkTest01526.java,0,CWE-78,,,,0,0,1,0,0,0,1,0,,,,,,,,
BenchmarkTest01527.java,0,CWE-78,,,,0,0,1,0,0,0,1,0,,,,,,,,
BenchmarkTest01528.java,0,CWE-78,,,,0,0,1,0,0,0,1,0,,,,,,,,
BenchmarkTest01529.java,0,CWE-78,,,,0,0,1,0,0,0,1,0,,,,,,,,
BenchmarkTest01530.java,0,CWE-78,,,,0,0,1,0,0,0,1,0,,,,,,,,
BenchmarkTest01531.java,0,CWE-78,,,,0,0,0,1,0,0,0,1,,,,,,,,
BenchmarkTest01532.java,0,CWE-78,,,,0,0,1,0,0,0,1,0,,,,,,,,
BenchmarkTest01533.java,0,CWE-78,,,,0,0,0,1,0,0,0,1,,,,,,,,
BenchmarkTest01534.java,0,CWE-330,,,,0,0,1,0,0,0,1,0,,,,,,,,
BenchmarkTest01535.java,0,CWE-330,,,,0,0,1,0,0,0,1,0,,,,,,,,
BenchmarkTest01536.java,0,CWE-330,,,,0,0,1,0,0,0,1,0,,,,,,,,
BenchmarkTest01537.java,0,CWE-330,CWE-330,1,1,0,1,0,0,0,0,1,0,1417,0.00035425,704,0.001408,12,2.4e-05,0.0017862499999999999,6.512069940567017
BenchmarkTest01538.java,0,CWE-330,,,,0,0,1,0,0,0,1,0,,,,,,,,
BenchmarkTest01539.java,0,CWE-330,,,,0,0,1,0,0,0,1,0,,,,,,,,
BenchmarkTest01540.java,0,CWE-330,,,,0,0,1,0,0,0,1,0,,,,,,,,
BenchmarkTest01541.java,0,CWE-330,,,,0,0,1,0,0,0,1,0,,,,,,,,
BenchmarkTest01542.java,0,CWE-330,,,,0,0,1,0,0,0,1,0,,,,,,,,
BenchmarkTest01543.java,0,CWE-330,,,,0,0,1,0,0,0,1,0,,,,,,,,
BenchmarkTest01544.java,0,CWE-330,,,,0,0,1,0,0,0,1,0,,,,,,,,
BenchmarkTest01545.java,0,CWE-330,,,,0,0,1,0,0,0,1,0,,,,,,,,
BenchmarkTest01552.java,0,CWE-89,,,,0,0,0,1,0,0,0,1,,,,,,,,
BenchmarkTest01553.java,0,CWE-89,,,,0,0,1,0,0,0,1,0,,,,,,,,
BenchmarkTest01554.java,0,CWE-89,,,,0,0,0,1,0,0,0,1,,,,,,,,
BenchmarkTest01555.java,0,CWE-89,,,,0,0,1,0,0,0,1,0,,,,,,,,
BenchmarkTest01556.java,0,CWE-89,,,,0,0,1,0,0,0,1,0,,,,,,,,
BenchmarkTest01557.java,0,CWE-89,,,,0,0,0,1,0,0,0,1,,,,,,,,
BenchmarkTest01558.java,0,CWE-89,,,,0,0,0,1,0,0,0,1,,,,,,,,
BenchmarkTest01559.java,0,CWE-89,,,,0,0,0,1,0,0,0,1,,,,,,,,
BenchmarkTest01560.java,0,CWE-89,,,,0,0,0,1,0,0,0,1,,,,,,,,
BenchmarkTest01561.java,0,CWE-643,,,,0,0,0,1,0,0,0,1,,,,,,,,
BenchmarkTest01562.java,0,CWE-643,,,,0,0,1,0,0,0,1,0,,,,,,,,
BenchmarkTest01563.java,0,CWE-327,,,,0,0,1,0,0,0,1,0,,,,,,,,
BenchmarkTest01564.java,0,CWE-327,,,,0,0,1,0,0,0,1,0,,,,,,,,
BenchmarkTest01565.java,0,CWE-327,CWE-327,1,0,1,0,0,0,1,0,0,0,1253,0.00031325,128,0.000256,13,2.6e-05,0.00059525,2.046339988708496
BenchmarkTest01566.java,0,CWE-327,CWE-327,1,0,1,0,0,0,1,0,0,0,1291,0.00032275,384,0.000768,13,2.6e-05,0.0011167500000000001,4.125615358352661
BenchmarkTest01567.java,0,CWE-327,,,,0,0,1,0,0,0,1,0,,,,,,,,
BenchmarkTest01568.java,0,CWE-90,CWE-90,1,0,1,0,0,0,1,0,0,0,1180,0.000295,192,0.000384,13,2.6e-05,0.000705,2.4576969146728516
BenchmarkTest01569.java,0,CWE-90,CWE-90,1,1,0,1,0,0,0,0,1,0,1389,0.00034725,256,0.000512,12,2.4e-05,0.00088325,2.53983736038208
BenchmarkTest01570.java,0,CWE-22,CWE-23,0,1,0,1,0,0,0,0,1,0,1215,0.00030375,256,0.000512,12,2.4e-05,0.00083975,2.8261492252349854
BenchmarkTest01571.java,0,CWE-22,CWE-23,0,0,1,0,0,0,1,0,0,0,1266,0.0003165,1344,0.002688,13,2.6e-05,0.0030304999999999998,9.938778638839722
BenchmarkTest01572.java,0,CWE-22,CWE-23,0,0,1,0,0,0,1,0,0,0,1346,0.0003365,256,0.000512,13,2.6e-05,0.0008745,2.9767730236053467
BenchmarkTest01573.java,0,CWE-22,CWE-23,0,1,0,1,0,0,0,0,1,0,1387,0.00034675,448,0.000896,12,2.4e-05,0.0012667499999999999,3.8034157752990723
BenchmarkTest01574.java,0,CWE-22,CWE-23,0,1,0,1,0,0,0,0,1,0,1312,0.000328,384,0.000768,12,2.4e-05,0.00112,6.637495994567871
BenchmarkTest01575.java,0,CWE-330,CWE-330,1,0,1,0,0,0,1,0,0,0,1325,0.00033125,192,0.000384,13,2.6e-05,0.0007412499999999999,3.5812106132507324
BenchmarkTest01576.java,0,CWE-328,,,,0,0,1,0,0,0,1,0,,,,,,,,
BenchmarkTest01577.java,0,CWE-328,CWE-916,0,0,1,0,0,0,1,0,0,0,1173,0.00029325,256,0.000512,13,2.6e-05,0.00083125,3.6903035640716553
BenchmarkTest01578.java,0,CWE-328,,,,0,0,1,0,0,0,1,0,,,,,,,,
BenchmarkTest01579.java,0,CWE-328,,,,0,0,0,1,0,0,0,1,,,,,,,,
BenchmarkTest01580.java,0,CWE-328,,,,0,0,0,1,0,0,0,1,,,,,,,,
BenchmarkTest01581.java,0,CWE-328,,,,0,0,1,0,0,0,1,0,,,,,,,,
BenchmarkTest01582.java,0,CWE-328,,,,0,0,1,0,0,0,1,0,,,,,,,,
BenchmarkTest01583.java,0,CWE-79,CWE-79,1,0,1,0,0,0,1,0,0,0,1351,0.00033775,256,0.000512,13,2.6e-05,0.00087575,4.472400665283203
BenchmarkTest01584.java,0,CWE-79,CWE-79,1,0,1,0,0,0,1,0,0,0,1311,0.00032775,384,0.000768,13,2.6e-05,0.00112175,5.296991586685181
BenchmarkTest01585.java,0,CWE-79,CWE-79,1,1,0,1,0,0,0,0,1,0,1282,0.0003205,768,0.001536,12,2.4e-05,0.0018805,7.527755975723267
BenchmarkTest01586.java,0,CWE-79,CWE-79,1,1,0,1,0,0,0,0,1,0,1273,0.00031825,384,0.000768,12,2.4e-05,0.00111025,4.52318263053894
BenchmarkTest01587.java,0,CWE-79,CWE-79,1,0,1,0,0,0,1,0,0,0,1307,0.00032675,512,0.001024,13,2.6e-05,0.00137675,6.502317190170288
BenchmarkTest01588.java,0,CWE-79,CWE-79,1,1,0,1,0,0,0,0,1,0,1313,0.00032825,384,0.000768,12,2.4e-05,0.00112025,4.259718418121338
BenchmarkTest01589.java,0,CWE-79,CWE-79,1,0,1,0,0,0,1,0,0,0,1381,0.00034525,256,0.000512,13,2.6e-05,0.0008832499999999999,2.6089344024658203
BenchmarkTest01590.java,0,CWE-79,CWE-79,1,0,1,0,0,0,1,0,0,0,1273,0.00031825,320,0.00064,13,2.6e-05,0.00098425,4.09868049621582
BenchmarkTest01591.java,0,CWE-79,CWE-79,1,1,0,1,0,0,0,0,1,0,1508,0.000377,512,0.001024,12,2.4e-05,0.0014249999999999998,4.087145566940308
BenchmarkTest01592.java,0,CWE-79,CWE-79,1,0,1,0,0,0,1,0,0,0,1289,0.00032225,256,0.000512,13,2.6e-05,0.0008602499999999999,3.250009298324585
BenchmarkTest01593.java,0,CWE-79,CWE-79,1,1,0,1,0,0,0,0,1,0,1295,0.00032375,192,0.000384,12,2.4e-05,0.0007317500000000001,2.254302740097046
BenchmarkTest01594.java,0,CWE-79,CWE-79,1,0,1,0,0,0,1,0,0,0,1283,0.00032075,192,0.000384,13,2.6e-05,0.0007307500000000001,2.277170181274414
BenchmarkTest01595.java,0,CWE-79,CWE-79,1,1,0,1,0,0,0,0,1,0,1272,0.000318,448,0.000896,12,2.4e-05,0.001238,4.730791807174683
BenchmarkTest01596.java,0,CWE-79,CWE-79,1,0,1,0,0,0,1,0,0,0,1305,0.00032625,256,0.000512,13,2.6e-05,0.00086425,3.410149335861206
BenchmarkTest01597.java,0,CWE-79,CWE-79,1,0,1,0,0,0,1,0,0,0,1314,0.0003285,256,0.000512,13,2.6e-05,0.0008665,2.5360898971557617
BenchmarkTest01598.java,0,CWE-79,CWE-79,1,0,1,0,0,0,1,0,0,0,1480,0.00037,576,0.001152,13,2.6e-05,0.001548,5.525637149810791
BenchmarkTest01599.java,0,CWE-79,CWE-79,1,1,0,1,0,0,0,0,1,0,1363,0.00034075,256,0.000512,12,2.4e-05,0.00087675,2.6272926330566406
BenchmarkTest01600.java,0,CWE-78,CWE-78,1,1,0,1,0,0,0,0,1,0,1028,0.000257,448,0.000896,12,2.4e-05,0.0011769999999999999,4.144094467163086
BenchmarkTest01601.java,0,CWE-78,CWE-78,1,0,1,0,0,0,1,0,0,0,1028,0.000257,256,0.000512,13,2.6e-05,0.0007949999999999999,2.7785868644714355
BenchmarkTest01602.java,0,CWE-330,CWE-330,1,0,1,0,0,0,1,0,0,0,1320,0.00033,192,0.000384,13,2.6e-05,0.00074,2.668492555618286
BenchmarkTest01603.java,0,CWE-330,CWE-330,1,0,1,0,0,0,1,0,0,0,1445,0.00036125,768,0.001536,13,2.6e-05,0.00192325,7.798092365264893
BenchmarkTest01604.java,0,CWE-614,,,,0,0,1,0,0,0,1,0,,,,,,,,
BenchmarkTest01605.java,0,CWE-614,,,,0,0,1,0,0,0,1,0,,,,,,,,
BenchmarkTest01606.java,0,CWE-78,CWE-78,1,1,0,1,0,0,0,0,1,0,969,0.00024225,320,0.00064,12,2.4e-05,0.00090625,4.161039590835571
BenchmarkTest01607.java,0,CWE-78,CWE-78,1,1,0,1,0,0,0,0,1,0,1122,0.0002805,448,0.000896,12,2.4e-05,0.0012005,4.633934736251831
BenchmarkTest01608.java,0,CWE-78,CWE-78,1,1,0,1,0,0,0,0,1,0,983,0.00024575,384,0.000768,12,2.4e-05,0.0010377499999999998,3.8950555324554443
BenchmarkTest01609.java,0,CWE-78,CWE-78,1,0,1,0,0,0,1,0,0,0,1023,0.00025575,576,0.001152,13,2.6e-05,0.0014337500000000001,6.249263048171997
BenchmarkTest01610.java,0,CWE-78,CWE-78,1,0,1,0,0,0,1,0,0,0,1002,0.0002505,832,0.001664,13,2.6e-05,0.0019405,190.44943571090698
BenchmarkTest01611.java,0,CWE-330,,,,0,0,1,0,0,0,1,0,,,,,,,,
BenchmarkTest01612.java,0,CWE-330,,,,0,0,1,0,0,0,1,0,,,,,,,,
BenchmarkTest01613.java,0,CWE-330,,,,0,0,1,0,0,0,1,0,,,,,,,,
BenchmarkTest01614.java,0,CWE-330,,,,0,0,1,0,0,0,1,0,,,,,,,,
BenchmarkTest01620.java,0,CWE-89,CWE-89,1,0,1,0,0,0,1,0,0,0,964,0.000241,256,0.000512,13,2.6e-05,0.000779,4.351715326309204
BenchmarkTest01621.java,0,CWE-89,CWE-89,1,0,1,0,0,0,1,0,0,0,923,0.00023075,320,0.00064,13,2.6e-05,0.00089675,4.163280963897705
BenchmarkTest01622.java,0,CWE-89,CWE-89,1,1,0,1,0,0,0,0,1,0,975,0.00024375,320,0.00064,12,2.4e-05,0.00090775,4.008433818817139
BenchmarkTest01623.java,0,CWE-89,CWE-89,1,0,1,0,0,0,1,0,0,0,941,0.00023525,192,0.000384,13,2.6e-05,0.00064525,2.467308282852173
BenchmarkTest01624.java,0,CWE-89,CWE-89,1,0,1,0,0,0,1,0,0,0,970,0.0002425,320,0.00064,13,2.6e-05,0.0009085,3.355956792831421
BenchmarkTest01625.java,0,CWE-89,,,,0,0,0,1,0,0,0,1,,,,,,,,
BenchmarkTest01626.java,0,CWE-89,CWE-89,1,0,1,0,0,0,1,0,0,0,966,0.0002415,192,0.000384,13,2.6e-05,0.0006515,2.3960683345794678
BenchmarkTest01627.java,0,CWE-89,CWE-89,1,0,1,0,0,0,1,0,0,0,872,0.000218,192,0.000384,13,2.6e-05,0.000628,2.5741822719573975
BenchmarkTest01628.java,0,CWE-89,CWE-89,1,1,0,1,0,0,0,0,1,0,957,0.00023925,320,0.00064,12,2.4e-05,0.0009032500000000001,3.1372861862182617
BenchmarkTest01629.java,0,CWE-89,CWE-89,1,1,0,1,0,0,0,0,1,0,911,0.00022775,320,0.00064,12,2.4e-05,0.0008917500000000001,3.365665912628174
BenchmarkTest01630.java,0,CWE-89,CWE-89,1,0,1,0,0,0,1,0,0,0,921,0.00023025,256,0.000512,13,2.6e-05,0.0007682499999999999,3.888796091079712
BenchmarkTest01631.java,0,CWE-89,CWE-89,1,0,1,0,0,0,1,0,0,0,909,0.00022725,256,0.000512,13,2.6e-05,0.00076525,3.4990484714508057
BenchmarkTest01632.java,0,CWE-643,CWE-643,1,1,0,1,0,0,0,0,1,0,1102,0.0002755,256,0.000512,12,2.4e-05,0.0008115,3.218862533569336
BenchmarkTest01633.java,0,CWE-643,CWE-643,1,1,0,1,0,0,0,0,1,0,1172,0.000293,256,0.000512,12,2.4e-05,0.000829,3.7708868980407715
BenchmarkTest01634.java,0,CWE-327,CWE-327,1,0,1,0,0,0,1,0,0,0,1917,0.00047925,128,0.000256,13,2.6e-05,0.00076125,2.743607759475708
BenchmarkTest01635.java,0,CWE-327,,,,0,0,1,0,0,0,1,0,,,,,,,,
BenchmarkTest01636.java,0,CWE-327,,,,0,0,1,0,0,0,1,0,,,,,,,,
BenchmarkTest01637.java,0,CWE-327,CWE-327,1,0,1,0,0,0,1,0,0,0,1823,0.00045575,128,0.000256,13,2.6e-05,0.0007377499999999999,1.9896836280822754
BenchmarkTest01638.java,0,CWE-327,CWE-327,1,0,1,0,0,0,1,0,0,0,1605,0.00040125,64,0.000128,13,2.6e-05,0.00055525,1.496042013168335
BenchmarkTest01639.java,0,CWE-327,CWE-327,1,0,1,0,0,0,1,0,0,0,1487,0.00037175,128,0.000256,13,2.6e-05,0.00065375,3.4428465366363525
BenchmarkTest01640.java,0,CWE-327,,,,0,0,1,0,0,0,1,0,,,,,,,,
BenchmarkTest01641.java,0,CWE-327,CWE-327,1,0,1,0,0,0,1,0,0,0,1465,0.00036625,320,0.00064,13,2.6e-05,0.00103225,4.460139274597168
BenchmarkTest01642.java,0,CWE-22,CWE-23,0,0,1,0,0,0,1,0,0,0,1345,0.00033625,448,0.000896,13,2.6e-05,0.00125825,4.615001440048218
BenchmarkTest01643.java,0,CWE-22,CWE-23,0,0,1,0,0,0,1,0,0,0,1477,0.00036925,704,0.001408,13,2.6e-05,0.00180325,5.396294832229614
BenchmarkTest01644.java,0,CWE-22,CWE-23,0,1,0,1,0,0,0,0,1,0,1492,0.000373,320,0.00064,12,2.4e-05,0.001037,3.1148154735565186
BenchmarkTest01645.java,0,CWE-22,CWE-23,0,0,1,0,0,0,1,0,0,0,1497,0.00037425,320,0.00064,13,2.6e-05,0.00104025,3.5748770236968994
BenchmarkTest01646.java,0,CWE-22,CWE-23,0,1,0,1,0,0,0,0,1,0,1460,0.000365,384,0.000768,12,2.4e-05,0.0011569999999999998,3.995927572250366
BenchmarkTest01647.java,0,CWE-22,CWE-23,0,0,1,0,0,0,1,0,0,0,1382,0.0003455,320,0.00064,13,2.6e-05,0.0010115,3.4924216270446777
BenchmarkTest01648.java,0,CWE-330,CWE-330,1,0,1,0,0,0,1,0,0,0,1381,0.00034525,192,0.000384,13,2.6e-05,0.0007552500000000001,5.062330007553101
BenchmarkTest01649.java,0,CWE-328,CWE-916,0,0,1,0,0,0,1,0,0,0,1471,0.00036775,192,0.000384,13,2.6e-05,0.00077775,2.8766796588897705
BenchmarkTest01650.java,0,CWE-328,CWE-916,0,0,1,0,0,0,1,0,0,0,1407,0.00035175,448,0.000896,13,2.6e-05,0.00127375,4.897006511688232
BenchmarkTest01651.java,0,CWE-328,CWE-916,0,0,1,0,0,0,1,0,0,0,1380,0.000345,256,0.000512,13,2.6e-05,0.0008829999999999999,3.33804988861084
BenchmarkTest01652.java,0,CWE-328,,,,0,0,1,0,0,0,1,0,,,,,,,,
BenchmarkTest01653.java,0,CWE-328,CWE-916,0,0,1,0,0,0,1,0,0,0,1337,0.00033425,384,0.000768,13,2.6e-05,0.00112825,3.746880531311035
BenchmarkTest01654.java,0,CWE-328,,,,0,0,0,1,0,0,0,1,,,,,,,,
BenchmarkTest01655.java,0,CWE-328,,,,0,0,1,0,0,0,1,0,,,,,,,,
BenchmarkTest01656.java,0,CWE-328,,,,0,0,1,0,0,0,1,0,,,,,,,,
BenchmarkTest01657.java,0,CWE-79,CWE-79,1,0,1,0,0,0,1,0,0,0,1469,0.00036725,256,0.000512,13,2.6e-05,0.00090525,2.9152865409851074
BenchmarkTest01658.java,0,CWE-79,CWE-79,1,0,1,0,0,0,1,0,0,0,1423,0.00035575,448,0.000896,13,2.6e-05,0.00127775,4.473019599914551
BenchmarkTest01659.java,0,CWE-79,CWE-79,1,1,0,1,0,0,0,0,1,0,1409,0.00035225,384,0.000768,12,2.4e-05,0.00114425,3.360658645629883
BenchmarkTest01660.java,0,CWE-79,CWE-79,1,0,1,0,0,0,1,0,0,0,1427,0.00035675,320,0.00064,13,2.6e-05,0.00102275,2.3895092010498047
BenchmarkTest01661.java,0,CWE-79,CWE-79,1,1,0,1,0,0,0,0,1,0,1436,0.000359,576,0.001152,12,2.4e-05,0.001535,4.190163612365723
BenchmarkTest01662.java,0,CWE-79,CWE-79,1,0,1,0,0,0,1,0,0,0,1469,0.00036725,320,0.00064,13,2.6e-05,0.00103325,4.384544134140015
BenchmarkTest01663.java,0,CWE-79,CWE-79,1,1,0,1,0,0,0,0,1,0,1514,0.0003785,384,0.000768,12,2.4e-05,0.0011704999999999999,4.084799289703369
BenchmarkTest01664.java,0,CWE-79,CWE-79,1,1,0,1,0,0,0,0,1,0,1416,0.000354,448,0.000896,12,2.4e-05,0.001274,5.785204887390137
BenchmarkTest01665.java,0,CWE-79,CWE-79,1,0,1,0,0,0,1,0,0,0,1427,0.00035675,256,0.000512,13,2.6e-05,0.0008947499999999999,2.534130334854126
BenchmarkTest01666.java,0,CWE-79,CWE-79,1,0,1,0,0,0,1,0,0,0,1466,0.0003665,704,0.001408,13,2.6e-05,0.0018005,6.349238157272339
BenchmarkTest01667.java,0,CWE-79,CWE-79,1,0,1,0,0,0,1,0,0,0,1489,0.00037225,256,0.000512,13,2.6e-05,0.00091025,2.935868501663208
BenchmarkTest01668.java,0,CWE-79,CWE-79,1,1,0,1,0,0,0,0,1,0,1504,0.000376,320,0.00064,12,2.4e-05,0.00104,4.491716384887695
BenchmarkTest01669.java,0,CWE-79,CWE-79,1,1,0,1,0,0,0,0,1,0,1413,0.00035325,448,0.000896,12,2.4e-05,0.0012732499999999999,5.339483737945557
BenchmarkTest01670.java,0,CWE-79,CWE-79,1,0,1,0,0,0,1,0,0,0,1409,0.00035225,192,0.000384,13,2.6e-05,0.00076225,3.756610155105591
BenchmarkTest01671.java,0,CWE-79,CWE-79,1,1,0,1,0,0,0,0,1,0,1416,0.000354,448,0.000896,12,2.4e-05,0.001274,4.718598365783691
BenchmarkTest01672.java,0,CWE-78,CWE-78,1,1,0,1,0,0,0,0,1,0,1140,0.000285,256,0.000512,12,2.4e-05,0.000821,2.303335189819336
BenchmarkTest01673.java,0,CWE-78,CWE-78,1,0,1,0,0,0,1,0,0,0,1104,0.000276,256,0.000512,13,2.6e-05,0.0008139999999999999,2.8662526607513428
BenchmarkTest01674.java,0,CWE-78,CWE-78,1,0,1,0,0,0,1,0,0,0,1130,0.0002825,256,0.000512,13,2.6e-05,0.0008204999999999999,3.744508743286133
BenchmarkTest01675.java,0,CWE-330,CWE-330,1,0,1,0,0,0,1,0,0,0,1460,0.000365,192,0.000384,13,2.6e-05,0.000775,3.940878391265869
BenchmarkTest01676.java,0,CWE-330,CWE-330,1,0,1,0,0,0,1,0,0,0,1407,0.00035175,256,0.000512,13,2.6e-05,0.0008897499999999999,3.6838133335113525
BenchmarkTest01677.java,0,CWE-330,CWE-330,1,0,1,0,0,0,1,0,0,0,1439,0.00035975,256,0.000512,13,2.6e-05,0.0008977499999999999,4.715451002120972
BenchmarkTest01678.java,0,CWE-330,CWE-330,1,0,1,0,0,0,1,0,0,0,1594,0.0003985,256,0.000512,13,2.6e-05,0.0009364999999999999,3.171987533569336
BenchmarkTest01679.java,0,CWE-330,CWE-330,1,0,1,0,0,0,1,0,0,0,1384,0.000346,640,0.00128,13,2.6e-05,0.001652,5.245832681655884
BenchmarkTest01680.java,0,CWE-330,CWE-330,1,0,1,0,0,0,1,0,0,0,1390,0.0003475,192,0.000384,13,2.6e-05,0.0007574999999999999,2.788439989089966
BenchmarkTest01681.java,0,CWE-330,CWE-330,1,0,1,0,0,0,1,0,0,0,1450,0.0003625,256,0.000512,13,2.6e-05,0.0009004999999999999,3.2879815101623535
BenchmarkTest01682.java,0,CWE-614,CWE-614,1,0,1,0,0,0,1,0,0,0,1139,0.00028475,192,0.000384,13,2.6e-05,0.0006947500000000001,2.5684714317321777
BenchmarkTest01683.java,0,CWE-614,CWE-614,1,0,1,0,0,0,1,0,0,0,1165,0.00029125,256,0.000512,13,2.6e-05,0.0008292499999999999,2.622821569442749
BenchmarkTest01684.java,0,CWE-614,,,,0,0,1,0,0,0,1,0,,,,,,,,
BenchmarkTest01685.java,0,CWE-78,CWE-78,1,0,1,0,0,0,1,0,0,0,1212,0.000303,448,0.000896,13,2.6e-05,0.001225,6.41559362411499
BenchmarkTest01686.java,0,CWE-78,CWE-78,1,1,0,1,0,0,0,0,1,0,1044,0.000261,320,0.00064,12,2.4e-05,0.0009250000000000001,4.664857625961304
BenchmarkTest01687.java,0,CWE-78,CWE-78,1,1,0,1,0,0,0,0,1,0,1225,0.00030625,320,0.00064,12,2.4e-05,0.0009702500000000001,3.7211825847625732
BenchmarkTest01688.java,0,CWE-78,CWE-78,1,1,0,1,0,0,0,0,1,0,1120,0.00028,320,0.00064,12,2.4e-05,0.0009440000000000001,3.094970941543579
BenchmarkTest01689.java,0,CWE-78,CWE-78,1,0,1,0,0,0,1,0,0,0,1122,0.0002805,576,0.001152,13,2.6e-05,0.0014585,4.288617849349976
BenchmarkTest01690.java,0,CWE-78,CWE-78,1,0,1,0,0,0,1,0,0,0,1010,0.0002525,576,0.001152,13,2.6e-05,0.0014305,5.901076316833496
BenchmarkTest01691.java,0,CWE-78,CWE-78,1,0,1,0,0,0,1,0,0,0,1100,0.000275,832,0.001664,13,2.6e-05,0.001965,7.4749884605407715
BenchmarkTest01692.java,0,CWE-78,CWE-78,1,1,0,1,0,0,0,0,1,0,1330,0.0003325,576,0.001152,12,2.4e-05,0.0015085,6.250769853591919
BenchmarkTest01693.java,0,CWE-78,CWE-78,1,1,0,1,0,0,0,0,1,0,1127,0.00028175,384,0.000768,12,2.4e-05,0.0010737499999999998,3.7997615337371826
BenchmarkTest01694.java,0,CWE-330,,,,0,0,1,0,0,0,1,0,,,,,,,,
BenchmarkTest01695.java,0,CWE-330,,,,0,0,1,0,0,0,1,0,,,,,,,,
BenchmarkTest01696.java,0,CWE-330,,,,0,0,1,0,0,0,1,0,,,,,,,,
BenchmarkTest01697.java,0,CWE-330,,,,0,0,1,0,0,0,1,0,,,,,,,,
BenchmarkTest01698.java,0,CWE-330,CWE-330,1,1,0,1,0,0,0,0,1,0,1687,0.00042175,448,0.000896,12,2.4e-05,0.0013417499999999998,3.7623534202575684
BenchmarkTest01699.java,0,CWE-330,CWE-330,1,1,0,1,0,0,0,0,1,0,1459,0.00036475,320,0.00064,12,2.4e-05,0.00102875,3.5863471031188965
BenchmarkTest01700.java,0,CWE-330,CWE-330,1,1,0,1,0,0,0,0,1,0,1535,0.00038375,512,0.001024,12,2.4e-05,0.0014317499999999999,6.112277507781982
BenchmarkTest01701.java,0,CWE-330,,,,0,0,1,0,0,0,1,0,,,,,,,,
BenchmarkTest01702.java,0,CWE-330,,,,0,0,1,0,0,0,1,0,,,,,,,,
BenchmarkTest01703.java,0,CWE-330,,,,0,0,1,0,0,0,1,0,,,,,,,,
BenchmarkTest01704.java,0,CWE-330,,,,0,0,1,0,0,0,1,0,,,,,,,,
BenchmarkTest01705.java,0,CWE-330,,,,0,0,1,0,0,0,1,0,,,,,,,,
BenchmarkTest01706.java,0,CWE-330,,,,0,0,1,0,0,0,1,0,,,,,,,,
BenchmarkTest01707.java,0,CWE-330,,,,0,0,1,0,0,0,1,0,,,,,,,,
BenchmarkTest01712.java,0,CWE-89,CWE-89,1,0,1,0,0,0,1,0,0,0,1098,0.0002745,256,0.000512,13,2.6e-05,0.0008125,4.205098390579224
BenchmarkTest01713.java,0,CWE-89,CWE-89,1,1,0,1,0,0,0,0,1,0,1113,0.00027825,320,0.00064,12,2.4e-05,0.00094225,4.214321851730347
BenchmarkTest01714.java,0,CWE-89,CWE-89,1,1,0,1,0,0,0,0,1,0,1066,0.0002665,320,0.00064,12,2.4e-05,0.0009305000000000001,3.978043556213379
BenchmarkTest01715.java,0,CWE-89,CWE-89,1,0,1,0,0,0,1,0,0,0,1077,0.00026925,256,0.000512,13,2.6e-05,0.00080725,3.186434030532837
BenchmarkTest01716.java,0,CWE-89,CWE-89,1,0,1,0,0,0,1,0,0,0,1082,0.0002705,320,0.00064,13,2.6e-05,0.0009365,3.7180168628692627
BenchmarkTest01717.java,0,CWE-89,CWE-89,1,1,0,1,0,0,0,0,1,0,1127,0.00028175,384,0.000768,12,2.4e-05,0.0010737499999999998,3.7114877700805664
BenchmarkTest01718.java,0,CWE-89,CWE-89,1,0,1,0,0,0,1,0,0,0,1096,0.000274,320,0.00064,13,2.6e-05,0.0009400000000000001,3.7242584228515625
BenchmarkTest01719.java,0,CWE-89,CWE-89,1,1,0,1,0,0,0,0,1,0,1106,0.0002765,384,0.000768,12,2.4e-05,0.0010685,4.087019681930542
BenchmarkTest01720.java,0,CWE-89,,,,0,0,0,1,0,0,0,1,,,,,,,,
BenchmarkTest01721.java,0,CWE-89,CWE-89,1,0,1,0,0,0,1,0,0,0,1218,0.0003045,192,0.000384,13,2.6e-05,0.0007145,2.4367406368255615
BenchmarkTest01722.java,0,CWE-89,CWE-89,1,1,0,1,0,0,0,0,1,0,1292,0.000323,320,0.00064,12,2.4e-05,0.000987,2.8120508193969727
BenchmarkTest01723.java,0,CWE-89,,,,0,0,0,1,0,0,0,1,,,,,,,,
BenchmarkTest01724.java,0,CWE-89,,,,0,0,0,1,0,0,0,1,,,,,,,,
BenchmarkTest01725.java,0,CWE-89,,,,0,0,0,1,0,0,0,1,,,,,,,,
BenchmarkTest01726.java,0,CWE-89,,,,0,0,0,1,0,0,0,1,,,,,,,,
BenchmarkTest01727.java,0,CWE-89,CWE-89,1,0,1,0,0,0,1,0,0,0,1078,0.0002695,256,0.000512,13,2.6e-05,0.0008075,2.7790367603302
BenchmarkTest01728.java,0,CWE-89,CWE-89,1,0,1,0,0,0,1,0,0,0,1044,0.000261,192,0.000384,13,2.6e-05,0.0006709999999999999,2.2675366401672363
BenchmarkTest01729.java,0,CWE-89,CWE-89,1,1,0,1,0,0,0,0,1,0,1103,0.00027575,256,0.000512,12,2.4e-05,0.0008117500000000001,3.2440855503082275
BenchmarkTest01730.java,0,CWE-89,CWE-89,1,0,1,0,0,0,1,0,0,0,1076,0.000269,192,0.000384,13,2.6e-05,0.0006789999999999999,2.435100793838501
BenchmarkTest01731.java,0,CWE-89,CWE-89,1,0,1,0,0,0,1,0,0,0,1105,0.00027625,256,0.000512,13,2.6e-05,0.00081425,2.67922043800354
BenchmarkTest01732.java,0,CWE-89,CWE-89,1,1,0,1,0,0,0,0,1,0,1043,0.00026075,320,0.00064,12,2.4e-05,0.0009247500000000001,3.4958856105804443
BenchmarkTest01733.java,0,CWE-89,CWE-89,1,0,1,0,0,0,1,0,0,0,1043,0.00026075,256,0.000512,13,2.6e-05,0.00079875,2.649519443511963
BenchmarkTest01734.java,0,CWE-643,CWE-643,1,0,1,0,0,0,1,0,0,0,1187,0.00029675,320,0.00064,13,2.6e-05,0.0009627500000000001,3.611854314804077
BenchmarkTest01735.java,0,CWE-643,CWE-643,1,1,0,1,0,0,0,0,1,0,1189,0.00029725,320,0.00064,12,2.4e-05,0.0009612500000000001,4.253814220428467
BenchmarkTest01736.java,0,CWE-643,CWE-643,1,0,1,0,0,0,1,0,0,0,1137,0.00028425,256,0.000512,13,2.6e-05,0.00082225,2.9484949111938477
BenchmarkTest01737.java,0,CWE-327,,,,0,0,1,0,0,0,1,0,,,,,,,,
BenchmarkTest01738.java,0,CWE-327,,,,0,0,1,0,0,0,1,0,,,,,,,,
BenchmarkTest01739.java,0,CWE-327,,,,0,0,1,0,0,0,1,0,,,,,,,,
BenchmarkTest01740.java,0,CWE-327,CWE-327,1,0,1,0,0,0,1,0,0,0,1234,0.0003085,256,0.000512,13,2.6e-05,0.0008465,3.5131309032440186
BenchmarkTest01741.java,0,CWE-327,CWE-327,1,0,1,0,0,0,1,0,0,0,1287,0.00032175,320,0.00064,13,2.6e-05,0.0009877500000000001,3.167414426803589
BenchmarkTest01742.java,0,CWE-327,CWE-327,1,0,1,0,0,0,1,0,0,0,1229,0.00030725,128,0.000256,13,2.6e-05,0.0005892499999999999,1.8185455799102783
BenchmarkTest01743.java,0,CWE-90,,,,0,0,1,0,0,0,1,0,,,,,,,,
BenchmarkTest01744.java,0,CWE-22,,,,0,0,1,0,0,0,1,0,,,,,,,,
BenchmarkTest01745.java,0,CWE-22,,,,0,0,1,0,0,0,1,0,,,,,,,,
BenchmarkTest01746.java,0,CWE-22,,,,0,0,1,0,0,0,1,0,,,,,,,,
BenchmarkTest01747.java,0,CWE-22,,,,0,0,1,0,0,0,1,0,,,,,,,,
BenchmarkTest01748.java,0,CWE-22,,,,0,0,1,0,0,0,1,0,,,,,,,,
BenchmarkTest01749.java,0,CWE-22,,,,0,0,1,0,0,0,1,0,,,,,,,,
BenchmarkTest01750.java,0,CWE-22,,,,0,0,1,0,0,0,1,0,,,,,,,,
BenchmarkTest01751.java,0,CWE-22,,,,0,0,1,0,0,0,1,0,,,,,,,,
BenchmarkTest01752.java,0,CWE-22,,,,0,0,1,0,0,0,1,0,,,,,,,,
BenchmarkTest01753.java,0,CWE-90,,,,0,0,1,0,0,0,1,0,,,,,,,,
BenchmarkTest01754.java,0,CWE-90,,,,0,0,1,0,0,0,1,0,,,,,,,,
BenchmarkTest01755.java,0,CWE-90,,,,0,0,1,0,0,0,1,0,,,,,,,,
BenchmarkTest01756.java,0,CWE-90,,,,0,0,1,0,0,0,1,0,,,,,,,,
BenchmarkTest01757.java,0,CWE-328,CWE-916,0,0,1,0,0,0,1,0,0,0,1320,0.00033,256,0.000512,13,2.6e-05,0.000868,3.5343070030212402
BenchmarkTest01758.java,0,CWE-328,,,,0,0,1,0,0,0,1,0,,,,,,,,
BenchmarkTest01759.java,0,CWE-328,,,,0,0,1,0,0,0,1,0,,,,,,,,
BenchmarkTest01760.java,0,CWE-328,,,,0,0,1,0,0,0,1,0,,,,,,,,
BenchmarkTest01761.java,0,CWE-328,CWE-916,0,0,1,0,0,0,1,0,0,0,1252,0.000313,192,0.000384,13,2.6e-05,0.000723,2.4913854598999023
BenchmarkTest01762.java,0,CWE-328,,,,0,0,1,0,0,0,1,0,,,,,,,,
BenchmarkTest01763.java,0,CWE-328,,,,0,0,1,0,0,0,1,0,,,,,,,,
BenchmarkTest01764.java,0,CWE-328,,,,0,0,1,0,0,0,1,0,,,,,,,,
BenchmarkTest01765.java,0,CWE-328,,,,0,0,0,1,0,0,0,1,,,,,,,,
BenchmarkTest01766.java,0,CWE-328,,,,0,0,0,1,0,0,0,1,,,,,,,,
BenchmarkTest01767.java,0,CWE-79,,,,0,0,1,0,0,0,1,0,,,,,,,,
BenchmarkTest01768.java,0,CWE-79,,,,0,0,1,0,0,0,1,0,,,,,,,,
BenchmarkTest01769.java,0,CWE-79,,,,0,0,1,0,0,0,1,0,,,,,,,,
BenchmarkTest01770.java,0,CWE-79,,,,0,0,1,0,0,0,1,0,,,,,,,,
BenchmarkTest01771.java,0,CWE-79,,,,0,0,1,0,0,0,1,0,,,,,,,,
BenchmarkTest01772.java,0,CWE-79,,,,0,0,1,0,0,0,1,0,,,,,,,,
BenchmarkTest01773.java,0,CWE-79,,,,0,0,1,0,0,0,1,0,,,,,,,,
BenchmarkTest01774.java,0,CWE-79,,,,0,0,1,0,0,0,1,0,,,,,,,,
BenchmarkTest01775.java,0,CWE-79,,,,0,0,1,0,0,0,1,0,,,,,,,,
BenchmarkTest01776.java,0,CWE-79,,,,0,0,1,0,0,0,1,0,,,,,,,,
BenchmarkTest01777.java,0,CWE-79,,,,0,0,1,0,0,0,1,0,,,,,,,,
BenchmarkTest01778.java,0,CWE-78,,,,0,0,1,0,0,0,1,0,,,,,,,,
BenchmarkTest01779.java,0,CWE-78,,,,0,0,1,0,0,0,1,0,,,,,,,,
BenchmarkTest01780.java,0,CWE-78,,,,0,0,1,0,0,0,1,0,,,,,,,,
BenchmarkTest01781.java,0,CWE-330,CWE-330,1,0,1,0,0,0,1,0,0,0,1295,0.00032375,192,0.000384,13,2.6e-05,0.00073375,2.1765458583831787
BenchmarkTest01782.java,0,CWE-330,CWE-330,1,0,1,0,0,0,1,0,0,0,1277,0.00031925,320,0.00064,13,2.6e-05,0.00098525,4.423568964004517
BenchmarkTest01783.java,0,CWE-330,CWE-330,1,0,1,0,0,0,1,0,0,0,1243,0.00031075,256,0.000512,13,2.6e-05,0.0008487499999999999,3.8936519622802734
BenchmarkTest01784.java,0,CWE-330,CWE-330,1,0,1,0,0,0,1,0,0,0,1271,0.00031775,512,0.001024,13,2.6e-05,0.00136775,6.3322365283966064
BenchmarkTest01785.java,0,CWE-330,CWE-330,1,0,1,0,0,0,1,0,0,0,1233,0.00030825,512,0.001024,13,2.6e-05,0.0013582499999999999,7.157038450241089
BenchmarkTest01786.java,0,CWE-330,CWE-330,1,0,1,0,0,0,1,0,0,0,1274,0.0003185,256,0.000512,13,2.6e-05,0.0008565,4.965554237365723
BenchmarkTest01787.java,0,CWE-330,CWE-330,1,0,1,0,0,0,1,0,0,0,1213,0.00030325,256,0.000512,13,2.6e-05,0.00084125,3.483811378479004
BenchmarkTest01788.java,0,CWE-330,CWE-330,1,0,1,0,0,0,1,0,0,0,1238,0.0003095,192,0.000384,13,2.6e-05,0.0007195,3.215010643005371
BenchmarkTest01789.java,0,CWE-614,CWE-614,1,0,1,0,0,0,1,0,0,0,1023,0.00025575,128,0.000256,13,2.6e-05,0.00053775,2.336591958999634
BenchmarkTest01790.java,0,CWE-79,,,,0,0,1,0,0,0,1,0,,,,,,,,
BenchmarkTest01791.java,0,CWE-78,,,,0,0,1,0,0,0,1,0,,,,,,,,
BenchmarkTest01792.java,0,CWE-78,,,,0,0,1,0,0,0,1,0,,,,,,,,
BenchmarkTest01793.java,0,CWE-78,,,,0,0,1,0,0,0,1,0,,,,,,,,
BenchmarkTest01794.java,0,CWE-78,,,,0,0,1,0,0,0,1,0,,,,,,,,
BenchmarkTest01795.java,0,CWE-78,,,,0,0,1,0,0,0,1,0,,,,,,,,
BenchmarkTest01796.java,0,CWE-78,,,,0,0,1,0,0,0,1,0,,,,,,,,
BenchmarkTest01797.java,0,CWE-330,,,,0,0,1,0,0,0,1,0,,,,,,,,
BenchmarkTest01798.java,0,CWE-330,,,,0,0,1,0,0,0,1,0,,,,,,,,
BenchmarkTest01799.java,0,CWE-330,,,,0,0,1,0,0,0,1,0,,,,,,,,
BenchmarkTest01800.java,0,CWE-330,,,,0,0,1,0,0,0,1,0,,,,,,,,
BenchmarkTest01801.java,0,CWE-330,,,,0,0,1,0,0,0,1,0,,,,,,,,
BenchmarkTest01803.java,0,CWE-89,,,,0,0,1,0,0,0,1,0,,,,,,,,
BenchmarkTest01804.java,0,CWE-89,,,,0,0,1,0,0,0,1,0,,,,,,,,
BenchmarkTest01805.java,0,CWE-89,,,,0,0,1,0,0,0,1,0,,,,,,,,
BenchmarkTest01806.java,0,CWE-89,,,,0,0,1,0,0,0,1,0,,,,,,,,
BenchmarkTest01807.java,0,CWE-89,,,,0,0,1,0,0,0,1,0,,,,,,,,
BenchmarkTest01808.java,0,CWE-89,,,,0,0,1,0,0,0,1,0,,,,,,,,
BenchmarkTest01809.java,0,CWE-89,,,,0,0,1,0,0,0,1,0,,,,,,,,
BenchmarkTest01810.java,0,CWE-89,,,,0,0,1,0,0,0,1,0,,,,,,,,
BenchmarkTest01811.java,0,CWE-89,,,,0,0,1,0,0,0,1,0,,,,,,,,
BenchmarkTest01812.java,0,CWE-89,,,,0,0,1,0,0,0,1,0,,,,,,,,
BenchmarkTest01813.java,0,CWE-89,,,,0,0,1,0,0,0,1,0,,,,,,,,
BenchmarkTest01814.java,0,CWE-89,,,,0,0,1,0,0,0,1,0,,,,,,,,
BenchmarkTest01815.java,0,CWE-89,,,,0,0,1,0,0,0,1,0,,,,,,,,
BenchmarkTest01816.java,0,CWE-89,,,,0,0,1,0,0,0,1,0,,,,,,,,
BenchmarkTest01817.java,0,CWE-89,,,,0,0,1,0,0,0,1,0,,,,,,,,
BenchmarkTest01818.java,0,CWE-89,,,,0,0,1,0,0,0,1,0,,,,,,,,
BenchmarkTest01819.java,0,CWE-89,,,,0,0,1,0,0,0,1,0,,,,,,,,
BenchmarkTest01820.java,0,CWE-89,,,,0,0,1,0,0,0,1,0,,,,,,,,
BenchmarkTest01821.java,0,CWE-643,,,,0,0,1,0,0,0,1,0,,,,,,,,
BenchmarkTest01822.java,0,CWE-327,CWE-327,1,0,1,0,0,0,1,0,0,0,1767,0.00044175,128,0.000256,13,2.6e-05,0.00072375,3.0491621494293213
BenchmarkTest01823.java,0,CWE-327,CWE-327,1,0,1,0,0,0,1,0,0,0,1717,0.00042925,128,0.000256,13,2.6e-05,0.00071125,2.304424524307251
BenchmarkTest01824.java,0,CWE-327,,,,0,0,1,0,0,0,1,0,,,,,,,,
BenchmarkTest01825.java,0,CWE-327,,,,0,0,1,0,0,0,1,0,,,,,,,,
BenchmarkTest01826.java,0,CWE-327,,,,0,0,1,0,0,0,1,0,,,,,,,,
BenchmarkTest01827.java,0,CWE-327,,,,0,0,1,0,0,0,1,0,,,,,,,,
BenchmarkTest01828.java,0,CWE-327,,,,0,0,1,0,0,0,1,0,,,,,,,,
BenchmarkTest01829.java,0,CWE-327,CWE-327,1,0,1,0,0,0,1,0,0,0,1589,0.00039725,320,0.00064,13,2.6e-05,0.00106325,3.917205333709717
BenchmarkTest01830.java,0,CWE-327,CWE-327,1,0,1,0,0,0,1,0,0,0,1406,0.0003515,256,0.000512,13,2.6e-05,0.0008894999999999999,3.2919604778289795
BenchmarkTest01831.java,0,CWE-90,CWE-90,1,0,1,0,0,0,1,0,0,0,1350,0.0003375,384,0.000768,13,2.6e-05,0.0011315000000000001,3.954957962036133
BenchmarkTest01832.java,0,CWE-90,CWE-90,1,0,1,0,0,0,1,0,0,0,1348,0.000337,384,0.000768,13,2.6e-05,0.001131,4.841611862182617
BenchmarkTest01833.java,0,CWE-22,CWE-23,0,0,1,0,0,0,1,0,0,0,1406,0.0003515,448,0.000896,13,2.6e-05,0.0012735,4.6144843101501465
BenchmarkTest01834.java,0,CWE-22,CWE-23,0,1,0,1,0,0,0,0,1,0,1406,0.0003515,256,0.000512,12,2.4e-05,0.0008874999999999999,2.615708589553833
BenchmarkTest01835.java,0,CWE-22,CWE-23,0,0,1,0,0,0,1,0,0,0,1354,0.0003385,320,0.00064,13,2.6e-05,0.0010045,2.986471652984619
BenchmarkTest01836.java,0,CWE-22,CWE-23,0,0,1,0,0,0,1,0,0,0,1535,0.00038375,768,0.001536,13,2.6e-05,0.00194575,6.85713005065918
BenchmarkTest01837.java,0,CWE-22,CWE-23,0,1,0,1,0,0,0,0,1,0,1493,0.00037325,320,0.00064,12,2.4e-05,0.00103725,3.529383659362793
BenchmarkTest01838.java,0,CWE-22,CWE-23,0,1,0,1,0,0,0,0,1,0,1548,0.000387,320,0.00064,12,2.4e-05,0.001051,4.452574014663696
BenchmarkTest01839.java,0,CWE-22,CWE-23,0,0,1,0,0,0,1,0,0,0,1388,0.000347,384,0.000768,13,2.6e-05,0.001141,3.5981454849243164
BenchmarkTest01840.java,0,CWE-22,CWE-23,0,0,1,0,0,0,1,0,0,0,1357,0.00033925,256,0.000512,13,2.6e-05,0.00087725,2.713573932647705
BenchmarkTest01841.java,0,CWE-22,CWE-23,0,1,0,1,0,0,0,0,1,0,1552,0.000388,384,0.000768,12,2.4e-05,0.0011799999999999998,3.7833433151245117
BenchmarkTest01842.java,0,CWE-330,CWE-330,1,0,1,0,0,0,1,0,0,0,1376,0.000344,640,0.00128,13,2.6e-05,0.00165,5.3149731159210205
BenchmarkTest01843.java,0,CWE-330,CWE-330,1,0,1,0,0,0,1,0,0,0,1443,0.00036075,192,0.000384,13,2.6e-05,0.00077075,2.7531068325042725
BenchmarkTest01844.java,0,CWE-328,CWE-916,0,0,1,0,0,0,1,0,0,0,1658,0.0004145,448,0.000896,13,2.6e-05,0.0013365,4.17043662071228
BenchmarkTest01845.java,0,CWE-328,CWE-916,0,0,1,0,0,0,1,0,0,0,1455,0.00036375,320,0.00064,13,2.6e-05,0.00102975,4.715572357177734
BenchmarkTest01846.java,0,CWE-328,CWE-916,0,0,1,0,0,0,1,0,0,0,1433,0.00035825,256,0.000512,13,2.6e-05,0.0008962499999999999,4.4780433177948
BenchmarkTest01847.java,0,CWE-328,,,,0,0,1,0,0,0,1,0,,,,,,,,
BenchmarkTest01848.java,0,CWE-328,,,,0,0,1,0,0,0,1,0,,,,,,,,
BenchmarkTest01849.java,0,CWE-328,,,,0,0,1,0,0,0,1,0,,,,,,,,
BenchmarkTest01850.java,0,CWE-78,CWE-78,1,0,1,0,0,0,1,0,0,0,1133,0.00028325,384,0.000768,13,2.6e-05,0.00107725,6.294537544250488
BenchmarkTest01851.java,0,CWE-78,CWE-78,1,0,1,0,0,0,1,0,0,0,1196,0.000299,384,0.000768,13,2.6e-05,0.001093,4.614032030105591
BenchmarkTest01852.java,0,CWE-78,CWE-78,1,0,1,0,0,0,1,0,0,0,1142,0.0002855,384,0.000768,13,2.6e-05,0.0010795,5.493607997894287
BenchmarkTest01853.java,0,CWE-330,CWE-330,1,0,1,0,0,0,1,0,0,0,1428,0.000357,192,0.000384,13,2.6e-05,0.000767,3.9287078380584717
BenchmarkTest01854.java,0,CWE-330,CWE-330,1,0,1,0,0,0,1,0,0,0,1613,0.00040325,640,0.00128,13,2.6e-05,0.00170925,6.911710977554321
BenchmarkTest01855.java,0,CWE-330,CWE-330,1,0,1,0,0,0,1,0,0,0,1418,0.0003545,128,0.000256,13,2.6e-05,0.0006364999999999999,2.0678484439849854
BenchmarkTest01856.java,0,CWE-330,CWE-330,1,0,1,0,0,0,1,0,0,0,1355,0.00033875,576,0.001152,13,2.6e-05,0.00151675,4.234840154647827
BenchmarkTest01857.java,0,CWE-330,CWE-330,1,0,1,0,0,0,1,0,0,0,1401,0.00035025,192,0.000384,13,2.6e-05,0.00076025,2.3031697273254395
BenchmarkTest01858.java,0,CWE-330,CWE-330,1,0,1,0,0,0,1,0,0,0,1453,0.00036325,448,0.000896,13,2.6e-05,0.00128525,4.05589747428894
BenchmarkTest01859.java,0,CWE-330,CWE-330,1,0,1,0,0,0,1,0,0,0,1368,0.000342,576,0.001152,13,2.6e-05,0.00152,4.598522901535034
BenchmarkTest01860.java,0,CWE-330,CWE-330,1,0,1,0,0,0,1,0,0,0,1364,0.000341,192,0.000384,13,2.6e-05,0.0007509999999999999,2.441873073577881
BenchmarkTest01861.java,0,CWE-614,CWE-614,1,0,1,0,0,0,1,0,0,0,1180,0.000295,320,0.00064,13,2.6e-05,0.000961,3.082176923751831
BenchmarkTest01862.java,0,CWE-614,,,,0,0,1,0,0,0,1,0,,,,,,,,
BenchmarkTest01863.java,0,CWE-614,,,,0,0,1,0,0,0,1,0,,,,,,,,
BenchmarkTest01864.java,0,CWE-78,CWE-78,1,0,1,0,0,0,1,0,0,0,1114,0.0002785,704,0.001408,13,2.6e-05,0.0017125,6.192619800567627
BenchmarkTest01865.java,0,CWE-78,CWE-78,1,1,0,1,0,0,0,0,1,0,1162,0.0002905,512,0.001024,12,2.4e-05,0.0013384999999999998,4.69154691696167
BenchmarkTest01866.java,0,CWE-330,CWE-330,1,1,0,1,0,0,0,0,1,0,1487,0.00037175,512,0.001024,12,2.4e-05,0.0014197499999999998,4.421370506286621
BenchmarkTest01867.java,0,CWE-330,CWE-330,1,1,0,1,0,0,0,0,1,0,1559,0.00038975,448,0.000896,12,2.4e-05,0.00130975,3.9335193634033203
BenchmarkTest01868.java,0,CWE-330,,,,0,0,1,0,0,0,1,0,,,,,,,,
BenchmarkTest01869.java,0,CWE-330,,,,0,0,1,0,0,0,1,0,,,,,,,,
BenchmarkTest01870.java,0,CWE-330,,,,0,0,1,0,0,0,1,0,,,,,,,,
BenchmarkTest01871.java,0,CWE-330,,,,0,0,1,0,0,0,1,0,,,,,,,,
BenchmarkTest01877.java,0,CWE-89,CWE-89,1,1,0,1,0,0,0,0,1,0,1152,0.000288,320,0.00064,12,2.4e-05,0.000952,3.7541606426239014
BenchmarkTest01878.java,0,CWE-89,CWE-89,1,1,0,1,0,0,0,0,1,0,1066,0.0002665,256,0.000512,12,2.4e-05,0.0008025,3.4655025005340576
BenchmarkTest01879.java,0,CWE-89,CWE-89,1,1,0,1,0,0,0,0,1,0,1120,0.00028,512,0.001024,12,2.4e-05,0.001328,4.165562152862549
BenchmarkTest01880.java,0,CWE-89,CWE-89,1,1,0,1,0,0,0,0,1,0,1161,0.00029025,384,0.000768,12,2.4e-05,0.0010822499999999999,3.4669671058654785
BenchmarkTest01881.java,0,CWE-89,CWE-89,1,0,1,0,0,0,1,0,0,0,1131,0.00028275,192,0.000384,13,2.6e-05,0.00069275,2.279475688934326
BenchmarkTest01882.java,0,CWE-89,CWE-89,1,0,1,0,0,0,1,0,0,0,1278,0.0003195,256,0.000512,13,2.6e-05,0.0008575,4.223111391067505
BenchmarkTest01883.java,0,CWE-89,,,,0,0,0,1,0,0,0,1,,,,,,,,
BenchmarkTest01884.java,0,CWE-89,CWE-89,1,1,0,1,0,0,0,0,1,0,1077,0.00026925,192,0.000384,12,2.4e-05,0.00067725,4.290143013000488
BenchmarkTest01885.java,0,CWE-89,CWE-89,1,1,0,1,0,0,0,0,1,0,1081,0.00027025,320,0.00064,12,2.4e-05,0.0009342500000000001,4.2351109981536865
BenchmarkTest01886.java,0,CWE-89,CWE-89,1,1,0,1,0,0,0,0,1,0,1248,0.000312,448,0.000896,12,2.4e-05,0.0012319999999999998,4.153922080993652
BenchmarkTest01887.java,0,CWE-89,CWE-89,1,0,1,0,0,0,1,0,0,0,1009,0.00025225,256,0.000512,13,2.6e-05,0.0007902499999999999,3.1209990978240967
BenchmarkTest01888.java,0,CWE-89,CWE-89,1,0,1,0,0,0,1,0,0,0,1052,0.000263,256,0.000512,13,2.6e-05,0.000801,3.4584577083587646
BenchmarkTest01889.java,0,CWE-89,CWE-89,1,0,1,0,0,0,1,0,0,0,1018,0.0002545,256,0.000512,13,2.6e-05,0.0007925,2.7323200702667236
BenchmarkTest01890.java,0,CWE-89,CWE-89,1,0,1,0,0,0,1,0,0,0,1018,0.0002545,256,0.000512,13,2.6e-05,0.0007925,2.5544490814208984
BenchmarkTest01891.java,0,CWE-89,CWE-89,1,0,1,0,0,0,1,0,0,0,1057,0.00026425,256,0.000512,13,2.6e-05,0.00080225,2.5528204441070557
BenchmarkTest01892.java,0,CWE-643,CWE-643,1,0,1,0,0,0,1,0,0,0,1245,0.00031125,256,0.000512,13,2.6e-05,0.00084925,2.3895444869995117
BenchmarkTest01893.java,0,CWE-643,CWE-643,1,1,0,1,0,0,0,0,1,0,1201,0.00030025,192,0.000384,12,2.4e-05,0.00070825,2.6916909217834473
BenchmarkTest01894.java,0,CWE-643,CWE-643,1,0,1,0,0,0,1,0,0,0,1105,0.00027625,256,0.000512,13,2.6e-05,0.00081425,3.2426247596740723
BenchmarkTest01895.java,0,CWE-327,CWE-327,1,0,1,0,0,0,1,0,0,0,1628,0.000407,256,0.000512,13,2.6e-05,0.000945,3.4651148319244385
BenchmarkTest01896.java,0,CWE-327,,,,0,0,1,0,0,0,1,0,,,,,,,,
BenchmarkTest01897.java,0,CWE-327,CWE-327,1,0,1,0,0,0,1,0,0,0,1304,0.000326,128,0.000256,13,2.6e-05,0.000608,2.2259528636932373
BenchmarkTest01898.java,0,CWE-327,CWE-327,1,0,1,0,0,0,1,0,0,0,1329,0.00033225,192,0.000384,13,2.6e-05,0.0007422500000000001,2.6552295684814453
BenchmarkTest01899.java,0,CWE-327,,,,0,0,1,0,0,0,1,0,,,,,,,,
BenchmarkTest01900.java,0,CWE-327,CWE-327,1,0,1,0,0,0,1,0,0,0,1251,0.00031275,384,0.000768,13,2.6e-05,0.00110675,3.9773097038269043
BenchmarkTest01901.java,0,CWE-327,,,,0,0,1,0,0,0,1,0,,,,,,,,
BenchmarkTest01902.java,0,CWE-90,CWE-90,1,0,1,0,0,0,1,0,0,0,1194,0.0002985,320,0.00064,13,2.6e-05,0.0009645000000000001,2.7236368656158447
BenchmarkTest01903.java,0,CWE-90,CWE-90,1,1,0,1,0,0,0,0,1,0,1171,0.00029275,256,0.000512,12,2.4e-05,0.00082875,3.161085844039917
BenchmarkTest01904.java,0,CWE-22,CWE-23,0,0,1,0,0,0,1,0,0,0,1251,0.00031275,192,0.000384,13,2.6e-05,0.00072275,2.050652265548706
BenchmarkTest01905.java,0,CWE-22,CWE-23,0,1,0,1,0,0,0,0,1,0,1360,0.00034,192,0.000384,12,2.4e-05,0.0007480000000000001,2.5947489738464355
BenchmarkTest01906.java,0,CWE-22,CWE-23,0,0,1,0,0,0,1,0,0,0,1273,0.00031825,256,0.000512,13,2.6e-05,0.00085625,3.6869187355041504
BenchmarkTest01907.java,0,CWE-22,CWE-23,0,0,1,0,0,0,1,0,0,0,1239,0.00030975,256,0.000512,13,2.6e-05,0.00084775,3.727668046951294
BenchmarkTest01908.java,0,CWE-22,CWE-23,0,0,1,0,0,0,1,0,0,0,1395,0.00034875,384,0.000768,13,2.6e-05,0.00114275,4.54247784614563
BenchmarkTest01909.java,0,CWE-90,CWE-90,1,1,0,1,0,0,0,0,1,0,1258,0.0003145,256,0.000512,12,2.4e-05,0.0008505,2.9053657054901123
BenchmarkTest01910.java,0,CWE-330,CWE-330,1,0,1,0,0,0,1,0,0,0,1317,0.00032925,832,0.001664,13,2.6e-05,0.0020192499999999998,5.801948547363281
BenchmarkTest01911.java,0,CWE-328,CWE-916,0,0,1,0,0,0,1,0,0,0,1360,0.00034,192,0.000384,13,2.6e-05,0.00075,3.767454147338867
BenchmarkTest01912.java,0,CWE-328,,,,0,0,1,0,0,0,1,0,,,,,,,,
BenchmarkTest01913.java,0,CWE-328,,,,0,0,1,0,0,0,1,0,,,,,,,,
BenchmarkTest01914.java,0,CWE-79,CWE-79,1,1,0,1,0,0,0,0,1,0,1359,0.00033975,256,0.000512,12,2.4e-05,0.00087575,2.9713447093963623
BenchmarkTest01915.java,0,CWE-79,CWE-79,1,1,0,1,0,0,0,0,1,0,1312,0.000328,320,0.00064,12,2.4e-05,0.000992,4.878850221633911
BenchmarkTest01916.java,0,CWE-79,CWE-79,1,0,1,0,0,0,1,0,0,0,1278,0.0003195,320,0.00064,13,2.6e-05,0.0009855,4.409274101257324
BenchmarkTest01917.java,0,CWE-79,CWE-79,1,1,0,1,0,0,0,0,1,0,1273,0.00031825,384,0.000768,12,2.4e-05,0.00111025,4.421153783798218
BenchmarkTest01918.java,0,CWE-79,CWE-79,1,1,0,1,0,0,0,0,1,0,1314,0.0003285,320,0.00064,12,2.4e-05,0.0009925000000000001,4.385910272598267
BenchmarkTest01919.java,0,CWE-79,CWE-79,1,0,1,0,0,0,1,0,0,0,1308,0.000327,320,0.00064,13,2.6e-05,0.000993,3.6996796131134033
BenchmarkTest01920.java,0,CWE-79,CWE-79,1,0,1,0,0,0,1,0,0,0,1342,0.0003355,320,0.00064,13,2.6e-05,0.0010015,3.4274628162384033
BenchmarkTest01921.java,0,CWE-79,CWE-79,1,0,1,0,0,0,1,0,0,0,1376,0.000344,448,0.000896,13,2.6e-05,0.001266,5.1799304485321045
BenchmarkTest01922.java,0,CWE-79,CWE-79,1,0,1,0,0,0,1,0,0,0,1338,0.0003345,320,0.00064,13,2.6e-05,0.0010005,2.759401798248291
BenchmarkTest01923.java,0,CWE-79,CWE-79,1,0,1,0,0,0,1,0,0,0,1296,0.000324,384,0.000768,13,2.6e-05,0.001118,3.1538023948669434
BenchmarkTest01924.java,0,CWE-79,CWE-79,1,1,0,1,0,0,0,0,1,0,1280,0.00032,640,0.00128,12,2.4e-05,0.001624,4.910708427429199
BenchmarkTest01925.java,0,CWE-79,CWE-79,1,0,1,0,0,0,1,0,0,0,1312,0.000328,512,0.001024,13,2.6e-05,0.0013779999999999999,3.864464044570923
BenchmarkTest01926.java,0,CWE-79,CWE-79,1,0,1,0,0,0,1,0,0,0,1292,0.000323,256,0.000512,13,2.6e-05,0.000861,3.2297513484954834
BenchmarkTest01927.java,0,CWE-79,CWE-79,1,0,1,0,0,0,1,0,0,0,1301,0.00032525,320,0.00064,13,2.6e-05,0.0009912500000000002,2.8556618690490723
BenchmarkTest01928.java,0,CWE-78,CWE-78,1,0,1,0,0,0,1,0,0,0,1052,0.000263,256,0.000512,13,2.6e-05,0.000801,3.789844512939453
BenchmarkTest01929.java,0,CWE-78,CWE-78,1,0,1,0,0,0,1,0,0,0,1036,0.000259,320,0.00064,13,2.6e-05,0.000925,2.8861093521118164
BenchmarkTest01930.java,0,CWE-330,CWE-330,1,0,1,0,0,0,1,0,0,0,1251,0.00031275,320,0.00064,13,2.6e-05,0.00097875,2.914600133895874
BenchmarkTest01931.java,0,CWE-330,CWE-330,1,0,1,0,0,0,1,0,0,0,1452,0.000363,256,0.000512,13,2.6e-05,0.0009009999999999999,3.5181589126586914
BenchmarkTest01932.java,0,CWE-330,CWE-330,1,0,1,0,0,0,1,0,0,0,1277,0.00031925,576,0.001152,13,2.6e-05,0.0014972499999999999,4.782968521118164
BenchmarkTest01933.java,0,CWE-330,CWE-330,1,0,1,0,0,0,1,0,0,0,1222,0.0003055,192,0.000384,13,2.6e-05,0.0007155,2.501842975616455
BenchmarkTest01934.java,0,CWE-330,CWE-330,1,0,1,0,0,0,1,0,0,0,1216,0.000304,640,0.00128,13,2.6e-05,0.00161,6.134101390838623
BenchmarkTest01935.java,0,CWE-614,,,,0,0,1,0,0,0,1,0,,,,,,,,
BenchmarkTest01936.java,0,CWE-78,CWE-78,1,0,1,0,0,0,1,0,0,0,993,0.00024825,960,0.00192,13,2.6e-05,0.00219425,8.137503385543823
BenchmarkTest01937.java,0,CWE-78,CWE-78,1,1,0,1,0,0,0,0,1,0,995,0.00024875,896,0.001792,12,2.4e-05,0.00206475,7.856154203414917
BenchmarkTest01938.java,0,CWE-78,CWE-78,1,0,1,0,0,0,1,0,0,0,1108,0.000277,640,0.00128,13,2.6e-05,0.0015830000000000002,5.4916863441467285
BenchmarkTest01939.java,0,CWE-78,CWE-78,1,1,0,1,0,0,0,0,1,0,914,0.0002285,256,0.000512,12,2.4e-05,0.0007645,3.286961793899536
BenchmarkTest01940.java,0,CWE-78,CWE-78,1,0,1,0,0,0,1,0,0,0,985,0.00024625,640,0.00128,13,2.6e-05,0.00155225,7.621622085571289
BenchmarkTest01941.java,0,CWE-78,CWE-78,1,1,0,1,0,0,0,0,1,0,1094,0.0002735,512,0.001024,12,2.4e-05,0.0013215,5.838410139083862
BenchmarkTest01942.java,0,CWE-78,CWE-78,1,0,1,0,0,0,1,0,0,0,951,0.00023775,448,0.000896,13,2.6e-05,0.00115975,5.84331488609314
BenchmarkTest01943.java,0,CWE-78,CWE-78,1,1,0,1,0,0,0,0,1,0,1051,0.00026275,256,0.000512,12,2.4e-05,0.0007987500000000001,2.6259350776672363
BenchmarkTest01944.java,0,CWE-78,CWE-78,1,0,1,0,0,0,1,0,0,0,1043,0.00026075,384,0.000768,13,2.6e-05,0.0010547500000000001,4.770442485809326
BenchmarkTest01945.java,0,CWE-330,,,,0,0,1,0,0,0,1,0,,,,,,,,
BenchmarkTest01946.java,0,CWE-330,,,,0,0,1,0,0,0,1,0,,,,,,,,
BenchmarkTest01947.java,0,CWE-330,,,,0,0,1,0,0,0,1,0,,,,,,,,
BenchmarkTest01948.java,0,CWE-330,,,,0,0,1,0,0,0,1,0,,,,,,,,
BenchmarkTest01949.java,0,CWE-330,,,,0,0,1,0,0,0,1,0,,,,,,,,
BenchmarkTest01950.java,0,CWE-330,,,,0,0,1,0,0,0,1,0,,,,,,,,
BenchmarkTest01951.java,0,CWE-330,,,,0,0,1,0,0,0,1,0,,,,,,,,
BenchmarkTest01952.java,0,CWE-330,,,,0,0,1,0,0,0,1,0,,,,,,,,
BenchmarkTest01953.java,0,CWE-330,,,,0,0,1,0,0,0,1,0,,,,,,,,
BenchmarkTest01954.java,0,CWE-330,,,,0,0,1,0,0,0,1,0,,,,,,,,
BenchmarkTest01961.java,0,CWE-89,CWE-89,1,1,0,1,0,0,0,0,1,0,1123,0.00028075,384,0.000768,12,2.4e-05,0.00107275,3.1710312366485596
BenchmarkTest01962.java,0,CWE-89,CWE-89,1,0,1,0,0,0,1,0,0,0,936,0.000234,320,0.00064,13,2.6e-05,0.0009,2.6268482208251953
BenchmarkTest01963.java,0,CWE-89,CWE-89,1,0,1,0,0,0,1,0,0,0,900,0.000225,192,0.000384,13,2.6e-05,0.0006349999999999999,2.2109782695770264
BenchmarkTest01964.java,0,CWE-89,CWE-89,1,0,1,0,0,0,1,0,0,0,1139,0.00028475,128,0.000256,13,2.6e-05,0.00056675,1.9969990253448486
BenchmarkTest01965.java,0,CWE-89,,,,0,0,1,0,0,0,1,0,,,,,,,,
BenchmarkTest01966.java,0,CWE-89,,,,0,0,1,0,0,0,1,0,,,,,,,,
BenchmarkTest01967.java,0,CWE-89,,,,0,0,1,0,0,0,1,0,,,,,,,,
BenchmarkTest01968.java,0,CWE-89,CWE-89,1,1,0,1,0,0,0,0,1,0,967,0.00024175,512,0.001024,12,2.4e-05,0.0012897499999999999,3.5113234519958496
BenchmarkTest01969.java,0,CWE-89,CWE-89,1,1,0,1,0,0,0,0,1,0,902,0.0002255,256,0.000512,12,2.4e-05,0.0007615,3.076523542404175
BenchmarkTest01970.java,0,CWE-89,CWE-89,1,0,1,0,0,0,1,0,0,0,965,0.00024125,192,0.000384,13,2.6e-05,0.00065125,2.16030216217041
BenchmarkTest01971.java,0,CWE-89,CWE-89,1,0,1,0,0,0,1,0,0,0,965,0.00024125,256,0.000512,13,2.6e-05,0.00077925,3.9993271827697754
BenchmarkTest01972.java,0,CWE-89,CWE-89,1,0,1,0,0,0,1,0,0,0,868,0.000217,192,0.000384,13,2.6e-05,0.000627,2.759174108505249
BenchmarkTest01973.java,0,CWE-89,CWE-89,1,1,0,1,0,0,0,0,1,0,948,0.000237,256,0.000512,12,2.4e-05,0.000773,2.2386491298675537
BenchmarkTest01974.java,0,CWE-643,CWE-643,1,0,1,0,0,0,1,0,0,0,1098,0.0002745,192,0.000384,13,2.6e-05,0.0006845,2.1678171157836914
BenchmarkTest01975.java,0,CWE-327,,,,0,0,1,0,0,0,1,0,,,,,,,,
BenchmarkTest01976.java,0,CWE-327,,,,0,0,1,0,0,0,1,0,,,,,,,,
BenchmarkTest01977.java,0,CWE-327,,,,0,0,1,0,0,0,1,0,,,,,,,,
BenchmarkTest01978.java,0,CWE-327,CWE-327,1,0,1,0,0,0,1,0,0,0,1345,0.00033625,128,0.000256,13,2.6e-05,0.00061825,2.175384521484375
BenchmarkTest01979.java,0,CWE-327,,,,0,0,1,0,0,0,1,0,,,,,,,,
BenchmarkTest01980.java,0,CWE-327,CWE-327,1,0,1,0,0,0,1,0,0,0,1300,0.000325,320,0.00064,13,2.6e-05,0.0009910000000000001,3.234295129776001
BenchmarkTest01981.java,0,CWE-327,CWE-327,1,0,1,0,0,0,1,0,0,0,1310,0.0003275,384,0.000768,13,2.6e-05,0.0011215,3.2129836082458496
BenchmarkTest01982.java,0,CWE-327,,,,0,0,1,0,0,0,1,0,,,,,,,,
BenchmarkTest01983.java,0,CWE-22,CWE-23,0,1,1,0,0,0,0,0,0,1,1258,0.0003145,768,0.001536,12,2.4e-05,0.0018745,7.748847246170044
BenchmarkTest01984.java,0,CWE-22,CWE-23,0,1,0,1,0,0,0,0,1,0,1326,0.0003315,448,0.000896,12,2.4e-05,0.0012514999999999998,6.034443378448486
BenchmarkTest01985.java,0,CWE-22,CWE-23,0,1,1,0,0,0,0,0,0,1,1264,0.000316,576,0.001152,12,2.4e-05,0.001492,6.194772720336914
BenchmarkTest01986.java,0,CWE-22,CWE-23,0,1,0,1,0,0,0,0,1,0,1467,0.00036675,640,0.00128,12,2.4e-05,0.0016707500000000001,6.541006803512573
BenchmarkTest01987.java,0,CWE-22,CWE-23,0,0,1,0,0,0,1,0,0,0,1459,0.00036475,1408,0.002816,13,2.6e-05,0.00320675,10.003470182418823
BenchmarkTest01988.java,0,CWE-22,CWE-23,0,1,1,0,0,0,0,0,0,1,1413,0.00035325,704,0.001408,12,2.4e-05,0.00178525,6.683581829071045
BenchmarkTest01989.java,0,CWE-22,CWE-23,0,1,1,0,0,0,0,0,0,1,1289,0.00032225,896,0.001792,12,2.4e-05,0.00213825,9.229647874832153
BenchmarkTest01990.java,0,CWE-22,CWE-23,0,1,0,1,0,0,0,0,1,0,1346,0.0003365,640,0.00128,12,2.4e-05,0.0016405,5.6233861446380615
BenchmarkTest01991.java,0,CWE-22,CWE-23,0,1,0,1,0,0,0,0,1,0,1613,0.00040325,576,0.001152,12,2.4e-05,0.00157925,5.911090135574341
BenchmarkTest01992.java,0,CWE-330,CWE-330,1,0,1,0,0,0,1,0,0,0,1503,0.00037575,640,0.00128,13,2.6e-05,0.00168175,4.982886552810669
BenchmarkTest01993.java,0,CWE-328,,,,0,0,1,0,0,0,1,0,,,,,,,,
BenchmarkTest01994.java,0,CWE-328,,,,0,0,1,0,0,0,1,0,,,,,,,,
BenchmarkTest01995.java,0,CWE-328,,,,0,0,1,0,0,0,1,0,,,,,,,,
BenchmarkTest01996.java,0,CWE-328,,,,0,0,0,1,0,0,0,1,,,,,,,,
BenchmarkTest01997.java,0,CWE-328,,,,0,0,0,1,0,0,0,1,,,,,,,,
BenchmarkTest01998.java,0,CWE-328,,,,0,0,1,0,0,0,1,0,,,,,,,,
BenchmarkTest01999.java,0,CWE-330,CWE-330,1,0,1,0,0,0,1,0,0,0,1387,0.00034675,320,0.00064,13,2.6e-05,0.00101275,3.431612730026245
BenchmarkTest02000.java,0,CWE-330,CWE-330,1,0,1,0,0,0,1,0,0,0,1307,0.00032675,128,0.000256,13,2.6e-05,0.0006087499999999999,1.8957140445709229
BenchmarkTest02001.java,0,CWE-330,CWE-330,1,0,1,0,0,0,1,0,0,0,1292,0.000323,128,0.000256,13,2.6e-05,0.000605,1.8398761749267578
BenchmarkTest02002.java,0,CWE-330,CWE-330,1,0,1,0,0,0,1,0,0,0,1302,0.0003255,128,0.000256,13,2.6e-05,0.0006075,1.9108970165252686
BenchmarkTest02003.java,0,CWE-330,CWE-330,1,0,1,0,0,0,1,0,0,0,1493,0.00037325,128,0.000256,13,2.6e-05,0.00065525,1.5615136623382568
BenchmarkTest02004.java,0,CWE-330,CWE-330,1,0,1,0,0,0,1,0,0,0,1259,0.00031475,640,0.00128,13,2.6e-05,0.00162075,4.8605101108551025
BenchmarkTest02005.java,0,CWE-614,CWE-614,1,0,1,0,0,0,1,0,0,0,1131,0.00028275,320,0.00064,13,2.6e-05,0.00094875,2.8047657012939453
BenchmarkTest02006.java,0,CWE-614,,,,0,0,1,0,0,0,1,0,,,,,,,,
BenchmarkTest02007.java,0,CWE-330,,,,0,0,1,0,0,0,1,0,,,,,,,,
BenchmarkTest02008.java,0,CWE-330,,,,0,0,1,0,0,0,1,0,,,,,,,,
BenchmarkTest02009.java,0,CWE-330,,,,0,0,1,0,0,0,1,0,,,,,,,,
BenchmarkTest02010.java,0,CWE-330,,,,0,0,1,0,0,0,1,0,,,,,,,,
BenchmarkTest02011.java,0,CWE-330,,,,0,0,1,0,0,0,1,0,,,,,,,,
BenchmarkTest02012.java,0,CWE-330,,,,0,0,1,0,0,0,1,0,,,,,,,,
BenchmarkTest02013.java,0,CWE-330,,,,0,0,1,0,0,0,1,0,,,,,,,,
BenchmarkTest02014.java,0,CWE-330,,,,0,0,1,0,0,0,1,0,,,,,,,,
BenchmarkTest02017.java,0,CWE-327,CWE-327,1,0,1,0,0,0,1,0,0,0,1590,0.0003975,64,0.000128,13,2.6e-05,0.0005515,1.7005624771118164
BenchmarkTest02018.java,0,CWE-327,CWE-327,1,0,1,0,0,0,1,0,0,0,1765,0.00044125,128,0.000256,13,2.6e-05,0.0007232499999999999,1.9307498931884766
BenchmarkTest02019.java,0,CWE-327,CWE-327,1,0,1,0,0,0,1,0,0,0,1577,0.00039425,128,0.000256,13,2.6e-05,0.00067625,1.8067550659179688
BenchmarkTest02020.java,0,CWE-327,CWE-327,1,0,1,0,0,0,1,0,0,0,1708,0.000427,512,0.001024,13,2.6e-05,0.001477,4.88830304145813
BenchmarkTest02021.java,0,CWE-327,,,,0,0,1,0,0,0,1,0,,,,,,,,
BenchmarkTest02022.java,0,CWE-327,CWE-327,1,0,1,0,0,0,1,0,0,0,1264,0.000316,384,0.000768,13,2.6e-05,0.0011099999999999999,3.2429401874542236
BenchmarkTest02023.java,0,CWE-327,CWE-327,1,0,1,0,0,0,1,0,0,0,1265,0.00031625,256,0.000512,13,2.6e-05,0.00085425,3.1225414276123047
BenchmarkTest02024.java,0,CWE-327,,,,0,0,1,0,0,0,1,0,,,,,,,,
BenchmarkTest02025.java,0,CWE-90,CWE-90,1,1,0,1,0,0,0,0,1,0,1174,0.0002935,320,0.00064,12,2.4e-05,0.0009575000000000001,4.429386854171753
BenchmarkTest02026.java,0,CWE-22,CWE-23,0,1,0,1,0,0,0,0,1,0,1264,0.000316,320,0.00064,12,2.4e-05,0.00098,4.239342212677002
BenchmarkTest02027.java,0,CWE-22,CWE-23,0,0,1,0,0,0,1,0,0,0,1215,0.00030375,576,0.001152,13,2.6e-05,0.00148175,4.865830421447754
BenchmarkTest02028.java,0,CWE-22,CWE-23,0,1,0,1,0,0,0,0,1,0,1271,0.00031775,320,0.00064,12,2.4e-05,0.00098175,7.534677982330322
BenchmarkTest02029.java,0,CWE-22,CWE-23,0,1,0,1,0,0,0,0,1,0,1275,0.00031875,320,0.00064,12,2.4e-05,0.0009827500000000001,4.910595417022705
BenchmarkTest02030.java,0,CWE-22,CWE-23,0,1,0,1,0,0,0,0,1,0,1561,0.00039025,448,0.000896,12,2.4e-05,0.00131025,4.67106819152832
BenchmarkTest02031.java,0,CWE-22,CWE-23,0,1,0,1,0,0,0,0,1,0,1347,0.00033675,320,0.00064,12,2.4e-05,0.0010007500000000001,3.723357677459717
BenchmarkTest02032.java,0,CWE-22,CWE-23,0,0,1,0,0,0,1,0,0,0,1305,0.00032625,384,0.000768,13,2.6e-05,0.00112025,4.4182374477386475
BenchmarkTest02033.java,0,CWE-22,CWE-23,0,1,0,1,0,0,0,0,1,0,1309,0.00032725,320,0.00064,12,2.4e-05,0.00099125,3.5438640117645264
BenchmarkTest02034.java,0,CWE-22,CWE-23,0,0,1,0,0,0,1,0,0,0,1215,0.00030375,320,0.00064,13,2.6e-05,0.00096975,3.3273022174835205
BenchmarkTest02035.java,0,CWE-22,CWE-23,0,1,0,1,0,0,0,0,1,0,1371,0.00034275,192,0.000384,12,2.4e-05,0.00075075,1.9223287105560303
BenchmarkTest02036.java,0,CWE-90,CWE-90,1,0,1,0,0,0,1,0,0,0,1254,0.0003135,320,0.00064,13,2.6e-05,0.0009795000000000001,2.752875328063965
BenchmarkTest02037.java,0,CWE-90,CWE-90,1,0,1,0,0,0,1,0,0,0,1215,0.00030375,256,0.000512,13,2.6e-05,0.0008417499999999999,2.8005361557006836
BenchmarkTest02038.java,0,CWE-330,CWE-330,1,0,1,0,0,0,1,0,0,0,1306,0.0003265,448,0.000896,13,2.6e-05,0.0012485,4.6083762645721436
BenchmarkTest02039.java,0,CWE-330,CWE-330,1,0,1,0,0,0,1,0,0,0,1250,0.0003125,128,0.000256,13,2.6e-05,0.0005945,1.5728411674499512
BenchmarkTest02040.java,0,CWE-330,CWE-330,1,0,1,0,0,0,1,0,0,0,1325,0.00033125,192,0.000384,13,2.6e-05,0.0007412499999999999,2.044935464859009
BenchmarkTest02041.java,0,CWE-328,,,,0,0,1,0,0,0,1,0,,,,,,,,
BenchmarkTest02042.java,0,CWE-328,CWE-916,0,0,1,0,0,0,1,0,0,0,1288,0.000322,256,0.000512,13,2.6e-05,0.00086,2.482337474822998
BenchmarkTest02043.java,0,CWE-328,,,,0,0,1,0,0,0,1,0,,,,,,,,
BenchmarkTest02044.java,0,CWE-328,,,,0,0,1,0,0,0,1,0,,,,,,,,
BenchmarkTest02045.java,0,CWE-79,CWE-79,1,1,0,1,0,0,0,0,1,0,1371,0.00034275,384,0.000768,12,2.4e-05,0.00113475,4.277629852294922
BenchmarkTest02046.java,0,CWE-79,CWE-79,1,0,1,0,0,0,1,0,0,0,1356,0.000339,256,0.000512,13,2.6e-05,0.000877,2.12136173248291
BenchmarkTest02047.java,0,CWE-79,CWE-79,1,0,1,0,0,0,1,0,0,0,1306,0.0003265,576,0.001152,13,2.6e-05,0.0015045,5.623196363449097
BenchmarkTest02048.java,0,CWE-79,CWE-79,1,1,0,1,0,0,0,0,1,0,1529,0.00038225,384,0.000768,12,2.4e-05,0.00117425,4.230229377746582
BenchmarkTest02049.java,0,CWE-79,CWE-79,1,1,0,1,0,0,0,0,1,0,1307,0.00032675,448,0.000896,12,2.4e-05,0.0012467499999999998,3.7440719604492188
BenchmarkTest02050.java,0,CWE-79,CWE-79,1,0,1,0,0,0,1,0,0,0,1328,0.000332,320,0.00064,13,2.6e-05,0.000998,3.1432273387908936
BenchmarkTest02051.java,0,CWE-79,CWE-79,1,0,1,0,0,0,1,0,0,0,1320,0.00033,320,0.00064,13,2.6e-05,0.0009960000000000001,3.202615737915039
BenchmarkTest02052.java,0,CWE-79,CWE-79,1,1,0,1,0,0,0,0,1,0,1391,0.00034775,384,0.000768,12,2.4e-05,0.00113975,5.4317946434021
BenchmarkTest02053.java,0,CWE-79,CWE-79,1,1,0,1,0,0,0,0,1,0,1326,0.0003315,320,0.00064,12,2.4e-05,0.0009955,3.3525593280792236
BenchmarkTest02054.java,0,CWE-79,CWE-79,1,0,1,0,0,0,1,0,0,0,1295,0.00032375,384,0.000768,13,2.6e-05,0.00111775,4.930573463439941
BenchmarkTest02055.java,0,CWE-79,CWE-79,1,0,1,0,0,0,1,0,0,0,1297,0.00032425,320,0.00064,13,2.6e-05,0.00099025,6.384206056594849
BenchmarkTest02056.java,0,CWE-79,CWE-79,1,0,1,0,0,0,1,0,0,0,1353,0.00033825,192,0.000384,13,2.6e-05,0.00074825,3.856186628341675
BenchmarkTest02057.java,0,CWE-79,CWE-79,1,0,1,0,0,0,1,0,0,0,1388,0.000347,256,0.000512,13,2.6e-05,0.0008849999999999999,4.840419054031372
BenchmarkTest02058.java,0,CWE-78,CWE-78,1,1,0,1,0,0,0,0,1,0,1035,0.00025875,320,0.00064,12,2.4e-05,0.0009227500000000001,4.025969505310059
BenchmarkTest02059.java,0,CWE-78,CWE-78,1,0,1,0,0,0,1,0,0,0,1056,0.000264,320,0.00064,13,2.6e-05,0.00093,4.025537490844727
BenchmarkTest02060.java,0,CWE-330,CWE-330,1,0,1,0,0,0,1,0,0,0,1287,0.00032175,384,0.000768,13,2.6e-05,0.00111575,4.187979459762573
BenchmarkTest02061.java,0,CWE-330,CWE-330,1,0,1,0,0,0,1,0,0,0,1251,0.00031275,448,0.000896,13,2.6e-05,0.00123475,4.154982805252075
BenchmarkTest02062.java,0,CWE-330,CWE-330,1,0,1,0,0,0,1,0,0,0,1453,0.00036325,704,0.001408,13,2.6e-05,0.00179725,5.388966798782349
BenchmarkTest02063.java,0,CWE-330,CWE-330,1,0,1,0,0,0,1,0,0,0,1233,0.00030825,128,0.000256,13,2.6e-05,0.00059025,1.8632442951202393
BenchmarkTest02064.java,0,CWE-614,,,,0,0,1,0,0,0,1,0,,,,,,,,
BenchmarkTest02065.java,0,CWE-614,,,,0,0,1,0,0,0,1,0,,,,,,,,
BenchmarkTest02066.java,0,CWE-614,,,,0,0,1,0,0,0,1,0,,,,,,,,
BenchmarkTest02067.java,0,CWE-78,CWE-78,1,1,0,1,0,0,0,0,1,0,1126,0.0002815,512,0.001024,12,2.4e-05,0.0013295,3.5479118824005127
BenchmarkTest02068.java,0,CWE-78,CWE-78,1,1,0,1,0,0,0,0,1,0,922,0.0002305,256,0.000512,12,2.4e-05,0.0007665,2.4725968837738037
BenchmarkTest02069.java,0,CWE-78,CWE-78,1,1,0,1,0,0,0,0,1,0,1036,0.000259,320,0.00064,12,2.4e-05,0.0009230000000000001,3.094811201095581
BenchmarkTest02070.java,0,CWE-78,CWE-78,1,0,1,0,0,0,1,0,0,0,917,0.00022925,640,0.00128,13,2.6e-05,0.0015352500000000002,5.738684177398682
BenchmarkTest02071.java,0,CWE-330,,,,0,0,1,0,0,0,1,0,,,,,,,,
BenchmarkTest02072.java,0,CWE-330,,,,0,0,1,0,0,0,1,0,,,,,,,,
BenchmarkTest02073.java,0,CWE-330,,,,0,0,1,0,0,0,1,0,,,,,,,,
BenchmarkTest02074.java,0,CWE-330,,,,0,0,1,0,0,0,1,0,,,,,,,,
BenchmarkTest02075.java,0,CWE-330,CWE-330,1,1,0,1,0,0,0,0,1,0,1367,0.00034175,320,0.00064,12,2.4e-05,0.00100575,4.059317588806152
BenchmarkTest02076.java,0,CWE-330,CWE-330,1,1,0,1,0,0,0,0,1,0,1407,0.00035175,512,0.001024,12,2.4e-05,0.00139975,5.4196131229400635
BenchmarkTest02077.java,0,CWE-330,,,,0,0,1,0,0,0,1,0,,,,,,,,
BenchmarkTest02078.java,0,CWE-330,,,,0,0,1,0,0,0,1,0,,,,,,,,
BenchmarkTest02079.java,0,CWE-330,,,,0,0,1,0,0,0,1,0,,,,,,,,
BenchmarkTest02080.java,0,CWE-330,,,,0,0,1,0,0,0,1,0,,,,,,,,
BenchmarkTest02081.java,0,CWE-330,,,,0,0,1,0,0,0,1,0,,,,,,,,
BenchmarkTest02082.java,0,CWE-330,,,,0,0,1,0,0,0,1,0,,,,,,,,
BenchmarkTest02083.java,0,CWE-330,,,,0,0,1,0,0,0,1,0,,,,,,,,
BenchmarkTest02087.java,0,CWE-89,CWE-89,1,0,1,0,0,0,1,0,0,0,927,0.00023175,256,0.000512,13,2.6e-05,0.0007697499999999999,2.8041272163391113
BenchmarkTest02088.java,0,CWE-89,CWE-89,1,0,1,0,0,0,1,0,0,0,944,0.000236,256,0.000512,13,2.6e-05,0.000774,2.256317615509033
BenchmarkTest02089.java,0,CWE-89,CWE-89,1,1,0,1,0,0,0,0,1,0,948,0.000237,320,0.00064,12,2.4e-05,0.0009010000000000001,3.7252213954925537
BenchmarkTest02090.java,0,CWE-89,,,,0,0,0,1,0,0,0,1,,,,,,,,
BenchmarkTest02091.java,0,CWE-89,CWE-89,1,0,1,0,0,0,1,0,0,0,1059,0.00026475,128,0.000256,13,2.6e-05,0.0005467499999999999,1.7679622173309326
BenchmarkTest02092.java,0,CWE-89,CWE-89,1,0,1,0,0,0,1,0,0,0,937,0.00023425,192,0.000384,13,2.6e-05,0.00064425,3.4202184677124023
BenchmarkTest02093.java,0,CWE-89,CWE-89,1,1,0,1,0,0,0,0,1,0,959,0.00023975,320,0.00064,12,2.4e-05,0.0009037500000000001,3.760176181793213
BenchmarkTest02094.java,0,CWE-89,CWE-89,1,0,1,0,0,0,1,0,0,0,904,0.000226,192,0.000384,13,2.6e-05,0.000636,2.9502146244049072
BenchmarkTest02095.java,0,CWE-89,CWE-89,1,1,0,1,0,0,0,0,1,0,983,0.00024575,320,0.00064,12,2.4e-05,0.0009097500000000001,4.3787009716033936
BenchmarkTest02096.java,0,CWE-89,CWE-89,1,0,1,0,0,0,1,0,0,0,925,0.00023125,320,0.00064,13,2.6e-05,0.00089725,4.491245746612549
BenchmarkTest02097.java,0,CWE-89,CWE-89,1,1,0,1,0,0,0,0,1,0,979,0.00024475,192,0.000384,12,2.4e-05,0.00065275,3.440955400466919
BenchmarkTest02098.java,0,CWE-89,CWE-89,1,1,0,1,0,0,0,0,1,0,967,0.00024175,320,0.00064,12,2.4e-05,0.0009057500000000001,4.241568326950073
BenchmarkTest02099.java,0,CWE-89,CWE-89,1,0,1,0,0,0,1,0,0,0,925,0.00023125,256,0.000512,13,2.6e-05,0.00076925,3.704598903656006
BenchmarkTest02100.java,0,CWE-643,CWE-643,1,0,1,0,0,0,1,0,0,0,1117,0.00027925,256,0.000512,13,2.6e-05,0.0008172499999999999,3.7266604900360107
BenchmarkTest02101.java,0,CWE-327,CWE-327,1,0,1,0,0,0,1,0,0,0,1600,0.0004,128,0.000256,13,2.6e-05,0.000682,1.872894525527954
BenchmarkTest02102.java,0,CWE-327,,,,0,0,1,0,0,0,1,0,,,,,,,,
BenchmarkTest02103.java,0,CWE-327,,,,0,0,1,0,0,0,1,0,,,,,,,,
BenchmarkTest02104.java,0,CWE-90,CWE-90,1,1,0,1,0,0,0,0,1,0,1199,0.00029975,448,0.000896,12,2.4e-05,0.00121975,5.008368730545044
BenchmarkTest02105.java,0,CWE-22,CWE-23,0,0,1,0,0,0,1,0,0,0,1212,0.000303,512,0.001024,13,2.6e-05,0.001353,4.295226335525513
BenchmarkTest02106.java,0,CWE-22,CWE-23,0,0,1,0,0,0,1,0,0,0,1183,0.00029575,384,0.000768,13,2.6e-05,0.00108975,3.124077081680298
BenchmarkTest02107.java,0,CWE-22,CWE-23,0,1,0,1,0,0,0,0,1,0,1176,0.000294,192,0.000384,12,2.4e-05,0.000702,2.850494861602783
BenchmarkTest02108.java,0,CWE-22,CWE-23,0,1,0,1,0,0,0,0,1,0,1292,0.000323,192,0.000384,12,2.4e-05,0.000731,2.3245911598205566
BenchmarkTest02109.java,0,CWE-22,CWE-23,0,0,1,0,0,0,1,0,0,0,1230,0.0003075,384,0.000768,13,2.6e-05,0.0011015,3.822176456451416
BenchmarkTest02110.java,0,CWE-22,CWE-23,0,1,0,1,0,0,0,0,1,0,1252,0.000313,384,0.000768,12,2.4e-05,0.0011049999999999999,4.1043174266815186
BenchmarkTest02111.java,0,CWE-22,CWE-23,0,1,0,1,0,0,0,0,1,0,1213,0.00030325,320,0.00064,12,2.4e-05,0.0009672500000000001,3.05187726020813
BenchmarkTest02112.java,0,CWE-22,CWE-23,0,0,1,0,0,0,1,0,0,0,1276,0.000319,448,0.000896,13,2.6e-05,0.001241,4.664237022399902
BenchmarkTest02113.java,0,CWE-22,CWE-23,0,0,1,0,0,0,1,0,0,0,1399,0.00034975,320,0.00064,13,2.6e-05,0.0010157500000000002,3.752772808074951
BenchmarkTest02114.java,0,CWE-90,CWE-90,1,1,0,1,0,0,0,0,1,0,1221,0.00030525,576,0.001152,12,2.4e-05,0.00148125,5.339350938796997
BenchmarkTest02115.java,0,CWE-90,CWE-90,1,1,0,1,0,0,0,0,1,0,1254,0.0003135,320,0.00064,12,2.4e-05,0.0009775,4.633711814880371
BenchmarkTest02116.java,0,CWE-90,CWE-90,1,1,0,1,0,0,0,0,1,0,1213,0.00030325,320,0.00064,12,2.4e-05,0.0009672500000000001,2.5718348026275635
BenchmarkTest02117.java,0,CWE-330,CWE-330,1,0,1,0,0,0,1,0,0,0,1293,0.00032325,448,0.000896,13,2.6e-05,0.00124525,4.472175598144531
BenchmarkTest02118.java,0,CWE-328,CWE-916,0,0,1,0,0,0,1,0,0,0,1284,0.000321,384,0.000768,13,2.6e-05,0.001115,3.835401773452759
BenchmarkTest02119.java,0,CWE-328,,,,0,0,1,0,0,0,1,0,,,,,,,,
BenchmarkTest02120.java,0,CWE-328,,,,0,0,1,0,0,0,1,0,,,,,,,,
BenchmarkTest02121.java,0,CWE-328,,,,0,0,0,1,0,0,0,1,,,,,,,,
BenchmarkTest02122.java,0,CWE-79,CWE-79,1,1,0,1,0,0,0,0,1,0,1366,0.0003415,448,0.000896,12,2.4e-05,0.0012614999999999998,4.0931103229522705
BenchmarkTest02123.java,0,CWE-79,CWE-79,1,0,1,0,0,0,1,0,0,0,1282,0.0003205,256,0.000512,13,2.6e-05,0.0008584999999999999,3.5977206230163574
BenchmarkTest02124.java,0,CWE-79,CWE-79,1,0,1,0,0,0,1,0,0,0,1290,0.0003225,192,0.000384,13,2.6e-05,0.0007325,4.675206661224365
BenchmarkTest02125.java,0,CWE-79,CWE-79,1,1,0,1,0,0,0,0,1,0,1243,0.00031075,256,0.000512,12,2.4e-05,0.00084675,4.42042350769043
BenchmarkTest02126.java,0,CWE-79,CWE-79,1,0,1,0,0,0,1,0,0,0,1451,0.00036275,704,0.001408,13,2.6e-05,0.00179675,189.09074568748474
BenchmarkTest02127.java,0,CWE-79,CWE-79,1,0,1,0,0,0,1,0,0,0,1264,0.000316,192,0.000384,13,2.6e-05,0.000726,3.3576433658599854
BenchmarkTest02128.java,0,CWE-79,CWE-79,1,0,1,0,0,0,1,0,0,0,1266,0.0003165,192,0.000384,13,2.6e-05,0.0007264999999999999,3.654771089553833
BenchmarkTest02129.java,0,CWE-79,CWE-79,1,0,1,0,0,0,1,0,0,0,1272,0.000318,320,0.00064,13,2.6e-05,0.000984,3.583303451538086
BenchmarkTest02130.java,0,CWE-79,CWE-79,1,0,1,0,0,0,1,0,0,0,1281,0.00032025,320,0.00064,13,2.6e-05,0.0009862500000000001,3.105151653289795
BenchmarkTest02131.java,0,CWE-79,CWE-79,1,0,1,0,0,0,1,0,0,0,1281,0.00032025,512,0.001024,14,2.8e-05,0.00137225,4.073500633239746
BenchmarkTest02132.java,0,CWE-79,CWE-79,1,0,1,0,0,0,1,0,0,0,1451,0.00036275,384,0.000768,13,2.6e-05,0.00115675,3.390275001525879
BenchmarkTest02133.java,0,CWE-79,CWE-79,1,0,1,0,0,0,1,0,0,0,1260,0.000315,192,0.000384,13,2.6e-05,0.000725,2.4010937213897705
BenchmarkTest02134.java,0,CWE-79,CWE-79,1,0,1,0,0,0,1,0,0,0,1268,0.000317,192,0.000384,13,2.6e-05,0.000727,3.1653783321380615
BenchmarkTest02135.java,0,CWE-79,CWE-79,1,1,0,1,0,0,0,0,1,0,1465,0.00036625,320,0.00064,12,2.4e-05,0.00103025,3.7674543857574463
BenchmarkTest02136.java,0,CWE-79,CWE-79,1,0,1,0,0,0,1,0,0,0,1288,0.000322,128,0.000256,13,2.6e-05,0.0006039999999999999,2.4608571529388428
BenchmarkTest02137.java,0,CWE-78,CWE-78,1,0,1,0,0,0,1,0,0,0,965,0.00024125,384,0.000768,13,2.6e-05,0.00103525,2.955216646194458
BenchmarkTest02138.java,0,CWE-330,CWE-330,1,0,1,0,0,0,1,0,0,0,1251,0.00031275,832,0.001664,13,2.6e-05,0.0020027499999999998,8.651070833206177
BenchmarkTest02139.java,0,CWE-330,CWE-330,1,0,1,0,0,0,1,0,0,0,1217,0.00030425,256,0.000512,13,2.6e-05,0.0008422499999999999,2.8602564334869385
BenchmarkTest02140.java,0,CWE-330,CWE-330,1,0,1,0,0,0,1,0,0,0,1225,0.00030625,192,0.000384,13,2.6e-05,0.00071625,2.3188769817352295
BenchmarkTest02141.java,0,CWE-330,CWE-330,1,0,1,0,0,0,1,0,0,0,1187,0.00029675,128,0.000256,13,2.6e-05,0.00057875,2.164693593978882
BenchmarkTest02142.java,0,CWE-614,CWE-614,1,0,1,0,0,0,1,0,0,0,1045,0.00026125,384,0.000768,13,2.6e-05,0.00105525,4.291480779647827
BenchmarkTest02143.java,0,CWE-614,,,,0,0,1,0,0,0,1,0,,,,,,,,
BenchmarkTest02144.java,0,CWE-614,,,,0,0,1,0,0,0,1,0,,,,,,,,
BenchmarkTest02145.java,0,CWE-79,CWE-79,1,0,1,0,0,0,1,0,0,0,1457,0.00036425,1088,0.002176,13,2.6e-05,0.00256625,7.606409549713135
BenchmarkTest02146.java,0,CWE-78,CWE-78,1,0,1,0,0,0,1,0,0,0,963,0.00024075,384,0.000768,13,2.6e-05,0.00103475,3.9046671390533447
BenchmarkTest02147.java,0,CWE-78,CWE-78,1,0,1,0,0,0,1,0,0,0,903,0.00022575,576,0.001152,13,2.6e-05,0.00140375,5.392231225967407
BenchmarkTest02148.java,0,CWE-78,CWE-78,1,1,0,1,0,0,0,0,1,0,1238,0.0003095,320,0.00064,12,2.4e-05,0.0009735000000000001,3.6117844581604004
BenchmarkTest02149.java,0,CWE-78,CWE-78,1,1,0,1,0,0,0,0,1,0,1040,0.00026,576,0.001152,12,2.4e-05,0.001436,4.497863531112671
BenchmarkTest02150.java,0,CWE-78,CWE-78,1,0,1,0,0,0,1,0,0,0,1101,0.00027525,512,0.001024,13,2.6e-05,0.00132525,4.132177352905273
BenchmarkTest02151.java,0,CWE-78,CWE-78,1,0,1,0,0,0,1,0,0,0,1078,0.0002695,704,0.001408,13,2.6e-05,0.0017035,7.458651304244995
BenchmarkTest02152.java,0,CWE-78,CWE-78,1,0,1,0,0,0,1,0,0,0,1060,0.000265,768,0.001536,13,2.6e-05,0.001827,7.860501766204834
BenchmarkTest02153.java,0,CWE-78,CWE-78,1,1,0,1,0,0,0,0,1,0,1088,0.000272,256,0.000512,12,2.4e-05,0.000808,3.0444130897521973
BenchmarkTest02154.java,0,CWE-78,CWE-78,1,0,1,0,0,0,1,0,0,0,955,0.00023875,512,0.001024,13,2.6e-05,0.00128875,4.147272109985352
BenchmarkTest02155.java,0,CWE-78,CWE-78,1,0,1,0,0,0,1,0,0,0,909,0.00022725,640,0.00128,13,2.6e-05,0.00153325,5.690364122390747
BenchmarkTest02156.java,0,CWE-78,CWE-78,1,1,0,1,0,0,0,0,1,0,881,0.00022025,256,0.000512,12,2.4e-05,0.00075625,2.3401010036468506
BenchmarkTest02157.java,0,CWE-330,,,,0,0,1,0,0,0,1,0,,,,,,,,
BenchmarkTest02158.java,0,CWE-330,,,,0,0,1,0,0,0,1,0,,,,,,,,
BenchmarkTest02159.java,0,CWE-330,,,,0,0,1,0,0,0,1,0,,,,,,,,
BenchmarkTest02160.java,0,CWE-330,CWE-330,1,1,0,1,0,0,0,0,1,0,1380,0.000345,384,0.000768,12,2.4e-05,0.001137,3.924825668334961
BenchmarkTest02161.java,0,CWE-330,,,,0,0,1,0,0,0,1,0,,,,,,,,
BenchmarkTest02162.java,0,CWE-330,,,,0,0,1,0,0,0,1,0,,,,,,,,
BenchmarkTest02163.java,0,CWE-330,,,,0,0,1,0,0,0,1,0,,,,,,,,
BenchmarkTest02164.java,0,CWE-330,,,,0,0,1,0,0,0,1,0,,,,,,,,
BenchmarkTest02169.java,0,CWE-89,CWE-89,1,0,1,0,0,0,1,0,0,0,898,0.0002245,256,0.000512,13,2.6e-05,0.0007624999999999999,2.6320419311523438
BenchmarkTest02170.java,0,CWE-89,CWE-89,1,0,1,0,0,0,1,0,0,0,927,0.00023175,320,0.00064,13,2.6e-05,0.00089775,2.8134348392486572
BenchmarkTest02171.java,0,CWE-89,CWE-89,1,0,1,0,0,0,1,0,0,0,922,0.0002305,256,0.000512,13,2.6e-05,0.0007685,2.948183059692383
BenchmarkTest02172.java,0,CWE-89,CWE-89,1,1,0,1,0,0,0,0,1,0,907,0.00022675,256,0.000512,12,2.4e-05,0.0007627500000000001,2.617814540863037
BenchmarkTest02173.java,0,CWE-89,CWE-89,1,1,0,1,0,0,0,0,1,0,966,0.0002415,320,0.00064,12,2.4e-05,0.0009055000000000001,3.505765438079834
BenchmarkTest02174.java,0,CWE-89,CWE-89,1,1,0,1,0,0,0,0,1,0,906,0.0002265,256,0.000512,12,2.4e-05,0.0007625,2.6863491535186768
BenchmarkTest02175.java,0,CWE-89,,,,0,0,1,0,0,0,1,0,,,,,,,,
BenchmarkTest02176.java,0,CWE-89,,,,0,0,1,0,0,0,1,0,,,,,,,,
BenchmarkTest02177.java,0,CWE-89,CWE-89,1,0,1,0,0,0,1,0,0,0,1114,0.0002785,128,0.000256,13,2.6e-05,0.0005605,2.4852912425994873
BenchmarkTest02178.java,0,CWE-89,,,,0,0,0,1,0,0,0,1,,,,,,,,
BenchmarkTest02179.java,0,CWE-89,,,,0,0,0,1,0,0,0,1,,,,,,,,
BenchmarkTest02180.java,0,CWE-89,,,,0,0,1,0,0,0,1,0,,,,,,,,
BenchmarkTest02181.java,0,CWE-89,,,,0,0,0,1,0,0,0,1,,,,,,,,
BenchmarkTest02182.java,0,CWE-89,,,,0,0,0,1,0,0,0,1,,,,,,,,
BenchmarkTest02183.java,0,CWE-89,,,,0,0,1,0,0,0,1,0,,,,,,,,
BenchmarkTest02184.java,0,CWE-89,,,,0,0,1,0,0,0,1,0,,,,,,,,
BenchmarkTest02185.java,0,CWE-89,CWE-89,1,1,0,1,0,0,0,0,1,0,912,0.000228,320,0.00064,12,2.4e-05,0.0008920000000000001,3.89113187789917
BenchmarkTest02186.java,0,CWE-89,CWE-89,1,0,1,0,0,0,1,0,0,0,860,0.000215,192,0.000384,13,2.6e-05,0.000625,2.0905027389526367
BenchmarkTest02187.java,0,CWE-89,CWE-89,1,0,1,0,0,0,1,0,0,0,929,0.00023225,256,0.000512,13,2.6e-05,0.00077025,2.993623733520508
BenchmarkTest02188.java,0,CWE-89,CWE-89,1,1,0,1,0,0,0,0,1,0,1081,0.00027025,320,0.00064,12,2.4e-05,0.0009342500000000001,3.049438953399658
BenchmarkTest02189.java,0,CWE-643,CWE-643,1,0,1,0,0,0,1,0,0,0,993,0.00024825,192,0.000384,13,2.6e-05,0.00065825,2.851828098297119
BenchmarkTest02190.java,0,CWE-327,,,,0,0,1,0,0,0,1,0,,,,,,,,
BenchmarkTest02191.java,0,CWE-327,,,,0,0,1,0,0,0,1,0,,,,,,,,
BenchmarkTest02192.java,0,CWE-327,CWE-327,1,0,1,0,0,0,1,0,0,0,1664,0.000416,128,0.000256,13,2.6e-05,0.0006979999999999999,3.549654960632324
BenchmarkTest02193.java,0,CWE-327,CWE-327,1,0,1,0,0,0,1,0,0,0,1686,0.0004215,128,0.000256,13,2.6e-05,0.0007034999999999999,3.508133888244629
BenchmarkTest02194.java,0,CWE-327,CWE-327,1,0,1,0,0,0,1,0,0,0,1254,0.0003135,256,0.000512,13,2.6e-05,0.0008514999999999999,4.405599355697632
BenchmarkTest02195.java,0,CWE-327,CWE-327,1,0,1,0,0,0,1,0,0,0,1278,0.0003195,192,0.000384,13,2.6e-05,0.0007295,4.389833688735962
BenchmarkTest02196.java,0,CWE-90,CWE-90,1,0,1,0,0,0,1,0,0,0,1231,0.00030775,192,0.000384,13,2.6e-05,0.0007177500000000001,3.310459852218628
BenchmarkTest02197.java,0,CWE-22,CWE-23,0,0,1,0,0,0,1,0,0,0,1273,0.00031825,384,0.000768,13,2.6e-05,0.00111225,4.47990870475769
BenchmarkTest02198.java,0,CWE-22,CWE-23,0,0,1,0,0,0,1,0,0,0,1274,0.0003185,448,0.000896,13,2.6e-05,0.0012404999999999998,4.492585897445679
BenchmarkTest02199.java,0,CWE-22,CWE-23,0,0,1,0,0,0,1,0,0,0,1171,0.00029275,256,0.000512,13,2.6e-05,0.0008307499999999999,2.8682961463928223
BenchmarkTest02200.java,0,CWE-22,CWE-23,0,1,0,1,0,0,0,0,1,0,1202,0.0003005,192,0.000384,12,2.4e-05,0.0007085,2.0365800857543945
BenchmarkTest02201.java,0,CWE-22,CWE-23,0,1,0,1,0,0,0,0,1,0,1409,0.00035225,256,0.000512,12,2.4e-05,0.00088825,3.676825761795044
BenchmarkTest02202.java,0,CWE-22,CWE-23,0,1,0,1,0,0,0,0,1,0,1255,0.00031375,256,0.000512,12,2.4e-05,0.00084975,2.5443265438079834
BenchmarkTest02203.java,0,CWE-22,CWE-23,0,1,0,1,0,0,0,0,1,0,1452,0.000363,256,0.000512,12,2.4e-05,0.000899,3.3941056728363037
BenchmarkTest02204.java,0,CWE-22,CWE-23,0,1,0,1,0,0,0,0,1,0,1249,0.00031225,384,0.000768,12,2.4e-05,0.00110425,3.07852840423584
BenchmarkTest02205.java,0,CWE-22,CWE-23,0,0,1,0,0,0,1,0,0,0,1247,0.00031175,192,0.000384,13,2.6e-05,0.00072175,2.1426806449890137
BenchmarkTest02206.java,0,CWE-22,CWE-23,0,1,0,1,0,0,0,0,1,0,1373,0.00034325,192,0.000384,12,2.4e-05,0.0007512500000000001,2.643514394760132
BenchmarkTest02207.java,0,CWE-22,CWE-23,0,1,0,1,0,0,0,0,1,0,1425,0.00035625,256,0.000512,12,2.4e-05,0.00089225,3.4086294174194336
BenchmarkTest02208.java,0,CWE-90,CWE-90,1,0,1,0,0,0,1,0,0,0,1301,0.00032525,256,0.000512,13,2.6e-05,0.00086325,2.445042610168457
BenchmarkTest02209.java,0,CWE-330,CWE-330,1,0,1,0,0,0,1,0,0,0,1321,0.00033025,192,0.000384,13,2.6e-05,0.00074025,2.6822712421417236
BenchmarkTest02210.java,0,CWE-328,,,,0,0,1,0,0,0,1,0,,,,,,,,
BenchmarkTest02211.java,0,CWE-328,CWE-916,0,0,1,0,0,0,1,0,0,0,1246,0.0003115,192,0.000384,13,2.6e-05,0.0007214999999999999,2.55330753326416
BenchmarkTest02212.java,0,CWE-328,CWE-916,0,0,1,0,0,0,1,0,0,0,1264,0.000316,256,0.000512,13,2.6e-05,0.0008539999999999999,3.096435070037842
BenchmarkTest02213.java,0,CWE-328,CWE-916,0,0,1,0,0,0,1,0,0,0,1260,0.000315,192,0.000384,13,2.6e-05,0.000725,2.5241074562072754
BenchmarkTest02214.java,0,CWE-328,,,,0,0,1,0,0,0,1,0,,,,,,,,
BenchmarkTest02215.java,0,CWE-328,,,,0,0,1,0,0,0,1,0,,,,,,,,
BenchmarkTest02216.java,0,CWE-328,,,,0,0,1,0,0,0,1,0,,,,,,,,
BenchmarkTest02217.java,0,CWE-328,CWE-916,0,0,1,0,0,0,1,0,0,0,1196,0.000299,384,0.000768,13,2.6e-05,0.001093,4.02043342590332
BenchmarkTest02218.java,0,CWE-328,,,,0,0,1,0,0,0,1,0,,,,,,,,
BenchmarkTest02219.java,0,CWE-328,,,,0,0,0,1,0,0,0,1,,,,,,,,
BenchmarkTest02220.java,0,CWE-328,,,,0,0,1,0,0,0,1,0,,,,,,,,
BenchmarkTest02221.java,0,CWE-79,CWE-79,1,0,1,0,0,0,1,0,0,0,1389,0.00034725,960,0.00192,14,2.8e-05,0.00229525,9.549283027648926
BenchmarkTest02222.java,0,CWE-79,CWE-79,1,1,0,1,0,0,0,0,1,0,1367,0.00034175,448,0.000896,12,2.4e-05,0.0012617499999999999,4.861904621124268
BenchmarkTest02223.java,0,CWE-79,CWE-79,1,0,1,0,0,0,1,0,0,0,1309,0.00032725,320,0.00064,13,2.6e-05,0.00099325,3.823805093765259
BenchmarkTest02224.java,0,CWE-79,CWE-79,1,0,1,0,0,0,1,0,0,0,1320,0.00033,256,0.000512,13,2.6e-05,0.000868,3.211810827255249
BenchmarkTest02225.java,0,CWE-79,CWE-79,1,0,1,0,0,0,1,0,0,0,1362,0.0003405,320,0.00064,13,2.6e-05,0.0010065,7.015218257904053
BenchmarkTest02226.java,0,CWE-79,CWE-79,1,1,0,1,0,0,0,0,1,0,1298,0.0003245,192,0.000384,12,2.4e-05,0.0007325,5.219945430755615
BenchmarkTest02227.java,0,CWE-79,CWE-79,1,0,1,0,0,0,1,0,0,0,1291,0.00032275,192,0.000384,13,2.6e-05,0.00073275,3.657106637954712
BenchmarkTest02228.java,0,CWE-79,CWE-79,1,0,1,0,0,0,1,0,0,0,1288,0.000322,320,0.00064,13,2.6e-05,0.0009880000000000002,5.008193731307983
BenchmarkTest02229.java,0,CWE-79,CWE-79,1,1,0,1,0,0,0,0,1,0,1391,0.00034775,320,0.00064,12,2.4e-05,0.00101175,3.7056801319122314
BenchmarkTest02230.java,0,CWE-79,CWE-79,1,0,1,0,0,0,1,0,0,0,1350,0.0003375,384,0.000768,13,2.6e-05,0.0011315000000000001,4.2385783195495605
BenchmarkTest02231.java,0,CWE-79,CWE-79,1,1,0,1,0,0,0,0,1,0,1521,0.00038025,384,0.000768,12,2.4e-05,0.00117225,3.287832498550415
BenchmarkTest02232.java,0,CWE-79,CWE-79,1,0,1,0,0,0,1,0,0,0,1277,0.00031925,320,0.00064,13,2.6e-05,0.00098525,2.5580546855926514
BenchmarkTest02233.java,0,CWE-79,CWE-79,1,1,0,1,0,0,0,0,1,0,1349,0.00033725,448,0.000896,12,2.4e-05,0.00125725,4.2300474643707275
BenchmarkTest02234.java,0,CWE-79,CWE-79,1,0,1,0,0,0,1,0,0,0,1300,0.000325,384,0.000768,13,2.6e-05,0.001119,4.034065246582031
BenchmarkTest02235.java,0,CWE-79,CWE-79,1,1,0,1,0,0,0,0,1,0,1302,0.0003255,320,0.00064,12,2.4e-05,0.0009895,3.7813830375671387
BenchmarkTest02236.java,0,CWE-79,CWE-79,1,1,0,1,0,0,0,0,1,0,1304,0.000326,256,0.000512,12,2.4e-05,0.000862,2.372861623764038
BenchmarkTest02237.java,0,CWE-79,CWE-79,1,1,0,1,0,0,0,0,1,0,1276,0.000319,320,0.00064,12,2.4e-05,0.000983,3.317481279373169
BenchmarkTest02238.java,0,CWE-79,CWE-79,1,1,0,1,0,0,0,0,1,0,1498,0.0003745,320,0.00064,12,2.4e-05,0.0010385,3.903538227081299
BenchmarkTest02239.java,0,CWE-79,CWE-79,1,1,0,1,0,0,0,0,1,0,1334,0.0003335,704,0.001408,12,2.4e-05,0.0017655,6.093993186950684
BenchmarkTest02240.java,0,CWE-79,CWE-79,1,1,0,1,0,0,0,0,1,0,1349,0.00033725,192,0.000384,12,2.4e-05,0.00074525,3.00132155418396
BenchmarkTest02241.java,0,CWE-79,CWE-79,1,0,1,0,0,0,1,0,0,0,1356,0.000339,320,0.00064,13,2.6e-05,0.001005,3.514267921447754
BenchmarkTest02242.java,0,CWE-78,CWE-78,1,1,0,1,0,0,0,0,1,0,1202,0.0003005,192,0.000384,12,2.4e-05,0.0007085,2.4943087100982666
BenchmarkTest02243.java,0,CWE-78,CWE-78,1,0,1,0,0,0,1,0,0,0,1049,0.00026225,320,0.00064,13,2.6e-05,0.00092825,3.895339012145996
BenchmarkTest02244.java,0,CWE-78,CWE-78,1,0,1,0,0,0,1,0,0,0,991,0.00024775,256,0.000512,13,2.6e-05,0.00078575,4.284426212310791
BenchmarkTest02245.java,0,CWE-330,CWE-330,1,0,1,0,0,0,1,0,0,0,1265,0.00031625,960,0.00192,13,2.6e-05,0.00226225,7.745278835296631
BenchmarkTest02246.java,0,CWE-330,CWE-330,1,0,1,0,0,0,1,0,0,0,1308,0.000327,192,0.000384,13,2.6e-05,0.000737,2.370469570159912
BenchmarkTest02247.java,0,CWE-614,,,,0,0,1,0,0,0,1,0,,,,,,,,
BenchmarkTest02248.java,0,CWE-614,,,,0,0,1,0,0,0,1,0,,,,,,,,
BenchmarkTest02249.java,0,CWE-78,CWE-78,1,0,1,0,0,0,1,0,0,0,996,0.000249,640,0.00128,13,2.6e-05,0.001555,5.164783716201782
BenchmarkTest02250.java,0,CWE-78,CWE-78,1,0,1,0,0,0,1,0,0,0,1018,0.0002545,448,0.000896,13,2.6e-05,0.0011765,7.160806179046631
BenchmarkTest02251.java,0,CWE-78,CWE-78,1,0,1,0,0,0,1,0,0,0,1069,0.00026725,1216,0.002432,13,2.6e-05,0.0027252500000000002,14.774380445480347
BenchmarkTest02252.java,0,CWE-78,CWE-78,1,1,0,1,0,0,0,0,1,0,1083,0.00027075,384,0.000768,12,2.4e-05,0.00106275,4.3219499588012695
BenchmarkTest02253.java,0,CWE-78,CWE-78,1,1,0,1,0,0,0,0,1,0,1133,0.00028325,448,0.000896,12,2.4e-05,0.00120325,4.064993619918823
BenchmarkTest02254.java,0,CWE-330,,,,0,0,1,0,0,0,1,0,,,,,,,,
BenchmarkTest02255.java,0,CWE-330,,,,0,0,1,0,0,0,1,0,,,,,,,,
BenchmarkTest02256.java,0,CWE-330,,,,0,0,1,0,0,0,1,0,,,,,,,,
BenchmarkTest02257.java,0,CWE-330,,,,0,0,1,0,0,0,1,0,,,,,,,,
BenchmarkTest02258.java,0,CWE-330,CWE-330,1,1,0,1,0,0,0,0,1,0,1339,0.00033475,384,0.000768,12,2.4e-05,0.00112675,3.9781723022460938
BenchmarkTest02259.java,0,CWE-330,,,,0,0,1,0,0,0,1,0,,,,,,,,
BenchmarkTest02260.java,0,CWE-330,,,,0,0,1,0,0,0,1,0,,,,,,,,
BenchmarkTest02264.java,0,CWE-89,CWE-89,1,0,1,0,0,0,1,0,0,0,939,0.00023475,256,0.000512,13,2.6e-05,0.00077275,2.818208932876587
BenchmarkTest02265.java,0,CWE-89,CWE-89,1,1,0,1,0,0,0,0,1,0,965,0.00024125,320,0.00064,12,2.4e-05,0.0009052500000000001,2.739302635192871
BenchmarkTest02266.java,0,CWE-89,CWE-89,1,1,0,1,0,0,0,0,1,0,997,0.00024925,256,0.000512,12,2.4e-05,0.00078525,3.101656913757324
BenchmarkTest02267.java,0,CWE-89,CWE-89,1,1,0,1,0,0,0,0,1,0,954,0.0002385,384,0.000768,12,2.4e-05,0.0010305,3.4097397327423096
BenchmarkTest02268.java,0,CWE-89,CWE-89,1,1,0,1,0,0,0,0,1,0,1023,0.00025575,256,0.000512,12,2.4e-05,0.00079175,3.3628313541412354
BenchmarkTest02269.java,0,CWE-89,CWE-89,1,0,1,0,0,0,1,0,0,0,956,0.000239,256,0.000512,13,2.6e-05,0.0007769999999999999,2.556061267852783
BenchmarkTest02270.java,0,CWE-89,CWE-89,1,0,1,0,0,0,1,0,0,0,1040,0.00026,192,0.000384,13,2.6e-05,0.00067,2.572218656539917
BenchmarkTest02271.java,0,CWE-89,CWE-89,1,1,0,1,0,0,0,0,1,0,928,0.000232,192,0.000384,12,2.4e-05,0.00064,2.104504346847534
BenchmarkTest02272.java,0,CWE-89,CWE-89,1,0,1,0,0,0,1,0,0,0,941,0.00023525,256,0.000512,13,2.6e-05,0.00077325,2.502622604370117
BenchmarkTest02273.java,0,CWE-89,CWE-89,1,0,1,0,0,0,1,0,0,0,1000,0.00025,256,0.000512,13,2.6e-05,0.000788,4.343610048294067
BenchmarkTest02274.java,0,CWE-89,CWE-89,1,1,0,1,0,0,0,0,1,0,1143,0.00028575,192,0.000384,12,2.4e-05,0.00069375,2.9070491790771484
BenchmarkTest02275.java,0,CWE-89,,,,0,0,0,1,0,0,0,1,,,,,,,,
BenchmarkTest02276.java,0,CWE-89,,,,0,0,1,0,0,0,1,0,,,,,,,,
BenchmarkTest02277.java,0,CWE-89,,,,0,0,0,1,0,0,0,1,,,,,,,,
BenchmarkTest02278.java,0,CWE-89,,,,0,0,1,0,0,0,1,0,,,,,,,,
BenchmarkTest02279.java,0,CWE-89,,,,0,0,1,0,0,0,1,0,,,,,,,,
BenchmarkTest02280.java,0,CWE-89,,,,0,0,1,0,0,0,1,0,,,,,,,,
BenchmarkTest02281.java,0,CWE-89,,,,0,0,0,1,0,0,0,1,,,,,,,,
BenchmarkTest02282.java,0,CWE-89,CWE-89,1,1,0,1,0,0,0,0,1,0,944,0.000236,256,0.000512,12,2.4e-05,0.000772,2.5583417415618896
BenchmarkTest02283.java,0,CWE-89,CWE-89,1,1,0,1,0,0,0,0,1,0,943,0.00023575,384,0.000768,12,2.4e-05,0.00102775,3.3062691688537598
BenchmarkTest02284.java,0,CWE-89,CWE-89,1,0,1,0,0,0,1,0,0,0,905,0.00022625,192,0.000384,13,2.6e-05,0.00063625,2.7700443267822266
BenchmarkTest02285.java,0,CWE-89,CWE-89,1,1,0,1,0,0,0,0,1,0,908,0.000227,320,0.00064,12,2.4e-05,0.0008910000000000001,3.5976545810699463
BenchmarkTest02286.java,0,CWE-89,CWE-89,1,0,1,0,0,0,1,0,0,0,916,0.000229,256,0.000512,13,2.6e-05,0.000767,2.9357409477233887
BenchmarkTest02287.java,0,CWE-89,CWE-89,1,0,1,0,0,0,1,0,0,0,909,0.00022725,192,0.000384,13,2.6e-05,0.00063725,3.1411056518554688
BenchmarkTest02288.java,0,CWE-89,CWE-89,1,0,1,0,0,0,1,0,0,0,913,0.00022825,256,0.000512,13,2.6e-05,0.00076625,3.3086957931518555
BenchmarkTest02289.java,0,CWE-327,,,,0,0,1,0,0,0,1,0,,,,,,,,
BenchmarkTest02290.java,0,CWE-327,CWE-327,1,0,1,0,0,0,1,0,0,0,1713,0.00042825,128,0.000256,13,2.6e-05,0.0007102499999999999,3.9957730770111084
BenchmarkTest02291.java,0,CWE-327,CWE-327,1,0,1,0,0,0,1,0,0,0,1905,0.00047625,192,0.000384,13,2.6e-05,0.00088625,3.212001085281372
BenchmarkTest02292.java,0,CWE-327,CWE-327,1,0,1,0,0,0,1,0,0,0,1677,0.00041925,192,0.000384,13,2.6e-05,0.00082925,4.103087425231934
BenchmarkTest02293.java,0,CWE-327,CWE-327,1,0,1,0,0,0,1,0,0,0,1532,0.000383,128,0.000256,13,2.6e-05,0.000665,2.5256223678588867
BenchmarkTest02294.java,0,CWE-327,CWE-327,1,0,1,0,0,0,1,0,0,0,1341,0.00033525,256,0.000512,13,2.6e-05,0.0008732499999999999,3.4597461223602295
BenchmarkTest02295.java,0,CWE-327,CWE-327,1,0,1,0,0,0,1,0,0,0,1347,0.00033675,128,0.000256,13,2.6e-05,0.0006187499999999999,1.738959550857544
BenchmarkTest02296.java,0,CWE-327,,,,0,0,1,0,0,0,1,0,,,,,,,,
BenchmarkTest02297.java,0,CWE-327,,,,0,0,1,0,0,0,1,0,,,,,,,,
BenchmarkTest02298.java,0,CWE-327,,,,0,0,1,0,0,0,1,0,,,,,,,,
BenchmarkTest02299.java,0,CWE-90,CWE-90,1,0,1,0,0,0,1,0,0,0,1251,0.00031275,256,0.000512,13,2.6e-05,0.0008507499999999999,3.291574478149414
BenchmarkTest02300.java,0,CWE-22,CWE-23,0,1,0,1,0,0,0,0,1,0,1502,0.0003755,448,0.000896,12,2.4e-05,0.0012955,5.243319749832153
BenchmarkTest02301.java,0,CWE-22,CWE-23,0,1,0,1,0,0,0,0,1,0,1308,0.000327,384,0.000768,12,2.4e-05,0.001119,3.853116512298584
BenchmarkTest02302.java,0,CWE-22,CWE-23,0,1,1,0,0,0,0,0,0,1,1269,0.00031725,640,0.00128,12,2.4e-05,0.00162125,5.334682464599609
BenchmarkTest02303.java,0,CWE-22,CWE-23,0,0,1,0,0,0,1,0,0,0,1483,0.00037075,448,0.000896,14,2.8e-05,0.0012947500000000001,4.102090358734131
BenchmarkTest02304.java,0,CWE-22,CWE-23,0,0,1,0,0,0,1,0,0,0,1398,0.0003495,640,0.00128,13,2.6e-05,0.0016555,6.866253614425659
BenchmarkTest02305.java,0,CWE-90,CWE-90,1,0,1,0,0,0,1,0,0,0,1317,0.00032925,512,0.001024,13,2.6e-05,0.0013792499999999998,3.717475414276123
BenchmarkTest02306.java,0,CWE-90,CWE-90,1,0,1,0,0,0,1,0,0,0,1259,0.00031475,384,0.000768,13,2.6e-05,0.00110875,3.931138753890991
BenchmarkTest02307.java,0,CWE-328,CWE-916,0,0,1,0,0,0,1,0,0,0,1442,0.0003605,256,0.000512,13,2.6e-05,0.0008985,2.6395819187164307
BenchmarkTest02308.java,0,CWE-328,CWE-916,0,0,1,0,0,0,1,0,0,0,1301,0.00032525,256,0.000512,13,2.6e-05,0.00086325,2.64884090423584
BenchmarkTest02309.java,0,CWE-328,,,,0,0,1,0,0,0,1,0,,,,,,,,
BenchmarkTest02310.java,0,CWE-328,,,,0,0,1,0,0,0,1,0,,,,,,,,
BenchmarkTest02311.java,0,CWE-328,CWE-916,0,0,1,0,0,0,1,0,0,0,1264,0.000316,192,0.000384,13,2.6e-05,0.000726,2.4337635040283203
BenchmarkTest02312.java,0,CWE-328,,,,0,0,1,0,0,0,1,0,,,,,,,,
BenchmarkTest02313.java,0,CWE-79,CWE-79,1,1,0,1,0,0,0,0,1,0,1633,0.00040825,896,0.001792,12,2.4e-05,0.00222425,7.823749303817749
BenchmarkTest02314.java,0,CWE-79,CWE-79,1,0,1,0,0,0,1,0,0,0,1379,0.00034475,576,0.001152,13,2.6e-05,0.00152275,5.652257442474365
BenchmarkTest02315.java,0,CWE-79,CWE-79,1,0,1,0,0,0,1,0,0,0,1354,0.0003385,512,0.001024,13,2.6e-05,0.0013885,4.38319730758667
BenchmarkTest02316.java,0,CWE-79,CWE-79,1,0,1,0,0,0,1,0,0,0,1370,0.0003425,448,0.000896,13,2.6e-05,0.0012645,4.819800138473511
BenchmarkTest02317.java,0,CWE-79,CWE-79,1,0,1,0,0,0,1,0,0,0,1378,0.0003445,512,0.001024,14,2.8e-05,0.0013965,4.6026201248168945
BenchmarkTest02318.java,0,CWE-79,CWE-79,1,1,0,1,0,0,0,0,1,0,1343,0.00033575,896,0.001792,12,2.4e-05,0.00215175,6.25482439994812
BenchmarkTest02319.java,0,CWE-79,CWE-79,1,1,0,1,0,0,0,0,1,0,1366,0.0003415,256,0.000512,12,2.4e-05,0.0008775,2.941105604171753
BenchmarkTest02320.java,0,CWE-79,CWE-79,1,1,0,1,0,0,0,0,1,0,1372,0.000343,384,0.000768,12,2.4e-05,0.001135,4.087557077407837
BenchmarkTest02321.java,0,CWE-79,CWE-79,1,0,1,0,0,0,1,0,0,0,1574,0.0003935,1088,0.002176,13,2.6e-05,0.0025955,9.242524862289429
BenchmarkTest02322.java,0,CWE-79,CWE-79,1,0,1,0,0,0,1,0,0,0,1384,0.000346,576,0.001152,13,2.6e-05,0.001524,5.513987302780151
BenchmarkTest02323.java,0,CWE-79,CWE-79,1,0,1,0,0,0,1,0,0,0,1380,0.000345,576,0.001152,13,2.6e-05,0.001523,5.079473972320557
BenchmarkTest02324.java,0,CWE-79,CWE-79,1,0,1,0,0,0,1,0,0,0,1410,0.0003525,512,0.001024,13,2.6e-05,0.0014024999999999999,4.095655202865601
BenchmarkTest02325.java,0,CWE-79,CWE-79,1,1,0,1,0,0,0,0,1,0,1362,0.0003405,384,0.000768,12,2.4e-05,0.0011325,3.4145233631134033
BenchmarkTest02326.java,0,CWE-79,CWE-79,1,0,1,0,0,0,1,0,0,0,1380,0.000345,320,0.00064,13,2.6e-05,0.001011,3.8171753883361816
BenchmarkTest02327.java,0,CWE-79,CWE-79,1,0,1,0,0,0,1,0,0,0,1430,0.0003575,384,0.000768,13,2.6e-05,0.0011515,4.191051721572876
BenchmarkTest02328.java,0,CWE-79,CWE-79,1,0,1,0,0,0,1,0,0,0,1362,0.0003405,320,0.00064,13,2.6e-05,0.0010065,3.5695643424987793
BenchmarkTest02329.java,0,CWE-79,CWE-79,1,1,0,1,0,0,0,0,1,0,1402,0.0003505,384,0.000768,12,2.4e-05,0.0011425,4.096014738082886
BenchmarkTest02330.java,0,CWE-79,CWE-79,1,1,0,1,0,0,0,0,1,0,1394,0.0003485,256,0.000512,12,2.4e-05,0.0008845,2.6305460929870605
BenchmarkTest02331.java,0,CWE-79,CWE-79,1,1,0,1,0,0,0,0,1,0,1346,0.0003365,384,0.000768,12,2.4e-05,0.0011285,3.6399128437042236
BenchmarkTest02332.java,0,CWE-79,CWE-79,1,0,1,0,0,0,1,0,0,0,1363,0.00034075,448,0.000896,13,2.6e-05,0.00126275,5.375730514526367
BenchmarkTest02333.java,0,CWE-78,CWE-78,1,0,1,0,0,0,1,0,0,0,1058,0.0002645,576,0.001152,13,2.6e-05,0.0014425,5.720442056655884
BenchmarkTest02334.java,0,CWE-78,CWE-78,1,0,1,0,0,0,1,0,0,0,1124,0.000281,640,0.00128,13,2.6e-05,0.001587,5.118827819824219
BenchmarkTest02335.java,0,CWE-78,CWE-78,1,1,0,1,0,0,0,0,1,0,1102,0.0002755,448,0.000896,12,2.4e-05,0.0011955,5.154963254928589
BenchmarkTest02336.java,0,CWE-78,CWE-78,1,1,0,1,0,0,0,0,1,0,1269,0.00031725,576,0.001152,12,2.4e-05,0.00149325,4.345606565475464
BenchmarkTest02337.java,0,CWE-330,CWE-330,1,0,1,0,0,0,1,0,0,0,1380,0.000345,192,0.000384,13,2.6e-05,0.000755,2.8715999126434326
BenchmarkTest02338.java,0,CWE-330,CWE-330,1,0,1,0,0,0,1,0,0,0,1318,0.0003295,256,0.000512,13,2.6e-05,0.0008675,3.769244909286499
BenchmarkTest02339.java,0,CWE-614,CWE-614,1,0,1,0,0,0,1,0,0,0,1136,0.000284,512,0.001024,13,2.6e-05,0.001334,3.947435140609741
BenchmarkTest02340.java,0,CWE-78,CWE-78,1,1,0,1,0,0,0,0,1,0,1189,0.00029725,640,0.00128,12,2.4e-05,0.00160125,5.288049697875977
BenchmarkTest02341.java,0,CWE-78,CWE-78,1,1,0,1,0,0,0,0,1,0,1042,0.0002605,384,0.000768,12,2.4e-05,0.0010524999999999998,5.1161723136901855
BenchmarkTest02342.java,0,CWE-78,CWE-78,1,0,1,0,0,0,1,0,0,0,1015,0.00025375,1088,0.002176,13,2.6e-05,0.00245575,9.360458612442017
BenchmarkTest02343.java,0,CWE-78,CWE-78,1,0,1,0,0,0,1,0,0,0,1052,0.000263,576,0.001152,13,2.6e-05,0.001441,5.511859893798828
BenchmarkTest02344.java,0,CWE-78,CWE-78,1,0,1,0,0,0,1,0,0,0,975,0.00024375,1280,0.00256,13,2.6e-05,0.0028297500000000002,10.789985179901123
BenchmarkTest02345.java,0,CWE-330,,,,0,0,1,0,0,0,1,0,,,,,,,,
BenchmarkTest02346.java,0,CWE-330,,,,0,0,1,0,0,0,1,0,,,,,,,,
BenchmarkTest02347.java,0,CWE-330,,,,0,0,1,0,0,0,1,0,,,,,,,,
BenchmarkTest02348.java,0,CWE-330,,,,0,0,1,0,0,0,1,0,,,,,,,,
BenchmarkTest02349.java,0,CWE-330,,,,0,0,1,0,0,0,1,0,,,,,,,,
BenchmarkTest02350.java,0,CWE-330,,,,0,0,1,0,0,0,1,0,,,,,,,,
BenchmarkTest02351.java,0,CWE-330,,,,0,0,1,0,0,0,1,0,,,,,,,,
BenchmarkTest02353.java,0,CWE-89,CWE-89,1,1,0,1,0,0,0,0,1,0,999,0.00024975,256,0.000512,12,2.4e-05,0.0007857500000000001,2.9563205242156982
BenchmarkTest02354.java,0,CWE-89,CWE-89,1,0,1,0,0,0,1,0,0,0,996,0.000249,448,0.000896,13,2.6e-05,0.001171,4.363528251647949
BenchmarkTest02355.java,0,CWE-89,CWE-89,1,0,1,0,0,0,1,0,0,0,1029,0.00025725,576,0.001152,13,2.6e-05,0.00143525,4.161205768585205
BenchmarkTest02356.java,0,CWE-89,,,,0,0,0,1,0,0,0,1,,,,,,,,
BenchmarkTest02357.java,0,CWE-89,CWE-89,1,0,1,0,0,0,1,0,0,0,1185,0.00029625,448,0.000896,13,2.6e-05,0.00121825,3.421480894088745
BenchmarkTest02358.java,0,CWE-89,,,,0,0,0,1,0,0,0,1,,,,,,,,
BenchmarkTest02359.java,0,CWE-89,,,,0,0,0,1,0,0,0,1,,,,,,,,
BenchmarkTest02360.java,0,CWE-89,,,,0,0,0,1,0,0,0,1,,,,,,,,
BenchmarkTest02361.java,0,CWE-89,,,,0,0,1,0,0,0,1,0,,,,,,,,
BenchmarkTest02362.java,0,CWE-89,,,,0,0,0,1,0,0,0,1,,,,,,,,
BenchmarkTest02363.java,0,CWE-89,CWE-89,1,1,0,1,0,0,0,0,1,0,1209,0.00030225,384,0.000768,12,2.4e-05,0.00109425,3.523731231689453
BenchmarkTest02364.java,0,CWE-89,CWE-89,1,0,1,0,0,0,1,0,0,0,963,0.00024075,448,0.000896,13,2.6e-05,0.00116275,3.8483386039733887
BenchmarkTest02365.java,0,CWE-89,CWE-89,1,1,0,1,0,0,0,0,1,0,1010,0.0002525,640,0.00128,12,2.4e-05,0.0015565,4.825522184371948
BenchmarkTest02366.java,0,CWE-89,CWE-89,1,1,0,1,0,0,0,0,1,0,974,0.0002435,320,0.00064,12,2.4e-05,0.0009075000000000001,2.6448326110839844
BenchmarkTest02367.java,0,CWE-89,CWE-89,1,1,0,1,0,0,0,0,1,0,1177,0.00029425,448,0.000896,12,2.4e-05,0.0012142499999999998,3.893277883529663
BenchmarkTest02368.java,0,CWE-89,CWE-89,1,1,0,1,0,0,0,0,1,0,978,0.0002445,320,0.00064,12,2.4e-05,0.0009085000000000001,2.7095015048980713
BenchmarkTest02369.java,0,CWE-89,CWE-89,1,0,1,0,0,0,1,0,0,0,976,0.000244,448,0.000896,13,2.6e-05,0.001166,5.386764287948608
BenchmarkTest02370.java,0,CWE-643,CWE-643,1,1,0,1,0,0,0,0,1,0,1158,0.0002895,448,0.000896,12,2.4e-05,0.0012094999999999999,3.8405559062957764
BenchmarkTest02371.java,0,CWE-327,,,,0,0,1,0,0,0,1,0,,,,,,,,
BenchmarkTest02372.java,0,CWE-327,,,,0,0,1,0,0,0,1,0,,,,,,,,
BenchmarkTest02373.java,0,CWE-327,CWE-327,1,0,1,0,0,0,1,0,0,0,1272,0.000318,128,0.000256,13,2.6e-05,0.0006,2.1035807132720947
BenchmarkTest02374.java,0,CWE-327,CWE-327,1,0,1,0,0,0,1,0,0,0,1305,0.00032625,128,0.000256,13,2.6e-05,0.00060825,2.2839419841766357
BenchmarkTest02375.java,0,CWE-327,CWE-327,1,0,1,0,0,0,1,0,0,0,1250,0.0003125,320,0.00064,13,2.6e-05,0.0009785,5.404723405838013
BenchmarkTest02376.java,0,CWE-90,,,,0,0,1,0,0,0,1,0,,,,,,,,
BenchmarkTest02377.java,0,CWE-22,,,,0,0,0,1,0,0,0,1,,,,,,,,
BenchmarkTest02378.java,0,CWE-22,,,,0,0,0,1,0,0,0,1,,,,,,,,
BenchmarkTest02379.java,0,CWE-22,,,,0,0,1,0,0,0,1,0,,,,,,,,
BenchmarkTest02380.java,0,CWE-22,,,,0,0,1,0,0,0,1,0,,,,,,,,
BenchmarkTest02381.java,0,CWE-22,,,,0,0,1,0,0,0,1,0,,,,,,,,
BenchmarkTest02382.java,0,CWE-22,,,,0,0,1,0,0,0,1,0,,,,,,,,
BenchmarkTest02383.java,0,CWE-22,,,,0,0,0,1,0,0,0,1,,,,,,,,
BenchmarkTest02384.java,0,CWE-90,,,,0,0,1,0,0,0,1,0,,,,,,,,
BenchmarkTest02385.java,0,CWE-328,CWE-916,0,0,1,0,0,0,1,0,0,0,1307,0.00032675,448,0.000896,13,2.6e-05,0.0012487499999999999,8.454801797866821
BenchmarkTest02386.java,0,CWE-328,CWE-916,0,0,1,0,0,0,1,0,0,0,1259,0.00031475,256,0.000512,13,2.6e-05,0.00085275,4.913151025772095
BenchmarkTest02387.java,0,CWE-328,CWE-916,0,0,1,0,0,0,1,0,0,0,1243,0.00031075,192,0.000384,13,2.6e-05,0.00072075,3.9210903644561768
BenchmarkTest02388.java,0,CWE-328,CWE-916,0,0,1,0,0,0,1,0,0,0,1258,0.0003145,448,0.000896,13,2.6e-05,0.0012365,5.889864921569824
BenchmarkTest02389.java,0,CWE-328,,,,0,0,1,0,0,0,1,0,,,,,,,,
BenchmarkTest02390.java,0,CWE-328,,,,0,0,1,0,0,0,1,0,,,,,,,,
BenchmarkTest02391.java,0,CWE-328,,,,0,0,0,1,0,0,0,1,,,,,,,,
BenchmarkTest02392.java,0,CWE-328,,,,0,0,0,1,0,0,0,1,,,,,,,,
BenchmarkTest02393.java,0,CWE-328,,,,0,0,0,1,0,0,0,1,,,,,,,,
BenchmarkTest02394.java,0,CWE-79,,,,0,0,1,0,0,0,1,0,,,,,,,,
BenchmarkTest02395.java,0,CWE-79,,,,0,0,0,1,0,0,0,1,,,,,,,,
BenchmarkTest02396.java,0,CWE-79,,,,0,0,0,1,0,0,0,1,,,,,,,,
BenchmarkTest02397.java,0,CWE-79,,,,0,0,0,1,0,0,0,1,,,,,,,,
BenchmarkTest02398.java,0,CWE-79,,,,0,0,1,0,0,0,1,0,,,,,,,,
BenchmarkTest02399.java,0,CWE-79,,,,0,0,0,1,0,0,0,1,,,,,,,,
BenchmarkTest02400.java,0,CWE-79,,,,0,0,0,1,0,0,0,1,,,,,,,,
BenchmarkTest02401.java,0,CWE-79,,,,0,0,1,0,0,0,1,0,,,,,,,,
BenchmarkTest02402.java,0,CWE-79,,,,0,0,0,1,0,0,0,1,,,,,,,,
BenchmarkTest02403.java,0,CWE-79,,,,0,0,0,1,0,0,0,1,,,,,,,,
BenchmarkTest02404.java,0,CWE-79,,,,0,0,1,0,0,0,1,0,,,,,,,,
BenchmarkTest02405.java,0,CWE-79,,,,0,0,0,1,0,0,0,1,,,,,,,,
BenchmarkTest02406.java,0,CWE-79,,,,0,0,1,0,0,0,1,0,,,,,,,,
BenchmarkTest02407.java,0,CWE-79,,,,0,0,0,1,0,0,0,1,,,,,,,,
BenchmarkTest02408.java,0,CWE-79,,,,0,0,1,0,0,0,1,0,,,,,,,,
BenchmarkTest02409.java,0,CWE-79,,,,0,0,0,1,0,0,0,1,,,,,,,,
BenchmarkTest02410.java,0,CWE-79,,,,0,0,0,1,0,0,0,1,,,,,,,,
BenchmarkTest02411.java,0,CWE-78,,,,0,0,0,1,0,0,0,1,,,,,,,,
BenchmarkTest02412.java,0,CWE-78,,,,0,0,0,1,0,0,0,1,,,,,,,,
BenchmarkTest02413.java,0,CWE-78,,,,0,0,1,0,0,0,1,0,,,,,,,,
BenchmarkTest02414.java,0,CWE-78,,,,0,0,0,1,0,0,0,1,,,,,,,,
BenchmarkTest02415.java,0,CWE-330,CWE-330,1,0,1,0,0,0,1,0,0,0,1260,0.000315,256,0.000512,13,2.6e-05,0.000853,3.979522705078125
BenchmarkTest02416.java,0,CWE-330,CWE-330,1,0,1,0,0,0,1,0,0,0,1331,0.00033275,128,0.000256,13,2.6e-05,0.00061475,2.3574700355529785
BenchmarkTest02417.java,0,CWE-330,CWE-330,1,0,1,0,0,0,1,0,0,0,1262,0.0003155,192,0.000384,13,2.6e-05,0.0007255,2.5569937229156494
BenchmarkTest02418.java,0,CWE-330,CWE-330,1,0,1,0,0,0,1,0,0,0,1316,0.000329,192,0.000384,13,2.6e-05,0.000739,2.3294014930725098
BenchmarkTest02419.java,0,CWE-330,CWE-330,1,0,1,0,0,0,1,0,0,0,1486,0.0003715,832,0.001664,14,2.8e-05,0.0020635,7.44966459274292
BenchmarkTest02420.java,0,CWE-330,CWE-330,1,0,1,0,0,0,1,0,0,0,1244,0.000311,320,0.00064,13,2.6e-05,0.000977,2.8502135276794434
BenchmarkTest02421.java,0,CWE-330,CWE-330,1,0,1,0,0,0,1,0,0,0,1316,0.000329,256,0.000512,13,2.6e-05,0.0008669999999999999,4.053449869155884
BenchmarkTest02422.java,0,CWE-330,CWE-330,1,0,1,0,0,0,1,0,0,0,1300,0.000325,192,0.000384,13,2.6e-05,0.000735,2.0439648628234863
BenchmarkTest02423.java,0,CWE-330,CWE-330,1,0,1,0,0,0,1,0,0,0,1433,0.00035825,192,0.000384,13,2.6e-05,0.00076825,2.0711264610290527
BenchmarkTest02424.java,0,CWE-330,CWE-330,1,0,1,0,0,0,1,0,0,0,1258,0.0003145,1024,0.002048,13,2.6e-05,0.0023885,7.907372236251831
BenchmarkTest02425.java,0,CWE-330,CWE-330,1,0,1,0,0,0,1,0,0,0,1220,0.000305,512,0.001024,13,2.6e-05,0.0013549999999999999,4.265468120574951
BenchmarkTest02426.java,0,CWE-330,CWE-330,1,0,1,0,0,0,1,0,0,0,1237,0.00030925,192,0.000384,13,2.6e-05,0.0007192500000000001,1.9260468482971191
BenchmarkTest02427.java,0,CWE-614,CWE-614,1,0,1,0,0,0,1,0,0,0,1027,0.00025675,128,0.000256,13,2.6e-05,0.00053875,1.6895716190338135
BenchmarkTest02428.java,0,CWE-78,,,,0,0,1,0,0,0,1,0,,,,,,,,
BenchmarkTest02429.java,0,CWE-78,,,,0,0,0,1,0,0,0,1,,,,,,,,
BenchmarkTest02430.java,0,CWE-78,,,,0,0,0,1,0,0,0,1,,,,,,,,
BenchmarkTest02431.java,0,CWE-78,,,,0,0,0,1,0,0,0,1,,,,,,,,
BenchmarkTest02432.java,0,CWE-78,,,,0,0,0,1,0,0,0,1,,,,,,,,
BenchmarkTest02433.java,0,CWE-78,,,,0,0,0,1,0,0,0,1,,,,,,,,
BenchmarkTest02434.java,0,CWE-330,,,,0,0,1,0,0,0,1,0,,,,,,,,
BenchmarkTest02435.java,0,CWE-330,,,,0,0,1,0,0,0,1,0,,,,,,,,
BenchmarkTest02436.java,0,CWE-330,,,,0,0,1,0,0,0,1,0,,,,,,,,
BenchmarkTest02437.java,0,CWE-330,,,,0,0,1,0,0,0,1,0,,,,,,,,
BenchmarkTest02438.java,0,CWE-330,,,,0,0,1,0,0,0,1,0,,,,,,,,
BenchmarkTest02439.java,0,CWE-330,,,,0,0,1,0,0,0,1,0,,,,,,,,
BenchmarkTest02440.java,0,CWE-330,,,,0,0,1,0,0,0,1,0,,,,,,,,
BenchmarkTest02441.java,0,CWE-330,,,,0,0,1,0,0,0,1,0,,,,,,,,
BenchmarkTest02442.java,0,CWE-330,,,,0,0,1,0,0,0,1,0,,,,,,,,
BenchmarkTest02443.java,0,CWE-330,,,,0,0,1,0,0,0,1,0,,,,,,,,
BenchmarkTest02444.java,0,CWE-330,,,,0,0,1,0,0,0,1,0,,,,,,,,
BenchmarkTest02445.java,0,CWE-330,,,,0,0,1,0,0,0,1,0,,,,,,,,
BenchmarkTest02449.java,0,CWE-89,,,,0,0,0,1,0,0,0,1,,,,,,,,
BenchmarkTest02450.java,0,CWE-89,,,,0,0,1,0,0,0,1,0,,,,,,,,
BenchmarkTest02451.java,0,CWE-89,,,,0,0,0,1,0,0,0,1,,,,,,,,
BenchmarkTest02452.java,0,CWE-89,,,,0,0,1,0,0,0,1,0,,,,,,,,
BenchmarkTest02453.java,0,CWE-89,,,,0,0,0,1,0,0,0,1,,,,,,,,
BenchmarkTest02454.java,0,CWE-89,,,,0,0,0,1,0,0,0,1,,,,,,,,
BenchmarkTest02455.java,0,CWE-89,,,,0,0,0,1,0,0,0,1,,,,,,,,
BenchmarkTest02456.java,0,CWE-89,,,,0,0,1,0,0,0,1,0,,,,,,,,
BenchmarkTest02457.java,0,CWE-643,,,,0,0,1,0,0,0,1,0,,,,,,,,
BenchmarkTest02458.java,0,CWE-327,CWE-327,1,0,1,0,0,0,1,0,0,0,1573,0.00039325,128,0.000256,13,2.6e-05,0.00067525,1.8316452503204346
BenchmarkTest02459.java,0,CWE-327,,,,0,0,1,0,0,0,1,0,,,,,,,,
BenchmarkTest02460.java,0,CWE-327,,,,0,0,1,0,0,0,1,0,,,,,,,,
BenchmarkTest02461.java,0,CWE-327,,,,0,0,1,0,0,0,1,0,,,,,,,,
BenchmarkTest02462.java,0,CWE-22,CWE-23,0,1,0,1,0,0,0,0,1,0,1260,0.000315,256,0.000512,12,2.4e-05,0.0008510000000000001,2.99845290184021
BenchmarkTest02463.java,0,CWE-22,CWE-23,0,0,1,0,0,0,1,0,0,0,1202,0.0003005,448,0.000896,13,2.6e-05,0.0012225,3.998728036880493
BenchmarkTest02464.java,0,CWE-22,CWE-23,0,1,0,1,0,0,0,0,1,0,1245,0.00031125,256,0.000512,12,2.4e-05,0.00084725,3.709559679031372
BenchmarkTest02465.java,0,CWE-22,CWE-23,0,0,1,0,0,0,1,0,0,0,1340,0.000335,320,0.00064,13,2.6e-05,0.0010010000000000002,3.6416094303131104
BenchmarkTest02466.java,0,CWE-22,CWE-23,0,0,1,0,0,0,1,0,0,0,1403,0.00035075,320,0.00064,13,2.6e-05,0.00101675,2.988032579421997
BenchmarkTest02467.java,0,CWE-22,CWE-23,0,1,0,1,0,0,0,0,1,0,1489,0.00037225,512,0.001024,12,2.4e-05,0.0014202499999999999,5.250382423400879
BenchmarkTest02468.java,0,CWE-22,CWE-23,0,1,0,1,0,0,0,0,1,0,1233,0.00030825,640,0.00128,12,2.4e-05,0.00161225,7.700906276702881
BenchmarkTest02469.java,0,CWE-22,CWE-23,0,0,1,0,0,0,1,0,0,0,1248,0.000312,320,0.00064,13,2.6e-05,0.0009780000000000001,4.46998405456543
BenchmarkTest02470.java,0,CWE-22,CWE-23,0,1,0,1,0,0,0,0,1,0,1238,0.0003095,192,0.000384,12,2.4e-05,0.0007175,5.079790830612183
BenchmarkTest02471.java,0,CWE-22,CWE-23,0,1,0,1,0,0,0,0,1,0,1360,0.00034,256,0.000512,12,2.4e-05,0.000876,3.909627676010132
BenchmarkTest02472.java,0,CWE-90,CWE-90,1,0,1,0,0,0,1,0,0,0,1219,0.00030475,256,0.000512,13,2.6e-05,0.00084275,3.6408190727233887
BenchmarkTest02473.java,0,CWE-330,CWE-330,1,0,1,0,0,0,1,0,0,0,1315,0.00032875,128,0.000256,13,2.6e-05,0.00061075,1.9440102577209473
BenchmarkTest02474.java,0,CWE-328,CWE-916,0,0,1,0,0,0,1,0,0,0,1293,0.00032325,256,0.000512,13,2.6e-05,0.00086125,2.458488941192627
BenchmarkTest02475.java,0,CWE-328,CWE-916,0,0,1,0,0,0,1,0,0,0,1237,0.00030925,192,0.000384,13,2.6e-05,0.0007192500000000001,2.554889678955078
BenchmarkTest02476.java,0,CWE-328,CWE-916,0,0,1,0,0,0,1,0,0,0,1166,0.0002915,192,0.000384,13,2.6e-05,0.0007015,2.2530908584594727
BenchmarkTest02477.java,0,CWE-328,,,,0,0,1,0,0,0,1,0,,,,,,,,
BenchmarkTest02478.java,0,CWE-328,,,,0,0,0,1,0,0,0,1,,,,,,,,
BenchmarkTest02479.java,0,CWE-328,,,,0,0,1,0,0,0,1,0,,,,,,,,
BenchmarkTest02480.java,0,CWE-79,CWE-79,1,0,1,0,0,0,1,0,0,0,1283,0.00032075,256,0.000512,13,2.6e-05,0.0008587499999999999,3.358367919921875
BenchmarkTest02481.java,0,CWE-79,CWE-79,1,1,0,1,0,0,0,0,1,0,1324,0.000331,576,0.001152,12,2.4e-05,0.0015069999999999999,5.372880935668945
BenchmarkTest02482.java,0,CWE-79,CWE-79,1,1,0,1,0,0,0,0,1,0,1339,0.00033475,192,0.000384,12,2.4e-05,0.00074275,2.5453996658325195
BenchmarkTest02483.java,0,CWE-79,CWE-79,1,0,1,0,0,0,1,0,0,0,1252,0.000313,128,0.000256,13,2.6e-05,0.000595,2.342756509780884
BenchmarkTest02484.java,0,CWE-79,CWE-79,1,1,0,1,0,0,0,0,1,0,1351,0.00033775,256,0.000512,12,2.4e-05,0.0008737500000000001,2.3356430530548096
BenchmarkTest02485.java,0,CWE-79,CWE-79,1,1,0,1,0,0,0,0,1,0,1346,0.0003365,448,0.000896,12,2.4e-05,0.0012565,3.3008320331573486
BenchmarkTest02486.java,0,CWE-79,CWE-79,1,0,1,0,0,0,1,0,0,0,1334,0.0003335,320,0.00064,13,2.6e-05,0.0009995,3.5848443508148193
BenchmarkTest02487.java,0,CWE-79,CWE-79,1,0,1,0,0,0,1,0,0,0,1300,0.000325,192,0.000384,13,2.6e-05,0.000735,2.429018497467041
BenchmarkTest02488.java,0,CWE-79,CWE-79,1,1,0,1,0,0,0,0,1,0,1286,0.0003215,640,0.00128,12,2.4e-05,0.0016255,6.59770131111145
BenchmarkTest02489.java,0,CWE-79,CWE-79,1,0,1,0,0,0,1,0,0,0,1264,0.000316,256,0.000512,13,2.6e-05,0.0008539999999999999,3.3780038356781006
BenchmarkTest02490.java,0,CWE-79,CWE-79,1,1,0,1,0,0,0,0,1,0,1503,0.00037575,576,0.001152,12,2.4e-05,0.00155175,4.258276700973511
BenchmarkTest02491.java,0,CWE-79,CWE-79,1,1,0,1,0,0,0,0,1,0,1488,0.000372,320,0.00064,12,2.4e-05,0.001036,2.5915915966033936
BenchmarkTest02492.java,0,CWE-79,CWE-79,1,0,0,1,0,0,0,1,0,0,1266,0.0003165,512,0.001024,13,2.6e-05,0.0013664999999999999,4.585323095321655
BenchmarkTest02493.java,0,CWE-79,CWE-79,1,0,1,0,0,0,1,0,0,0,1367,0.00034175,256,0.000512,13,2.6e-05,0.0008797499999999999,5.3218817710876465
BenchmarkTest02494.java,0,CWE-79,CWE-79,1,0,1,0,0,0,1,0,0,0,1307,0.00032675,896,0.001792,13,2.6e-05,0.00214475,8.423180103302002
BenchmarkTest02495.java,0,CWE-79,CWE-79,1,1,0,1,0,0,0,0,1,0,1364,0.000341,320,0.00064,12,2.4e-05,0.001005,4.4375998973846436
BenchmarkTest02496.java,0,CWE-78,CWE-78,1,0,1,0,0,0,1,0,0,0,988,0.000247,256,0.000512,13,2.6e-05,0.0007849999999999999,5.51110315322876
BenchmarkTest02497.java,0,CWE-330,CWE-330,1,0,1,0,0,0,1,0,0,0,1474,0.0003685,1152,0.002304,13,2.6e-05,0.0026985,12.10514760017395
BenchmarkTest02498.java,0,CWE-330,CWE-330,1,0,1,0,0,0,1,0,0,0,1258,0.0003145,128,0.000256,13,2.6e-05,0.0005965,3.368748903274536
BenchmarkTest02499.java,0,CWE-330,CWE-330,1,0,1,0,0,0,1,0,0,0,1271,0.00031775,448,0.000896,13,2.6e-05,0.00123975,3.8968584537506104
BenchmarkTest02500.java,0,CWE-330,CWE-330,1,0,1,0,0,0,1,0,0,0,1247,0.00031175,256,0.000512,13,2.6e-05,0.00084975,2.9282419681549072
BenchmarkTest02501.java,0,CWE-330,CWE-330,1,0,1,0,0,0,1,0,0,0,1231,0.00030775,192,0.000384,13,2.6e-05,0.0007177500000000001,1.993617296218872
BenchmarkTest02502.java,0,CWE-330,CWE-330,1,0,1,0,0,0,1,0,0,0,1273,0.00031825,192,0.000384,13,2.6e-05,0.00072825,3.1572866439819336
BenchmarkTest02503.java,0,CWE-330,CWE-330,1,0,1,0,0,0,1,0,0,0,1434,0.0003585,320,0.00064,13,2.6e-05,0.0010245,5.803854942321777
BenchmarkTest02504.java,0,CWE-330,CWE-330,1,0,1,0,0,0,1,0,0,0,1234,0.0003085,192,0.000384,13,2.6e-05,0.0007185,4.888147354125977
BenchmarkTest02505.java,0,CWE-330,CWE-330,1,0,1,0,0,0,1,0,0,0,1261,0.00031525,192,0.000384,13,2.6e-05,0.00072525,4.511118412017822
BenchmarkTest02506.java,0,CWE-330,CWE-330,1,0,1,0,0,0,1,0,0,0,1245,0.00031125,192,0.000384,13,2.6e-05,0.00072125,5.22211217880249
BenchmarkTest02507.java,0,CWE-614,CWE-614,1,0,1,0,0,0,1,0,0,0,1018,0.0002545,320,0.00064,13,2.6e-05,0.0009205000000000001,4.8800249099731445
BenchmarkTest02508.java,0,CWE-614,,,,0,0,1,0,0,0,1,0,,,,,,,,
BenchmarkTest02509.java,0,CWE-79,CWE-79,1,1,0,1,0,0,0,0,1,0,1289,0.00032225,192,0.000384,12,2.4e-05,0.0007302500000000001,3.504866123199463
BenchmarkTest02510.java,0,CWE-78,CWE-78,1,1,0,1,0,0,0,0,1,0,1097,0.00027425,384,0.000768,12,2.4e-05,0.00106625,3.9043123722076416
BenchmarkTest02511.java,0,CWE-78,CWE-78,1,0,1,0,0,0,1,0,0,0,896,0.000224,704,0.001408,13,2.6e-05,0.001658,7.686225891113281
BenchmarkTest02512.java,0,CWE-78,CWE-78,1,0,1,0,0,0,1,0,0,0,937,0.00023425,640,0.00128,13,2.6e-05,0.0015402500000000002,5.125768423080444
BenchmarkTest02513.java,0,CWE-78,CWE-78,1,1,0,1,0,0,0,0,1,0,959,0.00023975,256,0.000512,12,2.4e-05,0.0007757500000000001,3.9228408336639404
BenchmarkTest02514.java,0,CWE-78,CWE-78,1,0,1,0,0,0,1,0,0,0,900,0.000225,512,0.001024,13,2.6e-05,0.0012749999999999999,5.287109613418579
BenchmarkTest02515.java,0,CWE-78,CWE-78,1,0,1,0,0,0,1,0,0,0,886,0.0002215,640,0.00128,13,2.6e-05,0.0015275,7.124797582626343
BenchmarkTest02516.java,0,CWE-78,CWE-78,1,0,1,0,0,0,1,0,0,0,956,0.000239,640,0.00128,13,2.6e-05,0.0015450000000000001,7.902116537094116
BenchmarkTest02517.java,0,CWE-78,CWE-78,1,0,1,0,0,0,1,0,0,0,892,0.000223,640,0.00128,13,2.6e-05,0.001529,6.815909147262573
BenchmarkTest02518.java,0,CWE-78,CWE-78,1,1,0,1,0,0,0,0,1,0,958,0.0002395,320,0.00064,12,2.4e-05,0.0009035000000000001,4.024263858795166
BenchmarkTest02519.java,0,CWE-330,,,,0,0,1,0,0,0,1,0,,,,,,,,
BenchmarkTest02520.java,0,CWE-330,,,,0,0,1,0,0,0,1,0,,,,,,,,
BenchmarkTest02521.java,0,CWE-330,,,,0,0,1,0,0,0,1,0,,,,,,,,
BenchmarkTest02522.java,0,CWE-330,,,,0,0,1,0,0,0,1,0,,,,,,,,
BenchmarkTest02528.java,0,CWE-89,CWE-89,1,0,1,0,0,0,1,0,0,0,926,0.0002315,192,0.000384,13,2.6e-05,0.0006414999999999999,3.141369104385376
BenchmarkTest02529.java,0,CWE-89,CWE-89,1,1,0,1,0,0,0,0,1,0,963,0.00024075,256,0.000512,12,2.4e-05,0.00077675,3.1259942054748535
BenchmarkTest02530.java,0,CWE-89,CWE-89,1,0,1,0,0,0,1,0,0,0,932,0.000233,256,0.000512,13,2.6e-05,0.000771,2.9299776554107666
BenchmarkTest02531.java,0,CWE-89,CWE-89,1,0,1,0,0,0,1,0,0,0,913,0.00022825,256,0.000512,13,2.6e-05,0.00076625,2.8143129348754883
BenchmarkTest02532.java,0,CWE-89,CWE-89,1,0,1,0,0,0,1,0,0,0,941,0.00023525,192,0.000384,13,2.6e-05,0.00064525,3.1289222240448
BenchmarkTest02533.java,0,CWE-89,CWE-89,1,0,1,0,0,0,1,0,0,0,976,0.000244,320,0.00064,13,2.6e-05,0.00091,3.4317805767059326
BenchmarkTest02534.java,0,CWE-89,CWE-89,1,0,1,0,0,0,1,0,0,0,910,0.0002275,192,0.000384,13,2.6e-05,0.0006375,3.654686689376831
BenchmarkTest02535.java,0,CWE-89,CWE-89,1,0,1,0,0,0,1,0,0,0,955,0.00023875,192,0.000384,13,2.6e-05,0.00064875,3.962703227996826
BenchmarkTest02536.java,0,CWE-89,CWE-89,1,1,0,1,0,0,0,0,1,0,980,0.000245,256,0.000512,12,2.4e-05,0.000781,4.600027561187744
BenchmarkTest02537.java,0,CWE-89,CWE-89,1,0,1,0,0,0,1,0,0,0,931,0.00023275,320,0.00064,13,2.6e-05,0.00089875,3.8293051719665527
BenchmarkTest02538.java,0,CWE-89,,,,0,0,1,0,0,0,1,0,,,,,,,,
BenchmarkTest02539.java,0,CWE-89,,,,0,0,1,0,0,0,1,0,,,,,,,,
BenchmarkTest02540.java,0,CWE-89,CWE-89,1,1,0,1,0,0,0,0,1,0,933,0.00023325,192,0.000384,12,2.4e-05,0.00064125,3.2769277095794678
BenchmarkTest02541.java,0,CWE-89,CWE-89,1,1,0,1,0,0,0,0,1,0,899,0.00022475,192,0.000384,12,2.4e-05,0.0006327500000000001,2.8079144954681396
BenchmarkTest02542.java,0,CWE-89,CWE-89,1,0,1,0,0,0,1,0,0,0,880,0.00022,192,0.000384,13,2.6e-05,0.00063,1.9338958263397217
BenchmarkTest02543.java,0,CWE-89,CWE-89,1,0,1,0,0,0,1,0,0,0,896,0.000224,256,0.000512,13,2.6e-05,0.000762,2.6287648677825928
BenchmarkTest02544.java,0,CWE-89,CWE-89,1,1,0,1,0,0,0,0,1,0,948,0.000237,256,0.000512,12,2.4e-05,0.000773,3.261486291885376
BenchmarkTest02545.java,0,CWE-89,CWE-89,1,0,1,0,0,0,1,0,0,0,887,0.00022175,192,0.000384,13,2.6e-05,0.0006317499999999999,2.2759926319122314
BenchmarkTest02546.java,0,CWE-89,CWE-89,1,1,0,1,0,0,0,0,1,0,952,0.000238,320,0.00064,12,2.4e-05,0.0009020000000000001,3.5468533039093018
BenchmarkTest02547.java,0,CWE-327,,,,0,0,1,0,0,0,1,0,,,,,,,,
BenchmarkTest02548.java,0,CWE-327,CWE-327,1,0,1,0,0,0,1,0,0,0,1760,0.00044,128,0.000256,13,2.6e-05,0.000722,1.9076342582702637
BenchmarkTest02549.java,0,CWE-327,CWE-327,1,0,1,0,0,0,1,0,0,0,1757,0.00043925,64,0.000128,13,2.6e-05,0.00059325,1.204805850982666
BenchmarkTest02550.java,0,CWE-327,CWE-327,1,0,1,0,0,0,1,0,0,0,1383,0.00034575,256,0.000512,13,2.6e-05,0.00088375,2.520656108856201
BenchmarkTest02551.java,0,CWE-327,,,,0,0,1,0,0,0,1,0,,,,,,,,
BenchmarkTest02552.java,0,CWE-327,,,,0,0,1,0,0,0,1,0,,,,,,,,
BenchmarkTest02553.java,0,CWE-90,CWE-90,1,1,0,1,0,0,0,0,1,0,1393,0.00034825,448,0.000896,12,2.4e-05,0.0012682499999999998,3.5017590522766113
BenchmarkTest02554.java,0,CWE-22,CWE-23,0,1,0,1,0,0,0,0,1,0,1352,0.000338,192,0.000384,12,2.4e-05,0.000746,2.154578924179077
BenchmarkTest02555.java,0,CWE-22,CWE-23,0,0,1,0,0,0,1,0,0,0,1344,0.000336,320,0.00064,13,2.6e-05,0.001002,3.108621597290039
BenchmarkTest02556.java,0,CWE-22,CWE-23,0,0,1,0,0,0,1,0,0,0,1332,0.000333,320,0.00064,13,2.6e-05,0.000999,2.7047624588012695
BenchmarkTest02557.java,0,CWE-22,CWE-23,0,1,0,1,0,0,0,0,1,0,1370,0.0003425,640,0.00128,12,2.4e-05,0.0016465,6.372565746307373
BenchmarkTest02558.java,0,CWE-22,CWE-23,0,1,0,1,0,0,0,0,1,0,1338,0.0003345,576,0.001152,12,2.4e-05,0.0015105,5.57400369644165
BenchmarkTest02559.java,0,CWE-22,CWE-23,0,0,1,0,0,0,1,0,0,0,1465,0.00036625,576,0.001152,13,2.6e-05,0.00154425,4.854249000549316
BenchmarkTest02560.java,0,CWE-22,CWE-23,0,0,1,0,0,0,1,0,0,0,1481,0.00037025,320,0.00064,13,2.6e-05,0.00103625,2.993440628051758
BenchmarkTest02561.java,0,CWE-22,CWE-23,0,0,1,0,0,0,1,0,0,0,1459,0.00036475,320,0.00064,13,2.6e-05,0.00103075,3.9730935096740723
BenchmarkTest02562.java,0,CWE-22,CWE-23,0,0,1,0,0,0,1,0,0,0,1430,0.0003575,448,0.000896,13,2.6e-05,0.0012795,4.5871429443359375
BenchmarkTest02563.java,0,CWE-22,CWE-23,0,1,0,1,0,0,0,0,1,0,1582,0.0003955,512,0.001024,12,2.4e-05,0.0014435,4.707097768783569
BenchmarkTest02564.java,0,CWE-22,CWE-23,0,0,1,0,0,0,1,0,0,0,1440,0.00036,384,0.000768,13,2.6e-05,0.001154,4.441753387451172
BenchmarkTest02565.java,0,CWE-22,CWE-23,0,0,1,0,0,0,1,0,0,0,1352,0.000338,448,0.000896,13,2.6e-05,0.0012599999999999998,4.332683324813843
BenchmarkTest02566.java,0,CWE-22,CWE-23,0,1,0,1,0,0,0,0,1,0,1392,0.000348,384,0.000768,12,2.4e-05,0.00114,4.057798385620117
BenchmarkTest02567.java,0,CWE-22,CWE-23,0,0,1,0,0,0,1,0,0,0,1347,0.00033675,320,0.00064,13,2.6e-05,0.0010027500000000002,5.22325587272644
BenchmarkTest02568.java,0,CWE-22,CWE-23,0,1,0,1,0,0,0,0,1,0,1427,0.00035675,192,0.000384,12,2.4e-05,0.0007647500000000001,3.01942777633667
BenchmarkTest02569.java,0,CWE-22,CWE-23,0,0,1,0,0,0,1,0,0,0,1434,0.0003585,384,0.000768,13,2.6e-05,0.0011524999999999999,4.364708662033081
BenchmarkTest02570.java,0,CWE-22,CWE-23,0,1,0,1,0,0,0,0,1,0,1530,0.0003825,384,0.000768,12,2.4e-05,0.0011745,4.651811599731445
BenchmarkTest02571.java,0,CWE-90,CWE-90,1,1,0,1,0,0,0,0,1,0,1403,0.00035075,448,0.000896,12,2.4e-05,0.00127075,4.5276947021484375
BenchmarkTest02572.java,0,CWE-90,CWE-90,1,1,0,1,0,0,0,0,1,0,1356,0.000339,256,0.000512,12,2.4e-05,0.000875,2.9643845558166504
BenchmarkTest02573.java,0,CWE-328,CWE-916,0,0,1,0,0,0,1,0,0,0,1429,0.00035725,192,0.000384,13,2.6e-05,0.0007672499999999999,2.820864677429199
BenchmarkTest02574.java,0,CWE-328,CWE-916,0,0,1,0,0,0,1,0,0,0,1394,0.0003485,192,0.000384,13,2.6e-05,0.0007585000000000001,2.4918932914733887
BenchmarkTest02575.java,0,CWE-328,CWE-916,0,0,1,0,0,0,1,0,0,0,1328,0.000332,448,0.000896,13,2.6e-05,0.001254,4.055382966995239
BenchmarkTest02576.java,0,CWE-328,,,,0,0,1,0,0,0,1,0,,,,,,,,
BenchmarkTest02577.java,0,CWE-328,,,,0,0,0,1,0,0,0,1,,,,,,,,
BenchmarkTest02578.java,0,CWE-79,CWE-79,1,0,1,0,0,0,1,0,0,0,1439,0.00035975,384,0.000768,13,2.6e-05,0.00115375,4.329674482345581
BenchmarkTest02579.java,0,CWE-79,CWE-79,1,0,1,0,0,0,1,0,0,0,1419,0.00035475,448,0.000896,13,2.6e-05,0.0012767499999999999,5.718920707702637
BenchmarkTest02580.java,0,CWE-79,CWE-79,1,0,1,0,0,0,1,0,0,0,1428,0.000357,448,0.000896,13,2.6e-05,0.001279,4.210598468780518
BenchmarkTest02581.java,0,CWE-79,CWE-79,1,1,0,1,0,0,0,0,1,0,1414,0.0003535,832,0.001664,13,2.6e-05,0.0020434999999999997,8.051948547363281
BenchmarkTest02582.java,0,CWE-79,CWE-79,1,0,1,0,0,0,1,0,0,0,1421,0.00035525,192,0.000384,13,2.6e-05,0.00076525,2.4966869354248047
BenchmarkTest02583.java,0,CWE-79,CWE-79,1,0,1,0,0,0,1,0,0,0,1392,0.000348,192,0.000384,13,2.6e-05,0.000758,2.6236588954925537
BenchmarkTest02584.java,0,CWE-79,CWE-79,1,0,1,0,0,0,1,0,0,0,1415,0.00035375,192,0.000384,13,2.6e-05,0.00076375,2.134608507156372
BenchmarkTest02585.java,0,CWE-79,CWE-79,1,0,1,0,0,0,1,0,0,0,1424,0.000356,256,0.000512,13,2.6e-05,0.0008939999999999999,3.3133327960968018
BenchmarkTest02586.java,0,CWE-79,CWE-79,1,0,1,0,0,0,1,0,0,0,1484,0.000371,256,0.000512,13,2.6e-05,0.000909,2.8270175457000732
BenchmarkTest02587.java,0,CWE-79,CWE-79,1,0,1,0,0,0,1,0,0,0,1639,0.00040975,768,0.001536,13,2.6e-05,0.00197175,5.417144060134888
BenchmarkTest02588.java,0,CWE-79,CWE-79,1,0,1,0,0,0,1,0,0,0,1635,0.00040875,960,0.00192,13,2.6e-05,0.00235475,7.632202863693237
BenchmarkTest02589.java,0,CWE-79,CWE-79,1,1,0,1,0,0,0,0,1,0,1477,0.00036925,448,0.000896,12,2.4e-05,0.0012892499999999998,4.629979848861694
BenchmarkTest02590.java,0,CWE-79,CWE-79,1,1,0,1,0,0,0,0,1,0,1513,0.00037825,384,0.000768,12,2.4e-05,0.00117025,3.6604950428009033
BenchmarkTest02591.java,0,CWE-79,CWE-79,1,0,1,0,0,0,1,0,0,0,1438,0.0003595,192,0.000384,13,2.6e-05,0.0007695,3.302696466445923
BenchmarkTest02592.java,0,CWE-79,CWE-79,1,0,1,0,0,0,1,0,0,0,1474,0.0003685,448,0.000896,13,2.6e-05,0.0012905,7.0107786655426025
BenchmarkTest02593.java,0,CWE-79,CWE-79,1,1,0,1,0,0,0,0,1,0,1436,0.000359,384,0.000768,12,2.4e-05,0.001151,4.4927849769592285
BenchmarkTest02594.java,0,CWE-79,CWE-79,1,1,0,1,0,0,0,0,1,0,1431,0.00035775,256,0.000512,12,2.4e-05,0.00089375,3.8691484928131104
BenchmarkTest02595.java,0,CWE-79,CWE-79,1,0,1,0,0,0,1,0,0,0,1487,0.00037175,320,0.00064,13,2.6e-05,0.00103775,6.492700099945068
BenchmarkTest02596.java,0,CWE-79,CWE-79,1,1,0,1,0,0,0,0,1,0,1407,0.00035175,320,0.00064,12,2.4e-05,0.00101575,2.6349644660949707
BenchmarkTest02597.java,0,CWE-79,CWE-79,1,0,1,0,0,0,1,0,0,0,1448,0.000362,448,0.000896,13,2.6e-05,0.001284,3.652470111846924
BenchmarkTest02598.java,0,CWE-79,CWE-79,1,0,1,0,0,0,1,0,0,0,1421,0.00035525,256,0.000512,13,2.6e-05,0.00089325,3.358718156814575
BenchmarkTest02599.java,0,CWE-79,CWE-79,1,1,0,1,0,0,0,0,1,0,1430,0.0003575,320,0.00064,12,2.4e-05,0.0010215,2.7263681888580322
BenchmarkTest02600.java,0,CWE-79,CWE-79,1,0,1,0,0,0,1,0,0,0,1455,0.00036375,320,0.00064,13,2.6e-05,0.00102975,3.6343905925750732
BenchmarkTest02601.java,0,CWE-79,CWE-79,1,1,0,1,0,0,0,0,1,0,1432,0.000358,640,0.00128,12,2.4e-05,0.001662,6.444376230239868
BenchmarkTest02602.java,0,CWE-330,CWE-330,1,0,1,0,0,0,1,0,0,0,1603,0.00040075,576,0.001152,13,2.6e-05,0.00157875,4.967183589935303
BenchmarkTest02603.java,0,CWE-330,CWE-330,1,0,1,0,0,0,1,0,0,0,1415,0.00035375,128,0.000256,13,2.6e-05,0.00063575,2.1915338039398193
BenchmarkTest02604.java,0,CWE-330,CWE-330,1,0,1,0,0,0,1,0,0,0,1586,0.0003965,320,0.00064,13,2.6e-05,0.0010625,5.037248611450195
BenchmarkTest02605.java,0,CWE-330,CWE-330,1,0,1,0,0,0,1,0,0,0,1399,0.00034975,256,0.000512,13,2.6e-05,0.00088775,2.9178478717803955
BenchmarkTest02606.java,0,CWE-330,CWE-330,1,0,1,0,0,0,1,0,0,0,1435,0.00035875,256,0.000512,13,2.6e-05,0.00089675,2.6358604431152344
BenchmarkTest02607.java,0,CWE-614,,,,0,0,1,0,0,0,1,0,,,,,,,,
BenchmarkTest02608.java,0,CWE-79,CWE-79,1,0,1,0,0,0,1,0,0,0,1398,0.0003495,128,0.000256,13,2.6e-05,0.0006314999999999999,2.519536018371582
BenchmarkTest02609.java,0,CWE-79,CWE-79,1,1,0,1,0,0,0,0,1,0,1415,0.00035375,320,0.00064,12,2.4e-05,0.00101775,2.9320409297943115
BenchmarkTest02610.java,0,CWE-78,CWE-78,1,1,0,1,0,0,0,0,1,0,1233,0.00030825,448,0.000896,12,2.4e-05,0.00122825,3.566800355911255
BenchmarkTest02611.java,0,CWE-78,CWE-78,1,0,1,0,0,0,1,0,0,0,1202,0.0003005,640,0.00128,13,2.6e-05,0.0016065,6.953146934509277
BenchmarkTest02612.java,0,CWE-78,CWE-78,1,0,1,0,0,0,1,0,0,0,1041,0.00026025,704,0.001408,13,2.6e-05,0.00169425,5.9342710971832275
BenchmarkTest02613.java,0,CWE-78,CWE-78,1,0,1,0,0,0,1,0,0,0,1099,0.00027475,704,0.001408,13,2.6e-05,0.00170875,6.185233116149902
BenchmarkTest02614.java,0,CWE-330,,,,0,0,1,0,0,0,1,0,,,,,,,,
BenchmarkTest02615.java,0,CWE-330,,,,0,0,1,0,0,0,1,0,,,,,,,,
BenchmarkTest02616.java,0,CWE-330,CWE-330,1,1,0,1,0,0,0,0,1,0,1488,0.000372,384,0.000768,12,2.4e-05,0.0011639999999999999,4.536703824996948
BenchmarkTest02617.java,0,CWE-330,,,,0,0,1,0,0,0,1,0,,,,,,,,
BenchmarkTest02618.java,0,CWE-330,,,,0,0,1,0,0,0,1,0,,,,,,,,
BenchmarkTest02619.java,0,CWE-330,,,,0,0,1,0,0,0,1,0,,,,,,,,
BenchmarkTest02620.java,0,CWE-330,,,,0,0,1,0,0,0,1,0,,,,,,,,
BenchmarkTest02621.java,0,CWE-330,,,,0,0,1,0,0,0,1,0,,,,,,,,
BenchmarkTest02625.java,0,CWE-89,CWE-89,1,0,1,0,0,0,1,0,0,0,1089,0.00027225,256,0.000512,13,2.6e-05,0.00081025,4.057348728179932
BenchmarkTest02626.java,0,CWE-89,CWE-89,1,1,0,1,0,0,0,0,1,0,1035,0.00025875,192,0.000384,12,2.4e-05,0.00066675,4.776003122329712
BenchmarkTest02627.java,0,CWE-89,CWE-89,1,0,1,0,0,0,1,0,0,0,1076,0.000269,256,0.000512,13,2.6e-05,0.000807,3.6247148513793945
BenchmarkTest02628.java,0,CWE-89,CWE-89,1,0,1,0,0,0,1,0,0,0,1111,0.00027775,256,0.000512,13,2.6e-05,0.00081575,3.2790374755859375
BenchmarkTest02629.java,0,CWE-89,CWE-89,1,1,0,1,0,0,0,0,1,0,1098,0.0002745,384,0.000768,12,2.4e-05,0.0010665,3.9761483669281006
BenchmarkTest02630.java,0,CWE-89,CWE-89,1,0,1,0,0,0,1,0,0,0,1045,0.00026125,320,0.00064,13,2.6e-05,0.00092725,3.2525534629821777
BenchmarkTest02631.java,0,CWE-89,CWE-89,1,1,0,1,0,0,0,0,1,0,1050,0.0002625,320,0.00064,12,2.4e-05,0.0009265000000000001,3.1334879398345947
BenchmarkTest02632.java,0,CWE-89,CWE-89,1,0,1,0,0,0,1,0,0,0,1107,0.00027675,192,0.000384,13,2.6e-05,0.00068675,2.405103921890259
BenchmarkTest02633.java,0,CWE-89,CWE-89,1,1,0,1,0,0,0,0,1,0,1257,0.00031425,256,0.000512,12,2.4e-05,0.00085025,4.116321802139282
BenchmarkTest02634.java,0,CWE-89,CWE-89,1,1,0,1,0,0,0,0,1,0,1107,0.00027675,384,0.000768,12,2.4e-05,0.00106875,4.324152708053589
BenchmarkTest02635.java,0,CWE-89,CWE-89,1,0,1,0,0,0,1,0,0,0,1148,0.000287,192,0.000384,13,2.6e-05,0.0006969999999999999,2.810565948486328
BenchmarkTest02636.java,0,CWE-89,CWE-89,1,1,0,1,0,0,0,0,1,0,1094,0.0002735,384,0.000768,12,2.4e-05,0.0010654999999999998,3.4105193614959717
BenchmarkTest02637.java,0,CWE-89,CWE-89,1,1,0,1,0,0,0,0,1,0,1061,0.00026525,256,0.000512,12,2.4e-05,0.00080125,2.4453768730163574
BenchmarkTest02638.java,0,CWE-89,CWE-89,1,0,1,0,0,0,1,0,0,0,1041,0.00026025,192,0.000384,13,2.6e-05,0.0006702500000000001,2.057640552520752
BenchmarkTest02639.java,0,CWE-89,,,,0,0,1,0,0,0,1,0,,,,,,,,
BenchmarkTest02640.java,0,CWE-89,,,,0,0,1,0,0,0,1,0,,,,,,,,
BenchmarkTest02641.java,0,CWE-89,CWE-89,1,0,1,0,0,0,1,0,0,0,1183,0.00029575,256,0.000512,13,2.6e-05,0.00083375,2.902132511138916
BenchmarkTest02642.java,0,CWE-89,,,,0,0,0,1,0,0,0,1,,,,,,,,
BenchmarkTest02643.java,0,CWE-89,,,,0,0,0,1,0,0,0,1,,,,,,,,
BenchmarkTest02644.java,0,CWE-89,,,,0,0,0,1,0,0,0,1,,,,,,,,
BenchmarkTest02645.java,0,CWE-89,,,,0,0,0,1,0,0,0,1,,,,,,,,
BenchmarkTest02646.java,0,CWE-89,CWE-89,1,0,1,0,0,0,1,0,0,0,1062,0.0002655,192,0.000384,13,2.6e-05,0.0006755,2.5316319465637207
BenchmarkTest02647.java,0,CWE-89,CWE-89,1,0,1,0,0,0,1,0,0,0,1054,0.0002635,256,0.000512,13,2.6e-05,0.0008014999999999999,2.704155921936035
BenchmarkTest02648.java,0,CWE-89,CWE-89,1,1,0,1,0,0,0,0,1,0,1104,0.000276,384,0.000768,12,2.4e-05,0.001068,3.703075647354126
BenchmarkTest02649.java,0,CWE-89,CWE-89,1,0,1,0,0,0,1,0,0,0,1004,0.000251,256,0.000512,13,2.6e-05,0.000789,3.5370938777923584
BenchmarkTest02650.java,0,CWE-89,CWE-89,1,0,1,0,0,0,1,0,0,0,1096,0.000274,256,0.000512,13,2.6e-05,0.000812,3.2986068725585938
BenchmarkTest02651.java,0,CWE-89,CWE-89,1,0,1,0,0,0,1,0,0,0,1067,0.00026675,320,0.00064,13,2.6e-05,0.00093275,4.03717827796936
BenchmarkTest02652.java,0,CWE-89,CWE-89,1,1,0,1,0,0,0,0,1,0,1243,0.00031075,384,0.000768,12,2.4e-05,0.00110275,3.331156015396118
BenchmarkTest02653.java,0,CWE-89,CWE-89,1,0,1,0,0,0,1,0,0,0,1036,0.000259,192,0.000384,13,2.6e-05,0.000669,2.4306817054748535
BenchmarkTest02654.java,0,CWE-89,CWE-89,1,0,1,0,0,0,1,0,0,0,1062,0.0002655,384,0.000768,13,2.6e-05,0.0010595000000000001,3.9135773181915283
BenchmarkTest02655.java,0,CWE-89,CWE-89,1,0,1,0,0,0,1,0,0,0,999,0.00024975,192,0.000384,13,2.6e-05,0.00065975,2.46136736869812
BenchmarkTest02656.java,0,CWE-89,CWE-89,1,0,1,0,0,0,1,0,0,0,1040,0.00026,256,0.000512,13,2.6e-05,0.0007979999999999999,2.9227867126464844
BenchmarkTest02657.java,0,CWE-89,CWE-89,1,1,0,1,0,0,0,0,1,0,1039,0.00025975,256,0.000512,12,2.4e-05,0.00079575,3.492685317993164
BenchmarkTest02658.java,0,CWE-327,CWE-327,1,0,1,0,0,0,1,0,0,0,1563,0.00039075,64,0.000128,13,2.6e-05,0.00054475,2.507258176803589
BenchmarkTest02659.java,0,CWE-327,,,,0,0,1,0,0,0,1,0,,,,,,,,
BenchmarkTest02660.java,0,CWE-327,CWE-327,1,0,1,0,0,0,1,0,0,0,1448,0.000362,128,0.000256,13,2.6e-05,0.000644,3.8648910522460938
BenchmarkTest02661.java,0,CWE-327,CWE-327,1,0,1,0,0,0,1,0,0,0,1260,0.000315,128,0.000256,13,2.6e-05,0.000597,3.453645944595337
BenchmarkTest02662.java,0,CWE-327,,,,0,0,1,0,0,0,1,0,,,,,,,,
BenchmarkTest02663.java,0,CWE-327,CWE-327,1,0,1,0,0,0,1,0,0,0,1220,0.000305,256,0.000512,13,2.6e-05,0.000843,4.326300144195557
BenchmarkTest02664.java,0,CWE-22,,,,0,0,1,0,0,0,1,0,,,,,,,,
BenchmarkTest02665.java,0,CWE-22,,,,0,0,1,0,0,0,1,0,,,,,,,,
BenchmarkTest02666.java,0,CWE-22,,,,0,0,1,0,0,0,1,0,,,,,,,,
BenchmarkTest02667.java,0,CWE-22,,,,0,0,1,0,0,0,1,0,,,,,,,,
BenchmarkTest02668.java,0,CWE-22,,,,0,0,1,0,0,0,1,0,,,,,,,,
BenchmarkTest02669.java,0,CWE-22,,,,0,0,1,0,0,0,1,0,,,,,,,,
BenchmarkTest02670.java,0,CWE-328,CWE-916,0,0,1,0,0,0,1,0,0,0,1329,0.00033225,320,0.00064,13,2.6e-05,0.00099825,4.491216421127319
BenchmarkTest02671.java,0,CWE-328,CWE-916,0,0,1,0,0,0,1,0,0,0,1356,0.000339,192,0.000384,13,2.6e-05,0.000749,3.838341236114502
BenchmarkTest02672.java,0,CWE-328,,,,0,0,1,0,0,0,1,0,,,,,,,,
BenchmarkTest02673.java,0,CWE-328,,,,0,0,1,0,0,0,1,0,,,,,,,,
BenchmarkTest02674.java,0,CWE-328,CWE-916,0,0,1,0,0,0,1,0,0,0,1382,0.0003455,256,0.000512,13,2.6e-05,0.0008835,2.639155149459839
BenchmarkTest02675.java,0,CWE-328,CWE-916,0,0,1,0,0,0,1,0,0,0,1180,0.000295,128,0.000256,13,2.6e-05,0.000577,2.3964152336120605
BenchmarkTest02676.java,0,CWE-328,,,,0,0,1,0,0,0,1,0,,,,,,,,
BenchmarkTest02677.java,0,CWE-328,,,,0,0,0,1,0,0,0,1,,,,,,,,
BenchmarkTest02678.java,0,CWE-328,,,,0,0,1,0,0,0,1,0,,,,,,,,
BenchmarkTest02679.java,0,CWE-79,,,,0,0,1,0,0,0,1,0,,,,,,,,
BenchmarkTest02680.java,0,CWE-79,,,,0,0,1,0,0,0,1,0,,,,,,,,
BenchmarkTest02681.java,0,CWE-79,,,,0,0,1,0,0,0,1,0,,,,,,,,
BenchmarkTest02682.java,0,CWE-79,,,,0,0,1,0,0,0,1,0,,,,,,,,
BenchmarkTest02683.java,0,CWE-79,,,,0,0,1,0,0,0,1,0,,,,,,,,
BenchmarkTest02684.java,0,CWE-79,,,,0,0,1,0,0,0,1,0,,,,,,,,
BenchmarkTest02685.java,0,CWE-79,,,,0,0,1,0,0,0,1,0,,,,,,,,
BenchmarkTest02686.java,0,CWE-79,,,,0,0,1,0,0,0,1,0,,,,,,,,
BenchmarkTest02687.java,0,CWE-79,,,,0,0,1,0,0,0,1,0,,,,,,,,
BenchmarkTest02688.java,0,CWE-79,,,,0,0,1,0,0,0,1,0,,,,,,,,
BenchmarkTest02689.java,0,CWE-79,,,,0,0,1,0,0,0,1,0,,,,,,,,
BenchmarkTest02690.java,0,CWE-79,,,,0,0,1,0,0,0,1,0,,,,,,,,
BenchmarkTest02691.java,0,CWE-79,,,,0,0,1,0,0,0,1,0,,,,,,,,
BenchmarkTest02692.java,0,CWE-79,,,,0,0,1,0,0,0,1,0,,,,,,,,
BenchmarkTest02693.java,0,CWE-79,,,,0,0,1,0,0,0,1,0,,,,,,,,
BenchmarkTest02694.java,0,CWE-79,,,,0,0,1,0,0,0,1,0,,,,,,,,
BenchmarkTest02695.java,0,CWE-79,,,,0,0,1,0,0,0,1,0,,,,,,,,
BenchmarkTest02696.java,0,CWE-79,,,,0,0,1,0,0,0,1,0,,,,,,,,
BenchmarkTest02697.java,0,CWE-78,,,,0,0,1,0,0,0,1,0,,,,,,,,
BenchmarkTest02698.java,0,CWE-78,,,,0,0,1,0,0,0,1,0,,,,,,,,
BenchmarkTest02699.java,0,CWE-78,,,,0,0,1,0,0,0,1,0,,,,,,,,
BenchmarkTest02700.java,0,CWE-330,CWE-330,1,0,1,0,0,0,1,0,0,0,1283,0.00032075,256,0.000512,13,2.6e-05,0.0008587499999999999,2.415048122406006
BenchmarkTest02701.java,0,CWE-330,CWE-330,1,0,1,0,0,0,1,0,0,0,1259,0.00031475,128,0.000256,13,2.6e-05,0.00059675,1.6331486701965332
BenchmarkTest02702.java,0,CWE-330,CWE-330,1,0,1,0,0,0,1,0,0,0,1251,0.00031275,640,0.00128,13,2.6e-05,0.00161875,6.809967994689941
BenchmarkTest02703.java,0,CWE-330,CWE-330,1,0,1,0,0,0,1,0,0,0,1248,0.000312,704,0.001408,13,2.6e-05,0.001746,5.242572546005249
BenchmarkTest02704.java,0,CWE-330,CWE-330,1,0,1,0,0,0,1,0,0,0,1276,0.000319,192,0.000384,13,2.6e-05,0.000729,2.882080554962158
BenchmarkTest02705.java,0,CWE-330,CWE-330,1,0,1,0,0,0,1,0,0,0,1266,0.0003165,192,0.000384,13,2.6e-05,0.0007264999999999999,3.6374359130859375
BenchmarkTest02706.java,0,CWE-330,CWE-330,1,0,1,0,0,0,1,0,0,0,1243,0.00031075,128,0.000256,13,2.6e-05,0.00059275,1.7809429168701172
BenchmarkTest02707.java,0,CWE-330,CWE-330,1,0,1,0,0,0,1,0,0,0,1234,0.0003085,128,0.000256,13,2.6e-05,0.0005905,2.1390342712402344
BenchmarkTest02708.java,0,CWE-330,CWE-330,1,0,1,0,0,0,1,0,0,0,1209,0.00030225,192,0.000384,13,2.6e-05,0.00071225,2.4106485843658447
BenchmarkTest02709.java,0,CWE-614,CWE-614,1,0,1,0,0,0,1,0,0,0,1019,0.00025475,128,0.000256,13,2.6e-05,0.0005367499999999999,1.916649341583252
BenchmarkTest02710.java,0,CWE-614,CWE-614,1,0,1,0,0,0,1,0,0,0,993,0.00024825,192,0.000384,13,2.6e-05,0.00065825,1.9961791038513184
BenchmarkTest02711.java,0,CWE-614,,,,0,0,1,0,0,0,1,0,,,,,,,,
BenchmarkTest02712.java,0,CWE-79,,,,0,0,1,0,0,0,1,0,,,,,,,,
BenchmarkTest02713.java,0,CWE-78,,,,0,0,1,0,0,0,1,0,,,,,,,,
BenchmarkTest02714.java,0,CWE-78,,,,0,0,1,0,0,0,1,0,,,,,,,,
BenchmarkTest02715.java,0,CWE-330,,,,0,0,1,0,0,0,1,0,,,,,,,,
BenchmarkTest02716.java,0,CWE-330,,,,0,0,1,0,0,0,1,0,,,,,,,,
BenchmarkTest02717.java,0,CWE-330,,,,0,0,1,0,0,0,1,0,,,,,,,,
BenchmarkTest02718.java,0,CWE-330,,,,0,0,1,0,0,0,1,0,,,,,,,,
BenchmarkTest02719.java,0,CWE-330,,,,0,0,1,0,0,0,1,0,,,,,,,,
BenchmarkTest02720.java,0,CWE-330,,,,0,0,1,0,0,0,1,0,,,,,,,,
BenchmarkTest02721.java,0,CWE-330,,,,0,0,1,0,0,0,1,0,,,,,,,,
BenchmarkTest02727.java,0,CWE-89,,,,0,0,1,0,0,0,1,0,,,,,,,,
BenchmarkTest02728.java,0,CWE-89,,,,0,0,1,0,0,0,1,0,,,,,,,,
BenchmarkTest02729.java,0,CWE-89,,,,0,0,1,0,0,0,1,0,,,,,,,,
BenchmarkTest02730.java,0,CWE-89,,,,0,0,1,0,0,0,1,0,,,,,,,,
BenchmarkTest02731.java,0,CWE-89,,,,0,0,1,0,0,0,1,0,,,,,,,,
BenchmarkTest02732.java,0,CWE-89,,,,0,0,1,0,0,0,1,0,,,,,,,,
BenchmarkTest02733.java,0,CWE-89,,,,0,0,1,0,0,0,1,0,,,,,,,,
BenchmarkTest02734.java,0,CWE-89,,,,0,0,1,0,0,0,1,0,,,,,,,,
BenchmarkTest02735.java,0,CWE-89,,,,0,0,1,0,0,0,1,0,,,,,,,,
BenchmarkTest02736.java,0,CWE-89,,,,0,0,1,0,0,0,1,0,,,,,,,,
BenchmarkTest02737.java,0,CWE-89,,,,0,0,1,0,0,0,1,0,,,,,,,,
BenchmarkTest02738.java,0,CWE-89,,,,0,0,1,0,0,0,1,0,,,,,,,,
BenchmarkTest02739.java,0,CWE-89,,,,0,0,1,0,0,0,1,0,,,,,,,,
BenchmarkTest02740.java,0,CWE-89,,,,0,0,1,0,0,0,1,0,,,,,,,,
