file_name,error,correct_cwe,matched_cwe,direct_match,was_changed,tp_old,fp_old,tn_old,fn_old,tp_new,fp_new,tn_new,fn_new,input_token,input_cost,reasoning_token,reasoning_cost,output_token,output_cost,total_cost,analysis_time
BenchmarkTest00001.java,0,CWE-22,CWE-23,0,0,1,0,0,0,1,0,0,0,1439,0.002878,0,0.0,445,0.00356,0.006437999999999999,7.100715398788452
BenchmarkTest00002.java,0,CWE-22,CWE-23,0,0,1,0,0,0,1,0,0,0,1331,0.002662,0,0.0,504,0.004032,0.006694,6.411848783493042
BenchmarkTest00003.java,0,CWE-328,,,,0,0,0,1,0,0,0,1,,,,,,,,
BenchmarkTest00005.java,0,CWE-327,CWE-327,1,0,1,0,0,0,1,0,0,0,1213,0.002426,0,0.0,379,0.003032,0.005458,5.960461616516113
BenchmarkTest00006.java,0,CWE-78,CWE-78,1,0,1,0,0,0,1,0,0,0,933,0.001866,0,0.0,510,0.00408,0.005946,6.808397531509399
BenchmarkTest00007.java,0,CWE-78,CWE-78,1,0,1,0,0,0,1,0,0,0,844,0.001688,0,0.0,437,0.003496,0.005184,6.769652605056763
BenchmarkTest00008.java,0,CWE-89,CWE-89,1,0,1,0,0,0,1,0,0,0,844,0.001688,0,0.0,397,0.003176,0.004864,5.707539081573486
BenchmarkTest00009.java,0,CWE-328,,,,0,0,1,0,0,0,1,0,,,,,,,,
BenchmarkTest00010.java,0,CWE-330,,,,0,0,1,0,0,0,1,0,,,,,,,,
BenchmarkTest00011.java,0,CWE-22,CWE-23,0,0,1,0,0,0,1,0,0,0,1155,0.00231,0,0.0,494,0.003952,0.006262,6.785357713699341
BenchmarkTest00012.java,0,CWE-90,CWE-90,1,0,1,0,0,0,1,0,0,0,1167,0.002334,0,0.0,420,0.00336,0.005694,6.246319055557251
BenchmarkTest00013.java,0,CWE-79,CWE-79,1,0,1,0,0,0,1,0,0,0,1263,0.002526,0,0.0,451,0.003608,0.0061340000000000006,6.3596556186676025
BenchmarkTest00014.java,0,CWE-79,CWE-79,1,0,1,0,0,0,1,0,0,0,1260,0.00252,0,0.0,453,0.003624,0.006144,7.6344544887542725
BenchmarkTest00015.java,0,CWE-78,CWE-78,1,0,1,0,0,0,1,0,0,0,945,0.00189,0,0.0,467,0.003736,0.005626,7.227046728134155
BenchmarkTest00016.java,0,CWE-614,,,,0,0,1,0,0,0,1,0,,,,,,,,
BenchmarkTest00017.java,0,CWE-78,CWE-78,1,0,1,0,0,0,1,0,0,0,913,0.001826,0,0.0,468,0.003744,0.00557,6.477033615112305
BenchmarkTest00018.java,0,CWE-89,CWE-89,1,0,1,0,0,0,1,0,0,0,851,0.001702,0,0.0,375,0.003,0.004702,5.242947101593018
BenchmarkTest00019.java,0,CWE-327,CWE-327,1,0,1,0,0,0,1,0,0,0,1162,0.002324,0,0.0,372,0.002976,0.0053,4.027190685272217
BenchmarkTest00020.java,0,CWE-327,CWE-327,1,0,1,0,0,0,1,0,0,0,1544,0.003088,0,0.0,383,0.003064,0.0061519999999999995,6.032459259033203
BenchmarkTest00021.java,0,CWE-90,CWE-90,1,0,1,0,0,0,1,0,0,0,1108,0.002216,0,0.0,387,0.003096,0.005312,5.254978656768799
BenchmarkTest00022.java,0,CWE-328,,,,0,0,1,0,0,0,1,0,,,,,,,,
BenchmarkTest00023.java,0,CWE-330,CWE-330,1,0,1,0,0,0,1,0,0,0,1187,0.002374,0,0.0,361,0.002888,0.005261999999999999,4.137490749359131
BenchmarkTest00024.java,0,CWE-89,CWE-89,1,0,1,0,0,0,1,0,0,0,866,0.001732,0,0.0,415,0.00332,0.005052,11.196088790893555
BenchmarkTest00025.java,0,CWE-89,,,,0,0,0,1,0,0,0,1,,,,,,,,
BenchmarkTest00026.java,0,CWE-89,,,,0,0,0,1,0,0,0,1,,,,,,,,
BenchmarkTest00027.java,0,CWE-89,CWE-89,1,0,1,0,0,0,1,0,0,0,814,0.001628,0,0.0,317,0.002536,0.004164,3.9210383892059326
BenchmarkTest00028.java,0,CWE-22,CWE-23,0,0,1,0,0,0,1,0,0,0,1192,0.002384,0,0.0,435,0.00348,0.005863999999999999,6.063906192779541
BenchmarkTest00029.java,0,CWE-328,,,,0,0,0,1,0,0,0,1,,,,,,,,
BenchmarkTest00030.java,0,CWE-79,CWE-79,1,0,1,0,0,0,1,0,0,0,1253,0.002506,0,0.0,471,0.003768,0.006274,6.136335134506226
BenchmarkTest00032.java,0,CWE-89,,,,0,0,0,1,0,0,0,1,,,,,,,,
BenchmarkTest00033.java,0,CWE-89,,,,0,0,0,1,0,0,0,1,,,,,,,,
BenchmarkTest00034.java,0,CWE-89,CWE-89,1,0,1,0,0,0,1,0,0,0,852,0.001704,0,0.0,420,0.00336,0.005064,6.147037744522095
BenchmarkTest00035.java,0,CWE-327,CWE-327,1,0,1,0,0,0,1,0,0,0,1276,0.002552,0,0.0,448,0.003584,0.006136,7.789109945297241
BenchmarkTest00036.java,0,CWE-79,CWE-79,1,0,1,0,0,0,1,0,0,0,1338,0.002676,0,0.0,556,0.004448,0.007124,7.978008031845093
BenchmarkTest00037.java,0,CWE-89,CWE-89,1,0,1,0,0,0,1,0,0,0,966,0.001932,0,0.0,471,0.003768,0.0057,6.264434576034546
BenchmarkTest00038.java,0,CWE-89,CWE-89,1,0,1,0,0,0,1,0,0,0,1098,0.002196,0,0.0,616,0.004928,0.007124,6.5323216915130615
BenchmarkTest00039.java,0,CWE-89,,,,0,0,0,1,0,0,0,1,,,,,,,,
BenchmarkTest00040.java,0,CWE-22,,,,0,0,0,1,0,0,0,1,,,,,,,,
BenchmarkTest00041.java,0,CWE-79,,,,0,0,0,1,0,0,0,1,,,,,,,,
BenchmarkTest00042.java,0,CWE-330,,,,0,0,1,0,0,0,1,0,,,,,,,,
BenchmarkTest00043.java,0,CWE-89,,,,0,0,0,1,0,0,0,1,,,,,,,,
BenchmarkTest00044.java,0,CWE-90,CWE-90,1,0,1,0,0,0,1,0,0,0,1107,0.002214,0,0.0,459,0.003672,0.005886,6.461871147155762
BenchmarkTest00045.java,0,CWE-22,CWE-23,0,0,1,0,0,0,1,0,0,0,1142,0.002284,0,0.0,404,0.003232,0.005516,5.0136919021606445
BenchmarkTest00046.java,0,CWE-328,CWE-916,0,0,1,0,0,0,1,0,0,0,1133,0.002266,0,0.0,376,0.003008,0.005273999999999999,5.901793718338013
BenchmarkTest00047.java,0,CWE-79,CWE-79,1,0,1,0,0,0,1,0,0,0,1381,0.002762,0,0.0,532,0.004256,0.007018,5.855830669403076
BenchmarkTest00048.java,0,CWE-79,CWE-79,1,0,1,0,0,0,1,0,0,0,1376,0.002752,0,0.0,461,0.003688,0.0064399999999999995,5.251133680343628
BenchmarkTest00049.java,0,CWE-79,CWE-79,1,0,1,0,0,0,1,0,0,0,1374,0.002748,0,0.0,395,0.00316,0.005908,5.1880834102630615
BenchmarkTest00050.java,0,CWE-327,CWE-327,1,0,1,0,0,0,1,0,0,0,1560,0.00312,0,0.0,386,0.003088,0.006208,5.511813402175903
BenchmarkTest00051.java,0,CWE-78,,,,0,0,1,0,0,0,1,0,,,,,,,,
BenchmarkTest00052.java,0,CWE-89,,,,0,0,1,0,0,0,1,0,,,,,,,,
BenchmarkTest00053.java,0,CWE-327,CWE-327,1,0,1,0,0,0,1,0,0,0,1695,0.00339,0,0.0,354,0.002832,0.006222,4.63995361328125
BenchmarkTest00054.java,0,CWE-327,,,,0,0,1,0,0,0,1,0,,,,,,,,
BenchmarkTest00055.java,0,CWE-327,CWE-327,1,0,1,0,0,0,1,0,0,0,1724,0.003448,0,0.0,315,0.00252,0.005968,6.4774298667907715
BenchmarkTest00056.java,0,CWE-327,CWE-327,1,0,1,0,0,0,1,0,0,0,1791,0.003582,0,0.0,397,0.003176,0.006758,5.465514421463013
BenchmarkTest00057.java,0,CWE-327,CWE-327,1,0,1,0,0,0,1,0,0,0,1401,0.002802,0,0.0,397,0.003176,0.005978,4.943323373794556
BenchmarkTest00058.java,0,CWE-327,,,,0,0,1,0,0,0,1,0,,,,,,,,
BenchmarkTest00059.java,0,CWE-327,,,,0,0,1,0,0,0,1,0,,,,,,,,
BenchmarkTest00060.java,0,CWE-22,CWE-23,0,0,1,0,0,0,1,0,0,0,1354,0.002708,0,0.0,533,0.004264,0.006972000000000001,5.377465486526489
BenchmarkTest00061.java,0,CWE-22,CWE-23,0,1,1,0,0,0,0,0,0,1,1341,0.002682,0,0.0,616,0.004928,0.0076100000000000004,7.427248477935791
BenchmarkTest00062.java,0,CWE-22,CWE-23,0,0,1,0,0,0,1,0,0,0,1530,0.00306,0,0.0,406,0.003248,0.006307999999999999,6.6576128005981445
BenchmarkTest00063.java,0,CWE-22,,,,0,0,1,0,0,0,1,0,,,,,,,,
BenchmarkTest00064.java,0,CWE-22,,,,0,0,1,0,0,0,1,0,,,,,,,,
BenchmarkTest00065.java,0,CWE-22,CWE-23,0,0,1,0,0,0,1,0,0,0,1501,0.003002,0,0.0,544,0.004352,0.007353999999999999,7.044203042984009
BenchmarkTest00066.java,0,CWE-330,CWE-330,1,0,1,0,0,0,1,0,0,0,1393,0.002786,0,0.0,377,0.003016,0.005802,4.828556776046753
BenchmarkTest00067.java,0,CWE-330,CWE-330,1,0,1,0,0,0,1,0,0,0,1592,0.003184,0,0.0,397,0.003176,0.00636,6.67297887802124
BenchmarkTest00068.java,0,CWE-330,CWE-330,1,0,1,0,0,0,1,0,0,0,1387,0.002774,0,0.0,436,0.003488,0.006262,5.439023017883301
BenchmarkTest00069.java,0,CWE-328,,,,0,0,1,0,0,0,1,0,,,,,,,,
BenchmarkTest00070.java,0,CWE-328,CWE-916,0,0,1,0,0,0,1,0,0,0,1386,0.002772,0,0.0,524,0.004192,0.006964000000000001,6.627466440200806
BenchmarkTest00071.java,0,CWE-328,CWE-916,0,0,1,0,0,0,1,0,0,0,1390,0.00278,0,0.0,392,0.003136,0.005915999999999999,4.398518085479736
BenchmarkTest00072.java,0,CWE-328,,,,0,0,1,0,0,0,1,0,,,,,,,,
BenchmarkTest00073.java,0,CWE-328,CWE-916,0,0,1,0,0,0,1,0,0,0,1373,0.002746,0,0.0,391,0.003128,0.005874000000000001,6.252659320831299
BenchmarkTest00074.java,0,CWE-328,,,,0,0,0,1,0,0,0,1,,,,,,,,
BenchmarkTest00075.java,0,CWE-328,,,,0,0,1,0,0,0,1,0,,,,,,,,
BenchmarkTest00076.java,0,CWE-328,,,,0,0,1,0,0,0,1,0,,,,,,,,
BenchmarkTest00077.java,0,CWE-78,CWE-78,1,0,1,0,0,0,1,0,0,0,1178,0.002356,0,0.0,579,0.004632,0.006987999999999999,6.278345108032227
BenchmarkTest00078.java,0,CWE-330,CWE-330,1,0,1,0,0,0,1,0,0,0,1406,0.002812,0,0.0,385,0.00308,0.005892,4.764613151550293
BenchmarkTest00079.java,0,CWE-330,CWE-330,1,0,1,0,0,0,1,0,0,0,1456,0.002912,0,0.0,372,0.002976,0.005888,5.933475494384766
BenchmarkTest00080.java,0,CWE-330,CWE-330,1,0,1,0,0,0,1,0,0,0,1369,0.002738,0,0.0,366,0.002928,0.005666,5.363855600357056
BenchmarkTest00081.java,0,CWE-330,CWE-330,1,0,1,0,0,0,1,0,0,0,1354,0.002708,0,0.0,427,0.003416,0.006124,5.707141637802124
BenchmarkTest00082.java,0,CWE-330,CWE-330,1,0,1,0,0,0,1,0,0,0,1365,0.00273,0,0.0,429,0.003432,0.006162,5.646224737167358
BenchmarkTest00083.java,0,CWE-330,CWE-330,1,0,1,0,0,0,1,0,0,0,1381,0.002762,0,0.0,346,0.002768,0.00553,4.237174987792969
BenchmarkTest00084.java,0,CWE-330,CWE-330,1,0,1,0,0,0,1,0,0,0,1363,0.002726,0,0.0,440,0.00352,0.006246,7.394076108932495
BenchmarkTest00085.java,0,CWE-330,CWE-330,1,0,1,0,0,0,1,0,0,0,1422,0.002844,0,0.0,475,0.0038,0.006644000000000001,5.626004695892334
BenchmarkTest00086.java,0,CWE-330,CWE-330,1,0,1,0,0,0,1,0,0,0,1378,0.002756,0,0.0,364,0.002912,0.005668,4.489256143569946
BenchmarkTest00087.java,0,CWE-614,CWE-614,1,0,1,0,0,0,1,0,0,0,1169,0.002338,0,0.0,440,0.00352,0.005858,4.686073064804077
BenchmarkTest00088.java,0,CWE-614,,,,0,0,1,0,0,0,1,0,,,,,,,,
BenchmarkTest00089.java,0,CWE-614,,,,0,0,1,0,0,0,1,0,,,,,,,,
BenchmarkTest00090.java,0,CWE-78,,,,0,0,1,0,0,0,1,0,,,,,,,,
BenchmarkTest00091.java,0,CWE-78,CWE-78,1,0,1,0,0,0,1,0,0,0,1003,0.002006,0,0.0,368,0.002944,0.0049499999999999995,4.483503818511963
BenchmarkTest00092.java,0,CWE-78,CWE-78,1,0,1,0,0,0,1,0,0,0,1095,0.00219,0,0.0,471,0.003768,0.005958,6.674804925918579
BenchmarkTest00093.java,0,CWE-78,CWE-78,1,0,0,1,0,0,0,1,0,0,1144,0.002288,0,0.0,619,0.004952,0.00724,8.097801208496094
BenchmarkTest00094.java,0,CWE-330,,,,0,0,1,0,0,0,1,0,,,,,,,,
BenchmarkTest00095.java,0,CWE-330,,,,0,0,1,0,0,0,1,0,,,,,,,,
BenchmarkTest00096.java,0,CWE-330,,,,0,0,1,0,0,0,1,0,,,,,,,,
BenchmarkTest00100.java,0,CWE-89,CWE-89,1,0,1,0,0,0,1,0,0,0,1128,0.002256,0,0.0,553,0.004424,0.00668,6.347292900085449
BenchmarkTest00101.java,0,CWE-89,CWE-89,1,0,1,0,0,0,1,0,0,0,1082,0.002164,0,0.0,389,0.003112,0.005276,5.764915943145752
BenchmarkTest00102.java,0,CWE-89,,,,0,0,0,1,0,0,0,1,,,,,,,,
BenchmarkTest00103.java,0,CWE-89,,,,0,0,0,1,0,0,0,1,,,,,,,,
BenchmarkTest00104.java,0,CWE-89,,,,0,0,1,0,0,0,1,0,,,,,,,,
BenchmarkTest00105.java,0,CWE-89,,,,0,0,1,0,0,0,1,0,,,,,,,,
BenchmarkTest00106.java,0,CWE-89,CWE-89,1,0,1,0,0,0,1,0,0,0,1065,0.00213,0,0.0,502,0.004016,0.0061459999999999996,6.559023857116699
BenchmarkTest00107.java,0,CWE-89,,,,0,0,1,0,0,0,1,0,,,,,,,,
BenchmarkTest00108.java,0,CWE-89,CWE-89,1,0,1,0,0,0,1,0,0,0,1098,0.002196,0,0.0,528,0.004224,0.00642,5.495128870010376
BenchmarkTest00109.java,0,CWE-89,CWE-89,1,0,1,0,0,0,1,0,0,0,1044,0.002088,0,0.0,516,0.004128,0.006215999999999999,5.6133036613464355
BenchmarkTest00110.java,0,CWE-89,,,,0,0,1,0,0,0,1,0,,,,,,,,
BenchmarkTest00111.java,0,CWE-89,CWE-89,1,0,1,0,0,0,1,0,0,0,1060,0.00212,0,0.0,402,0.003216,0.0053360000000000005,4.3517186641693115
BenchmarkTest00112.java,0,CWE-89,CWE-89,1,0,1,0,0,0,1,0,0,0,1017,0.002034,0,0.0,473,0.003784,0.005818,4.906672716140747
BenchmarkTest00113.java,0,CWE-89,CWE-89,1,1,0,1,0,0,0,0,1,0,1091,0.002182,0,0.0,550,0.0044,0.006582,5.595611810684204
BenchmarkTest00114.java,0,CWE-89,,,,0,0,1,0,0,0,1,0,,,,,,,,
BenchmarkTest00115.java,0,CWE-89,CWE-89,1,0,1,0,0,0,1,0,0,0,1085,0.00217,0,0.0,467,0.003736,0.005906,5.360763311386108
BenchmarkTest00116.java,0,CWE-643,CWE-643,1,1,0,1,0,0,0,0,1,0,1252,0.002504,0,0.0,356,0.002848,0.005352,4.712173938751221
BenchmarkTest00117.java,0,CWE-643,,,,0,0,1,0,0,0,1,0,,,,,,,,
BenchmarkTest00118.java,0,CWE-643,,,,0,0,1,0,0,0,1,0,,,,,,,,
BenchmarkTest00119.java,0,CWE-327,CWE-327,1,0,1,0,0,0,1,0,0,0,1735,0.00347,0,0.0,356,0.002848,0.006318,4.637026071548462
BenchmarkTest00120.java,0,CWE-327,CWE-327,1,0,1,0,0,0,1,0,0,0,1571,0.003142,0,0.0,329,0.002632,0.005774,3.9865987300872803
BenchmarkTest00121.java,0,CWE-327,,,,0,0,1,0,0,0,1,0,,,,,,,,
BenchmarkTest00122.java,0,CWE-327,,,,0,0,1,0,0,0,1,0,,,,,,,,
BenchmarkTest00123.java,0,CWE-327,CWE-327,1,0,1,0,0,0,1,0,0,0,1231,0.002462,0,0.0,381,0.003048,0.00551,4.119974374771118
BenchmarkTest00124.java,0,CWE-327,CWE-327,1,0,1,0,0,0,1,0,0,0,1250,0.0025,0,0.0,351,0.002808,0.005308,3.921236038208008
BenchmarkTest00125.java,0,CWE-327,CWE-327,1,0,1,0,0,0,1,0,0,0,1233,0.002466,0,0.0,389,0.003112,0.005578,5.5594329833984375
BenchmarkTest00126.java,0,CWE-327,,,,0,0,1,0,0,0,1,0,,,,,,,,
BenchmarkTest00127.java,0,CWE-327,,,,0,0,1,0,0,0,1,0,,,,,,,,
BenchmarkTest00128.java,0,CWE-327,,,,0,0,1,0,0,0,1,0,,,,,,,,
BenchmarkTest00129.java,0,CWE-327,,,,0,0,1,0,0,0,1,0,,,,,,,,
BenchmarkTest00130.java,0,CWE-327,,,,0,0,1,0,0,0,1,0,,,,,,,,
BenchmarkTest00131.java,0,CWE-22,CWE-23,0,1,0,1,0,0,0,0,1,0,1230,0.00246,0,0.0,476,0.003808,0.006268,5.672311544418335
BenchmarkTest00132.java,0,CWE-22,CWE-23,0,1,0,1,0,0,0,0,1,0,1383,0.002766,0,0.0,520,0.00416,0.006926,5.525897979736328
BenchmarkTest00133.java,0,CWE-22,CWE-23,0,0,1,0,0,0,1,0,0,0,1271,0.002542,0,0.0,579,0.004632,0.007174,6.263046026229858
BenchmarkTest00134.java,0,CWE-22,CWE-23,0,1,0,1,0,0,0,0,1,0,1219,0.002438,0,0.0,534,0.004272,0.00671,7.086665153503418
BenchmarkTest00135.java,0,CWE-22,CWE-23,0,1,0,1,0,0,0,0,1,0,1237,0.002474,0,0.0,585,0.00468,0.007154000000000001,7.613274574279785
BenchmarkTest00136.java,0,CWE-22,CWE-23,0,1,0,1,0,0,0,0,1,0,1275,0.00255,0,0.0,513,0.004104,0.006654,7.330698251724243
BenchmarkTest00137.java,0,CWE-22,CWE-23,0,1,0,1,0,0,0,0,1,0,1409,0.002818,0,0.0,472,0.003776,0.006594,6.689024925231934
BenchmarkTest00138.java,0,CWE-90,,,,0,0,1,0,0,0,1,0,,,,,,,,
BenchmarkTest00139.java,0,CWE-90,,,,0,0,1,0,0,0,1,0,,,,,,,,
BenchmarkTest00140.java,0,CWE-330,CWE-330,1,0,1,0,0,0,1,0,0,0,1273,0.002546,0,0.0,366,0.002928,0.005474,5.685963153839111
BenchmarkTest00141.java,0,CWE-328,CWE-916,0,0,1,0,0,0,1,0,0,0,1286,0.002572,0,0.0,380,0.00304,0.005612000000000001,5.959027051925659
BenchmarkTest00142.java,0,CWE-328,,,,0,0,1,0,0,0,1,0,,,,,,,,
BenchmarkTest00143.java,0,CWE-328,,,,0,0,0,1,0,0,0,1,,,,,,,,
BenchmarkTest00144.java,0,CWE-79,CWE-79,1,0,1,0,0,0,1,0,0,0,1319,0.002638,0,0.0,447,0.003576,0.006214000000000001,6.311537265777588
BenchmarkTest00145.java,0,CWE-79,CWE-79,1,0,1,0,0,0,1,0,0,0,1341,0.002682,0,0.0,452,0.003616,0.006298,4.745491981506348
BenchmarkTest00146.java,0,CWE-79,CWE-79,1,0,1,0,0,0,1,0,0,0,1312,0.002624,0,0.0,603,0.004824,0.007448,6.690978765487671
BenchmarkTest00147.java,0,CWE-79,CWE-79,1,0,0,1,0,0,0,1,0,0,1327,0.002654,0,0.0,487,0.003896,0.00655,5.994040012359619
BenchmarkTest00148.java,0,CWE-79,CWE-79,1,0,1,0,0,0,1,0,0,0,1293,0.002586,0,0.0,544,0.004352,0.006938,6.34201717376709
BenchmarkTest00149.java,0,CWE-79,CWE-79,1,0,1,0,0,0,1,0,0,0,1288,0.002576,0,0.0,511,0.004088,0.006664,5.638557434082031
BenchmarkTest00150.java,0,CWE-79,CWE-79,1,0,1,0,0,0,1,0,0,0,1298,0.002596,0,0.0,495,0.00396,0.006555999999999999,8.328213930130005
BenchmarkTest00151.java,0,CWE-79,CWE-79,1,0,0,1,0,0,0,1,0,0,1320,0.00264,0,0.0,480,0.00384,0.00648,6.9625771045684814
BenchmarkTest00152.java,0,CWE-79,CWE-79,1,0,1,0,0,0,1,0,0,0,1333,0.002666,0,0.0,545,0.00436,0.007026,8.196736812591553
BenchmarkTest00153.java,0,CWE-79,CWE-79,1,0,1,0,0,0,1,0,0,0,1323,0.002646,0,0.0,415,0.00332,0.005966,5.788537502288818
BenchmarkTest00154.java,0,CWE-79,CWE-79,1,0,1,0,0,0,1,0,0,0,1331,0.002662,0,0.0,478,0.003824,0.0064860000000000004,4.9991114139556885
BenchmarkTest00155.java,0,CWE-79,CWE-79,1,0,1,0,0,0,1,0,0,0,1269,0.002538,0,0.0,458,0.003664,0.006202,4.8756043910980225
BenchmarkTest00156.java,0,CWE-79,CWE-79,1,0,1,0,0,0,1,0,0,0,1307,0.002614,0,0.0,415,0.00332,0.005934,4.485966920852661
BenchmarkTest00157.java,0,CWE-79,CWE-79,1,0,1,0,0,0,1,0,0,0,1267,0.002534,0,0.0,516,0.004128,0.0066619999999999995,6.0729079246521
BenchmarkTest00158.java,0,CWE-78,,,,0,0,1,0,0,0,1,0,,,,,,,,
BenchmarkTest00159.java,0,CWE-78,CWE-78,1,0,1,0,0,0,1,0,0,0,967,0.001934,0,0.0,508,0.004064,0.005998,6.455742597579956
BenchmarkTest00160.java,0,CWE-330,CWE-330,1,0,1,0,0,0,1,0,0,0,1274,0.002548,0,0.0,395,0.00316,0.0057079999999999995,5.405436754226685
BenchmarkTest00161.java,0,CWE-330,CWE-330,1,0,1,0,0,0,1,0,0,0,1345,0.00269,0,0.0,418,0.003344,0.006034,5.0636210441589355
BenchmarkTest00162.java,0,CWE-330,CWE-330,1,0,1,0,0,0,1,0,0,0,1202,0.002404,0,0.0,393,0.003144,0.005548,5.531795263290405
BenchmarkTest00163.java,0,CWE-330,CWE-330,1,0,1,0,0,0,1,0,0,0,1219,0.002438,0,0.0,340,0.00272,0.005158,3.9573974609375
BenchmarkTest00164.java,0,CWE-330,CWE-330,1,0,1,0,0,0,1,0,0,0,1222,0.002444,0,0.0,378,0.003024,0.005468000000000001,5.419296026229858
BenchmarkTest00165.java,0,CWE-330,CWE-330,1,0,1,0,0,0,1,0,0,0,1219,0.002438,0,0.0,398,0.003184,0.005622,4.895689010620117
BenchmarkTest00166.java,0,CWE-330,CWE-330,1,0,1,0,0,0,1,0,0,0,1187,0.002374,0,0.0,377,0.003016,0.00539,4.4657487869262695
BenchmarkTest00167.java,0,CWE-330,CWE-330,1,0,1,0,0,0,1,0,0,0,1235,0.00247,0,0.0,346,0.002768,0.005238,4.215533494949341
BenchmarkTest00168.java,0,CWE-330,CWE-330,1,0,1,0,0,0,1,0,0,0,1221,0.002442,0,0.0,366,0.002928,0.00537,4.618952989578247
BenchmarkTest00169.java,0,CWE-614,CWE-614,1,0,1,0,0,0,1,0,0,0,1043,0.002086,0,0.0,380,0.00304,0.005126,5.658774375915527
BenchmarkTest00170.java,0,CWE-614,CWE-614,1,0,1,0,0,0,1,0,0,0,1215,0.00243,0,0.0,363,0.002904,0.005334,4.2915520668029785
BenchmarkTest00171.java,0,CWE-78,CWE-78,1,1,0,1,0,0,0,0,1,0,1122,0.002244,0,0.0,436,0.003488,0.005732,5.102559566497803
BenchmarkTest00172.java,0,CWE-78,CWE-78,1,0,1,0,0,0,1,0,0,0,946,0.001892,0,0.0,490,0.00392,0.0058119999999999995,5.686891794204712
BenchmarkTest00173.java,0,CWE-78,CWE-78,1,0,1,0,0,0,1,0,0,0,927,0.001854,0,0.0,535,0.00428,0.006134,6.179826736450195
BenchmarkTest00174.java,0,CWE-78,CWE-78,1,0,1,0,0,0,1,0,0,0,873,0.001746,0,0.0,532,0.004256,0.006002,5.965490341186523
BenchmarkTest00175.java,0,CWE-78,CWE-78,1,1,0,1,0,0,0,0,1,0,942,0.001884,0,0.0,525,0.0042,0.006084,5.768174886703491
BenchmarkTest00176.java,0,CWE-78,CWE-78,1,0,1,0,0,0,1,0,0,0,933,0.001866,0,0.0,579,0.004632,0.006498,5.768610000610352
BenchmarkTest00177.java,0,CWE-78,,,,0,0,1,0,0,0,1,0,,,,,,,,
BenchmarkTest00178.java,0,CWE-330,,,,0,0,1,0,0,0,1,0,,,,,,,,
BenchmarkTest00179.java,0,CWE-330,,,,0,0,1,0,0,0,1,0,,,,,,,,
BenchmarkTest00180.java,0,CWE-330,,,,0,0,1,0,0,0,1,0,,,,,,,,
BenchmarkTest00181.java,0,CWE-330,,,,0,0,1,0,0,0,1,0,,,,,,,,
BenchmarkTest00182.java,0,CWE-330,,,,0,0,1,0,0,0,1,0,,,,,,,,
BenchmarkTest00183.java,0,CWE-330,,,,0,0,1,0,0,0,1,0,,,,,,,,
BenchmarkTest00184.java,0,CWE-330,,,,0,0,1,0,0,0,1,0,,,,,,,,
BenchmarkTest00185.java,0,CWE-330,,,,0,0,1,0,0,0,1,0,,,,,,,,
BenchmarkTest00186.java,0,CWE-330,,,,0,0,1,0,0,0,1,0,,,,,,,,
BenchmarkTest00187.java,0,CWE-330,,,,0,0,1,0,0,0,1,0,,,,,,,,
BenchmarkTest00188.java,0,CWE-330,,,,0,0,1,0,0,0,1,0,,,,,,,,
BenchmarkTest00190.java,0,CWE-89,CWE-89,1,1,0,1,0,0,0,0,1,0,944,0.001888,0,0.0,590,0.00472,0.006608,6.321087837219238
BenchmarkTest00191.java,0,CWE-89,CWE-89,1,1,0,1,0,0,0,0,1,0,957,0.001914,0,0.0,549,0.004392,0.006306,5.2643561363220215
BenchmarkTest00192.java,0,CWE-89,CWE-89,1,0,1,0,0,0,1,0,0,0,953,0.001906,0,0.0,516,0.004128,0.006033999999999999,6.231380462646484
BenchmarkTest00193.java,0,CWE-89,CWE-89,1,0,1,0,0,0,1,0,0,0,906,0.001812,0,0.0,458,0.003664,0.005476,5.52746057510376
BenchmarkTest00194.java,0,CWE-89,CWE-89,1,0,1,0,0,0,1,0,0,0,932,0.001864,0,0.0,430,0.00344,0.005304,6.2346086502075195
BenchmarkTest00195.java,0,CWE-89,,,,0,0,0,1,0,0,0,1,,,,,,,,
BenchmarkTest00196.java,0,CWE-89,,,,0,0,0,1,0,0,0,1,,,,,,,,
BenchmarkTest00197.java,0,CWE-89,CWE-89,1,0,0,1,0,0,0,1,0,0,1099,0.002198,0,0.0,407,0.003256,0.0054540000000000005,4.680273532867432
BenchmarkTest00198.java,0,CWE-89,,,,0,0,0,1,0,0,0,1,,,,,,,,
BenchmarkTest00199.java,0,CWE-89,,,,0,0,0,1,0,0,0,1,,,,,,,,
BenchmarkTest00200.java,0,CWE-89,CWE-89,1,0,0,1,0,0,0,1,0,0,952,0.001904,0,0.0,408,0.003264,0.005168,4.0094897747039795
BenchmarkTest00201.java,0,CWE-89,,,,0,0,1,0,0,0,1,0,,,,,,,,
BenchmarkTest00202.java,0,CWE-89,,,,0,0,1,0,0,0,1,0,,,,,,,,
BenchmarkTest00203.java,0,CWE-89,CWE-89,1,0,1,0,0,0,1,0,0,0,883,0.001766,0,0.0,449,0.003592,0.005358,5.766732454299927
BenchmarkTest00204.java,0,CWE-89,CWE-89,1,0,1,0,0,0,1,0,0,0,881,0.001762,0,0.0,452,0.003616,0.005378,5.45074200630188
BenchmarkTest00205.java,0,CWE-89,CWE-89,1,1,0,1,0,0,0,0,1,0,921,0.001842,0,0.0,535,0.00428,0.006122,5.667216777801514
BenchmarkTest00206.java,0,CWE-89,,,,0,0,1,0,0,0,1,0,,,,,,,,
BenchmarkTest00207.java,0,CWE-643,CWE-643,1,0,1,0,0,0,1,0,0,0,956,0.001912,0,0.0,413,0.003304,0.005216,4.831099033355713
BenchmarkTest00208.java,0,CWE-327,CWE-327,1,0,1,0,0,0,1,0,0,0,1663,0.003326,0,0.0,391,0.003128,0.006454,4.5470216274261475
BenchmarkTest00209.java,0,CWE-327,,,,0,0,1,0,0,0,1,0,,,,,,,,
BenchmarkTest00210.java,0,CWE-327,CWE-327,1,0,1,0,0,0,1,0,0,0,1303,0.002606,0,0.0,421,0.003368,0.005974,5.138997316360474
BenchmarkTest00211.java,0,CWE-327,,,,0,0,1,0,0,0,1,0,,,,,,,,
BenchmarkTest00212.java,0,CWE-327,,,,0,0,1,0,0,0,1,0,,,,,,,,
BenchmarkTest00213.java,0,CWE-327,,,,0,0,1,0,0,0,1,0,,,,,,,,
BenchmarkTest00214.java,0,CWE-327,,,,0,0,1,0,0,0,1,0,,,,,,,,
BenchmarkTest00215.java,0,CWE-22,CWE-23,0,0,1,0,0,0,1,0,0,0,1214,0.002428,0,0.0,518,0.004144,0.006572,6.224318742752075
BenchmarkTest00216.java,0,CWE-22,CWE-23,0,0,1,0,0,0,1,0,0,0,1241,0.002482,0,0.0,499,0.003992,0.006474,6.654410362243652
BenchmarkTest00217.java,0,CWE-22,,,,0,0,1,0,0,0,1,0,,,,,,,,
BenchmarkTest00218.java,0,CWE-22,CWE-23,0,0,1,0,0,0,1,0,0,0,1441,0.002882,0,0.0,550,0.0044,0.007282,7.915858507156372
BenchmarkTest00219.java,0,CWE-22,CWE-23,0,0,1,0,0,0,1,0,0,0,1379,0.002758,0,0.0,496,0.003968,0.006726,5.04369592666626
BenchmarkTest00220.java,0,CWE-22,,,,0,0,1,0,0,0,1,0,,,,,,,,
BenchmarkTest00221.java,0,CWE-22,,,,0,0,1,0,0,0,1,0,,,,,,,,
BenchmarkTest00222.java,0,CWE-22,CWE-23,0,0,1,0,0,0,1,0,0,0,1332,0.002664,0,0.0,582,0.004656,0.00732,6.1189796924591064
BenchmarkTest00223.java,0,CWE-328,CWE-916,0,0,1,0,0,0,1,0,0,0,1394,0.002788,0,0.0,514,0.004112,0.0069,5.9306135177612305
BenchmarkTest00224.java,0,CWE-328,,,,0,0,1,0,0,0,1,0,,,,,,,,
BenchmarkTest00225.java,0,CWE-328,,,,0,0,1,0,0,0,1,0,,,,,,,,
BenchmarkTest00226.java,0,CWE-328,,,,0,0,0,1,0,0,0,1,,,,,,,,
BenchmarkTest00227.java,0,CWE-328,,,,0,0,0,1,0,0,0,1,,,,,,,,
BenchmarkTest00228.java,0,CWE-328,,,,0,0,1,0,0,0,1,0,,,,,,,,
BenchmarkTest00229.java,0,CWE-328,,,,0,0,1,0,0,0,1,0,,,,,,,,
BenchmarkTest00230.java,0,CWE-330,CWE-330,1,0,1,0,0,0,1,0,0,0,1316,0.002632,0,0.0,384,0.003072,0.005704,5.049307823181152
BenchmarkTest00231.java,0,CWE-330,CWE-330,1,0,1,0,0,0,1,0,0,0,1333,0.002666,0,0.0,436,0.003488,0.006154,5.481275320053101
BenchmarkTest00232.java,0,CWE-330,CWE-330,1,0,1,0,0,0,1,0,0,0,1348,0.002696,0,0.0,396,0.003168,0.005863999999999999,5.26987099647522
BenchmarkTest00233.java,0,CWE-330,CWE-330,1,0,1,0,0,0,1,0,0,0,1270,0.00254,0,0.0,465,0.00372,0.00626,6.85683274269104
BenchmarkTest00234.java,0,CWE-330,CWE-330,1,0,1,0,0,0,1,0,0,0,1346,0.002692,0,0.0,394,0.003152,0.005844,5.860675096511841
BenchmarkTest00235.java,0,CWE-330,CWE-330,1,0,1,0,0,0,1,0,0,0,1270,0.00254,0,0.0,420,0.00336,0.005900000000000001,5.4625771045684814
BenchmarkTest00236.java,0,CWE-330,CWE-330,1,0,1,0,0,0,1,0,0,0,1279,0.002558,0,0.0,431,0.003448,0.006006,5.507923126220703
BenchmarkTest00237.java,0,CWE-330,CWE-330,1,0,1,0,0,0,1,0,0,0,1331,0.002662,0,0.0,405,0.00324,0.005901999999999999,5.021794557571411
BenchmarkTest00238.java,0,CWE-330,CWE-330,1,0,1,0,0,0,1,0,0,0,1286,0.002572,0,0.0,366,0.002928,0.0055,4.644588470458984
BenchmarkTest00239.java,0,CWE-330,CWE-330,1,0,1,0,0,0,1,0,0,0,1459,0.002918,0,0.0,456,0.003648,0.006566000000000001,6.013601541519165
BenchmarkTest00240.java,0,CWE-330,CWE-330,1,0,1,0,0,0,1,0,0,0,1272,0.002544,0,0.0,405,0.00324,0.005783999999999999,4.8273842334747314
BenchmarkTest00241.java,0,CWE-614,CWE-614,1,0,1,0,0,0,1,0,0,0,1066,0.002132,0,0.0,310,0.00248,0.004612,3.7121171951293945
BenchmarkTest00242.java,0,CWE-614,,,,0,0,1,0,0,0,1,0,,,,,,,,
BenchmarkTest00243.java,0,CWE-330,,,,0,0,1,0,0,0,1,0,,,,,,,,
BenchmarkTest00244.java,0,CWE-330,,,,0,0,1,0,0,0,1,0,,,,,,,,
BenchmarkTest00245.java,0,CWE-330,CWE-330,1,1,0,1,0,0,0,0,1,0,1575,0.00315,0,0.0,647,0.005176,0.008326,7.528900384902954
BenchmarkTest00246.java,0,CWE-330,,,,0,0,1,0,0,0,1,0,,,,,,,,
BenchmarkTest00247.java,0,CWE-330,,,,0,0,1,0,0,0,1,0,,,,,,,,
BenchmarkTest00248.java,0,CWE-330,,,,0,0,1,0,0,0,1,0,,,,,,,,
BenchmarkTest00249.java,0,CWE-330,,,,0,0,1,0,0,0,1,0,,,,,,,,
BenchmarkTest00254.java,0,CWE-327,CWE-327,1,0,1,0,0,0,1,0,0,0,1572,0.003144,0,0.0,395,0.00316,0.006304000000000001,5.478553533554077
BenchmarkTest00255.java,0,CWE-327,,,,0,0,1,0,0,0,1,0,,,,,,,,
BenchmarkTest00256.java,0,CWE-327,CWE-327,1,0,1,0,0,0,1,0,0,0,1650,0.0033,0,0.0,323,0.002584,0.005884,4.367039680480957
BenchmarkTest00257.java,0,CWE-327,CWE-327,1,0,1,0,0,0,1,0,0,0,1615,0.00323,0,0.0,350,0.0028,0.00603,5.178574323654175
BenchmarkTest00258.java,0,CWE-327,CWE-327,1,0,1,0,0,0,1,0,0,0,1596,0.003192,0,0.0,361,0.002888,0.00608,4.497672080993652
BenchmarkTest00259.java,0,CWE-327,,,,0,0,1,0,0,0,1,0,,,,,,,,
BenchmarkTest00260.java,0,CWE-327,,,,0,0,1,0,0,0,1,0,,,,,,,,
BenchmarkTest00261.java,0,CWE-22,,,,0,0,1,0,0,0,1,0,,,,,,,,
BenchmarkTest00262.java,0,CWE-22,CWE-23,0,0,1,0,0,0,1,0,0,0,1249,0.002498,0,0.0,658,0.005264,0.007762,9.74129605293274
BenchmarkTest00263.java,0,CWE-22,CWE-23,0,1,0,1,0,0,0,0,1,0,1395,0.00279,0,0.0,537,0.004296,0.007086,5.703549146652222
BenchmarkTest00264.java,0,CWE-22,CWE-23,0,0,1,0,0,0,1,0,0,0,1343,0.002686,0,0.0,460,0.00368,0.006366,5.568182706832886
BenchmarkTest00265.java,0,CWE-22,CWE-23,0,0,0,1,0,0,0,1,0,0,1270,0.00254,0,0.0,489,0.003912,0.006451999999999999,5.513595104217529
BenchmarkTest00266.java,0,CWE-328,CWE-916,0,0,1,0,0,0,1,0,0,0,1357,0.002714,0,0.0,350,0.0028,0.005514,6.227137088775635
BenchmarkTest00267.java,0,CWE-328,CWE-916,0,0,1,0,0,0,1,0,0,0,1292,0.002584,0,0.0,501,0.004008,0.006592000000000001,8.016806602478027
BenchmarkTest00268.java,0,CWE-328,CWE-916,0,0,1,0,0,0,1,0,0,0,1249,0.002498,0,0.0,426,0.003408,0.005906,7.3708696365356445
BenchmarkTest00269.java,0,CWE-328,CWE-916,0,0,1,0,0,0,1,0,0,0,1255,0.00251,0,0.0,506,0.004048,0.0065580000000000005,7.025335073471069
BenchmarkTest00270.java,0,CWE-328,,,,0,0,1,0,0,0,1,0,,,,,,,,
BenchmarkTest00271.java,0,CWE-328,,,,0,0,1,0,0,0,1,0,,,,,,,,
BenchmarkTest00272.java,0,CWE-328,CWE-916,0,0,1,0,0,0,1,0,0,0,1246,0.002492,0,0.0,415,0.00332,0.0058119999999999995,5.6840198040008545
BenchmarkTest00273.java,0,CWE-328,,,,0,0,0,1,0,0,0,1,,,,,,,,
BenchmarkTest00274.java,0,CWE-328,,,,0,0,0,1,0,0,0,1,,,,,,,,
BenchmarkTest00275.java,0,CWE-79,,,,0,0,1,0,0,0,1,0,,,,,,,,
BenchmarkTest00276.java,0,CWE-79,CWE-79,1,0,1,0,0,0,1,0,0,0,1279,0.002558,0,0.0,491,0.003928,0.0064860000000000004,5.527675628662109
BenchmarkTest00277.java,0,CWE-79,,,,0,0,1,0,0,0,1,0,,,,,,,,
BenchmarkTest00278.java,0,CWE-79,,,,0,0,1,0,0,0,1,0,,,,,,,,
BenchmarkTest00279.java,0,CWE-79,CWE-79,1,0,1,0,0,0,1,0,0,0,1313,0.002626,0,0.0,492,0.003936,0.006562,5.5601887702941895
BenchmarkTest00280.java,0,CWE-79,CWE-79,1,0,1,0,0,0,1,0,0,0,1342,0.002684,0,0.0,494,0.003952,0.0066359999999999995,5.196639060974121
BenchmarkTest00281.java,0,CWE-79,,,,0,0,1,0,0,0,1,0,,,,,,,,
BenchmarkTest00282.java,0,CWE-79,,,,0,0,1,0,0,0,1,0,,,,,,,,
BenchmarkTest00283.java,0,CWE-79,,,,0,0,1,0,0,0,1,0,,,,,,,,
BenchmarkTest00284.java,0,CWE-79,CWE-79,1,0,1,0,0,0,1,0,0,0,1250,0.0025,0,0.0,433,0.003464,0.0059640000000000006,4.868254661560059
BenchmarkTest00285.java,0,CWE-79,,,,0,0,1,0,0,0,1,0,,,,,,,,
BenchmarkTest00286.java,0,CWE-79,,,,0,0,1,0,0,0,1,0,,,,,,,,
BenchmarkTest00287.java,0,CWE-79,CWE-79,1,0,1,0,0,0,1,0,0,0,1281,0.002562,0,0.0,412,0.003296,0.005858,4.701553106307983
BenchmarkTest00288.java,0,CWE-79,CWE-79,1,1,0,1,0,0,0,0,1,0,1381,0.002762,0,0.0,546,0.004368,0.007130000000000001,6.399546146392822
BenchmarkTest00289.java,0,CWE-79,,,,0,0,1,0,0,0,1,0,,,,,,,,
BenchmarkTest00290.java,0,CWE-79,CWE-79,1,0,1,0,0,0,1,0,0,0,1273,0.002546,0,0.0,481,0.003848,0.006394,11.090503692626953
BenchmarkTest00291.java,0,CWE-79,CWE-79,1,0,1,0,0,0,1,0,0,0,1282,0.002564,0,0.0,462,0.003696,0.00626,9.516635417938232
BenchmarkTest00292.java,0,CWE-79,CWE-79,1,0,1,0,0,0,1,0,0,0,1310,0.00262,0,0.0,425,0.0034,0.006019999999999999,9.186929702758789
BenchmarkTest00293.java,0,CWE-78,CWE-78,1,0,1,0,0,0,1,0,0,0,996,0.001992,0,0.0,480,0.00384,0.005832,11.176154375076294
BenchmarkTest00294.java,0,CWE-78,CWE-78,1,0,1,0,0,0,1,0,0,0,979,0.001958,0,0.0,466,0.003728,0.005686,6.1038079261779785
BenchmarkTest00295.java,0,CWE-78,CWE-78,1,0,1,0,0,0,1,0,0,0,982,0.001964,0,0.0,590,0.00472,0.006684000000000001,6.9458253383636475
BenchmarkTest00296.java,0,CWE-330,CWE-330,1,0,1,0,0,0,1,0,0,0,1237,0.002474,0,0.0,350,0.0028,0.005274,3.8593292236328125
BenchmarkTest00297.java,0,CWE-330,CWE-330,1,0,1,0,0,0,1,0,0,0,1234,0.002468,0,0.0,343,0.002744,0.005212,4.237237930297852
BenchmarkTest00298.java,0,CWE-330,CWE-330,1,0,1,0,0,0,1,0,0,0,1238,0.002476,0,0.0,324,0.002592,0.005068,3.943058729171753
BenchmarkTest00299.java,0,CWE-330,CWE-330,1,0,1,0,0,0,1,0,0,0,1228,0.002456,0,0.0,375,0.003,0.005456,8.634647130966187
BenchmarkTest00300.java,0,CWE-614,CWE-614,1,0,1,0,0,0,1,0,0,0,1033,0.002066,0,0.0,351,0.002808,0.004874,4.527614593505859
BenchmarkTest00301.java,0,CWE-79,CWE-79,1,0,1,0,0,0,1,0,0,0,1341,0.002682,0,0.0,510,0.00408,0.006762000000000001,5.620786666870117
BenchmarkTest00302.java,0,CWE-78,CWE-78,1,0,1,0,0,0,1,0,0,0,948,0.001896,0,0.0,564,0.004512,0.0064080000000000005,6.443033456802368
BenchmarkTest00303.java,0,CWE-78,CWE-78,1,0,1,0,0,0,1,0,0,0,1067,0.002134,0,0.0,554,0.004432,0.006566000000000001,9.4185209274292
BenchmarkTest00304.java,0,CWE-78,CWE-78,1,0,1,0,0,0,1,0,0,0,1097,0.002194,0,0.0,490,0.00392,0.006114,5.554993629455566
BenchmarkTest00305.java,0,CWE-78,,,,0,0,1,0,0,0,1,0,,,,,,,,
BenchmarkTest00306.java,0,CWE-78,CWE-78,1,0,1,0,0,0,1,0,0,0,906,0.001812,0,0.0,486,0.003888,0.0057,6.922205686569214
BenchmarkTest00307.java,0,CWE-78,CWE-78,1,0,0,1,0,0,0,1,0,0,1003,0.002006,0,0.0,498,0.003984,0.00599,7.459902286529541
BenchmarkTest00308.java,0,CWE-78,,,,0,0,1,0,0,0,1,0,,,,,,,,
BenchmarkTest00309.java,0,CWE-78,CWE-78,1,1,0,1,0,0,0,0,1,0,959,0.001918,0,0.0,539,0.004312,0.006229999999999999,6.6310038566589355
BenchmarkTest00310.java,0,CWE-78,CWE-78,1,1,0,1,0,0,0,0,1,0,1031,0.002062,0,0.0,552,0.004416,0.006477999999999999,6.417939901351929
BenchmarkTest00311.java,0,CWE-78,CWE-78,1,0,1,0,0,0,1,0,0,0,960,0.00192,0,0.0,599,0.004792,0.006712,6.761088609695435
BenchmarkTest00312.java,0,CWE-330,,,,0,0,1,0,0,0,1,0,,,,,,,,
BenchmarkTest00313.java,0,CWE-330,CWE-330,1,1,0,1,0,0,0,0,1,0,1327,0.002654,0,0.0,555,0.00444,0.0070940000000000005,6.645848274230957
BenchmarkTest00314.java,0,CWE-330,CWE-330,1,1,0,1,0,0,0,0,1,0,1336,0.002672,0,0.0,592,0.004736,0.007408,6.087955713272095
BenchmarkTest00315.java,0,CWE-330,,,,0,0,1,0,0,0,1,0,,,,,,,,
BenchmarkTest00316.java,0,CWE-330,,,,0,0,1,0,0,0,1,0,,,,,,,,
BenchmarkTest00317.java,0,CWE-330,,,,0,0,1,0,0,0,1,0,,,,,,,,
BenchmarkTest00318.java,0,CWE-330,,,,0,0,1,0,0,0,1,0,,,,,,,,
BenchmarkTest00319.java,0,CWE-330,,,,0,0,1,0,0,0,1,0,,,,,,,,
BenchmarkTest00320.java,0,CWE-330,,,,0,0,1,0,0,0,1,0,,,,,,,,
BenchmarkTest00328.java,0,CWE-89,CWE-89,1,0,1,0,0,0,1,0,0,0,891,0.001782,0,0.0,433,0.003464,0.005246,5.528252840042114
BenchmarkTest00329.java,0,CWE-89,,,,0,0,1,0,0,0,1,0,,,,,,,,
BenchmarkTest00330.java,0,CWE-89,,,,0,0,1,0,0,0,1,0,,,,,,,,
BenchmarkTest00331.java,0,CWE-89,CWE-89,1,1,0,1,0,0,0,0,1,0,973,0.001946,0,0.0,552,0.004416,0.006362,6.117949724197388
BenchmarkTest00332.java,0,CWE-89,,,,0,0,1,0,0,0,1,0,,,,,,,,
BenchmarkTest00333.java,0,CWE-89,,,,0,0,1,0,0,0,1,0,,,,,,,,
BenchmarkTest00334.java,0,CWE-89,,,,0,0,1,0,0,0,1,0,,,,,,,,
BenchmarkTest00335.java,0,CWE-89,CWE-89,1,0,1,0,0,0,1,0,0,0,921,0.001842,0,0.0,466,0.003728,0.00557,5.180703639984131
BenchmarkTest00336.java,0,CWE-89,,,,0,0,1,0,0,0,1,0,,,,,,,,
BenchmarkTest00337.java,0,CWE-89,,,,0,0,0,1,0,0,0,1,,,,,,,,
BenchmarkTest00338.java,0,CWE-89,,,,0,0,1,0,0,0,1,0,,,,,,,,
BenchmarkTest00339.java,0,CWE-89,,,,0,0,0,1,0,0,0,1,,,,,,,,
BenchmarkTest00340.java,0,CWE-89,CWE-89,1,1,0,1,0,0,0,0,1,0,982,0.001964,0,0.0,534,0.004272,0.006236,6.904515743255615
BenchmarkTest00341.java,0,CWE-89,CWE-89,1,0,1,0,0,0,1,0,0,0,927,0.001854,0,0.0,404,0.003232,0.005086,4.132001638412476
BenchmarkTest00342.java,0,CWE-89,CWE-89,1,0,1,0,0,0,1,0,0,0,925,0.00185,0,0.0,466,0.003728,0.005578,4.726891040802002
BenchmarkTest00343.java,0,CWE-89,,,,0,0,1,0,0,0,1,0,,,,,,,,
BenchmarkTest00344.java,0,CWE-89,,,,0,0,1,0,0,0,1,0,,,,,,,,
BenchmarkTest00345.java,0,CWE-327,,,,0,0,1,0,0,0,1,0,,,,,,,,
BenchmarkTest00346.java,0,CWE-328,CWE-916,0,0,1,0,0,0,1,0,0,0,1226,0.002452,0,0.0,400,0.0032,0.005652000000000001,5.775955677032471
BenchmarkTest00347.java,0,CWE-330,CWE-330,1,0,1,0,0,0,1,0,0,0,1158,0.002316,0,0.0,375,0.003,0.0053159999999999995,5.121251344680786
BenchmarkTest00348.java,0,CWE-614,CWE-614,1,0,1,0,0,0,1,0,0,0,945,0.00189,0,0.0,292,0.002336,0.004226,3.1639130115509033
BenchmarkTest00349.java,0,CWE-330,,,,0,0,1,0,0,0,1,0,,,,,,,,
BenchmarkTest00350.java,0,CWE-327,,,,0,0,1,0,0,0,1,0,,,,,,,,
BenchmarkTest00351.java,0,CWE-327,,,,0,0,1,0,0,0,1,0,,,,,,,,
BenchmarkTest00352.java,0,CWE-327,,,,0,0,1,0,0,0,1,0,,,,,,,,
BenchmarkTest00353.java,0,CWE-327,,,,0,0,1,0,0,0,1,0,,,,,,,,
BenchmarkTest00354.java,0,CWE-327,CWE-327,1,0,1,0,0,0,1,0,0,0,1222,0.002444,0,0.0,400,0.0032,0.005644,4.913669586181641
BenchmarkTest00355.java,0,CWE-327,CWE-327,1,0,1,0,0,0,1,0,0,0,1397,0.002794,0,0.0,433,0.003464,0.006258,5.239235877990723
BenchmarkTest00356.java,0,CWE-327,CWE-327,1,0,1,0,0,0,1,0,0,0,1210,0.00242,0,0.0,453,0.003624,0.006044,7.063849210739136
BenchmarkTest00357.java,0,CWE-327,,,,0,0,1,0,0,0,1,0,,,,,,,,
BenchmarkTest00358.java,0,CWE-327,,,,0,0,1,0,0,0,1,0,,,,,,,,
BenchmarkTest00359.java,0,CWE-22,CWE-23,0,0,1,0,0,0,1,0,0,0,1153,0.002306,0,0.0,537,0.004296,0.006602,5.796022176742554
BenchmarkTest00360.java,0,CWE-22,CWE-23,0,0,1,0,0,0,1,0,0,0,1318,0.002636,0,0.0,475,0.0038,0.006436,6.0089945793151855
BenchmarkTest00361.java,0,CWE-22,CWE-23,0,1,0,1,0,0,0,0,1,0,1302,0.002604,0,0.0,462,0.003696,0.0063,4.881847381591797
BenchmarkTest00362.java,0,CWE-22,CWE-23,0,0,1,0,0,0,1,0,0,0,1167,0.002334,0,0.0,393,0.003144,0.005478,5.19308614730835
BenchmarkTest00363.java,0,CWE-22,CWE-23,0,0,1,0,0,0,1,0,0,0,1128,0.002256,0,0.0,448,0.003584,0.00584,8.127481937408447
BenchmarkTest00364.java,0,CWE-22,CWE-23,0,1,0,1,0,0,0,0,1,0,1235,0.00247,0,0.0,564,0.004512,0.006982,5.646617412567139
BenchmarkTest00365.java,0,CWE-22,CWE-23,0,1,0,1,0,0,0,0,1,0,1389,0.002778,0,0.0,505,0.00404,0.006818,5.24383020401001
BenchmarkTest00366.java,0,CWE-22,CWE-23,0,1,0,1,0,0,0,0,1,0,1369,0.002738,0,0.0,551,0.004408,0.007146,5.936234951019287
BenchmarkTest00367.java,0,CWE-90,,,,0,0,1,0,0,0,1,0,,,,,,,,
BenchmarkTest00368.java,0,CWE-330,CWE-330,1,0,1,0,0,0,1,0,0,0,1193,0.002386,0,0.0,391,0.003128,0.005514,4.346395254135132
BenchmarkTest00369.java,0,CWE-330,CWE-330,1,0,1,0,0,0,1,0,0,0,1218,0.002436,0,0.0,418,0.003344,0.00578,5.637083292007446
BenchmarkTest00370.java,0,CWE-328,,,,0,0,1,0,0,0,1,0,,,,,,,,
BenchmarkTest00371.java,0,CWE-328,CWE-916,0,0,1,0,0,0,1,0,0,0,1216,0.002432,0,0.0,374,0.002992,0.005424,6.2732343673706055
BenchmarkTest00372.java,0,CWE-328,CWE-916,0,0,1,0,0,0,1,0,0,0,1143,0.002286,0,0.0,430,0.00344,0.005726,5.656028509140015
BenchmarkTest00373.java,0,CWE-328,,,,0,0,1,0,0,0,1,0,,,,,,,,
BenchmarkTest00374.java,0,CWE-328,,,,0,0,0,1,0,0,0,1,,,,,,,,
BenchmarkTest00375.java,0,CWE-79,CWE-79,1,0,1,0,0,0,1,0,0,0,1245,0.00249,0,0.0,485,0.00388,0.006370000000000001,5.921935319900513
BenchmarkTest00376.java,0,CWE-79,CWE-79,1,0,1,0,0,0,1,0,0,0,1265,0.00253,0,0.0,533,0.004264,0.0067940000000000006,6.604788780212402
BenchmarkTest00377.java,0,CWE-79,CWE-79,1,0,0,1,0,0,0,1,0,0,1302,0.002604,0,0.0,369,0.002952,0.005556,5.342172145843506
BenchmarkTest00378.java,0,CWE-79,CWE-79,1,0,1,0,0,0,1,0,0,0,1249,0.002498,0,0.0,494,0.003952,0.006449999999999999,5.430151462554932
BenchmarkTest00379.java,0,CWE-79,,,,0,0,1,0,0,0,1,0,,,,,,,,
BenchmarkTest00380.java,0,CWE-79,CWE-79,1,0,1,0,0,0,1,0,0,0,1305,0.00261,0,0.0,463,0.003704,0.006314,4.969905853271484
BenchmarkTest00381.java,0,CWE-79,,,,0,0,1,0,0,0,1,0,,,,,,,,
BenchmarkTest00382.java,0,CWE-79,CWE-79,1,0,1,0,0,0,1,0,0,0,1294,0.002588,0,0.0,435,0.00348,0.0060680000000000005,5.577218532562256
BenchmarkTest00383.java,0,CWE-79,CWE-79,1,0,1,0,0,0,1,0,0,0,1451,0.002902,0,0.0,569,0.004552,0.007454,7.039659738540649
BenchmarkTest00384.java,0,CWE-79,CWE-79,1,0,1,0,0,0,1,0,0,0,1257,0.002514,0,0.0,427,0.003416,0.00593,5.140285491943359
BenchmarkTest00385.java,0,CWE-79,CWE-79,1,0,1,0,0,0,1,0,0,0,1456,0.002912,0,0.0,603,0.004824,0.007736,6.574519634246826
BenchmarkTest00386.java,0,CWE-79,CWE-79,1,1,0,1,0,0,0,0,1,0,1336,0.002672,0,0.0,505,0.00404,0.006712,5.36881947517395
BenchmarkTest00387.java,0,CWE-79,CWE-79,1,0,1,0,0,0,1,0,0,0,1245,0.00249,0,0.0,474,0.003792,0.006281999999999999,5.369825124740601
BenchmarkTest00388.java,0,CWE-79,CWE-79,1,0,1,0,0,0,1,0,0,0,1239,0.002478,0,0.0,459,0.003672,0.00615,4.571738004684448
BenchmarkTest00389.java,0,CWE-79,,,,0,0,1,0,0,0,1,0,,,,,,,,
BenchmarkTest00390.java,0,CWE-79,CWE-79,1,0,1,0,0,0,1,0,0,0,1261,0.002522,0,0.0,400,0.0032,0.005722,4.980034828186035
BenchmarkTest00391.java,0,CWE-79,,,,0,0,1,0,0,0,1,0,,,,,,,,
BenchmarkTest00392.java,0,CWE-79,CWE-79,1,0,1,0,0,0,1,0,0,0,1300,0.0026,0,0.0,477,0.003816,0.006416,4.726780652999878
BenchmarkTest00393.java,0,CWE-79,,,,0,0,1,0,0,0,1,0,,,,,,,,
BenchmarkTest00394.java,0,CWE-79,CWE-79,1,1,0,1,0,0,0,0,1,0,1313,0.002626,0,0.0,487,0.003896,0.006522,5.172398805618286
BenchmarkTest00395.java,0,CWE-79,CWE-79,1,0,1,0,0,0,1,0,0,0,1255,0.00251,0,0.0,432,0.003456,0.005966,5.253910779953003
BenchmarkTest00396.java,0,CWE-78,,,,0,0,1,0,0,0,1,0,,,,,,,,
BenchmarkTest00397.java,0,CWE-330,CWE-330,1,0,1,0,0,0,1,0,0,0,1223,0.002446,0,0.0,458,0.003664,0.00611,5.361184120178223
BenchmarkTest00398.java,0,CWE-330,CWE-330,1,0,1,0,0,0,1,0,0,0,1287,0.002574,0,0.0,458,0.003664,0.0062380000000000005,6.589462518692017
BenchmarkTest00399.java,0,CWE-330,CWE-330,1,0,1,0,0,0,1,0,0,0,1421,0.002842,0,0.0,383,0.003064,0.005906,4.147889137268066
BenchmarkTest00400.java,0,CWE-330,CWE-330,1,0,1,0,0,0,1,0,0,0,1283,0.002566,0,0.0,384,0.003072,0.005638000000000001,5.095013380050659
BenchmarkTest00401.java,0,CWE-330,CWE-330,1,0,1,0,0,0,1,0,0,0,1218,0.002436,0,0.0,446,0.003568,0.006004,4.660013437271118
BenchmarkTest00402.java,0,CWE-330,CWE-330,1,0,1,0,0,0,1,0,0,0,1220,0.00244,0,0.0,376,0.003008,0.005448,5.931838274002075
BenchmarkTest00403.java,0,CWE-614,CWE-614,1,0,1,0,0,0,1,0,0,0,982,0.001964,0,0.0,425,0.0034,0.005364,5.070160388946533
BenchmarkTest00404.java,0,CWE-614,,,,0,0,1,0,0,0,1,0,,,,,,,,
BenchmarkTest00405.java,0,CWE-614,,,,0,0,1,0,0,0,1,0,,,,,,,,
BenchmarkTest00406.java,0,CWE-78,,,,0,0,1,0,0,0,1,0,,,,,,,,
BenchmarkTest00407.java,0,CWE-78,CWE-78,1,0,1,0,0,0,1,0,0,0,1049,0.002098,0,0.0,540,0.00432,0.006418,5.8333845138549805
BenchmarkTest00408.java,0,CWE-78,,,,0,0,1,0,0,0,1,0,,,,,,,,
BenchmarkTest00409.java,0,CWE-78,CWE-78,1,0,1,0,0,0,1,0,0,0,1089,0.002178,0,0.0,615,0.00492,0.007098,5.966776132583618
BenchmarkTest00410.java,0,CWE-78,CWE-78,1,1,0,1,0,0,0,0,1,0,917,0.001834,0,0.0,468,0.003744,0.005578,5.641008377075195
BenchmarkTest00411.java,0,CWE-78,,,,0,0,1,0,0,0,1,0,,,,,,,,
BenchmarkTest00412.java,0,CWE-78,CWE-78,1,1,0,1,0,0,0,0,1,0,897,0.001794,0,0.0,576,0.004608,0.006402,6.840836524963379
BenchmarkTest00413.java,0,CWE-330,,,,0,0,1,0,0,0,1,0,,,,,,,,
BenchmarkTest00414.java,0,CWE-330,,,,0,0,1,0,0,0,1,0,,,,,,,,
BenchmarkTest00415.java,0,CWE-330,,,,0,0,1,0,0,0,1,0,,,,,,,,
BenchmarkTest00416.java,0,CWE-330,,,,0,0,1,0,0,0,1,0,,,,,,,,
BenchmarkTest00417.java,0,CWE-330,,,,0,0,1,0,0,0,1,0,,,,,,,,
BenchmarkTest00418.java,0,CWE-330,,,,0,0,1,0,0,0,1,0,,,,,,,,
BenchmarkTest00419.java,0,CWE-330,,,,0,0,1,0,0,0,1,0,,,,,,,,
BenchmarkTest00420.java,0,CWE-330,,,,0,0,1,0,0,0,1,0,,,,,,,,
BenchmarkTest00421.java,0,CWE-330,,,,0,0,1,0,0,0,1,0,,,,,,,,
BenchmarkTest00422.java,0,CWE-330,,,,0,0,1,0,0,0,1,0,,,,,,,,
BenchmarkTest00423.java,0,CWE-330,,,,0,0,1,0,0,0,1,0,,,,,,,,
BenchmarkTest00428.java,0,CWE-89,CWE-89,1,0,1,0,0,0,1,0,0,0,901,0.001802,0,0.0,459,0.003672,0.005474,4.5223376750946045
BenchmarkTest00429.java,0,CWE-89,CWE-89,1,0,1,0,0,0,1,0,0,0,906,0.001812,0,0.0,437,0.003496,0.005308,4.726799249649048
BenchmarkTest00430.java,0,CWE-89,,,,0,0,1,0,0,0,1,0,,,,,,,,
BenchmarkTest00431.java,0,CWE-89,CWE-89,1,0,1,0,0,0,1,0,0,0,1033,0.002066,0,0.0,442,0.003536,0.005602,4.329239130020142
BenchmarkTest00432.java,0,CWE-89,,,,0,0,1,0,0,0,1,0,,,,,,,,
BenchmarkTest00433.java,0,CWE-89,,,,0,0,0,1,0,0,0,1,,,,,,,,
BenchmarkTest00434.java,0,CWE-89,CWE-89,1,0,1,0,0,0,1,0,0,0,883,0.001766,0,0.0,445,0.00356,0.005326,4.441558837890625
BenchmarkTest00435.java,0,CWE-89,CWE-89,1,0,1,0,0,0,1,0,0,0,912,0.001824,0,0.0,373,0.002984,0.004808,4.574524402618408
BenchmarkTest00436.java,0,CWE-89,,,,0,0,1,0,0,0,1,0,,,,,,,,
BenchmarkTest00437.java,0,CWE-89,,,,0,0,1,0,0,0,1,0,,,,,,,,
BenchmarkTest00438.java,0,CWE-89,CWE-89,1,0,1,0,0,0,1,0,0,0,854,0.001708,0,0.0,415,0.00332,0.005028,4.0857884883880615
BenchmarkTest00439.java,0,CWE-89,CWE-89,1,0,1,0,0,0,1,0,0,0,824,0.001648,0,0.0,350,0.0028,0.004448,4.016359567642212
BenchmarkTest00440.java,0,CWE-89,CWE-89,1,1,0,1,0,0,0,0,1,0,932,0.001864,0,0.0,423,0.003384,0.005248,4.807751178741455
BenchmarkTest00441.java,0,CWE-89,CWE-89,1,0,1,0,0,0,1,0,0,0,855,0.00171,0,0.0,387,0.003096,0.0048059999999999995,5.188413858413696
BenchmarkTest00442.java,0,CWE-643,CWE-643,1,0,1,0,0,0,1,0,0,0,920,0.00184,0,0.0,375,0.003,0.0048400000000000006,6.256816387176514
BenchmarkTest00443.java,0,CWE-327,,,,0,0,1,0,0,0,1,0,,,,,,,,
BenchmarkTest00444.java,0,CWE-327,,,,0,0,1,0,0,0,1,0,,,,,,,,
BenchmarkTest00445.java,0,CWE-327,CWE-327,1,0,1,0,0,0,1,0,0,0,1447,0.002894,0,0.0,357,0.002856,0.00575,6.930962324142456
BenchmarkTest00446.java,0,CWE-327,CWE-327,1,0,1,0,0,0,1,0,0,0,1263,0.002526,0,0.0,374,0.002992,0.005518,4.709837436676025
BenchmarkTest00447.java,0,CWE-327,,,,0,0,1,0,0,0,1,0,,,,,,,,
BenchmarkTest00448.java,0,CWE-327,CWE-327,1,0,1,0,0,0,1,0,0,0,1245,0.00249,0,0.0,518,0.004144,0.006634,6.308487415313721
BenchmarkTest00449.java,0,CWE-327,CWE-327,1,0,1,0,0,0,1,0,0,0,1242,0.002484,0,0.0,494,0.003952,0.006436,5.722903251647949
BenchmarkTest00450.java,0,CWE-327,,,,0,0,1,0,0,0,1,0,,,,,,,,
BenchmarkTest00451.java,0,CWE-327,,,,0,0,1,0,0,0,1,0,,,,,,,,
BenchmarkTest00452.java,0,CWE-22,CWE-23,0,0,1,0,0,0,1,0,0,0,1215,0.00243,0,0.0,521,0.004168,0.006598,6.152484178543091
BenchmarkTest00453.java,0,CWE-22,CWE-23,0,0,1,0,0,0,1,0,0,0,1350,0.0027,0,0.0,620,0.00496,0.00766,7.313969850540161
BenchmarkTest00454.java,0,CWE-22,,,,0,0,1,0,0,0,1,0,,,,,,,,
BenchmarkTest00455.java,0,CWE-22,CWE-23,0,0,1,0,0,0,1,0,0,0,1295,0.00259,0,0.0,434,0.003472,0.006062,5.028424978256226
BenchmarkTest00456.java,0,CWE-22,CWE-23,0,0,1,0,0,0,1,0,0,0,1335,0.00267,0,0.0,445,0.00356,0.006229999999999999,4.608821153640747
BenchmarkTest00457.java,0,CWE-22,CWE-23,0,0,1,0,0,0,1,0,0,0,1265,0.00253,0,0.0,356,0.002848,0.005378,3.9230120182037354
BenchmarkTest00458.java,0,CWE-22,CWE-23,0,1,0,1,0,0,0,0,1,0,1286,0.002572,0,0.0,493,0.003944,0.006515999999999999,4.556087970733643
BenchmarkTest00459.java,0,CWE-22,CWE-23,0,0,1,0,0,0,1,0,0,0,1241,0.002482,0,0.0,481,0.003848,0.00633,4.988895893096924
BenchmarkTest00460.java,0,CWE-22,,,,0,0,1,0,0,0,1,0,,,,,,,,
BenchmarkTest00461.java,0,CWE-330,CWE-330,1,0,1,0,0,0,1,0,0,0,1232,0.002464,0,0.0,435,0.00348,0.005944,5.619767665863037
BenchmarkTest00462.java,0,CWE-328,CWE-916,0,0,1,0,0,0,1,0,0,0,1331,0.002662,0,0.0,387,0.003096,0.005757999999999999,4.784088850021362
BenchmarkTest00463.java,0,CWE-328,,,,0,0,1,0,0,0,1,0,,,,,,,,
BenchmarkTest00464.java,0,CWE-328,CWE-916,0,0,1,0,0,0,1,0,0,0,1248,0.002496,0,0.0,334,0.002672,0.005168,4.263952732086182
BenchmarkTest00465.java,0,CWE-328,CWE-916,0,0,1,0,0,0,1,0,0,0,1184,0.002368,0,0.0,421,0.003368,0.005736,5.6960530281066895
BenchmarkTest00466.java,0,CWE-328,,,,0,0,1,0,0,0,1,0,,,,,,,,
BenchmarkTest00467.java,0,CWE-79,CWE-79,1,0,1,0,0,0,1,0,0,0,1349,0.002698,0,0.0,517,0.004136,0.006834,6.114070892333984
BenchmarkTest00468.java,0,CWE-79,CWE-79,1,1,0,1,0,0,0,0,1,0,1364,0.002728,0,0.0,510,0.00408,0.006808,5.452019214630127
BenchmarkTest00469.java,0,CWE-79,,,,0,0,1,0,0,0,1,0,,,,,,,,
BenchmarkTest00470.java,0,CWE-79,,,,0,0,1,0,0,0,1,0,,,,,,,,
BenchmarkTest00471.java,0,CWE-79,,,,0,0,1,0,0,0,1,0,,,,,,,,
BenchmarkTest00472.java,0,CWE-79,CWE-79,1,0,1,0,0,0,1,0,0,0,1302,0.002604,0,0.0,501,0.004008,0.006612,5.6367714405059814
BenchmarkTest00473.java,0,CWE-79,CWE-79,1,0,1,0,0,0,1,0,0,0,1307,0.002614,0,0.0,494,0.003952,0.006566,5.704673767089844
BenchmarkTest00474.java,0,CWE-79,,,,0,0,1,0,0,0,1,0,,,,,,,,
BenchmarkTest00475.java,0,CWE-79,CWE-79,1,0,1,0,0,0,1,0,0,0,1279,0.002558,0,0.0,537,0.004296,0.006854000000000001,6.77189302444458
BenchmarkTest00476.java,0,CWE-79,,,,0,0,1,0,0,0,1,0,,,,,,,,
BenchmarkTest00477.java,0,CWE-79,CWE-79,1,0,1,0,0,0,1,0,0,0,1269,0.002538,0,0.0,483,0.003864,0.006402,6.105933904647827
BenchmarkTest00478.java,0,CWE-79,CWE-79,1,0,1,0,0,0,1,0,0,0,1297,0.002594,0,0.0,491,0.003928,0.006522,6.31629490852356
BenchmarkTest00479.java,0,CWE-79,,,,0,0,1,0,0,0,1,0,,,,,,,,
BenchmarkTest00480.java,0,CWE-78,CWE-78,1,0,1,0,0,0,1,0,0,0,981,0.001962,0,0.0,518,0.004144,0.006106,6.184960126876831
BenchmarkTest00481.java,0,CWE-78,,,,0,0,1,0,0,0,1,0,,,,,,,,
BenchmarkTest00482.java,0,CWE-330,CWE-330,1,0,1,0,0,0,1,0,0,0,1237,0.002474,0,0.0,365,0.00292,0.0053939999999999995,4.777685642242432
BenchmarkTest00483.java,0,CWE-330,CWE-330,1,0,1,0,0,0,1,0,0,0,1270,0.00254,0,0.0,364,0.002912,0.005452,4.446247339248657
BenchmarkTest00484.java,0,CWE-330,CWE-330,1,0,1,0,0,0,1,0,0,0,1253,0.002506,0,0.0,367,0.002936,0.005442,4.700836896896362
BenchmarkTest00485.java,0,CWE-330,CWE-330,1,0,1,0,0,0,1,0,0,0,1228,0.002456,0,0.0,409,0.003272,0.0057280000000000005,6.206082820892334
BenchmarkTest00486.java,0,CWE-330,CWE-330,1,0,1,0,0,0,1,0,0,0,1200,0.0024,0,0.0,351,0.002808,0.005208,3.9756879806518555
BenchmarkTest00487.java,0,CWE-330,CWE-330,1,0,1,0,0,0,1,0,0,0,1282,0.002564,0,0.0,439,0.003512,0.006076,4.920536279678345
BenchmarkTest00488.java,0,CWE-330,CWE-330,1,0,1,0,0,0,1,0,0,0,1260,0.00252,0,0.0,355,0.00284,0.00536,5.02785587310791
BenchmarkTest00489.java,0,CWE-330,CWE-330,1,0,1,0,0,0,1,0,0,0,1287,0.002574,0,0.0,376,0.003008,0.005582,4.73354697227478
BenchmarkTest00490.java,0,CWE-330,CWE-330,1,0,1,0,0,0,1,0,0,0,1267,0.002534,0,0.0,361,0.002888,0.005422,4.306700706481934
BenchmarkTest00491.java,0,CWE-614,CWE-614,1,0,1,0,0,0,1,0,0,0,1046,0.002092,0,0.0,319,0.002552,0.0046440000000000006,4.516092300415039
BenchmarkTest00492.java,0,CWE-79,CWE-79,1,0,1,0,0,0,1,0,0,0,1281,0.002562,0,0.0,485,0.00388,0.006442,5.380130290985107
BenchmarkTest00493.java,0,CWE-79,CWE-79,1,1,0,1,0,0,0,0,1,0,1355,0.00271,0,0.0,483,0.003864,0.006574,6.811708688735962
BenchmarkTest00494.java,0,CWE-78,CWE-78,1,0,0,1,0,0,0,1,0,0,1085,0.00217,0,0.0,568,0.004544,0.006714,6.81273627281189
BenchmarkTest00495.java,0,CWE-78,CWE-78,1,0,1,0,0,0,1,0,0,0,921,0.001842,0,0.0,673,0.005384,0.007226,7.376041889190674
BenchmarkTest00496.java,0,CWE-78,CWE-78,1,0,1,0,0,0,1,0,0,0,903,0.001806,0,0.0,514,0.004112,0.0059180000000000005,6.243014335632324
BenchmarkTest00497.java,0,CWE-78,CWE-78,1,0,1,0,0,0,1,0,0,0,947,0.001894,0,0.0,845,0.00676,0.008654,9.520916223526001
BenchmarkTest00498.java,0,CWE-78,CWE-78,1,0,1,0,0,0,1,0,0,0,914,0.001828,0,0.0,532,0.004256,0.006084,5.93301796913147
BenchmarkTest00499.java,0,CWE-78,CWE-78,1,0,1,0,0,0,1,0,0,0,929,0.001858,0,0.0,538,0.004304,0.006162,5.899838924407959
BenchmarkTest00500.java,0,CWE-78,CWE-78,1,0,1,0,0,0,1,0,0,0,974,0.001948,0,0.0,561,0.004488,0.006436,5.714385509490967
BenchmarkTest00501.java,0,CWE-330,,,,0,0,1,0,0,0,1,0,,,,,,,,
BenchmarkTest00502.java,0,CWE-330,,,,0,0,1,0,0,0,1,0,,,,,,,,
BenchmarkTest00503.java,0,CWE-330,,,,0,0,1,0,0,0,1,0,,,,,,,,
BenchmarkTest00504.java,0,CWE-330,,,,0,0,1,0,0,0,1,0,,,,,,,,
BenchmarkTest00505.java,0,CWE-330,,,,0,0,1,0,0,0,1,0,,,,,,,,
BenchmarkTest00506.java,0,CWE-330,,,,0,0,1,0,0,0,1,0,,,,,,,,
BenchmarkTest00507.java,0,CWE-330,,,,0,0,1,0,0,0,1,0,,,,,,,,
BenchmarkTest00509.java,0,CWE-89,CWE-89,1,1,0,1,0,0,0,0,1,0,983,0.001966,0,0.0,487,0.003896,0.005862,5.691998481750488
BenchmarkTest00510.java,0,CWE-89,CWE-89,1,0,1,0,0,0,1,0,0,0,986,0.001972,0,0.0,514,0.004112,0.006084,6.516643285751343
BenchmarkTest00511.java,0,CWE-89,CWE-89,1,1,0,1,0,0,0,0,1,0,990,0.00198,0,0.0,556,0.004448,0.006428,5.270989894866943
BenchmarkTest00512.java,0,CWE-89,CWE-89,1,0,1,0,0,0,1,0,0,0,852,0.001704,0,0.0,420,0.00336,0.005064,4.682418346405029
BenchmarkTest00513.java,0,CWE-89,CWE-89,1,1,0,1,0,0,0,0,1,0,952,0.001904,0,0.0,475,0.0038,0.005704,5.602603435516357
BenchmarkTest00514.java,0,CWE-89,,,,0,0,1,0,0,0,1,0,,,,,,,,
BenchmarkTest00515.java,0,CWE-89,CWE-89,1,0,1,0,0,0,1,0,0,0,926,0.001852,0,0.0,488,0.003904,0.005756,4.768984317779541
BenchmarkTest00516.java,0,CWE-89,CWE-89,1,0,1,0,0,0,1,0,0,0,953,0.001906,0,0.0,535,0.00428,0.006186,5.1138105392456055
BenchmarkTest00517.java,0,CWE-89,,,,0,0,1,0,0,0,1,0,,,,,,,,
BenchmarkTest00518.java,0,CWE-89,CWE-89,1,0,1,0,0,0,1,0,0,0,888,0.001776,0,0.0,529,0.004232,0.0060079999999999995,5.311419248580933
BenchmarkTest00519.java,0,CWE-89,CWE-89,1,1,0,1,0,0,0,0,1,0,965,0.00193,0,0.0,538,0.004304,0.006234,6.2631940841674805
BenchmarkTest00520.java,0,CWE-643,,,,0,0,1,0,0,0,1,0,,,,,,,,
BenchmarkTest00521.java,0,CWE-327,CWE-327,1,0,1,0,0,0,1,0,0,0,1619,0.003238,0,0.0,419,0.003352,0.00659,5.042782306671143
BenchmarkTest00522.java,0,CWE-327,CWE-327,1,0,1,0,0,0,1,0,0,0,1684,0.003368,0,0.0,385,0.00308,0.006448,4.931027412414551
BenchmarkTest00523.java,0,CWE-327,,,,0,0,1,0,0,0,1,0,,,,,,,,
BenchmarkTest00524.java,0,CWE-327,,,,0,0,1,0,0,0,1,0,,,,,,,,
BenchmarkTest00525.java,0,CWE-22,CWE-23,0,0,1,0,0,0,1,0,0,0,1294,0.002588,0,0.0,480,0.00384,0.006428,5.155148983001709
BenchmarkTest00526.java,0,CWE-22,CWE-23,0,1,1,0,0,0,0,0,0,1,1227,0.002454,0,0.0,444,0.003552,0.006006,5.25654411315918
BenchmarkTest00527.java,0,CWE-22,CWE-23,0,0,1,0,0,0,1,0,0,0,1250,0.0025,0,0.0,487,0.003896,0.006396000000000001,6.103201627731323
BenchmarkTest00528.java,0,CWE-22,CWE-23,0,0,1,0,0,0,1,0,0,0,1457,0.002914,0,0.0,509,0.004072,0.006986,6.213299512863159
BenchmarkTest00529.java,0,CWE-22,CWE-23,0,0,1,0,0,0,1,0,0,0,1317,0.002634,0,0.0,416,0.003328,0.005962,6.3479180335998535
BenchmarkTest00530.java,0,CWE-90,CWE-90,1,1,0,1,0,0,0,0,1,0,1300,0.0026,0,0.0,744,0.005952,0.008552,7.974116325378418
BenchmarkTest00531.java,0,CWE-328,CWE-916,0,0,1,0,0,0,1,0,0,0,1417,0.002834,0,0.0,415,0.00332,0.006154,5.871173143386841
BenchmarkTest00532.java,0,CWE-328,CWE-916,0,0,1,0,0,0,1,0,0,0,1503,0.003006,0,0.0,407,0.003256,0.006262,5.64962100982666
BenchmarkTest00533.java,0,CWE-328,CWE-916,0,0,1,0,0,0,1,0,0,0,1353,0.002706,0,0.0,396,0.003168,0.005874,5.322535753250122
BenchmarkTest00534.java,0,CWE-328,CWE-916,0,0,1,0,0,0,1,0,0,0,1368,0.002736,0,0.0,398,0.003184,0.00592,5.432606935501099
BenchmarkTest00535.java,0,CWE-328,,,,0,0,1,0,0,0,1,0,,,,,,,,
BenchmarkTest00536.java,0,CWE-328,CWE-916,0,0,1,0,0,0,1,0,0,0,1299,0.002598,0,0.0,489,0.003912,0.00651,6.700579643249512
BenchmarkTest00537.java,0,CWE-328,CWE-916,0,0,1,0,0,0,1,0,0,0,1222,0.002444,0,0.0,374,0.002992,0.005436,5.067119359970093
BenchmarkTest00538.java,0,CWE-328,,,,0,0,1,0,0,0,1,0,,,,,,,,
BenchmarkTest00539.java,0,CWE-328,,,,0,0,1,0,0,0,1,0,,,,,,,,
BenchmarkTest00540.java,0,CWE-328,,,,0,0,1,0,0,0,1,0,,,,,,,,
BenchmarkTest00541.java,0,CWE-79,CWE-79,1,0,1,0,0,0,1,0,0,0,1376,0.002752,0,0.0,481,0.003848,0.0066,5.695349216461182
BenchmarkTest00542.java,0,CWE-79,CWE-79,1,0,1,0,0,0,1,0,0,0,1423,0.002846,0,0.0,556,0.004448,0.007294,5.958568811416626
BenchmarkTest00543.java,0,CWE-79,CWE-79,1,0,1,0,0,0,1,0,0,0,1390,0.00278,0,0.0,497,0.003976,0.006756,5.793447017669678
BenchmarkTest00544.java,0,CWE-79,CWE-79,1,0,0,1,0,0,0,1,0,0,1383,0.002766,0,0.0,623,0.004984,0.00775,6.588262557983398
BenchmarkTest00545.java,0,CWE-79,,,,0,0,1,0,0,0,1,0,,,,,,,,
BenchmarkTest00546.java,0,CWE-79,CWE-79,1,0,0,1,0,0,0,1,0,0,1380,0.00276,0,0.0,461,0.003688,0.006448,5.915677070617676
BenchmarkTest00547.java,0,CWE-79,CWE-79,1,0,1,0,0,0,1,0,0,0,1345,0.00269,0,0.0,544,0.004352,0.007042,5.955983638763428
BenchmarkTest00548.java,0,CWE-79,,,,0,0,1,0,0,0,1,0,,,,,,,,
BenchmarkTest00549.java,0,CWE-79,CWE-79,1,0,1,0,0,0,1,0,0,0,1348,0.002696,0,0.0,478,0.003824,0.00652,5.291128158569336
BenchmarkTest00550.java,0,CWE-79,CWE-79,1,1,0,1,0,0,0,0,1,0,1388,0.002776,0,0.0,426,0.003408,0.006184,5.7638373374938965
BenchmarkTest00551.java,0,CWE-79,CWE-79,1,0,1,0,0,0,1,0,0,0,1313,0.002626,0,0.0,457,0.003656,0.006281999999999999,5.481350421905518
BenchmarkTest00552.java,0,CWE-79,CWE-79,1,0,1,0,0,0,1,0,0,0,1398,0.002796,0,0.0,607,0.004856,0.007652,6.92668890953064
BenchmarkTest00553.java,0,CWE-79,CWE-79,1,1,0,1,0,0,0,0,1,0,1398,0.002796,0,0.0,579,0.004632,0.007428,5.65772557258606
BenchmarkTest00554.java,0,CWE-79,CWE-79,1,0,1,0,0,0,1,0,0,0,1346,0.002692,0,0.0,430,0.00344,0.006132,5.781536340713501
BenchmarkTest00555.java,0,CWE-79,CWE-79,1,0,1,0,0,0,1,0,0,0,1345,0.00269,0,0.0,604,0.004832,0.007522000000000001,6.495958566665649
BenchmarkTest00556.java,0,CWE-79,CWE-79,1,1,0,1,0,0,0,0,1,0,1398,0.002796,0,0.0,670,0.00536,0.008156,189.65438222885132
BenchmarkTest00557.java,0,CWE-79,CWE-79,1,0,1,0,0,0,1,0,0,0,1355,0.00271,0,0.0,676,0.005408,0.008118,8.781448125839233
BenchmarkTest00558.java,0,CWE-78,CWE-78,1,1,0,1,0,0,0,0,1,0,1080,0.00216,0,0.0,638,0.005104,0.007264,7.514668941497803
BenchmarkTest00559.java,0,CWE-78,,,,0,0,1,0,0,0,1,0,,,,,,,,
BenchmarkTest00560.java,0,CWE-330,CWE-330,1,0,1,0,0,0,1,0,0,0,1327,0.002654,0,0.0,368,0.002944,0.0055980000000000005,5.336512565612793
BenchmarkTest00561.java,0,CWE-330,CWE-330,1,0,1,0,0,0,1,0,0,0,1355,0.00271,0,0.0,381,0.003048,0.005758,5.196684837341309
BenchmarkTest00562.java,0,CWE-330,CWE-330,1,0,1,0,0,0,1,0,0,0,1371,0.002742,0,0.0,483,0.003864,0.006606,7.1082444190979
BenchmarkTest00563.java,0,CWE-330,CWE-330,1,0,1,0,0,0,1,0,0,0,1264,0.002528,0,0.0,371,0.002968,0.005496,4.488324880599976
BenchmarkTest00564.java,0,CWE-330,CWE-330,1,0,1,0,0,0,1,0,0,0,1287,0.002574,0,0.0,387,0.003096,0.00567,4.301056861877441
BenchmarkTest00565.java,0,CWE-614,CWE-614,1,0,1,0,0,0,1,0,0,0,1063,0.002126,0,0.0,319,0.002552,0.004678,4.257821083068848
BenchmarkTest00566.java,0,CWE-614,CWE-614,1,0,1,0,0,0,1,0,0,0,1080,0.00216,0,0.0,334,0.002672,0.0048319999999999995,6.4532012939453125
BenchmarkTest00567.java,0,CWE-78,CWE-78,1,0,1,0,0,0,1,0,0,0,1027,0.002054,0,0.0,497,0.003976,0.006030000000000001,5.941274404525757
BenchmarkTest00568.java,0,CWE-78,CWE-78,1,0,1,0,0,0,1,0,0,0,1112,0.002224,0,0.0,485,0.00388,0.006104,5.629700660705566
BenchmarkTest00569.java,0,CWE-78,,,,0,0,1,0,0,0,1,0,,,,,,,,
BenchmarkTest00570.java,0,CWE-78,CWE-78,1,1,0,1,0,0,0,0,1,0,1003,0.002006,0,0.0,681,0.005448,0.007454,6.600082874298096
BenchmarkTest00571.java,0,CWE-78,,,,0,0,1,0,0,0,1,0,,,,,,,,
BenchmarkTest00572.java,0,CWE-78,,,,0,0,1,0,0,0,1,0,,,,,,,,
BenchmarkTest00573.java,0,CWE-78,CWE-78,1,0,1,0,0,0,1,0,0,0,917,0.001834,0,0.0,707,0.005656,0.007489999999999999,10.603008031845093
BenchmarkTest00574.java,0,CWE-78,CWE-78,1,0,1,0,0,0,1,0,0,0,951,0.001902,0,0.0,546,0.004368,0.00627,7.067394971847534
BenchmarkTest00575.java,0,CWE-78,CWE-78,1,0,1,0,0,0,1,0,0,0,1078,0.002156,0,0.0,523,0.004184,0.00634,6.147248268127441
BenchmarkTest00576.java,0,CWE-78,CWE-78,1,0,1,0,0,0,1,0,0,0,1034,0.002068,0,0.0,454,0.003632,0.0057,5.606513977050781
BenchmarkTest00577.java,0,CWE-330,,,,0,0,1,0,0,0,1,0,,,,,,,,
BenchmarkTest00578.java,0,CWE-330,,,,0,0,1,0,0,0,1,0,,,,,,,,
BenchmarkTest00579.java,0,CWE-330,,,,0,0,1,0,0,0,1,0,,,,,,,,
BenchmarkTest00580.java,0,CWE-330,,,,0,0,1,0,0,0,1,0,,,,,,,,
BenchmarkTest00581.java,0,CWE-330,,,,0,0,1,0,0,0,1,0,,,,,,,,
BenchmarkTest00582.java,0,CWE-330,CWE-330,1,1,0,1,0,0,0,0,1,0,1400,0.0028,0,0.0,506,0.004048,0.006848,6.250161409378052
BenchmarkTest00583.java,0,CWE-330,,,,0,0,1,0,0,0,1,0,,,,,,,,
BenchmarkTest00584.java,0,CWE-330,,,,0,0,1,0,0,0,1,0,,,,,,,,
BenchmarkTest00585.java,0,CWE-330,,,,0,0,1,0,0,0,1,0,,,,,,,,
BenchmarkTest00589.java,0,CWE-89,CWE-89,1,0,0,1,0,0,0,1,0,0,1035,0.00207,0,0.0,644,0.005152,0.007222,7.900342702865601
BenchmarkTest00590.java,0,CWE-89,CWE-89,1,0,1,0,0,0,1,0,0,0,994,0.001988,0,0.0,520,0.00416,0.006148,9.003074407577515
BenchmarkTest00591.java,0,CWE-89,CWE-89,1,0,1,0,0,0,1,0,0,0,972,0.001944,0,0.0,541,0.004328,0.006272,9.274600267410278
BenchmarkTest00592.java,0,CWE-89,,,,0,0,1,0,0,0,1,0,,,,,,,,
BenchmarkTest00593.java,0,CWE-89,CWE-89,1,0,1,0,0,0,1,0,0,0,1064,0.002128,0,0.0,619,0.004952,0.0070799999999999995,11.066082954406738
BenchmarkTest00594.java,0,CWE-89,CWE-89,1,0,1,0,0,0,1,0,0,0,1036,0.002072,0,0.0,566,0.004528,0.0066,6.289216756820679
BenchmarkTest00595.java,0,CWE-89,CWE-89,1,0,1,0,0,0,1,0,0,0,980,0.00196,0,0.0,647,0.005176,0.007136,8.062352657318115
BenchmarkTest00596.java,0,CWE-89,,,,0,0,0,1,0,0,0,1,,,,,,,,
BenchmarkTest00597.java,0,CWE-89,,,,0,0,0,1,0,0,0,1,,,,,,,,
BenchmarkTest00598.java,0,CWE-89,,,,0,0,0,1,0,0,0,1,,,,,,,,
BenchmarkTest00599.java,0,CWE-89,,,,0,0,1,0,0,0,1,0,,,,,,,,
BenchmarkTest00600.java,0,CWE-89,CWE-89,1,0,1,0,0,0,1,0,0,0,1049,0.002098,0,0.0,549,0.004392,0.00649,6.539408922195435
BenchmarkTest00601.java,0,CWE-89,,,,0,0,1,0,0,0,1,0,,,,,,,,
BenchmarkTest00602.java,0,CWE-89,CWE-89,1,1,0,1,0,0,0,0,1,0,983,0.001966,0,0.0,656,0.005248,0.007214,8.27838683128357
BenchmarkTest00603.java,0,CWE-89,CWE-89,1,0,1,0,0,0,1,0,0,0,951,0.001902,0,0.0,690,0.00552,0.007422,7.310140609741211
BenchmarkTest00604.java,0,CWE-89,CWE-89,1,0,1,0,0,0,1,0,0,0,974,0.001948,0,0.0,495,0.00396,0.005908,6.199209451675415
BenchmarkTest00605.java,0,CWE-89,,,,0,0,1,0,0,0,1,0,,,,,,,,
BenchmarkTest00606.java,0,CWE-89,CWE-89,1,0,1,0,0,0,1,0,0,0,953,0.001906,0,0.0,533,0.004264,0.00617,7.206787109375
BenchmarkTest00607.java,0,CWE-643,CWE-643,1,0,1,0,0,0,1,0,0,0,1012,0.002024,0,0.0,426,0.003408,0.005432,5.774033546447754
BenchmarkTest00608.java,0,CWE-327,CWE-327,1,0,1,0,0,0,1,0,0,0,1579,0.003158,0,0.0,406,0.003248,0.006406,5.417045831680298
BenchmarkTest00609.java,0,CWE-327,CWE-327,1,0,1,0,0,0,1,0,0,0,1542,0.003084,0,0.0,398,0.003184,0.006268,5.644114971160889
BenchmarkTest00610.java,0,CWE-327,CWE-327,1,0,1,0,0,0,1,0,0,0,1750,0.0035,0,0.0,359,0.002872,0.006372,5.245354175567627
BenchmarkTest00611.java,0,CWE-327,CWE-327,1,0,1,0,0,0,1,0,0,0,1547,0.003094,0,0.0,336,0.002688,0.005782,6.190170526504517
BenchmarkTest00612.java,0,CWE-327,,,,0,0,1,0,0,0,1,0,,,,,,,,
BenchmarkTest00613.java,0,CWE-327,,,,0,0,1,0,0,0,1,0,,,,,,,,
BenchmarkTest00614.java,0,CWE-327,CWE-327,1,0,1,0,0,0,1,0,0,0,1283,0.002566,0,0.0,425,0.0034,0.005966,5.011387348175049
BenchmarkTest00615.java,0,CWE-327,CWE-327,1,0,1,0,0,0,1,0,0,0,1320,0.00264,0,0.0,388,0.003104,0.005744,3.872227907180786
BenchmarkTest00616.java,0,CWE-327,CWE-327,1,0,1,0,0,0,1,0,0,0,1215,0.00243,0,0.0,473,0.003784,0.006214,5.577319145202637
BenchmarkTest00617.java,0,CWE-327,CWE-327,1,0,1,0,0,0,1,0,0,0,1221,0.002442,0,0.0,355,0.00284,0.005282,4.110752105712891
BenchmarkTest00618.java,0,CWE-327,,,,0,0,1,0,0,0,1,0,,,,,,,,
BenchmarkTest00619.java,0,CWE-22,,,,0,0,0,1,0,0,0,1,,,,,,,,
BenchmarkTest00620.java,0,CWE-22,,,,0,0,1,0,0,0,1,0,,,,,,,,
BenchmarkTest00621.java,0,CWE-22,,,,0,0,1,0,0,0,1,0,,,,,,,,
BenchmarkTest00622.java,0,CWE-22,,,,0,0,1,0,0,0,1,0,,,,,,,,
BenchmarkTest00623.java,0,CWE-22,,,,0,0,0,1,0,0,0,1,,,,,,,,
BenchmarkTest00624.java,0,CWE-22,,,,0,0,0,1,0,0,0,1,,,,,,,,
BenchmarkTest00625.java,0,CWE-22,,,,0,0,1,0,0,0,1,0,,,,,,,,
BenchmarkTest00626.java,0,CWE-22,,,,0,0,1,0,0,0,1,0,,,,,,,,
BenchmarkTest00627.java,0,CWE-22,,,,0,0,0,1,0,0,0,1,,,,,,,,
BenchmarkTest00628.java,0,CWE-22,,,,0,0,1,0,0,0,1,0,,,,,,,,
BenchmarkTest00629.java,0,CWE-22,,,,0,0,0,1,0,0,0,1,,,,,,,,
BenchmarkTest00630.java,0,CWE-90,,,,0,0,0,1,0,0,0,1,,,,,,,,
BenchmarkTest00631.java,0,CWE-328,CWE-916,0,0,1,0,0,0,1,0,0,0,1281,0.002562,0,0.0,447,0.003576,0.006138,5.482943296432495
BenchmarkTest00632.java,0,CWE-328,,,,0,0,1,0,0,0,1,0,,,,,,,,
BenchmarkTest00633.java,0,CWE-328,,,,0,0,1,0,0,0,1,0,,,,,,,,
BenchmarkTest00634.java,0,CWE-328,CWE-916,0,0,1,0,0,0,1,0,0,0,1271,0.002542,0,0.0,350,0.0028,0.0053419999999999995,4.393165349960327
BenchmarkTest00635.java,0,CWE-328,CWE-916,0,0,1,0,0,0,1,0,0,0,1221,0.002442,0,0.0,354,0.002832,0.005274,4.199887275695801
BenchmarkTest00636.java,0,CWE-328,CWE-916,0,0,1,0,0,0,1,0,0,0,1218,0.002436,0,0.0,403,0.003224,0.00566,5.160714864730835
BenchmarkTest00637.java,0,CWE-328,CWE-916,0,0,1,0,0,0,1,0,0,0,1177,0.002354,0,0.0,423,0.003384,0.005738,5.4903244972229
BenchmarkTest00638.java,0,CWE-328,,,,0,0,0,1,0,0,0,1,,,,,,,,
BenchmarkTest00639.java,0,CWE-328,,,,0,0,1,0,0,0,1,0,,,,,,,,
BenchmarkTest00640.java,0,CWE-328,,,,0,0,1,0,0,0,1,0,,,,,,,,
BenchmarkTest00641.java,0,CWE-328,,,,0,0,1,0,0,0,1,0,,,,,,,,
BenchmarkTest00642.java,0,CWE-79,,,,0,0,0,1,0,0,0,1,,,,,,,,
BenchmarkTest00643.java,0,CWE-79,,,,0,0,0,1,0,0,0,1,,,,,,,,
BenchmarkTest00644.java,0,CWE-79,,,,0,0,0,1,0,0,0,1,,,,,,,,
BenchmarkTest00645.java,0,CWE-79,,,,0,0,0,1,0,0,0,1,,,,,,,,
BenchmarkTest00646.java,0,CWE-79,,,,0,0,1,0,0,0,1,0,,,,,,,,
BenchmarkTest00647.java,0,CWE-79,,,,0,0,1,0,0,0,1,0,,,,,,,,
BenchmarkTest00648.java,0,CWE-79,,,,0,0,1,0,0,0,1,0,,,,,,,,
BenchmarkTest00649.java,0,CWE-79,,,,0,0,1,0,0,0,1,0,,,,,,,,
BenchmarkTest00650.java,0,CWE-79,,,,0,0,1,0,0,0,1,0,,,,,,,,
BenchmarkTest00651.java,0,CWE-79,,,,0,0,0,1,0,0,0,1,,,,,,,,
BenchmarkTest00652.java,0,CWE-330,CWE-330,1,0,1,0,0,0,1,0,0,0,1254,0.002508,0,0.0,373,0.002984,0.005492,4.929883003234863
BenchmarkTest00653.java,0,CWE-330,CWE-330,1,0,1,0,0,0,1,0,0,0,1219,0.002438,0,0.0,392,0.003136,0.005574,4.6657092571258545
BenchmarkTest00654.java,0,CWE-330,CWE-330,1,0,1,0,0,0,1,0,0,0,1256,0.002512,0,0.0,417,0.003336,0.005848,5.037702322006226
BenchmarkTest00655.java,0,CWE-614,,,,0,0,1,0,0,0,1,0,,,,,,,,
BenchmarkTest00656.java,0,CWE-79,,,,0,0,0,1,0,0,0,1,,,,,,,,
BenchmarkTest00657.java,0,CWE-78,,,,0,0,1,0,0,0,1,0,,,,,,,,
BenchmarkTest00658.java,0,CWE-78,,,,0,0,1,0,0,0,1,0,,,,,,,,
BenchmarkTest00659.java,0,CWE-78,,,,0,0,1,0,0,0,1,0,,,,,,,,
BenchmarkTest00660.java,0,CWE-330,CWE-330,1,1,0,1,0,0,0,0,1,0,1298,0.002596,0,0.0,609,0.004872,0.007467999999999999,6.31339430809021
BenchmarkTest00661.java,0,CWE-330,,,,0,0,1,0,0,0,1,0,,,,,,,,
BenchmarkTest00662.java,0,CWE-330,,,,0,0,1,0,0,0,1,0,,,,,,,,
BenchmarkTest00663.java,0,CWE-330,,,,0,0,1,0,0,0,1,0,,,,,,,,
BenchmarkTest00664.java,0,CWE-330,,,,0,0,1,0,0,0,1,0,,,,,,,,
BenchmarkTest00665.java,0,CWE-330,,,,0,0,1,0,0,0,1,0,,,,,,,,
BenchmarkTest00666.java,0,CWE-330,,,,0,0,1,0,0,0,1,0,,,,,,,,
BenchmarkTest00667.java,0,CWE-330,,,,0,0,1,0,0,0,1,0,,,,,,,,
BenchmarkTest00672.java,0,CWE-89,,,,0,0,1,0,0,0,1,0,,,,,,,,
BenchmarkTest00673.java,0,CWE-89,,,,0,0,0,1,0,0,0,1,,,,,,,,
BenchmarkTest00674.java,0,CWE-89,,,,0,0,1,0,0,0,1,0,,,,,,,,
BenchmarkTest00675.java,0,CWE-89,,,,0,0,1,0,0,0,1,0,,,,,,,,
BenchmarkTest00676.java,0,CWE-89,,,,0,0,1,0,0,0,1,0,,,,,,,,
BenchmarkTest00677.java,0,CWE-89,,,,0,0,0,1,0,0,0,1,,,,,,,,
BenchmarkTest00678.java,0,CWE-89,,,,0,0,0,1,0,0,0,1,,,,,,,,
BenchmarkTest00679.java,0,CWE-89,,,,0,0,0,1,0,0,0,1,,,,,,,,
BenchmarkTest00680.java,0,CWE-89,,,,0,0,1,0,0,0,1,0,,,,,,,,
BenchmarkTest00681.java,0,CWE-89,,,,0,0,0,1,0,0,0,1,,,,,,,,
BenchmarkTest00682.java,0,CWE-89,,,,0,0,1,0,0,0,1,0,,,,,,,,
BenchmarkTest00683.java,0,CWE-643,,,,0,0,1,0,0,0,1,0,,,,,,,,
BenchmarkTest00684.java,0,CWE-327,CWE-327,1,0,1,0,0,0,1,0,0,0,1522,0.003044,0,0.0,343,0.002744,0.005788,3.969015121459961
BenchmarkTest00685.java,0,CWE-327,CWE-327,1,0,1,0,0,0,1,0,0,0,1568,0.003136,0,0.0,337,0.002696,0.005832,4.35776162147522
BenchmarkTest00686.java,0,CWE-327,,,,0,0,1,0,0,0,1,0,,,,,,,,
BenchmarkTest00687.java,0,CWE-327,,,,0,0,1,0,0,0,1,0,,,,,,,,
BenchmarkTest00688.java,0,CWE-327,CWE-327,1,0,1,0,0,0,1,0,0,0,1615,0.00323,0,0.0,370,0.00296,0.006189999999999999,4.132658243179321
BenchmarkTest00689.java,0,CWE-327,,,,0,0,1,0,0,0,1,0,,,,,,,,
BenchmarkTest00690.java,0,CWE-327,,,,0,0,1,0,0,0,1,0,,,,,,,,
BenchmarkTest00691.java,0,CWE-327,CWE-327,1,0,1,0,0,0,1,0,0,0,1277,0.002554,0,0.0,413,0.003304,0.005858,4.7156596183776855
BenchmarkTest00692.java,0,CWE-327,CWE-327,1,0,1,0,0,0,1,0,0,0,1223,0.002446,0,0.0,358,0.002864,0.00531,4.348957300186157
BenchmarkTest00693.java,0,CWE-327,CWE-327,1,0,1,0,0,0,1,0,0,0,1248,0.002496,0,0.0,385,0.00308,0.005575999999999999,5.36731219291687
BenchmarkTest00694.java,0,CWE-90,CWE-90,1,0,1,0,0,0,1,0,0,0,1108,0.002216,0,0.0,387,0.003096,0.005312,4.508691787719727
BenchmarkTest00695.java,0,CWE-90,CWE-90,1,0,1,0,0,0,1,0,0,0,1193,0.002386,0,0.0,430,0.00344,0.005826,4.355050086975098
BenchmarkTest00696.java,0,CWE-22,CWE-23,0,0,1,0,0,0,1,0,0,0,1243,0.002486,0,0.0,607,0.004856,0.007342,7.543344974517822
BenchmarkTest00697.java,0,CWE-22,CWE-23,0,0,1,0,0,0,1,0,0,0,1185,0.00237,0,0.0,439,0.003512,0.005882,4.7871479988098145
BenchmarkTest00698.java,0,CWE-22,CWE-23,0,0,1,0,0,0,1,0,0,0,1170,0.00234,0,0.0,621,0.004968,0.007308,7.822446346282959
BenchmarkTest00699.java,0,CWE-22,CWE-23,0,1,0,1,0,0,0,0,1,0,1229,0.002458,0,0.0,535,0.00428,0.006738,6.095210075378418
BenchmarkTest00700.java,0,CWE-22,CWE-23,0,0,1,0,0,0,1,0,0,0,1232,0.002464,0,0.0,476,0.003808,0.006272,5.056344032287598
BenchmarkTest00701.java,0,CWE-90,,,,0,0,1,0,0,0,1,0,,,,,,,,
BenchmarkTest00702.java,0,CWE-330,CWE-330,1,0,1,0,0,0,1,0,0,0,1257,0.002514,0,0.0,401,0.003208,0.005722,4.89452600479126
BenchmarkTest00703.java,0,CWE-328,CWE-916,0,0,1,0,0,0,1,0,0,0,1315,0.00263,0,0.0,387,0.003096,0.005726,4.7984724044799805
BenchmarkTest00704.java,0,CWE-328,CWE-916,0,0,1,0,0,0,1,0,0,0,1284,0.002568,0,0.0,319,0.002552,0.0051199999999999996,4.333821058273315
BenchmarkTest00705.java,0,CWE-328,CWE-916,0,0,1,0,0,0,1,0,0,0,1303,0.002606,0,0.0,389,0.003112,0.005718,5.977963209152222
BenchmarkTest00706.java,0,CWE-328,,,,0,0,1,0,0,0,1,0,,,,,,,,
BenchmarkTest00707.java,0,CWE-328,,,,0,0,1,0,0,0,1,0,,,,,,,,
BenchmarkTest00708.java,0,CWE-328,CWE-916,0,0,1,0,0,0,1,0,0,0,1160,0.00232,0,0.0,379,0.003032,0.005352,4.504673719406128
BenchmarkTest00709.java,0,CWE-328,,,,0,0,1,0,0,0,1,0,,,,,,,,
BenchmarkTest00710.java,0,CWE-328,,,,0,0,0,1,0,0,0,1,,,,,,,,
BenchmarkTest00711.java,0,CWE-79,CWE-79,1,0,1,0,0,0,1,0,0,0,1364,0.002728,0,0.0,567,0.004536,0.007264,5.5221498012542725
BenchmarkTest00712.java,0,CWE-79,,,,0,0,1,0,0,0,1,0,,,,,,,,
BenchmarkTest00713.java,0,CWE-79,,,,0,0,1,0,0,0,1,0,,,,,,,,
BenchmarkTest00714.java,0,CWE-79,,,,0,0,1,0,0,0,1,0,,,,,,,,
BenchmarkTest00715.java,0,CWE-79,CWE-79,1,0,1,0,0,0,1,0,0,0,1247,0.002494,0,0.0,405,0.00324,0.0057339999999999995,4.4515700340271
BenchmarkTest00716.java,0,CWE-79,,,,0,0,1,0,0,0,1,0,,,,,,,,
BenchmarkTest00717.java,0,CWE-79,,,,0,0,1,0,0,0,1,0,,,,,,,,
BenchmarkTest00718.java,0,CWE-79,,,,0,0,1,0,0,0,1,0,,,,,,,,
BenchmarkTest00719.java,0,CWE-79,CWE-79,1,0,1,0,0,0,1,0,0,0,1277,0.002554,0,0.0,483,0.003864,0.006418,5.0569963455200195
BenchmarkTest00720.java,0,CWE-79,CWE-79,1,0,1,0,0,0,1,0,0,0,1343,0.002686,0,0.0,589,0.004712,0.007398,5.799345254898071
BenchmarkTest00721.java,0,CWE-79,CWE-79,1,0,1,0,0,0,1,0,0,0,1324,0.002648,0,0.0,475,0.0038,0.006448000000000001,5.751403570175171
BenchmarkTest00722.java,0,CWE-79,CWE-79,1,1,0,1,0,0,0,0,1,0,1346,0.002692,0,0.0,416,0.003328,0.006019999999999999,5.090026140213013
BenchmarkTest00723.java,0,CWE-79,,,,0,0,1,0,0,0,1,0,,,,,,,,
BenchmarkTest00724.java,0,CWE-79,CWE-79,1,0,1,0,0,0,1,0,0,0,1325,0.00265,0,0.0,486,0.003888,0.006538,5.231853723526001
BenchmarkTest00725.java,0,CWE-79,CWE-79,1,0,1,0,0,0,1,0,0,0,1453,0.002906,0,0.0,492,0.003936,0.006842000000000001,5.947627544403076
BenchmarkTest00726.java,0,CWE-79,,,,0,0,1,0,0,0,1,0,,,,,,,,
BenchmarkTest00727.java,0,CWE-79,CWE-79,1,0,1,0,0,0,1,0,0,0,1265,0.00253,0,0.0,413,0.003304,0.005834000000000001,5.378691911697388
BenchmarkTest00728.java,0,CWE-79,CWE-79,1,0,1,0,0,0,1,0,0,0,1266,0.002532,0,0.0,393,0.003144,0.0056760000000000005,4.189930200576782
BenchmarkTest00729.java,0,CWE-79,CWE-79,1,0,1,0,0,0,1,0,0,0,1262,0.002524,0,0.0,429,0.003432,0.005956,4.636931896209717
BenchmarkTest00730.java,0,CWE-79,CWE-79,1,1,0,1,0,0,0,0,1,0,1341,0.002682,0,0.0,500,0.004,0.0066820000000000004,5.472472906112671
BenchmarkTest00731.java,0,CWE-78,CWE-78,1,0,1,0,0,0,1,0,0,0,933,0.001866,0,0.0,424,0.003392,0.0052580000000000005,5.8177855014801025
BenchmarkTest00732.java,0,CWE-78,CWE-78,1,1,0,1,0,0,0,0,1,0,1036,0.002072,0,0.0,444,0.003552,0.0056240000000000005,4.306097984313965
BenchmarkTest00733.java,0,CWE-330,CWE-330,1,0,1,0,0,0,1,0,0,0,1235,0.00247,0,0.0,382,0.003056,0.005526,4.175988674163818
BenchmarkTest00734.java,0,CWE-330,CWE-330,1,0,1,0,0,0,1,0,0,0,1274,0.002548,0,0.0,374,0.002992,0.00554,3.7346603870391846
BenchmarkTest00735.java,0,CWE-330,CWE-330,1,0,1,0,0,0,1,0,0,0,1253,0.002506,0,0.0,350,0.0028,0.005306,3.8333587646484375
BenchmarkTest00736.java,0,CWE-614,CWE-614,1,0,1,0,0,0,1,0,0,0,1008,0.002016,0,0.0,418,0.003344,0.00536,5.271279811859131
BenchmarkTest00737.java,0,CWE-79,CWE-79,1,0,1,0,0,0,1,0,0,0,1462,0.002924,0,0.0,687,0.005496,0.00842,6.830160856246948
BenchmarkTest00738.java,0,CWE-78,,,,0,0,1,0,0,0,1,0,,,,,,,,
BenchmarkTest00739.java,0,CWE-78,,,,0,0,1,0,0,0,1,0,,,,,,,,
BenchmarkTest00740.java,0,CWE-78,CWE-78,1,0,1,0,0,0,1,0,0,0,935,0.00187,0,0.0,699,0.005592,0.007462,7.705112934112549
BenchmarkTest00741.java,0,CWE-78,CWE-78,1,1,0,1,0,0,0,0,1,0,985,0.00197,0,0.0,601,0.004808,0.006777999999999999,5.901601076126099
BenchmarkTest00742.java,0,CWE-78,CWE-78,1,1,0,1,0,0,0,0,1,0,1033,0.002066,0,0.0,503,0.004024,0.00609,4.980980634689331
BenchmarkTest00743.java,0,CWE-78,CWE-78,1,1,0,1,0,0,0,0,1,0,935,0.00187,0,0.0,687,0.005496,0.007366,6.951269149780273
BenchmarkTest00744.java,0,CWE-330,,,,0,0,1,0,0,0,1,0,,,,,,,,
BenchmarkTest00745.java,0,CWE-330,,,,0,0,1,0,0,0,1,0,,,,,,,,
BenchmarkTest00746.java,0,CWE-330,,,,0,0,1,0,0,0,1,0,,,,,,,,
BenchmarkTest00747.java,0,CWE-330,,,,0,0,1,0,0,0,1,0,,,,,,,,
BenchmarkTest00748.java,0,CWE-330,,,,0,0,1,0,0,0,1,0,,,,,,,,
BenchmarkTest00749.java,0,CWE-330,CWE-330,1,1,0,1,0,0,0,0,1,0,1305,0.00261,0,0.0,564,0.004512,0.007122,5.769265651702881
BenchmarkTest00750.java,0,CWE-330,,,,0,0,1,0,0,0,1,0,,,,,,,,
BenchmarkTest00751.java,0,CWE-330,,,,0,0,1,0,0,0,1,0,,,,,,,,
BenchmarkTest00752.java,0,CWE-330,,,,0,0,1,0,0,0,1,0,,,,,,,,
BenchmarkTest00753.java,0,CWE-330,,,,0,0,1,0,0,0,1,0,,,,,,,,
BenchmarkTest00760.java,0,CWE-89,CWE-89,1,0,1,0,0,0,1,0,0,0,935,0.00187,0,0.0,402,0.003216,0.005086,4.992313623428345
BenchmarkTest00761.java,0,CWE-89,CWE-89,1,0,1,0,0,0,1,0,0,0,937,0.001874,0,0.0,561,0.004488,0.006362,6.005863428115845
BenchmarkTest00762.java,0,CWE-89,CWE-89,1,0,1,0,0,0,1,0,0,0,914,0.001828,0,0.0,443,0.003544,0.005372,5.882411479949951
BenchmarkTest00763.java,0,CWE-89,CWE-89,1,1,0,1,0,0,0,0,1,0,957,0.001914,0,0.0,540,0.00432,0.006234,5.768218755722046
BenchmarkTest00764.java,0,CWE-89,,,,0,0,0,1,0,0,0,1,,,,,,,,
BenchmarkTest00765.java,0,CWE-89,,,,0,0,0,1,0,0,0,1,,,,,,,,
BenchmarkTest00766.java,0,CWE-89,,,,0,0,1,0,0,0,1,0,,,,,,,,
BenchmarkTest00767.java,0,CWE-89,,,,0,0,0,1,0,0,0,1,,,,,,,,
BenchmarkTest00768.java,0,CWE-89,,,,0,0,0,1,0,0,0,1,,,,,,,,
BenchmarkTest00769.java,0,CWE-89,CWE-89,1,0,1,0,0,0,1,0,0,0,963,0.001926,0,0.0,449,0.003592,0.005518,5.538591384887695
BenchmarkTest00770.java,0,CWE-89,CWE-89,1,0,1,0,0,0,1,0,0,0,917,0.001834,0,0.0,439,0.003512,0.005346,4.747983932495117
BenchmarkTest00771.java,0,CWE-89,CWE-89,1,0,1,0,0,0,1,0,0,0,921,0.001842,0,0.0,385,0.00308,0.004922,4.098323106765747
BenchmarkTest00772.java,0,CWE-89,CWE-89,1,1,0,1,0,0,0,0,1,0,921,0.001842,0,0.0,525,0.0042,0.006042,5.274869203567505
BenchmarkTest00773.java,0,CWE-89,CWE-89,1,0,0,1,0,0,0,1,0,0,909,0.001818,0,0.0,423,0.003384,0.005202,4.057576417922974
BenchmarkTest00774.java,0,CWE-89,CWE-89,1,1,0,1,0,0,0,0,1,0,935,0.00187,0,0.0,502,0.004016,0.005886,4.97335410118103
BenchmarkTest00775.java,0,CWE-327,,,,0,0,1,0,0,0,1,0,,,,,,,,
BenchmarkTest00776.java,0,CWE-327,,,,0,0,1,0,0,0,1,0,,,,,,,,
BenchmarkTest00777.java,0,CWE-327,,,,0,0,1,0,0,0,1,0,,,,,,,,
BenchmarkTest00778.java,0,CWE-327,,,,0,0,1,0,0,0,1,0,,,,,,,,
BenchmarkTest00779.java,0,CWE-327,CWE-327,1,0,1,0,0,0,1,0,0,0,1711,0.003422,0,0.0,408,0.003264,0.006686,4.690634250640869
BenchmarkTest00780.java,0,CWE-327,,,,0,0,1,0,0,0,1,0,,,,,,,,
BenchmarkTest00781.java,0,CWE-327,CWE-327,1,0,1,0,0,0,1,0,0,0,1367,0.002734,0,0.0,408,0.003264,0.005998,4.542410850524902
BenchmarkTest00782.java,0,CWE-327,,,,0,0,1,0,0,0,1,0,,,,,,,,
BenchmarkTest00783.java,0,CWE-22,CWE-23,0,0,1,0,0,0,1,0,0,0,1519,0.003038,0,0.0,495,0.00396,0.006998,5.921651840209961
BenchmarkTest00784.java,0,CWE-22,CWE-23,0,1,0,1,0,0,0,0,1,0,1463,0.002926,0,0.0,497,0.003976,0.006902,5.75005030632019
BenchmarkTest00785.java,0,CWE-22,CWE-23,0,0,1,0,0,0,1,0,0,0,1411,0.002822,0,0.0,358,0.002864,0.005686,4.477288246154785
BenchmarkTest00786.java,0,CWE-22,CWE-23,0,1,0,1,0,0,0,0,1,0,1426,0.002852,0,0.0,487,0.003896,0.0067480000000000005,5.287984371185303
BenchmarkTest00787.java,0,CWE-22,CWE-23,0,0,1,0,0,0,1,0,0,0,1369,0.002738,0,0.0,468,0.003744,0.006482,7.701893329620361
BenchmarkTest00788.java,0,CWE-22,CWE-23,0,0,1,0,0,0,1,0,0,0,1350,0.0027,0,0.0,387,0.003096,0.005796,4.7126500606536865
BenchmarkTest00789.java,0,CWE-328,CWE-916,0,0,1,0,0,0,1,0,0,0,1394,0.002788,0,0.0,426,0.003408,0.006196,7.067598104476929
BenchmarkTest00790.java,0,CWE-328,CWE-916,0,0,1,0,0,0,1,0,0,0,1361,0.002722,0,0.0,387,0.003096,0.005818,5.609192371368408
BenchmarkTest00791.java,0,CWE-328,,,,0,0,1,0,0,0,1,0,,,,,,,,
BenchmarkTest00792.java,0,CWE-328,,,,0,0,1,0,0,0,1,0,,,,,,,,
BenchmarkTest00793.java,0,CWE-328,,,,0,0,1,0,0,0,1,0,,,,,,,,
BenchmarkTest00794.java,0,CWE-328,CWE-916,0,0,1,0,0,0,1,0,0,0,1307,0.002614,0,0.0,399,0.003192,0.005806,5.345840215682983
BenchmarkTest00795.java,0,CWE-328,,,,0,0,1,0,0,0,1,0,,,,,,,,
BenchmarkTest00796.java,0,CWE-328,,,,0,0,0,1,0,0,0,1,,,,,,,,
BenchmarkTest00797.java,0,CWE-328,,,,0,0,0,1,0,0,0,1,,,,,,,,
BenchmarkTest00798.java,0,CWE-328,,,,0,0,1,0,0,0,1,0,,,,,,,,
BenchmarkTest00799.java,0,CWE-79,CWE-79,1,0,0,1,0,0,0,1,0,0,1509,0.003018,0,0.0,532,0.004256,0.007274,7.862321376800537
BenchmarkTest00800.java,0,CWE-79,CWE-79,1,0,1,0,0,0,1,0,0,0,1488,0.002976,0,0.0,623,0.004984,0.00796,6.373254299163818
BenchmarkTest00801.java,0,CWE-79,CWE-79,1,0,1,0,0,0,1,0,0,0,1387,0.002774,0,0.0,438,0.003504,0.006278000000000001,5.283257007598877
BenchmarkTest00802.java,0,CWE-79,CWE-79,1,0,1,0,0,0,1,0,0,0,1422,0.002844,0,0.0,477,0.003816,0.00666,5.079373836517334
BenchmarkTest00803.java,0,CWE-79,CWE-79,1,0,1,0,0,0,1,0,0,0,1374,0.002748,0,0.0,425,0.0034,0.006148,4.614318132400513
BenchmarkTest00804.java,0,CWE-79,CWE-79,1,0,1,0,0,0,1,0,0,0,1398,0.002796,0,0.0,422,0.003376,0.006172,4.85129451751709
BenchmarkTest00805.java,0,CWE-79,CWE-79,1,0,1,0,0,0,1,0,0,0,1594,0.003188,0,0.0,500,0.004,0.007188,6.091717004776001
BenchmarkTest00806.java,0,CWE-79,CWE-79,1,0,1,0,0,0,1,0,0,0,1458,0.002916,0,0.0,561,0.004488,0.007404,6.972696542739868
BenchmarkTest00807.java,0,CWE-79,CWE-79,1,0,1,0,0,0,1,0,0,0,1406,0.002812,0,0.0,581,0.004648,0.00746,6.510723352432251
BenchmarkTest00808.java,0,CWE-79,CWE-79,1,0,0,1,0,0,0,1,0,0,1454,0.002908,0,0.0,522,0.004176,0.007084,6.207758665084839
BenchmarkTest00809.java,0,CWE-79,CWE-79,1,0,1,0,0,0,1,0,0,0,1420,0.00284,0,0.0,394,0.003152,0.005992,4.634263038635254
BenchmarkTest00810.java,0,CWE-79,CWE-79,1,0,1,0,0,0,1,0,0,0,1400,0.0028,0,0.0,563,0.004504,0.007304,6.197305917739868
BenchmarkTest00811.java,0,CWE-79,CWE-79,1,0,1,0,0,0,1,0,0,0,1472,0.002944,0,0.0,489,0.003912,0.006855999999999999,6.0072667598724365
BenchmarkTest00812.java,0,CWE-79,,,,0,0,1,0,0,0,1,0,,,,,,,,
BenchmarkTest00813.java,0,CWE-79,,,,0,0,1,0,0,0,1,0,,,,,,,,
BenchmarkTest00814.java,0,CWE-78,,,,0,0,1,0,0,0,1,0,,,,,,,,
BenchmarkTest00815.java,0,CWE-78,CWE-78,1,0,1,0,0,0,1,0,0,0,1078,0.002156,0,0.0,407,0.003256,0.005412,5.637253284454346
BenchmarkTest00816.java,0,CWE-78,CWE-78,1,0,1,0,0,0,1,0,0,0,1163,0.002326,0,0.0,464,0.003712,0.006038,6.5478291511535645
BenchmarkTest00817.java,0,CWE-330,CWE-330,1,0,1,0,0,0,1,0,0,0,1571,0.003142,0,0.0,353,0.002824,0.005966,6.227062940597534
BenchmarkTest00818.java,0,CWE-330,CWE-330,1,0,1,0,0,0,1,0,0,0,1384,0.002768,0,0.0,464,0.003712,0.00648,11.20004916191101
BenchmarkTest00819.java,0,CWE-330,CWE-330,1,0,1,0,0,0,1,0,0,0,1354,0.002708,0,0.0,348,0.002784,0.005492,4.693030118942261
BenchmarkTest00820.java,0,CWE-614,CWE-614,1,0,1,0,0,0,1,0,0,0,1112,0.002224,0,0.0,274,0.002192,0.004416,4.358628988265991
BenchmarkTest00821.java,0,CWE-614,CWE-614,1,0,1,0,0,0,1,0,0,0,1126,0.002252,0,0.0,319,0.002552,0.004804,3.774531364440918
BenchmarkTest00822.java,0,CWE-79,CWE-79,1,0,1,0,0,0,1,0,0,0,1413,0.002826,0,0.0,477,0.003816,0.006642,5.826166868209839
BenchmarkTest00823.java,0,CWE-78,CWE-78,1,0,1,0,0,0,1,0,0,0,1049,0.002098,0,0.0,466,0.003728,0.005826,5.614023447036743
BenchmarkTest00824.java,0,CWE-78,CWE-78,1,0,1,0,0,0,1,0,0,0,1243,0.002486,0,0.0,706,0.005648,0.008134,8.771177530288696
BenchmarkTest00825.java,0,CWE-78,CWE-78,1,0,1,0,0,0,1,0,0,0,1028,0.002056,0,0.0,503,0.004024,0.00608,6.325467824935913
BenchmarkTest00826.java,0,CWE-78,,,,0,0,1,0,0,0,1,0,,,,,,,,
BenchmarkTest00827.java,0,CWE-78,CWE-78,1,0,0,1,0,0,0,1,0,0,1061,0.002122,0,0.0,801,0.006408,0.00853,9.608506441116333
BenchmarkTest00828.java,0,CWE-330,,,,0,0,1,0,0,0,1,0,,,,,,,,
BenchmarkTest00829.java,0,CWE-330,,,,0,0,1,0,0,0,1,0,,,,,,,,
BenchmarkTest00830.java,0,CWE-330,,,,0,0,1,0,0,0,1,0,,,,,,,,
BenchmarkTest00831.java,0,CWE-330,,,,0,0,1,0,0,0,1,0,,,,,,,,
BenchmarkTest00832.java,0,CWE-330,,,,0,0,1,0,0,0,1,0,,,,,,,,
BenchmarkTest00837.java,0,CWE-89,CWE-89,1,1,0,1,0,0,0,0,1,0,1127,0.002254,0,0.0,557,0.004456,0.00671,6.231466293334961
BenchmarkTest00838.java,0,CWE-89,CWE-89,1,1,0,1,0,0,0,0,1,0,1118,0.002236,0,0.0,614,0.004912,0.007148,7.441935777664185
BenchmarkTest00839.java,0,CWE-89,CWE-89,1,0,1,0,0,0,1,0,0,0,1043,0.002086,0,0.0,570,0.00456,0.006646,6.983009576797485
BenchmarkTest00840.java,0,CWE-89,CWE-89,1,0,1,0,0,0,1,0,0,0,1047,0.002094,0,0.0,425,0.0034,0.005494,8.2590970993042
BenchmarkTest00841.java,0,CWE-89,CWE-89,1,0,1,0,0,0,1,0,0,0,1113,0.002226,0,0.0,454,0.003632,0.005858,5.392107963562012
BenchmarkTest00842.java,0,CWE-89,,,,0,0,0,1,0,0,0,1,,,,,,,,
BenchmarkTest00843.java,0,CWE-89,,,,0,0,0,1,0,0,0,1,,,,,,,,
BenchmarkTest00844.java,0,CWE-89,,,,0,0,1,0,0,0,1,0,,,,,,,,
BenchmarkTest00845.java,0,CWE-89,,,,0,0,0,1,0,0,0,1,,,,,,,,
BenchmarkTest00846.java,0,CWE-89,CWE-89,1,0,1,0,0,0,1,0,0,0,1018,0.002036,0,0.0,393,0.003144,0.005180000000000001,5.011643171310425
BenchmarkTest00847.java,0,CWE-89,CWE-89,1,0,1,0,0,0,1,0,0,0,1051,0.002102,0,0.0,462,0.003696,0.005798,5.100419998168945
BenchmarkTest00848.java,0,CWE-89,CWE-89,1,0,1,0,0,0,1,0,0,0,988,0.001976,0,0.0,316,0.002528,0.004503999999999999,6.865905046463013
BenchmarkTest00849.java,0,CWE-89,CWE-89,1,0,1,0,0,0,1,0,0,0,1054,0.002108,0,0.0,412,0.003296,0.005404,5.447075843811035
BenchmarkTest00850.java,0,CWE-89,CWE-89,1,0,1,0,0,0,1,0,0,0,1051,0.002102,0,0.0,439,0.003512,0.005614,5.601222038269043
BenchmarkTest00851.java,0,CWE-89,,,,0,0,1,0,0,0,1,0,,,,,,,,
BenchmarkTest00852.java,0,CWE-643,CWE-643,1,1,0,1,0,0,0,0,1,0,1147,0.002294,0,0.0,572,0.004576,0.00687,6.299671173095703
BenchmarkTest00853.java,0,CWE-327,CWE-327,1,0,1,0,0,0,1,0,0,0,1529,0.003058,0,0.0,341,0.002728,0.0057859999999999995,3.8359017372131348
BenchmarkTest00854.java,0,CWE-327,,,,0,0,1,0,0,0,1,0,,,,,,,,
BenchmarkTest00855.java,0,CWE-327,CWE-327,1,0,1,0,0,0,1,0,0,0,1629,0.003258,0,0.0,331,0.002648,0.005906,3.846839427947998
BenchmarkTest00856.java,0,CWE-327,CWE-327,1,0,1,0,0,0,1,0,0,0,1430,0.00286,0,0.0,435,0.00348,0.00634,5.416402816772461
BenchmarkTest00857.java,0,CWE-327,CWE-327,1,0,1,0,0,0,1,0,0,0,1296,0.002592,0,0.0,344,0.002752,0.005344,3.7841665744781494
BenchmarkTest00858.java,0,CWE-327,,,,0,0,1,0,0,0,1,0,,,,,,,,
BenchmarkTest00859.java,0,CWE-327,CWE-327,1,0,1,0,0,0,1,0,0,0,1278,0.002556,0,0.0,460,0.00368,0.006236,5.7656919956207275
BenchmarkTest00860.java,0,CWE-90,,,,0,0,1,0,0,0,1,0,,,,,,,,
BenchmarkTest00861.java,0,CWE-90,,,,0,0,1,0,0,0,1,0,,,,,,,,
BenchmarkTest00862.java,0,CWE-22,,,,0,0,1,0,0,0,1,0,,,,,,,,
BenchmarkTest00863.java,0,CWE-22,,,,0,0,1,0,0,0,1,0,,,,,,,,
BenchmarkTest00864.java,0,CWE-22,,,,0,0,1,0,0,0,1,0,,,,,,,,
BenchmarkTest00865.java,0,CWE-22,,,,0,0,1,0,0,0,1,0,,,,,,,,
BenchmarkTest00866.java,0,CWE-22,,,,0,0,1,0,0,0,1,0,,,,,,,,
BenchmarkTest00867.java,0,CWE-22,,,,0,0,1,0,0,0,1,0,,,,,,,,
BenchmarkTest00868.java,0,CWE-328,CWE-916,0,0,1,0,0,0,1,0,0,0,1468,0.002936,0,0.0,416,0.003328,0.006264,5.2631871700286865
BenchmarkTest00869.java,0,CWE-328,CWE-916,0,0,1,0,0,0,1,0,0,0,1340,0.00268,0,0.0,368,0.002944,0.0056240000000000005,7.955580711364746
BenchmarkTest00870.java,0,CWE-328,CWE-916,0,0,1,0,0,0,1,0,0,0,1216,0.002432,0,0.0,390,0.00312,0.005552,4.914686918258667
BenchmarkTest00871.java,0,CWE-328,CWE-916,0,0,1,0,0,0,1,0,0,0,1284,0.002568,0,0.0,436,0.003488,0.006056000000000001,8.59616732597351
BenchmarkTest00872.java,0,CWE-328,CWE-916,0,0,1,0,0,0,1,0,0,0,1213,0.002426,0,0.0,392,0.003136,0.005562,5.182106256484985
BenchmarkTest00873.java,0,CWE-328,,,,0,0,1,0,0,0,1,0,,,,,,,,
BenchmarkTest00874.java,0,CWE-328,,,,0,0,1,0,0,0,1,0,,,,,,,,
BenchmarkTest00875.java,0,CWE-328,,,,0,0,0,1,0,0,0,1,,,,,,,,
BenchmarkTest00876.java,0,CWE-328,,,,0,0,0,1,0,0,0,1,,,,,,,,
BenchmarkTest00877.java,0,CWE-328,,,,0,0,1,0,0,0,1,0,,,,,,,,
BenchmarkTest00878.java,0,CWE-328,,,,0,0,1,0,0,0,1,0,,,,,,,,
BenchmarkTest00879.java,0,CWE-79,,,,0,0,1,0,0,0,1,0,,,,,,,,
BenchmarkTest00880.java,0,CWE-79,,,,0,0,1,0,0,0,1,0,,,,,,,,
BenchmarkTest00881.java,0,CWE-79,,,,0,0,1,0,0,0,1,0,,,,,,,,
BenchmarkTest00882.java,0,CWE-79,,,,0,0,1,0,0,0,1,0,,,,,,,,
BenchmarkTest00883.java,0,CWE-79,,,,0,0,1,0,0,0,1,0,,,,,,,,
BenchmarkTest00884.java,0,CWE-79,,,,0,0,1,0,0,0,1,0,,,,,,,,
BenchmarkTest00885.java,0,CWE-79,,,,0,0,1,0,0,0,1,0,,,,,,,,
BenchmarkTest00886.java,0,CWE-79,,,,0,0,1,0,0,0,1,0,,,,,,,,
BenchmarkTest00887.java,0,CWE-79,,,,0,0,1,0,0,0,1,0,,,,,,,,
BenchmarkTest00888.java,0,CWE-79,,,,0,0,1,0,0,0,1,0,,,,,,,,
BenchmarkTest00889.java,0,CWE-79,,,,0,0,1,0,0,0,1,0,,,,,,,,
BenchmarkTest00890.java,0,CWE-79,,,,0,0,1,0,0,0,1,0,,,,,,,,
BenchmarkTest00891.java,0,CWE-79,,,,0,0,1,0,0,0,1,0,,,,,,,,
BenchmarkTest00892.java,0,CWE-79,,,,0,0,1,0,0,0,1,0,,,,,,,,
BenchmarkTest00893.java,0,CWE-79,,,,0,0,1,0,0,0,1,0,,,,,,,,
BenchmarkTest00894.java,0,CWE-79,,,,0,0,1,0,0,0,1,0,,,,,,,,
BenchmarkTest00895.java,0,CWE-78,,,,0,0,1,0,0,0,1,0,,,,,,,,
BenchmarkTest00896.java,0,CWE-78,,,,0,0,1,0,0,0,1,0,,,,,,,,
BenchmarkTest00897.java,0,CWE-78,,,,0,0,1,0,0,0,1,0,,,,,,,,
BenchmarkTest00898.java,0,CWE-330,CWE-330,1,0,1,0,0,0,1,0,0,0,1266,0.002532,0,0.0,373,0.002984,0.005516,8.145640134811401
BenchmarkTest00899.java,0,CWE-330,CWE-330,1,0,1,0,0,0,1,0,0,0,1288,0.002576,0,0.0,410,0.00328,0.005856,4.757107257843018
BenchmarkTest00900.java,0,CWE-330,CWE-330,1,0,1,0,0,0,1,0,0,0,1279,0.002558,0,0.0,371,0.002968,0.005526,4.412123918533325
BenchmarkTest00901.java,0,CWE-330,CWE-330,1,0,1,0,0,0,1,0,0,0,1280,0.00256,0,0.0,413,0.003304,0.005864,5.962819337844849
BenchmarkTest00902.java,0,CWE-330,CWE-330,1,0,1,0,0,0,1,0,0,0,1265,0.00253,0,0.0,376,0.003008,0.0055379999999999995,6.382366418838501
BenchmarkTest00903.java,0,CWE-614,CWE-614,1,0,1,0,0,0,1,0,0,0,1052,0.002104,0,0.0,348,0.002784,0.004888,9.174107551574707
BenchmarkTest00904.java,0,CWE-614,,,,0,0,1,0,0,0,1,0,,,,,,,,
BenchmarkTest00905.java,0,CWE-78,,,,0,0,1,0,0,0,1,0,,,,,,,,
BenchmarkTest00906.java,0,CWE-78,,,,0,0,1,0,0,0,1,0,,,,,,,,
BenchmarkTest00907.java,0,CWE-78,,,,0,0,1,0,0,0,1,0,,,,,,,,
BenchmarkTest00908.java,0,CWE-78,,,,0,0,1,0,0,0,1,0,,,,,,,,
BenchmarkTest00909.java,0,CWE-78,,,,0,0,1,0,0,0,1,0,,,,,,,,
BenchmarkTest00910.java,0,CWE-78,,,,0,0,1,0,0,0,1,0,,,,,,,,
BenchmarkTest00911.java,0,CWE-330,,,,0,0,1,0,0,0,1,0,,,,,,,,
BenchmarkTest00912.java,0,CWE-330,,,,0,0,1,0,0,0,1,0,,,,,,,,
BenchmarkTest00913.java,0,CWE-330,,,,0,0,1,0,0,0,1,0,,,,,,,,
BenchmarkTest00914.java,0,CWE-330,,,,0,0,1,0,0,0,1,0,,,,,,,,
BenchmarkTest00915.java,0,CWE-330,,,,0,0,1,0,0,0,1,0,,,,,,,,
BenchmarkTest00916.java,0,CWE-330,,,,0,0,1,0,0,0,1,0,,,,,,,,
BenchmarkTest00917.java,0,CWE-330,,,,0,0,1,0,0,0,1,0,,,,,,,,
BenchmarkTest00918.java,0,CWE-330,,,,0,0,1,0,0,0,1,0,,,,,,,,
BenchmarkTest00919.java,0,CWE-330,,,,0,0,1,0,0,0,1,0,,,,,,,,
BenchmarkTest00920.java,0,CWE-330,,,,0,0,1,0,0,0,1,0,,,,,,,,
BenchmarkTest00921.java,0,CWE-330,,,,0,0,1,0,0,0,1,0,,,,,,,,
BenchmarkTest00924.java,0,CWE-89,,,,0,0,1,0,0,0,1,0,,,,,,,,
BenchmarkTest00925.java,0,CWE-89,,,,0,0,1,0,0,0,1,0,,,,,,,,
BenchmarkTest00926.java,0,CWE-89,,,,0,0,1,0,0,0,1,0,,,,,,,,
BenchmarkTest00927.java,0,CWE-89,,,,0,0,1,0,0,0,1,0,,,,,,,,
BenchmarkTest00928.java,0,CWE-89,,,,0,0,1,0,0,0,1,0,,,,,,,,
BenchmarkTest00929.java,0,CWE-89,,,,0,0,1,0,0,0,1,0,,,,,,,,
BenchmarkTest00930.java,0,CWE-89,,,,0,0,1,0,0,0,1,0,,,,,,,,
BenchmarkTest00931.java,0,CWE-89,,,,0,0,1,0,0,0,1,0,,,,,,,,
BenchmarkTest00932.java,0,CWE-89,,,,0,0,1,0,0,0,1,0,,,,,,,,
BenchmarkTest00933.java,0,CWE-89,,,,0,0,1,0,0,0,1,0,,,,,,,,
BenchmarkTest00934.java,0,CWE-89,,,,0,0,1,0,0,0,1,0,,,,,,,,
BenchmarkTest00935.java,0,CWE-89,,,,0,0,1,0,0,0,1,0,,,,,,,,
BenchmarkTest00936.java,0,CWE-89,,,,0,0,1,0,0,0,1,0,,,,,,,,
BenchmarkTest00937.java,0,CWE-89,,,,0,0,1,0,0,0,1,0,,,,,,,,
BenchmarkTest00938.java,0,CWE-89,,,,0,0,1,0,0,0,1,0,,,,,,,,
BenchmarkTest00939.java,0,CWE-89,,,,0,0,1,0,0,0,1,0,,,,,,,,
BenchmarkTest00940.java,0,CWE-89,,,,0,0,1,0,0,0,1,0,,,,,,,,
BenchmarkTest00941.java,0,CWE-643,,,,0,0,1,0,0,0,1,0,,,,,,,,
BenchmarkTest00942.java,0,CWE-327,,,,0,0,1,0,0,0,1,0,,,,,,,,
BenchmarkTest00943.java,0,CWE-327,,,,0,0,1,0,0,0,1,0,,,,,,,,
BenchmarkTest00944.java,0,CWE-327,,,,0,0,1,0,0,0,1,0,,,,,,,,
BenchmarkTest00945.java,0,CWE-327,CWE-327,1,0,1,0,0,0,1,0,0,0,1472,0.002944,0,0.0,425,0.0034,0.006344,5.82175874710083
BenchmarkTest00946.java,0,CWE-327,CWE-327,1,0,1,0,0,0,1,0,0,0,1429,0.002858,0,0.0,500,0.004,0.0068579999999999995,6.2537946701049805
BenchmarkTest00947.java,0,CWE-90,CWE-90,1,0,1,0,0,0,1,0,0,0,1359,0.002718,0,0.0,487,0.003896,0.006614,5.173825979232788
BenchmarkTest00948.java,0,CWE-90,CWE-90,1,1,0,1,0,0,0,0,1,0,1407,0.002814,0,0.0,550,0.0044,0.007214,5.99034309387207
BenchmarkTest00949.java,0,CWE-22,CWE-23,0,0,1,0,0,0,1,0,0,0,1353,0.002706,0,0.0,489,0.003912,0.006618,7.386172294616699
BenchmarkTest00950.java,0,CWE-22,CWE-23,0,1,1,0,0,0,0,0,0,1,1342,0.002684,0,0.0,634,0.005072,0.007756000000000001,7.4287285804748535
BenchmarkTest00951.java,0,CWE-22,CWE-23,0,1,0,1,0,0,0,0,1,0,1509,0.003018,0,0.0,525,0.0042,0.007218,6.498908042907715
BenchmarkTest00952.java,0,CWE-22,CWE-23,0,0,1,0,0,0,1,0,0,0,1592,0.003184,0,0.0,476,0.003808,0.006992,7.9269139766693115
BenchmarkTest00953.java,0,CWE-22,CWE-23,0,0,1,0,0,0,1,0,0,0,1412,0.002824,0,0.0,603,0.004824,0.007648,8.230155944824219
BenchmarkTest00954.java,0,CWE-22,CWE-23,0,1,0,1,0,0,0,0,1,0,1445,0.00289,0,0.0,385,0.00308,0.00597,4.900081396102905
BenchmarkTest00955.java,0,CWE-22,CWE-23,0,1,0,1,0,0,0,0,1,0,1380,0.00276,0,0.0,609,0.004872,0.007632,6.076982021331787
BenchmarkTest00956.java,0,CWE-22,CWE-23,0,0,1,0,0,0,1,0,0,0,1378,0.002756,0,0.0,543,0.004344,0.0071,10.105737924575806
BenchmarkTest00957.java,0,CWE-22,CWE-23,0,1,0,1,0,0,0,0,1,0,1569,0.003138,0,0.0,631,0.005048,0.008186,7.026344299316406
BenchmarkTest00958.java,0,CWE-22,CWE-23,0,1,0,1,0,0,0,0,1,0,1608,0.003216,0,0.0,393,0.003144,0.00636,6.153584718704224
BenchmarkTest00959.java,0,CWE-90,CWE-90,1,0,1,0,0,0,1,0,0,0,1388,0.002776,0,0.0,452,0.003616,0.006392,5.457794666290283
BenchmarkTest00960.java,0,CWE-330,CWE-330,1,0,1,0,0,0,1,0,0,0,1514,0.003028,0,0.0,377,0.003016,0.006044,5.935456037521362
BenchmarkTest00961.java,0,CWE-328,CWE-916,0,0,1,0,0,0,1,0,0,0,1509,0.003018,0,0.0,363,0.002904,0.005922,4.42281174659729
BenchmarkTest00962.java,0,CWE-328,,,,0,0,1,0,0,0,1,0,,,,,,,,
BenchmarkTest00963.java,0,CWE-328,CWE-916,0,0,1,0,0,0,1,0,0,0,1356,0.002712,0,0.0,493,0.003944,0.006656,5.620865821838379
BenchmarkTest00964.java,0,CWE-328,,,,0,0,1,0,0,0,1,0,,,,,,,,
BenchmarkTest00965.java,0,CWE-328,,,,0,0,1,0,0,0,1,0,,,,,,,,
BenchmarkTest00966.java,0,CWE-328,,,,0,0,1,0,0,0,1,0,,,,,,,,
BenchmarkTest00967.java,0,CWE-328,,,,0,0,1,0,0,0,1,0,,,,,,,,
BenchmarkTest00968.java,0,CWE-78,CWE-78,1,0,1,0,0,0,1,0,0,0,1138,0.002276,0,0.0,494,0.003952,0.006227999999999999,5.621279001235962
BenchmarkTest00969.java,0,CWE-78,CWE-78,1,1,0,1,0,0,0,0,1,0,1366,0.002732,0,0.0,718,0.005744,0.008476000000000001,6.8098626136779785
BenchmarkTest00970.java,0,CWE-78,CWE-78,1,1,0,1,0,0,0,0,1,0,1163,0.002326,0,0.0,554,0.004432,0.006758,6.028001546859741
BenchmarkTest00971.java,0,CWE-330,CWE-330,1,0,1,0,0,0,1,0,0,0,1454,0.002908,0,0.0,380,0.00304,0.005948,4.724096298217773
BenchmarkTest00972.java,0,CWE-330,CWE-330,1,0,1,0,0,0,1,0,0,0,1507,0.003014,0,0.0,421,0.003368,0.0063820000000000005,5.5908403396606445
BenchmarkTest00973.java,0,CWE-330,CWE-330,1,0,1,0,0,0,1,0,0,0,1398,0.002796,0,0.0,441,0.003528,0.006324,12.523453712463379
BenchmarkTest00974.java,0,CWE-330,CWE-330,1,0,1,0,0,0,1,0,0,0,1437,0.002874,0,0.0,388,0.003104,0.005978,5.202190637588501
BenchmarkTest00975.java,0,CWE-330,CWE-330,1,0,1,0,0,0,1,0,0,0,1407,0.002814,0,0.0,450,0.0036,0.0064139999999999996,5.413925409317017
BenchmarkTest00976.java,0,CWE-330,CWE-330,1,0,1,0,0,0,1,0,0,0,1419,0.002838,0,0.0,377,0.003016,0.005854,4.357800006866455
BenchmarkTest00977.java,0,CWE-614,CWE-614,1,0,1,0,0,0,1,0,0,0,1199,0.002398,0,0.0,346,0.002768,0.0051660000000000005,4.795886993408203
BenchmarkTest00978.java,0,CWE-78,CWE-78,1,1,0,1,0,0,0,0,1,0,1436,0.002872,0,0.0,885,0.00708,0.009952,9.6180260181427
BenchmarkTest00979.java,0,CWE-78,CWE-78,1,0,1,0,0,0,1,0,0,0,1293,0.002586,0,0.0,564,0.004512,0.007098,7.424394369125366
BenchmarkTest00980.java,0,CWE-78,CWE-78,1,0,0,1,0,0,0,1,0,0,1116,0.002232,0,0.0,546,0.004368,0.0066,7.3688812255859375
BenchmarkTest00981.java,0,CWE-78,CWE-78,1,0,1,0,0,0,1,0,0,0,1241,0.002482,0,0.0,510,0.00408,0.006562,7.263510465621948
BenchmarkTest00982.java,0,CWE-78,CWE-78,1,1,0,1,0,0,0,0,1,0,1164,0.002328,0,0.0,516,0.004128,0.006456,6.75708270072937
BenchmarkTest00983.java,0,CWE-78,CWE-78,1,0,1,0,0,0,1,0,0,0,1074,0.002148,0,0.0,477,0.003816,0.0059640000000000006,6.135515928268433
BenchmarkTest00984.java,0,CWE-330,CWE-330,1,1,0,1,0,0,0,0,1,0,1717,0.003434,0,0.0,537,0.004296,0.007730000000000001,5.756953716278076
BenchmarkTest00985.java,0,CWE-330,CWE-330,1,1,0,1,0,0,0,0,1,0,1548,0.003096,0,0.0,616,0.004928,0.008024,6.634912490844727
BenchmarkTest00986.java,0,CWE-330,CWE-330,1,1,0,1,0,0,0,0,1,0,1515,0.00303,0,0.0,577,0.004616,0.007646,9.891221284866333
BenchmarkTest00987.java,0,CWE-330,,,,0,0,1,0,0,0,1,0,,,,,,,,
BenchmarkTest00988.java,0,CWE-330,,,,0,0,1,0,0,0,1,0,,,,,,,,
BenchmarkTest00989.java,0,CWE-330,,,,0,0,1,0,0,0,1,0,,,,,,,,
BenchmarkTest00990.java,0,CWE-330,,,,0,0,1,0,0,0,1,0,,,,,,,,
BenchmarkTest00996.java,0,CWE-89,CWE-89,1,0,1,0,0,0,1,0,0,0,1110,0.00222,0,0.0,393,0.003144,0.005364000000000001,9.40549373626709
BenchmarkTest00997.java,0,CWE-89,CWE-89,1,0,1,0,0,0,1,0,0,0,1148,0.002296,0,0.0,440,0.00352,0.005816,8.79702353477478
BenchmarkTest00998.java,0,CWE-89,CWE-89,1,0,1,0,0,0,1,0,0,0,1114,0.002228,0,0.0,492,0.003936,0.006164,6.8899242877960205
BenchmarkTest00999.java,0,CWE-89,CWE-89,1,1,0,1,0,0,0,0,1,0,1126,0.002252,0,0.0,532,0.004256,0.006508,5.547919988632202
BenchmarkTest01000.java,0,CWE-89,CWE-89,1,0,1,0,0,0,1,0,0,0,1144,0.002288,0,0.0,540,0.00432,0.006608,6.676753282546997
BenchmarkTest01001.java,0,CWE-89,CWE-89,1,1,0,1,0,0,0,0,1,0,1084,0.002168,0,0.0,517,0.004136,0.006304,5.660772085189819
BenchmarkTest01002.java,0,CWE-89,CWE-89,1,0,1,0,0,0,1,0,0,0,1092,0.002184,0,0.0,462,0.003696,0.00588,5.563023805618286
BenchmarkTest01003.java,0,CWE-89,CWE-89,1,0,1,0,0,0,1,0,0,0,1128,0.002256,0,0.0,521,0.004168,0.006424,6.010586738586426
BenchmarkTest01004.java,0,CWE-89,CWE-89,1,0,1,0,0,0,1,0,0,0,1157,0.002314,0,0.0,543,0.004344,0.006658,5.712470769882202
BenchmarkTest01005.java,0,CWE-89,CWE-89,1,0,1,0,0,0,1,0,0,0,1137,0.002274,0,0.0,527,0.004216,0.00649,5.228811025619507
BenchmarkTest01006.java,0,CWE-89,,,,0,0,0,1,0,0,0,1,,,,,,,,
BenchmarkTest01007.java,0,CWE-89,,,,0,0,0,1,0,0,0,1,,,,,,,,
BenchmarkTest01008.java,0,CWE-89,,,,0,0,0,1,0,0,0,1,,,,,,,,
BenchmarkTest01009.java,0,CWE-89,,,,0,0,0,1,0,0,0,1,,,,,,,,
BenchmarkTest01010.java,0,CWE-89,CWE-89,1,0,0,1,0,0,0,1,0,0,1147,0.002294,0,0.0,431,0.003448,0.005742000000000001,4.386548042297363
BenchmarkTest01011.java,0,CWE-89,CWE-89,1,0,1,0,0,0,1,0,0,0,1083,0.002166,0,0.0,464,0.003712,0.0058779999999999995,12.44831371307373
BenchmarkTest01012.java,0,CWE-89,CWE-89,1,1,0,1,0,0,0,0,1,0,1111,0.002222,0,0.0,527,0.004216,0.006438,15.691763401031494
BenchmarkTest01013.java,0,CWE-643,CWE-643,1,1,0,1,0,0,0,0,1,0,1219,0.002438,0,0.0,540,0.00432,0.006758,6.012918710708618
BenchmarkTest01014.java,0,CWE-643,CWE-643,1,1,0,1,0,0,0,0,1,0,1189,0.002378,0,0.0,575,0.0046,0.006978,7.305962800979614
BenchmarkTest01015.java,0,CWE-327,CWE-327,1,0,1,0,0,0,1,0,0,0,1593,0.003186,0,0.0,382,0.003056,0.006242,5.373772144317627
BenchmarkTest01016.java,0,CWE-327,CWE-327,1,0,1,0,0,0,1,0,0,0,1734,0.003468,0,0.0,335,0.00268,0.006148000000000001,5.094965696334839
BenchmarkTest01017.java,0,CWE-327,CWE-327,1,0,1,0,0,0,1,0,0,0,1855,0.00371,0,0.0,423,0.003384,0.007094,5.9963085651397705
BenchmarkTest01018.java,0,CWE-327,CWE-327,1,0,1,0,0,0,1,0,0,0,1278,0.002556,0,0.0,340,0.00272,0.005276,4.841321229934692
BenchmarkTest01019.java,0,CWE-327,,,,0,0,1,0,0,0,1,0,,,,,,,,
BenchmarkTest01020.java,0,CWE-327,CWE-327,1,0,1,0,0,0,1,0,0,0,1280,0.00256,0,0.0,480,0.00384,0.0064,6.054823160171509
BenchmarkTest01021.java,0,CWE-327,,,,0,0,1,0,0,0,1,0,,,,,,,,
BenchmarkTest01022.java,0,CWE-327,,,,0,0,1,0,0,0,1,0,,,,,,,,
BenchmarkTest01023.java,0,CWE-90,CWE-90,1,0,1,0,0,0,1,0,0,0,1214,0.002428,0,0.0,468,0.003744,0.006172,6.832296133041382
BenchmarkTest01024.java,0,CWE-90,CWE-90,1,0,0,1,0,0,0,1,0,0,1225,0.00245,0,0.0,474,0.003792,0.006241999999999999,6.104581117630005
BenchmarkTest01025.java,0,CWE-22,CWE-23,0,0,1,0,0,0,1,0,0,0,1228,0.002456,0,0.0,530,0.00424,0.006696,6.078882932662964
BenchmarkTest01026.java,0,CWE-22,CWE-23,0,1,0,1,0,0,0,0,1,0,1425,0.00285,0,0.0,696,0.005568,0.008418,7.041762590408325
BenchmarkTest01027.java,0,CWE-22,CWE-23,0,1,0,1,0,0,0,0,1,0,1222,0.002444,0,0.0,486,0.003888,0.006332,4.99200439453125
BenchmarkTest01028.java,0,CWE-22,CWE-23,0,1,0,1,0,0,0,0,1,0,1401,0.002802,0,0.0,708,0.005664,0.008466,7.339898586273193
BenchmarkTest01029.java,0,CWE-22,CWE-23,0,0,1,0,0,0,1,0,0,0,1374,0.002748,0,0.0,593,0.004744,0.007492,6.076100826263428
BenchmarkTest01030.java,0,CWE-22,CWE-23,0,1,0,1,0,0,0,0,1,0,1428,0.002856,0,0.0,533,0.004264,0.0071200000000000005,5.131469011306763
BenchmarkTest01031.java,0,CWE-22,CWE-23,0,1,0,1,0,0,0,0,1,0,1355,0.00271,0,0.0,552,0.004416,0.007126,6.071352481842041
BenchmarkTest01032.java,0,CWE-22,CWE-23,0,0,1,0,0,0,1,0,0,0,1273,0.002546,0,0.0,464,0.003712,0.006258,5.300034523010254
BenchmarkTest01033.java,0,CWE-22,CWE-23,0,0,1,0,0,0,1,0,0,0,1267,0.002534,0,0.0,475,0.0038,0.006333999999999999,5.742732286453247
BenchmarkTest01034.java,0,CWE-22,CWE-23,0,0,1,0,0,0,1,0,0,0,1279,0.002558,0,0.0,495,0.00396,0.0065179999999999995,5.375393390655518
BenchmarkTest01035.java,0,CWE-22,CWE-23,0,1,0,1,0,0,0,0,1,0,1269,0.002538,0,0.0,439,0.003512,0.00605,4.898415803909302
BenchmarkTest01036.java,0,CWE-22,CWE-23,0,1,0,1,0,0,0,0,1,0,1455,0.00291,0,0.0,515,0.00412,0.00703,8.035767793655396
BenchmarkTest01037.java,0,CWE-328,,,,0,0,1,0,0,0,1,0,,,,,,,,
BenchmarkTest01038.java,0,CWE-328,CWE-916,0,0,1,0,0,0,1,0,0,0,1230,0.00246,0,0.0,446,0.003568,0.006028,5.197875261306763
BenchmarkTest01039.java,0,CWE-328,,,,0,0,1,0,0,0,1,0,,,,,,,,
BenchmarkTest01040.java,0,CWE-328,,,,0,0,1,0,0,0,1,0,,,,,,,,
BenchmarkTest01041.java,0,CWE-328,,,,0,0,0,1,0,0,0,1,,,,,,,,
BenchmarkTest01042.java,0,CWE-328,,,,0,0,0,1,0,0,0,1,,,,,,,,
BenchmarkTest01043.java,0,CWE-328,,,,0,0,0,1,0,0,0,1,,,,,,,,
BenchmarkTest01044.java,0,CWE-328,,,,0,0,0,1,0,0,0,1,,,,,,,,
BenchmarkTest01045.java,0,CWE-328,,,,0,0,1,0,0,0,1,0,,,,,,,,
BenchmarkTest01046.java,0,CWE-79,CWE-79,1,0,1,0,0,0,1,0,0,0,1447,0.002894,0,0.0,466,0.003728,0.006621999999999999,5.40420389175415
BenchmarkTest01047.java,0,CWE-79,CWE-79,1,0,1,0,0,0,1,0,0,0,1414,0.002828,0,0.0,611,0.004888,0.007716,6.862896680831909
BenchmarkTest01048.java,0,CWE-79,CWE-79,1,1,0,1,0,0,0,0,1,0,1310,0.00262,0,0.0,615,0.00492,0.00754,7.29073166847229
BenchmarkTest01049.java,0,CWE-79,CWE-79,1,0,1,0,0,0,1,0,0,0,1369,0.002738,0,0.0,495,0.00396,0.006698,5.54782772064209
BenchmarkTest01050.java,0,CWE-79,CWE-79,1,0,1,0,0,0,1,0,0,0,1307,0.002614,0,0.0,473,0.003784,0.006398,5.3357253074646
BenchmarkTest01051.java,0,CWE-79,CWE-79,1,1,0,1,0,0,0,0,1,0,1338,0.002676,0,0.0,497,0.003976,0.006652,5.524615526199341
BenchmarkTest01052.java,0,CWE-79,CWE-79,1,0,0,1,0,0,0,1,0,0,1364,0.002728,0,0.0,463,0.003704,0.006432,4.839488744735718
BenchmarkTest01053.java,0,CWE-79,CWE-79,1,1,0,1,0,0,0,0,1,0,1315,0.00263,0,0.0,494,0.003952,0.006581999999999999,4.846814393997192
BenchmarkTest01054.java,0,CWE-79,CWE-79,1,1,0,1,0,0,0,0,1,0,1292,0.002584,0,0.0,474,0.003792,0.006376,6.007038831710815
BenchmarkTest01055.java,0,CWE-79,CWE-79,1,0,1,0,0,0,1,0,0,0,1347,0.002694,0,0.0,460,0.00368,0.006374,5.34654974937439
BenchmarkTest01056.java,0,CWE-79,CWE-79,1,0,1,0,0,0,1,0,0,0,1344,0.002688,0,0.0,500,0.004,0.0066879999999999995,5.988313436508179
BenchmarkTest01057.java,0,CWE-79,CWE-79,1,0,1,0,0,0,1,0,0,0,1313,0.002626,0,0.0,466,0.003728,0.006354,5.459162473678589
BenchmarkTest01058.java,0,CWE-330,CWE-330,1,0,1,0,0,0,1,0,0,0,1299,0.002598,0,0.0,380,0.00304,0.005638000000000001,4.67901086807251
BenchmarkTest01059.java,0,CWE-330,CWE-330,1,0,1,0,0,0,1,0,0,0,1294,0.002588,0,0.0,390,0.00312,0.0057079999999999995,4.979872226715088
BenchmarkTest01060.java,0,CWE-330,CWE-330,1,0,1,0,0,0,1,0,0,0,1326,0.002652,0,0.0,407,0.003256,0.005908,4.739795446395874
BenchmarkTest01061.java,0,CWE-614,CWE-614,1,0,1,0,0,0,1,0,0,0,1087,0.002174,0,0.0,338,0.002704,0.004878,6.6121392250061035
BenchmarkTest01062.java,0,CWE-614,,,,0,0,1,0,0,0,1,0,,,,,,,,
BenchmarkTest01063.java,0,CWE-79,CWE-79,1,0,1,0,0,0,1,0,0,0,1510,0.00302,0,0.0,547,0.004376,0.007396,8.898392915725708
BenchmarkTest01064.java,0,CWE-78,CWE-78,1,0,1,0,0,0,1,0,0,0,1043,0.002086,0,0.0,489,0.003912,0.005998,6.14514684677124
BenchmarkTest01065.java,0,CWE-78,CWE-78,1,1,0,1,0,0,0,0,1,0,1091,0.002182,0,0.0,439,0.003512,0.005693999999999999,6.251763105392456
BenchmarkTest01066.java,0,CWE-78,CWE-78,1,0,1,0,0,0,1,0,0,0,941,0.001882,0,0.0,498,0.003984,0.005866,6.518860101699829
BenchmarkTest01067.java,0,CWE-78,CWE-78,1,0,0,1,0,0,0,1,0,0,955,0.00191,0,0.0,434,0.003472,0.005382,6.010948181152344
BenchmarkTest01068.java,0,CWE-78,CWE-78,1,1,0,1,0,0,0,0,1,0,1010,0.00202,0,0.0,382,0.003056,0.005076000000000001,5.063461542129517
BenchmarkTest01069.java,0,CWE-330,,,,0,0,1,0,0,0,1,0,,,,,,,,
BenchmarkTest01070.java,0,CWE-330,,,,0,0,1,0,0,0,1,0,,,,,,,,
BenchmarkTest01071.java,0,CWE-330,,,,0,0,1,0,0,0,1,0,,,,,,,,
BenchmarkTest01072.java,0,CWE-330,CWE-330,1,1,0,1,0,0,0,0,1,0,1381,0.002762,0,0.0,570,0.00456,0.007322,6.9563071727752686
BenchmarkTest01073.java,0,CWE-330,,,,0,0,1,0,0,0,1,0,,,,,,,,
BenchmarkTest01074.java,0,CWE-330,,,,0,0,1,0,0,0,1,0,,,,,,,,
BenchmarkTest01075.java,0,CWE-330,,,,0,0,1,0,0,0,1,0,,,,,,,,
BenchmarkTest01076.java,0,CWE-330,,,,0,0,1,0,0,0,1,0,,,,,,,,
BenchmarkTest01077.java,0,CWE-330,,,,0,0,1,0,0,0,1,0,,,,,,,,
BenchmarkTest01078.java,0,CWE-330,,,,0,0,1,0,0,0,1,0,,,,,,,,
BenchmarkTest01079.java,0,CWE-330,,,,0,0,1,0,0,0,1,0,,,,,,,,
BenchmarkTest01083.java,0,CWE-89,CWE-89,1,0,1,0,0,0,1,0,0,0,929,0.001858,0,0.0,501,0.004008,0.0058660000000000006,12.160811424255371
BenchmarkTest01084.java,0,CWE-89,CWE-89,1,0,1,0,0,0,1,0,0,0,957,0.001914,0,0.0,517,0.004136,0.00605,5.771895885467529
BenchmarkTest01085.java,0,CWE-89,,,,0,0,1,0,0,0,1,0,,,,,,,,
BenchmarkTest01086.java,0,CWE-89,,,,0,0,1,0,0,0,1,0,,,,,,,,
BenchmarkTest01087.java,0,CWE-89,,,,0,0,0,1,0,0,0,1,,,,,,,,
BenchmarkTest01088.java,0,CWE-89,,,,0,0,0,1,0,0,0,1,,,,,,,,
BenchmarkTest01089.java,0,CWE-89,,,,0,0,1,0,0,0,1,0,,,,,,,,
BenchmarkTest01090.java,0,CWE-89,CWE-89,1,0,1,0,0,0,1,0,0,0,983,0.001966,0,0.0,401,0.003208,0.005174,4.227158308029175
BenchmarkTest01091.java,0,CWE-89,CWE-89,1,0,1,0,0,0,1,0,0,0,950,0.0019,0,0.0,477,0.003816,0.005716,5.669276714324951
BenchmarkTest01092.java,0,CWE-89,CWE-89,1,1,0,1,0,0,0,0,1,0,927,0.001854,0,0.0,445,0.00356,0.0054139999999999995,4.546186685562134
BenchmarkTest01093.java,0,CWE-89,CWE-89,1,0,1,0,0,0,1,0,0,0,981,0.001962,0,0.0,430,0.00344,0.0054020000000000006,4.354172706604004
BenchmarkTest01094.java,0,CWE-89,CWE-89,1,0,1,0,0,0,1,0,0,0,896,0.001792,0,0.0,424,0.003392,0.005184,4.842807292938232
BenchmarkTest01095.java,0,CWE-89,CWE-89,1,1,0,1,0,0,0,0,1,0,931,0.001862,0,0.0,543,0.004344,0.006206,5.293960332870483
BenchmarkTest01096.java,0,CWE-89,CWE-89,1,1,0,1,0,0,0,0,1,0,976,0.001952,0,0.0,492,0.003936,0.005888,4.901298761367798
BenchmarkTest01097.java,0,CWE-89,CWE-89,1,0,1,0,0,0,1,0,0,0,929,0.001858,0,0.0,445,0.00356,0.005418,6.1582067012786865
BenchmarkTest01098.java,0,CWE-89,CWE-89,1,1,0,1,0,0,0,0,1,0,967,0.001934,0,0.0,585,0.00468,0.006614,7.058619737625122
BenchmarkTest01099.java,0,CWE-327,CWE-327,1,0,1,0,0,0,1,0,0,0,1713,0.003426,0,0.0,368,0.002944,0.00637,4.972226142883301
BenchmarkTest01100.java,0,CWE-327,,,,0,0,1,0,0,0,1,0,,,,,,,,
BenchmarkTest01101.java,0,CWE-327,,,,0,0,1,0,0,0,1,0,,,,,,,,
BenchmarkTest01102.java,0,CWE-327,CWE-327,1,0,1,0,0,0,1,0,0,0,1405,0.00281,0,0.0,348,0.002784,0.005594,5.217573165893555
BenchmarkTest01103.java,0,CWE-327,CWE-327,1,0,1,0,0,0,1,0,0,0,1414,0.002828,0,0.0,353,0.002824,0.005652,6.343822479248047
BenchmarkTest01104.java,0,CWE-327,,,,0,0,1,0,0,0,1,0,,,,,,,,
BenchmarkTest01105.java,0,CWE-327,CWE-327,1,0,1,0,0,0,1,0,0,0,1300,0.0026,0,0.0,469,0.003752,0.006352,6.926354646682739
BenchmarkTest01106.java,0,CWE-327,CWE-327,1,0,1,0,0,0,1,0,0,0,1311,0.002622,0,0.0,438,0.003504,0.006126,6.286903142929077
BenchmarkTest01107.java,0,CWE-327,CWE-327,1,0,1,0,0,0,1,0,0,0,1340,0.00268,0,0.0,458,0.003664,0.006344000000000001,7.0871217250823975
BenchmarkTest01108.java,0,CWE-327,,,,0,0,1,0,0,0,1,0,,,,,,,,
BenchmarkTest01109.java,0,CWE-22,CWE-23,0,1,0,1,0,0,0,0,1,0,1481,0.002962,0,0.0,483,0.003864,0.006826,5.861429452896118
BenchmarkTest01110.java,0,CWE-22,CWE-23,0,0,0,1,0,0,0,1,0,0,1468,0.002936,0,0.0,678,0.005424,0.00836,8.143537282943726
BenchmarkTest01111.java,0,CWE-22,CWE-23,0,0,1,0,0,0,1,0,0,0,1373,0.002746,0,0.0,440,0.00352,0.006266000000000001,5.05159330368042
BenchmarkTest01112.java,0,CWE-22,CWE-23,0,0,1,0,0,0,1,0,0,0,1437,0.002874,0,0.0,650,0.0052,0.008074,8.012049436569214
BenchmarkTest01113.java,0,CWE-22,CWE-23,0,1,0,1,0,0,0,0,1,0,1392,0.002784,0,0.0,496,0.003968,0.006752,5.896079778671265
BenchmarkTest01114.java,0,CWE-22,CWE-23,0,1,0,1,0,0,0,0,1,0,1529,0.003058,0,0.0,474,0.003792,0.00685,6.416870355606079
BenchmarkTest01115.java,0,CWE-22,CWE-23,0,1,0,1,0,0,0,0,1,0,1524,0.003048,0,0.0,497,0.003976,0.007024000000000001,7.1156699657440186
BenchmarkTest01116.java,0,CWE-22,CWE-23,0,0,1,0,0,0,1,0,0,0,1313,0.002626,0,0.0,556,0.004448,0.0070739999999999996,6.952871084213257
BenchmarkTest01117.java,0,CWE-22,CWE-23,0,0,1,0,0,0,1,0,0,0,1295,0.00259,0,0.0,503,0.004024,0.006614,6.764824151992798
BenchmarkTest01118.java,0,CWE-22,CWE-23,0,1,0,1,0,0,0,0,1,0,1507,0.003014,0,0.0,385,0.00308,0.0060940000000000005,5.774768590927124
BenchmarkTest01119.java,0,CWE-330,CWE-330,1,0,1,0,0,0,1,0,0,0,1405,0.00281,0,0.0,468,0.003744,0.006554,5.784157991409302
BenchmarkTest01120.java,0,CWE-328,,,,0,0,1,0,0,0,1,0,,,,,,,,
BenchmarkTest01121.java,0,CWE-328,,,,0,0,1,0,0,0,1,0,,,,,,,,
BenchmarkTest01122.java,0,CWE-328,,,,0,0,1,0,0,0,1,0,,,,,,,,
BenchmarkTest01123.java,0,CWE-328,CWE-916,0,0,1,0,0,0,1,0,0,0,1351,0.002702,0,0.0,476,0.003808,0.00651,5.656545162200928
BenchmarkTest01124.java,0,CWE-328,,,,0,0,0,1,0,0,0,1,,,,,,,,
BenchmarkTest01125.java,0,CWE-328,,,,0,0,1,0,0,0,1,0,,,,,,,,
BenchmarkTest01126.java,0,CWE-328,,,,0,0,1,0,0,0,1,0,,,,,,,,
BenchmarkTest01127.java,0,CWE-330,CWE-330,1,0,1,0,0,0,1,0,0,0,1346,0.002692,0,0.0,402,0.003216,0.005908,4.788988351821899
BenchmarkTest01128.java,0,CWE-330,CWE-330,1,0,1,0,0,0,1,0,0,0,1356,0.002712,0,0.0,464,0.003712,0.006424,6.818025350570679
BenchmarkTest01129.java,0,CWE-330,CWE-330,1,0,1,0,0,0,1,0,0,0,1321,0.002642,0,0.0,466,0.003728,0.00637,7.435223817825317
BenchmarkTest01130.java,0,CWE-330,CWE-330,1,0,1,0,0,0,1,0,0,0,1332,0.002664,0,0.0,373,0.002984,0.005648,9.374578714370728
BenchmarkTest01131.java,0,CWE-330,CWE-330,1,0,1,0,0,0,1,0,0,0,1317,0.002634,0,0.0,443,0.003544,0.0061779999999999995,10.058211326599121
BenchmarkTest01132.java,0,CWE-330,CWE-330,1,0,1,0,0,0,1,0,0,0,1384,0.002768,0,0.0,371,0.002968,0.005736,6.668219804763794
BenchmarkTest01133.java,0,CWE-330,CWE-330,1,0,1,0,0,0,1,0,0,0,1299,0.002598,0,0.0,423,0.003384,0.0059819999999999995,5.224089860916138
BenchmarkTest01134.java,0,CWE-614,CWE-614,1,0,1,0,0,0,1,0,0,0,1159,0.002318,0,0.0,351,0.002808,0.005126,4.459817409515381
BenchmarkTest01135.java,0,CWE-330,,,,0,0,1,0,0,0,1,0,,,,,,,,
BenchmarkTest01136.java,0,CWE-330,,,,0,0,1,0,0,0,1,0,,,,,,,,
BenchmarkTest01137.java,0,CWE-330,,,,0,0,1,0,0,0,1,0,,,,,,,,
BenchmarkTest01138.java,0,CWE-330,,,,0,0,1,0,0,0,1,0,,,,,,,,
BenchmarkTest01139.java,0,CWE-330,,,,0,0,1,0,0,0,1,0,,,,,,,,
BenchmarkTest01140.java,0,CWE-330,,,,0,0,1,0,0,0,1,0,,,,,,,,
BenchmarkTest01141.java,0,CWE-330,,,,0,0,1,0,0,0,1,0,,,,,,,,
BenchmarkTest01147.java,0,CWE-327,,,,0,0,1,0,0,0,1,0,,,,,,,,
BenchmarkTest01148.java,0,CWE-327,CWE-327,1,0,1,0,0,0,1,0,0,0,1668,0.003336,0,0.0,395,0.00316,0.006496,6.357020139694214
BenchmarkTest01149.java,0,CWE-327,CWE-327,1,0,1,0,0,0,1,0,0,0,1725,0.00345,0,0.0,340,0.00272,0.00617,5.463990926742554
BenchmarkTest01150.java,0,CWE-327,CWE-327,1,0,1,0,0,0,1,0,0,0,1343,0.002686,0,0.0,377,0.003016,0.0057020000000000005,4.47770881652832
BenchmarkTest01151.java,0,CWE-327,,,,0,0,1,0,0,0,1,0,,,,,,,,
BenchmarkTest01152.java,0,CWE-327,,,,0,0,1,0,0,0,1,0,,,,,,,,
BenchmarkTest01153.java,0,CWE-327,,,,0,0,1,0,0,0,1,0,,,,,,,,
BenchmarkTest01154.java,0,CWE-90,CWE-90,1,1,0,1,0,0,0,0,1,0,1282,0.002564,0,0.0,483,0.003864,0.006428,4.827599763870239
BenchmarkTest01155.java,0,CWE-22,CWE-23,0,0,1,0,0,0,1,0,0,0,1271,0.002542,0,0.0,568,0.004544,0.007086,6.9810097217559814
BenchmarkTest01156.java,0,CWE-22,CWE-23,0,0,1,0,0,0,1,0,0,0,1431,0.002862,0,0.0,577,0.004616,0.007478,6.983783721923828
BenchmarkTest01157.java,0,CWE-22,CWE-23,0,0,1,0,0,0,1,0,0,0,1435,0.00287,0,0.0,606,0.004848,0.007718,9.428020477294922
BenchmarkTest01158.java,0,CWE-22,CWE-23,0,1,0,1,0,0,0,0,1,0,1370,0.00274,0,0.0,589,0.004712,0.007452,6.73158860206604
BenchmarkTest01159.java,0,CWE-22,CWE-23,0,1,0,1,0,0,0,0,1,0,1537,0.003074,0,0.0,743,0.005944,0.009018,9.728363513946533
BenchmarkTest01160.java,0,CWE-22,CWE-23,0,1,0,1,0,0,0,0,1,0,1287,0.002574,0,0.0,521,0.004168,0.006742,6.028928995132446
BenchmarkTest01161.java,0,CWE-22,CWE-23,0,0,1,0,0,0,1,0,0,0,1311,0.002622,0,0.0,542,0.004336,0.006958,6.698830604553223
BenchmarkTest01162.java,0,CWE-330,CWE-330,1,0,1,0,0,0,1,0,0,0,1366,0.002732,0,0.0,389,0.003112,0.005844,4.601638317108154
BenchmarkTest01163.java,0,CWE-330,CWE-330,1,0,1,0,0,0,1,0,0,0,1306,0.002612,0,0.0,368,0.002944,0.005556,4.5188398361206055
BenchmarkTest01164.java,0,CWE-328,,,,0,0,1,0,0,0,1,0,,,,,,,,
BenchmarkTest01165.java,0,CWE-328,CWE-916,0,0,1,0,0,0,1,0,0,0,1500,0.003,0,0.0,510,0.00408,0.00708,6.635407209396362
BenchmarkTest01166.java,0,CWE-328,CWE-916,0,0,1,0,0,0,1,0,0,0,1328,0.002656,0,0.0,396,0.003168,0.005823999999999999,6.411243915557861
BenchmarkTest01167.java,0,CWE-328,CWE-916,0,0,1,0,0,0,1,0,0,0,1282,0.002564,0,0.0,433,0.003464,0.006028,5.388837814331055
BenchmarkTest01168.java,0,CWE-328,,,,0,0,0,1,0,0,0,1,,,,,,,,
BenchmarkTest01169.java,0,CWE-328,,,,0,0,1,0,0,0,1,0,,,,,,,,
BenchmarkTest01170.java,0,CWE-328,,,,0,0,1,0,0,0,1,0,,,,,,,,
BenchmarkTest01171.java,0,CWE-79,CWE-79,1,0,1,0,0,0,1,0,0,0,1376,0.002752,0,0.0,581,0.004648,0.0074,7.512359380722046
BenchmarkTest01172.java,0,CWE-79,CWE-79,1,0,1,0,0,0,1,0,0,0,1403,0.002806,0,0.0,461,0.003688,0.006494,6.827538728713989
BenchmarkTest01173.java,0,CWE-79,CWE-79,1,0,1,0,0,0,1,0,0,0,1359,0.002718,0,0.0,466,0.003728,0.006446,4.749460458755493
BenchmarkTest01174.java,0,CWE-79,CWE-79,1,0,1,0,0,0,1,0,0,0,1328,0.002656,0,0.0,425,0.0034,0.006056,4.5937113761901855
BenchmarkTest01175.java,0,CWE-79,CWE-79,1,1,0,1,0,0,0,0,1,0,1338,0.002676,0,0.0,640,0.00512,0.007796000000000001,6.8602824211120605
BenchmarkTest01176.java,0,CWE-79,CWE-79,1,1,0,1,0,0,0,0,1,0,1408,0.002816,0,0.0,606,0.004848,0.007664,8.573826313018799
BenchmarkTest01177.java,0,CWE-79,CWE-79,1,0,1,0,0,0,1,0,0,0,1415,0.00283,0,0.0,554,0.004432,0.007262,6.330089569091797
BenchmarkTest01178.java,0,CWE-79,CWE-79,1,0,1,0,0,0,1,0,0,0,1322,0.002644,0,0.0,475,0.0038,0.006444,5.630730390548706
BenchmarkTest01179.java,0,CWE-79,CWE-79,1,0,1,0,0,0,1,0,0,0,1310,0.00262,0,0.0,461,0.003688,0.006307999999999999,5.495557546615601
BenchmarkTest01180.java,0,CWE-79,CWE-79,1,1,0,1,0,0,0,0,1,0,1381,0.002762,0,0.0,499,0.003992,0.006754,6.338696002960205
BenchmarkTest01181.java,0,CWE-79,CWE-79,1,0,1,0,0,0,1,0,0,0,1344,0.002688,0,0.0,510,0.00408,0.006768,6.8964455127716064
BenchmarkTest01182.java,0,CWE-78,CWE-78,1,1,0,1,0,0,0,0,1,0,1068,0.002136,0,0.0,527,0.004216,0.006352,6.347228050231934
BenchmarkTest01183.java,0,CWE-330,CWE-330,1,0,1,0,0,0,1,0,0,0,1366,0.002732,0,0.0,425,0.0034,0.006132,7.435528039932251
BenchmarkTest01184.java,0,CWE-330,CWE-330,1,0,1,0,0,0,1,0,0,0,1278,0.002556,0,0.0,348,0.002784,0.00534,4.657545566558838
BenchmarkTest01185.java,0,CWE-614,CWE-614,1,0,1,0,0,0,1,0,0,0,1097,0.002194,0,0.0,336,0.002688,0.004882,5.241376638412476
BenchmarkTest01186.java,0,CWE-614,CWE-614,1,0,1,0,0,0,1,0,0,0,1042,0.002084,0,0.0,291,0.002328,0.004412,3.8232474327087402
BenchmarkTest01187.java,0,CWE-614,CWE-614,1,0,1,0,0,0,1,0,0,0,1043,0.002086,0,0.0,381,0.003048,0.005134,5.0655436515808105
BenchmarkTest01188.java,0,CWE-79,CWE-79,1,0,0,1,0,0,0,1,0,0,1314,0.002628,0,0.0,558,0.004464,0.007092,5.804248809814453
BenchmarkTest01189.java,0,CWE-78,CWE-78,1,1,0,1,0,0,0,0,1,0,1103,0.002206,0,0.0,451,0.003608,0.005814,5.071953296661377
BenchmarkTest01190.java,0,CWE-78,CWE-78,1,0,1,0,0,0,1,0,0,0,942,0.001884,0,0.0,431,0.003448,0.005332,5.84365439414978
BenchmarkTest01191.java,0,CWE-78,CWE-78,1,0,1,0,0,0,1,0,0,0,939,0.001878,0,0.0,534,0.004272,0.006149999999999999,7.581859588623047
BenchmarkTest01192.java,0,CWE-78,CWE-78,1,0,1,0,0,0,1,0,0,0,944,0.001888,0,0.0,447,0.003576,0.005464,5.161987543106079
BenchmarkTest01193.java,0,CWE-78,CWE-78,1,1,0,1,0,0,0,0,1,0,1116,0.002232,0,0.0,522,0.004176,0.0064080000000000005,5.0262839794158936
BenchmarkTest01194.java,0,CWE-78,CWE-78,1,0,1,0,0,0,1,0,0,0,1071,0.002142,0,0.0,486,0.003888,0.00603,7.617788314819336
BenchmarkTest01195.java,0,CWE-330,,,,0,0,1,0,0,0,1,0,,,,,,,,
BenchmarkTest01196.java,0,CWE-330,CWE-330,1,1,0,1,0,0,0,0,1,0,1358,0.002716,0,0.0,629,0.005032,0.007748,7.123913764953613
BenchmarkTest01197.java,0,CWE-330,,,,0,0,1,0,0,0,1,0,,,,,,,,
BenchmarkTest01198.java,0,CWE-330,,,,0,0,1,0,0,0,1,0,,,,,,,,
BenchmarkTest01199.java,0,CWE-330,,,,0,0,1,0,0,0,1,0,,,,,,,,
BenchmarkTest01200.java,0,CWE-330,,,,0,0,1,0,0,0,1,0,,,,,,,,
BenchmarkTest01201.java,0,CWE-330,,,,0,0,1,0,0,0,1,0,,,,,,,,
BenchmarkTest01202.java,0,CWE-330,,,,0,0,1,0,0,0,1,0,,,,,,,,
BenchmarkTest01208.java,0,CWE-89,CWE-89,1,0,1,0,0,0,1,0,0,0,973,0.001946,0,0.0,501,0.004008,0.005954,5.113316297531128
BenchmarkTest01209.java,0,CWE-89,CWE-89,1,0,1,0,0,0,1,0,0,0,992,0.001984,0,0.0,497,0.003976,0.00596,5.74882960319519
BenchmarkTest01210.java,0,CWE-89,CWE-89,1,0,1,0,0,0,1,0,0,0,1026,0.002052,0,0.0,565,0.00452,0.006572,5.9173665046691895
BenchmarkTest01211.java,0,CWE-89,CWE-89,1,0,1,0,0,0,1,0,0,0,955,0.00191,0,0.0,439,0.003512,0.005422,5.59466028213501
BenchmarkTest01212.java,0,CWE-89,CWE-89,1,1,0,1,0,0,0,0,1,0,1001,0.002002,0,0.0,616,0.004928,0.00693,5.787302017211914
BenchmarkTest01213.java,0,CWE-89,CWE-89,1,1,0,1,0,0,0,0,1,0,966,0.001932,0,0.0,499,0.003992,0.005924,5.539401054382324
BenchmarkTest01214.java,0,CWE-89,CWE-89,1,0,1,0,0,0,1,0,0,0,1003,0.002006,0,0.0,464,0.003712,0.005718,5.350629806518555
BenchmarkTest01215.java,0,CWE-89,,,,0,0,1,0,0,0,1,0,,,,,,,,
BenchmarkTest01216.java,0,CWE-89,CWE-89,1,1,0,1,0,0,0,0,1,0,977,0.001954,0,0.0,506,0.004048,0.006002,5.727147579193115
BenchmarkTest01217.java,0,CWE-89,CWE-89,1,1,0,1,0,0,0,0,1,0,1144,0.002288,0,0.0,690,0.00552,0.007808,10.17470932006836
BenchmarkTest01218.java,0,CWE-89,CWE-89,1,1,0,1,0,0,0,0,1,0,946,0.001892,0,0.0,489,0.003912,0.005804,6.562439203262329
BenchmarkTest01219.java,0,CWE-89,CWE-89,1,1,0,1,0,0,0,0,1,0,1007,0.002014,0,0.0,662,0.005296,0.0073100000000000005,8.065090417861938
BenchmarkTest01220.java,0,CWE-89,CWE-89,1,1,0,1,0,0,0,0,1,0,934,0.001868,0,0.0,481,0.003848,0.005716,5.7771241664886475
BenchmarkTest01221.java,0,CWE-89,CWE-89,1,0,1,0,0,0,1,0,0,0,957,0.001914,0,0.0,479,0.003832,0.005745999999999999,6.583979368209839
BenchmarkTest01222.java,0,CWE-89,CWE-89,1,0,1,0,0,0,1,0,0,0,997,0.001994,0,0.0,422,0.003376,0.00537,7.101733922958374
BenchmarkTest01223.java,0,CWE-643,CWE-643,1,0,1,0,0,0,1,0,0,0,1150,0.0023,0,0.0,406,0.003248,0.005548,4.369534015655518
BenchmarkTest01224.java,0,CWE-643,CWE-643,1,0,1,0,0,0,1,0,0,0,1032,0.002064,0,0.0,448,0.003584,0.005648,6.036134719848633
BenchmarkTest01225.java,0,CWE-643,CWE-643,1,1,0,1,0,0,0,0,1,0,1000,0.002,0,0.0,467,0.003736,0.005736,5.089240550994873
BenchmarkTest01226.java,0,CWE-327,,,,0,0,1,0,0,0,1,0,,,,,,,,
BenchmarkTest01227.java,0,CWE-327,,,,0,0,1,0,0,0,1,0,,,,,,,,
BenchmarkTest01228.java,0,CWE-327,CWE-327,1,0,1,0,0,0,1,0,0,0,1240,0.00248,0,0.0,373,0.002984,0.005464,4.2030251026153564
BenchmarkTest01229.java,0,CWE-327,CWE-327,1,0,1,0,0,0,1,0,0,0,1272,0.002544,0,0.0,334,0.002672,0.005216,3.823637008666992
BenchmarkTest01230.java,0,CWE-327,CWE-327,1,0,1,0,0,0,1,0,0,0,1246,0.002492,0,0.0,424,0.003392,0.005884,4.738630056381226
BenchmarkTest01231.java,0,CWE-22,CWE-23,0,0,1,0,0,0,1,0,0,0,1268,0.002536,0,0.0,455,0.00364,0.006176,5.7885003089904785
BenchmarkTest01232.java,0,CWE-22,CWE-23,0,0,1,0,0,0,1,0,0,0,1209,0.002418,0,0.0,463,0.003704,0.006122,5.372361660003662
BenchmarkTest01233.java,0,CWE-22,CWE-23,0,1,0,1,0,0,0,0,1,0,1268,0.002536,0,0.0,507,0.004056,0.006592,6.003969192504883
BenchmarkTest01234.java,0,CWE-22,CWE-23,0,0,1,0,0,0,1,0,0,0,1203,0.002406,0,0.0,535,0.00428,0.006686,6.526332139968872
BenchmarkTest01235.java,0,CWE-22,CWE-23,0,0,1,0,0,0,1,0,0,0,1391,0.002782,0,0.0,537,0.004296,0.007078000000000001,6.094837188720703
BenchmarkTest01236.java,0,CWE-22,CWE-23,0,0,1,0,0,0,1,0,0,0,1332,0.002664,0,0.0,531,0.004248,0.006912,6.020784139633179
BenchmarkTest01237.java,0,CWE-22,CWE-23,0,1,0,1,0,0,0,0,1,0,1341,0.002682,0,0.0,527,0.004216,0.006898,5.210516929626465
BenchmarkTest01238.java,0,CWE-22,CWE-23,0,0,1,0,0,0,1,0,0,0,1278,0.002556,0,0.0,433,0.003464,0.00602,5.555316925048828
BenchmarkTest01239.java,0,CWE-22,CWE-23,0,1,0,1,0,0,0,0,1,0,1241,0.002482,0,0.0,521,0.004168,0.00665,9.126207113265991
BenchmarkTest01240.java,0,CWE-22,CWE-23,0,1,0,1,0,0,0,0,1,0,1281,0.002562,0,0.0,575,0.0046,0.007162,7.32162618637085
BenchmarkTest01241.java,0,CWE-90,CWE-90,1,0,1,0,0,0,1,0,0,0,1232,0.002464,0,0.0,447,0.003576,0.00604,4.9558820724487305
BenchmarkTest01242.java,0,CWE-90,CWE-90,1,0,1,0,0,0,1,0,0,0,1208,0.002416,0,0.0,558,0.004464,0.006880000000000001,6.161094665527344
BenchmarkTest01243.java,0,CWE-90,CWE-90,1,0,1,0,0,0,1,0,0,0,1188,0.002376,0,0.0,417,0.003336,0.005712,4.857116937637329
BenchmarkTest01244.java,0,CWE-328,CWE-916,0,0,1,0,0,0,1,0,0,0,1286,0.002572,0,0.0,445,0.00356,0.006132,5.304017066955566
BenchmarkTest01245.java,0,CWE-328,,,,0,0,1,0,0,0,1,0,,,,,,,,
BenchmarkTest01246.java,0,CWE-328,CWE-916,0,0,1,0,0,0,1,0,0,0,1321,0.002642,0,0.0,411,0.003288,0.0059299999999999995,4.968534469604492
BenchmarkTest01247.java,0,CWE-328,CWE-916,0,0,1,0,0,0,1,0,0,0,1200,0.0024,0,0.0,429,0.003432,0.005832,5.4813995361328125
BenchmarkTest01248.java,0,CWE-328,,,,0,0,0,1,0,0,0,1,,,,,,,,
BenchmarkTest01249.java,0,CWE-328,,,,0,0,1,0,0,0,1,0,,,,,,,,
BenchmarkTest01250.java,0,CWE-328,,,,0,0,1,0,0,0,1,0,,,,,,,,
BenchmarkTest01251.java,0,CWE-79,CWE-79,1,0,0,1,0,0,0,1,0,0,1339,0.002678,0,0.0,657,0.005256,0.007934,8.066595077514648
BenchmarkTest01252.java,0,CWE-79,CWE-79,1,1,0,1,0,0,0,0,1,0,1367,0.002734,0,0.0,427,0.003416,0.00615,5.700428485870361
BenchmarkTest01253.java,0,CWE-79,CWE-79,1,0,1,0,0,0,1,0,0,0,1357,0.002714,0,0.0,453,0.003624,0.006338,4.829993486404419
BenchmarkTest01254.java,0,CWE-79,CWE-79,1,0,1,0,0,0,1,0,0,0,1482,0.002964,0,0.0,633,0.005064,0.008028,11.149991512298584
BenchmarkTest01255.java,0,CWE-79,CWE-79,1,1,0,1,0,0,0,0,1,0,1276,0.002552,0,0.0,598,0.004784,0.0073360000000000005,10.3527090549469
BenchmarkTest01256.java,0,CWE-79,CWE-79,1,1,0,1,0,0,0,0,1,0,1347,0.002694,0,0.0,508,0.004064,0.006758,5.981369256973267
BenchmarkTest01257.java,0,CWE-79,CWE-79,1,0,1,0,0,0,1,0,0,0,1285,0.00257,0,0.0,433,0.003464,0.006033999999999999,4.592762231826782
BenchmarkTest01258.java,0,CWE-79,CWE-79,1,0,1,0,0,0,1,0,0,0,1331,0.002662,0,0.0,548,0.004384,0.007046,5.641385555267334
BenchmarkTest01259.java,0,CWE-79,CWE-79,1,0,1,0,0,0,1,0,0,0,1367,0.002734,0,0.0,459,0.003672,0.006406,5.4484875202178955
BenchmarkTest01260.java,0,CWE-79,CWE-79,1,0,1,0,0,0,1,0,0,0,1299,0.002598,0,0.0,491,0.003928,0.0065260000000000006,5.490822076797485
BenchmarkTest01261.java,0,CWE-79,CWE-79,1,0,1,0,0,0,1,0,0,0,1482,0.002964,0,0.0,602,0.004816,0.0077800000000000005,7.457038879394531
BenchmarkTest01262.java,0,CWE-79,CWE-79,1,0,1,0,0,0,1,0,0,0,1296,0.002592,0,0.0,452,0.003616,0.006208,6.1875
BenchmarkTest01263.java,0,CWE-79,CWE-79,1,0,1,0,0,0,1,0,0,0,1354,0.002708,0,0.0,494,0.003952,0.006659999999999999,6.192051887512207
BenchmarkTest01264.java,0,CWE-79,CWE-79,1,0,0,1,0,0,0,1,0,0,1271,0.002542,0,0.0,535,0.00428,0.006822,5.601024866104126
BenchmarkTest01265.java,0,CWE-79,CWE-79,1,1,0,1,0,0,0,0,1,0,1325,0.00265,0,0.0,572,0.004576,0.007226,5.792953252792358
BenchmarkTest01266.java,0,CWE-79,CWE-79,1,0,1,0,0,0,1,0,0,0,1304,0.002608,0,0.0,478,0.003824,0.006432,5.348115921020508
BenchmarkTest01267.java,0,CWE-79,CWE-79,1,0,1,0,0,0,1,0,0,0,1344,0.002688,0,0.0,372,0.002976,0.005664,4.103055238723755
BenchmarkTest01268.java,0,CWE-79,CWE-79,1,0,1,0,0,0,1,0,0,0,1507,0.003014,0,0.0,625,0.005,0.008014,7.55141544342041
BenchmarkTest01269.java,0,CWE-78,CWE-78,1,1,0,1,0,0,0,0,1,0,998,0.001996,0,0.0,435,0.00348,0.005476,5.311969041824341
BenchmarkTest01270.java,0,CWE-78,CWE-78,1,0,1,0,0,0,1,0,0,0,991,0.001982,0,0.0,491,0.003928,0.00591,5.378669023513794
BenchmarkTest01271.java,0,CWE-330,CWE-330,1,0,1,0,0,0,1,0,0,0,1468,0.002936,0,0.0,373,0.002984,0.00592,5.624261379241943
BenchmarkTest01272.java,0,CWE-330,CWE-330,1,0,1,0,0,0,1,0,0,0,1227,0.002454,0,0.0,460,0.00368,0.0061340000000000006,5.60101842880249
BenchmarkTest01273.java,0,CWE-330,CWE-330,1,0,1,0,0,0,1,0,0,0,1250,0.0025,0,0.0,408,0.003264,0.005764,5.65101170539856
BenchmarkTest01274.java,0,CWE-330,CWE-330,1,0,1,0,0,0,1,0,0,0,1215,0.00243,0,0.0,355,0.00284,0.00527,5.058150768280029
BenchmarkTest01275.java,0,CWE-330,CWE-330,1,0,1,0,0,0,1,0,0,0,1238,0.002476,0,0.0,420,0.00336,0.005836,6.486117601394653
BenchmarkTest01276.java,0,CWE-330,CWE-330,1,0,1,0,0,0,1,0,0,0,1430,0.00286,0,0.0,420,0.00336,0.00622,6.00635027885437
BenchmarkTest01277.java,0,CWE-330,CWE-330,1,0,1,0,0,0,1,0,0,0,1240,0.00248,0,0.0,381,0.003048,0.005528,4.569959878921509
BenchmarkTest01278.java,0,CWE-330,CWE-330,1,0,1,0,0,0,1,0,0,0,1241,0.002482,0,0.0,406,0.003248,0.00573,6.3271167278289795
BenchmarkTest01279.java,0,CWE-330,CWE-330,1,0,1,0,0,0,1,0,0,0,1248,0.002496,0,0.0,351,0.002808,0.005304,5.794540882110596
BenchmarkTest01280.java,0,CWE-614,CWE-614,1,0,1,0,0,0,1,0,0,0,1040,0.00208,0,0.0,312,0.002496,0.004576,4.457866191864014
BenchmarkTest01281.java,0,CWE-614,CWE-614,1,0,1,0,0,0,1,0,0,0,1011,0.002022,0,0.0,349,0.002792,0.004814000000000001,4.386786460876465
BenchmarkTest01282.java,0,CWE-614,CWE-614,1,0,1,0,0,0,1,0,0,0,1032,0.002064,0,0.0,327,0.002616,0.00468,3.8825576305389404
BenchmarkTest01283.java,0,CWE-614,CWE-614,1,0,1,0,0,0,1,0,0,0,1030,0.00206,0,0.0,338,0.002704,0.004764,5.312305927276611
BenchmarkTest01284.java,0,CWE-79,CWE-79,1,0,1,0,0,0,1,0,0,0,1331,0.002662,0,0.0,478,0.003824,0.0064860000000000004,9.048597812652588
BenchmarkTest01285.java,0,CWE-78,CWE-78,1,0,1,0,0,0,1,0,0,0,994,0.001988,0,0.0,577,0.004616,0.0066040000000000005,7.734588623046875
BenchmarkTest01286.java,0,CWE-78,CWE-78,1,0,1,0,0,0,1,0,0,0,1099,0.002198,0,0.0,641,0.005128,0.007325999999999999,6.792713403701782
BenchmarkTest01287.java,0,CWE-78,CWE-78,1,0,1,0,0,0,1,0,0,0,916,0.001832,0,0.0,499,0.003992,0.005824,5.639912843704224
BenchmarkTest01288.java,0,CWE-78,CWE-78,1,0,1,0,0,0,1,0,0,0,967,0.001934,0,0.0,482,0.003856,0.00579,6.36400842666626
BenchmarkTest01289.java,0,CWE-78,CWE-78,1,1,0,1,0,0,0,0,1,0,1009,0.002018,0,0.0,507,0.004056,0.0060739999999999995,6.286850452423096
BenchmarkTest01290.java,0,CWE-78,CWE-78,1,1,0,1,0,0,0,0,1,0,897,0.001794,0,0.0,451,0.003608,0.0054020000000000006,5.923372268676758
BenchmarkTest01291.java,0,CWE-330,,,,0,0,1,0,0,0,1,0,,,,,,,,
BenchmarkTest01292.java,0,CWE-330,,,,0,0,1,0,0,0,1,0,,,,,,,,
BenchmarkTest01293.java,0,CWE-330,,,,0,0,1,0,0,0,1,0,,,,,,,,
BenchmarkTest01294.java,0,CWE-330,,,,0,0,1,0,0,0,1,0,,,,,,,,
BenchmarkTest01295.java,0,CWE-330,,,,0,0,1,0,0,0,1,0,,,,,,,,
BenchmarkTest01296.java,0,CWE-330,,,,0,0,1,0,0,0,1,0,,,,,,,,
BenchmarkTest01297.java,0,CWE-330,,,,0,0,1,0,0,0,1,0,,,,,,,,
BenchmarkTest01298.java,0,CWE-330,,,,0,0,1,0,0,0,1,0,,,,,,,,
BenchmarkTest01301.java,0,CWE-89,CWE-89,1,1,0,1,0,0,0,0,1,0,1130,0.00226,0,0.0,580,0.00464,0.0069,7.450719356536865
BenchmarkTest01302.java,0,CWE-89,CWE-89,1,0,1,0,0,0,1,0,0,0,957,0.001914,0,0.0,453,0.003624,0.0055379999999999995,5.432828426361084
BenchmarkTest01303.java,0,CWE-89,CWE-89,1,1,0,1,0,0,0,0,1,0,959,0.001918,0,0.0,587,0.004696,0.006614,6.773420810699463
BenchmarkTest01304.java,0,CWE-89,CWE-89,1,0,1,0,0,0,1,0,0,0,981,0.001962,0,0.0,527,0.004216,0.006178,5.102150201797485
BenchmarkTest01305.java,0,CWE-89,CWE-89,1,1,0,1,0,0,0,0,1,0,929,0.001858,0,0.0,532,0.004256,0.0061140000000000005,6.6556055545806885
BenchmarkTest01306.java,0,CWE-89,CWE-89,1,0,1,0,0,0,1,0,0,0,939,0.001878,0,0.0,452,0.003616,0.005494,6.508033275604248
BenchmarkTest01307.java,0,CWE-89,CWE-89,1,1,0,1,0,0,0,0,1,0,929,0.001858,0,0.0,524,0.004192,0.006050000000000001,6.531792163848877
BenchmarkTest01308.java,0,CWE-89,,,,0,0,0,1,0,0,0,1,,,,,,,,
BenchmarkTest01309.java,0,CWE-89,,,,0,0,1,0,0,0,1,0,,,,,,,,
BenchmarkTest01310.java,0,CWE-89,CWE-89,1,1,0,1,0,0,0,0,1,0,929,0.001858,0,0.0,578,0.004624,0.006482,7.0124266147613525
BenchmarkTest01311.java,0,CWE-89,CWE-89,1,0,1,0,0,0,1,0,0,0,895,0.00179,0,0.0,401,0.003208,0.004998,5.273606538772583
BenchmarkTest01312.java,0,CWE-89,CWE-89,1,0,1,0,0,0,1,0,0,0,985,0.00197,0,0.0,399,0.003192,0.005162,4.780426979064941
BenchmarkTest01313.java,0,CWE-89,CWE-89,1,0,1,0,0,0,1,0,0,0,929,0.001858,0,0.0,418,0.003344,0.005202,4.552464485168457
BenchmarkTest01314.java,0,CWE-89,CWE-89,1,0,1,0,0,0,1,0,0,0,899,0.001798,0,0.0,395,0.00316,0.004958,4.044810056686401
BenchmarkTest01315.java,0,CWE-89,CWE-89,1,1,0,1,0,0,0,0,1,0,906,0.001812,0,0.0,465,0.00372,0.0055320000000000005,7.0431227684021
BenchmarkTest01316.java,0,CWE-643,CWE-643,1,0,1,0,0,0,1,0,0,0,965,0.00193,0,0.0,365,0.00292,0.00485,4.912745714187622
BenchmarkTest01317.java,0,CWE-327,CWE-327,1,0,1,0,0,0,1,0,0,0,1632,0.003264,0,0.0,383,0.003064,0.006328,5.375680923461914
BenchmarkTest01318.java,0,CWE-327,CWE-327,1,0,1,0,0,0,1,0,0,0,1803,0.003606,0,0.0,365,0.00292,0.006526,4.533355712890625
BenchmarkTest01319.java,0,CWE-327,,,,0,0,1,0,0,0,1,0,,,,,,,,
BenchmarkTest01320.java,0,CWE-327,CWE-327,1,0,1,0,0,0,1,0,0,0,1674,0.003348,0,0.0,359,0.002872,0.00622,4.223854303359985
BenchmarkTest01321.java,0,CWE-327,,,,0,0,1,0,0,0,1,0,,,,,,,,
BenchmarkTest01322.java,0,CWE-327,CWE-327,1,0,1,0,0,0,1,0,0,0,1273,0.002546,0,0.0,375,0.003,0.005546000000000001,4.155299186706543
BenchmarkTest01323.java,0,CWE-327,CWE-327,1,0,1,0,0,0,1,0,0,0,1363,0.002726,0,0.0,323,0.002584,0.0053100000000000005,4.024152994155884
BenchmarkTest01324.java,0,CWE-327,,,,0,0,1,0,0,0,1,0,,,,,,,,
BenchmarkTest01325.java,0,CWE-327,CWE-327,1,0,1,0,0,0,1,0,0,0,1383,0.002766,0,0.0,520,0.00416,0.006926,7.4742677211761475
BenchmarkTest01326.java,0,CWE-90,CWE-90,1,0,1,0,0,0,1,0,0,0,1238,0.002476,0,0.0,499,0.003992,0.006468,6.218834638595581
BenchmarkTest01327.java,0,CWE-90,CWE-90,1,1,0,1,0,0,0,0,1,0,1293,0.002586,0,0.0,594,0.004752,0.007338000000000001,5.442692756652832
BenchmarkTest01328.java,0,CWE-22,CWE-23,0,1,0,1,0,0,0,0,1,0,1573,0.003146,0,0.0,745,0.00596,0.009106,7.691530704498291
BenchmarkTest01329.java,0,CWE-22,CWE-23,0,0,1,0,0,0,1,0,0,0,1414,0.002828,0,0.0,621,0.004968,0.007796,6.904418468475342
BenchmarkTest01330.java,0,CWE-22,CWE-23,0,0,1,0,0,0,1,0,0,0,1279,0.002558,0,0.0,351,0.002808,0.005366,3.7434518337249756
BenchmarkTest01331.java,0,CWE-22,CWE-23,0,1,0,1,0,0,0,0,1,0,1309,0.002618,0,0.0,545,0.00436,0.006978,6.870549917221069
BenchmarkTest01332.java,0,CWE-328,,,,0,0,1,0,0,0,1,0,,,,,,,,
BenchmarkTest01333.java,0,CWE-328,CWE-916,0,0,1,0,0,0,1,0,0,0,1210,0.00242,0,0.0,419,0.003352,0.005771999999999999,5.497807502746582
BenchmarkTest01334.java,0,CWE-328,CWE-916,0,0,1,0,0,0,1,0,0,0,1260,0.00252,0,0.0,363,0.002904,0.005424,4.994828939437866
BenchmarkTest01335.java,0,CWE-79,CWE-79,1,0,1,0,0,0,1,0,0,0,1446,0.002892,0,0.0,539,0.004312,0.007204,6.3140740394592285
BenchmarkTest01336.java,0,CWE-79,CWE-79,1,1,0,1,0,0,0,0,1,0,1341,0.002682,0,0.0,455,0.00364,0.0063219999999999995,6.122107744216919
BenchmarkTest01337.java,0,CWE-79,CWE-79,1,0,1,0,0,0,1,0,0,0,1328,0.002656,0,0.0,559,0.004472,0.007128000000000001,6.709086179733276
BenchmarkTest01338.java,0,CWE-79,CWE-79,1,1,0,1,0,0,0,0,1,0,1367,0.002734,0,0.0,570,0.00456,0.007294,6.845435380935669
BenchmarkTest01339.java,0,CWE-79,CWE-79,1,1,0,1,0,0,0,0,1,0,1303,0.002606,0,0.0,525,0.0042,0.0068059999999999996,5.881169557571411
BenchmarkTest01340.java,0,CWE-79,CWE-79,1,1,0,1,0,0,0,0,1,0,1392,0.002784,0,0.0,602,0.004816,0.0076,6.349591970443726
BenchmarkTest01341.java,0,CWE-79,CWE-79,1,1,0,1,0,0,0,0,1,0,1568,0.003136,0,0.0,716,0.005728,0.008864,7.052509546279907
BenchmarkTest01342.java,0,CWE-79,CWE-79,1,1,0,1,0,0,0,0,1,0,1327,0.002654,0,0.0,486,0.003888,0.006542,10.078732013702393
BenchmarkTest01343.java,0,CWE-79,CWE-79,1,1,0,1,0,0,0,0,1,0,1377,0.002754,0,0.0,640,0.00512,0.007874,7.970303058624268
BenchmarkTest01344.java,0,CWE-79,CWE-79,1,1,0,1,0,0,0,0,1,0,1400,0.0028,0,0.0,573,0.004584,0.007384,5.824549674987793
BenchmarkTest01345.java,0,CWE-79,CWE-79,1,1,0,1,0,0,0,0,1,0,1327,0.002654,0,0.0,513,0.004104,0.006758,6.137879133224487
BenchmarkTest01346.java,0,CWE-79,CWE-79,1,0,1,0,0,0,1,0,0,0,1387,0.002774,0,0.0,536,0.004288,0.007062000000000001,6.323225259780884
BenchmarkTest01347.java,0,CWE-79,CWE-79,1,0,1,0,0,0,1,0,0,0,1512,0.003024,0,0.0,681,0.005448,0.008472,10.912124872207642
BenchmarkTest01348.java,0,CWE-79,CWE-79,1,1,0,1,0,0,0,0,1,0,1300,0.0026,0,0.0,492,0.003936,0.006536,5.202425241470337
BenchmarkTest01349.java,0,CWE-79,CWE-79,1,0,1,0,0,0,1,0,0,0,1318,0.002636,0,0.0,522,0.004176,0.006812,5.612110614776611
BenchmarkTest01350.java,0,CWE-79,CWE-79,1,0,1,0,0,0,1,0,0,0,1349,0.002698,0,0.0,535,0.00428,0.006978,8.116042375564575
BenchmarkTest01351.java,0,CWE-79,CWE-79,1,1,0,1,0,0,0,0,1,0,1334,0.002668,0,0.0,579,0.004632,0.007299999999999999,7.5995118618011475
BenchmarkTest01352.java,0,CWE-79,CWE-79,1,1,0,1,0,0,0,0,1,0,1303,0.002606,0,0.0,473,0.003784,0.00639,6.792849063873291
BenchmarkTest01353.java,0,CWE-78,CWE-78,1,1,0,1,0,0,0,0,1,0,1078,0.002156,0,0.0,545,0.00436,0.006516,9.431785106658936
BenchmarkTest01354.java,0,CWE-330,CWE-330,1,0,1,0,0,0,1,0,0,0,1285,0.00257,0,0.0,463,0.003704,0.006274,5.648549556732178
BenchmarkTest01355.java,0,CWE-330,CWE-330,1,0,1,0,0,0,1,0,0,0,1283,0.002566,0,0.0,399,0.003192,0.005758,4.941613674163818
BenchmarkTest01356.java,0,CWE-330,CWE-330,1,0,1,0,0,0,1,0,0,0,1303,0.002606,0,0.0,412,0.003296,0.005901999999999999,5.2100231647491455
BenchmarkTest01357.java,0,CWE-330,CWE-330,1,0,1,0,0,0,1,0,0,0,1293,0.002586,0,0.0,436,0.003488,0.006074,5.532867670059204
BenchmarkTest01358.java,0,CWE-330,CWE-330,1,0,1,0,0,0,1,0,0,0,1313,0.002626,0,0.0,476,0.003808,0.0064340000000000005,5.718642234802246
BenchmarkTest01359.java,0,CWE-614,,,,0,0,1,0,0,0,1,0,,,,,,,,
BenchmarkTest01360.java,0,CWE-78,CWE-78,1,0,1,0,0,0,1,0,0,0,1058,0.002116,0,0.0,626,0.005008,0.007124,6.75477933883667
BenchmarkTest01361.java,0,CWE-78,CWE-78,1,0,1,0,0,0,1,0,0,0,904,0.001808,0,0.0,497,0.003976,0.005784,6.0119545459747314
BenchmarkTest01362.java,0,CWE-78,CWE-78,1,0,1,0,0,0,1,0,0,0,1173,0.002346,0,0.0,695,0.00556,0.007906,8.447168111801147
BenchmarkTest01363.java,0,CWE-78,CWE-78,1,0,1,0,0,0,1,0,0,0,941,0.001882,0,0.0,610,0.00488,0.006762,6.612752914428711
BenchmarkTest01364.java,0,CWE-78,CWE-78,1,1,0,1,0,0,0,0,1,0,936,0.001872,0,0.0,529,0.004232,0.006104,6.9180216789245605
BenchmarkTest01365.java,0,CWE-78,CWE-78,1,1,0,1,0,0,0,0,1,0,1027,0.002054,0,0.0,542,0.004336,0.00639,5.287241220474243
BenchmarkTest01366.java,0,CWE-330,,,,0,0,1,0,0,0,1,0,,,,,,,,
BenchmarkTest01367.java,0,CWE-330,,,,0,0,1,0,0,0,1,0,,,,,,,,
BenchmarkTest01368.java,0,CWE-330,,,,0,0,1,0,0,0,1,0,,,,,,,,
BenchmarkTest01369.java,0,CWE-330,,,,0,0,1,0,0,0,1,0,,,,,,,,
BenchmarkTest01370.java,0,CWE-330,,,,0,0,1,0,0,0,1,0,,,,,,,,
BenchmarkTest01371.java,0,CWE-330,,,,0,0,1,0,0,0,1,0,,,,,,,,
BenchmarkTest01372.java,0,CWE-330,,,,0,0,1,0,0,0,1,0,,,,,,,,
BenchmarkTest01373.java,0,CWE-330,,,,0,0,1,0,0,0,1,0,,,,,,,,
BenchmarkTest01378.java,0,CWE-89,CWE-89,1,1,0,1,0,0,0,0,1,0,1165,0.00233,0,0.0,787,0.006296,0.008626,8.057647228240967
BenchmarkTest01379.java,0,CWE-89,CWE-89,1,0,1,0,0,0,1,0,0,0,1006,0.002012,0,0.0,556,0.004448,0.00646,6.805568218231201
BenchmarkTest01380.java,0,CWE-89,CWE-89,1,1,0,1,0,0,0,0,1,0,974,0.001948,0,0.0,531,0.004248,0.006196,5.014352798461914
BenchmarkTest01381.java,0,CWE-89,CWE-89,1,0,1,0,0,0,1,0,0,0,954,0.001908,0,0.0,562,0.004496,0.006404,6.794300556182861
BenchmarkTest01382.java,0,CWE-89,CWE-89,1,0,1,0,0,0,1,0,0,0,958,0.001916,0,0.0,410,0.00328,0.005196,5.161639928817749
BenchmarkTest01383.java,0,CWE-89,CWE-89,1,0,1,0,0,0,1,0,0,0,963,0.001926,0,0.0,506,0.004048,0.005974,6.483844757080078
BenchmarkTest01384.java,0,CWE-89,CWE-89,1,0,1,0,0,0,1,0,0,0,957,0.001914,0,0.0,462,0.003696,0.00561,5.032171964645386
BenchmarkTest01385.java,0,CWE-89,CWE-89,1,1,0,1,0,0,0,0,1,0,1017,0.002034,0,0.0,450,0.0036,0.005634,5.165802717208862
BenchmarkTest01386.java,0,CWE-89,,,,0,0,1,0,0,0,1,0,,,,,,,,
BenchmarkTest01387.java,0,CWE-89,,,,0,0,1,0,0,0,1,0,,,,,,,,
BenchmarkTest01388.java,0,CWE-89,,,,0,0,0,1,0,0,0,1,,,,,,,,
BenchmarkTest01389.java,0,CWE-89,,,,0,0,1,0,0,0,1,0,,,,,,,,
BenchmarkTest01390.java,0,CWE-89,,,,0,0,0,1,0,0,0,1,,,,,,,,
BenchmarkTest01391.java,0,CWE-89,CWE-89,1,0,1,0,0,0,1,0,0,0,988,0.001976,0,0.0,402,0.003216,0.0051920000000000004,3.8421902656555176
BenchmarkTest01392.java,0,CWE-89,CWE-89,1,1,0,1,0,0,0,0,1,0,937,0.001874,0,0.0,562,0.004496,0.00637,5.835729122161865
BenchmarkTest01393.java,0,CWE-89,CWE-89,1,1,0,1,0,0,0,0,1,0,1142,0.002284,0,0.0,685,0.00548,0.007764,7.217836618423462
BenchmarkTest01394.java,0,CWE-89,CWE-89,1,0,1,0,0,0,1,0,0,0,1007,0.002014,0,0.0,533,0.004264,0.006278000000000001,6.9197611808776855
BenchmarkTest01395.java,0,CWE-89,CWE-89,1,0,1,0,0,0,1,0,0,0,937,0.001874,0,0.0,389,0.003112,0.004986,4.895193338394165
BenchmarkTest01396.java,0,CWE-89,CWE-89,1,0,1,0,0,0,1,0,0,0,934,0.001868,0,0.0,451,0.003608,0.005476,6.907840251922607
BenchmarkTest01397.java,0,CWE-643,CWE-643,1,1,0,1,0,0,0,0,1,0,1000,0.002,0,0.0,404,0.003232,0.0052320000000000005,4.610106945037842
BenchmarkTest01398.java,0,CWE-327,CWE-327,1,0,1,0,0,0,1,0,0,0,1930,0.00386,0,0.0,342,0.002736,0.006596,4.071866035461426
BenchmarkTest01399.java,0,CWE-327,,,,0,0,1,0,0,0,1,0,,,,,,,,
BenchmarkTest01400.java,0,CWE-327,,,,0,0,1,0,0,0,1,0,,,,,,,,
BenchmarkTest01401.java,0,CWE-327,,,,0,0,1,0,0,0,1,0,,,,,,,,
BenchmarkTest01402.java,0,CWE-90,CWE-90,1,1,0,1,0,0,0,0,1,0,1286,0.002572,0,0.0,414,0.003312,0.005884,5.282639026641846
BenchmarkTest01403.java,0,CWE-22,CWE-23,0,0,1,0,0,0,1,0,0,0,1309,0.002618,0,0.0,497,0.003976,0.006594000000000001,6.788623094558716
BenchmarkTest01404.java,0,CWE-22,CWE-23,0,1,0,1,0,0,0,0,1,0,1504,0.003008,0,0.0,665,0.00532,0.008328,9.172314405441284
BenchmarkTest01405.java,0,CWE-22,CWE-23,0,0,1,0,0,0,1,0,0,0,1429,0.002858,0,0.0,502,0.004016,0.006874,6.870770692825317
BenchmarkTest01406.java,0,CWE-22,CWE-23,0,1,0,1,0,0,0,0,1,0,1448,0.002896,0,0.0,607,0.004856,0.007752,6.264361619949341
BenchmarkTest01407.java,0,CWE-22,CWE-23,0,1,0,1,0,0,0,0,1,0,1309,0.002618,0,0.0,470,0.00376,0.006378,6.318042039871216
BenchmarkTest01408.java,0,CWE-22,CWE-23,0,0,1,0,0,0,1,0,0,0,1337,0.002674,0,0.0,534,0.004272,0.006946,6.592561960220337
BenchmarkTest01409.java,0,CWE-22,CWE-23,0,1,0,1,0,0,0,0,1,0,1530,0.00306,0,0.0,427,0.003416,0.006476,5.825403928756714
BenchmarkTest01410.java,0,CWE-328,,,,0,0,1,0,0,0,1,0,,,,,,,,
BenchmarkTest01411.java,0,CWE-328,CWE-916,0,0,1,0,0,0,1,0,0,0,1364,0.002728,0,0.0,390,0.00312,0.005848,5.241485118865967
BenchmarkTest01412.java,0,CWE-328,,,,0,0,1,0,0,0,1,0,,,,,,,,
BenchmarkTest01413.java,0,CWE-328,,,,0,0,1,0,0,0,1,0,,,,,,,,
BenchmarkTest01414.java,0,CWE-328,,,,0,0,0,1,0,0,0,1,,,,,,,,
BenchmarkTest01415.java,0,CWE-328,,,,0,0,0,1,0,0,0,1,,,,,,,,
BenchmarkTest01416.java,0,CWE-328,,,,0,0,0,1,0,0,0,1,,,,,,,,
BenchmarkTest01417.java,0,CWE-79,CWE-79,1,0,1,0,0,0,1,0,0,0,1430,0.00286,0,0.0,661,0.005288,0.008148,8.005345582962036
BenchmarkTest01418.java,0,CWE-79,CWE-79,1,0,1,0,0,0,1,0,0,0,1427,0.002854,0,0.0,473,0.003784,0.006638,6.404994249343872
BenchmarkTest01419.java,0,CWE-79,CWE-79,1,1,0,1,0,0,0,0,1,0,1421,0.002842,0,0.0,474,0.003792,0.006633999999999999,6.1992833614349365
BenchmarkTest01420.java,0,CWE-79,CWE-79,1,0,0,1,0,0,0,1,0,0,1375,0.00275,0,0.0,685,0.00548,0.00823,8.437251567840576
BenchmarkTest01421.java,0,CWE-79,CWE-79,1,1,0,1,0,0,0,0,1,0,1421,0.002842,0,0.0,576,0.004608,0.00745,5.45339560508728
BenchmarkTest01422.java,0,CWE-79,CWE-79,1,1,0,1,0,0,0,0,1,0,1482,0.002964,0,0.0,405,0.00324,0.0062039999999999994,4.865119457244873
BenchmarkTest01423.java,0,CWE-79,CWE-79,1,0,1,0,0,0,1,0,0,0,1382,0.002764,0,0.0,607,0.004856,0.00762,7.607771158218384
BenchmarkTest01424.java,0,CWE-79,CWE-79,1,0,1,0,0,0,1,0,0,0,1410,0.00282,0,0.0,558,0.004464,0.0072840000000000005,7.83610725402832
BenchmarkTest01425.java,0,CWE-79,CWE-79,1,1,0,1,0,0,0,0,1,0,1444,0.002888,0,0.0,642,0.005136,0.008024,6.050623893737793
BenchmarkTest01426.java,0,CWE-79,CWE-79,1,0,1,0,0,0,1,0,0,0,1451,0.002902,0,0.0,493,0.003944,0.006846,5.7950334548950195
BenchmarkTest01427.java,0,CWE-79,CWE-79,1,0,1,0,0,0,1,0,0,0,1359,0.002718,0,0.0,429,0.003432,0.00615,4.9491126537323
BenchmarkTest01428.java,0,CWE-79,CWE-79,1,0,1,0,0,0,1,0,0,0,1365,0.00273,0,0.0,581,0.004648,0.007378,5.473730802536011
BenchmarkTest01429.java,0,CWE-79,CWE-79,1,0,1,0,0,0,1,0,0,0,1454,0.002908,0,0.0,645,0.00516,0.008067999999999999,6.566151142120361
BenchmarkTest01430.java,0,CWE-78,CWE-78,1,0,1,0,0,0,1,0,0,0,1112,0.002224,0,0.0,524,0.004192,0.006416,6.167191028594971
BenchmarkTest01431.java,0,CWE-330,CWE-330,1,0,1,0,0,0,1,0,0,0,1329,0.002658,0,0.0,390,0.00312,0.005778,5.5345778465271
BenchmarkTest01432.java,0,CWE-330,CWE-330,1,0,1,0,0,0,1,0,0,0,1388,0.002776,0,0.0,517,0.004136,0.006912,11.691221952438354
BenchmarkTest01433.java,0,CWE-330,CWE-330,1,0,1,0,0,0,1,0,0,0,1347,0.002694,0,0.0,484,0.003872,0.006566000000000001,6.255594730377197
BenchmarkTest01434.java,0,CWE-330,CWE-330,1,0,1,0,0,0,1,0,0,0,1343,0.002686,0,0.0,418,0.003344,0.006030000000000001,5.399515390396118
BenchmarkTest01435.java,0,CWE-330,CWE-330,1,0,1,0,0,0,1,0,0,0,1324,0.002648,0,0.0,423,0.003384,0.006032,5.511871099472046
BenchmarkTest01436.java,0,CWE-614,,,,0,0,1,0,0,0,1,0,,,,,,,,
BenchmarkTest01437.java,0,CWE-79,CWE-79,1,0,1,0,0,0,1,0,0,0,1433,0.002866,0,0.0,624,0.004992,0.007858,7.5893714427948
BenchmarkTest01438.java,0,CWE-79,CWE-79,1,0,1,0,0,0,1,0,0,0,1585,0.00317,0,0.0,589,0.004712,0.007882,6.239656448364258
BenchmarkTest01439.java,0,CWE-79,CWE-79,1,1,0,1,0,0,0,0,1,0,1468,0.002936,0,0.0,542,0.004336,0.007271999999999999,5.6057751178741455
BenchmarkTest01440.java,0,CWE-78,CWE-78,1,1,0,1,0,0,0,0,1,0,1059,0.002118,0,0.0,633,0.005064,0.007182,5.621645212173462
BenchmarkTest01441.java,0,CWE-78,CWE-78,1,0,1,0,0,0,1,0,0,0,1157,0.002314,0,0.0,704,0.005632,0.007946,8.064802408218384
BenchmarkTest01442.java,0,CWE-78,CWE-78,1,0,1,0,0,0,1,0,0,0,1066,0.002132,0,0.0,624,0.004992,0.007124,6.526978015899658
BenchmarkTest01443.java,0,CWE-78,CWE-78,1,1,0,1,0,0,0,0,1,0,1073,0.002146,0,0.0,611,0.004888,0.007034,7.86809515953064
BenchmarkTest01444.java,0,CWE-78,CWE-78,1,1,0,1,0,0,0,0,1,0,1030,0.00206,0,0.0,799,0.006392,0.008452000000000001,10.161552906036377
BenchmarkTest01445.java,0,CWE-78,CWE-78,1,1,0,1,0,0,0,0,1,0,1063,0.002126,0,0.0,406,0.003248,0.005374,5.146552562713623
BenchmarkTest01446.java,0,CWE-78,CWE-78,1,0,1,0,0,0,1,0,0,0,1099,0.002198,0,0.0,481,0.003848,0.006045999999999999,5.82051157951355
BenchmarkTest01447.java,0,CWE-330,,,,0,0,1,0,0,0,1,0,,,,,,,,
BenchmarkTest01448.java,0,CWE-330,,,,0,0,1,0,0,0,1,0,,,,,,,,
BenchmarkTest01449.java,0,CWE-330,CWE-330,1,1,0,1,0,0,0,0,1,0,1455,0.00291,0,0.0,663,0.005304,0.008213999999999999,6.458636283874512
BenchmarkTest01450.java,0,CWE-330,,,,0,0,1,0,0,0,1,0,,,,,,,,
BenchmarkTest01451.java,0,CWE-330,,,,0,0,1,0,0,0,1,0,,,,,,,,
BenchmarkTest01452.java,0,CWE-330,,,,0,0,1,0,0,0,1,0,,,,,,,,
BenchmarkTest01453.java,0,CWE-330,,,,0,0,1,0,0,0,1,0,,,,,,,,
BenchmarkTest01459.java,0,CWE-89,CWE-89,1,1,0,1,0,0,0,0,1,0,1043,0.002086,0,0.0,464,0.003712,0.005798,5.003530263900757
BenchmarkTest01460.java,0,CWE-89,CWE-89,1,0,1,0,0,0,1,0,0,0,1078,0.002156,0,0.0,490,0.00392,0.006076,5.764133453369141
BenchmarkTest01461.java,0,CWE-89,CWE-89,1,1,0,1,0,0,0,0,1,0,1093,0.002186,0,0.0,652,0.005216,0.007402000000000001,6.315551280975342
BenchmarkTest01462.java,0,CWE-89,CWE-89,1,0,1,0,0,0,1,0,0,0,1008,0.002016,0,0.0,463,0.003704,0.005719999999999999,6.375495433807373
BenchmarkTest01463.java,0,CWE-89,CWE-89,1,0,1,0,0,0,1,0,0,0,1039,0.002078,0,0.0,544,0.004352,0.00643,6.448907375335693
BenchmarkTest01464.java,0,CWE-89,CWE-89,1,0,1,0,0,0,1,0,0,0,1110,0.00222,0,0.0,557,0.004456,0.006676,7.7269439697265625
BenchmarkTest01465.java,0,CWE-89,,,,0,0,0,1,0,0,0,1,,,,,,,,
BenchmarkTest01466.java,0,CWE-89,CWE-89,1,0,1,0,0,0,1,0,0,0,1218,0.002436,0,0.0,603,0.004824,0.00726,6.717782258987427
BenchmarkTest01467.java,0,CWE-89,,,,0,0,1,0,0,0,1,0,,,,,,,,
BenchmarkTest01468.java,0,CWE-89,,,,0,0,1,0,0,0,1,0,,,,,,,,
BenchmarkTest01469.java,0,CWE-89,,,,0,0,1,0,0,0,1,0,,,,,,,,
BenchmarkTest01470.java,0,CWE-89,,,,0,0,0,1,0,0,0,1,,,,,,,,
BenchmarkTest01471.java,0,CWE-89,CWE-89,1,0,1,0,0,0,1,0,0,0,1075,0.00215,0,0.0,754,0.006032,0.008182,7.2193922996521
BenchmarkTest01472.java,0,CWE-89,CWE-89,1,1,0,1,0,0,0,0,1,0,1207,0.002414,0,0.0,649,0.005192,0.007606,8.213141441345215
BenchmarkTest01473.java,0,CWE-89,CWE-89,1,0,1,0,0,0,1,0,0,0,1000,0.002,0,0.0,547,0.004376,0.006376,6.804229736328125
BenchmarkTest01474.java,0,CWE-89,CWE-89,1,0,1,0,0,0,1,0,0,0,1023,0.002046,0,0.0,626,0.005008,0.007054,7.082755088806152
BenchmarkTest01475.java,0,CWE-89,CWE-89,1,0,1,0,0,0,1,0,0,0,1001,0.002002,0,0.0,577,0.004616,0.006618000000000001,6.301318883895874
BenchmarkTest01476.java,0,CWE-89,CWE-89,1,0,1,0,0,0,1,0,0,0,1006,0.002012,0,0.0,469,0.003752,0.005764,5.5999133586883545
BenchmarkTest01477.java,0,CWE-89,CWE-89,1,0,1,0,0,0,1,0,0,0,1067,0.002134,0,0.0,637,0.005096,0.00723,6.630136013031006
BenchmarkTest01478.java,0,CWE-643,CWE-643,1,0,1,0,0,0,1,0,0,0,1145,0.00229,0,0.0,456,0.003648,0.005938000000000001,6.4971959590911865
BenchmarkTest01479.java,0,CWE-643,CWE-643,1,1,0,1,0,0,0,0,1,0,1156,0.002312,0,0.0,481,0.003848,0.00616,5.3360700607299805
BenchmarkTest01480.java,0,CWE-327,CWE-327,1,0,1,0,0,0,1,0,0,0,1782,0.003564,0,0.0,414,0.003312,0.006876,4.740401268005371
BenchmarkTest01481.java,0,CWE-327,,,,0,0,1,0,0,0,1,0,,,,,,,,
BenchmarkTest01482.java,0,CWE-327,,,,0,0,1,0,0,0,1,0,,,,,,,,
BenchmarkTest01483.java,0,CWE-327,CWE-327,1,0,1,0,0,0,1,0,0,0,1689,0.003378,0,0.0,359,0.002872,0.00625,4.101388692855835
BenchmarkTest01484.java,0,CWE-327,CWE-327,1,0,1,0,0,0,1,0,0,0,1636,0.003272,0,0.0,326,0.002608,0.00588,6.52475905418396
BenchmarkTest01485.java,0,CWE-327,,,,0,0,1,0,0,0,1,0,,,,,,,,
BenchmarkTest01486.java,0,CWE-327,CWE-327,1,0,1,0,0,0,1,0,0,0,1298,0.002596,0,0.0,354,0.002832,0.005428,5.409448146820068
BenchmarkTest01487.java,0,CWE-327,,,,0,0,1,0,0,0,1,0,,,,,,,,
BenchmarkTest01488.java,0,CWE-327,,,,0,0,1,0,0,0,1,0,,,,,,,,
BenchmarkTest01489.java,0,CWE-327,CWE-327,1,0,1,0,0,0,1,0,0,0,1283,0.002566,0,0.0,395,0.00316,0.005726,4.985449314117432
BenchmarkTest01490.java,0,CWE-90,,,,0,0,0,1,0,0,0,1,,,,,,,,
BenchmarkTest01491.java,0,CWE-90,,,,0,0,1,0,0,0,1,0,,,,,,,,
BenchmarkTest01492.java,0,CWE-90,,,,0,0,1,0,0,0,1,0,,,,,,,,
BenchmarkTest01493.java,0,CWE-22,,,,0,0,1,0,0,0,1,0,,,,,,,,
BenchmarkTest01494.java,0,CWE-22,,,,0,0,0,1,0,0,0,1,,,,,,,,
BenchmarkTest01495.java,0,CWE-22,,,,0,0,0,1,0,0,0,1,,,,,,,,
BenchmarkTest01496.java,0,CWE-22,,,,0,0,0,1,0,0,0,1,,,,,,,,
BenchmarkTest01497.java,0,CWE-22,,,,0,0,0,1,0,0,0,1,,,,,,,,
BenchmarkTest01498.java,0,CWE-22,,,,0,0,0,1,0,0,0,1,,,,,,,,
BenchmarkTest01499.java,0,CWE-22,,,,0,0,1,0,0,0,1,0,,,,,,,,
BenchmarkTest01500.java,0,CWE-22,,,,0,0,0,1,0,0,0,1,,,,,,,,
BenchmarkTest01501.java,0,CWE-90,,,,0,0,0,1,0,0,0,1,,,,,,,,
BenchmarkTest01502.java,0,CWE-330,CWE-330,1,0,1,0,0,0,1,0,0,0,1491,0.002982,0,0.0,394,0.003152,0.006134,5.208712816238403
BenchmarkTest01503.java,0,CWE-328,CWE-916,0,0,1,0,0,0,1,0,0,0,1389,0.002778,0,0.0,374,0.002992,0.00577,5.496027231216431
BenchmarkTest01504.java,0,CWE-328,CWE-916,0,0,1,0,0,0,1,0,0,0,1215,0.00243,0,0.0,459,0.003672,0.006102,5.4297661781311035
BenchmarkTest01505.java,0,CWE-79,,,,0,0,0,1,0,0,0,1,,,,,,,,
BenchmarkTest01506.java,0,CWE-79,,,,0,0,0,1,0,0,0,1,,,,,,,,
BenchmarkTest01507.java,0,CWE-79,,,,0,0,0,1,0,0,0,1,,,,,,,,
BenchmarkTest01508.java,0,CWE-79,,,,0,0,1,0,0,0,1,0,,,,,,,,
BenchmarkTest01509.java,0,CWE-79,,,,0,0,0,1,0,0,0,1,,,,,,,,
BenchmarkTest01510.java,0,CWE-79,,,,0,0,0,1,0,0,0,1,,,,,,,,
BenchmarkTest01511.java,0,CWE-79,,,,0,0,0,1,0,0,0,1,,,,,,,,
BenchmarkTest01512.java,0,CWE-79,,,,0,0,0,1,0,0,0,1,,,,,,,,
BenchmarkTest01513.java,0,CWE-79,,,,0,0,1,0,0,0,1,0,,,,,,,,
BenchmarkTest01514.java,0,CWE-79,,,,0,0,1,0,0,0,1,0,,,,,,,,
BenchmarkTest01515.java,0,CWE-79,,,,0,0,1,0,0,0,1,0,,,,,,,,
BenchmarkTest01516.java,0,CWE-78,,,,0,0,1,0,0,0,1,0,,,,,,,,
BenchmarkTest01517.java,0,CWE-78,,,,0,0,0,1,0,0,0,1,,,,,,,,
BenchmarkTest01518.java,0,CWE-330,CWE-330,1,0,1,0,0,0,1,0,0,0,1481,0.002962,0,0.0,502,0.004016,0.006978,5.771157741546631
BenchmarkTest01519.java,0,CWE-330,CWE-330,1,0,1,0,0,0,1,0,0,0,1322,0.002644,0,0.0,414,0.003312,0.0059559999999999995,4.962897777557373
BenchmarkTest01520.java,0,CWE-330,CWE-330,1,0,1,0,0,0,1,0,0,0,1336,0.002672,0,0.0,402,0.003216,0.005888,5.874351263046265
BenchmarkTest01521.java,0,CWE-614,CWE-614,1,0,1,0,0,0,1,0,0,0,1037,0.002074,0,0.0,321,0.002568,0.004642,3.7240145206451416
BenchmarkTest01522.java,0,CWE-614,,,,0,0,1,0,0,0,1,0,,,,,,,,
BenchmarkTest01523.java,0,CWE-614,,,,0,0,1,0,0,0,1,0,,,,,,,,
BenchmarkTest01524.java,0,CWE-614,,,,0,0,1,0,0,0,1,0,,,,,,,,
BenchmarkTest01525.java,0,CWE-79,,,,0,0,0,1,0,0,0,1,,,,,,,,
BenchmarkTest01526.java,0,CWE-78,,,,0,0,1,0,0,0,1,0,,,,,,,,
BenchmarkTest01527.java,0,CWE-78,,,,0,0,1,0,0,0,1,0,,,,,,,,
BenchmarkTest01528.java,0,CWE-78,,,,0,0,1,0,0,0,1,0,,,,,,,,
BenchmarkTest01529.java,0,CWE-78,,,,0,0,1,0,0,0,1,0,,,,,,,,
BenchmarkTest01530.java,0,CWE-78,,,,0,0,1,0,0,0,1,0,,,,,,,,
BenchmarkTest01531.java,0,CWE-78,,,,0,0,0,1,0,0,0,1,,,,,,,,
BenchmarkTest01532.java,0,CWE-78,,,,0,0,1,0,0,0,1,0,,,,,,,,
BenchmarkTest01533.java,0,CWE-78,,,,0,0,0,1,0,0,0,1,,,,,,,,
BenchmarkTest01534.java,0,CWE-330,,,,0,0,1,0,0,0,1,0,,,,,,,,
BenchmarkTest01535.java,0,CWE-330,,,,0,0,1,0,0,0,1,0,,,,,,,,
BenchmarkTest01536.java,0,CWE-330,,,,0,0,1,0,0,0,1,0,,,,,,,,
BenchmarkTest01537.java,0,CWE-330,CWE-330,1,1,0,1,0,0,0,0,1,0,1436,0.002872,0,0.0,516,0.004128,0.006999999999999999,5.979622840881348
BenchmarkTest01538.java,0,CWE-330,,,,0,0,1,0,0,0,1,0,,,,,,,,
BenchmarkTest01539.java,0,CWE-330,,,,0,0,1,0,0,0,1,0,,,,,,,,
BenchmarkTest01540.java,0,CWE-330,,,,0,0,1,0,0,0,1,0,,,,,,,,
BenchmarkTest01541.java,0,CWE-330,,,,0,0,1,0,0,0,1,0,,,,,,,,
BenchmarkTest01542.java,0,CWE-330,,,,0,0,1,0,0,0,1,0,,,,,,,,
BenchmarkTest01543.java,0,CWE-330,,,,0,0,1,0,0,0,1,0,,,,,,,,
BenchmarkTest01544.java,0,CWE-330,,,,0,0,1,0,0,0,1,0,,,,,,,,
BenchmarkTest01545.java,0,CWE-330,,,,0,0,1,0,0,0,1,0,,,,,,,,
BenchmarkTest01552.java,0,CWE-89,,,,0,0,0,1,0,0,0,1,,,,,,,,
BenchmarkTest01553.java,0,CWE-89,,,,0,0,1,0,0,0,1,0,,,,,,,,
BenchmarkTest01554.java,0,CWE-89,,,,0,0,0,1,0,0,0,1,,,,,,,,
BenchmarkTest01555.java,0,CWE-89,,,,0,0,1,0,0,0,1,0,,,,,,,,
BenchmarkTest01556.java,0,CWE-89,,,,0,0,1,0,0,0,1,0,,,,,,,,
BenchmarkTest01557.java,0,CWE-89,,,,0,0,0,1,0,0,0,1,,,,,,,,
BenchmarkTest01558.java,0,CWE-89,,,,0,0,0,1,0,0,0,1,,,,,,,,
BenchmarkTest01559.java,0,CWE-89,,,,0,0,0,1,0,0,0,1,,,,,,,,
BenchmarkTest01560.java,0,CWE-89,,,,0,0,0,1,0,0,0,1,,,,,,,,
BenchmarkTest01561.java,0,CWE-643,,,,0,0,0,1,0,0,0,1,,,,,,,,
BenchmarkTest01562.java,0,CWE-643,,,,0,0,1,0,0,0,1,0,,,,,,,,
BenchmarkTest01563.java,0,CWE-327,,,,0,0,1,0,0,0,1,0,,,,,,,,
BenchmarkTest01564.java,0,CWE-327,,,,0,0,1,0,0,0,1,0,,,,,,,,
BenchmarkTest01565.java,0,CWE-327,CWE-327,1,0,1,0,0,0,1,0,0,0,1272,0.002544,0,0.0,353,0.002824,0.0053679999999999995,4.382017135620117
BenchmarkTest01566.java,0,CWE-327,CWE-327,1,0,1,0,0,0,1,0,0,0,1310,0.00262,0,0.0,380,0.00304,0.00566,4.984090805053711
BenchmarkTest01567.java,0,CWE-327,,,,0,0,1,0,0,0,1,0,,,,,,,,
BenchmarkTest01568.java,0,CWE-90,CWE-90,1,0,1,0,0,0,1,0,0,0,1199,0.002398,0,0.0,401,0.003208,0.005606,13.462300777435303
BenchmarkTest01569.java,0,CWE-90,CWE-90,1,1,0,1,0,0,0,0,1,0,1408,0.002816,0,0.0,745,0.00596,0.008775999999999999,8.027310609817505
BenchmarkTest01570.java,0,CWE-22,CWE-23,0,1,0,1,0,0,0,0,1,0,1234,0.002468,0,0.0,464,0.003712,0.00618,4.918232679367065
BenchmarkTest01571.java,0,CWE-22,CWE-23,0,0,1,0,0,0,1,0,0,0,1285,0.00257,0,0.0,632,0.005056,0.007625999999999999,7.074591875076294
BenchmarkTest01572.java,0,CWE-22,CWE-23,0,0,1,0,0,0,1,0,0,0,1365,0.00273,0,0.0,514,0.004112,0.006842,5.89200234413147
BenchmarkTest01573.java,0,CWE-22,CWE-23,0,1,0,1,0,0,0,0,1,0,1406,0.002812,0,0.0,550,0.0044,0.007212,6.5093674659729
BenchmarkTest01574.java,0,CWE-22,CWE-23,0,1,0,1,0,0,0,0,1,0,1331,0.002662,0,0.0,599,0.004792,0.0074540000000000006,5.7078917026519775
BenchmarkTest01575.java,0,CWE-330,CWE-330,1,0,1,0,0,0,1,0,0,0,1344,0.002688,0,0.0,422,0.003376,0.006064,5.792138338088989
BenchmarkTest01576.java,0,CWE-328,,,,0,0,1,0,0,0,1,0,,,,,,,,
BenchmarkTest01577.java,0,CWE-328,CWE-916,0,0,1,0,0,0,1,0,0,0,1192,0.002384,0,0.0,358,0.002864,0.005247999999999999,5.563921689987183
BenchmarkTest01578.java,0,CWE-328,,,,0,0,1,0,0,0,1,0,,,,,,,,
BenchmarkTest01579.java,0,CWE-328,,,,0,0,0,1,0,0,0,1,,,,,,,,
BenchmarkTest01580.java,0,CWE-328,,,,0,0,0,1,0,0,0,1,,,,,,,,
BenchmarkTest01581.java,0,CWE-328,,,,0,0,1,0,0,0,1,0,,,,,,,,
BenchmarkTest01582.java,0,CWE-328,,,,0,0,1,0,0,0,1,0,,,,,,,,
BenchmarkTest01583.java,0,CWE-79,CWE-79,1,0,1,0,0,0,1,0,0,0,1370,0.00274,0,0.0,618,0.004944,0.007684,7.2418272495269775
BenchmarkTest01584.java,0,CWE-79,CWE-79,1,0,1,0,0,0,1,0,0,0,1330,0.00266,0,0.0,517,0.004136,0.006796,10.271345138549805
BenchmarkTest01585.java,0,CWE-79,CWE-79,1,1,0,1,0,0,0,0,1,0,1301,0.002602,0,0.0,616,0.004928,0.00753,8.073264122009277
BenchmarkTest01586.java,0,CWE-79,CWE-79,1,1,0,1,0,0,0,0,1,0,1292,0.002584,0,0.0,478,0.003824,0.0064080000000000005,5.3710572719573975
BenchmarkTest01587.java,0,CWE-79,CWE-79,1,0,1,0,0,0,1,0,0,0,1326,0.002652,0,0.0,574,0.004592,0.007244,6.714736461639404
BenchmarkTest01588.java,0,CWE-79,CWE-79,1,1,0,1,0,0,0,0,1,0,1332,0.002664,0,0.0,470,0.00376,0.006424,5.1608147621154785
BenchmarkTest01589.java,0,CWE-79,CWE-79,1,0,1,0,0,0,1,0,0,0,1400,0.0028,0,0.0,635,0.00508,0.00788,6.927138328552246
BenchmarkTest01590.java,0,CWE-79,CWE-79,1,0,1,0,0,0,1,0,0,0,1292,0.002584,0,0.0,480,0.00384,0.006424,5.730068683624268
BenchmarkTest01591.java,0,CWE-79,CWE-79,1,1,0,1,0,0,0,0,1,0,1527,0.003054,0,0.0,526,0.004208,0.007261999999999999,7.222966432571411
BenchmarkTest01592.java,0,CWE-79,CWE-79,1,0,1,0,0,0,1,0,0,0,1308,0.002616,0,0.0,472,0.003776,0.006392,5.197493076324463
BenchmarkTest01593.java,0,CWE-79,CWE-79,1,1,0,1,0,0,0,0,1,0,1314,0.002628,0,0.0,460,0.00368,0.006308,4.91428017616272
BenchmarkTest01594.java,0,CWE-79,CWE-79,1,0,1,0,0,0,1,0,0,0,1302,0.002604,0,0.0,470,0.00376,0.006364,5.90995192527771
BenchmarkTest01595.java,0,CWE-79,CWE-79,1,1,0,1,0,0,0,0,1,0,1291,0.002582,0,0.0,602,0.004816,0.007398,6.9699602127075195
BenchmarkTest01596.java,0,CWE-79,CWE-79,1,0,1,0,0,0,1,0,0,0,1324,0.002648,0,0.0,548,0.004384,0.007032,6.171255350112915
BenchmarkTest01597.java,0,CWE-79,CWE-79,1,0,1,0,0,0,1,0,0,0,1333,0.002666,0,0.0,493,0.003944,0.0066099999999999996,8.909982919692993
BenchmarkTest01598.java,0,CWE-79,CWE-79,1,0,1,0,0,0,1,0,0,0,1499,0.002998,0,0.0,644,0.005152,0.008150000000000001,7.622695684432983
BenchmarkTest01599.java,0,CWE-79,CWE-79,1,1,0,1,0,0,0,0,1,0,1382,0.002764,0,0.0,550,0.0044,0.007164,5.37261438369751
BenchmarkTest01600.java,0,CWE-78,CWE-78,1,1,0,1,0,0,0,0,1,0,1047,0.002094,0,0.0,591,0.004728,0.006822,7.498501539230347
BenchmarkTest01601.java,0,CWE-78,CWE-78,1,0,1,0,0,0,1,0,0,0,1047,0.002094,0,0.0,513,0.004104,0.006198,6.595578908920288
BenchmarkTest01602.java,0,CWE-330,CWE-330,1,0,1,0,0,0,1,0,0,0,1339,0.002678,0,0.0,389,0.003112,0.00579,5.552855968475342
BenchmarkTest01603.java,0,CWE-330,CWE-330,1,0,1,0,0,0,1,0,0,0,1464,0.002928,0,0.0,521,0.004168,0.007096,6.451728105545044
BenchmarkTest01604.java,0,CWE-614,,,,0,0,1,0,0,0,1,0,,,,,,,,
BenchmarkTest01605.java,0,CWE-614,,,,0,0,1,0,0,0,1,0,,,,,,,,
BenchmarkTest01606.java,0,CWE-78,CWE-78,1,1,0,1,0,0,0,0,1,0,988,0.001976,0,0.0,471,0.003768,0.005744,6.571928024291992
BenchmarkTest01607.java,0,CWE-78,CWE-78,1,1,0,1,0,0,0,0,1,0,1141,0.002282,0,0.0,550,0.0044,0.0066820000000000004,5.917238235473633
BenchmarkTest01608.java,0,CWE-78,CWE-78,1,1,0,1,0,0,0,0,1,0,1002,0.002004,0,0.0,599,0.004792,0.006796,5.704166412353516
BenchmarkTest01609.java,0,CWE-78,CWE-78,1,0,1,0,0,0,1,0,0,0,1042,0.002084,0,0.0,631,0.005048,0.007132,7.232015132904053
BenchmarkTest01610.java,0,CWE-78,CWE-78,1,0,1,0,0,0,1,0,0,0,1021,0.002042,0,0.0,620,0.00496,0.0070019999999999995,8.120037317276001
BenchmarkTest01611.java,0,CWE-330,,,,0,0,1,0,0,0,1,0,,,,,,,,
BenchmarkTest01612.java,0,CWE-330,,,,0,0,1,0,0,0,1,0,,,,,,,,
BenchmarkTest01613.java,0,CWE-330,,,,0,0,1,0,0,0,1,0,,,,,,,,
BenchmarkTest01614.java,0,CWE-330,,,,0,0,1,0,0,0,1,0,,,,,,,,
BenchmarkTest01620.java,0,CWE-89,CWE-89,1,0,1,0,0,0,1,0,0,0,983,0.001966,0,0.0,502,0.004016,0.0059819999999999995,7.374948978424072
BenchmarkTest01621.java,0,CWE-89,CWE-89,1,0,1,0,0,0,1,0,0,0,942,0.001884,0,0.0,469,0.003752,0.005636,7.854193449020386
BenchmarkTest01622.java,0,CWE-89,CWE-89,1,1,0,1,0,0,0,0,1,0,994,0.001988,0,0.0,634,0.005072,0.00706,8.043217897415161
BenchmarkTest01623.java,0,CWE-89,CWE-89,1,0,1,0,0,0,1,0,0,0,960,0.00192,0,0.0,445,0.00356,0.00548,6.511864423751831
BenchmarkTest01624.java,0,CWE-89,CWE-89,1,0,1,0,0,0,1,0,0,0,989,0.001978,0,0.0,529,0.004232,0.00621,7.8079633712768555
BenchmarkTest01625.java,0,CWE-89,,,,0,0,0,1,0,0,0,1,,,,,,,,
BenchmarkTest01626.java,0,CWE-89,CWE-89,1,0,1,0,0,0,1,0,0,0,985,0.00197,0,0.0,524,0.004192,0.006162000000000001,5.266987562179565
BenchmarkTest01627.java,0,CWE-89,CWE-89,1,0,1,0,0,0,1,0,0,0,891,0.001782,0,0.0,411,0.003288,0.00507,4.3314549922943115
BenchmarkTest01628.java,0,CWE-89,CWE-89,1,1,0,1,0,0,0,0,1,0,976,0.001952,0,0.0,545,0.00436,0.006312,5.398397445678711
BenchmarkTest01629.java,0,CWE-89,CWE-89,1,1,0,1,0,0,0,0,1,0,930,0.00186,0,0.0,570,0.00456,0.00642,8.301544427871704
BenchmarkTest01630.java,0,CWE-89,CWE-89,1,0,1,0,0,0,1,0,0,0,940,0.00188,0,0.0,491,0.003928,0.005808,5.353810548782349
BenchmarkTest01631.java,0,CWE-89,CWE-89,1,0,1,0,0,0,1,0,0,0,928,0.001856,0,0.0,403,0.003224,0.0050799999999999994,4.3085339069366455
BenchmarkTest01632.java,0,CWE-643,CWE-643,1,1,0,1,0,0,0,0,1,0,1121,0.002242,0,0.0,469,0.003752,0.005994,4.938727617263794
BenchmarkTest01633.java,0,CWE-643,CWE-643,1,1,0,1,0,0,0,0,1,0,1191,0.002382,0,0.0,537,0.004296,0.006678,6.015316486358643
BenchmarkTest01634.java,0,CWE-327,CWE-327,1,0,1,0,0,0,1,0,0,0,1936,0.003872,0,0.0,363,0.002904,0.006776,3.680964946746826
BenchmarkTest01635.java,0,CWE-327,,,,0,0,1,0,0,0,1,0,,,,,,,,
BenchmarkTest01636.java,0,CWE-327,,,,0,0,1,0,0,0,1,0,,,,,,,,
BenchmarkTest01637.java,0,CWE-327,CWE-327,1,0,1,0,0,0,1,0,0,0,1842,0.003684,0,0.0,375,0.003,0.006684000000000001,5.174177169799805
BenchmarkTest01638.java,0,CWE-327,CWE-327,1,0,1,0,0,0,1,0,0,0,1624,0.003248,0,0.0,389,0.003112,0.00636,4.7843804359436035
BenchmarkTest01639.java,0,CWE-327,CWE-327,1,0,1,0,0,0,1,0,0,0,1506,0.003012,0,0.0,305,0.00244,0.005452,3.172168731689453
BenchmarkTest01640.java,0,CWE-327,,,,0,0,1,0,0,0,1,0,,,,,,,,
BenchmarkTest01641.java,0,CWE-327,CWE-327,1,0,1,0,0,0,1,0,0,0,1484,0.002968,0,0.0,473,0.003784,0.006752,5.954389333724976
BenchmarkTest01642.java,0,CWE-22,CWE-23,0,0,1,0,0,0,1,0,0,0,1364,0.002728,0,0.0,527,0.004216,0.0069440000000000005,5.612032890319824
BenchmarkTest01643.java,0,CWE-22,CWE-23,0,0,1,0,0,0,1,0,0,0,1496,0.002992,0,0.0,585,0.00468,0.007672,5.946743011474609
BenchmarkTest01644.java,0,CWE-22,CWE-23,0,1,0,1,0,0,0,0,1,0,1511,0.003022,0,0.0,570,0.00456,0.007582,6.350097894668579
BenchmarkTest01645.java,0,CWE-22,CWE-23,0,0,1,0,0,0,1,0,0,0,1516,0.003032,0,0.0,468,0.003744,0.006776,5.388302326202393
BenchmarkTest01646.java,0,CWE-22,CWE-23,0,1,0,1,0,0,0,0,1,0,1479,0.002958,0,0.0,464,0.003712,0.006670000000000001,5.879971742630005
BenchmarkTest01647.java,0,CWE-22,CWE-23,0,0,1,0,0,0,1,0,0,0,1401,0.002802,0,0.0,471,0.003768,0.0065699999999999995,5.024582147598267
BenchmarkTest01648.java,0,CWE-330,CWE-330,1,0,1,0,0,0,1,0,0,0,1400,0.0028,0,0.0,343,0.002744,0.005544,4.392167091369629
BenchmarkTest01649.java,0,CWE-328,CWE-916,0,0,1,0,0,0,1,0,0,0,1490,0.00298,0,0.0,599,0.004792,0.007772,5.914590120315552
BenchmarkTest01650.java,0,CWE-328,CWE-916,0,1,1,0,0,0,0,0,0,1,1426,0.002852,0,0.0,496,0.003968,0.00682,5.892649173736572
BenchmarkTest01651.java,0,CWE-328,CWE-916,0,0,1,0,0,0,1,0,0,0,1399,0.002798,0,0.0,411,0.003288,0.006086,4.567429542541504
BenchmarkTest01652.java,0,CWE-328,,,,0,0,1,0,0,0,1,0,,,,,,,,
BenchmarkTest01653.java,0,CWE-328,CWE-916,0,0,1,0,0,0,1,0,0,0,1356,0.002712,0,0.0,399,0.003192,0.0059039999999999995,6.230157375335693
BenchmarkTest01654.java,0,CWE-328,,,,0,0,0,1,0,0,0,1,,,,,,,,
BenchmarkTest01655.java,0,CWE-328,,,,0,0,1,0,0,0,1,0,,,,,,,,
BenchmarkTest01656.java,0,CWE-328,,,,0,0,1,0,0,0,1,0,,,,,,,,
BenchmarkTest01657.java,0,CWE-79,CWE-79,1,0,1,0,0,0,1,0,0,0,1488,0.002976,0,0.0,502,0.004016,0.006992,5.371591806411743
BenchmarkTest01658.java,0,CWE-79,CWE-79,1,0,1,0,0,0,1,0,0,0,1442,0.002884,0,0.0,471,0.003768,0.006652,5.44753360748291
BenchmarkTest01659.java,0,CWE-79,CWE-79,1,1,0,1,0,0,0,0,1,0,1428,0.002856,0,0.0,486,0.003888,0.006744,5.95377516746521
BenchmarkTest01660.java,0,CWE-79,CWE-79,1,0,1,0,0,0,1,0,0,0,1446,0.002892,0,0.0,474,0.003792,0.006684,5.477642774581909
BenchmarkTest01661.java,0,CWE-79,CWE-79,1,1,0,1,0,0,0,0,1,0,1455,0.00291,0,0.0,455,0.00364,0.00655,5.883023262023926
BenchmarkTest01662.java,0,CWE-79,CWE-79,1,0,1,0,0,0,1,0,0,0,1488,0.002976,0,0.0,521,0.004168,0.007143999999999999,6.907286643981934
BenchmarkTest01663.java,0,CWE-79,CWE-79,1,1,0,1,0,0,0,0,1,0,1533,0.003066,0,0.0,436,0.003488,0.006554000000000001,4.786956787109375
BenchmarkTest01664.java,0,CWE-79,CWE-79,1,0,0,1,0,0,0,1,0,0,1435,0.00287,0,0.0,601,0.004808,0.007678,6.374653577804565
BenchmarkTest01665.java,0,CWE-79,CWE-79,1,0,1,0,0,0,1,0,0,0,1446,0.002892,0,0.0,421,0.003368,0.00626,4.72920823097229
BenchmarkTest01666.java,0,CWE-79,CWE-79,1,0,1,0,0,0,1,0,0,0,1485,0.00297,0,0.0,536,0.004288,0.0072580000000000006,6.558691024780273
BenchmarkTest01667.java,0,CWE-79,CWE-79,1,0,1,0,0,0,1,0,0,0,1508,0.003016,0,0.0,488,0.003904,0.00692,5.403034925460815
BenchmarkTest01668.java,0,CWE-79,CWE-79,1,1,0,1,0,0,0,0,1,0,1523,0.003046,0,0.0,611,0.004888,0.007934,6.235970973968506
BenchmarkTest01669.java,0,CWE-79,CWE-79,1,0,0,1,0,0,0,1,0,0,1432,0.002864,0,0.0,556,0.004448,0.007311999999999999,6.427572965621948
BenchmarkTest01670.java,0,CWE-79,CWE-79,1,0,1,0,0,0,1,0,0,0,1428,0.002856,0,0.0,441,0.003528,0.006384,4.841487646102905
BenchmarkTest01671.java,0,CWE-79,CWE-79,1,1,0,1,0,0,0,0,1,0,1435,0.00287,0,0.0,631,0.005048,0.007918000000000001,6.934496164321899
BenchmarkTest01672.java,0,CWE-78,CWE-78,1,1,0,1,0,0,0,0,1,0,1159,0.002318,0,0.0,599,0.004792,0.00711,9.274297952651978
BenchmarkTest01673.java,0,CWE-78,CWE-78,1,0,1,0,0,0,1,0,0,0,1123,0.002246,0,0.0,438,0.003504,0.00575,5.706940174102783
BenchmarkTest01674.java,0,CWE-78,CWE-78,1,0,1,0,0,0,1,0,0,0,1149,0.002298,0,0.0,518,0.004144,0.006442,5.198959827423096
BenchmarkTest01675.java,0,CWE-330,CWE-330,1,0,1,0,0,0,1,0,0,0,1479,0.002958,0,0.0,404,0.003232,0.00619,4.8994574546813965
BenchmarkTest01676.java,0,CWE-330,CWE-330,1,0,1,0,0,0,1,0,0,0,1426,0.002852,0,0.0,434,0.003472,0.006324,8.547957181930542
BenchmarkTest01677.java,0,CWE-330,CWE-330,1,0,1,0,0,0,1,0,0,0,1458,0.002916,0,0.0,440,0.00352,0.006436000000000001,6.276417016983032
BenchmarkTest01678.java,0,CWE-330,CWE-330,1,0,1,0,0,0,1,0,0,0,1613,0.003226,0,0.0,449,0.003592,0.006818,5.228166818618774
BenchmarkTest01679.java,0,CWE-330,CWE-330,1,0,1,0,0,0,1,0,0,0,1403,0.002806,0,0.0,410,0.00328,0.006085999999999999,4.960863351821899
BenchmarkTest01680.java,0,CWE-330,CWE-330,1,0,1,0,0,0,1,0,0,0,1409,0.002818,0,0.0,355,0.00284,0.005658,4.421159744262695
BenchmarkTest01681.java,0,CWE-330,CWE-330,1,0,1,0,0,0,1,0,0,0,1469,0.002938,0,0.0,469,0.003752,0.00669,6.060664415359497
BenchmarkTest01682.java,0,CWE-614,CWE-614,1,0,1,0,0,0,1,0,0,0,1158,0.002316,0,0.0,285,0.00228,0.004595999999999999,3.27921986579895
BenchmarkTest01683.java,0,CWE-614,CWE-614,1,0,1,0,0,0,1,0,0,0,1184,0.002368,0,0.0,367,0.002936,0.005304,4.6900575160980225
BenchmarkTest01684.java,0,CWE-614,,,,0,0,1,0,0,0,1,0,,,,,,,,
BenchmarkTest01685.java,0,CWE-78,CWE-78,1,0,1,0,0,0,1,0,0,0,1231,0.002462,0,0.0,643,0.005144,0.007606,7.162800550460815
BenchmarkTest01686.java,0,CWE-78,CWE-78,1,1,0,1,0,0,0,0,1,0,1063,0.002126,0,0.0,416,0.003328,0.005454,4.765153169631958
BenchmarkTest01687.java,0,CWE-78,CWE-78,1,1,0,1,0,0,0,0,1,0,1244,0.002488,0,0.0,461,0.003688,0.006176,4.86752724647522
BenchmarkTest01688.java,0,CWE-78,CWE-78,1,1,0,1,0,0,0,0,1,0,1139,0.002278,0,0.0,342,0.002736,0.005014,4.276942729949951
BenchmarkTest01689.java,0,CWE-78,CWE-78,1,0,1,0,0,0,1,0,0,0,1141,0.002282,0,0.0,462,0.003696,0.005978000000000001,5.839175462722778
BenchmarkTest01690.java,0,CWE-78,CWE-78,1,0,1,0,0,0,1,0,0,0,1029,0.002058,0,0.0,560,0.00448,0.0065379999999999995,6.735759496688843
BenchmarkTest01691.java,0,CWE-78,CWE-78,1,0,1,0,0,0,1,0,0,0,1119,0.002238,0,0.0,509,0.004072,0.00631,6.233330726623535
BenchmarkTest01692.java,0,CWE-78,CWE-78,1,1,0,1,0,0,0,0,1,0,1349,0.002698,0,0.0,597,0.004776,0.007474,5.40257716178894
BenchmarkTest01693.java,0,CWE-78,CWE-78,1,1,0,1,0,0,0,0,1,0,1146,0.002292,0,0.0,592,0.004736,0.0070279999999999995,5.987017631530762
BenchmarkTest01694.java,0,CWE-330,,,,0,0,1,0,0,0,1,0,,,,,,,,
BenchmarkTest01695.java,0,CWE-330,,,,0,0,1,0,0,0,1,0,,,,,,,,
BenchmarkTest01696.java,0,CWE-330,,,,0,0,1,0,0,0,1,0,,,,,,,,
BenchmarkTest01697.java,0,CWE-330,,,,0,0,1,0,0,0,1,0,,,,,,,,
BenchmarkTest01698.java,0,CWE-330,CWE-330,1,1,0,1,0,0,0,0,1,0,1706,0.003412,0,0.0,556,0.004448,0.007859999999999999,6.241868495941162
BenchmarkTest01699.java,0,CWE-330,CWE-330,1,0,0,1,0,0,0,1,0,0,1478,0.002956,0,0.0,621,0.004968,0.007924,6.952303409576416
BenchmarkTest01700.java,0,CWE-330,CWE-330,1,1,0,1,0,0,0,0,1,0,1554,0.003108,0,0.0,621,0.004968,0.008076,6.748107671737671
BenchmarkTest01701.java,0,CWE-330,,,,0,0,1,0,0,0,1,0,,,,,,,,
BenchmarkTest01702.java,0,CWE-330,,,,0,0,1,0,0,0,1,0,,,,,,,,
BenchmarkTest01703.java,0,CWE-330,,,,0,0,1,0,0,0,1,0,,,,,,,,
BenchmarkTest01704.java,0,CWE-330,,,,0,0,1,0,0,0,1,0,,,,,,,,
BenchmarkTest01705.java,0,CWE-330,,,,0,0,1,0,0,0,1,0,,,,,,,,
BenchmarkTest01706.java,0,CWE-330,,,,0,0,1,0,0,0,1,0,,,,,,,,
BenchmarkTest01707.java,0,CWE-330,,,,0,0,1,0,0,0,1,0,,,,,,,,
BenchmarkTest01712.java,0,CWE-89,CWE-89,1,0,1,0,0,0,1,0,0,0,1117,0.002234,0,0.0,467,0.003736,0.00597,6.3596272468566895
BenchmarkTest01713.java,0,CWE-89,CWE-89,1,1,0,1,0,0,0,0,1,0,1132,0.002264,0,0.0,490,0.00392,0.006184,5.621205568313599
BenchmarkTest01714.java,0,CWE-89,CWE-89,1,1,0,1,0,0,0,0,1,0,1085,0.00217,0,0.0,500,0.004,0.00617,5.596649646759033
BenchmarkTest01715.java,0,CWE-89,CWE-89,1,0,1,0,0,0,1,0,0,0,1096,0.002192,0,0.0,488,0.003904,0.006096,6.121205568313599
BenchmarkTest01716.java,0,CWE-89,CWE-89,1,0,1,0,0,0,1,0,0,0,1101,0.002202,0,0.0,499,0.003992,0.006194,5.679581165313721
BenchmarkTest01717.java,0,CWE-89,CWE-89,1,1,0,1,0,0,0,0,1,0,1146,0.002292,0,0.0,610,0.00488,0.0071719999999999996,6.712116241455078
BenchmarkTest01718.java,0,CWE-89,CWE-89,1,0,1,0,0,0,1,0,0,0,1115,0.00223,0,0.0,397,0.003176,0.005406,4.813502311706543
BenchmarkTest01719.java,0,CWE-89,CWE-89,1,0,0,1,0,0,0,1,0,0,1125,0.00225,0,0.0,554,0.004432,0.0066820000000000004,5.692896127700806
BenchmarkTest01720.java,0,CWE-89,,,,0,0,0,1,0,0,0,1,,,,,,,,
BenchmarkTest01721.java,0,CWE-89,CWE-89,1,0,1,0,0,0,1,0,0,0,1237,0.002474,0,0.0,491,0.003928,0.006402,5.6211957931518555
BenchmarkTest01722.java,0,CWE-89,CWE-89,1,1,0,1,0,0,0,0,1,0,1311,0.002622,0,0.0,529,0.004232,0.006854,5.4568352699279785
BenchmarkTest01723.java,0,CWE-89,,,,0,0,0,1,0,0,0,1,,,,,,,,
BenchmarkTest01724.java,0,CWE-89,,,,0,0,0,1,0,0,0,1,,,,,,,,
BenchmarkTest01725.java,0,CWE-89,,,,0,0,0,1,0,0,0,1,,,,,,,,
BenchmarkTest01726.java,0,CWE-89,,,,0,0,0,1,0,0,0,1,,,,,,,,
BenchmarkTest01727.java,0,CWE-89,CWE-89,1,0,1,0,0,0,1,0,0,0,1097,0.002194,0,0.0,453,0.003624,0.005818,5.344305515289307
BenchmarkTest01728.java,0,CWE-89,CWE-89,1,0,1,0,0,0,1,0,0,0,1063,0.002126,0,0.0,424,0.003392,0.005518,6.049863815307617
BenchmarkTest01729.java,0,CWE-89,CWE-89,1,1,0,1,0,0,0,0,1,0,1122,0.002244,0,0.0,491,0.003928,0.006172,5.794626474380493
BenchmarkTest01730.java,0,CWE-89,CWE-89,1,0,1,0,0,0,1,0,0,0,1095,0.00219,0,0.0,464,0.003712,0.005902,5.443229913711548
BenchmarkTest01731.java,0,CWE-89,CWE-89,1,0,1,0,0,0,1,0,0,0,1124,0.002248,0,0.0,440,0.00352,0.0057680000000000006,5.775298833847046
BenchmarkTest01732.java,0,CWE-89,CWE-89,1,1,0,1,0,0,0,0,1,0,1062,0.002124,0,0.0,504,0.004032,0.006156,6.054926633834839
BenchmarkTest01733.java,0,CWE-89,CWE-89,1,0,1,0,0,0,1,0,0,0,1062,0.002124,0,0.0,482,0.003856,0.00598,5.999910354614258
BenchmarkTest01734.java,0,CWE-643,CWE-643,1,0,1,0,0,0,1,0,0,0,1206,0.002412,0,0.0,474,0.003792,0.0062039999999999994,5.098539113998413
BenchmarkTest01735.java,0,CWE-643,CWE-643,1,1,0,1,0,0,0,0,1,0,1208,0.002416,0,0.0,410,0.00328,0.005696,5.318948268890381
BenchmarkTest01736.java,0,CWE-643,CWE-643,1,0,1,0,0,0,1,0,0,0,1156,0.002312,0,0.0,432,0.003456,0.005768,6.66768479347229
BenchmarkTest01737.java,0,CWE-327,,,,0,0,1,0,0,0,1,0,,,,,,,,
BenchmarkTest01738.java,0,CWE-327,,,,0,0,1,0,0,0,1,0,,,,,,,,
BenchmarkTest01739.java,0,CWE-327,,,,0,0,1,0,0,0,1,0,,,,,,,,
BenchmarkTest01740.java,0,CWE-327,CWE-327,1,0,1,0,0,0,1,0,0,0,1253,0.002506,0,0.0,521,0.004168,0.006673999999999999,7.5069334506988525
BenchmarkTest01741.java,0,CWE-327,CWE-327,1,0,1,0,0,0,1,0,0,0,1306,0.002612,0,0.0,440,0.00352,0.006132,5.72295880317688
BenchmarkTest01742.java,0,CWE-327,CWE-327,1,0,1,0,0,0,1,0,0,0,1248,0.002496,0,0.0,491,0.003928,0.006424,5.884761095046997
BenchmarkTest01743.java,0,CWE-90,,,,0,0,1,0,0,0,1,0,,,,,,,,
BenchmarkTest01744.java,0,CWE-22,,,,0,0,1,0,0,0,1,0,,,,,,,,
BenchmarkTest01745.java,0,CWE-22,,,,0,0,1,0,0,0,1,0,,,,,,,,
BenchmarkTest01746.java,0,CWE-22,,,,0,0,1,0,0,0,1,0,,,,,,,,
BenchmarkTest01747.java,0,CWE-22,,,,0,0,1,0,0,0,1,0,,,,,,,,
BenchmarkTest01748.java,0,CWE-22,,,,0,0,1,0,0,0,1,0,,,,,,,,
BenchmarkTest01749.java,0,CWE-22,,,,0,0,1,0,0,0,1,0,,,,,,,,
BenchmarkTest01750.java,0,CWE-22,,,,0,0,1,0,0,0,1,0,,,,,,,,
BenchmarkTest01751.java,0,CWE-22,,,,0,0,1,0,0,0,1,0,,,,,,,,
BenchmarkTest01752.java,0,CWE-22,,,,0,0,1,0,0,0,1,0,,,,,,,,
BenchmarkTest01753.java,0,CWE-90,,,,0,0,1,0,0,0,1,0,,,,,,,,
BenchmarkTest01754.java,0,CWE-90,,,,0,0,1,0,0,0,1,0,,,,,,,,
BenchmarkTest01755.java,0,CWE-90,,,,0,0,1,0,0,0,1,0,,,,,,,,
BenchmarkTest01756.java,0,CWE-90,,,,0,0,1,0,0,0,1,0,,,,,,,,
BenchmarkTest01757.java,0,CWE-328,CWE-916,0,0,1,0,0,0,1,0,0,0,1339,0.002678,0,0.0,403,0.003224,0.005901999999999999,5.265973806381226
BenchmarkTest01758.java,0,CWE-328,,,,0,0,1,0,0,0,1,0,,,,,,,,
BenchmarkTest01759.java,0,CWE-328,,,,0,0,1,0,0,0,1,0,,,,,,,,
BenchmarkTest01760.java,0,CWE-328,,,,0,0,1,0,0,0,1,0,,,,,,,,
BenchmarkTest01761.java,0,CWE-328,CWE-916,0,0,1,0,0,0,1,0,0,0,1271,0.002542,0,0.0,360,0.00288,0.005422,4.37108302116394
BenchmarkTest01762.java,0,CWE-328,,,,0,0,1,0,0,0,1,0,,,,,,,,
BenchmarkTest01763.java,0,CWE-328,,,,0,0,1,0,0,0,1,0,,,,,,,,
BenchmarkTest01764.java,0,CWE-328,,,,0,0,1,0,0,0,1,0,,,,,,,,
BenchmarkTest01765.java,0,CWE-328,,,,0,0,0,1,0,0,0,1,,,,,,,,
BenchmarkTest01766.java,0,CWE-328,,,,0,0,0,1,0,0,0,1,,,,,,,,
BenchmarkTest01767.java,0,CWE-79,,,,0,0,1,0,0,0,1,0,,,,,,,,
BenchmarkTest01768.java,0,CWE-79,,,,0,0,1,0,0,0,1,0,,,,,,,,
BenchmarkTest01769.java,0,CWE-79,,,,0,0,1,0,0,0,1,0,,,,,,,,
BenchmarkTest01770.java,0,CWE-79,,,,0,0,1,0,0,0,1,0,,,,,,,,
BenchmarkTest01771.java,0,CWE-79,,,,0,0,1,0,0,0,1,0,,,,,,,,
BenchmarkTest01772.java,0,CWE-79,,,,0,0,1,0,0,0,1,0,,,,,,,,
BenchmarkTest01773.java,0,CWE-79,,,,0,0,1,0,0,0,1,0,,,,,,,,
BenchmarkTest01774.java,0,CWE-79,,,,0,0,1,0,0,0,1,0,,,,,,,,
BenchmarkTest01775.java,0,CWE-79,,,,0,0,1,0,0,0,1,0,,,,,,,,
BenchmarkTest01776.java,0,CWE-79,,,,0,0,1,0,0,0,1,0,,,,,,,,
BenchmarkTest01777.java,0,CWE-79,,,,0,0,1,0,0,0,1,0,,,,,,,,
BenchmarkTest01778.java,0,CWE-78,,,,0,0,1,0,0,0,1,0,,,,,,,,
BenchmarkTest01779.java,0,CWE-78,,,,0,0,1,0,0,0,1,0,,,,,,,,
BenchmarkTest01780.java,0,CWE-78,,,,0,0,1,0,0,0,1,0,,,,,,,,
BenchmarkTest01781.java,0,CWE-330,CWE-330,1,0,1,0,0,0,1,0,0,0,1314,0.002628,0,0.0,424,0.003392,0.00602,4.6740875244140625
BenchmarkTest01782.java,0,CWE-330,CWE-330,1,0,1,0,0,0,1,0,0,0,1296,0.002592,0,0.0,462,0.003696,0.006288,5.026336908340454
BenchmarkTest01783.java,0,CWE-330,CWE-330,1,0,1,0,0,0,1,0,0,0,1262,0.002524,0,0.0,386,0.003088,0.005612000000000001,4.2483971118927
BenchmarkTest01784.java,0,CWE-330,CWE-330,1,0,1,0,0,0,1,0,0,0,1290,0.00258,0,0.0,445,0.00356,0.00614,5.119759798049927
BenchmarkTest01785.java,0,CWE-330,CWE-330,1,0,1,0,0,0,1,0,0,0,1252,0.002504,0,0.0,378,0.003024,0.005528,5.73706841468811
BenchmarkTest01786.java,0,CWE-330,CWE-330,1,0,1,0,0,0,1,0,0,0,1293,0.002586,0,0.0,413,0.003304,0.00589,12.165018796920776
BenchmarkTest01787.java,0,CWE-330,CWE-330,1,0,1,0,0,0,1,0,0,0,1232,0.002464,0,0.0,383,0.003064,0.005528,4.501712083816528
BenchmarkTest01788.java,0,CWE-330,CWE-330,1,0,1,0,0,0,1,0,0,0,1257,0.002514,0,0.0,391,0.003128,0.005642,4.419768333435059
BenchmarkTest01789.java,0,CWE-614,CWE-614,1,0,1,0,0,0,1,0,0,0,1042,0.002084,0,0.0,318,0.002544,0.004628,3.807159423828125
BenchmarkTest01790.java,0,CWE-79,,,,0,0,1,0,0,0,1,0,,,,,,,,
BenchmarkTest01791.java,0,CWE-78,,,,0,0,1,0,0,0,1,0,,,,,,,,
BenchmarkTest01792.java,0,CWE-78,,,,0,0,1,0,0,0,1,0,,,,,,,,
BenchmarkTest01793.java,0,CWE-78,,,,0,0,1,0,0,0,1,0,,,,,,,,
BenchmarkTest01794.java,0,CWE-78,,,,0,0,1,0,0,0,1,0,,,,,,,,
BenchmarkTest01795.java,0,CWE-78,,,,0,0,1,0,0,0,1,0,,,,,,,,
BenchmarkTest01796.java,0,CWE-78,,,,0,0,1,0,0,0,1,0,,,,,,,,
BenchmarkTest01797.java,0,CWE-330,,,,0,0,1,0,0,0,1,0,,,,,,,,
BenchmarkTest01798.java,0,CWE-330,,,,0,0,1,0,0,0,1,0,,,,,,,,
BenchmarkTest01799.java,0,CWE-330,,,,0,0,1,0,0,0,1,0,,,,,,,,
BenchmarkTest01800.java,0,CWE-330,,,,0,0,1,0,0,0,1,0,,,,,,,,
BenchmarkTest01801.java,0,CWE-330,,,,0,0,1,0,0,0,1,0,,,,,,,,
BenchmarkTest01803.java,0,CWE-89,,,,0,0,1,0,0,0,1,0,,,,,,,,
BenchmarkTest01804.java,0,CWE-89,,,,0,0,1,0,0,0,1,0,,,,,,,,
BenchmarkTest01805.java,0,CWE-89,,,,0,0,1,0,0,0,1,0,,,,,,,,
BenchmarkTest01806.java,0,CWE-89,,,,0,0,1,0,0,0,1,0,,,,,,,,
BenchmarkTest01807.java,0,CWE-89,,,,0,0,1,0,0,0,1,0,,,,,,,,
BenchmarkTest01808.java,0,CWE-89,,,,0,0,1,0,0,0,1,0,,,,,,,,
BenchmarkTest01809.java,0,CWE-89,,,,0,0,1,0,0,0,1,0,,,,,,,,
BenchmarkTest01810.java,0,CWE-89,,,,0,0,1,0,0,0,1,0,,,,,,,,
BenchmarkTest01811.java,0,CWE-89,,,,0,0,1,0,0,0,1,0,,,,,,,,
BenchmarkTest01812.java,0,CWE-89,,,,0,0,1,0,0,0,1,0,,,,,,,,
BenchmarkTest01813.java,0,CWE-89,,,,0,0,1,0,0,0,1,0,,,,,,,,
BenchmarkTest01814.java,0,CWE-89,,,,0,0,1,0,0,0,1,0,,,,,,,,
BenchmarkTest01815.java,0,CWE-89,,,,0,0,1,0,0,0,1,0,,,,,,,,
BenchmarkTest01816.java,0,CWE-89,,,,0,0,1,0,0,0,1,0,,,,,,,,
BenchmarkTest01817.java,0,CWE-89,,,,0,0,1,0,0,0,1,0,,,,,,,,
BenchmarkTest01818.java,0,CWE-89,,,,0,0,1,0,0,0,1,0,,,,,,,,
BenchmarkTest01819.java,0,CWE-89,,,,0,0,1,0,0,0,1,0,,,,,,,,
BenchmarkTest01820.java,0,CWE-89,,,,0,0,1,0,0,0,1,0,,,,,,,,
BenchmarkTest01821.java,0,CWE-643,,,,0,0,1,0,0,0,1,0,,,,,,,,
BenchmarkTest01822.java,0,CWE-327,CWE-327,1,0,1,0,0,0,1,0,0,0,1786,0.003572,0,0.0,354,0.002832,0.006404,4.14990234375
BenchmarkTest01823.java,0,CWE-327,CWE-327,1,0,1,0,0,0,1,0,0,0,1736,0.003472,0,0.0,401,0.003208,0.00668,4.181049823760986
BenchmarkTest01824.java,0,CWE-327,,,,0,0,1,0,0,0,1,0,,,,,,,,
BenchmarkTest01825.java,0,CWE-327,,,,0,0,1,0,0,0,1,0,,,,,,,,
BenchmarkTest01826.java,0,CWE-327,,,,0,0,1,0,0,0,1,0,,,,,,,,
BenchmarkTest01827.java,0,CWE-327,,,,0,0,1,0,0,0,1,0,,,,,,,,
BenchmarkTest01828.java,0,CWE-327,,,,0,0,1,0,0,0,1,0,,,,,,,,
BenchmarkTest01829.java,0,CWE-327,CWE-327,1,0,1,0,0,0,1,0,0,0,1608,0.003216,0,0.0,453,0.003624,0.006840000000000001,5.291093587875366
BenchmarkTest01830.java,0,CWE-327,CWE-327,1,0,1,0,0,0,1,0,0,0,1425,0.00285,0,0.0,286,0.002288,0.005138,3.19734787940979
BenchmarkTest01831.java,0,CWE-90,CWE-90,1,0,1,0,0,0,1,0,0,0,1369,0.002738,0,0.0,492,0.003936,0.006674,4.759780406951904
BenchmarkTest01832.java,0,CWE-90,CWE-90,1,0,1,0,0,0,1,0,0,0,1367,0.002734,0,0.0,437,0.003496,0.006229999999999999,5.600373268127441
BenchmarkTest01833.java,0,CWE-22,CWE-23,0,0,1,0,0,0,1,0,0,0,1425,0.00285,0,0.0,497,0.003976,0.0068260000000000005,6.2286376953125
BenchmarkTest01834.java,0,CWE-22,CWE-23,0,1,0,1,0,0,0,0,1,0,1425,0.00285,0,0.0,651,0.005208,0.008058,7.307360410690308
BenchmarkTest01835.java,0,CWE-22,CWE-23,0,0,1,0,0,0,1,0,0,0,1373,0.002746,0,0.0,627,0.005016,0.007762,6.653813362121582
BenchmarkTest01836.java,0,CWE-22,CWE-23,0,0,1,0,0,0,1,0,0,0,1554,0.003108,0,0.0,445,0.00356,0.006668,6.110215663909912
BenchmarkTest01837.java,0,CWE-22,CWE-23,0,1,0,1,0,0,0,0,1,0,1512,0.003024,0,0.0,561,0.004488,0.007512,6.254656076431274
BenchmarkTest01838.java,0,CWE-22,CWE-23,0,1,0,1,0,0,0,0,1,0,1567,0.003134,0,0.0,473,0.003784,0.0069180000000000005,6.428600788116455
BenchmarkTest01839.java,0,CWE-22,CWE-23,0,0,1,0,0,0,1,0,0,0,1407,0.002814,0,0.0,345,0.00276,0.005574,4.69924259185791
BenchmarkTest01840.java,0,CWE-22,CWE-23,0,0,1,0,0,0,1,0,0,0,1376,0.002752,0,0.0,492,0.003936,0.006688,5.900770425796509
BenchmarkTest01841.java,0,CWE-22,CWE-23,0,1,0,1,0,0,0,0,1,0,1571,0.003142,0,0.0,586,0.004688,0.00783,6.763081789016724
BenchmarkTest01842.java,0,CWE-330,CWE-330,1,0,1,0,0,0,1,0,0,0,1395,0.00279,0,0.0,446,0.003568,0.006358,5.605705976486206
BenchmarkTest01843.java,0,CWE-330,CWE-330,1,0,1,0,0,0,1,0,0,0,1462,0.002924,0,0.0,416,0.003328,0.006252,4.683722019195557
BenchmarkTest01844.java,0,CWE-328,CWE-916,0,0,1,0,0,0,1,0,0,0,1677,0.003354,0,0.0,363,0.002904,0.006258,5.017667055130005
BenchmarkTest01845.java,0,CWE-328,CWE-916,0,0,1,0,0,0,1,0,0,0,1474,0.002948,0,0.0,432,0.003456,0.006404,6.054236888885498
BenchmarkTest01846.java,0,CWE-328,CWE-916,0,0,1,0,0,0,1,0,0,0,1452,0.002904,0,0.0,357,0.002856,0.0057599999999999995,5.155680894851685
BenchmarkTest01847.java,0,CWE-328,,,,0,0,1,0,0,0,1,0,,,,,,,,
BenchmarkTest01848.java,0,CWE-328,,,,0,0,1,0,0,0,1,0,,,,,,,,
BenchmarkTest01849.java,0,CWE-328,,,,0,0,1,0,0,0,1,0,,,,,,,,
BenchmarkTest01850.java,0,CWE-78,CWE-78,1,0,1,0,0,0,1,0,0,0,1152,0.002304,0,0.0,488,0.003904,0.006208,5.124127626419067
BenchmarkTest01851.java,0,CWE-78,CWE-78,1,0,1,0,0,0,1,0,0,0,1215,0.00243,0,0.0,405,0.00324,0.00567,4.923296689987183
BenchmarkTest01852.java,0,CWE-78,CWE-78,1,0,1,0,0,0,1,0,0,0,1161,0.002322,0,0.0,506,0.004048,0.006370000000000001,5.531957626342773
BenchmarkTest01853.java,0,CWE-330,CWE-330,1,0,1,0,0,0,1,0,0,0,1447,0.002894,0,0.0,405,0.00324,0.006134,4.432439565658569
BenchmarkTest01854.java,0,CWE-330,CWE-330,1,0,1,0,0,0,1,0,0,0,1632,0.003264,0,0.0,432,0.003456,0.00672,12.635794639587402
BenchmarkTest01855.java,0,CWE-330,CWE-330,1,0,1,0,0,0,1,0,0,0,1437,0.002874,0,0.0,388,0.003104,0.005978,4.850587606430054
BenchmarkTest01856.java,0,CWE-330,CWE-330,1,0,1,0,0,0,1,0,0,0,1374,0.002748,0,0.0,362,0.002896,0.005644,4.391157150268555
BenchmarkTest01857.java,0,CWE-330,CWE-330,1,0,1,0,0,0,1,0,0,0,1420,0.00284,0,0.0,347,0.002776,0.0056159999999999995,17.898468732833862
BenchmarkTest01858.java,0,CWE-330,CWE-330,1,0,1,0,0,0,1,0,0,0,1472,0.002944,0,0.0,350,0.0028,0.005744,4.336724042892456
BenchmarkTest01859.java,0,CWE-330,CWE-330,1,0,1,0,0,0,1,0,0,0,1387,0.002774,0,0.0,386,0.003088,0.005862,4.955926418304443
BenchmarkTest01860.java,0,CWE-330,CWE-330,1,0,1,0,0,0,1,0,0,0,1383,0.002766,0,0.0,420,0.00336,0.0061259999999999995,5.044617652893066
BenchmarkTest01861.java,0,CWE-614,CWE-614,1,0,1,0,0,0,1,0,0,0,1199,0.002398,0,0.0,385,0.00308,0.005478,4.680807113647461
BenchmarkTest01862.java,0,CWE-614,,,,0,0,1,0,0,0,1,0,,,,,,,,
BenchmarkTest01863.java,0,CWE-614,,,,0,0,1,0,0,0,1,0,,,,,,,,
BenchmarkTest01864.java,0,CWE-78,CWE-78,1,0,1,0,0,0,1,0,0,0,1133,0.002266,0,0.0,458,0.003664,0.0059299999999999995,5.158650159835815
BenchmarkTest01865.java,0,CWE-78,CWE-78,1,0,0,1,0,0,0,1,0,0,1181,0.002362,0,0.0,505,0.00404,0.006402,5.656040191650391
BenchmarkTest01866.java,0,CWE-330,CWE-330,1,1,0,1,0,0,0,0,1,0,1506,0.003012,0,0.0,543,0.004344,0.007356,5.166815757751465
BenchmarkTest01867.java,0,CWE-330,CWE-330,1,1,0,1,0,0,0,0,1,0,1578,0.003156,0,0.0,526,0.004208,0.007364,5.96676230430603
BenchmarkTest01868.java,0,CWE-330,,,,0,0,1,0,0,0,1,0,,,,,,,,
BenchmarkTest01869.java,0,CWE-330,,,,0,0,1,0,0,0,1,0,,,,,,,,
BenchmarkTest01870.java,0,CWE-330,,,,0,0,1,0,0,0,1,0,,,,,,,,
BenchmarkTest01871.java,0,CWE-330,,,,0,0,1,0,0,0,1,0,,,,,,,,
BenchmarkTest01877.java,0,CWE-89,CWE-89,1,1,0,1,0,0,0,0,1,0,1171,0.002342,0,0.0,493,0.003944,0.006286,5.910870313644409
BenchmarkTest01878.java,0,CWE-89,CWE-89,1,1,0,1,0,0,0,0,1,0,1085,0.00217,0,0.0,498,0.003984,0.006154,4.759521961212158
BenchmarkTest01879.java,0,CWE-89,CWE-89,1,1,0,1,0,0,0,0,1,0,1139,0.002278,0,0.0,501,0.004008,0.006286,6.184938430786133
BenchmarkTest01880.java,0,CWE-89,CWE-89,1,1,0,1,0,0,0,0,1,0,1180,0.00236,0,0.0,613,0.004904,0.0072640000000000005,6.077680826187134
BenchmarkTest01881.java,0,CWE-89,CWE-89,1,0,1,0,0,0,1,0,0,0,1150,0.0023,0,0.0,426,0.003408,0.0057079999999999995,4.510155200958252
BenchmarkTest01882.java,0,CWE-89,CWE-89,1,0,1,0,0,0,1,0,0,0,1297,0.002594,0,0.0,425,0.0034,0.005993999999999999,4.155767202377319
BenchmarkTest01883.java,0,CWE-89,,,,0,0,0,1,0,0,0,1,,,,,,,,
BenchmarkTest01884.java,0,CWE-89,CWE-89,1,1,0,1,0,0,0,0,1,0,1096,0.002192,0,0.0,571,0.004568,0.00676,5.4436376094818115
BenchmarkTest01885.java,0,CWE-89,CWE-89,1,1,0,1,0,0,0,0,1,0,1100,0.0022,0,0.0,518,0.004144,0.006344000000000001,6.586668252944946
BenchmarkTest01886.java,0,CWE-89,CWE-89,1,1,0,1,0,0,0,0,1,0,1267,0.002534,0,0.0,773,0.006184,0.008718,15.388558387756348
BenchmarkTest01887.java,0,CWE-89,CWE-89,1,0,1,0,0,0,1,0,0,0,1028,0.002056,0,0.0,360,0.00288,0.004936,5.349785327911377
BenchmarkTest01888.java,0,CWE-89,CWE-89,1,0,1,0,0,0,1,0,0,0,1071,0.002142,0,0.0,402,0.003216,0.005358,5.495325565338135
BenchmarkTest01889.java,0,CWE-89,CWE-89,1,0,1,0,0,0,1,0,0,0,1037,0.002074,0,0.0,412,0.003296,0.00537,4.834414958953857
BenchmarkTest01890.java,0,CWE-89,CWE-89,1,0,1,0,0,0,1,0,0,0,1037,0.002074,0,0.0,420,0.00336,0.005434,5.006260633468628
BenchmarkTest01891.java,0,CWE-89,CWE-89,1,0,1,0,0,0,1,0,0,0,1076,0.002152,0,0.0,404,0.003232,0.005384,5.24339747428894
BenchmarkTest01892.java,0,CWE-643,CWE-643,1,0,1,0,0,0,1,0,0,0,1264,0.002528,0,0.0,424,0.003392,0.00592,6.10884952545166
BenchmarkTest01893.java,0,CWE-643,CWE-643,1,1,0,1,0,0,0,0,1,0,1220,0.00244,0,0.0,418,0.003344,0.005784,4.482184648513794
BenchmarkTest01894.java,0,CWE-643,CWE-643,1,0,1,0,0,0,1,0,0,0,1124,0.002248,0,0.0,444,0.003552,0.0058,4.610968351364136
BenchmarkTest01895.java,0,CWE-327,CWE-327,1,0,1,0,0,0,1,0,0,0,1647,0.003294,0,0.0,363,0.002904,0.006198,4.392582893371582
BenchmarkTest01896.java,0,CWE-327,,,,0,0,1,0,0,0,1,0,,,,,,,,
BenchmarkTest01897.java,0,CWE-327,CWE-327,1,0,1,0,0,0,1,0,0,0,1323,0.002646,0,0.0,379,0.003032,0.005678,5.348155975341797
BenchmarkTest01898.java,0,CWE-327,CWE-327,1,0,1,0,0,0,1,0,0,0,1348,0.002696,0,0.0,348,0.002784,0.0054800000000000005,3.934506893157959
BenchmarkTest01899.java,0,CWE-327,,,,0,0,1,0,0,0,1,0,,,,,,,,
BenchmarkTest01900.java,0,CWE-327,CWE-327,1,0,1,0,0,0,1,0,0,0,1270,0.00254,0,0.0,545,0.00436,0.0069,6.9496636390686035
BenchmarkTest01901.java,0,CWE-327,,,,0,0,1,0,0,0,1,0,,,,,,,,
BenchmarkTest01902.java,0,CWE-90,CWE-90,1,0,1,0,0,0,1,0,0,0,1213,0.002426,0,0.0,488,0.003904,0.0063300000000000006,5.6013100147247314
BenchmarkTest01903.java,0,CWE-90,CWE-90,1,1,0,1,0,0,0,0,1,0,1190,0.00238,0,0.0,455,0.00364,0.00602,4.992675065994263
BenchmarkTest01904.java,0,CWE-22,CWE-23,0,0,1,0,0,0,1,0,0,0,1270,0.00254,0,0.0,477,0.003816,0.0063560000000000005,4.906227111816406
BenchmarkTest01905.java,0,CWE-22,CWE-23,0,1,0,1,0,0,0,0,1,0,1379,0.002758,0,0.0,612,0.004896,0.007654,6.279921770095825
BenchmarkTest01906.java,0,CWE-22,CWE-23,0,0,1,0,0,0,1,0,0,0,1292,0.002584,0,0.0,482,0.003856,0.0064399999999999995,5.616034507751465
BenchmarkTest01907.java,0,CWE-22,CWE-23,0,0,1,0,0,0,1,0,0,0,1258,0.002516,0,0.0,469,0.003752,0.006268,5.367866516113281
BenchmarkTest01908.java,0,CWE-22,CWE-23,0,0,1,0,0,0,1,0,0,0,1414,0.002828,0,0.0,563,0.004504,0.007332,6.16530442237854
BenchmarkTest01909.java,0,CWE-90,CWE-90,1,1,0,1,0,0,0,0,1,0,1277,0.002554,0,0.0,531,0.004248,0.006802,7.202269792556763
BenchmarkTest01910.java,0,CWE-330,CWE-330,1,0,1,0,0,0,1,0,0,0,1336,0.002672,0,0.0,463,0.003704,0.006376,6.713222026824951
BenchmarkTest01911.java,0,CWE-328,CWE-916,0,0,1,0,0,0,1,0,0,0,1379,0.002758,0,0.0,588,0.004704,0.007462,7.724486589431763
BenchmarkTest01912.java,0,CWE-328,,,,0,0,1,0,0,0,1,0,,,,,,,,
BenchmarkTest01913.java,0,CWE-328,,,,0,0,1,0,0,0,1,0,,,,,,,,
BenchmarkTest01914.java,0,CWE-79,CWE-79,1,1,0,1,0,0,0,0,1,0,1378,0.002756,0,0.0,472,0.003776,0.006532,5.919336318969727
BenchmarkTest01915.java,0,CWE-79,CWE-79,1,1,0,1,0,0,0,0,1,0,1331,0.002662,0,0.0,500,0.004,0.0066619999999999995,6.659393072128296
BenchmarkTest01916.java,0,CWE-79,CWE-79,1,0,1,0,0,0,1,0,0,0,1297,0.002594,0,0.0,472,0.003776,0.00637,10.178099632263184
BenchmarkTest01917.java,0,CWE-79,CWE-79,1,0,0,1,0,0,0,1,0,0,1292,0.002584,0,0.0,681,0.005448,0.008032,8.323551893234253
BenchmarkTest01918.java,0,CWE-79,CWE-79,1,1,0,1,0,0,0,0,1,0,1333,0.002666,0,0.0,543,0.004344,0.00701,5.156017541885376
BenchmarkTest01919.java,0,CWE-79,CWE-79,1,0,1,0,0,0,1,0,0,0,1327,0.002654,0,0.0,426,0.003408,0.006062,5.995170593261719
BenchmarkTest01920.java,0,CWE-79,CWE-79,1,0,1,0,0,0,1,0,0,0,1361,0.002722,0,0.0,496,0.003968,0.00669,5.623542547225952
BenchmarkTest01921.java,0,CWE-79,CWE-79,1,0,1,0,0,0,1,0,0,0,1395,0.00279,0,0.0,557,0.004456,0.007246,5.837238311767578
BenchmarkTest01922.java,0,CWE-79,CWE-79,1,0,1,0,0,0,1,0,0,0,1357,0.002714,0,0.0,477,0.003816,0.006529999999999999,5.530066013336182
BenchmarkTest01923.java,0,CWE-79,CWE-79,1,0,1,0,0,0,1,0,0,0,1315,0.00263,0,0.0,481,0.003848,0.006477999999999999,5.95928955078125
BenchmarkTest01924.java,0,CWE-79,CWE-79,1,1,0,1,0,0,0,0,1,0,1299,0.002598,0,0.0,623,0.004984,0.007582,6.95572304725647
BenchmarkTest01925.java,0,CWE-79,CWE-79,1,0,1,0,0,0,1,0,0,0,1331,0.002662,0,0.0,580,0.00464,0.0073019999999999995,6.239856481552124
BenchmarkTest01926.java,0,CWE-79,CWE-79,1,0,1,0,0,0,1,0,0,0,1311,0.002622,0,0.0,429,0.003432,0.006054,4.496080160140991
BenchmarkTest01927.java,0,CWE-79,CWE-79,1,0,1,0,0,0,1,0,0,0,1320,0.00264,0,0.0,507,0.004056,0.006696,5.860867977142334
BenchmarkTest01928.java,0,CWE-78,CWE-78,1,0,1,0,0,0,1,0,0,0,1071,0.002142,0,0.0,524,0.004192,0.006334,6.564618110656738
BenchmarkTest01929.java,0,CWE-78,CWE-78,1,0,1,0,0,0,1,0,0,0,1055,0.00211,0,0.0,507,0.004056,0.006166,5.812234163284302
BenchmarkTest01930.java,0,CWE-330,CWE-330,1,0,1,0,0,0,1,0,0,0,1270,0.00254,0,0.0,437,0.003496,0.006036,5.192185640335083
BenchmarkTest01931.java,0,CWE-330,CWE-330,1,0,1,0,0,0,1,0,0,0,1471,0.002942,0,0.0,346,0.002768,0.00571,4.3666911125183105
BenchmarkTest01932.java,0,CWE-330,CWE-330,1,0,1,0,0,0,1,0,0,0,1296,0.002592,0,0.0,483,0.003864,0.006456,5.943940877914429
BenchmarkTest01933.java,0,CWE-330,CWE-330,1,0,1,0,0,0,1,0,0,0,1241,0.002482,0,0.0,349,0.002792,0.005274,4.075450420379639
BenchmarkTest01934.java,0,CWE-330,CWE-330,1,0,1,0,0,0,1,0,0,0,1235,0.00247,0,0.0,444,0.003552,0.006022,5.3662989139556885
BenchmarkTest01935.java,0,CWE-614,,,,0,0,1,0,0,0,1,0,,,,,,,,
BenchmarkTest01936.java,0,CWE-78,CWE-78,1,0,1,0,0,0,1,0,0,0,1012,0.002024,0,0.0,495,0.00396,0.005984,5.347092866897583
BenchmarkTest01937.java,0,CWE-78,CWE-78,1,0,0,1,0,0,0,1,0,0,1014,0.002028,0,0.0,499,0.003992,0.006019999999999999,6.814059495925903
BenchmarkTest01938.java,0,CWE-78,CWE-78,1,0,1,0,0,0,1,0,0,0,1127,0.002254,0,0.0,639,0.005112,0.007366,8.65765929222107
BenchmarkTest01939.java,0,CWE-78,CWE-78,1,1,0,1,0,0,0,0,1,0,933,0.001866,0,0.0,501,0.004008,0.005874000000000001,5.003897666931152
BenchmarkTest01940.java,0,CWE-78,CWE-78,1,0,1,0,0,0,1,0,0,0,1004,0.002008,0,0.0,549,0.004392,0.0063999999999999994,6.282436370849609
BenchmarkTest01941.java,0,CWE-78,CWE-78,1,1,0,1,0,0,0,0,1,0,1113,0.002226,0,0.0,575,0.0046,0.0068260000000000005,7.735114812850952
BenchmarkTest01942.java,0,CWE-78,CWE-78,1,0,1,0,0,0,1,0,0,0,970,0.00194,0,0.0,566,0.004528,0.006468,9.300029993057251
BenchmarkTest01943.java,0,CWE-78,CWE-78,1,1,0,1,0,0,0,0,1,0,1070,0.00214,0,0.0,413,0.003304,0.005444,5.0675647258758545
BenchmarkTest01944.java,0,CWE-78,CWE-78,1,0,1,0,0,0,1,0,0,0,1062,0.002124,0,0.0,556,0.004448,0.006572,10.582437753677368
BenchmarkTest01945.java,0,CWE-330,,,,0,0,1,0,0,0,1,0,,,,,,,,
BenchmarkTest01946.java,0,CWE-330,,,,0,0,1,0,0,0,1,0,,,,,,,,
BenchmarkTest01947.java,0,CWE-330,,,,0,0,1,0,0,0,1,0,,,,,,,,
BenchmarkTest01948.java,0,CWE-330,,,,0,0,1,0,0,0,1,0,,,,,,,,
BenchmarkTest01949.java,0,CWE-330,,,,0,0,1,0,0,0,1,0,,,,,,,,
BenchmarkTest01950.java,0,CWE-330,,,,0,0,1,0,0,0,1,0,,,,,,,,
BenchmarkTest01951.java,0,CWE-330,,,,0,0,1,0,0,0,1,0,,,,,,,,
BenchmarkTest01952.java,0,CWE-330,,,,0,0,1,0,0,0,1,0,,,,,,,,
BenchmarkTest01953.java,0,CWE-330,,,,0,0,1,0,0,0,1,0,,,,,,,,
BenchmarkTest01954.java,0,CWE-330,,,,0,0,1,0,0,0,1,0,,,,,,,,
BenchmarkTest01961.java,0,CWE-89,CWE-89,1,1,0,1,0,0,0,0,1,0,1142,0.002284,0,0.0,653,0.005224,0.007508000000000001,7.139260530471802
BenchmarkTest01962.java,0,CWE-89,CWE-89,1,0,1,0,0,0,1,0,0,0,955,0.00191,0,0.0,529,0.004232,0.006142,6.194398641586304
BenchmarkTest01963.java,0,CWE-89,CWE-89,1,0,1,0,0,0,1,0,0,0,919,0.001838,0,0.0,415,0.00332,0.005158,5.433365106582642
BenchmarkTest01964.java,0,CWE-89,CWE-89,1,0,1,0,0,0,1,0,0,0,1158,0.002316,0,0.0,492,0.003936,0.006252000000000001,4.968296051025391
BenchmarkTest01965.java,0,CWE-89,,,,0,0,1,0,0,0,1,0,,,,,,,,
BenchmarkTest01966.java,0,CWE-89,,,,0,0,1,0,0,0,1,0,,,,,,,,
BenchmarkTest01967.java,0,CWE-89,,,,0,0,1,0,0,0,1,0,,,,,,,,
BenchmarkTest01968.java,0,CWE-89,CWE-89,1,1,0,1,0,0,0,0,1,0,986,0.001972,0,0.0,506,0.004048,0.00602,6.053075551986694
BenchmarkTest01969.java,0,CWE-89,CWE-89,1,1,0,1,0,0,0,0,1,0,921,0.001842,0,0.0,526,0.004208,0.00605,8.192550420761108
BenchmarkTest01970.java,0,CWE-89,CWE-89,1,0,1,0,0,0,1,0,0,0,984,0.001968,0,0.0,543,0.004344,0.006312,4.912001848220825
BenchmarkTest01971.java,0,CWE-89,CWE-89,1,0,1,0,0,0,1,0,0,0,984,0.001968,0,0.0,561,0.004488,0.006456,9.305536270141602
BenchmarkTest01972.java,0,CWE-89,CWE-89,1,0,1,0,0,0,1,0,0,0,887,0.001774,0,0.0,432,0.003456,0.00523,5.655392169952393
BenchmarkTest01973.java,0,CWE-89,CWE-89,1,1,0,1,0,0,0,0,1,0,967,0.001934,0,0.0,549,0.004392,0.006326,5.51241660118103
BenchmarkTest01974.java,0,CWE-643,CWE-643,1,0,1,0,0,0,1,0,0,0,1117,0.002234,0,0.0,410,0.00328,0.005514,4.061613321304321
BenchmarkTest01975.java,0,CWE-327,,,,0,0,1,0,0,0,1,0,,,,,,,,
BenchmarkTest01976.java,0,CWE-327,,,,0,0,1,0,0,0,1,0,,,,,,,,
BenchmarkTest01977.java,0,CWE-327,,,,0,0,1,0,0,0,1,0,,,,,,,,
BenchmarkTest01978.java,0,CWE-327,CWE-327,1,0,1,0,0,0,1,0,0,0,1364,0.002728,0,0.0,374,0.002992,0.005719999999999999,3.9240543842315674
BenchmarkTest01979.java,0,CWE-327,,,,0,0,1,0,0,0,1,0,,,,,,,,
BenchmarkTest01980.java,0,CWE-327,CWE-327,1,0,1,0,0,0,1,0,0,0,1319,0.002638,0,0.0,548,0.004384,0.0070220000000000005,6.586764097213745
BenchmarkTest01981.java,0,CWE-327,CWE-327,1,0,1,0,0,0,1,0,0,0,1329,0.002658,0,0.0,398,0.003184,0.005842,5.234505653381348
BenchmarkTest01982.java,0,CWE-327,,,,0,0,1,0,0,0,1,0,,,,,,,,
BenchmarkTest01983.java,0,CWE-22,CWE-23,0,0,1,0,0,0,1,0,0,0,1277,0.002554,0,0.0,542,0.004336,0.006889999999999999,7.0384368896484375
BenchmarkTest01984.java,0,CWE-22,CWE-23,0,1,0,1,0,0,0,0,1,0,1345,0.00269,0,0.0,450,0.0036,0.0062900000000000005,5.357356071472168
BenchmarkTest01985.java,0,CWE-22,CWE-23,0,1,1,0,0,0,0,0,0,1,1283,0.002566,0,0.0,459,0.003672,0.0062380000000000005,5.803401708602905
BenchmarkTest01986.java,0,CWE-22,CWE-23,0,1,0,1,0,0,0,0,1,0,1486,0.002972,0,0.0,535,0.00428,0.007252,5.372913360595703
BenchmarkTest01987.java,0,CWE-22,CWE-23,0,0,1,0,0,0,1,0,0,0,1478,0.002956,0,0.0,575,0.0046,0.007556,6.794103384017944
BenchmarkTest01988.java,0,CWE-22,CWE-23,0,0,1,0,0,0,1,0,0,0,1432,0.002864,0,0.0,457,0.003656,0.00652,6.1472532749176025
BenchmarkTest01989.java,0,CWE-22,CWE-23,0,0,1,0,0,0,1,0,0,0,1308,0.002616,0,0.0,564,0.004512,0.007128000000000001,6.855945587158203
BenchmarkTest01990.java,0,CWE-22,CWE-23,0,1,0,1,0,0,0,0,1,0,1365,0.00273,0,0.0,522,0.004176,0.006906,6.698665618896484
BenchmarkTest01991.java,0,CWE-22,CWE-23,0,1,0,1,0,0,0,0,1,0,1632,0.003264,0,0.0,576,0.004608,0.007872,7.58097243309021
BenchmarkTest01992.java,0,CWE-330,CWE-330,1,0,1,0,0,0,1,0,0,0,1522,0.003044,0,0.0,466,0.003728,0.006772,6.18644118309021
BenchmarkTest01993.java,0,CWE-328,,,,0,0,1,0,0,0,1,0,,,,,,,,
BenchmarkTest01994.java,0,CWE-328,,,,0,0,1,0,0,0,1,0,,,,,,,,
BenchmarkTest01995.java,0,CWE-328,,,,0,0,1,0,0,0,1,0,,,,,,,,
BenchmarkTest01996.java,0,CWE-328,,,,0,0,0,1,0,0,0,1,,,,,,,,
BenchmarkTest01997.java,0,CWE-328,,,,0,0,0,1,0,0,0,1,,,,,,,,
BenchmarkTest01998.java,0,CWE-328,,,,0,0,1,0,0,0,1,0,,,,,,,,
BenchmarkTest01999.java,0,CWE-330,CWE-330,1,0,1,0,0,0,1,0,0,0,1406,0.002812,0,0.0,503,0.004024,0.006836,7.23158860206604
BenchmarkTest02000.java,0,CWE-330,CWE-330,1,0,1,0,0,0,1,0,0,0,1326,0.002652,0,0.0,386,0.003088,0.00574,5.820217132568359
BenchmarkTest02001.java,0,CWE-330,CWE-330,1,0,1,0,0,0,1,0,0,0,1311,0.002622,0,0.0,368,0.002944,0.005566,4.6190783977508545
BenchmarkTest02002.java,0,CWE-330,CWE-330,1,0,1,0,0,0,1,0,0,0,1321,0.002642,0,0.0,505,0.00404,0.0066820000000000004,5.916358232498169
BenchmarkTest02003.java,0,CWE-330,CWE-330,1,0,1,0,0,0,1,0,0,0,1512,0.003024,0,0.0,431,0.003448,0.006472,5.373087406158447
BenchmarkTest02004.java,0,CWE-330,CWE-330,1,0,1,0,0,0,1,0,0,0,1278,0.002556,0,0.0,377,0.003016,0.0055720000000000006,4.341670036315918
BenchmarkTest02005.java,0,CWE-614,CWE-614,1,0,1,0,0,0,1,0,0,0,1150,0.0023,0,0.0,356,0.002848,0.005148,4.004995584487915
BenchmarkTest02006.java,0,CWE-614,,,,0,0,1,0,0,0,1,0,,,,,,,,
BenchmarkTest02007.java,0,CWE-330,,,,0,0,1,0,0,0,1,0,,,,,,,,
BenchmarkTest02008.java,0,CWE-330,,,,0,0,1,0,0,0,1,0,,,,,,,,
BenchmarkTest02009.java,0,CWE-330,,,,0,0,1,0,0,0,1,0,,,,,,,,
BenchmarkTest02010.java,0,CWE-330,,,,0,0,1,0,0,0,1,0,,,,,,,,
BenchmarkTest02011.java,0,CWE-330,,,,0,0,1,0,0,0,1,0,,,,,,,,
BenchmarkTest02012.java,0,CWE-330,,,,0,0,1,0,0,0,1,0,,,,,,,,
BenchmarkTest02013.java,0,CWE-330,,,,0,0,1,0,0,0,1,0,,,,,,,,
BenchmarkTest02014.java,0,CWE-330,,,,0,0,1,0,0,0,1,0,,,,,,,,
BenchmarkTest02017.java,0,CWE-327,CWE-327,1,0,1,0,0,0,1,0,0,0,1609,0.003218,0,0.0,327,0.002616,0.005834,4.035233736038208
BenchmarkTest02018.java,0,CWE-327,CWE-327,1,0,1,0,0,0,1,0,0,0,1784,0.003568,0,0.0,360,0.00288,0.006448000000000001,4.423352956771851
BenchmarkTest02019.java,0,CWE-327,CWE-327,1,0,1,0,0,0,1,0,0,0,1596,0.003192,0,0.0,336,0.002688,0.00588,4.197423696517944
BenchmarkTest02020.java,0,CWE-327,CWE-327,1,0,1,0,0,0,1,0,0,0,1727,0.003454,0,0.0,335,0.00268,0.0061340000000000006,5.092368125915527
BenchmarkTest02021.java,0,CWE-327,,,,0,0,1,0,0,0,1,0,,,,,,,,
BenchmarkTest02022.java,0,CWE-327,CWE-327,1,0,1,0,0,0,1,0,0,0,1283,0.002566,0,0.0,476,0.003808,0.006374,5.5596489906311035
BenchmarkTest02023.java,0,CWE-327,CWE-327,1,0,1,0,0,0,1,0,0,0,1284,0.002568,0,0.0,438,0.003504,0.006072,4.713921308517456
BenchmarkTest02024.java,0,CWE-327,,,,0,0,1,0,0,0,1,0,,,,,,,,
BenchmarkTest02025.java,0,CWE-90,CWE-90,1,1,0,1,0,0,0,0,1,0,1193,0.002386,0,0.0,514,0.004112,0.006498,5.1686787605285645
BenchmarkTest02026.java,0,CWE-22,CWE-23,0,1,0,1,0,0,0,0,1,0,1283,0.002566,0,0.0,659,0.005272,0.007838,8.80119776725769
BenchmarkTest02027.java,0,CWE-22,CWE-23,0,0,1,0,0,0,1,0,0,0,1234,0.002468,0,0.0,597,0.004776,0.0072440000000000004,6.739933967590332
BenchmarkTest02028.java,0,CWE-22,CWE-23,0,1,0,1,0,0,0,0,1,0,1290,0.00258,0,0.0,548,0.004384,0.006964,5.2789466381073
BenchmarkTest02029.java,0,CWE-22,CWE-23,0,1,0,1,0,0,0,0,1,0,1294,0.002588,0,0.0,621,0.004968,0.007556,7.203323602676392
BenchmarkTest02030.java,0,CWE-22,CWE-23,0,1,0,1,0,0,0,0,1,0,1580,0.00316,0,0.0,553,0.004424,0.0075840000000000005,7.396614074707031
BenchmarkTest02031.java,0,CWE-22,CWE-23,0,1,0,1,0,0,0,0,1,0,1366,0.002732,0,0.0,481,0.003848,0.00658,6.272578239440918
BenchmarkTest02032.java,0,CWE-22,CWE-23,0,0,1,0,0,0,1,0,0,0,1324,0.002648,0,0.0,548,0.004384,0.007032,5.725695371627808
BenchmarkTest02033.java,0,CWE-22,CWE-23,0,1,0,1,0,0,0,0,1,0,1328,0.002656,0,0.0,545,0.00436,0.007016,6.067590951919556
BenchmarkTest02034.java,0,CWE-22,CWE-23,0,0,1,0,0,0,1,0,0,0,1234,0.002468,0,0.0,564,0.004512,0.00698,6.275322675704956
BenchmarkTest02035.java,0,CWE-22,CWE-23,0,1,0,1,0,0,0,0,1,0,1390,0.00278,0,0.0,545,0.00436,0.0071400000000000005,7.796178817749023
BenchmarkTest02036.java,0,CWE-90,CWE-90,1,0,1,0,0,0,1,0,0,0,1273,0.002546,0,0.0,485,0.00388,0.006426,11.628184795379639
BenchmarkTest02037.java,0,CWE-90,CWE-90,1,0,1,0,0,0,1,0,0,0,1234,0.002468,0,0.0,465,0.00372,0.006188000000000001,6.467803478240967
BenchmarkTest02038.java,0,CWE-330,CWE-330,1,0,1,0,0,0,1,0,0,0,1325,0.00265,0,0.0,387,0.003096,0.005745999999999999,5.640815019607544
BenchmarkTest02039.java,0,CWE-330,CWE-330,1,0,1,0,0,0,1,0,0,0,1269,0.002538,0,0.0,359,0.002872,0.00541,4.73795747756958
BenchmarkTest02040.java,0,CWE-330,CWE-330,1,0,1,0,0,0,1,0,0,0,1344,0.002688,0,0.0,392,0.003136,0.005823999999999999,6.631026744842529
BenchmarkTest02041.java,0,CWE-328,,,,0,0,1,0,0,0,1,0,,,,,,,,
BenchmarkTest02042.java,0,CWE-328,CWE-916,0,0,1,0,0,0,1,0,0,0,1307,0.002614,0,0.0,391,0.003128,0.005742000000000001,5.1263110637664795
BenchmarkTest02043.java,0,CWE-328,,,,0,0,1,0,0,0,1,0,,,,,,,,
BenchmarkTest02044.java,0,CWE-328,,,,0,0,1,0,0,0,1,0,,,,,,,,
BenchmarkTest02045.java,0,CWE-79,CWE-79,1,1,0,1,0,0,0,0,1,0,1390,0.00278,0,0.0,513,0.004104,0.0068839999999999995,6.875590801239014
BenchmarkTest02046.java,0,CWE-79,CWE-79,1,0,1,0,0,0,1,0,0,0,1375,0.00275,0,0.0,437,0.003496,0.006246,5.117161512374878
BenchmarkTest02047.java,0,CWE-79,CWE-79,1,0,1,0,0,0,1,0,0,0,1325,0.00265,0,0.0,502,0.004016,0.006666,5.915708065032959
BenchmarkTest02048.java,0,CWE-79,CWE-79,1,1,0,1,0,0,0,0,1,0,1548,0.003096,0,0.0,570,0.00456,0.007656,8.368305444717407
BenchmarkTest02049.java,0,CWE-79,CWE-79,1,1,0,1,0,0,0,0,1,0,1326,0.002652,0,0.0,629,0.005032,0.007684,8.930326700210571
BenchmarkTest02050.java,0,CWE-79,CWE-79,1,0,1,0,0,0,1,0,0,0,1347,0.002694,0,0.0,457,0.003656,0.00635,7.096539735794067
BenchmarkTest02051.java,0,CWE-79,CWE-79,1,0,1,0,0,0,1,0,0,0,1339,0.002678,0,0.0,538,0.004304,0.0069819999999999995,6.4404637813568115
BenchmarkTest02052.java,0,CWE-79,CWE-79,1,1,0,1,0,0,0,0,1,0,1410,0.00282,0,0.0,627,0.005016,0.007836,7.884928941726685
BenchmarkTest02053.java,0,CWE-79,CWE-79,1,1,0,1,0,0,0,0,1,0,1345,0.00269,0,0.0,450,0.0036,0.0062900000000000005,4.80800199508667
BenchmarkTest02054.java,0,CWE-79,CWE-79,1,0,1,0,0,0,1,0,0,0,1314,0.002628,0,0.0,537,0.004296,0.0069240000000000005,6.740943193435669
BenchmarkTest02055.java,0,CWE-79,CWE-79,1,0,1,0,0,0,1,0,0,0,1316,0.002632,0,0.0,459,0.003672,0.006304,5.494909763336182
BenchmarkTest02056.java,0,CWE-79,CWE-79,1,0,1,0,0,0,1,0,0,0,1372,0.002744,0,0.0,429,0.003432,0.006176,8.078953266143799
BenchmarkTest02057.java,0,CWE-79,CWE-79,1,0,1,0,0,0,1,0,0,0,1407,0.002814,0,0.0,535,0.00428,0.007094,6.350878477096558
BenchmarkTest02058.java,0,CWE-78,CWE-78,1,1,0,1,0,0,0,0,1,0,1054,0.002108,0,0.0,621,0.004968,0.007076000000000001,7.805163860321045
BenchmarkTest02059.java,0,CWE-78,CWE-78,1,0,1,0,0,0,1,0,0,0,1075,0.00215,0,0.0,518,0.004144,0.006294,5.213520765304565
BenchmarkTest02060.java,0,CWE-330,CWE-330,1,0,1,0,0,0,1,0,0,0,1306,0.002612,0,0.0,496,0.003968,0.006580000000000001,7.097506046295166
BenchmarkTest02061.java,0,CWE-330,CWE-330,1,0,1,0,0,0,1,0,0,0,1270,0.00254,0,0.0,410,0.00328,0.0058200000000000005,11.249932765960693
BenchmarkTest02062.java,0,CWE-330,CWE-330,1,0,1,0,0,0,1,0,0,0,1472,0.002944,0,0.0,462,0.003696,0.00664,5.81483006477356
BenchmarkTest02063.java,0,CWE-330,CWE-330,1,0,1,0,0,0,1,0,0,0,1252,0.002504,0,0.0,389,0.003112,0.005616,5.218440532684326
BenchmarkTest02064.java,0,CWE-614,,,,0,0,1,0,0,0,1,0,,,,,,,,
BenchmarkTest02065.java,0,CWE-614,,,,0,0,1,0,0,0,1,0,,,,,,,,
BenchmarkTest02066.java,0,CWE-614,,,,0,0,1,0,0,0,1,0,,,,,,,,
BenchmarkTest02067.java,0,CWE-78,CWE-78,1,1,0,1,0,0,0,0,1,0,1145,0.00229,0,0.0,564,0.004512,0.006802000000000001,14.879063606262207
BenchmarkTest02068.java,0,CWE-78,CWE-78,1,1,0,1,0,0,0,0,1,0,941,0.001882,0,0.0,430,0.00344,0.005322,4.860760927200317
BenchmarkTest02069.java,0,CWE-78,CWE-78,1,1,0,1,0,0,0,0,1,0,1055,0.00211,0,0.0,563,0.004504,0.006614,7.766090393066406
BenchmarkTest02070.java,0,CWE-78,CWE-78,1,0,1,0,0,0,1,0,0,0,936,0.001872,0,0.0,592,0.004736,0.006607999999999999,9.524433135986328
BenchmarkTest02071.java,0,CWE-330,,,,0,0,1,0,0,0,1,0,,,,,,,,
BenchmarkTest02072.java,0,CWE-330,,,,0,0,1,0,0,0,1,0,,,,,,,,
BenchmarkTest02073.java,0,CWE-330,,,,0,0,1,0,0,0,1,0,,,,,,,,
BenchmarkTest02074.java,0,CWE-330,,,,0,0,1,0,0,0,1,0,,,,,,,,
BenchmarkTest02075.java,0,CWE-330,CWE-330,1,1,0,1,0,0,0,0,1,0,1386,0.002772,0,0.0,577,0.004616,0.0073880000000000005,14.468987464904785
BenchmarkTest02076.java,0,CWE-330,CWE-330,1,1,0,1,0,0,0,0,1,0,1426,0.002852,0,0.0,588,0.004704,0.007556,8.084491491317749
BenchmarkTest02077.java,0,CWE-330,,,,0,0,1,0,0,0,1,0,,,,,,,,
BenchmarkTest02078.java,0,CWE-330,,,,0,0,1,0,0,0,1,0,,,,,,,,
BenchmarkTest02079.java,0,CWE-330,,,,0,0,1,0,0,0,1,0,,,,,,,,
BenchmarkTest02080.java,0,CWE-330,,,,0,0,1,0,0,0,1,0,,,,,,,,
BenchmarkTest02081.java,0,CWE-330,,,,0,0,1,0,0,0,1,0,,,,,,,,
BenchmarkTest02082.java,0,CWE-330,,,,0,0,1,0,0,0,1,0,,,,,,,,
BenchmarkTest02083.java,0,CWE-330,,,,0,0,1,0,0,0,1,0,,,,,,,,
BenchmarkTest02087.java,0,CWE-89,CWE-89,1,0,1,0,0,0,1,0,0,0,946,0.001892,0,0.0,511,0.004088,0.005979999999999999,5.142496824264526
BenchmarkTest02088.java,0,CWE-89,CWE-89,1,0,1,0,0,0,1,0,0,0,963,0.001926,0,0.0,523,0.004184,0.00611,6.666925430297852
BenchmarkTest02089.java,0,CWE-89,CWE-89,1,1,0,1,0,0,0,0,1,0,967,0.001934,0,0.0,543,0.004344,0.006278,5.335048675537109
BenchmarkTest02090.java,0,CWE-89,,,,0,0,0,1,0,0,0,1,,,,,,,,
BenchmarkTest02091.java,0,CWE-89,CWE-89,1,0,1,0,0,0,1,0,0,0,1078,0.002156,0,0.0,418,0.003344,0.0055,4.121068716049194
BenchmarkTest02092.java,0,CWE-89,CWE-89,1,0,1,0,0,0,1,0,0,0,956,0.001912,0,0.0,501,0.004008,0.00592,5.660235166549683
BenchmarkTest02093.java,0,CWE-89,CWE-89,1,1,0,1,0,0,0,0,1,0,978,0.001956,0,0.0,501,0.004008,0.0059640000000000006,6.9888482093811035
BenchmarkTest02094.java,0,CWE-89,CWE-89,1,0,1,0,0,0,1,0,0,0,923,0.001846,0,0.0,448,0.003584,0.00543,4.790020942687988
BenchmarkTest02095.java,0,CWE-89,CWE-89,1,1,0,1,0,0,0,0,1,0,1002,0.002004,0,0.0,631,0.005048,0.007052000000000001,6.298700571060181
BenchmarkTest02096.java,0,CWE-89,CWE-89,1,0,1,0,0,0,1,0,0,0,944,0.001888,0,0.0,466,0.003728,0.0056159999999999995,4.234144926071167
BenchmarkTest02097.java,0,CWE-89,CWE-89,1,1,0,1,0,0,0,0,1,0,998,0.001996,0,0.0,652,0.005216,0.007212,5.940424680709839
BenchmarkTest02098.java,0,CWE-89,CWE-89,1,1,0,1,0,0,0,0,1,0,986,0.001972,0,0.0,550,0.0044,0.006372,5.861014127731323
BenchmarkTest02099.java,0,CWE-89,CWE-89,1,0,1,0,0,0,1,0,0,0,944,0.001888,0,0.0,437,0.003496,0.005384,4.817436218261719
BenchmarkTest02100.java,0,CWE-643,CWE-643,1,0,1,0,0,0,1,0,0,0,1136,0.002272,0,0.0,531,0.004248,0.00652,6.758063316345215
BenchmarkTest02101.java,0,CWE-327,CWE-327,1,0,1,0,0,0,1,0,0,0,1619,0.003238,0,0.0,355,0.00284,0.006078,5.260241508483887
BenchmarkTest02102.java,0,CWE-327,,,,0,0,1,0,0,0,1,0,,,,,,,,
BenchmarkTest02103.java,0,CWE-327,,,,0,0,1,0,0,0,1,0,,,,,,,,
BenchmarkTest02104.java,0,CWE-90,CWE-90,1,1,0,1,0,0,0,0,1,0,1218,0.002436,0,0.0,517,0.004136,0.006572,5.726497411727905
BenchmarkTest02105.java,0,CWE-22,CWE-23,0,0,1,0,0,0,1,0,0,0,1231,0.002462,0,0.0,544,0.004352,0.006814000000000001,6.80134654045105
BenchmarkTest02106.java,0,CWE-22,CWE-23,0,0,1,0,0,0,1,0,0,0,1202,0.002404,0,0.0,498,0.003984,0.006388,5.517094373703003
BenchmarkTest02107.java,0,CWE-22,CWE-23,0,1,0,1,0,0,0,0,1,0,1195,0.00239,0,0.0,426,0.003408,0.005798,4.6717963218688965
BenchmarkTest02108.java,0,CWE-22,CWE-23,0,1,0,1,0,0,0,0,1,0,1311,0.002622,0,0.0,575,0.0046,0.007222,6.814892768859863
BenchmarkTest02109.java,0,CWE-22,CWE-23,0,0,1,0,0,0,1,0,0,0,1249,0.002498,0,0.0,436,0.003488,0.005986,4.836309194564819
BenchmarkTest02110.java,0,CWE-22,CWE-23,0,1,0,1,0,0,0,0,1,0,1271,0.002542,0,0.0,574,0.004592,0.007134,8.627163648605347
BenchmarkTest02111.java,0,CWE-22,CWE-23,0,1,0,1,0,0,0,0,1,0,1232,0.002464,0,0.0,604,0.004832,0.007296,6.377547264099121
BenchmarkTest02112.java,0,CWE-22,CWE-23,0,0,1,0,0,0,1,0,0,0,1295,0.00259,0,0.0,584,0.004672,0.007261999999999999,7.5660388469696045
BenchmarkTest02113.java,0,CWE-22,CWE-23,0,0,1,0,0,0,1,0,0,0,1418,0.002836,0,0.0,623,0.004984,0.00782,6.697000026702881
BenchmarkTest02114.java,0,CWE-90,CWE-90,1,1,0,1,0,0,0,0,1,0,1240,0.00248,0,0.0,572,0.004576,0.007056,6.851236343383789
BenchmarkTest02115.java,0,CWE-90,CWE-90,1,1,0,1,0,0,0,0,1,0,1273,0.002546,0,0.0,415,0.00332,0.005866,4.714548349380493
BenchmarkTest02116.java,0,CWE-90,CWE-90,1,1,0,1,0,0,0,0,1,0,1232,0.002464,0,0.0,490,0.00392,0.006384,5.369046449661255
BenchmarkTest02117.java,0,CWE-330,CWE-330,1,0,1,0,0,0,1,0,0,0,1312,0.002624,0,0.0,392,0.003136,0.0057599999999999995,5.098869323730469
BenchmarkTest02118.java,0,CWE-328,CWE-916,0,1,1,0,0,0,0,0,0,1,1303,0.002606,0,0.0,553,0.004424,0.00703,5.386424779891968
BenchmarkTest02119.java,0,CWE-328,,,,0,0,1,0,0,0,1,0,,,,,,,,
BenchmarkTest02120.java,0,CWE-328,,,,0,0,1,0,0,0,1,0,,,,,,,,
BenchmarkTest02121.java,0,CWE-328,,,,0,0,0,1,0,0,0,1,,,,,,,,
BenchmarkTest02122.java,0,CWE-79,CWE-79,1,1,0,1,0,0,0,0,1,0,1385,0.00277,0,0.0,634,0.005072,0.007842,8.049594640731812
BenchmarkTest02123.java,0,CWE-79,CWE-79,1,0,1,0,0,0,1,0,0,0,1301,0.002602,0,0.0,535,0.00428,0.006882,6.60347580909729
BenchmarkTest02124.java,0,CWE-79,CWE-79,1,0,1,0,0,0,1,0,0,0,1309,0.002618,0,0.0,578,0.004624,0.007242,6.921724319458008
BenchmarkTest02125.java,0,CWE-79,CWE-79,1,1,0,1,0,0,0,0,1,0,1262,0.002524,0,0.0,582,0.004656,0.007180000000000001,7.308593273162842
BenchmarkTest02126.java,0,CWE-79,CWE-79,1,0,1,0,0,0,1,0,0,0,1470,0.00294,0,0.0,493,0.003944,0.0068839999999999995,7.519318580627441
BenchmarkTest02127.java,0,CWE-79,CWE-79,1,0,1,0,0,0,1,0,0,0,1283,0.002566,0,0.0,478,0.003824,0.00639,5.42539119720459
BenchmarkTest02128.java,0,CWE-79,CWE-79,1,0,1,0,0,0,1,0,0,0,1285,0.00257,0,0.0,416,0.003328,0.005898,4.093768119812012
BenchmarkTest02129.java,0,CWE-79,CWE-79,1,0,1,0,0,0,1,0,0,0,1291,0.002582,0,0.0,445,0.00356,0.006142,5.012264728546143
BenchmarkTest02130.java,0,CWE-79,CWE-79,1,0,1,0,0,0,1,0,0,0,1300,0.0026,0,0.0,569,0.004552,0.0071519999999999995,6.435990333557129
BenchmarkTest02131.java,0,CWE-79,CWE-79,1,0,1,0,0,0,1,0,0,0,1300,0.0026,0,0.0,472,0.003776,0.006376,5.431377410888672
BenchmarkTest02132.java,0,CWE-79,CWE-79,1,0,1,0,0,0,1,0,0,0,1470,0.00294,0,0.0,542,0.004336,0.0072759999999999995,7.4093708992004395
BenchmarkTest02133.java,0,CWE-79,CWE-79,1,0,1,0,0,0,1,0,0,0,1279,0.002558,0,0.0,486,0.003888,0.006446,6.235927104949951
BenchmarkTest02134.java,0,CWE-79,CWE-79,1,0,1,0,0,0,1,0,0,0,1287,0.002574,0,0.0,459,0.003672,0.006246,5.443876028060913
BenchmarkTest02135.java,0,CWE-79,CWE-79,1,1,0,1,0,0,0,0,1,0,1484,0.002968,0,0.0,682,0.005456,0.008424000000000001,7.436885118484497
BenchmarkTest02136.java,0,CWE-79,CWE-79,1,0,1,0,0,0,1,0,0,0,1307,0.002614,0,0.0,549,0.004392,0.007006,6.441234827041626
BenchmarkTest02137.java,0,CWE-78,CWE-78,1,0,1,0,0,0,1,0,0,0,984,0.001968,0,0.0,452,0.003616,0.005584,5.499257564544678
BenchmarkTest02138.java,0,CWE-330,CWE-330,1,0,1,0,0,0,1,0,0,0,1270,0.00254,0,0.0,414,0.003312,0.0058519999999999996,5.0697267055511475
BenchmarkTest02139.java,0,CWE-330,CWE-330,1,0,1,0,0,0,1,0,0,0,1236,0.002472,0,0.0,406,0.003248,0.005719999999999999,5.303915739059448
BenchmarkTest02140.java,0,CWE-330,CWE-330,1,0,1,0,0,0,1,0,0,0,1244,0.002488,0,0.0,406,0.003248,0.005736,5.381909370422363
BenchmarkTest02141.java,0,CWE-330,CWE-330,1,0,1,0,0,0,1,0,0,0,1206,0.002412,0,0.0,353,0.002824,0.005236,4.439394474029541
BenchmarkTest02142.java,0,CWE-614,CWE-614,1,0,1,0,0,0,1,0,0,0,1064,0.002128,0,0.0,303,0.002424,0.0045520000000000005,4.36309552192688
BenchmarkTest02143.java,0,CWE-614,,,,0,0,1,0,0,0,1,0,,,,,,,,
BenchmarkTest02144.java,0,CWE-614,,,,0,0,1,0,0,0,1,0,,,,,,,,
BenchmarkTest02145.java,0,CWE-79,CWE-79,1,0,1,0,0,0,1,0,0,0,1476,0.002952,0,0.0,643,0.005144,0.008096,7.5852274894714355
BenchmarkTest02146.java,0,CWE-78,CWE-78,1,0,1,0,0,0,1,0,0,0,982,0.001964,0,0.0,627,0.005016,0.00698,6.701998710632324
BenchmarkTest02147.java,0,CWE-78,CWE-78,1,0,1,0,0,0,1,0,0,0,922,0.001844,0,0.0,467,0.003736,0.00558,5.178469896316528
BenchmarkTest02148.java,0,CWE-78,CWE-78,1,1,0,1,0,0,0,0,1,0,1257,0.002514,0,0.0,812,0.006496,0.00901,7.681856155395508
BenchmarkTest02149.java,0,CWE-78,CWE-78,1,1,0,1,0,0,0,0,1,0,1059,0.002118,0,0.0,426,0.003408,0.005526,4.569849014282227
BenchmarkTest02150.java,0,CWE-78,CWE-78,1,0,1,0,0,0,1,0,0,0,1120,0.00224,0,0.0,665,0.00532,0.00756,8.993724584579468
BenchmarkTest02151.java,0,CWE-78,CWE-78,1,0,1,0,0,0,1,0,0,0,1097,0.002194,0,0.0,574,0.004592,0.006786,6.179444789886475
BenchmarkTest02152.java,0,CWE-78,CWE-78,1,0,1,0,0,0,1,0,0,0,1079,0.002158,0,0.0,575,0.0046,0.006758,6.649093151092529
BenchmarkTest02153.java,0,CWE-78,CWE-78,1,1,0,1,0,0,0,0,1,0,1107,0.002214,0,0.0,766,0.006128,0.008341999999999999,14.925203323364258
BenchmarkTest02154.java,0,CWE-78,CWE-78,1,0,1,0,0,0,1,0,0,0,974,0.001948,0,0.0,609,0.004872,0.00682,7.458470344543457
BenchmarkTest02155.java,0,CWE-78,CWE-78,1,0,1,0,0,0,1,0,0,0,928,0.001856,0,0.0,608,0.004864,0.00672,9.868892192840576
BenchmarkTest02156.java,0,CWE-78,CWE-78,1,1,0,1,0,0,0,0,1,0,900,0.0018,0,0.0,506,0.004048,0.005848000000000001,6.310994386672974
BenchmarkTest02157.java,0,CWE-330,,,,0,0,1,0,0,0,1,0,,,,,,,,
BenchmarkTest02158.java,0,CWE-330,,,,0,0,1,0,0,0,1,0,,,,,,,,
BenchmarkTest02159.java,0,CWE-330,,,,0,0,1,0,0,0,1,0,,,,,,,,
BenchmarkTest02160.java,0,CWE-330,CWE-330,1,1,0,1,0,0,0,0,1,0,1399,0.002798,0,0.0,613,0.004904,0.0077020000000000005,7.725461959838867
BenchmarkTest02161.java,0,CWE-330,,,,0,0,1,0,0,0,1,0,,,,,,,,
BenchmarkTest02162.java,0,CWE-330,,,,0,0,1,0,0,0,1,0,,,,,,,,
BenchmarkTest02163.java,0,CWE-330,,,,0,0,1,0,0,0,1,0,,,,,,,,
BenchmarkTest02164.java,0,CWE-330,,,,0,0,1,0,0,0,1,0,,,,,,,,
BenchmarkTest02169.java,0,CWE-89,CWE-89,1,0,1,0,0,0,1,0,0,0,917,0.001834,0,0.0,406,0.003248,0.005082,4.600137233734131
BenchmarkTest02170.java,0,CWE-89,CWE-89,1,0,1,0,0,0,1,0,0,0,946,0.001892,0,0.0,464,0.003712,0.005604,5.001158714294434
BenchmarkTest02171.java,0,CWE-89,CWE-89,1,0,1,0,0,0,1,0,0,0,941,0.001882,0,0.0,525,0.0042,0.006082,8.993292808532715
BenchmarkTest02172.java,0,CWE-89,CWE-89,1,1,0,1,0,0,0,0,1,0,926,0.001852,0,0.0,495,0.00396,0.0058119999999999995,6.914813756942749
BenchmarkTest02173.java,0,CWE-89,CWE-89,1,1,0,1,0,0,0,0,1,0,985,0.00197,0,0.0,515,0.00412,0.00609,8.503600835800171
BenchmarkTest02174.java,0,CWE-89,CWE-89,1,1,0,1,0,0,0,0,1,0,925,0.00185,0,0.0,439,0.003512,0.0053620000000000004,4.878587484359741
BenchmarkTest02175.java,0,CWE-89,,,,0,0,1,0,0,0,1,0,,,,,,,,
BenchmarkTest02176.java,0,CWE-89,,,,0,0,1,0,0,0,1,0,,,,,,,,
BenchmarkTest02177.java,0,CWE-89,CWE-89,1,0,1,0,0,0,1,0,0,0,1133,0.002266,0,0.0,487,0.003896,0.006162,5.384024620056152
BenchmarkTest02178.java,0,CWE-89,,,,0,0,0,1,0,0,0,1,,,,,,,,
BenchmarkTest02179.java,0,CWE-89,,,,0,0,0,1,0,0,0,1,,,,,,,,
BenchmarkTest02180.java,0,CWE-89,,,,0,0,1,0,0,0,1,0,,,,,,,,
BenchmarkTest02181.java,0,CWE-89,,,,0,0,0,1,0,0,0,1,,,,,,,,
BenchmarkTest02182.java,0,CWE-89,,,,0,0,0,1,0,0,0,1,,,,,,,,
BenchmarkTest02183.java,0,CWE-89,,,,0,0,1,0,0,0,1,0,,,,,,,,
BenchmarkTest02184.java,0,CWE-89,,,,0,0,1,0,0,0,1,0,,,,,,,,
BenchmarkTest02185.java,0,CWE-89,CWE-89,1,1,0,1,0,0,0,0,1,0,931,0.001862,0,0.0,596,0.004768,0.00663,6.561666488647461
BenchmarkTest02186.java,0,CWE-89,CWE-89,1,0,1,0,0,0,1,0,0,0,879,0.001758,0,0.0,435,0.00348,0.005238,4.734997987747192
BenchmarkTest02187.java,0,CWE-89,CWE-89,1,0,1,0,0,0,1,0,0,0,948,0.001896,0,0.0,472,0.003776,0.005672,5.4263458251953125
BenchmarkTest02188.java,0,CWE-89,CWE-89,1,1,0,1,0,0,0,0,1,0,1100,0.0022,0,0.0,620,0.00496,0.00716,7.804644346237183
BenchmarkTest02189.java,0,CWE-643,CWE-643,1,0,1,0,0,0,1,0,0,0,1012,0.002024,0,0.0,389,0.003112,0.005136,4.297628402709961
BenchmarkTest02190.java,0,CWE-327,,,,0,0,1,0,0,0,1,0,,,,,,,,
BenchmarkTest02191.java,0,CWE-327,,,,0,0,1,0,0,0,1,0,,,,,,,,
BenchmarkTest02192.java,0,CWE-327,CWE-327,1,0,1,0,0,0,1,0,0,0,1683,0.003366,0,0.0,380,0.00304,0.006406,4.56946587562561
BenchmarkTest02193.java,0,CWE-327,CWE-327,1,0,1,0,0,0,1,0,0,0,1705,0.00341,0,0.0,318,0.002544,0.005953999999999999,3.956403970718384
BenchmarkTest02194.java,0,CWE-327,CWE-327,1,0,1,0,0,0,1,0,0,0,1273,0.002546,0,0.0,373,0.002984,0.00553,4.611764669418335
BenchmarkTest02195.java,0,CWE-327,CWE-327,1,0,1,0,0,0,1,0,0,0,1297,0.002594,0,0.0,370,0.00296,0.005554,4.526023626327515
BenchmarkTest02196.java,0,CWE-90,CWE-90,1,0,1,0,0,0,1,0,0,0,1250,0.0025,0,0.0,510,0.00408,0.006580000000000001,4.9897167682647705
BenchmarkTest02197.java,0,CWE-22,CWE-23,0,0,1,0,0,0,1,0,0,0,1292,0.002584,0,0.0,440,0.00352,0.006104,7.692012548446655
BenchmarkTest02198.java,0,CWE-22,CWE-23,0,0,1,0,0,0,1,0,0,0,1293,0.002586,0,0.0,543,0.004344,0.00693,5.951392650604248
BenchmarkTest02199.java,0,CWE-22,CWE-23,0,0,1,0,0,0,1,0,0,0,1190,0.00238,0,0.0,398,0.003184,0.005564,5.741627216339111
BenchmarkTest02200.java,0,CWE-22,CWE-23,0,1,0,1,0,0,0,0,1,0,1221,0.002442,0,0.0,535,0.00428,0.0067220000000000005,6.982042074203491
BenchmarkTest02201.java,0,CWE-22,CWE-23,0,1,0,1,0,0,0,0,1,0,1428,0.002856,0,0.0,549,0.004392,0.007248,6.648773908615112
BenchmarkTest02202.java,0,CWE-22,CWE-23,0,1,0,1,0,0,0,0,1,0,1274,0.002548,0,0.0,509,0.004072,0.00662,6.565039157867432
BenchmarkTest02203.java,0,CWE-22,CWE-23,0,1,0,1,0,0,0,0,1,0,1471,0.002942,0,0.0,525,0.0042,0.007142,14.51968502998352
BenchmarkTest02204.java,0,CWE-22,CWE-23,0,0,0,1,0,0,0,1,0,0,1268,0.002536,0,0.0,497,0.003976,0.006512,7.229995250701904
BenchmarkTest02205.java,0,CWE-22,CWE-23,0,0,1,0,0,0,1,0,0,0,1266,0.002532,0,0.0,438,0.003504,0.006036,6.1456029415130615
BenchmarkTest02206.java,0,CWE-22,CWE-23,0,1,0,1,0,0,0,0,1,0,1392,0.002784,0,0.0,554,0.004432,0.007216,6.347469806671143
BenchmarkTest02207.java,0,CWE-22,CWE-23,0,1,0,1,0,0,0,0,1,0,1444,0.002888,0,0.0,554,0.004432,0.00732,8.9899263381958
BenchmarkTest02208.java,0,CWE-90,CWE-90,1,0,1,0,0,0,1,0,0,0,1320,0.00264,0,0.0,362,0.002896,0.005536,4.769995450973511
BenchmarkTest02209.java,0,CWE-330,CWE-330,1,0,1,0,0,0,1,0,0,0,1340,0.00268,0,0.0,376,0.003008,0.005688,4.908446788787842
BenchmarkTest02210.java,0,CWE-328,,,,0,0,1,0,0,0,1,0,,,,,,,,
BenchmarkTest02211.java,0,CWE-328,CWE-916,0,0,1,0,0,0,1,0,0,0,1265,0.00253,0,0.0,385,0.00308,0.00561,6.138027667999268
BenchmarkTest02212.java,0,CWE-328,CWE-916,0,0,1,0,0,0,1,0,0,0,1283,0.002566,0,0.0,549,0.004392,0.006958000000000001,7.91926121711731
BenchmarkTest02213.java,0,CWE-328,CWE-916,0,0,1,0,0,0,1,0,0,0,1279,0.002558,0,0.0,349,0.002792,0.005350000000000001,6.050133228302002
BenchmarkTest02214.java,0,CWE-328,,,,0,0,1,0,0,0,1,0,,,,,,,,
BenchmarkTest02215.java,0,CWE-328,,,,0,0,1,0,0,0,1,0,,,,,,,,
BenchmarkTest02216.java,0,CWE-328,,,,0,0,1,0,0,0,1,0,,,,,,,,
BenchmarkTest02217.java,0,CWE-328,CWE-916,0,0,1,0,0,0,1,0,0,0,1215,0.00243,0,0.0,394,0.003152,0.005582,4.8655030727386475
BenchmarkTest02218.java,0,CWE-328,,,,0,0,1,0,0,0,1,0,,,,,,,,
BenchmarkTest02219.java,0,CWE-328,,,,0,0,0,1,0,0,0,1,,,,,,,,
BenchmarkTest02220.java,0,CWE-328,,,,0,0,1,0,0,0,1,0,,,,,,,,
BenchmarkTest02221.java,0,CWE-79,CWE-79,1,0,1,0,0,0,1,0,0,0,1408,0.002816,0,0.0,582,0.004656,0.007472,7.798952102661133
BenchmarkTest02222.java,0,CWE-79,CWE-79,1,1,0,1,0,0,0,0,1,0,1386,0.002772,0,0.0,614,0.004912,0.007684,8.073270559310913
BenchmarkTest02223.java,0,CWE-79,CWE-79,1,0,1,0,0,0,1,0,0,0,1328,0.002656,0,0.0,492,0.003936,0.006592000000000001,5.741474866867065
BenchmarkTest02224.java,0,CWE-79,CWE-79,1,0,1,0,0,0,1,0,0,0,1339,0.002678,0,0.0,511,0.004088,0.0067659999999999994,7.146674394607544
BenchmarkTest02225.java,0,CWE-79,CWE-79,1,0,1,0,0,0,1,0,0,0,1381,0.002762,0,0.0,598,0.004784,0.007546000000000001,7.501133441925049
BenchmarkTest02226.java,0,CWE-79,CWE-79,1,1,0,1,0,0,0,0,1,0,1317,0.002634,0,0.0,494,0.003952,0.006586,6.5237877368927
BenchmarkTest02227.java,0,CWE-79,CWE-79,1,0,1,0,0,0,1,0,0,0,1310,0.00262,0,0.0,533,0.004264,0.006884,7.030655384063721
BenchmarkTest02228.java,0,CWE-79,CWE-79,1,0,1,0,0,0,1,0,0,0,1307,0.002614,0,0.0,517,0.004136,0.00675,5.88859224319458
BenchmarkTest02229.java,0,CWE-79,CWE-79,1,1,0,1,0,0,0,0,1,0,1410,0.00282,0,0.0,405,0.00324,0.006059999999999999,4.935324668884277
BenchmarkTest02230.java,0,CWE-79,CWE-79,1,0,1,0,0,0,1,0,0,0,1369,0.002738,0,0.0,566,0.004528,0.007266,5.987838983535767
BenchmarkTest02231.java,0,CWE-79,CWE-79,1,1,0,1,0,0,0,0,1,0,1540,0.00308,0,0.0,568,0.004544,0.007624000000000001,6.924344301223755
BenchmarkTest02232.java,0,CWE-79,CWE-79,1,0,1,0,0,0,1,0,0,0,1296,0.002592,0,0.0,478,0.003824,0.006416,5.680196046829224
BenchmarkTest02233.java,0,CWE-79,CWE-79,1,1,0,1,0,0,0,0,1,0,1368,0.002736,0,0.0,869,0.006952,0.009688,10.533408880233765
BenchmarkTest02234.java,0,CWE-79,CWE-79,1,0,1,0,0,0,1,0,0,0,1319,0.002638,0,0.0,622,0.004976,0.007614000000000001,6.975872993469238
BenchmarkTest02235.java,0,CWE-79,CWE-79,1,1,0,1,0,0,0,0,1,0,1321,0.002642,0,0.0,493,0.003944,0.006586,5.093334436416626
BenchmarkTest02236.java,0,CWE-79,CWE-79,1,1,0,1,0,0,0,0,1,0,1323,0.002646,0,0.0,409,0.003272,0.005918,6.007100582122803
BenchmarkTest02237.java,0,CWE-79,CWE-79,1,0,0,1,0,0,0,1,0,0,1295,0.00259,0,0.0,563,0.004504,0.007094,7.400790452957153
BenchmarkTest02238.java,0,CWE-79,CWE-79,1,1,0,1,0,0,0,0,1,0,1517,0.003034,0,0.0,532,0.004256,0.00729,8.346315145492554
BenchmarkTest02239.java,0,CWE-79,CWE-79,1,1,0,1,0,0,0,0,1,0,1353,0.002706,0,0.0,595,0.00476,0.007466,6.1699604988098145
BenchmarkTest02240.java,0,CWE-79,CWE-79,1,1,0,1,0,0,0,0,1,0,1368,0.002736,0,0.0,578,0.004624,0.00736,7.41506290435791
BenchmarkTest02241.java,0,CWE-79,CWE-79,1,0,1,0,0,0,1,0,0,0,1375,0.00275,0,0.0,532,0.004256,0.007006,5.748937368392944
BenchmarkTest02242.java,0,CWE-78,CWE-78,1,1,0,1,0,0,0,0,1,0,1221,0.002442,0,0.0,671,0.005368,0.007810000000000001,8.392438411712646
BenchmarkTest02243.java,0,CWE-78,CWE-78,1,0,1,0,0,0,1,0,0,0,1068,0.002136,0,0.0,622,0.004976,0.007112,8.511744499206543
BenchmarkTest02244.java,0,CWE-78,CWE-78,1,0,1,0,0,0,1,0,0,0,1010,0.00202,0,0.0,497,0.003976,0.0059960000000000005,5.49253249168396
BenchmarkTest02245.java,0,CWE-330,CWE-330,1,0,1,0,0,0,1,0,0,0,1284,0.002568,0,0.0,401,0.003208,0.005776,5.00801682472229
BenchmarkTest02246.java,0,CWE-330,CWE-330,1,0,1,0,0,0,1,0,0,0,1327,0.002654,0,0.0,461,0.003688,0.006342,12.126861095428467
BenchmarkTest02247.java,0,CWE-614,,,,0,0,1,0,0,0,1,0,,,,,,,,
BenchmarkTest02248.java,0,CWE-614,,,,0,0,1,0,0,0,1,0,,,,,,,,
BenchmarkTest02249.java,0,CWE-78,CWE-78,1,0,1,0,0,0,1,0,0,0,1015,0.00203,0,0.0,448,0.003584,0.005614,8.702675342559814
BenchmarkTest02250.java,0,CWE-78,CWE-78,1,0,1,0,0,0,1,0,0,0,1037,0.002074,0,0.0,545,0.00436,0.0064340000000000005,6.453261137008667
BenchmarkTest02251.java,0,CWE-78,CWE-78,1,0,1,0,0,0,1,0,0,0,1088,0.002176,0,0.0,520,0.00416,0.006336,5.717963695526123
BenchmarkTest02252.java,0,CWE-78,CWE-78,1,1,0,1,0,0,0,0,1,0,1102,0.002204,0,0.0,409,0.003272,0.005476,4.5080726146698
BenchmarkTest02253.java,0,CWE-78,CWE-78,1,1,0,1,0,0,0,0,1,0,1152,0.002304,0,0.0,439,0.003512,0.005816,6.074885845184326
BenchmarkTest02254.java,0,CWE-330,,,,0,0,1,0,0,0,1,0,,,,,,,,
BenchmarkTest02255.java,0,CWE-330,,,,0,0,1,0,0,0,1,0,,,,,,,,
BenchmarkTest02256.java,0,CWE-330,,,,0,0,1,0,0,0,1,0,,,,,,,,
BenchmarkTest02257.java,0,CWE-330,,,,0,0,1,0,0,0,1,0,,,,,,,,
BenchmarkTest02258.java,0,CWE-330,CWE-330,1,1,0,1,0,0,0,0,1,0,1358,0.002716,0,0.0,531,0.004248,0.006964,6.428512811660767
BenchmarkTest02259.java,0,CWE-330,,,,0,0,1,0,0,0,1,0,,,,,,,,
BenchmarkTest02260.java,0,CWE-330,,,,0,0,1,0,0,0,1,0,,,,,,,,
BenchmarkTest02264.java,0,CWE-89,CWE-89,1,0,1,0,0,0,1,0,0,0,958,0.001916,0,0.0,561,0.004488,0.006404,6.9138171672821045
BenchmarkTest02265.java,0,CWE-89,CWE-89,1,1,0,1,0,0,0,0,1,0,984,0.001968,0,0.0,650,0.0052,0.007168,11.125460863113403
BenchmarkTest02266.java,0,CWE-89,CWE-89,1,1,0,1,0,0,0,0,1,0,1016,0.002032,0,0.0,585,0.00468,0.006712,8.464455366134644
BenchmarkTest02267.java,0,CWE-89,CWE-89,1,1,0,1,0,0,0,0,1,0,973,0.001946,0,0.0,507,0.004056,0.0060019999999999995,6.684615612030029
BenchmarkTest02268.java,0,CWE-89,CWE-89,1,1,0,1,0,0,0,0,1,0,1042,0.002084,0,0.0,479,0.003832,0.005915999999999999,9.192171573638916
BenchmarkTest02269.java,0,CWE-89,CWE-89,1,0,1,0,0,0,1,0,0,0,975,0.00195,0,0.0,416,0.003328,0.005278,8.160094261169434
BenchmarkTest02270.java,0,CWE-89,CWE-89,1,0,1,0,0,0,1,0,0,0,1059,0.002118,0,0.0,410,0.00328,0.005398,6.144619941711426
BenchmarkTest02271.java,0,CWE-89,CWE-89,1,1,0,1,0,0,0,0,1,0,947,0.001894,0,0.0,551,0.004408,0.0063019999999999994,6.078479766845703
BenchmarkTest02272.java,0,CWE-89,CWE-89,1,0,1,0,0,0,1,0,0,0,960,0.00192,0,0.0,370,0.00296,0.00488,4.325878620147705
BenchmarkTest02273.java,0,CWE-89,CWE-89,1,0,1,0,0,0,1,0,0,0,1019,0.002038,0,0.0,516,0.004128,0.006166,5.107828855514526
BenchmarkTest02274.java,0,CWE-89,CWE-89,1,1,0,1,0,0,0,0,1,0,1162,0.002324,0,0.0,525,0.0042,0.006524,6.124133825302124
BenchmarkTest02275.java,0,CWE-89,,,,0,0,0,1,0,0,0,1,,,,,,,,
BenchmarkTest02276.java,0,CWE-89,,,,0,0,1,0,0,0,1,0,,,,,,,,
BenchmarkTest02277.java,0,CWE-89,,,,0,0,0,1,0,0,0,1,,,,,,,,
BenchmarkTest02278.java,0,CWE-89,,,,0,0,1,0,0,0,1,0,,,,,,,,
BenchmarkTest02279.java,0,CWE-89,,,,0,0,1,0,0,0,1,0,,,,,,,,
BenchmarkTest02280.java,0,CWE-89,,,,0,0,1,0,0,0,1,0,,,,,,,,
BenchmarkTest02281.java,0,CWE-89,,,,0,0,0,1,0,0,0,1,,,,,,,,
BenchmarkTest02282.java,0,CWE-89,CWE-89,1,1,0,1,0,0,0,0,1,0,963,0.001926,0,0.0,532,0.004256,0.006182,6.067615985870361
BenchmarkTest02283.java,0,CWE-89,CWE-89,1,1,0,1,0,0,0,0,1,0,962,0.001924,0,0.0,589,0.004712,0.0066359999999999995,6.117394685745239
BenchmarkTest02284.java,0,CWE-89,CWE-89,1,0,1,0,0,0,1,0,0,0,924,0.001848,0,0.0,490,0.00392,0.005768,5.572750568389893
BenchmarkTest02285.java,0,CWE-89,CWE-89,1,1,0,1,0,0,0,0,1,0,927,0.001854,0,0.0,485,0.00388,0.005734,6.732203483581543
BenchmarkTest02286.java,0,CWE-89,CWE-89,1,0,1,0,0,0,1,0,0,0,935,0.00187,0,0.0,464,0.003712,0.005582,6.23302435874939
BenchmarkTest02287.java,0,CWE-89,CWE-89,1,0,1,0,0,0,1,0,0,0,928,0.001856,0,0.0,487,0.003896,0.005752,5.248070240020752
BenchmarkTest02288.java,0,CWE-89,CWE-89,1,0,1,0,0,0,1,0,0,0,932,0.001864,0,0.0,466,0.003728,0.005592,6.128708600997925
BenchmarkTest02289.java,0,CWE-327,,,,0,0,1,0,0,0,1,0,,,,,,,,
BenchmarkTest02290.java,0,CWE-327,CWE-327,1,0,1,0,0,0,1,0,0,0,1732,0.003464,0,0.0,420,0.00336,0.006824,5.017188310623169
BenchmarkTest02291.java,0,CWE-327,CWE-327,1,0,1,0,0,0,1,0,0,0,1924,0.003848,0,0.0,407,0.003256,0.007104,5.370768070220947
BenchmarkTest02292.java,0,CWE-327,CWE-327,1,0,1,0,0,0,1,0,0,0,1696,0.003392,0,0.0,420,0.00336,0.006752,6.0535948276519775
BenchmarkTest02293.java,0,CWE-327,CWE-327,1,0,1,0,0,0,1,0,0,0,1551,0.003102,0,0.0,379,0.003032,0.0061340000000000006,5.747383117675781
BenchmarkTest02294.java,0,CWE-327,CWE-327,1,0,1,0,0,0,1,0,0,0,1360,0.00272,0,0.0,353,0.002824,0.005544,6.915553092956543
BenchmarkTest02295.java,0,CWE-327,CWE-327,1,0,1,0,0,0,1,0,0,0,1366,0.002732,0,0.0,351,0.002808,0.00554,5.177298307418823
BenchmarkTest02296.java,0,CWE-327,,,,0,0,1,0,0,0,1,0,,,,,,,,
BenchmarkTest02297.java,0,CWE-327,,,,0,0,1,0,0,0,1,0,,,,,,,,
BenchmarkTest02298.java,0,CWE-327,,,,0,0,1,0,0,0,1,0,,,,,,,,
BenchmarkTest02299.java,0,CWE-90,CWE-90,1,0,1,0,0,0,1,0,0,0,1270,0.00254,0,0.0,521,0.004168,0.006708,6.977882623672485
BenchmarkTest02300.java,0,CWE-22,CWE-23,0,1,0,1,0,0,0,0,1,0,1521,0.003042,0,0.0,542,0.004336,0.007377999999999999,8.052588701248169
BenchmarkTest02301.java,0,CWE-22,CWE-23,0,1,0,1,0,0,0,0,1,0,1327,0.002654,0,0.0,508,0.004064,0.006718,6.811891078948975
BenchmarkTest02302.java,0,CWE-22,CWE-23,0,0,1,0,0,0,1,0,0,0,1288,0.002576,0,0.0,512,0.004096,0.006672,6.969385623931885
BenchmarkTest02303.java,0,CWE-22,CWE-23,0,0,1,0,0,0,1,0,0,0,1502,0.003004,0,0.0,546,0.004368,0.007372,7.131454229354858
BenchmarkTest02304.java,0,CWE-22,CWE-23,0,0,1,0,0,0,1,0,0,0,1417,0.002834,0,0.0,512,0.004096,0.00693,6.907393455505371
BenchmarkTest02305.java,0,CWE-90,CWE-90,1,0,1,0,0,0,1,0,0,0,1336,0.002672,0,0.0,562,0.004496,0.007168,7.890644311904907
BenchmarkTest02306.java,0,CWE-90,CWE-90,1,0,1,0,0,0,1,0,0,0,1278,0.002556,0,0.0,472,0.003776,0.006332,6.724685430526733
BenchmarkTest02307.java,0,CWE-328,CWE-916,0,0,1,0,0,0,1,0,0,0,1461,0.002922,0,0.0,362,0.002896,0.005818,4.619845628738403
BenchmarkTest02308.java,0,CWE-328,CWE-916,0,0,1,0,0,0,1,0,0,0,1320,0.00264,0,0.0,468,0.003744,0.006384,6.063588619232178
BenchmarkTest02309.java,0,CWE-328,,,,0,0,1,0,0,0,1,0,,,,,,,,
BenchmarkTest02310.java,0,CWE-328,,,,0,0,1,0,0,0,1,0,,,,,,,,
BenchmarkTest02311.java,0,CWE-328,CWE-916,0,0,1,0,0,0,1,0,0,0,1283,0.002566,0,0.0,486,0.003888,0.006454,6.0432960987091064
BenchmarkTest02312.java,0,CWE-328,,,,0,0,1,0,0,0,1,0,,,,,,,,
BenchmarkTest02313.java,0,CWE-79,CWE-79,1,1,0,1,0,0,0,0,1,0,1652,0.003304,0,0.0,722,0.005776,0.00908,7.8186962604522705
BenchmarkTest02314.java,0,CWE-79,CWE-79,1,0,1,0,0,0,1,0,0,0,1398,0.002796,0,0.0,525,0.0042,0.006996,6.136668682098389
BenchmarkTest02315.java,0,CWE-79,CWE-79,1,0,1,0,0,0,1,0,0,0,1373,0.002746,0,0.0,525,0.0042,0.006946,7.092167615890503
BenchmarkTest02316.java,0,CWE-79,CWE-79,1,0,1,0,0,0,1,0,0,0,1389,0.002778,0,0.0,691,0.005528,0.008306000000000001,9.296910524368286
BenchmarkTest02317.java,0,CWE-79,CWE-79,1,0,1,0,0,0,1,0,0,0,1397,0.002794,0,0.0,602,0.004816,0.0076100000000000004,7.436124086380005
BenchmarkTest02318.java,0,CWE-79,CWE-79,1,1,0,1,0,0,0,0,1,0,1362,0.002724,0,0.0,499,0.003992,0.006716,6.9842445850372314
BenchmarkTest02319.java,0,CWE-79,CWE-79,1,1,0,1,0,0,0,0,1,0,1385,0.00277,0,0.0,493,0.003944,0.0067139999999999995,6.682726860046387
BenchmarkTest02320.java,0,CWE-79,CWE-79,1,1,0,1,0,0,0,0,1,0,1391,0.002782,0,0.0,563,0.004504,0.007286000000000001,7.099061965942383
BenchmarkTest02321.java,0,CWE-79,CWE-79,1,0,1,0,0,0,1,0,0,0,1593,0.003186,0,0.0,726,0.005808,0.008994,7.8615944385528564
BenchmarkTest02322.java,0,CWE-79,CWE-79,1,0,1,0,0,0,1,0,0,0,1403,0.002806,0,0.0,641,0.005128,0.007934,7.148659944534302
BenchmarkTest02323.java,0,CWE-79,CWE-79,1,0,1,0,0,0,1,0,0,0,1399,0.002798,0,0.0,647,0.005176,0.007974,7.506742238998413
BenchmarkTest02324.java,0,CWE-79,CWE-79,1,0,1,0,0,0,1,0,0,0,1429,0.002858,0,0.0,592,0.004736,0.007594,6.999614238739014
BenchmarkTest02325.java,0,CWE-79,CWE-79,1,1,0,1,0,0,0,0,1,0,1381,0.002762,0,0.0,456,0.003648,0.006410000000000001,4.9553282260894775
BenchmarkTest02326.java,0,CWE-79,CWE-79,1,0,1,0,0,0,1,0,0,0,1399,0.002798,0,0.0,513,0.004104,0.006902,9.63636827468872
BenchmarkTest02327.java,0,CWE-79,CWE-79,1,0,1,0,0,0,1,0,0,0,1449,0.002898,0,0.0,554,0.004432,0.00733,6.735030174255371
BenchmarkTest02328.java,0,CWE-79,CWE-79,1,0,1,0,0,0,1,0,0,0,1381,0.002762,0,0.0,389,0.003112,0.005874000000000001,10.776418924331665
BenchmarkTest02329.java,0,CWE-79,CWE-79,1,1,0,1,0,0,0,0,1,0,1421,0.002842,0,0.0,661,0.005288,0.00813,7.634293794631958
BenchmarkTest02330.java,0,CWE-79,CWE-79,1,1,0,1,0,0,0,0,1,0,1413,0.002826,0,0.0,548,0.004384,0.007209999999999999,5.41009521484375
BenchmarkTest02331.java,0,CWE-79,CWE-79,1,1,0,1,0,0,0,0,1,0,1365,0.00273,0,0.0,573,0.004584,0.007314,8.854299545288086
BenchmarkTest02332.java,0,CWE-79,CWE-79,1,0,1,0,0,0,1,0,0,0,1382,0.002764,0,0.0,578,0.004624,0.007388,8.946244716644287
BenchmarkTest02333.java,0,CWE-78,CWE-78,1,0,1,0,0,0,1,0,0,0,1077,0.002154,0,0.0,706,0.005648,0.007802,9.580155849456787
BenchmarkTest02334.java,0,CWE-78,CWE-78,1,0,1,0,0,0,1,0,0,0,1143,0.002286,0,0.0,660,0.00528,0.007566,9.222368717193604
BenchmarkTest02335.java,0,CWE-78,CWE-78,1,1,0,1,0,0,0,0,1,0,1121,0.002242,0,0.0,507,0.004056,0.006298,6.394563436508179
BenchmarkTest02336.java,0,CWE-78,CWE-78,1,1,0,1,0,0,0,0,1,0,1288,0.002576,0,0.0,538,0.004304,0.00688,6.877136468887329
BenchmarkTest02337.java,0,CWE-330,CWE-330,1,0,1,0,0,0,1,0,0,0,1399,0.002798,0,0.0,408,0.003264,0.006062,6.167052507400513
BenchmarkTest02338.java,0,CWE-330,CWE-330,1,0,1,0,0,0,1,0,0,0,1337,0.002674,0,0.0,416,0.003328,0.006002,4.908514738082886
BenchmarkTest02339.java,0,CWE-614,CWE-614,1,0,1,0,0,0,1,0,0,0,1155,0.00231,0,0.0,287,0.002296,0.004606,3.953587532043457
BenchmarkTest02340.java,0,CWE-78,CWE-78,1,1,0,1,0,0,0,0,1,0,1208,0.002416,0,0.0,440,0.00352,0.005936,5.6716086864471436
BenchmarkTest02341.java,0,CWE-78,CWE-78,1,1,0,1,0,0,0,0,1,0,1061,0.002122,0,0.0,601,0.004808,0.00693,7.416179656982422
BenchmarkTest02342.java,0,CWE-78,CWE-78,1,0,1,0,0,0,1,0,0,0,1034,0.002068,0,0.0,405,0.00324,0.005308,6.5434019565582275
BenchmarkTest02343.java,0,CWE-78,CWE-78,1,0,1,0,0,0,1,0,0,0,1071,0.002142,0,0.0,602,0.004816,0.006958,6.275846004486084
BenchmarkTest02344.java,0,CWE-78,CWE-78,1,0,1,0,0,0,1,0,0,0,994,0.001988,0,0.0,546,0.004368,0.0063560000000000005,6.744739770889282
BenchmarkTest02345.java,0,CWE-330,,,,0,0,1,0,0,0,1,0,,,,,,,,
BenchmarkTest02346.java,0,CWE-330,,,,0,0,1,0,0,0,1,0,,,,,,,,
BenchmarkTest02347.java,0,CWE-330,,,,0,0,1,0,0,0,1,0,,,,,,,,
BenchmarkTest02348.java,0,CWE-330,,,,0,0,1,0,0,0,1,0,,,,,,,,
BenchmarkTest02349.java,0,CWE-330,,,,0,0,1,0,0,0,1,0,,,,,,,,
BenchmarkTest02350.java,0,CWE-330,,,,0,0,1,0,0,0,1,0,,,,,,,,
BenchmarkTest02351.java,0,CWE-330,,,,0,0,1,0,0,0,1,0,,,,,,,,
BenchmarkTest02353.java,0,CWE-89,CWE-89,1,1,0,1,0,0,0,0,1,0,1018,0.002036,0,0.0,418,0.003344,0.00538,5.150727033615112
BenchmarkTest02354.java,0,CWE-89,CWE-89,1,0,1,0,0,0,1,0,0,0,1015,0.00203,0,0.0,463,0.003704,0.0057339999999999995,5.52499794960022
BenchmarkTest02355.java,0,CWE-89,CWE-89,1,0,1,0,0,0,1,0,0,0,1048,0.002096,0,0.0,743,0.005944,0.00804,8.728070259094238
BenchmarkTest02356.java,0,CWE-89,,,,0,0,0,1,0,0,0,1,,,,,,,,
BenchmarkTest02357.java,0,CWE-89,CWE-89,1,0,1,0,0,0,1,0,0,0,1204,0.002408,0,0.0,822,0.006576,0.008984,8.28565764427185
BenchmarkTest02358.java,0,CWE-89,,,,0,0,0,1,0,0,0,1,,,,,,,,
BenchmarkTest02359.java,0,CWE-89,,,,0,0,0,1,0,0,0,1,,,,,,,,
BenchmarkTest02360.java,0,CWE-89,,,,0,0,0,1,0,0,0,1,,,,,,,,
BenchmarkTest02361.java,0,CWE-89,,,,0,0,1,0,0,0,1,0,,,,,,,,
BenchmarkTest02362.java,0,CWE-89,,,,0,0,0,1,0,0,0,1,,,,,,,,
BenchmarkTest02363.java,0,CWE-89,CWE-89,1,1,0,1,0,0,0,0,1,0,1228,0.002456,0,0.0,515,0.00412,0.006576,6.034698486328125
BenchmarkTest02364.java,0,CWE-89,CWE-89,1,0,1,0,0,0,1,0,0,0,982,0.001964,0,0.0,672,0.005376,0.007339999999999999,7.337067365646362
BenchmarkTest02365.java,0,CWE-89,CWE-89,1,1,0,1,0,0,0,0,1,0,1029,0.002058,0,0.0,679,0.005432,0.00749,6.530731201171875
BenchmarkTest02366.java,0,CWE-89,CWE-89,1,1,0,1,0,0,0,0,1,0,993,0.001986,0,0.0,595,0.00476,0.006746,5.640509128570557
BenchmarkTest02367.java,0,CWE-89,CWE-89,1,1,0,1,0,0,0,0,1,0,1196,0.002392,0,0.0,663,0.005304,0.007696,6.359732627868652
BenchmarkTest02368.java,0,CWE-89,CWE-89,1,1,0,1,0,0,0,0,1,0,997,0.001994,0,0.0,541,0.004328,0.006322,6.826613426208496
BenchmarkTest02369.java,0,CWE-89,CWE-89,1,0,1,0,0,0,1,0,0,0,995,0.00199,0,0.0,557,0.004456,0.006446,5.389977693557739
BenchmarkTest02370.java,0,CWE-643,CWE-643,1,0,0,1,0,0,0,1,0,0,1177,0.002354,0,0.0,607,0.004856,0.00721,7.9211249351501465
BenchmarkTest02371.java,0,CWE-327,,,,0,0,1,0,0,0,1,0,,,,,,,,
BenchmarkTest02372.java,0,CWE-327,,,,0,0,1,0,0,0,1,0,,,,,,,,
BenchmarkTest02373.java,0,CWE-327,CWE-327,1,0,1,0,0,0,1,0,0,0,1291,0.002582,0,0.0,370,0.00296,0.005542,4.235058069229126
BenchmarkTest02374.java,0,CWE-327,CWE-327,1,0,1,0,0,0,1,0,0,0,1324,0.002648,0,0.0,341,0.002728,0.005376000000000001,4.169008016586304
BenchmarkTest02375.java,0,CWE-327,CWE-327,1,0,1,0,0,0,1,0,0,0,1269,0.002538,0,0.0,395,0.00316,0.005698,4.247824192047119
BenchmarkTest02376.java,0,CWE-90,,,,0,0,1,0,0,0,1,0,,,,,,,,
BenchmarkTest02377.java,0,CWE-22,,,,0,0,0,1,0,0,0,1,,,,,,,,
BenchmarkTest02378.java,0,CWE-22,,,,0,0,0,1,0,0,0,1,,,,,,,,
BenchmarkTest02379.java,0,CWE-22,,,,0,0,1,0,0,0,1,0,,,,,,,,
BenchmarkTest02380.java,0,CWE-22,,,,0,0,1,0,0,0,1,0,,,,,,,,
BenchmarkTest02381.java,0,CWE-22,,,,0,0,1,0,0,0,1,0,,,,,,,,
BenchmarkTest02382.java,0,CWE-22,,,,0,0,1,0,0,0,1,0,,,,,,,,
BenchmarkTest02383.java,0,CWE-22,,,,0,0,0,1,0,0,0,1,,,,,,,,
BenchmarkTest02384.java,0,CWE-90,,,,0,0,1,0,0,0,1,0,,,,,,,,
BenchmarkTest02385.java,0,CWE-328,CWE-916,0,0,1,0,0,0,1,0,0,0,1326,0.002652,0,0.0,506,0.004048,0.0067,8.941546201705933
BenchmarkTest02386.java,0,CWE-328,CWE-916,0,0,1,0,0,0,1,0,0,0,1278,0.002556,0,0.0,431,0.003448,0.006004000000000001,5.355375051498413
BenchmarkTest02387.java,0,CWE-328,CWE-916,0,0,1,0,0,0,1,0,0,0,1262,0.002524,0,0.0,484,0.003872,0.006396000000000001,6.555068016052246
BenchmarkTest02388.java,0,CWE-328,CWE-916,0,0,1,0,0,0,1,0,0,0,1277,0.002554,0,0.0,533,0.004264,0.006818,7.2724525928497314
BenchmarkTest02389.java,0,CWE-328,,,,0,0,1,0,0,0,1,0,,,,,,,,
BenchmarkTest02390.java,0,CWE-328,,,,0,0,1,0,0,0,1,0,,,,,,,,
BenchmarkTest02391.java,0,CWE-328,,,,0,0,0,1,0,0,0,1,,,,,,,,
BenchmarkTest02392.java,0,CWE-328,,,,0,0,0,1,0,0,0,1,,,,,,,,
BenchmarkTest02393.java,0,CWE-328,,,,0,0,0,1,0,0,0,1,,,,,,,,
BenchmarkTest02394.java,0,CWE-79,,,,0,0,1,0,0,0,1,0,,,,,,,,
BenchmarkTest02395.java,0,CWE-79,,,,0,0,0,1,0,0,0,1,,,,,,,,
BenchmarkTest02396.java,0,CWE-79,,,,0,0,0,1,0,0,0,1,,,,,,,,
BenchmarkTest02397.java,0,CWE-79,,,,0,0,0,1,0,0,0,1,,,,,,,,
BenchmarkTest02398.java,0,CWE-79,,,,0,0,1,0,0,0,1,0,,,,,,,,
BenchmarkTest02399.java,0,CWE-79,,,,0,0,0,1,0,0,0,1,,,,,,,,
BenchmarkTest02400.java,0,CWE-79,,,,0,0,0,1,0,0,0,1,,,,,,,,
BenchmarkTest02401.java,0,CWE-79,,,,0,0,1,0,0,0,1,0,,,,,,,,
BenchmarkTest02402.java,0,CWE-79,,,,0,0,0,1,0,0,0,1,,,,,,,,
BenchmarkTest02403.java,0,CWE-79,,,,0,0,0,1,0,0,0,1,,,,,,,,
BenchmarkTest02404.java,0,CWE-79,,,,0,0,1,0,0,0,1,0,,,,,,,,
BenchmarkTest02405.java,0,CWE-79,,,,0,0,0,1,0,0,0,1,,,,,,,,
BenchmarkTest02406.java,0,CWE-79,,,,0,0,1,0,0,0,1,0,,,,,,,,
BenchmarkTest02407.java,0,CWE-79,,,,0,0,0,1,0,0,0,1,,,,,,,,
BenchmarkTest02408.java,0,CWE-79,,,,0,0,1,0,0,0,1,0,,,,,,,,
BenchmarkTest02409.java,0,CWE-79,,,,0,0,0,1,0,0,0,1,,,,,,,,
BenchmarkTest02410.java,0,CWE-79,,,,0,0,0,1,0,0,0,1,,,,,,,,
BenchmarkTest02411.java,0,CWE-78,,,,0,0,0,1,0,0,0,1,,,,,,,,
BenchmarkTest02412.java,0,CWE-78,,,,0,0,0,1,0,0,0,1,,,,,,,,
BenchmarkTest02413.java,0,CWE-78,,,,0,0,1,0,0,0,1,0,,,,,,,,
BenchmarkTest02414.java,0,CWE-78,,,,0,0,0,1,0,0,0,1,,,,,,,,
BenchmarkTest02415.java,0,CWE-330,CWE-330,1,0,1,0,0,0,1,0,0,0,1279,0.002558,0,0.0,323,0.002584,0.005142,3.8372561931610107
BenchmarkTest02416.java,0,CWE-330,CWE-330,1,0,1,0,0,0,1,0,0,0,1350,0.0027,0,0.0,451,0.003608,0.006308,6.528321027755737
BenchmarkTest02417.java,0,CWE-330,CWE-330,1,0,1,0,0,0,1,0,0,0,1281,0.002562,0,0.0,480,0.00384,0.006402,5.255503416061401
BenchmarkTest02418.java,0,CWE-330,CWE-330,1,0,1,0,0,0,1,0,0,0,1335,0.00267,0,0.0,475,0.0038,0.00647,5.086852788925171
BenchmarkTest02419.java,0,CWE-330,CWE-330,1,0,1,0,0,0,1,0,0,0,1505,0.00301,0,0.0,392,0.003136,0.006146,14.035917520523071
BenchmarkTest02420.java,0,CWE-330,CWE-330,1,0,1,0,0,0,1,0,0,0,1263,0.002526,0,0.0,452,0.003616,0.006142,6.21998143196106
BenchmarkTest02421.java,0,CWE-330,CWE-330,1,0,1,0,0,0,1,0,0,0,1335,0.00267,0,0.0,427,0.003416,0.006086,6.219666957855225
BenchmarkTest02422.java,0,CWE-330,CWE-330,1,0,1,0,0,0,1,0,0,0,1319,0.002638,0,0.0,378,0.003024,0.005662,4.76321005821228
BenchmarkTest02423.java,0,CWE-330,CWE-330,1,0,1,0,0,0,1,0,0,0,1452,0.002904,0,0.0,400,0.0032,0.006104,4.927082061767578
BenchmarkTest02424.java,0,CWE-330,CWE-330,1,0,1,0,0,0,1,0,0,0,1277,0.002554,0,0.0,352,0.002816,0.00537,3.9900457859039307
BenchmarkTest02425.java,0,CWE-330,CWE-330,1,0,1,0,0,0,1,0,0,0,1239,0.002478,0,0.0,383,0.003064,0.005542,4.178418874740601
BenchmarkTest02426.java,0,CWE-330,CWE-330,1,0,1,0,0,0,1,0,0,0,1256,0.002512,0,0.0,418,0.003344,0.005856,6.211883544921875
BenchmarkTest02427.java,0,CWE-614,CWE-614,1,0,1,0,0,0,1,0,0,0,1046,0.002092,0,0.0,303,0.002424,0.004516,3.3467421531677246
BenchmarkTest02428.java,0,CWE-78,,,,0,0,1,0,0,0,1,0,,,,,,,,
BenchmarkTest02429.java,0,CWE-78,,,,0,0,0,1,0,0,0,1,,,,,,,,
BenchmarkTest02430.java,0,CWE-78,,,,0,0,0,1,0,0,0,1,,,,,,,,
BenchmarkTest02431.java,0,CWE-78,,,,0,0,0,1,0,0,0,1,,,,,,,,
BenchmarkTest02432.java,0,CWE-78,,,,0,0,0,1,0,0,0,1,,,,,,,,
BenchmarkTest02433.java,0,CWE-78,,,,0,0,0,1,0,0,0,1,,,,,,,,
BenchmarkTest02434.java,0,CWE-330,,,,0,0,1,0,0,0,1,0,,,,,,,,
BenchmarkTest02435.java,0,CWE-330,,,,0,0,1,0,0,0,1,0,,,,,,,,
BenchmarkTest02436.java,0,CWE-330,,,,0,0,1,0,0,0,1,0,,,,,,,,
BenchmarkTest02437.java,0,CWE-330,,,,0,0,1,0,0,0,1,0,,,,,,,,
BenchmarkTest02438.java,0,CWE-330,,,,0,0,1,0,0,0,1,0,,,,,,,,
BenchmarkTest02439.java,0,CWE-330,,,,0,0,1,0,0,0,1,0,,,,,,,,
BenchmarkTest02440.java,0,CWE-330,,,,0,0,1,0,0,0,1,0,,,,,,,,
BenchmarkTest02441.java,0,CWE-330,,,,0,0,1,0,0,0,1,0,,,,,,,,
BenchmarkTest02442.java,0,CWE-330,,,,0,0,1,0,0,0,1,0,,,,,,,,
BenchmarkTest02443.java,0,CWE-330,,,,0,0,1,0,0,0,1,0,,,,,,,,
BenchmarkTest02444.java,0,CWE-330,,,,0,0,1,0,0,0,1,0,,,,,,,,
BenchmarkTest02445.java,0,CWE-330,,,,0,0,1,0,0,0,1,0,,,,,,,,
BenchmarkTest02449.java,0,CWE-89,,,,0,0,0,1,0,0,0,1,,,,,,,,
BenchmarkTest02450.java,0,CWE-89,,,,0,0,1,0,0,0,1,0,,,,,,,,
BenchmarkTest02451.java,0,CWE-89,,,,0,0,0,1,0,0,0,1,,,,,,,,
BenchmarkTest02452.java,0,CWE-89,,,,0,0,1,0,0,0,1,0,,,,,,,,
BenchmarkTest02453.java,0,CWE-89,,,,0,0,0,1,0,0,0,1,,,,,,,,
BenchmarkTest02454.java,0,CWE-89,,,,0,0,0,1,0,0,0,1,,,,,,,,
BenchmarkTest02455.java,0,CWE-89,,,,0,0,0,1,0,0,0,1,,,,,,,,
BenchmarkTest02456.java,0,CWE-89,,,,0,0,1,0,0,0,1,0,,,,,,,,
BenchmarkTest02457.java,0,CWE-643,,,,0,0,1,0,0,0,1,0,,,,,,,,
BenchmarkTest02458.java,0,CWE-327,CWE-327,1,0,1,0,0,0,1,0,0,0,1592,0.003184,0,0.0,328,0.002624,0.005808000000000001,3.709245204925537
BenchmarkTest02459.java,0,CWE-327,,,,0,0,1,0,0,0,1,0,,,,,,,,
BenchmarkTest02460.java,0,CWE-327,,,,0,0,1,0,0,0,1,0,,,,,,,,
BenchmarkTest02461.java,0,CWE-327,,,,0,0,1,0,0,0,1,0,,,,,,,,
BenchmarkTest02462.java,0,CWE-22,CWE-23,0,1,0,1,0,0,0,0,1,0,1279,0.002558,0,0.0,588,0.004704,0.007261999999999999,6.2203733921051025
BenchmarkTest02463.java,0,CWE-22,CWE-23,0,0,1,0,0,0,1,0,0,0,1221,0.002442,0,0.0,556,0.004448,0.00689,6.737854957580566
BenchmarkTest02464.java,0,CWE-22,CWE-23,0,1,0,1,0,0,0,0,1,0,1264,0.002528,0,0.0,520,0.00416,0.0066879999999999995,5.7263171672821045
BenchmarkTest02465.java,0,CWE-22,CWE-23,0,0,1,0,0,0,1,0,0,0,1359,0.002718,0,0.0,424,0.003392,0.00611,4.511019945144653
BenchmarkTest02466.java,0,CWE-22,CWE-23,0,0,1,0,0,0,1,0,0,0,1422,0.002844,0,0.0,588,0.004704,0.007548,8.134438753128052
BenchmarkTest02467.java,0,CWE-22,CWE-23,0,1,0,1,0,0,0,0,1,0,1508,0.003016,0,0.0,517,0.004136,0.007152,5.527774810791016
BenchmarkTest02468.java,0,CWE-22,CWE-23,0,1,0,1,0,0,0,0,1,0,1252,0.002504,0,0.0,609,0.004872,0.007376,7.0560221672058105
BenchmarkTest02469.java,0,CWE-22,CWE-23,0,0,1,0,0,0,1,0,0,0,1267,0.002534,0,0.0,498,0.003984,0.0065179999999999995,5.385108470916748
BenchmarkTest02470.java,0,CWE-22,CWE-23,0,1,0,1,0,0,0,0,1,0,1257,0.002514,0,0.0,446,0.003568,0.006082000000000001,4.384803056716919
BenchmarkTest02471.java,0,CWE-22,CWE-23,0,1,0,1,0,0,0,0,1,0,1379,0.002758,0,0.0,572,0.004576,0.007334,7.134392738342285
BenchmarkTest02472.java,0,CWE-90,CWE-90,1,0,1,0,0,0,1,0,0,0,1238,0.002476,0,0.0,481,0.003848,0.006324,6.6362693309783936
BenchmarkTest02473.java,0,CWE-330,CWE-330,1,0,1,0,0,0,1,0,0,0,1334,0.002668,0,0.0,375,0.003,0.005667999999999999,5.535857200622559
BenchmarkTest02474.java,0,CWE-328,CWE-916,0,0,1,0,0,0,1,0,0,0,1312,0.002624,0,0.0,329,0.002632,0.005256,4.825887441635132
BenchmarkTest02475.java,0,CWE-328,CWE-916,0,0,1,0,0,0,1,0,0,0,1256,0.002512,0,0.0,385,0.00308,0.005592,7.482144594192505
BenchmarkTest02476.java,0,CWE-328,CWE-916,0,0,1,0,0,0,1,0,0,0,1185,0.00237,0,0.0,375,0.003,0.00537,4.970132350921631
BenchmarkTest02477.java,0,CWE-328,,,,0,0,1,0,0,0,1,0,,,,,,,,
BenchmarkTest02478.java,0,CWE-328,,,,0,0,0,1,0,0,0,1,,,,,,,,
BenchmarkTest02479.java,0,CWE-328,,,,0,0,1,0,0,0,1,0,,,,,,,,
BenchmarkTest02480.java,0,CWE-79,CWE-79,1,0,1,0,0,0,1,0,0,0,1302,0.002604,0,0.0,403,0.003224,0.005828,4.954696893692017
BenchmarkTest02481.java,0,CWE-79,CWE-79,1,1,0,1,0,0,0,0,1,0,1343,0.002686,0,0.0,492,0.003936,0.006622,5.438708543777466
BenchmarkTest02482.java,0,CWE-79,CWE-79,1,1,0,1,0,0,0,0,1,0,1358,0.002716,0,0.0,544,0.004352,0.007068,6.294550180435181
BenchmarkTest02483.java,0,CWE-79,CWE-79,1,0,1,0,0,0,1,0,0,0,1271,0.002542,0,0.0,338,0.002704,0.005246,4.161968469619751
BenchmarkTest02484.java,0,CWE-79,CWE-79,1,1,0,1,0,0,0,0,1,0,1370,0.00274,0,0.0,621,0.004968,0.007708,7.0263261795043945
BenchmarkTest02485.java,0,CWE-79,CWE-79,1,1,0,1,0,0,0,0,1,0,1365,0.00273,0,0.0,631,0.005048,0.007778,6.903844833374023
BenchmarkTest02486.java,0,CWE-79,CWE-79,1,0,1,0,0,0,1,0,0,0,1353,0.002706,0,0.0,570,0.00456,0.007266,6.059088230133057
BenchmarkTest02487.java,0,CWE-79,CWE-79,1,0,1,0,0,0,1,0,0,0,1319,0.002638,0,0.0,442,0.003536,0.006174000000000001,5.282982587814331
BenchmarkTest02488.java,0,CWE-79,CWE-79,1,1,0,1,0,0,0,0,1,0,1305,0.00261,0,0.0,522,0.004176,0.006786,6.851928472518921
BenchmarkTest02489.java,0,CWE-79,CWE-79,1,0,1,0,0,0,1,0,0,0,1283,0.002566,0,0.0,427,0.003416,0.005982,5.165386915206909
BenchmarkTest02490.java,0,CWE-79,CWE-79,1,1,0,1,0,0,0,0,1,0,1522,0.003044,0,0.0,737,0.005896,0.00894,7.330556154251099
BenchmarkTest02491.java,0,CWE-79,CWE-79,1,1,0,1,0,0,0,0,1,0,1507,0.003014,0,0.0,541,0.004328,0.0073420000000000004,6.081249475479126
BenchmarkTest02492.java,0,CWE-79,CWE-79,1,1,0,1,0,0,0,0,1,0,1285,0.00257,0,0.0,677,0.005416,0.007986,8.594416618347168
BenchmarkTest02493.java,0,CWE-79,CWE-79,1,0,1,0,0,0,1,0,0,0,1386,0.002772,0,0.0,445,0.00356,0.006332,6.3936169147491455
BenchmarkTest02494.java,0,CWE-79,CWE-79,1,0,1,0,0,0,1,0,0,0,1326,0.002652,0,0.0,567,0.004536,0.007188,6.391464710235596
BenchmarkTest02495.java,0,CWE-79,CWE-79,1,1,0,1,0,0,0,0,1,0,1383,0.002766,0,0.0,526,0.004208,0.006973999999999999,5.472574710845947
BenchmarkTest02496.java,0,CWE-78,CWE-78,1,0,1,0,0,0,1,0,0,0,1007,0.002014,0,0.0,450,0.0036,0.005614,4.733485460281372
BenchmarkTest02497.java,0,CWE-330,CWE-330,1,0,1,0,0,0,1,0,0,0,1493,0.002986,0,0.0,369,0.002952,0.005938000000000001,4.4959306716918945
BenchmarkTest02498.java,0,CWE-330,CWE-330,1,0,1,0,0,0,1,0,0,0,1277,0.002554,0,0.0,417,0.003336,0.005889999999999999,4.76263165473938
BenchmarkTest02499.java,0,CWE-330,CWE-330,1,0,1,0,0,0,1,0,0,0,1290,0.00258,0,0.0,349,0.002792,0.005372,4.212568759918213
BenchmarkTest02500.java,0,CWE-330,CWE-330,1,0,1,0,0,0,1,0,0,0,1266,0.002532,0,0.0,428,0.003424,0.0059559999999999995,4.795140266418457
BenchmarkTest02501.java,0,CWE-330,CWE-330,1,0,1,0,0,0,1,0,0,0,1250,0.0025,0,0.0,384,0.003072,0.0055720000000000006,5.835865497589111
BenchmarkTest02502.java,0,CWE-330,CWE-330,1,0,1,0,0,0,1,0,0,0,1292,0.002584,0,0.0,365,0.00292,0.005504,4.487118482589722
BenchmarkTest02503.java,0,CWE-330,CWE-330,1,0,1,0,0,0,1,0,0,0,1453,0.002906,0,0.0,457,0.003656,0.006562,5.988800764083862
BenchmarkTest02504.java,0,CWE-330,CWE-330,1,0,1,0,0,0,1,0,0,0,1253,0.002506,0,0.0,420,0.00336,0.005866,5.5224950313568115
BenchmarkTest02505.java,0,CWE-330,CWE-330,1,0,1,0,0,0,1,0,0,0,1280,0.00256,0,0.0,445,0.00356,0.0061200000000000004,5.421187162399292
BenchmarkTest02506.java,0,CWE-330,CWE-330,1,0,1,0,0,0,1,0,0,0,1264,0.002528,0,0.0,458,0.003664,0.006192,5.193936586380005
BenchmarkTest02507.java,0,CWE-614,CWE-614,1,0,1,0,0,0,1,0,0,0,1037,0.002074,0,0.0,307,0.002456,0.004529999999999999,3.6631102561950684
BenchmarkTest02508.java,0,CWE-614,,,,0,0,1,0,0,0,1,0,,,,,,,,
BenchmarkTest02509.java,0,CWE-79,CWE-79,1,1,0,1,0,0,0,0,1,0,1308,0.002616,0,0.0,493,0.003944,0.00656,5.5772857666015625
BenchmarkTest02510.java,0,CWE-78,CWE-78,1,1,0,1,0,0,0,0,1,0,1116,0.002232,0,0.0,587,0.004696,0.006928,6.8905439376831055
BenchmarkTest02511.java,0,CWE-78,CWE-78,1,0,1,0,0,0,1,0,0,0,915,0.00183,0,0.0,454,0.003632,0.005462,5.572050333023071
BenchmarkTest02512.java,0,CWE-78,CWE-78,1,0,1,0,0,0,1,0,0,0,956,0.001912,0,0.0,670,0.00536,0.007272000000000001,8.519152164459229
BenchmarkTest02513.java,0,CWE-78,CWE-78,1,1,0,1,0,0,0,0,1,0,978,0.001956,0,0.0,578,0.004624,0.006579999999999999,6.155380487442017
BenchmarkTest02514.java,0,CWE-78,CWE-78,1,0,1,0,0,0,1,0,0,0,919,0.001838,0,0.0,626,0.005008,0.0068460000000000005,9.073869466781616
BenchmarkTest02515.java,0,CWE-78,CWE-78,1,0,1,0,0,0,1,0,0,0,905,0.00181,0,0.0,642,0.005136,0.006946,6.914119243621826
BenchmarkTest02516.java,0,CWE-78,CWE-78,1,0,1,0,0,0,1,0,0,0,975,0.00195,0,0.0,594,0.004752,0.006702,7.193574666976929
BenchmarkTest02517.java,0,CWE-78,CWE-78,1,0,1,0,0,0,1,0,0,0,911,0.001822,0,0.0,662,0.005296,0.007118,8.143835067749023
BenchmarkTest02518.java,0,CWE-78,CWE-78,1,1,0,1,0,0,0,0,1,0,977,0.001954,0,0.0,610,0.00488,0.006834,7.078974485397339
BenchmarkTest02519.java,0,CWE-330,,,,0,0,1,0,0,0,1,0,,,,,,,,
BenchmarkTest02520.java,0,CWE-330,,,,0,0,1,0,0,0,1,0,,,,,,,,
BenchmarkTest02521.java,0,CWE-330,,,,0,0,1,0,0,0,1,0,,,,,,,,
BenchmarkTest02522.java,0,CWE-330,,,,0,0,1,0,0,0,1,0,,,,,,,,
BenchmarkTest02528.java,0,CWE-89,CWE-89,1,0,1,0,0,0,1,0,0,0,945,0.00189,0,0.0,519,0.004152,0.0060420000000000005,5.656339168548584
BenchmarkTest02529.java,0,CWE-89,CWE-89,1,1,0,1,0,0,0,0,1,0,982,0.001964,0,0.0,618,0.004944,0.006907999999999999,8.472162008285522
BenchmarkTest02530.java,0,CWE-89,CWE-89,1,0,1,0,0,0,1,0,0,0,951,0.001902,0,0.0,519,0.004152,0.006054,5.746783018112183
BenchmarkTest02531.java,0,CWE-89,CWE-89,1,0,1,0,0,0,1,0,0,0,932,0.001864,0,0.0,520,0.00416,0.006024,5.328976154327393
BenchmarkTest02532.java,0,CWE-89,CWE-89,1,0,1,0,0,0,1,0,0,0,960,0.00192,0,0.0,545,0.00436,0.00628,6.578078269958496
BenchmarkTest02533.java,0,CWE-89,CWE-89,1,0,1,0,0,0,1,0,0,0,995,0.00199,0,0.0,434,0.003472,0.005462,6.468119144439697
BenchmarkTest02534.java,0,CWE-89,CWE-89,1,0,1,0,0,0,1,0,0,0,929,0.001858,0,0.0,448,0.003584,0.005442,5.4742958545684814
BenchmarkTest02535.java,0,CWE-89,CWE-89,1,0,1,0,0,0,1,0,0,0,974,0.001948,0,0.0,436,0.003488,0.005436,5.674940347671509
BenchmarkTest02536.java,0,CWE-89,CWE-89,1,1,0,1,0,0,0,0,1,0,999,0.001998,0,0.0,514,0.004112,0.006110000000000001,5.93096661567688
BenchmarkTest02537.java,0,CWE-89,CWE-89,1,0,1,0,0,0,1,0,0,0,950,0.0019,0,0.0,462,0.003696,0.005596,5.7884485721588135
BenchmarkTest02538.java,0,CWE-89,,,,0,0,1,0,0,0,1,0,,,,,,,,
BenchmarkTest02539.java,0,CWE-89,,,,0,0,1,0,0,0,1,0,,,,,,,,
BenchmarkTest02540.java,0,CWE-89,CWE-89,1,1,0,1,0,0,0,0,1,0,952,0.001904,0,0.0,463,0.003704,0.005608,5.541003465652466
BenchmarkTest02541.java,0,CWE-89,CWE-89,1,1,0,1,0,0,0,0,1,0,918,0.001836,0,0.0,427,0.003416,0.005252,4.517518520355225
BenchmarkTest02542.java,0,CWE-89,CWE-89,1,0,1,0,0,0,1,0,0,0,899,0.001798,0,0.0,498,0.003984,0.005782,5.503143310546875
BenchmarkTest02543.java,0,CWE-89,CWE-89,1,0,1,0,0,0,1,0,0,0,915,0.00183,0,0.0,429,0.003432,0.005262,4.899617433547974
BenchmarkTest02544.java,0,CWE-89,CWE-89,1,1,0,1,0,0,0,0,1,0,967,0.001934,0,0.0,552,0.004416,0.00635,6.081230640411377
BenchmarkTest02545.java,0,CWE-89,CWE-89,1,0,1,0,0,0,1,0,0,0,906,0.001812,0,0.0,429,0.003432,0.005244,4.0022430419921875
BenchmarkTest02546.java,0,CWE-89,CWE-89,1,1,0,1,0,0,0,0,1,0,971,0.001942,0,0.0,585,0.00468,0.006622,6.418865919113159
BenchmarkTest02547.java,0,CWE-327,,,,0,0,1,0,0,0,1,0,,,,,,,,
BenchmarkTest02548.java,0,CWE-327,CWE-327,1,0,1,0,0,0,1,0,0,0,1779,0.003558,0,0.0,345,0.00276,0.006318,4.3281238079071045
BenchmarkTest02549.java,0,CWE-327,CWE-327,1,0,1,0,0,0,1,0,0,0,1776,0.003552,0,0.0,399,0.003192,0.006744,5.978456020355225
BenchmarkTest02550.java,0,CWE-327,CWE-327,1,0,1,0,0,0,1,0,0,0,1402,0.002804,0,0.0,387,0.003096,0.0059,4.298766613006592
BenchmarkTest02551.java,0,CWE-327,,,,0,0,1,0,0,0,1,0,,,,,,,,
BenchmarkTest02552.java,0,CWE-327,,,,0,0,1,0,0,0,1,0,,,,,,,,
BenchmarkTest02553.java,0,CWE-90,CWE-90,1,1,0,1,0,0,0,0,1,0,1412,0.002824,0,0.0,483,0.003864,0.0066879999999999995,6.314392566680908
BenchmarkTest02554.java,0,CWE-22,CWE-23,0,1,0,1,0,0,0,0,1,0,1371,0.002742,0,0.0,523,0.004184,0.006926,5.421741247177124
BenchmarkTest02555.java,0,CWE-22,CWE-23,0,0,1,0,0,0,1,0,0,0,1363,0.002726,0,0.0,523,0.004184,0.00691,6.982395887374878
BenchmarkTest02556.java,0,CWE-22,CWE-23,0,0,1,0,0,0,1,0,0,0,1351,0.002702,0,0.0,550,0.0044,0.007102000000000001,6.33726954460144
BenchmarkTest02557.java,0,CWE-22,CWE-23,0,0,0,1,0,0,0,1,0,0,1389,0.002778,0,0.0,730,0.00584,0.008618,8.442494869232178
BenchmarkTest02558.java,0,CWE-22,CWE-23,0,1,0,1,0,0,0,0,1,0,1357,0.002714,0,0.0,540,0.00432,0.007034,7.441881418228149
BenchmarkTest02559.java,0,CWE-22,CWE-23,0,0,1,0,0,0,1,0,0,0,1484,0.002968,0,0.0,516,0.004128,0.007096,7.396833181381226
BenchmarkTest02560.java,0,CWE-22,CWE-23,0,0,1,0,0,0,1,0,0,0,1500,0.003,0,0.0,537,0.004296,0.007296,6.567575216293335
BenchmarkTest02561.java,0,CWE-22,CWE-23,0,0,1,0,0,0,1,0,0,0,1478,0.002956,0,0.0,417,0.003336,0.006292,5.432781457901001
BenchmarkTest02562.java,0,CWE-22,CWE-23,0,0,1,0,0,0,1,0,0,0,1449,0.002898,0,0.0,536,0.004288,0.007186,7.427160978317261
BenchmarkTest02563.java,0,CWE-22,CWE-23,0,1,0,1,0,0,0,0,1,0,1601,0.003202,0,0.0,473,0.003784,0.006986,6.154249668121338
BenchmarkTest02564.java,0,CWE-22,CWE-23,0,0,1,0,0,0,1,0,0,0,1459,0.002918,0,0.0,538,0.004304,0.007221999999999999,6.693645000457764
BenchmarkTest02565.java,0,CWE-22,CWE-23,0,0,1,0,0,0,1,0,0,0,1371,0.002742,0,0.0,473,0.003784,0.0065260000000000006,6.856058835983276
BenchmarkTest02566.java,0,CWE-22,CWE-23,0,1,0,1,0,0,0,0,1,0,1411,0.002822,0,0.0,394,0.003152,0.005974,6.071074485778809
BenchmarkTest02567.java,0,CWE-22,CWE-23,0,0,1,0,0,0,1,0,0,0,1366,0.002732,0,0.0,437,0.003496,0.006228,5.053098917007446
BenchmarkTest02568.java,0,CWE-22,CWE-23,0,1,0,1,0,0,0,0,1,0,1446,0.002892,0,0.0,482,0.003856,0.0067480000000000005,11.37989592552185
BenchmarkTest02569.java,0,CWE-22,CWE-23,0,0,1,0,0,0,1,0,0,0,1453,0.002906,0,0.0,401,0.003208,0.006114,5.491529226303101
BenchmarkTest02570.java,0,CWE-22,CWE-23,0,0,0,1,0,0,0,1,0,0,1549,0.003098,0,0.0,477,0.003816,0.006914,9.492015838623047
BenchmarkTest02571.java,0,CWE-90,CWE-90,1,1,0,1,0,0,0,0,1,0,1422,0.002844,0,0.0,600,0.0048,0.007644,11.009572744369507
BenchmarkTest02572.java,0,CWE-90,CWE-90,1,0,0,1,0,0,0,1,0,0,1375,0.00275,0,0.0,448,0.003584,0.006333999999999999,7.6060872077941895
BenchmarkTest02573.java,0,CWE-328,CWE-916,0,0,1,0,0,0,1,0,0,0,1448,0.002896,0,0.0,336,0.002688,0.005584,7.137838363647461
BenchmarkTest02574.java,0,CWE-328,CWE-916,0,0,1,0,0,0,1,0,0,0,1413,0.002826,0,0.0,331,0.002648,0.005474,5.228438138961792
BenchmarkTest02575.java,0,CWE-328,CWE-916,0,0,1,0,0,0,1,0,0,0,1347,0.002694,0,0.0,356,0.002848,0.005542,8.052937507629395
BenchmarkTest02576.java,0,CWE-328,,,,0,0,1,0,0,0,1,0,,,,,,,,
BenchmarkTest02577.java,0,CWE-328,,,,0,0,0,1,0,0,0,1,,,,,,,,
BenchmarkTest02578.java,0,CWE-79,CWE-79,1,0,1,0,0,0,1,0,0,0,1458,0.002916,0,0.0,455,0.00364,0.006556,7.829596757888794
BenchmarkTest02579.java,0,CWE-79,CWE-79,1,0,1,0,0,0,1,0,0,0,1438,0.002876,0,0.0,577,0.004616,0.007492,9.18855094909668
BenchmarkTest02580.java,0,CWE-79,CWE-79,1,0,1,0,0,0,1,0,0,0,1447,0.002894,0,0.0,481,0.003848,0.006742,6.184058666229248
BenchmarkTest02581.java,0,CWE-79,CWE-79,1,0,0,1,0,0,0,1,0,0,1433,0.002866,0,0.0,602,0.004816,0.007682,7.154474496841431
BenchmarkTest02582.java,0,CWE-79,CWE-79,1,0,1,0,0,0,1,0,0,0,1440,0.00288,0,0.0,522,0.004176,0.007056,6.254021167755127
BenchmarkTest02583.java,0,CWE-79,CWE-79,1,0,1,0,0,0,1,0,0,0,1411,0.002822,0,0.0,462,0.003696,0.0065179999999999995,5.496948480606079
BenchmarkTest02584.java,0,CWE-79,CWE-79,1,0,1,0,0,0,1,0,0,0,1434,0.002868,0,0.0,524,0.004192,0.00706,6.7855494022369385
BenchmarkTest02585.java,0,CWE-79,CWE-79,1,0,1,0,0,0,1,0,0,0,1443,0.002886,0,0.0,469,0.003752,0.006638,5.297550678253174
BenchmarkTest02586.java,0,CWE-79,CWE-79,1,0,1,0,0,0,1,0,0,0,1503,0.003006,0,0.0,406,0.003248,0.006254,6.927434682846069
BenchmarkTest02587.java,0,CWE-79,CWE-79,1,0,1,0,0,0,1,0,0,0,1658,0.003316,0,0.0,522,0.004176,0.007492,6.02312707901001
BenchmarkTest02588.java,0,CWE-79,CWE-79,1,0,1,0,0,0,1,0,0,0,1654,0.003308,0,0.0,559,0.004472,0.0077800000000000005,7.907583713531494
BenchmarkTest02589.java,0,CWE-79,CWE-79,1,0,0,1,0,0,0,1,0,0,1496,0.002992,0,0.0,589,0.004712,0.007704,6.955678939819336
BenchmarkTest02590.java,0,CWE-79,CWE-79,1,1,0,1,0,0,0,0,1,0,1532,0.003064,0,0.0,457,0.003656,0.00672,5.532825708389282
BenchmarkTest02591.java,0,CWE-79,CWE-79,1,0,1,0,0,0,1,0,0,0,1457,0.002914,0,0.0,548,0.004384,0.007298,6.161389350891113
BenchmarkTest02592.java,0,CWE-79,CWE-79,1,0,1,0,0,0,1,0,0,0,1493,0.002986,0,0.0,699,0.005592,0.008577999999999999,7.857298851013184
BenchmarkTest02593.java,0,CWE-79,CWE-79,1,1,0,1,0,0,0,0,1,0,1455,0.00291,0,0.0,423,0.003384,0.006293999999999999,5.361609935760498
BenchmarkTest02594.java,0,CWE-79,CWE-79,1,1,0,1,0,0,0,0,1,0,1450,0.0029,0,0.0,444,0.003552,0.006451999999999999,6.494039535522461
BenchmarkTest02595.java,0,CWE-79,CWE-79,1,0,1,0,0,0,1,0,0,0,1506,0.003012,0,0.0,534,0.004272,0.007284,6.577758550643921
BenchmarkTest02596.java,0,CWE-79,CWE-79,1,1,0,1,0,0,0,0,1,0,1426,0.002852,0,0.0,570,0.00456,0.007412,6.932907581329346
BenchmarkTest02597.java,0,CWE-79,CWE-79,1,0,1,0,0,0,1,0,0,0,1467,0.002934,0,0.0,630,0.00504,0.007974,7.799160957336426
BenchmarkTest02598.java,0,CWE-79,CWE-79,1,0,1,0,0,0,1,0,0,0,1440,0.00288,0,0.0,543,0.004344,0.0072239999999999995,6.073228120803833
BenchmarkTest02599.java,0,CWE-79,CWE-79,1,1,0,1,0,0,0,0,1,0,1449,0.002898,0,0.0,719,0.005752,0.00865,8.550749778747559
BenchmarkTest02600.java,0,CWE-79,CWE-79,1,0,1,0,0,0,1,0,0,0,1474,0.002948,0,0.0,556,0.004448,0.007396,6.661077976226807
BenchmarkTest02601.java,0,CWE-79,CWE-79,1,1,0,1,0,0,0,0,1,0,1451,0.002902,0,0.0,548,0.004384,0.007286,5.873467922210693
BenchmarkTest02602.java,0,CWE-330,CWE-330,1,0,1,0,0,0,1,0,0,0,1622,0.003244,0,0.0,355,0.00284,0.006084,4.583017826080322
BenchmarkTest02603.java,0,CWE-330,CWE-330,1,0,1,0,0,0,1,0,0,0,1434,0.002868,0,0.0,445,0.00356,0.006428,4.879725933074951
BenchmarkTest02604.java,0,CWE-330,CWE-330,1,0,1,0,0,0,1,0,0,0,1605,0.00321,0,0.0,407,0.003256,0.006466,5.036705255508423
BenchmarkTest02605.java,0,CWE-330,CWE-330,1,0,1,0,0,0,1,0,0,0,1418,0.002836,0,0.0,374,0.002992,0.005828,4.9979376792907715
BenchmarkTest02606.java,0,CWE-330,CWE-330,1,0,1,0,0,0,1,0,0,0,1454,0.002908,0,0.0,448,0.003584,0.0064919999999999995,5.221777677536011
BenchmarkTest02607.java,0,CWE-614,,,,0,0,1,0,0,0,1,0,,,,,,,,
BenchmarkTest02608.java,0,CWE-79,CWE-79,1,0,1,0,0,0,1,0,0,0,1417,0.002834,0,0.0,403,0.003224,0.006058,5.836905002593994
BenchmarkTest02609.java,0,CWE-79,CWE-79,1,1,0,1,0,0,0,0,1,0,1434,0.002868,0,0.0,650,0.0052,0.008067999999999999,7.461158514022827
BenchmarkTest02610.java,0,CWE-78,CWE-78,1,0,0,1,0,0,0,1,0,0,1252,0.002504,0,0.0,591,0.004728,0.007232000000000001,6.045084476470947
BenchmarkTest02611.java,0,CWE-78,CWE-78,1,0,1,0,0,0,1,0,0,0,1221,0.002442,0,0.0,542,0.004336,0.006777999999999999,6.336488246917725
BenchmarkTest02612.java,0,CWE-78,CWE-78,1,0,1,0,0,0,1,0,0,0,1060,0.00212,0,0.0,481,0.003848,0.005967999999999999,5.34679913520813
BenchmarkTest02613.java,0,CWE-78,CWE-78,1,0,1,0,0,0,1,0,0,0,1118,0.002236,0,0.0,563,0.004504,0.00674,7.137645959854126
BenchmarkTest02614.java,0,CWE-330,,,,0,0,1,0,0,0,1,0,,,,,,,,
BenchmarkTest02615.java,0,CWE-330,,,,0,0,1,0,0,0,1,0,,,,,,,,
BenchmarkTest02616.java,0,CWE-330,CWE-330,1,1,0,1,0,0,0,0,1,0,1507,0.003014,0,0.0,624,0.004992,0.008006,8.183381795883179
BenchmarkTest02617.java,0,CWE-330,,,,0,0,1,0,0,0,1,0,,,,,,,,
BenchmarkTest02618.java,0,CWE-330,,,,0,0,1,0,0,0,1,0,,,,,,,,
BenchmarkTest02619.java,0,CWE-330,,,,0,0,1,0,0,0,1,0,,,,,,,,
BenchmarkTest02620.java,0,CWE-330,,,,0,0,1,0,0,0,1,0,,,,,,,,
BenchmarkTest02621.java,0,CWE-330,,,,0,0,1,0,0,0,1,0,,,,,,,,
BenchmarkTest02625.java,0,CWE-89,CWE-89,1,0,1,0,0,0,1,0,0,0,1108,0.002216,0,0.0,516,0.004128,0.006344,9.095643281936646
BenchmarkTest02626.java,0,CWE-89,CWE-89,1,1,0,1,0,0,0,0,1,0,1054,0.002108,0,0.0,478,0.003824,0.005932,5.16998815536499
BenchmarkTest02627.java,0,CWE-89,CWE-89,1,0,1,0,0,0,1,0,0,0,1095,0.00219,0,0.0,499,0.003992,0.006182,6.154107332229614
BenchmarkTest02628.java,0,CWE-89,CWE-89,1,0,1,0,0,0,1,0,0,0,1130,0.00226,0,0.0,464,0.003712,0.005972,5.5439934730529785
BenchmarkTest02629.java,0,CWE-89,CWE-89,1,1,0,1,0,0,0,0,1,0,1117,0.002234,0,0.0,549,0.004392,0.006626,9.365215539932251
BenchmarkTest02630.java,0,CWE-89,CWE-89,1,0,1,0,0,0,1,0,0,0,1064,0.002128,0,0.0,427,0.003416,0.005544,5.137028455734253
BenchmarkTest02631.java,0,CWE-89,CWE-89,1,1,0,1,0,0,0,0,1,0,1069,0.002138,0,0.0,492,0.003936,0.006074,5.7450926303863525
BenchmarkTest02632.java,0,CWE-89,CWE-89,1,0,1,0,0,0,1,0,0,0,1126,0.002252,0,0.0,457,0.003656,0.005908,5.489046812057495
BenchmarkTest02633.java,0,CWE-89,CWE-89,1,1,0,1,0,0,0,0,1,0,1276,0.002552,0,0.0,604,0.004832,0.007384,8.57314944267273
BenchmarkTest02634.java,0,CWE-89,CWE-89,1,1,0,1,0,0,0,0,1,0,1126,0.002252,0,0.0,629,0.005032,0.0072840000000000005,7.97857666015625
BenchmarkTest02635.java,0,CWE-89,CWE-89,1,0,1,0,0,0,1,0,0,0,1167,0.002334,0,0.0,548,0.004384,0.006718,9.344937801361084
BenchmarkTest02636.java,0,CWE-89,CWE-89,1,0,0,1,0,0,0,1,0,0,1113,0.002226,0,0.0,465,0.00372,0.005946,5.733406066894531
BenchmarkTest02637.java,0,CWE-89,CWE-89,1,1,0,1,0,0,0,0,1,0,1080,0.00216,0,0.0,573,0.004584,0.006744,6.605145454406738
BenchmarkTest02638.java,0,CWE-89,CWE-89,1,0,1,0,0,0,1,0,0,0,1060,0.00212,0,0.0,419,0.003352,0.0054719999999999994,4.597310543060303
BenchmarkTest02639.java,0,CWE-89,,,,0,0,1,0,0,0,1,0,,,,,,,,
BenchmarkTest02640.java,0,CWE-89,,,,0,0,1,0,0,0,1,0,,,,,,,,
BenchmarkTest02641.java,0,CWE-89,CWE-89,1,0,1,0,0,0,1,0,0,0,1202,0.002404,0,0.0,312,0.002496,0.0049,3.5965113639831543
BenchmarkTest02642.java,0,CWE-89,,,,0,0,0,1,0,0,0,1,,,,,,,,
BenchmarkTest02643.java,0,CWE-89,,,,0,0,0,1,0,0,0,1,,,,,,,,
BenchmarkTest02644.java,0,CWE-89,,,,0,0,0,1,0,0,0,1,,,,,,,,
BenchmarkTest02645.java,0,CWE-89,,,,0,0,0,1,0,0,0,1,,,,,,,,
BenchmarkTest02646.java,0,CWE-89,CWE-89,1,0,1,0,0,0,1,0,0,0,1081,0.002162,0,0.0,482,0.003856,0.006018,6.0100579261779785
BenchmarkTest02647.java,0,CWE-89,CWE-89,1,0,1,0,0,0,1,0,0,0,1073,0.002146,0,0.0,436,0.003488,0.005634,5.073830604553223
BenchmarkTest02648.java,0,CWE-89,CWE-89,1,1,0,1,0,0,0,0,1,0,1123,0.002246,0,0.0,418,0.003344,0.00559,4.906969308853149
BenchmarkTest02649.java,0,CWE-89,CWE-89,1,0,1,0,0,0,1,0,0,0,1023,0.002046,0,0.0,318,0.002544,0.00459,3.444004535675049
BenchmarkTest02650.java,0,CWE-89,CWE-89,1,0,1,0,0,0,1,0,0,0,1115,0.00223,0,0.0,508,0.004064,0.006294,5.574730634689331
BenchmarkTest02651.java,0,CWE-89,CWE-89,1,0,1,0,0,0,1,0,0,0,1086,0.002172,0,0.0,450,0.0036,0.005771999999999999,6.02759313583374
BenchmarkTest02652.java,0,CWE-89,CWE-89,1,1,0,1,0,0,0,0,1,0,1262,0.002524,0,0.0,666,0.005328,0.007852000000000001,13.842258930206299
BenchmarkTest02653.java,0,CWE-89,CWE-89,1,0,1,0,0,0,1,0,0,0,1055,0.00211,0,0.0,356,0.002848,0.004958,4.566436290740967
BenchmarkTest02654.java,0,CWE-89,CWE-89,1,0,1,0,0,0,1,0,0,0,1081,0.002162,0,0.0,483,0.003864,0.006026,5.422956705093384
BenchmarkTest02655.java,0,CWE-89,CWE-89,1,0,1,0,0,0,1,0,0,0,1018,0.002036,0,0.0,402,0.003216,0.005252,4.31492280960083
BenchmarkTest02656.java,0,CWE-89,CWE-89,1,0,1,0,0,0,1,0,0,0,1059,0.002118,0,0.0,405,0.00324,0.005358,4.711092710494995
BenchmarkTest02657.java,0,CWE-89,CWE-89,1,1,0,1,0,0,0,0,1,0,1058,0.002116,0,0.0,487,0.003896,0.006012,4.9427900314331055
BenchmarkTest02658.java,0,CWE-327,CWE-327,1,0,1,0,0,0,1,0,0,0,1582,0.003164,0,0.0,399,0.003192,0.0063560000000000005,6.668566942214966
BenchmarkTest02659.java,0,CWE-327,,,,0,0,1,0,0,0,1,0,,,,,,,,
BenchmarkTest02660.java,0,CWE-327,CWE-327,1,0,1,0,0,0,1,0,0,0,1467,0.002934,0,0.0,331,0.002648,0.005582,6.1295411586761475
BenchmarkTest02661.java,0,CWE-327,CWE-327,1,0,1,0,0,0,1,0,0,0,1279,0.002558,0,0.0,369,0.002952,0.00551,5.188958644866943
BenchmarkTest02662.java,0,CWE-327,,,,0,0,1,0,0,0,1,0,,,,,,,,
BenchmarkTest02663.java,0,CWE-327,CWE-327,1,0,1,0,0,0,1,0,0,0,1239,0.002478,0,0.0,526,0.004208,0.006686,6.394355058670044
BenchmarkTest02664.java,0,CWE-22,,,,0,0,1,0,0,0,1,0,,,,,,,,
BenchmarkTest02665.java,0,CWE-22,,,,0,0,1,0,0,0,1,0,,,,,,,,
BenchmarkTest02666.java,0,CWE-22,,,,0,0,1,0,0,0,1,0,,,,,,,,
BenchmarkTest02667.java,0,CWE-22,,,,0,0,1,0,0,0,1,0,,,,,,,,
BenchmarkTest02668.java,0,CWE-22,,,,0,0,1,0,0,0,1,0,,,,,,,,
BenchmarkTest02669.java,0,CWE-22,,,,0,0,1,0,0,0,1,0,,,,,,,,
BenchmarkTest02670.java,0,CWE-328,CWE-916,0,0,1,0,0,0,1,0,0,0,1348,0.002696,0,0.0,387,0.003096,0.005792,4.64793586730957
BenchmarkTest02671.java,0,CWE-328,CWE-916,0,0,1,0,0,0,1,0,0,0,1375,0.00275,0,0.0,440,0.00352,0.0062699999999999995,6.047638177871704
BenchmarkTest02672.java,0,CWE-328,,,,0,0,1,0,0,0,1,0,,,,,,,,
BenchmarkTest02673.java,0,CWE-328,,,,0,0,1,0,0,0,1,0,,,,,,,,
BenchmarkTest02674.java,0,CWE-328,CWE-916,0,0,1,0,0,0,1,0,0,0,1401,0.002802,0,0.0,569,0.004552,0.007353999999999999,7.1430885791778564
BenchmarkTest02675.java,0,CWE-328,CWE-916,0,0,1,0,0,0,1,0,0,0,1199,0.002398,0,0.0,354,0.002832,0.00523,4.717260122299194
BenchmarkTest02676.java,0,CWE-328,,,,0,0,1,0,0,0,1,0,,,,,,,,
BenchmarkTest02677.java,0,CWE-328,,,,0,0,0,1,0,0,0,1,,,,,,,,
BenchmarkTest02678.java,0,CWE-328,,,,0,0,1,0,0,0,1,0,,,,,,,,
BenchmarkTest02679.java,0,CWE-79,,,,0,0,1,0,0,0,1,0,,,,,,,,
BenchmarkTest02680.java,0,CWE-79,,,,0,0,1,0,0,0,1,0,,,,,,,,
BenchmarkTest02681.java,0,CWE-79,,,,0,0,1,0,0,0,1,0,,,,,,,,
BenchmarkTest02682.java,0,CWE-79,,,,0,0,1,0,0,0,1,0,,,,,,,,
BenchmarkTest02683.java,0,CWE-79,,,,0,0,1,0,0,0,1,0,,,,,,,,
BenchmarkTest02684.java,0,CWE-79,,,,0,0,1,0,0,0,1,0,,,,,,,,
BenchmarkTest02685.java,0,CWE-79,,,,0,0,1,0,0,0,1,0,,,,,,,,
BenchmarkTest02686.java,0,CWE-79,,,,0,0,1,0,0,0,1,0,,,,,,,,
BenchmarkTest02687.java,0,CWE-79,,,,0,0,1,0,0,0,1,0,,,,,,,,
BenchmarkTest02688.java,0,CWE-79,,,,0,0,1,0,0,0,1,0,,,,,,,,
BenchmarkTest02689.java,0,CWE-79,,,,0,0,1,0,0,0,1,0,,,,,,,,
BenchmarkTest02690.java,0,CWE-79,,,,0,0,1,0,0,0,1,0,,,,,,,,
BenchmarkTest02691.java,0,CWE-79,,,,0,0,1,0,0,0,1,0,,,,,,,,
BenchmarkTest02692.java,0,CWE-79,,,,0,0,1,0,0,0,1,0,,,,,,,,
BenchmarkTest02693.java,0,CWE-79,,,,0,0,1,0,0,0,1,0,,,,,,,,
BenchmarkTest02694.java,0,CWE-79,,,,0,0,1,0,0,0,1,0,,,,,,,,
BenchmarkTest02695.java,0,CWE-79,,,,0,0,1,0,0,0,1,0,,,,,,,,
BenchmarkTest02696.java,0,CWE-79,,,,0,0,1,0,0,0,1,0,,,,,,,,
BenchmarkTest02697.java,0,CWE-78,,,,0,0,1,0,0,0,1,0,,,,,,,,
BenchmarkTest02698.java,0,CWE-78,,,,0,0,1,0,0,0,1,0,,,,,,,,
BenchmarkTest02699.java,0,CWE-78,,,,0,0,1,0,0,0,1,0,,,,,,,,
BenchmarkTest02700.java,0,CWE-330,CWE-330,1,0,1,0,0,0,1,0,0,0,1302,0.002604,0,0.0,432,0.003456,0.006059999999999999,4.660345077514648
BenchmarkTest02701.java,0,CWE-330,CWE-330,1,0,1,0,0,0,1,0,0,0,1278,0.002556,0,0.0,464,0.003712,0.006268,6.172072172164917
BenchmarkTest02702.java,0,CWE-330,CWE-330,1,0,1,0,0,0,1,0,0,0,1270,0.00254,0,0.0,367,0.002936,0.005476,4.549249172210693
BenchmarkTest02703.java,0,CWE-330,CWE-330,1,0,1,0,0,0,1,0,0,0,1267,0.002534,0,0.0,500,0.004,0.006534,5.95493221282959
BenchmarkTest02704.java,0,CWE-330,CWE-330,1,0,1,0,0,0,1,0,0,0,1295,0.00259,0,0.0,383,0.003064,0.005653999999999999,4.548486948013306
BenchmarkTest02705.java,0,CWE-330,CWE-330,1,0,1,0,0,0,1,0,0,0,1285,0.00257,0,0.0,445,0.00356,0.00613,5.356285095214844
BenchmarkTest02706.java,0,CWE-330,CWE-330,1,0,1,0,0,0,1,0,0,0,1262,0.002524,0,0.0,426,0.003408,0.005932,4.6511735916137695
BenchmarkTest02707.java,0,CWE-330,CWE-330,1,0,1,0,0,0,1,0,0,0,1253,0.002506,0,0.0,379,0.003032,0.0055379999999999995,4.612718820571899
BenchmarkTest02708.java,0,CWE-330,CWE-330,1,0,1,0,0,0,1,0,0,0,1228,0.002456,0,0.0,400,0.0032,0.005656,4.97320818901062
BenchmarkTest02709.java,0,CWE-614,CWE-614,1,0,1,0,0,0,1,0,0,0,1038,0.002076,0,0.0,269,0.002152,0.004228,5.098047733306885
BenchmarkTest02710.java,0,CWE-614,CWE-614,1,0,1,0,0,0,1,0,0,0,1012,0.002024,0,0.0,353,0.002824,0.004848,4.283257484436035
BenchmarkTest02711.java,0,CWE-614,,,,0,0,1,0,0,0,1,0,,,,,,,,
BenchmarkTest02712.java,0,CWE-79,,,,0,0,1,0,0,0,1,0,,,,,,,,
BenchmarkTest02713.java,0,CWE-78,,,,0,0,1,0,0,0,1,0,,,,,,,,
BenchmarkTest02714.java,0,CWE-78,,,,0,0,1,0,0,0,1,0,,,,,,,,
BenchmarkTest02715.java,0,CWE-330,,,,0,0,1,0,0,0,1,0,,,,,,,,
BenchmarkTest02716.java,0,CWE-330,,,,0,0,1,0,0,0,1,0,,,,,,,,
BenchmarkTest02717.java,0,CWE-330,,,,0,0,1,0,0,0,1,0,,,,,,,,
BenchmarkTest02718.java,0,CWE-330,,,,0,0,1,0,0,0,1,0,,,,,,,,
BenchmarkTest02719.java,0,CWE-330,,,,0,0,1,0,0,0,1,0,,,,,,,,
BenchmarkTest02720.java,0,CWE-330,,,,0,0,1,0,0,0,1,0,,,,,,,,
BenchmarkTest02721.java,0,CWE-330,,,,0,0,1,0,0,0,1,0,,,,,,,,
BenchmarkTest02727.java,0,CWE-89,,,,0,0,1,0,0,0,1,0,,,,,,,,
BenchmarkTest02728.java,0,CWE-89,,,,0,0,1,0,0,0,1,0,,,,,,,,
BenchmarkTest02729.java,0,CWE-89,,,,0,0,1,0,0,0,1,0,,,,,,,,
BenchmarkTest02730.java,0,CWE-89,,,,0,0,1,0,0,0,1,0,,,,,,,,
BenchmarkTest02731.java,0,CWE-89,,,,0,0,1,0,0,0,1,0,,,,,,,,
BenchmarkTest02732.java,0,CWE-89,,,,0,0,1,0,0,0,1,0,,,,,,,,
BenchmarkTest02733.java,0,CWE-89,,,,0,0,1,0,0,0,1,0,,,,,,,,
BenchmarkTest02734.java,0,CWE-89,,,,0,0,1,0,0,0,1,0,,,,,,,,
BenchmarkTest02735.java,0,CWE-89,,,,0,0,1,0,0,0,1,0,,,,,,,,
BenchmarkTest02736.java,0,CWE-89,,,,0,0,1,0,0,0,1,0,,,,,,,,
BenchmarkTest02737.java,0,CWE-89,,,,0,0,1,0,0,0,1,0,,,,,,,,
BenchmarkTest02738.java,0,CWE-89,,,,0,0,1,0,0,0,1,0,,,,,,,,
BenchmarkTest02739.java,0,CWE-89,,,,0,0,1,0,0,0,1,0,,,,,,,,
BenchmarkTest02740.java,0,CWE-89,,,,0,0,1,0,0,0,1,0,,,,,,,,
