file_name,error,correct_cwe,matched_cwe,direct_match,was_changed,tp_old,fp_old,tn_old,fn_old,tp_new,fp_new,tn_new,fn_new,input_token,input_cost,reasoning_token,reasoning_cost,output_token,output_cost,total_cost,analysis_time
BenchmarkTest00001.java,0,CWE-22,CWE-23,0,0,1,0,0,0,1,0,0,0,2557,0.00012785000000000002,384,0.00015360000000000002,13,5.2e-06,0.00028665000000000006,3.023653507232666
BenchmarkTest00002.java,0,CWE-22,CWE-23,0,0,1,0,0,0,1,0,0,0,2449,0.00012245,576,0.00023040000000000002,13,5.2e-06,0.00035805000000000006,4.2370946407318115
BenchmarkTest00003.java,0,CWE-328,,,,0,0,0,1,0,0,0,1,,,,,,,,
BenchmarkTest00005.java,0,CWE-327,CWE-327,1,0,1,0,0,0,1,0,0,0,2331,0.00011655000000000001,320,0.000128,13,5.2e-06,0.00024975,3.7849831581115723
BenchmarkTest00006.java,0,CWE-78,CWE-78,1,0,1,0,0,0,1,0,0,0,2051,0.00010255000000000001,704,0.0002816,13,5.2e-06,0.00038935000000000006,4.2919440269470215
BenchmarkTest00007.java,0,CWE-78,CWE-78,1,0,1,0,0,0,1,0,0,0,1962,9.810000000000001e-05,2304,0.0009216000000000001,13,5.2e-06,0.0010249,13.129399538040161
BenchmarkTest00008.java,0,CWE-89,CWE-89,1,0,1,0,0,0,1,0,0,0,1962,9.810000000000001e-05,704,0.0002816,13,5.2e-06,0.00038490000000000003,4.5903544425964355
BenchmarkTest00009.java,0,CWE-328,,,,0,0,1,0,0,0,1,0,,,,,,,,
BenchmarkTest00010.java,0,CWE-330,,,,0,0,1,0,0,0,1,0,,,,,,,,
BenchmarkTest00011.java,0,CWE-22,CWE-23,0,1,1,0,0,0,0,0,0,1,2273,0.00011365000000000001,1088,0.00043520000000000006,12,4.800000000000001e-06,0.00055365,5.90279746055603
BenchmarkTest00012.java,0,CWE-90,CWE-90,1,0,1,0,0,0,1,0,0,0,2285,0.00011425,384,0.00015360000000000002,13,5.2e-06,0.00027305000000000005,3.2323832511901855
BenchmarkTest00013.java,0,CWE-79,CWE-79,1,0,1,0,0,0,1,0,0,0,2381,0.00011905000000000001,1088,0.00043520000000000006,13,5.2e-06,0.0005594500000000001,6.37462854385376
BenchmarkTest00014.java,0,CWE-79,CWE-79,1,0,1,0,0,0,1,0,0,0,2378,0.0001189,1152,0.00046080000000000003,13,5.2e-06,0.0005849000000000001,9.098753213882446
BenchmarkTest00015.java,0,CWE-78,CWE-78,1,0,1,0,0,0,1,0,0,0,2063,0.00010315,768,0.00030720000000000004,13,5.2e-06,0.00041555000000000004,4.255497694015503
BenchmarkTest00016.java,0,CWE-614,,,,0,0,1,0,0,0,1,0,,,,,,,,
BenchmarkTest00017.java,0,CWE-78,CWE-78,1,0,1,0,0,0,1,0,0,0,2031,0.00010155000000000002,768,0.00030720000000000004,13,5.2e-06,0.00041395000000000006,5.522925615310669
BenchmarkTest00018.java,0,CWE-89,CWE-89,1,0,1,0,0,0,1,0,0,0,1969,9.845000000000001e-05,448,0.00017920000000000002,13,5.2e-06,0.00028285000000000007,3.3320975303649902
BenchmarkTest00019.java,0,CWE-327,CWE-327,1,0,1,0,0,0,1,0,0,0,2280,0.000114,832,0.0003328,13,5.2e-06,0.00045200000000000004,6.66376805305481
BenchmarkTest00020.java,0,CWE-327,CWE-327,1,0,1,0,0,0,1,0,0,0,2662,0.00013309999999999998,320,0.000128,13,5.2e-06,0.0002663,2.505053758621216
BenchmarkTest00021.java,0,CWE-90,CWE-90,1,0,1,0,0,0,1,0,0,0,2226,0.00011130000000000001,384,0.00015360000000000002,13,5.2e-06,0.00027010000000000006,2.7521307468414307
BenchmarkTest00022.java,0,CWE-328,,,,0,0,1,0,0,0,1,0,,,,,,,,
BenchmarkTest00023.java,0,CWE-330,CWE-330,1,0,1,0,0,0,1,0,0,0,2305,0.00011525,640,0.000256,13,5.2e-06,0.00037645,3.9606499671936035
BenchmarkTest00024.java,0,CWE-89,CWE-89,1,0,1,0,0,0,1,0,0,0,1984,9.92e-05,512,0.00020480000000000002,13,5.2e-06,0.00030920000000000003,2.9883008003234863
BenchmarkTest00025.java,0,CWE-89,,,,0,0,0,1,0,0,0,1,,,,,,,,
BenchmarkTest00026.java,0,CWE-89,,,,0,0,0,1,0,0,0,1,,,,,,,,
BenchmarkTest00027.java,0,CWE-89,CWE-89,1,0,1,0,0,0,1,0,0,0,1932,9.66e-05,256,0.00010240000000000001,13,5.2e-06,0.0002042,2.1716866493225098
BenchmarkTest00028.java,0,CWE-22,CWE-23,0,0,1,0,0,0,1,0,0,0,2310,0.0001155,448,0.00017920000000000002,14,5.600000000000001e-06,0.0003003,5.701662540435791
BenchmarkTest00029.java,0,CWE-328,,,,0,0,0,1,0,0,0,1,,,,,,,,
BenchmarkTest00030.java,0,CWE-79,CWE-79,1,0,1,0,0,0,1,0,0,0,2371,0.00011855000000000001,1152,0.00046080000000000003,13,5.2e-06,0.0005845500000000001,6.76047420501709
BenchmarkTest00032.java,0,CWE-89,,,,0,0,0,1,0,0,0,1,,,,,,,,
BenchmarkTest00033.java,0,CWE-89,,,,0,0,0,1,0,0,0,1,,,,,,,,
BenchmarkTest00034.java,0,CWE-89,CWE-89,1,0,1,0,0,0,1,0,0,0,1970,9.85e-05,256,0.00010240000000000001,13,5.2e-06,0.0002061,4.841365098953247
BenchmarkTest00035.java,0,CWE-327,CWE-327,1,0,1,0,0,0,1,0,0,0,2394,0.00011970000000000001,1408,0.0005632,13,5.2e-06,0.0006881000000000001,7.091265678405762
BenchmarkTest00036.java,0,CWE-79,CWE-79,1,0,1,0,0,0,1,0,0,0,2456,0.0001228,960,0.000384,13,5.2e-06,0.000512,5.301361322402954
BenchmarkTest00037.java,0,CWE-89,CWE-89,1,0,1,0,0,0,1,0,0,0,2084,0.0001042,896,0.00035840000000000004,13,5.2e-06,0.00046780000000000004,5.431772947311401
BenchmarkTest00038.java,0,CWE-89,CWE-89,1,0,1,0,0,0,1,0,0,0,2216,0.00011080000000000001,1280,0.000512,13,5.2e-06,0.000628,9.266711473464966
BenchmarkTest00039.java,0,CWE-89,,,,0,0,0,1,0,0,0,1,,,,,,,,
BenchmarkTest00040.java,0,CWE-22,,,,0,0,0,1,0,0,0,1,,,,,,,,
BenchmarkTest00041.java,0,CWE-79,,,,0,0,0,1,0,0,0,1,,,,,,,,
BenchmarkTest00042.java,0,CWE-330,,,,0,0,1,0,0,0,1,0,,,,,,,,
BenchmarkTest00043.java,0,CWE-89,,,,0,0,0,1,0,0,0,1,,,,,,,,
BenchmarkTest00044.java,0,CWE-90,CWE-90,1,0,1,0,0,0,1,0,0,0,2225,0.00011125,256,0.00010240000000000001,13,5.2e-06,0.00021885,2.5041847229003906
BenchmarkTest00045.java,0,CWE-22,CWE-23,0,0,1,0,0,0,1,0,0,0,2260,0.000113,960,0.000384,13,5.2e-06,0.0005022000000000001,5.137472629547119
BenchmarkTest00046.java,0,CWE-328,CWE-916,0,0,1,0,0,0,1,0,0,0,2251,0.00011255000000000001,704,0.0002816,13,5.2e-06,0.00039935000000000003,4.997111558914185
BenchmarkTest00047.java,0,CWE-79,CWE-79,1,0,1,0,0,0,1,0,0,0,2499,0.00012495,960,0.000384,13,5.2e-06,0.00051415,5.208353519439697
BenchmarkTest00048.java,0,CWE-79,CWE-79,1,0,1,0,0,0,1,0,0,0,2494,0.0001247,576,0.00023040000000000002,13,5.2e-06,0.00036030000000000003,3.99173903465271
BenchmarkTest00049.java,0,CWE-79,CWE-79,1,0,1,0,0,0,1,0,0,0,2492,0.00012460000000000002,576,0.00023040000000000002,13,5.2e-06,0.0003602000000000001,4.492967128753662
BenchmarkTest00050.java,0,CWE-327,CWE-327,1,0,1,0,0,0,1,0,0,0,2678,0.0001339,512,0.00020480000000000002,13,5.2e-06,0.00034390000000000007,3.164884567260742
BenchmarkTest00051.java,0,CWE-78,,,,0,0,1,0,0,0,1,0,,,,,,,,
BenchmarkTest00052.java,0,CWE-89,,,,0,0,1,0,0,0,1,0,,,,,,,,
BenchmarkTest00053.java,0,CWE-327,CWE-327,1,0,1,0,0,0,1,0,0,0,2813,0.00014065,576,0.00023040000000000002,13,5.2e-06,0.00037625000000000007,3.988368511199951
BenchmarkTest00054.java,0,CWE-327,,,,0,0,1,0,0,0,1,0,,,,,,,,
BenchmarkTest00055.java,0,CWE-327,CWE-327,1,0,1,0,0,0,1,0,0,0,2842,0.00014209999999999998,320,0.000128,13,5.2e-06,0.0002753,3.472754955291748
BenchmarkTest00056.java,0,CWE-327,CWE-327,1,0,1,0,0,0,1,0,0,0,2909,0.00014545,512,0.00020480000000000002,13,5.2e-06,0.00035545000000000005,4.998786211013794
BenchmarkTest00057.java,0,CWE-327,CWE-327,1,0,1,0,0,0,1,0,0,0,2519,0.00012595,384,0.00015360000000000002,13,5.2e-06,0.00028475000000000006,3.017803192138672
BenchmarkTest00058.java,0,CWE-327,,,,0,0,1,0,0,0,1,0,,,,,,,,
BenchmarkTest00059.java,0,CWE-327,,,,0,0,1,0,0,0,1,0,,,,,,,,
BenchmarkTest00060.java,0,CWE-22,CWE-23,0,0,1,0,0,0,1,0,0,0,2472,0.0001236,960,0.000384,13,5.2e-06,0.0005128,5.466760873794556
BenchmarkTest00061.java,0,CWE-22,CWE-23,0,1,1,0,0,0,0,0,0,1,2459,0.00012295,1600,0.00064,12,4.800000000000001e-06,0.0007677500000000001,10.966193914413452
BenchmarkTest00062.java,0,CWE-22,CWE-23,0,0,1,0,0,0,1,0,0,0,2648,0.0001324,576,0.00023040000000000002,13,5.2e-06,0.00036800000000000005,5.012160778045654
BenchmarkTest00063.java,0,CWE-22,,,,0,0,1,0,0,0,1,0,,,,,,,,
BenchmarkTest00064.java,0,CWE-22,,,,0,0,1,0,0,0,1,0,,,,,,,,
BenchmarkTest00065.java,0,CWE-22,CWE-23,0,0,1,0,0,0,1,0,0,0,2619,0.00013095,768,0.00030720000000000004,13,5.2e-06,0.00044335000000000007,5.989689588546753
BenchmarkTest00066.java,0,CWE-330,CWE-330,1,0,1,0,0,0,1,0,0,0,2511,0.00012555000000000002,576,0.00023040000000000002,13,5.2e-06,0.0003611500000000001,4.447619915008545
BenchmarkTest00067.java,0,CWE-330,CWE-330,1,0,1,0,0,0,1,0,0,0,2710,0.0001355,320,0.000128,13,5.2e-06,0.00026869999999999997,3.396038770675659
BenchmarkTest00068.java,0,CWE-330,CWE-330,1,0,1,0,0,0,1,0,0,0,2505,0.00012525,320,0.000128,13,5.2e-06,0.00025845,4.409873962402344
BenchmarkTest00069.java,0,CWE-328,,,,0,0,1,0,0,0,1,0,,,,,,,,
BenchmarkTest00070.java,0,CWE-328,CWE-916,0,0,1,0,0,0,1,0,0,0,2504,0.0001252,704,0.0002816,13,5.2e-06,0.00041200000000000004,5.739621877670288
BenchmarkTest00071.java,0,CWE-328,CWE-916,0,0,1,0,0,0,1,0,0,0,2508,0.0001254,960,0.000384,13,5.2e-06,0.0005146,6.461222171783447
BenchmarkTest00072.java,0,CWE-328,,,,0,0,1,0,0,0,1,0,,,,,,,,
BenchmarkTest00073.java,0,CWE-328,CWE-916,0,0,1,0,0,0,1,0,0,0,2491,0.00012455000000000002,576,0.00023040000000000002,13,5.2e-06,0.00036015000000000005,4.653714418411255
BenchmarkTest00074.java,0,CWE-328,,,,0,0,0,1,0,0,0,1,,,,,,,,
BenchmarkTest00075.java,0,CWE-328,,,,0,0,1,0,0,0,1,0,,,,,,,,
BenchmarkTest00076.java,0,CWE-328,,,,0,0,1,0,0,0,1,0,,,,,,,,
BenchmarkTest00077.java,0,CWE-78,CWE-78,1,0,1,0,0,0,1,0,0,0,2296,0.00011480000000000001,640,0.000256,13,5.2e-06,0.00037600000000000003,3.927732467651367
BenchmarkTest00078.java,0,CWE-330,CWE-330,1,0,1,0,0,0,1,0,0,0,2524,0.0001262,1280,0.000512,14,5.600000000000001e-06,0.0006438,8.059325933456421
BenchmarkTest00079.java,0,CWE-330,CWE-330,1,0,1,0,0,0,1,0,0,0,2574,0.0001287,384,0.00015360000000000002,13,5.2e-06,0.00028750000000000005,2.3653564453125
BenchmarkTest00080.java,0,CWE-330,CWE-330,1,0,1,0,0,0,1,0,0,0,2487,0.00012435000000000001,640,0.000256,13,5.2e-06,0.00038555,3.4981491565704346
BenchmarkTest00081.java,0,CWE-330,CWE-330,1,0,1,0,0,0,1,0,0,0,2472,0.0001236,1408,0.0005632,14,5.600000000000001e-06,0.0006924,8.227713108062744
BenchmarkTest00082.java,0,CWE-330,CWE-330,1,0,1,0,0,0,1,0,0,0,2483,0.00012415,384,0.00015360000000000002,13,5.2e-06,0.00028295,2.4323885440826416
BenchmarkTest00083.java,0,CWE-330,CWE-330,1,0,1,0,0,0,1,0,0,0,2499,0.00012495,512,0.00020480000000000002,13,5.2e-06,0.00033495000000000004,5.107789993286133
BenchmarkTest00084.java,0,CWE-330,CWE-330,1,0,1,0,0,0,1,0,0,0,2481,0.00012405,512,0.00020480000000000002,13,5.2e-06,0.00033405,2.7292189598083496
BenchmarkTest00085.java,0,CWE-330,CWE-330,1,0,1,0,0,0,1,0,0,0,2540,0.000127,448,0.00017920000000000002,13,5.2e-06,0.00031140000000000003,2.6131560802459717
BenchmarkTest00086.java,0,CWE-330,CWE-330,1,0,1,0,0,0,1,0,0,0,2496,0.00012480000000000002,256,0.00010240000000000001,13,5.2e-06,0.00023240000000000004,2.345851421356201
BenchmarkTest00087.java,0,CWE-614,CWE-614,1,0,1,0,0,0,1,0,0,0,2287,0.00011435000000000001,384,0.00015360000000000002,13,5.2e-06,0.00027315000000000005,3.800690174102783
BenchmarkTest00088.java,0,CWE-614,,,,0,0,1,0,0,0,1,0,,,,,,,,
BenchmarkTest00089.java,0,CWE-614,,,,0,0,1,0,0,0,1,0,,,,,,,,
BenchmarkTest00090.java,0,CWE-78,,,,0,0,1,0,0,0,1,0,,,,,,,,
BenchmarkTest00091.java,0,CWE-78,CWE-78,1,0,1,0,0,0,1,0,0,0,2121,0.00010605000000000002,1536,0.0006144000000000001,13,5.2e-06,0.0007256500000000001,7.544774532318115
BenchmarkTest00092.java,0,CWE-78,CWE-78,1,0,1,0,0,0,1,0,0,0,2213,0.00011065,1088,0.00043520000000000006,13,5.2e-06,0.0005510500000000001,5.92634129524231
BenchmarkTest00093.java,0,CWE-78,CWE-78,1,1,0,1,0,0,0,0,1,0,2262,0.00011310000000000001,1536,0.0006144000000000001,12,4.800000000000001e-06,0.0007323000000000001,7.804798603057861
BenchmarkTest00094.java,0,CWE-330,,,,0,0,1,0,0,0,1,0,,,,,,,,
BenchmarkTest00095.java,0,CWE-330,,,,0,0,1,0,0,0,1,0,,,,,,,,
BenchmarkTest00096.java,0,CWE-330,,,,0,0,1,0,0,0,1,0,,,,,,,,
BenchmarkTest00100.java,0,CWE-89,CWE-89,1,0,1,0,0,0,1,0,0,0,2246,0.0001123,640,0.000256,13,5.2e-06,0.0003735,3.9319465160369873
BenchmarkTest00101.java,0,CWE-89,CWE-89,1,0,1,0,0,0,1,0,0,0,2200,0.00011,512,0.00020480000000000002,13,5.2e-06,0.00032,4.116230010986328
BenchmarkTest00102.java,0,CWE-89,,,,0,0,0,1,0,0,0,1,,,,,,,,
BenchmarkTest00103.java,0,CWE-89,,,,0,0,0,1,0,0,0,1,,,,,,,,
BenchmarkTest00104.java,0,CWE-89,,,,0,0,1,0,0,0,1,0,,,,,,,,
BenchmarkTest00105.java,0,CWE-89,,,,0,0,1,0,0,0,1,0,,,,,,,,
BenchmarkTest00106.java,0,CWE-89,CWE-89,1,0,1,0,0,0,1,0,0,0,2183,0.00010915000000000001,320,0.000128,13,5.2e-06,0.00024234999999999998,3.7620127201080322
BenchmarkTest00107.java,0,CWE-89,,,,0,0,1,0,0,0,1,0,,,,,,,,
BenchmarkTest00108.java,0,CWE-89,CWE-89,1,0,1,0,0,0,1,0,0,0,2216,0.00011080000000000001,256,0.00010240000000000001,13,5.2e-06,0.00021840000000000002,3.456435203552246
BenchmarkTest00109.java,0,CWE-89,CWE-89,1,0,1,0,0,0,1,0,0,0,2162,0.00010810000000000001,640,0.000256,13,5.2e-06,0.00036930000000000003,4.789273738861084
BenchmarkTest00110.java,0,CWE-89,,,,0,0,1,0,0,0,1,0,,,,,,,,
BenchmarkTest00111.java,0,CWE-89,CWE-89,1,0,1,0,0,0,1,0,0,0,2178,0.0001089,576,0.00023040000000000002,13,5.2e-06,0.0003445,4.095890998840332
BenchmarkTest00112.java,0,CWE-89,CWE-89,1,0,1,0,0,0,1,0,0,0,2135,0.00010675,640,0.000256,13,5.2e-06,0.00036795,3.960888147354126
BenchmarkTest00113.java,0,CWE-89,CWE-89,1,1,0,1,0,0,0,0,1,0,2209,0.00011045,512,0.00020480000000000002,12,4.800000000000001e-06,0.00032005,2.6403892040252686
BenchmarkTest00114.java,0,CWE-89,,,,0,0,1,0,0,0,1,0,,,,,,,,
BenchmarkTest00115.java,0,CWE-89,CWE-89,1,0,1,0,0,0,1,0,0,0,2203,0.00011015000000000001,576,0.00023040000000000002,13,5.2e-06,0.00034575000000000003,3.3342461585998535
BenchmarkTest00116.java,0,CWE-643,CWE-643,1,1,0,1,0,0,0,0,1,0,2370,0.0001185,448,0.00017920000000000002,12,4.800000000000001e-06,0.00030250000000000003,2.8983683586120605
BenchmarkTest00117.java,0,CWE-643,,,,0,0,1,0,0,0,1,0,,,,,,,,
BenchmarkTest00118.java,0,CWE-643,,,,0,0,1,0,0,0,1,0,,,,,,,,
BenchmarkTest00119.java,0,CWE-327,CWE-327,1,0,1,0,0,0,1,0,0,0,2853,0.00014265,448,0.00017920000000000002,13,5.2e-06,0.00032705000000000006,2.8298377990722656
BenchmarkTest00120.java,0,CWE-327,CWE-327,1,0,1,0,0,0,1,0,0,0,2689,0.00013445000000000002,320,0.000128,13,5.2e-06,0.00026765000000000003,2.582465171813965
BenchmarkTest00121.java,0,CWE-327,,,,0,0,1,0,0,0,1,0,,,,,,,,
BenchmarkTest00122.java,0,CWE-327,,,,0,0,1,0,0,0,1,0,,,,,,,,
BenchmarkTest00123.java,0,CWE-327,CWE-327,1,0,1,0,0,0,1,0,0,0,2349,0.00011745000000000001,320,0.000128,13,5.2e-06,0.00025065000000000005,2.2178354263305664
BenchmarkTest00124.java,0,CWE-327,CWE-327,1,0,1,0,0,0,1,0,0,0,2368,0.0001184,128,5.1200000000000004e-05,13,5.2e-06,0.0001748,1.7645721435546875
BenchmarkTest00125.java,0,CWE-327,CWE-327,1,0,1,0,0,0,1,0,0,0,2351,0.00011755000000000001,256,0.00010240000000000001,13,5.2e-06,0.00022515,1.6654889583587646
BenchmarkTest00126.java,0,CWE-327,,,,0,0,1,0,0,0,1,0,,,,,,,,
BenchmarkTest00127.java,0,CWE-327,,,,0,0,1,0,0,0,1,0,,,,,,,,
BenchmarkTest00128.java,0,CWE-327,,,,0,0,1,0,0,0,1,0,,,,,,,,
BenchmarkTest00129.java,0,CWE-327,,,,0,0,1,0,0,0,1,0,,,,,,,,
BenchmarkTest00130.java,0,CWE-327,,,,0,0,1,0,0,0,1,0,,,,,,,,
BenchmarkTest00131.java,0,CWE-22,CWE-23,0,1,0,1,0,0,0,0,1,0,2348,0.00011740000000000001,448,0.00017920000000000002,12,4.800000000000001e-06,0.00030140000000000006,2.774855136871338
BenchmarkTest00132.java,0,CWE-22,CWE-23,0,1,0,1,0,0,0,0,1,0,2501,0.00012505,1088,0.00043520000000000006,13,5.2e-06,0.0005654500000000001,6.057100057601929
BenchmarkTest00133.java,0,CWE-22,CWE-23,0,0,1,0,0,0,1,0,0,0,2389,0.00011945,576,0.00023040000000000002,13,5.2e-06,0.00035505000000000004,4.946073770523071
BenchmarkTest00134.java,0,CWE-22,CWE-23,0,0,0,1,0,0,0,1,0,0,2337,0.00011685000000000001,1344,0.0005376000000000001,14,5.600000000000001e-06,0.0006600500000000001,7.244459867477417
BenchmarkTest00135.java,0,CWE-22,CWE-23,0,1,0,1,0,0,0,0,1,0,2355,0.00011775,1152,0.00046080000000000003,12,4.800000000000001e-06,0.0005833500000000001,6.426023721694946
BenchmarkTest00136.java,0,CWE-22,CWE-23,0,0,0,1,0,0,0,1,0,0,2393,0.00011965000000000001,576,0.00023040000000000002,13,5.2e-06,0.00035525000000000004,3.5020766258239746
BenchmarkTest00137.java,0,CWE-22,CWE-23,0,1,0,1,0,0,0,0,1,0,2527,0.00012635,448,0.00017920000000000002,12,4.800000000000001e-06,0.00031035000000000004,3.683013677597046
BenchmarkTest00138.java,0,CWE-90,,,,0,0,1,0,0,0,1,0,,,,,,,,
BenchmarkTest00139.java,0,CWE-90,,,,0,0,1,0,0,0,1,0,,,,,,,,
BenchmarkTest00140.java,0,CWE-330,CWE-330,1,0,1,0,0,0,1,0,0,0,2391,0.00011955,384,0.00015360000000000002,13,5.2e-06,0.00027835,2.187026023864746
BenchmarkTest00141.java,0,CWE-328,CWE-916,0,0,1,0,0,0,1,0,0,0,2404,0.00012020000000000001,512,0.00020480000000000002,13,5.2e-06,0.00033020000000000006,3.3184731006622314
BenchmarkTest00142.java,0,CWE-328,,,,0,0,1,0,0,0,1,0,,,,,,,,
BenchmarkTest00143.java,0,CWE-328,,,,0,0,0,1,0,0,0,1,,,,,,,,
BenchmarkTest00144.java,0,CWE-79,CWE-79,1,0,1,0,0,0,1,0,0,0,2437,0.00012185000000000001,1664,0.0006656,14,5.600000000000001e-06,0.0007930500000000001,8.27858567237854
BenchmarkTest00145.java,0,CWE-79,CWE-79,1,0,1,0,0,0,1,0,0,0,2459,0.00012295,1536,0.0006144000000000001,13,5.2e-06,0.0007425500000000001,7.466526031494141
BenchmarkTest00146.java,0,CWE-79,CWE-79,1,0,1,0,0,0,1,0,0,0,2430,0.0001215,1344,0.0005376000000000001,13,5.2e-06,0.0006643,7.176060676574707
BenchmarkTest00147.java,0,CWE-79,CWE-79,1,1,0,1,0,0,0,0,1,0,2445,0.00012225,1152,0.00046080000000000003,12,4.800000000000001e-06,0.00058785,8.850420236587524
BenchmarkTest00148.java,0,CWE-79,CWE-79,1,0,1,0,0,0,1,0,0,0,2411,0.00012055000000000002,768,0.00030720000000000004,13,5.2e-06,0.0004329500000000001,7.201406240463257
BenchmarkTest00149.java,0,CWE-79,CWE-79,1,0,1,0,0,0,1,0,0,0,2406,0.00012030000000000001,896,0.00035840000000000004,13,5.2e-06,0.00048390000000000005,6.600880146026611
BenchmarkTest00150.java,0,CWE-79,CWE-79,1,0,1,0,0,0,1,0,0,0,2416,0.00012080000000000001,640,0.000256,13,5.2e-06,0.000382,4.368621587753296
BenchmarkTest00151.java,0,CWE-79,CWE-79,1,1,0,1,0,0,0,0,1,0,2438,0.00012190000000000001,896,0.00035840000000000004,12,4.800000000000001e-06,0.00048510000000000003,5.449230909347534
BenchmarkTest00152.java,0,CWE-79,CWE-79,1,0,1,0,0,0,1,0,0,0,2451,0.00012255000000000002,512,0.00020480000000000002,13,5.2e-06,0.00033255000000000003,2.984229564666748
BenchmarkTest00153.java,0,CWE-79,CWE-79,1,0,1,0,0,0,1,0,0,0,2441,0.00012205000000000001,576,0.00023040000000000002,13,5.2e-06,0.00035765000000000005,4.209819316864014
BenchmarkTest00154.java,0,CWE-79,CWE-79,1,0,1,0,0,0,1,0,0,0,2449,0.00012245,512,0.00020480000000000002,13,5.2e-06,0.00033245000000000003,2.8524904251098633
BenchmarkTest00155.java,0,CWE-79,CWE-79,1,0,1,0,0,0,1,0,0,0,2387,0.00011935000000000001,896,0.00035840000000000004,13,5.2e-06,0.00048295000000000006,6.412757873535156
BenchmarkTest00156.java,0,CWE-79,CWE-79,1,0,1,0,0,0,1,0,0,0,2425,0.00012125,576,0.00023040000000000002,13,5.2e-06,0.00035685000000000003,3.25879168510437
BenchmarkTest00157.java,0,CWE-79,CWE-79,1,0,1,0,0,0,1,0,0,0,2385,0.00011925,704,0.0002816,13,5.2e-06,0.00040605000000000003,3.8609156608581543
BenchmarkTest00158.java,0,CWE-78,,,,0,0,1,0,0,0,1,0,,,,,,,,
BenchmarkTest00159.java,0,CWE-78,CWE-78,1,0,1,0,0,0,1,0,0,0,2085,0.00010425,1280,0.000512,13,5.2e-06,0.00062145,7.784099340438843
BenchmarkTest00160.java,0,CWE-330,CWE-330,1,0,1,0,0,0,1,0,0,0,2392,0.00011960000000000001,384,0.00015360000000000002,13,5.2e-06,0.00027840000000000005,2.669187068939209
BenchmarkTest00161.java,0,CWE-330,CWE-330,1,0,1,0,0,0,1,0,0,0,2463,0.00012315,320,0.000128,13,5.2e-06,0.00025635,2.2880327701568604
BenchmarkTest00162.java,0,CWE-330,CWE-330,1,0,1,0,0,0,1,0,0,0,2320,0.000116,448,0.00017920000000000002,13,5.2e-06,0.00030040000000000004,2.7931623458862305
BenchmarkTest00163.java,0,CWE-330,CWE-330,1,0,1,0,0,0,1,0,0,0,2337,0.00011685000000000001,1920,0.000768,13,5.2e-06,0.0008900500000000001,10.786069393157959
BenchmarkTest00164.java,0,CWE-330,CWE-330,1,0,1,0,0,0,1,0,0,0,2340,0.000117,768,0.00030720000000000004,13,5.2e-06,0.00042940000000000003,5.913877010345459
BenchmarkTest00165.java,0,CWE-330,CWE-330,1,0,1,0,0,0,1,0,0,0,2337,0.00011685000000000001,960,0.000384,13,5.2e-06,0.0005060500000000001,5.518796682357788
BenchmarkTest00166.java,0,CWE-330,CWE-330,1,0,1,0,0,0,1,0,0,0,2305,0.00011525,512,0.00020480000000000002,13,5.2e-06,0.00032525,4.09128737449646
BenchmarkTest00167.java,0,CWE-330,CWE-330,1,0,1,0,0,0,1,0,0,0,2353,0.00011765,640,0.000256,13,5.2e-06,0.00037885,4.102726697921753
BenchmarkTest00168.java,0,CWE-330,CWE-330,1,0,1,0,0,0,1,0,0,0,2339,0.00011695,1152,0.00046080000000000003,13,5.2e-06,0.00058295,6.553544282913208
BenchmarkTest00169.java,0,CWE-614,CWE-614,1,0,1,0,0,0,1,0,0,0,2161,0.00010805000000000001,192,7.680000000000001e-05,13,5.2e-06,0.00019005,3.397770881652832
BenchmarkTest00170.java,0,CWE-614,CWE-614,1,0,1,0,0,0,1,0,0,0,2333,0.00011665,448,0.00017920000000000002,13,5.2e-06,0.00030105,4.567901372909546
BenchmarkTest00171.java,0,CWE-78,CWE-78,1,1,0,1,0,0,0,0,1,0,2240,0.000112,768,0.00030720000000000004,12,4.800000000000001e-06,0.00042400000000000006,5.244560718536377
BenchmarkTest00172.java,0,CWE-78,CWE-78,1,0,1,0,0,0,1,0,0,0,2064,0.0001032,2560,0.001024,13,5.2e-06,0.0011323999999999998,15.277225971221924
BenchmarkTest00173.java,0,CWE-78,CWE-78,1,0,1,0,0,0,1,0,0,0,2045,0.00010225,1088,0.00043520000000000006,13,5.2e-06,0.0005426500000000001,5.3674070835113525
BenchmarkTest00174.java,0,CWE-78,CWE-78,1,0,1,0,0,0,1,0,0,0,1991,9.955000000000001e-05,1664,0.0006656,13,5.2e-06,0.00077035,12.468072175979614
BenchmarkTest00175.java,0,CWE-78,CWE-78,1,1,0,1,0,0,0,0,1,0,2060,0.000103,768,0.00030720000000000004,12,4.800000000000001e-06,0.00041500000000000006,3.8149919509887695
BenchmarkTest00176.java,0,CWE-78,CWE-78,1,0,1,0,0,0,1,0,0,0,2051,0.00010255000000000001,832,0.0003328,13,5.2e-06,0.00044055000000000006,4.951023817062378
BenchmarkTest00177.java,0,CWE-78,,,,0,0,1,0,0,0,1,0,,,,,,,,
BenchmarkTest00178.java,0,CWE-330,,,,0,0,1,0,0,0,1,0,,,,,,,,
BenchmarkTest00179.java,0,CWE-330,,,,0,0,1,0,0,0,1,0,,,,,,,,
BenchmarkTest00180.java,0,CWE-330,,,,0,0,1,0,0,0,1,0,,,,,,,,
BenchmarkTest00181.java,0,CWE-330,,,,0,0,1,0,0,0,1,0,,,,,,,,
BenchmarkTest00182.java,0,CWE-330,,,,0,0,1,0,0,0,1,0,,,,,,,,
BenchmarkTest00183.java,0,CWE-330,,,,0,0,1,0,0,0,1,0,,,,,,,,
BenchmarkTest00184.java,0,CWE-330,,,,0,0,1,0,0,0,1,0,,,,,,,,
BenchmarkTest00185.java,0,CWE-330,,,,0,0,1,0,0,0,1,0,,,,,,,,
BenchmarkTest00186.java,0,CWE-330,,,,0,0,1,0,0,0,1,0,,,,,,,,
BenchmarkTest00187.java,0,CWE-330,,,,0,0,1,0,0,0,1,0,,,,,,,,
BenchmarkTest00188.java,0,CWE-330,,,,0,0,1,0,0,0,1,0,,,,,,,,
BenchmarkTest00190.java,0,CWE-89,CWE-89,1,1,0,1,0,0,0,0,1,0,2062,0.00010310000000000001,1088,0.00043520000000000006,12,4.800000000000001e-06,0.0005431,6.558856248855591
BenchmarkTest00191.java,0,CWE-89,CWE-89,1,1,0,1,0,0,0,0,1,0,2075,0.00010375,448,0.00017920000000000002,12,4.800000000000001e-06,0.00028775000000000003,2.962540626525879
BenchmarkTest00192.java,0,CWE-89,CWE-89,1,0,1,0,0,0,1,0,0,0,2071,0.00010355000000000001,384,0.00015360000000000002,13,5.2e-06,0.00026235000000000006,2.4884724617004395
BenchmarkTest00193.java,0,CWE-89,CWE-89,1,0,1,0,0,0,1,0,0,0,2024,0.00010120000000000001,576,0.00023040000000000002,14,5.600000000000001e-06,0.00033720000000000006,3.7187483310699463
BenchmarkTest00194.java,0,CWE-89,CWE-89,1,0,1,0,0,0,1,0,0,0,2050,0.0001025,320,0.000128,13,5.2e-06,0.00023569999999999998,2.708069324493408
BenchmarkTest00195.java,0,CWE-89,,,,0,0,0,1,0,0,0,1,,,,,,,,
BenchmarkTest00196.java,0,CWE-89,,,,0,0,0,1,0,0,0,1,,,,,,,,
BenchmarkTest00197.java,0,CWE-89,CWE-89,1,0,0,1,0,0,0,1,0,0,2217,0.00011085000000000001,320,0.000128,13,5.2e-06,0.00024405,2.0955967903137207
BenchmarkTest00198.java,0,CWE-89,,,,0,0,0,1,0,0,0,1,,,,,,,,
BenchmarkTest00199.java,0,CWE-89,,,,0,0,0,1,0,0,0,1,,,,,,,,
BenchmarkTest00200.java,0,CWE-89,CWE-89,1,1,0,1,0,0,0,0,1,0,2070,0.0001035,1472,0.0005888000000000001,12,4.800000000000001e-06,0.0006971000000000001,10.368234872817993
BenchmarkTest00201.java,0,CWE-89,,,,0,0,1,0,0,0,1,0,,,,,,,,
BenchmarkTest00202.java,0,CWE-89,,,,0,0,1,0,0,0,1,0,,,,,,,,
BenchmarkTest00203.java,0,CWE-89,CWE-89,1,0,1,0,0,0,1,0,0,0,2001,0.00010005,320,0.000128,13,5.2e-06,0.00023324999999999998,2.4873220920562744
BenchmarkTest00204.java,0,CWE-89,CWE-89,1,0,1,0,0,0,1,0,0,0,1999,9.995e-05,320,0.000128,13,5.2e-06,0.00023314999999999998,4.4529054164886475
BenchmarkTest00205.java,0,CWE-89,CWE-89,1,1,0,1,0,0,0,0,1,0,2039,0.00010195,768,0.00030720000000000004,12,4.800000000000001e-06,0.00041395000000000006,4.998568296432495
BenchmarkTest00206.java,0,CWE-89,,,,0,0,1,0,0,0,1,0,,,,,,,,
BenchmarkTest00207.java,0,CWE-643,CWE-643,1,0,1,0,0,0,1,0,0,0,2074,0.0001037,320,0.000128,13,5.2e-06,0.00023689999999999998,3.6543798446655273
BenchmarkTest00208.java,0,CWE-327,CWE-327,1,0,1,0,0,0,1,0,0,0,2781,0.00013905000000000002,256,0.00010240000000000001,13,5.2e-06,0.00024665000000000006,3.4220268726348877
BenchmarkTest00209.java,0,CWE-327,,,,0,0,1,0,0,0,1,0,,,,,,,,
BenchmarkTest00210.java,0,CWE-327,CWE-327,1,0,1,0,0,0,1,0,0,0,2421,0.00012105000000000002,320,0.000128,13,5.2e-06,0.00025425000000000003,3.476141929626465
BenchmarkTest00211.java,0,CWE-327,,,,0,0,1,0,0,0,1,0,,,,,,,,
BenchmarkTest00212.java,0,CWE-327,,,,0,0,1,0,0,0,1,0,,,,,,,,
BenchmarkTest00213.java,0,CWE-327,,,,0,0,1,0,0,0,1,0,,,,,,,,
BenchmarkTest00214.java,0,CWE-327,,,,0,0,1,0,0,0,1,0,,,,,,,,
BenchmarkTest00215.java,0,CWE-22,CWE-23,0,1,1,0,0,0,0,0,0,1,2332,0.00011660000000000002,1280,0.000512,12,4.800000000000001e-06,0.0006334,10.404902219772339
BenchmarkTest00216.java,0,CWE-22,CWE-23,0,0,1,0,0,0,1,0,0,0,2359,0.00011795000000000001,1728,0.0006912,15,6e-06,0.0008151500000000001,11.763379335403442
BenchmarkTest00217.java,0,CWE-22,,,,0,0,1,0,0,0,1,0,,,,,,,,
BenchmarkTest00218.java,0,CWE-22,CWE-23,0,1,1,0,0,0,0,0,0,1,2559,0.00012795,2048,0.0008192000000000001,14,5.600000000000001e-06,0.0009527500000000001,9.538388967514038
BenchmarkTest00219.java,0,CWE-22,CWE-23,0,0,1,0,0,0,1,0,0,0,2497,0.00012485,1664,0.0006656,12,4.800000000000001e-06,0.0007952500000000001,9.737171649932861
BenchmarkTest00220.java,0,CWE-22,,,,0,0,1,0,0,0,1,0,,,,,,,,
BenchmarkTest00221.java,0,CWE-22,,,,0,0,1,0,0,0,1,0,,,,,,,,
BenchmarkTest00222.java,0,CWE-22,CWE-23,0,1,1,0,0,0,0,0,0,1,2450,0.0001225,1344,0.0005376000000000001,12,4.800000000000001e-06,0.0006649000000000001,6.012121200561523
BenchmarkTest00223.java,0,CWE-328,CWE-916,0,0,1,0,0,0,1,0,0,0,2512,0.00012560000000000002,768,0.00030720000000000004,13,5.2e-06,0.0004380000000000001,4.573765754699707
BenchmarkTest00224.java,0,CWE-328,,,,0,0,1,0,0,0,1,0,,,,,,,,
BenchmarkTest00225.java,0,CWE-328,,,,0,0,1,0,0,0,1,0,,,,,,,,
BenchmarkTest00226.java,0,CWE-328,,,,0,0,0,1,0,0,0,1,,,,,,,,
BenchmarkTest00227.java,0,CWE-328,,,,0,0,0,1,0,0,0,1,,,,,,,,
BenchmarkTest00228.java,0,CWE-328,,,,0,0,1,0,0,0,1,0,,,,,,,,
BenchmarkTest00229.java,0,CWE-328,,,,0,0,1,0,0,0,1,0,,,,,,,,
BenchmarkTest00230.java,0,CWE-330,CWE-330,1,0,1,0,0,0,1,0,0,0,2434,0.0001217,448,0.00017920000000000002,13,5.2e-06,0.0003061,3.219453811645508
BenchmarkTest00231.java,0,CWE-330,CWE-330,1,0,1,0,0,0,1,0,0,0,2451,0.00012255000000000002,448,0.00017920000000000002,13,5.2e-06,0.00030695000000000006,2.9822144508361816
BenchmarkTest00232.java,0,CWE-330,CWE-330,1,0,1,0,0,0,1,0,0,0,2466,0.00012330000000000002,448,0.00017920000000000002,13,5.2e-06,0.00030770000000000005,4.1476123332977295
BenchmarkTest00233.java,0,CWE-330,CWE-330,1,0,1,0,0,0,1,0,0,0,2388,0.0001194,576,0.00023040000000000002,13,5.2e-06,0.00035500000000000006,3.4728665351867676
BenchmarkTest00234.java,0,CWE-330,CWE-330,1,0,1,0,0,0,1,0,0,0,2464,0.0001232,448,0.00017920000000000002,13,5.2e-06,0.00030760000000000005,2.5027921199798584
BenchmarkTest00235.java,0,CWE-330,CWE-330,1,0,1,0,0,0,1,0,0,0,2388,0.0001194,1152,0.00046080000000000003,13,5.2e-06,0.0005854,7.048959255218506
BenchmarkTest00236.java,0,CWE-330,CWE-330,1,0,1,0,0,0,1,0,0,0,2397,0.00011985000000000001,448,0.00017920000000000002,13,5.2e-06,0.00030425000000000005,2.9927573204040527
BenchmarkTest00237.java,0,CWE-330,CWE-330,1,0,1,0,0,0,1,0,0,0,2449,0.00012245,512,0.00020480000000000002,13,5.2e-06,0.00033245000000000003,3.0959784984588623
BenchmarkTest00238.java,0,CWE-330,CWE-330,1,0,1,0,0,0,1,0,0,0,2404,0.00012020000000000001,832,0.0003328,13,5.2e-06,0.0004582,4.574951410293579
BenchmarkTest00239.java,0,CWE-330,CWE-330,1,0,1,0,0,0,1,0,0,0,2577,0.00012885,320,0.000128,13,5.2e-06,0.00026205,2.256251096725464
BenchmarkTest00240.java,0,CWE-330,CWE-330,1,0,1,0,0,0,1,0,0,0,2390,0.0001195,512,0.00020480000000000002,13,5.2e-06,0.00032950000000000004,4.380339622497559
BenchmarkTest00241.java,0,CWE-614,CWE-614,1,0,1,0,0,0,1,0,0,0,2184,0.0001092,448,0.00017920000000000002,13,5.2e-06,0.00029360000000000003,3.8826591968536377
BenchmarkTest00242.java,0,CWE-614,,,,0,0,1,0,0,0,1,0,,,,,,,,
BenchmarkTest00243.java,0,CWE-330,,,,0,0,1,0,0,0,1,0,,,,,,,,
BenchmarkTest00244.java,0,CWE-330,,,,0,0,1,0,0,0,1,0,,,,,,,,
BenchmarkTest00245.java,0,CWE-330,CWE-330,1,1,0,1,0,0,0,0,1,0,2693,0.00013465,1408,0.0005632,12,4.800000000000001e-06,0.0007026500000000001,10.00332236289978
BenchmarkTest00246.java,0,CWE-330,,,,0,0,1,0,0,0,1,0,,,,,,,,
BenchmarkTest00247.java,0,CWE-330,,,,0,0,1,0,0,0,1,0,,,,,,,,
BenchmarkTest00248.java,0,CWE-330,,,,0,0,1,0,0,0,1,0,,,,,,,,
BenchmarkTest00249.java,0,CWE-330,,,,0,0,1,0,0,0,1,0,,,,,,,,
BenchmarkTest00254.java,0,CWE-327,CWE-327,1,0,1,0,0,0,1,0,0,0,2690,0.0001345,512,0.00020480000000000002,13,5.2e-06,0.0003445,5.1777262687683105
BenchmarkTest00255.java,0,CWE-327,,,,0,0,1,0,0,0,1,0,,,,,,,,
BenchmarkTest00256.java,0,CWE-327,CWE-327,1,0,1,0,0,0,1,0,0,0,2768,0.0001384,256,0.00010240000000000001,13,5.2e-06,0.000246,3.772693634033203
BenchmarkTest00257.java,0,CWE-327,CWE-327,1,0,1,0,0,0,1,0,0,0,2733,0.00013665000000000001,384,0.00015360000000000002,13,5.2e-06,0.00029545000000000005,3.0696158409118652
BenchmarkTest00258.java,0,CWE-327,CWE-327,1,0,1,0,0,0,1,0,0,0,2714,0.00013570000000000002,384,0.00015360000000000002,13,5.2e-06,0.00029450000000000006,3.043381690979004
BenchmarkTest00259.java,0,CWE-327,,,,0,0,1,0,0,0,1,0,,,,,,,,
BenchmarkTest00260.java,0,CWE-327,,,,0,0,1,0,0,0,1,0,,,,,,,,
BenchmarkTest00261.java,0,CWE-22,,,,0,0,1,0,0,0,1,0,,,,,,,,
BenchmarkTest00262.java,0,CWE-22,CWE-23,0,0,1,0,0,0,1,0,0,0,2367,0.00011835,576,0.00023040000000000002,13,5.2e-06,0.00035395,3.999976396560669
BenchmarkTest00263.java,0,CWE-22,CWE-23,0,1,0,1,0,0,0,0,1,0,2513,0.00012565000000000002,704,0.0002816,12,4.800000000000001e-06,0.00041205000000000007,3.5781185626983643
BenchmarkTest00264.java,0,CWE-22,CWE-23,0,0,1,0,0,0,1,0,0,0,2461,0.00012305,576,0.00023040000000000002,13,5.2e-06,0.00035865000000000007,5.741326093673706
BenchmarkTest00265.java,0,CWE-22,CWE-23,0,1,0,1,0,0,0,0,1,0,2388,0.0001194,704,0.0002816,12,4.800000000000001e-06,0.0004058,3.5732734203338623
BenchmarkTest00266.java,0,CWE-328,CWE-916,0,0,1,0,0,0,1,0,0,0,2475,0.00012375,640,0.000256,13,5.2e-06,0.00038495,3.757053852081299
BenchmarkTest00267.java,0,CWE-328,CWE-916,0,0,1,0,0,0,1,0,0,0,2410,0.0001205,1024,0.00040960000000000004,13,5.2e-06,0.0005353000000000001,4.824002504348755
BenchmarkTest00268.java,0,CWE-328,CWE-916,0,0,1,0,0,0,1,0,0,0,2367,0.00011835,832,0.0003328,13,5.2e-06,0.00045635,5.903075456619263
BenchmarkTest00269.java,0,CWE-328,CWE-916,0,0,1,0,0,0,1,0,0,0,2373,0.00011865000000000001,448,0.00017920000000000002,13,5.2e-06,0.00030305,4.46411657333374
BenchmarkTest00270.java,0,CWE-328,,,,0,0,1,0,0,0,1,0,,,,,,,,
BenchmarkTest00271.java,0,CWE-328,,,,0,0,1,0,0,0,1,0,,,,,,,,
BenchmarkTest00272.java,0,CWE-328,CWE-916,0,0,1,0,0,0,1,0,0,0,2364,0.0001182,768,0.00030720000000000004,13,5.2e-06,0.00043060000000000006,5.1708149909973145
BenchmarkTest00273.java,0,CWE-328,,,,0,0,0,1,0,0,0,1,,,,,,,,
BenchmarkTest00274.java,0,CWE-328,,,,0,0,0,1,0,0,0,1,,,,,,,,
BenchmarkTest00275.java,0,CWE-79,,,,0,0,1,0,0,0,1,0,,,,,,,,
BenchmarkTest00276.java,0,CWE-79,CWE-79,1,0,1,0,0,0,1,0,0,0,2397,0.00011985000000000001,832,0.0003328,13,5.2e-06,0.00045785000000000004,5.400959014892578
BenchmarkTest00277.java,0,CWE-79,,,,0,0,1,0,0,0,1,0,,,,,,,,
BenchmarkTest00278.java,0,CWE-79,,,,0,0,1,0,0,0,1,0,,,,,,,,
BenchmarkTest00279.java,0,CWE-79,CWE-79,1,0,1,0,0,0,1,0,0,0,2431,0.00012155000000000001,384,0.00015360000000000002,13,5.2e-06,0.00028035000000000007,3.4424564838409424
BenchmarkTest00280.java,0,CWE-79,CWE-79,1,0,1,0,0,0,1,0,0,0,2460,0.000123,320,0.000128,13,5.2e-06,0.00025620000000000005,3.234551429748535
BenchmarkTest00281.java,0,CWE-79,,,,0,0,1,0,0,0,1,0,,,,,,,,
BenchmarkTest00282.java,0,CWE-79,,,,0,0,1,0,0,0,1,0,,,,,,,,
BenchmarkTest00283.java,0,CWE-79,,,,0,0,1,0,0,0,1,0,,,,,,,,
BenchmarkTest00284.java,0,CWE-79,CWE-79,1,0,1,0,0,0,1,0,0,0,2368,0.0001184,320,0.000128,13,5.2e-06,0.00025160000000000004,2.513463020324707
BenchmarkTest00285.java,0,CWE-79,,,,0,0,1,0,0,0,1,0,,,,,,,,
BenchmarkTest00286.java,0,CWE-79,,,,0,0,1,0,0,0,1,0,,,,,,,,
BenchmarkTest00287.java,0,CWE-79,CWE-79,1,0,1,0,0,0,1,0,0,0,2399,0.00011995,704,0.0002816,13,5.2e-06,0.00040675000000000005,4.784506320953369
BenchmarkTest00288.java,0,CWE-79,CWE-79,1,1,0,1,0,0,0,0,1,0,2499,0.00012495,576,0.00023040000000000002,12,4.800000000000001e-06,0.00036015000000000005,3.842583417892456
BenchmarkTest00289.java,0,CWE-79,,,,0,0,1,0,0,0,1,0,,,,,,,,
BenchmarkTest00290.java,0,CWE-79,CWE-79,1,0,1,0,0,0,1,0,0,0,2391,0.00011955,640,0.000256,13,5.2e-06,0.00038075,4.375061988830566
BenchmarkTest00291.java,0,CWE-79,CWE-79,1,0,1,0,0,0,1,0,0,0,2400,0.00012,448,0.00017920000000000002,13,5.2e-06,0.0003044,5.450523614883423
BenchmarkTest00292.java,0,CWE-79,CWE-79,1,0,1,0,0,0,1,0,0,0,2428,0.00012140000000000001,768,0.00030720000000000004,13,5.2e-06,0.0004338000000000001,4.890835762023926
BenchmarkTest00293.java,0,CWE-78,CWE-78,1,0,1,0,0,0,1,0,0,0,2114,0.00010570000000000001,832,0.0003328,13,5.2e-06,0.00044370000000000005,5.716880798339844
BenchmarkTest00294.java,0,CWE-78,CWE-78,1,0,1,0,0,0,1,0,0,0,2097,0.00010485000000000001,640,0.000256,14,5.600000000000001e-06,0.00036645000000000004,7.84851598739624
BenchmarkTest00295.java,0,CWE-78,CWE-78,1,0,1,0,0,0,1,0,0,0,2100,0.000105,896,0.00035840000000000004,13,5.2e-06,0.00046860000000000006,7.72302770614624
BenchmarkTest00296.java,0,CWE-330,CWE-330,1,0,1,0,0,0,1,0,0,0,2355,0.00011775,320,0.000128,13,5.2e-06,0.00025095,5.341253042221069
BenchmarkTest00297.java,0,CWE-330,CWE-330,1,0,1,0,0,0,1,0,0,0,2352,0.00011760000000000001,640,0.000256,13,5.2e-06,0.0003788,5.981006860733032
BenchmarkTest00298.java,0,CWE-330,CWE-330,1,0,1,0,0,0,1,0,0,0,2356,0.00011780000000000002,448,0.00017920000000000002,13,5.2e-06,0.0003022000000000001,2.8979403972625732
BenchmarkTest00299.java,0,CWE-330,CWE-330,1,0,1,0,0,0,1,0,0,0,2346,0.0001173,576,0.00023040000000000002,13,5.2e-06,0.00035290000000000007,5.1530678272247314
BenchmarkTest00300.java,0,CWE-614,CWE-614,1,0,1,0,0,0,1,0,0,0,2151,0.00010755000000000001,512,0.00020480000000000002,13,5.2e-06,0.00031755000000000005,3.013960123062134
BenchmarkTest00301.java,0,CWE-79,CWE-79,1,0,1,0,0,0,1,0,0,0,2459,0.00012295,704,0.0002816,13,5.2e-06,0.00040975000000000007,5.131945848464966
BenchmarkTest00302.java,0,CWE-78,CWE-78,1,0,1,0,0,0,1,0,0,0,2066,0.00010330000000000002,1920,0.000768,14,5.600000000000001e-06,0.0008769,11.810096979141235
BenchmarkTest00303.java,0,CWE-78,CWE-78,1,0,1,0,0,0,1,0,0,0,2185,0.00010925,1344,0.0005376000000000001,13,5.2e-06,0.00065205,6.105820894241333
BenchmarkTest00304.java,0,CWE-78,CWE-78,1,0,1,0,0,0,1,0,0,0,2215,0.00011075,1600,0.00064,13,5.2e-06,0.00075595,8.954731941223145
BenchmarkTest00305.java,0,CWE-78,,,,0,0,1,0,0,0,1,0,,,,,,,,
BenchmarkTest00306.java,0,CWE-78,CWE-78,1,0,1,0,0,0,1,0,0,0,2024,0.00010120000000000001,960,0.000384,13,5.2e-06,0.0004904,6.902597665786743
BenchmarkTest00307.java,0,CWE-78,CWE-78,1,1,0,1,0,0,0,0,1,0,2121,0.00010605000000000002,1344,0.0005376000000000001,12,4.800000000000001e-06,0.0006484500000000001,8.371094703674316
BenchmarkTest00308.java,0,CWE-78,,,,0,0,1,0,0,0,1,0,,,,,,,,
BenchmarkTest00309.java,0,CWE-78,CWE-78,1,1,0,1,0,0,0,0,1,0,2077,0.00010385,1280,0.000512,12,4.800000000000001e-06,0.00062065,6.829996585845947
BenchmarkTest00310.java,0,CWE-78,CWE-78,1,1,0,1,0,0,0,0,1,0,2149,0.00010745,896,0.00035840000000000004,11,4.4e-06,0.00047025,6.164882183074951
BenchmarkTest00311.java,0,CWE-78,CWE-78,1,0,1,0,0,0,1,0,0,0,2078,0.0001039,1280,0.000512,13,5.2e-06,0.0006211,8.466593265533447
BenchmarkTest00312.java,0,CWE-330,,,,0,0,1,0,0,0,1,0,,,,,,,,
BenchmarkTest00313.java,0,CWE-330,CWE-330,1,1,0,1,0,0,0,0,1,0,2445,0.00012225,1408,0.0005632,12,4.800000000000001e-06,0.00069025,6.8743181228637695
BenchmarkTest00314.java,0,CWE-330,CWE-330,1,1,0,1,0,0,0,0,1,0,2454,0.0001227,1024,0.00040960000000000004,13,5.2e-06,0.0005375000000000001,5.500150203704834
BenchmarkTest00315.java,0,CWE-330,,,,0,0,1,0,0,0,1,0,,,,,,,,
BenchmarkTest00316.java,0,CWE-330,,,,0,0,1,0,0,0,1,0,,,,,,,,
BenchmarkTest00317.java,0,CWE-330,,,,0,0,1,0,0,0,1,0,,,,,,,,
BenchmarkTest00318.java,0,CWE-330,,,,0,0,1,0,0,0,1,0,,,,,,,,
BenchmarkTest00319.java,0,CWE-330,,,,0,0,1,0,0,0,1,0,,,,,,,,
BenchmarkTest00320.java,0,CWE-330,,,,0,0,1,0,0,0,1,0,,,,,,,,
BenchmarkTest00328.java,0,CWE-89,CWE-89,1,0,1,0,0,0,1,0,0,0,2009,0.00010045,1216,0.00048640000000000006,13,5.2e-06,0.0005920500000000001,7.723097801208496
BenchmarkTest00329.java,0,CWE-89,,,,0,0,1,0,0,0,1,0,,,,,,,,
BenchmarkTest00330.java,0,CWE-89,,,,0,0,1,0,0,0,1,0,,,,,,,,
BenchmarkTest00331.java,0,CWE-89,CWE-89,1,1,0,1,0,0,0,0,1,0,2091,0.00010455000000000001,832,0.0003328,12,4.800000000000001e-06,0.00044215000000000004,5.936190366744995
BenchmarkTest00332.java,0,CWE-89,,,,0,0,1,0,0,0,1,0,,,,,,,,
BenchmarkTest00333.java,0,CWE-89,,,,0,0,1,0,0,0,1,0,,,,,,,,
BenchmarkTest00334.java,0,CWE-89,,,,0,0,1,0,0,0,1,0,,,,,,,,
BenchmarkTest00335.java,0,CWE-89,CWE-89,1,0,1,0,0,0,1,0,0,0,2039,0.00010195,640,0.000256,13,5.2e-06,0.00036315,4.3153674602508545
BenchmarkTest00336.java,0,CWE-89,,,,0,0,1,0,0,0,1,0,,,,,,,,
BenchmarkTest00337.java,0,CWE-89,,,,0,0,0,1,0,0,0,1,,,,,,,,
BenchmarkTest00338.java,0,CWE-89,,,,0,0,1,0,0,0,1,0,,,,,,,,
BenchmarkTest00339.java,0,CWE-89,,,,0,0,0,1,0,0,0,1,,,,,,,,
BenchmarkTest00340.java,0,CWE-89,CWE-89,1,1,0,1,0,0,0,0,1,0,2100,0.000105,1024,0.00040960000000000004,12,4.800000000000001e-06,0.0005194,5.093177080154419
BenchmarkTest00341.java,0,CWE-89,CWE-89,1,0,1,0,0,0,1,0,0,0,2045,0.00010225,384,0.00015360000000000002,13,5.2e-06,0.00026105000000000003,2.753976583480835
BenchmarkTest00342.java,0,CWE-89,CWE-89,1,0,1,0,0,0,1,0,0,0,2043,0.00010215,704,0.0002816,13,5.2e-06,0.00038895000000000005,4.137877941131592
BenchmarkTest00343.java,0,CWE-89,,,,0,0,1,0,0,0,1,0,,,,,,,,
BenchmarkTest00344.java,0,CWE-89,,,,0,0,1,0,0,0,1,0,,,,,,,,
BenchmarkTest00345.java,0,CWE-327,,,,0,0,1,0,0,0,1,0,,,,,,,,
BenchmarkTest00346.java,0,CWE-328,CWE-916,0,0,1,0,0,0,1,0,0,0,2344,0.0001172,832,0.0003328,13,5.2e-06,0.0004552,3.9329798221588135
BenchmarkTest00347.java,0,CWE-330,CWE-330,1,0,1,0,0,0,1,0,0,0,2276,0.00011380000000000001,448,0.00017920000000000002,13,5.2e-06,0.00029820000000000004,2.484060764312744
BenchmarkTest00348.java,0,CWE-614,CWE-614,1,0,1,0,0,0,1,0,0,0,2063,0.00010315,512,0.00020480000000000002,13,5.2e-06,0.00031315000000000005,3.687558650970459
BenchmarkTest00349.java,0,CWE-330,,,,0,0,1,0,0,0,1,0,,,,,,,,
BenchmarkTest00350.java,0,CWE-327,,,,0,0,1,0,0,0,1,0,,,,,,,,
BenchmarkTest00351.java,0,CWE-327,,,,0,0,1,0,0,0,1,0,,,,,,,,
BenchmarkTest00352.java,0,CWE-327,,,,0,0,1,0,0,0,1,0,,,,,,,,
BenchmarkTest00353.java,0,CWE-327,,,,0,0,1,0,0,0,1,0,,,,,,,,
BenchmarkTest00354.java,0,CWE-327,CWE-327,1,0,1,0,0,0,1,0,0,0,2340,0.000117,896,0.00035840000000000004,13,5.2e-06,0.0004806000000000001,4.52147650718689
BenchmarkTest00355.java,0,CWE-327,CWE-327,1,0,1,0,0,0,1,0,0,0,2515,0.00012575,1024,0.00040960000000000004,14,5.600000000000001e-06,0.00054095,6.767832517623901
BenchmarkTest00356.java,0,CWE-327,CWE-327,1,0,1,0,0,0,1,0,0,0,2328,0.00011640000000000001,1216,0.00048640000000000006,13,5.2e-06,0.0006080000000000001,7.267540693283081
BenchmarkTest00357.java,0,CWE-327,,,,0,0,1,0,0,0,1,0,,,,,,,,
BenchmarkTest00358.java,0,CWE-327,,,,0,0,1,0,0,0,1,0,,,,,,,,
BenchmarkTest00359.java,0,CWE-22,CWE-23,0,0,1,0,0,0,1,0,0,0,2271,0.00011355000000000001,1280,0.000512,13,5.2e-06,0.00063075,6.230425834655762
BenchmarkTest00360.java,0,CWE-22,CWE-23,0,0,1,0,0,0,1,0,0,0,2436,0.0001218,896,0.00035840000000000004,13,5.2e-06,0.0004854000000000001,4.8102099895477295
BenchmarkTest00361.java,0,CWE-22,CWE-23,0,1,0,1,0,0,0,0,1,0,2420,0.000121,576,0.00023040000000000002,12,4.800000000000001e-06,0.00035620000000000004,4.701796293258667
BenchmarkTest00362.java,0,CWE-22,CWE-23,0,0,1,0,0,0,1,0,0,0,2285,0.00011425,384,0.00015360000000000002,13,5.2e-06,0.00027305000000000005,3.5858495235443115
BenchmarkTest00363.java,0,CWE-22,CWE-23,0,0,1,0,0,0,1,0,0,0,2246,0.0001123,1152,0.00046080000000000003,13,5.2e-06,0.0005783,6.558913230895996
BenchmarkTest00364.java,0,CWE-22,CWE-23,0,1,0,1,0,0,0,0,1,0,2353,0.00011765,832,0.0003328,13,5.2e-06,0.00045565000000000004,4.980508804321289
BenchmarkTest00365.java,0,CWE-22,CWE-23,0,1,0,1,0,0,0,0,1,0,2507,0.00012535,640,0.000256,12,4.800000000000001e-06,0.00038615000000000003,5.021390438079834
BenchmarkTest00366.java,0,CWE-22,CWE-23,0,1,0,1,0,0,0,0,1,0,2487,0.00012435000000000001,640,0.000256,12,4.800000000000001e-06,0.00038515,6.6776978969573975
BenchmarkTest00367.java,0,CWE-90,,,,0,0,1,0,0,0,1,0,,,,,,,,
BenchmarkTest00368.java,0,CWE-330,CWE-330,1,0,1,0,0,0,1,0,0,0,2311,0.00011555000000000002,512,0.00020480000000000002,13,5.2e-06,0.0003255500000000001,4.537735223770142
BenchmarkTest00369.java,0,CWE-330,CWE-330,1,0,1,0,0,0,1,0,0,0,2336,0.0001168,448,0.00017920000000000002,13,5.2e-06,0.00030120000000000006,2.9983279705047607
BenchmarkTest00370.java,0,CWE-328,,,,0,0,1,0,0,0,1,0,,,,,,,,
BenchmarkTest00371.java,0,CWE-328,CWE-916,0,0,1,0,0,0,1,0,0,0,2334,0.0001167,960,0.000384,13,5.2e-06,0.0005059,6.436031818389893
BenchmarkTest00372.java,0,CWE-328,CWE-916,0,0,1,0,0,0,1,0,0,0,2261,0.00011305000000000001,640,0.000256,13,5.2e-06,0.00037425,4.25242018699646
BenchmarkTest00373.java,0,CWE-328,,,,0,0,1,0,0,0,1,0,,,,,,,,
BenchmarkTest00374.java,0,CWE-328,,,,0,0,0,1,0,0,0,1,,,,,,,,
BenchmarkTest00375.java,0,CWE-79,CWE-79,1,0,1,0,0,0,1,0,0,0,2363,0.00011815000000000001,960,0.000384,13,5.2e-06,0.00050735,6.408253192901611
BenchmarkTest00376.java,0,CWE-79,CWE-79,1,0,1,0,0,0,1,0,0,0,2383,0.00011915000000000001,704,0.0002816,13,5.2e-06,0.00040595000000000003,5.512620210647583
BenchmarkTest00377.java,0,CWE-79,CWE-79,1,0,0,1,0,0,0,1,0,0,2420,0.000121,512,0.00020480000000000002,13,5.2e-06,0.000331,4.177830219268799
BenchmarkTest00378.java,0,CWE-79,CWE-79,1,0,1,0,0,0,1,0,0,0,2367,0.00011835,1152,0.00046080000000000003,13,5.2e-06,0.0005843500000000001,7.198301076889038
BenchmarkTest00379.java,0,CWE-79,,,,0,0,1,0,0,0,1,0,,,,,,,,
BenchmarkTest00380.java,0,CWE-79,CWE-79,1,0,1,0,0,0,1,0,0,0,2423,0.00012115,448,0.00017920000000000002,13,5.2e-06,0.00030555000000000003,3.0369253158569336
BenchmarkTest00381.java,0,CWE-79,,,,0,0,1,0,0,0,1,0,,,,,,,,
BenchmarkTest00382.java,0,CWE-79,CWE-79,1,0,1,0,0,0,1,0,0,0,2412,0.0001206,2048,0.0008192000000000001,13,5.2e-06,0.0009450000000000001,10.141541242599487
BenchmarkTest00383.java,0,CWE-79,CWE-79,1,0,1,0,0,0,1,0,0,0,2569,0.00012845,1280,0.000512,13,5.2e-06,0.00064565,6.774496078491211
BenchmarkTest00384.java,0,CWE-79,CWE-79,1,0,1,0,0,0,1,0,0,0,2375,0.00011875,2432,0.0009728000000000001,13,5.2e-06,0.00109675,11.774574518203735
BenchmarkTest00385.java,0,CWE-79,CWE-79,1,0,1,0,0,0,1,0,0,0,2574,0.0001287,704,0.0002816,13,5.2e-06,0.00041550000000000007,5.41830587387085
BenchmarkTest00386.java,0,CWE-79,CWE-79,1,1,0,1,0,0,0,0,1,0,2454,0.0001227,640,0.000256,12,4.800000000000001e-06,0.0003835,6.131871700286865
BenchmarkTest00387.java,0,CWE-79,CWE-79,1,0,1,0,0,0,1,0,0,0,2363,0.00011815000000000001,512,0.00020480000000000002,13,5.2e-06,0.00032815000000000003,4.306981325149536
BenchmarkTest00388.java,0,CWE-79,CWE-79,1,0,1,0,0,0,1,0,0,0,2357,0.00011785,512,0.00020480000000000002,13,5.2e-06,0.00032785000000000003,3.749765157699585
BenchmarkTest00389.java,0,CWE-79,,,,0,0,1,0,0,0,1,0,,,,,,,,
BenchmarkTest00390.java,0,CWE-79,CWE-79,1,0,1,0,0,0,1,0,0,0,2379,0.00011895,640,0.000256,13,5.2e-06,0.00038015,6.886611461639404
BenchmarkTest00391.java,0,CWE-79,,,,0,0,1,0,0,0,1,0,,,,,,,,
BenchmarkTest00392.java,0,CWE-79,CWE-79,1,0,1,0,0,0,1,0,0,0,2418,0.00012090000000000001,512,0.00020480000000000002,13,5.2e-06,0.0003309000000000001,3.3611903190612793
BenchmarkTest00393.java,0,CWE-79,,,,0,0,1,0,0,0,1,0,,,,,,,,
BenchmarkTest00394.java,0,CWE-79,CWE-79,1,1,0,1,0,0,0,0,1,0,2431,0.00012155000000000001,768,0.00030720000000000004,13,5.2e-06,0.00043395000000000006,5.2092485427856445
BenchmarkTest00395.java,0,CWE-79,CWE-79,1,0,1,0,0,0,1,0,0,0,2373,0.00011865000000000001,512,0.00020480000000000002,13,5.2e-06,0.00032865000000000005,3.5634424686431885
BenchmarkTest00396.java,0,CWE-78,,,,0,0,1,0,0,0,1,0,,,,,,,,
BenchmarkTest00397.java,0,CWE-330,CWE-330,1,0,1,0,0,0,1,0,0,0,2341,0.00011705000000000001,448,0.00017920000000000002,13,5.2e-06,0.00030145000000000004,3.234056234359741
BenchmarkTest00398.java,0,CWE-330,CWE-330,1,0,1,0,0,0,1,0,0,0,2405,0.00012025,384,0.00015360000000000002,13,5.2e-06,0.00027905000000000003,3.9875380992889404
BenchmarkTest00399.java,0,CWE-330,CWE-330,1,0,1,0,0,0,1,0,0,0,2539,0.00012695,640,0.000256,13,5.2e-06,0.00038815,4.661175727844238
BenchmarkTest00400.java,0,CWE-330,CWE-330,1,0,1,0,0,0,1,0,0,0,2401,0.00012005000000000002,512,0.00020480000000000002,13,5.2e-06,0.00033005,3.579653263092041
BenchmarkTest00401.java,0,CWE-330,CWE-330,1,0,1,0,0,0,1,0,0,0,2336,0.0001168,320,0.000128,13,5.2e-06,0.00025,2.691044330596924
BenchmarkTest00402.java,0,CWE-330,CWE-330,1,0,1,0,0,0,1,0,0,0,2338,0.00011690000000000001,832,0.0003328,13,5.2e-06,0.00045490000000000005,4.462725400924683
BenchmarkTest00403.java,0,CWE-614,CWE-614,1,0,1,0,0,0,1,0,0,0,2100,0.000105,576,0.00023040000000000002,13,5.2e-06,0.00034060000000000004,3.298353910446167
BenchmarkTest00404.java,0,CWE-614,,,,0,0,1,0,0,0,1,0,,,,,,,,
BenchmarkTest00405.java,0,CWE-614,,,,0,0,1,0,0,0,1,0,,,,,,,,
BenchmarkTest00406.java,0,CWE-78,,,,0,0,1,0,0,0,1,0,,,,,,,,
BenchmarkTest00407.java,0,CWE-78,CWE-78,1,0,1,0,0,0,1,0,0,0,2167,0.00010835,2112,0.0008448,13,5.2e-06,0.0009583500000000001,11.045955896377563
BenchmarkTest00408.java,0,CWE-78,,,,0,0,1,0,0,0,1,0,,,,,,,,
BenchmarkTest00409.java,0,CWE-78,CWE-78,1,0,1,0,0,0,1,0,0,0,2207,0.00011035000000000001,384,0.00015360000000000002,13,5.2e-06,0.00026915000000000006,2.590972900390625
BenchmarkTest00410.java,0,CWE-78,CWE-78,1,1,0,1,0,0,0,0,1,0,2035,0.00010175,1152,0.00046080000000000003,13,5.2e-06,0.00056775,6.5291759967803955
BenchmarkTest00411.java,0,CWE-78,,,,0,0,1,0,0,0,1,0,,,,,,,,
BenchmarkTest00412.java,0,CWE-78,CWE-78,1,1,0,1,0,0,0,0,1,0,2015,0.00010075,1600,0.00064,12,4.800000000000001e-06,0.0007455500000000001,8.156389474868774
BenchmarkTest00413.java,0,CWE-330,,,,0,0,1,0,0,0,1,0,,,,,,,,
BenchmarkTest00414.java,0,CWE-330,,,,0,0,1,0,0,0,1,0,,,,,,,,
BenchmarkTest00415.java,0,CWE-330,,,,0,0,1,0,0,0,1,0,,,,,,,,
BenchmarkTest00416.java,0,CWE-330,,,,0,0,1,0,0,0,1,0,,,,,,,,
BenchmarkTest00417.java,0,CWE-330,,,,0,0,1,0,0,0,1,0,,,,,,,,
BenchmarkTest00418.java,0,CWE-330,,,,0,0,1,0,0,0,1,0,,,,,,,,
BenchmarkTest00419.java,0,CWE-330,,,,0,0,1,0,0,0,1,0,,,,,,,,
BenchmarkTest00420.java,0,CWE-330,,,,0,0,1,0,0,0,1,0,,,,,,,,
BenchmarkTest00421.java,0,CWE-330,,,,0,0,1,0,0,0,1,0,,,,,,,,
BenchmarkTest00422.java,0,CWE-330,,,,0,0,1,0,0,0,1,0,,,,,,,,
BenchmarkTest00423.java,0,CWE-330,,,,0,0,1,0,0,0,1,0,,,,,,,,
BenchmarkTest00428.java,0,CWE-89,CWE-89,1,0,1,0,0,0,1,0,0,0,2019,0.00010095,1472,0.0005888000000000001,14,5.600000000000001e-06,0.0006953500000000002,8.496680736541748
BenchmarkTest00429.java,0,CWE-89,CWE-89,1,0,1,0,0,0,1,0,0,0,2024,0.00010120000000000001,640,0.000256,13,5.2e-06,0.0003624,3.702493906021118
BenchmarkTest00430.java,0,CWE-89,,,,0,0,1,0,0,0,1,0,,,,,,,,
BenchmarkTest00431.java,0,CWE-89,CWE-89,1,0,1,0,0,0,1,0,0,0,2151,0.00010755000000000001,448,0.00017920000000000002,13,5.2e-06,0.00029195,2.384472131729126
BenchmarkTest00432.java,0,CWE-89,,,,0,0,1,0,0,0,1,0,,,,,,,,
BenchmarkTest00433.java,0,CWE-89,,,,0,0,0,1,0,0,0,1,,,,,,,,
BenchmarkTest00434.java,0,CWE-89,CWE-89,1,0,1,0,0,0,1,0,0,0,2001,0.00010005,256,0.00010240000000000001,13,5.2e-06,0.00020765,2.24833345413208
BenchmarkTest00435.java,0,CWE-89,CWE-89,1,0,1,0,0,0,1,0,0,0,2030,0.0001015,448,0.00017920000000000002,13,5.2e-06,0.00028590000000000006,3.585940361022949
BenchmarkTest00436.java,0,CWE-89,,,,0,0,1,0,0,0,1,0,,,,,,,,
BenchmarkTest00437.java,0,CWE-89,,,,0,0,1,0,0,0,1,0,,,,,,,,
BenchmarkTest00438.java,0,CWE-89,CWE-89,1,0,1,0,0,0,1,0,0,0,1972,9.860000000000001e-05,448,0.00017920000000000002,14,5.600000000000001e-06,0.00028340000000000006,3.3285696506500244
BenchmarkTest00439.java,0,CWE-89,CWE-89,1,0,1,0,0,0,1,0,0,0,1942,9.71e-05,448,0.00017920000000000002,13,5.2e-06,0.00028150000000000007,3.598256826400757
BenchmarkTest00440.java,0,CWE-89,CWE-89,1,1,0,1,0,0,0,0,1,0,2050,0.0001025,384,0.00015360000000000002,12,4.800000000000001e-06,0.0002609,3.076066017150879
BenchmarkTest00441.java,0,CWE-89,CWE-89,1,0,1,0,0,0,1,0,0,0,1973,9.865e-05,384,0.00015360000000000002,13,5.2e-06,0.00025745000000000005,2.884535312652588
BenchmarkTest00442.java,0,CWE-643,CWE-643,1,0,1,0,0,0,1,0,0,0,2038,0.00010190000000000001,384,0.00015360000000000002,13,5.2e-06,0.00026070000000000005,3.973745107650757
BenchmarkTest00443.java,0,CWE-327,,,,0,0,1,0,0,0,1,0,,,,,,,,
BenchmarkTest00444.java,0,CWE-327,,,,0,0,1,0,0,0,1,0,,,,,,,,
BenchmarkTest00445.java,0,CWE-327,CWE-327,1,0,1,0,0,0,1,0,0,0,2565,0.00012825,384,0.00015360000000000002,13,5.2e-06,0.00028705000000000007,3.1647634506225586
BenchmarkTest00446.java,0,CWE-327,CWE-327,1,0,1,0,0,0,1,0,0,0,2381,0.00011905000000000001,256,0.00010240000000000001,13,5.2e-06,0.00022665,2.9060773849487305
BenchmarkTest00447.java,0,CWE-327,,,,0,0,1,0,0,0,1,0,,,,,,,,
BenchmarkTest00448.java,0,CWE-327,CWE-327,1,0,1,0,0,0,1,0,0,0,2363,0.00011815000000000001,768,0.00030720000000000004,13,5.2e-06,0.0004305500000000001,5.16874623298645
BenchmarkTest00449.java,0,CWE-327,CWE-327,1,0,1,0,0,0,1,0,0,0,2360,0.000118,1280,0.000512,13,5.2e-06,0.0006351999999999999,6.192204713821411
BenchmarkTest00450.java,0,CWE-327,,,,0,0,1,0,0,0,1,0,,,,,,,,
BenchmarkTest00451.java,0,CWE-327,,,,0,0,1,0,0,0,1,0,,,,,,,,
BenchmarkTest00452.java,0,CWE-22,CWE-23,0,0,1,0,0,0,1,0,0,0,2333,0.00011665,768,0.00030720000000000004,13,5.2e-06,0.00042905000000000005,6.349634647369385
BenchmarkTest00453.java,0,CWE-22,CWE-23,0,0,1,0,0,0,1,0,0,0,2468,0.00012340000000000002,1792,0.0007168000000000001,13,5.2e-06,0.0008454000000000002,8.84662413597107
BenchmarkTest00454.java,0,CWE-22,,,,0,0,1,0,0,0,1,0,,,,,,,,
BenchmarkTest00455.java,0,CWE-22,CWE-23,0,0,1,0,0,0,1,0,0,0,2413,0.00012065,448,0.00017920000000000002,13,5.2e-06,0.00030505000000000007,3.1794838905334473
BenchmarkTest00456.java,0,CWE-22,CWE-23,0,0,1,0,0,0,1,0,0,0,2453,0.00012265,448,0.00017920000000000002,13,5.2e-06,0.00030705,3.000642776489258
BenchmarkTest00457.java,0,CWE-22,CWE-23,0,0,1,0,0,0,1,0,0,0,2383,0.00011915000000000001,576,0.00023040000000000002,13,5.2e-06,0.00035475000000000003,3.603951930999756
BenchmarkTest00458.java,0,CWE-22,CWE-23,0,1,0,1,0,0,0,0,1,0,2404,0.00012020000000000001,448,0.00017920000000000002,13,5.2e-06,0.00030460000000000003,3.0795271396636963
BenchmarkTest00459.java,0,CWE-22,CWE-23,0,0,1,0,0,0,1,0,0,0,2359,0.00011795000000000001,640,0.000256,13,5.2e-06,0.00037915000000000003,3.3859338760375977
BenchmarkTest00460.java,0,CWE-22,,,,0,0,1,0,0,0,1,0,,,,,,,,
BenchmarkTest00461.java,0,CWE-330,CWE-330,1,0,1,0,0,0,1,0,0,0,2350,0.0001175,640,0.000256,13,5.2e-06,0.0003787,3.8519041538238525
BenchmarkTest00462.java,0,CWE-328,CWE-916,0,0,1,0,0,0,1,0,0,0,2449,0.00012245,512,0.00020480000000000002,13,5.2e-06,0.00033245000000000003,3.502763271331787
BenchmarkTest00463.java,0,CWE-328,,,,0,0,1,0,0,0,1,0,,,,,,,,
BenchmarkTest00464.java,0,CWE-328,CWE-916,0,0,1,0,0,0,1,0,0,0,2366,0.00011830000000000002,448,0.00017920000000000002,13,5.2e-06,0.00030270000000000004,2.5885493755340576
BenchmarkTest00465.java,0,CWE-328,CWE-916,0,0,1,0,0,0,1,0,0,0,2302,0.0001151,704,0.0002816,13,5.2e-06,0.00040190000000000007,3.71433424949646
BenchmarkTest00466.java,0,CWE-328,,,,0,0,1,0,0,0,1,0,,,,,,,,
BenchmarkTest00467.java,0,CWE-79,CWE-79,1,0,1,0,0,0,1,0,0,0,2467,0.00012335000000000002,960,0.000384,13,5.2e-06,0.0005125500000000001,5.740271329879761
BenchmarkTest00468.java,0,CWE-79,CWE-79,1,1,0,1,0,0,0,0,1,0,2482,0.0001241,512,0.00020480000000000002,12,4.800000000000001e-06,0.00033370000000000003,2.887012004852295
BenchmarkTest00469.java,0,CWE-79,,,,0,0,1,0,0,0,1,0,,,,,,,,
BenchmarkTest00470.java,0,CWE-79,,,,0,0,1,0,0,0,1,0,,,,,,,,
BenchmarkTest00471.java,0,CWE-79,,,,0,0,1,0,0,0,1,0,,,,,,,,
BenchmarkTest00472.java,0,CWE-79,CWE-79,1,0,1,0,0,0,1,0,0,0,2420,0.000121,512,0.00020480000000000002,14,5.600000000000001e-06,0.00033140000000000003,2.8104302883148193
BenchmarkTest00473.java,0,CWE-79,CWE-79,1,0,1,0,0,0,1,0,0,0,2425,0.00012125,1600,0.00064,13,5.2e-06,0.0007664500000000001,8.927124500274658
BenchmarkTest00474.java,0,CWE-79,,,,0,0,1,0,0,0,1,0,,,,,,,,
BenchmarkTest00475.java,0,CWE-79,CWE-79,1,0,1,0,0,0,1,0,0,0,2397,0.00011985000000000001,448,0.00017920000000000002,13,5.2e-06,0.00030425000000000005,2.9054741859436035
BenchmarkTest00476.java,0,CWE-79,,,,0,0,1,0,0,0,1,0,,,,,,,,
BenchmarkTest00477.java,0,CWE-79,CWE-79,1,0,1,0,0,0,1,0,0,0,2387,0.00011935000000000001,576,0.00023040000000000002,13,5.2e-06,0.00035495000000000004,4.791724443435669
BenchmarkTest00478.java,0,CWE-79,CWE-79,1,0,1,0,0,0,1,0,0,0,2415,0.00012075,512,0.00020480000000000002,13,5.2e-06,0.00033075000000000004,3.30051589012146
BenchmarkTest00479.java,0,CWE-79,,,,0,0,1,0,0,0,1,0,,,,,,,,
BenchmarkTest00480.java,0,CWE-78,CWE-78,1,0,1,0,0,0,1,0,0,0,2099,0.00010495,576,0.00023040000000000002,13,5.2e-06,0.00034055,4.7216713428497314
BenchmarkTest00481.java,0,CWE-78,,,,0,0,1,0,0,0,1,0,,,,,,,,
BenchmarkTest00482.java,0,CWE-330,CWE-330,1,0,1,0,0,0,1,0,0,0,2355,0.00011775,448,0.00017920000000000002,13,5.2e-06,0.00030215000000000005,3.480192184448242
BenchmarkTest00483.java,0,CWE-330,CWE-330,1,0,1,0,0,0,1,0,0,0,2388,0.0001194,320,0.000128,13,5.2e-06,0.0002526,3.6955339908599854
BenchmarkTest00484.java,0,CWE-330,CWE-330,1,0,1,0,0,0,1,0,0,0,2371,0.00011855000000000001,640,0.000256,13,5.2e-06,0.00037975,5.925910234451294
BenchmarkTest00485.java,0,CWE-330,CWE-330,1,0,1,0,0,0,1,0,0,0,2346,0.0001173,1024,0.00040960000000000004,13,5.2e-06,0.0005321000000000001,189.0240113735199
BenchmarkTest00486.java,0,CWE-330,CWE-330,1,0,1,0,0,0,1,0,0,0,2318,0.00011590000000000001,384,0.00015360000000000002,13,5.2e-06,0.00027470000000000006,3.9082446098327637
BenchmarkTest00487.java,0,CWE-330,CWE-330,1,0,1,0,0,0,1,0,0,0,2400,0.00012,640,0.000256,13,5.2e-06,0.0003812,3.160449743270874
BenchmarkTest00488.java,0,CWE-330,CWE-330,1,0,1,0,0,0,1,0,0,0,2378,0.0001189,576,0.00023040000000000002,13,5.2e-06,0.00035450000000000005,3.206174373626709
BenchmarkTest00489.java,0,CWE-330,CWE-330,1,0,1,0,0,0,1,0,0,0,2405,0.00012025,256,0.00010240000000000001,13,5.2e-06,0.00022785,1.8568081855773926
BenchmarkTest00490.java,0,CWE-330,CWE-330,1,0,1,0,0,0,1,0,0,0,2385,0.00011925,256,0.00010240000000000001,13,5.2e-06,0.00022684999999999998,1.9075303077697754
BenchmarkTest00491.java,0,CWE-614,CWE-614,1,0,1,0,0,0,1,0,0,0,2164,0.0001082,576,0.00023040000000000002,13,5.2e-06,0.0003438,3.999199390411377
BenchmarkTest00492.java,0,CWE-79,CWE-79,1,0,1,0,0,0,1,0,0,0,2399,0.00011995,832,0.0003328,13,5.2e-06,0.00045795000000000005,3.8708040714263916
BenchmarkTest00493.java,0,CWE-79,CWE-79,1,1,0,1,0,0,0,0,1,0,2473,0.00012365,512,0.00020480000000000002,12,4.800000000000001e-06,0.00033325,4.3130669593811035
BenchmarkTest00494.java,0,CWE-78,CWE-78,1,1,0,1,0,0,0,0,1,0,2203,0.00011015000000000001,2688,0.0010752000000000001,12,4.800000000000001e-06,0.00119015,11.341755628585815
BenchmarkTest00495.java,0,CWE-78,CWE-78,1,0,1,0,0,0,1,0,0,0,2039,0.00010195,1920,0.000768,13,5.2e-06,0.00087515,9.088215351104736
BenchmarkTest00496.java,0,CWE-78,CWE-78,1,0,1,0,0,0,1,0,0,0,2021,0.00010105000000000002,1472,0.0005888000000000001,13,5.2e-06,0.0006950500000000001,9.855108737945557
BenchmarkTest00497.java,0,CWE-78,CWE-78,1,0,1,0,0,0,1,0,0,0,2065,0.00010325,1856,0.0007424,13,5.2e-06,0.0008508500000000001,11.763246059417725
BenchmarkTest00498.java,0,CWE-78,CWE-78,1,1,1,0,0,0,0,0,0,1,2032,0.0001016,1664,0.0006656,12,4.800000000000001e-06,0.000772,13.364986658096313
BenchmarkTest00499.java,0,CWE-78,CWE-78,1,0,1,0,0,0,1,0,0,0,2047,0.00010235000000000001,1728,0.0006912,13,5.2e-06,0.00079875,14.556507587432861
BenchmarkTest00500.java,0,CWE-78,CWE-78,1,0,1,0,0,0,1,0,0,0,2092,0.00010460000000000001,1088,0.00043520000000000006,13,5.2e-06,0.0005450000000000001,5.476093292236328
BenchmarkTest00501.java,0,CWE-330,,,,0,0,1,0,0,0,1,0,,,,,,,,
BenchmarkTest00502.java,0,CWE-330,,,,0,0,1,0,0,0,1,0,,,,,,,,
BenchmarkTest00503.java,0,CWE-330,,,,0,0,1,0,0,0,1,0,,,,,,,,
BenchmarkTest00504.java,0,CWE-330,,,,0,0,1,0,0,0,1,0,,,,,,,,
BenchmarkTest00505.java,0,CWE-330,,,,0,0,1,0,0,0,1,0,,,,,,,,
BenchmarkTest00506.java,0,CWE-330,,,,0,0,1,0,0,0,1,0,,,,,,,,
BenchmarkTest00507.java,0,CWE-330,,,,0,0,1,0,0,0,1,0,,,,,,,,
BenchmarkTest00509.java,0,CWE-89,CWE-89,1,1,0,1,0,0,0,0,1,0,2101,0.00010505,960,0.000384,12,4.800000000000001e-06,0.00049385,6.17175555229187
BenchmarkTest00510.java,0,CWE-89,CWE-89,1,0,1,0,0,0,1,0,0,0,2104,0.00010520000000000001,2368,0.0009472,13,5.2e-06,0.0010576,11.906627655029297
BenchmarkTest00511.java,0,CWE-89,CWE-89,1,1,0,1,0,0,0,0,1,0,2108,0.0001054,640,0.000256,12,4.800000000000001e-06,0.0003662,4.320953369140625
BenchmarkTest00512.java,0,CWE-89,CWE-89,1,0,1,0,0,0,1,0,0,0,1970,9.85e-05,192,7.680000000000001e-05,13,5.2e-06,0.0001805,3.0085935592651367
BenchmarkTest00513.java,0,CWE-89,CWE-89,1,1,0,1,0,0,0,0,1,0,2070,0.0001035,832,0.0003328,12,4.800000000000001e-06,0.00044110000000000004,5.973664999008179
BenchmarkTest00514.java,0,CWE-89,,,,0,0,1,0,0,0,1,0,,,,,,,,
BenchmarkTest00515.java,0,CWE-89,CWE-89,1,0,1,0,0,0,1,0,0,0,2044,0.0001022,384,0.00015360000000000002,13,5.2e-06,0.00026100000000000006,2.681347131729126
BenchmarkTest00516.java,0,CWE-89,CWE-89,1,0,1,0,0,0,1,0,0,0,2071,0.00010355000000000001,256,0.00010240000000000001,13,5.2e-06,0.00021115,1.6856999397277832
BenchmarkTest00517.java,0,CWE-89,,,,0,0,1,0,0,0,1,0,,,,,,,,
BenchmarkTest00518.java,0,CWE-89,CWE-89,1,0,1,0,0,0,1,0,0,0,2006,0.00010030000000000001,256,0.00010240000000000001,13,5.2e-06,0.0002079,1.9475324153900146
BenchmarkTest00519.java,0,CWE-89,CWE-89,1,0,0,1,0,0,0,1,0,0,2083,0.00010415000000000001,448,0.00017920000000000002,13,5.2e-06,0.00028855000000000005,2.4571468830108643
BenchmarkTest00520.java,0,CWE-643,,,,0,0,1,0,0,0,1,0,,,,,,,,
BenchmarkTest00521.java,0,CWE-327,CWE-327,1,0,1,0,0,0,1,0,0,0,2737,0.00013685,256,0.00010240000000000001,13,5.2e-06,0.00024445,2.1823031902313232
BenchmarkTest00522.java,0,CWE-327,CWE-327,1,0,1,0,0,0,1,0,0,0,2802,0.0001401,384,0.00015360000000000002,13,5.2e-06,0.00029890000000000006,2.6148698329925537
BenchmarkTest00523.java,0,CWE-327,,,,0,0,1,0,0,0,1,0,,,,,,,,
BenchmarkTest00524.java,0,CWE-327,,,,0,0,1,0,0,0,1,0,,,,,,,,
BenchmarkTest00525.java,0,CWE-22,CWE-23,0,0,1,0,0,0,1,0,0,0,2412,0.0001206,1344,0.0005376000000000001,13,5.2e-06,0.0006634000000000001,10.525488138198853
BenchmarkTest00526.java,0,CWE-22,CWE-23,0,1,1,0,0,0,0,0,0,1,2345,0.00011725,1536,0.0006144000000000001,12,4.800000000000001e-06,0.0007364500000000001,7.227261304855347
BenchmarkTest00527.java,0,CWE-22,CWE-23,0,1,1,0,0,0,0,0,0,1,2368,0.0001184,1216,0.00048640000000000006,12,4.800000000000001e-06,0.0006096000000000001,6.210044860839844
BenchmarkTest00528.java,0,CWE-22,CWE-23,0,0,1,0,0,0,1,0,0,0,2575,0.00012875,1536,0.0006144000000000001,13,5.2e-06,0.0007483500000000002,11.876839637756348
BenchmarkTest00529.java,0,CWE-22,CWE-23,0,0,1,0,0,0,1,0,0,0,2435,0.00012175,1472,0.0005888000000000001,13,5.2e-06,0.0007157500000000001,9.223525524139404
BenchmarkTest00530.java,0,CWE-90,CWE-90,1,1,0,1,0,0,0,0,1,0,2418,0.00012090000000000001,384,0.00015360000000000002,12,4.800000000000001e-06,0.0002793,3.9270269870758057
BenchmarkTest00531.java,0,CWE-328,CWE-916,0,0,1,0,0,0,1,0,0,0,2535,0.00012675,512,0.00020480000000000002,13,5.2e-06,0.00033675,4.432875394821167
BenchmarkTest00532.java,0,CWE-328,CWE-916,0,0,1,0,0,0,1,0,0,0,2621,0.00013105000000000001,704,0.0002816,13,5.2e-06,0.00041785000000000005,5.0166850090026855
BenchmarkTest00533.java,0,CWE-328,CWE-916,0,0,1,0,0,0,1,0,0,0,2471,0.00012355000000000002,640,0.000256,13,5.2e-06,0.00038475,4.516918897628784
BenchmarkTest00534.java,0,CWE-328,CWE-916,0,0,1,0,0,0,1,0,0,0,2486,0.0001243,640,0.000256,13,5.2e-06,0.0003855,3.1386022567749023
BenchmarkTest00535.java,0,CWE-328,,,,0,0,1,0,0,0,1,0,,,,,,,,
BenchmarkTest00536.java,0,CWE-328,CWE-916,0,0,1,0,0,0,1,0,0,0,2417,0.00012085000000000001,896,0.00035840000000000004,13,5.2e-06,0.0004844500000000001,4.631441116333008
BenchmarkTest00537.java,0,CWE-328,CWE-916,0,0,1,0,0,0,1,0,0,0,2340,0.000117,320,0.000128,13,5.2e-06,0.0002502,2.400247097015381
BenchmarkTest00538.java,0,CWE-328,,,,0,0,1,0,0,0,1,0,,,,,,,,
BenchmarkTest00539.java,0,CWE-328,,,,0,0,1,0,0,0,1,0,,,,,,,,
BenchmarkTest00540.java,0,CWE-328,,,,0,0,1,0,0,0,1,0,,,,,,,,
BenchmarkTest00541.java,0,CWE-79,CWE-79,1,0,1,0,0,0,1,0,0,0,2494,0.0001247,2496,0.0009984000000000002,13,5.2e-06,0.0011283,12.798064231872559
BenchmarkTest00542.java,0,CWE-79,CWE-79,1,0,1,0,0,0,1,0,0,0,2541,0.00012705,1920,0.000768,13,5.2e-06,0.00090025,8.843738555908203
BenchmarkTest00543.java,0,CWE-79,CWE-79,1,0,1,0,0,0,1,0,0,0,2508,0.0001254,2624,0.0010496000000000001,13,5.2e-06,0.0011802000000000002,11.499820709228516
BenchmarkTest00544.java,0,CWE-79,CWE-79,1,1,0,1,0,0,0,0,1,0,2501,0.00012505,1088,0.00043520000000000006,12,4.800000000000001e-06,0.0005650500000000001,5.830062627792358
BenchmarkTest00545.java,0,CWE-79,,,,0,0,1,0,0,0,1,0,,,,,,,,
BenchmarkTest00546.java,0,CWE-79,CWE-79,1,1,0,1,0,0,0,0,1,0,2498,0.0001249,896,0.00035840000000000004,12,4.800000000000001e-06,0.00048810000000000005,5.397049903869629
BenchmarkTest00547.java,0,CWE-79,CWE-79,1,0,1,0,0,0,1,0,0,0,2463,0.00012315,1920,0.000768,13,5.2e-06,0.0008963500000000001,8.366090297698975
BenchmarkTest00548.java,0,CWE-79,,,,0,0,1,0,0,0,1,0,,,,,,,,
BenchmarkTest00549.java,0,CWE-79,CWE-79,1,0,1,0,0,0,1,0,0,0,2466,0.00012330000000000002,1408,0.0005632,13,5.2e-06,0.0006917000000000001,7.078288316726685
BenchmarkTest00550.java,0,CWE-79,CWE-79,1,1,0,1,0,0,0,0,1,0,2506,0.0001253,960,0.000384,12,4.800000000000001e-06,0.0005141000000000001,7.035936117172241
BenchmarkTest00551.java,0,CWE-79,CWE-79,1,0,1,0,0,0,1,0,0,0,2431,0.00012155000000000001,1088,0.00043520000000000006,14,5.600000000000001e-06,0.0005623500000000001,189.9465847015381
BenchmarkTest00552.java,0,CWE-79,CWE-79,1,0,1,0,0,0,1,0,0,0,2516,0.00012580000000000002,1408,0.0005632,13,5.2e-06,0.0006942000000000001,8.883054494857788
BenchmarkTest00553.java,0,CWE-79,CWE-79,1,0,0,1,0,0,0,1,0,0,2516,0.00012580000000000002,1088,0.00043520000000000006,13,5.2e-06,0.0005662000000000001,6.853353977203369
BenchmarkTest00554.java,0,CWE-79,CWE-79,1,0,1,0,0,0,1,0,0,0,2464,0.0001232,1088,0.00043520000000000006,13,5.2e-06,0.0005636000000000001,9.060844898223877
BenchmarkTest00555.java,0,CWE-79,CWE-79,1,0,1,0,0,0,1,0,0,0,2463,0.00012315,1152,0.00046080000000000003,14,5.600000000000001e-06,0.0005895500000000001,7.191109895706177
BenchmarkTest00556.java,0,CWE-79,CWE-79,1,1,0,1,0,0,0,0,1,0,2516,0.00012580000000000002,704,0.0002816,12,4.800000000000001e-06,0.00041220000000000004,5.057978391647339
BenchmarkTest00557.java,0,CWE-79,CWE-79,1,0,1,0,0,0,1,0,0,0,2473,0.00012365,1600,0.00064,13,5.2e-06,0.0007688500000000001,8.667766809463501
BenchmarkTest00558.java,0,CWE-78,CWE-78,1,1,0,1,0,0,0,0,1,0,2198,0.0001099,832,0.0003328,12,4.800000000000001e-06,0.00044750000000000004,4.124306678771973
BenchmarkTest00559.java,0,CWE-78,,,,0,0,1,0,0,0,1,0,,,,,,,,
BenchmarkTest00560.java,0,CWE-330,CWE-330,1,0,1,0,0,0,1,0,0,0,2445,0.00012225,320,0.000128,13,5.2e-06,0.00025545,2.248805284500122
BenchmarkTest00561.java,0,CWE-330,CWE-330,1,0,1,0,0,0,1,0,0,0,2473,0.00012365,384,0.00015360000000000002,13,5.2e-06,0.00028245000000000006,3.503809928894043
BenchmarkTest00562.java,0,CWE-330,CWE-330,1,0,1,0,0,0,1,0,0,0,2489,0.00012445000000000002,384,0.00015360000000000002,13,5.2e-06,0.0002832500000000001,2.323767900466919
BenchmarkTest00563.java,0,CWE-330,CWE-330,1,0,1,0,0,0,1,0,0,0,2382,0.00011910000000000001,704,0.0002816,13,5.2e-06,0.00040590000000000005,4.140720367431641
BenchmarkTest00564.java,0,CWE-330,CWE-330,1,0,1,0,0,0,1,0,0,0,2405,0.00012025,320,0.000128,13,5.2e-06,0.00025345,3.7151193618774414
BenchmarkTest00565.java,0,CWE-614,CWE-614,1,0,1,0,0,0,1,0,0,0,2181,0.00010905000000000001,768,0.00030720000000000004,13,5.2e-06,0.0004214500000000001,5.854755401611328
BenchmarkTest00566.java,0,CWE-614,CWE-614,1,0,1,0,0,0,1,0,0,0,2198,0.0001099,640,0.000256,13,5.2e-06,0.0003711,5.646744966506958
BenchmarkTest00567.java,0,CWE-78,CWE-78,1,0,1,0,0,0,1,0,0,0,2145,0.00010725,1472,0.0005888000000000001,13,5.2e-06,0.0007012500000000002,14.343857765197754
BenchmarkTest00568.java,0,CWE-78,CWE-78,1,0,1,0,0,0,1,0,0,0,2230,0.0001115,1408,0.0005632,13,5.2e-06,0.0006799000000000001,10.628957509994507
BenchmarkTest00569.java,0,CWE-78,,,,0,0,1,0,0,0,1,0,,,,,,,,
BenchmarkTest00570.java,0,CWE-78,CWE-78,1,1,0,1,0,0,0,0,1,0,2121,0.00010605000000000002,2048,0.0008192000000000001,12,4.800000000000001e-06,0.0009300500000000001,10.996859312057495
BenchmarkTest00571.java,0,CWE-78,,,,0,0,1,0,0,0,1,0,,,,,,,,
BenchmarkTest00572.java,0,CWE-78,,,,0,0,1,0,0,0,1,0,,,,,,,,
BenchmarkTest00573.java,0,CWE-78,CWE-78,1,0,1,0,0,0,1,0,0,0,2035,0.00010175,1600,0.00064,14,5.600000000000001e-06,0.00074735,7.428983926773071
BenchmarkTest00574.java,0,CWE-78,CWE-78,1,0,1,0,0,0,1,0,0,0,2069,0.00010345000000000001,2112,0.0008448,13,5.2e-06,0.0009534500000000001,11.73567271232605
BenchmarkTest00575.java,0,CWE-78,CWE-78,1,0,1,0,0,0,1,0,0,0,2196,0.00010980000000000001,2048,0.0008192000000000001,14,5.600000000000001e-06,0.0009346000000000002,11.031795501708984
BenchmarkTest00576.java,0,CWE-78,CWE-78,1,0,1,0,0,0,1,0,0,0,2152,0.00010760000000000001,1920,0.000768,13,5.2e-06,0.0008808,8.927227973937988
BenchmarkTest00577.java,0,CWE-330,,,,0,0,1,0,0,0,1,0,,,,,,,,
BenchmarkTest00578.java,0,CWE-330,,,,0,0,1,0,0,0,1,0,,,,,,,,
BenchmarkTest00579.java,0,CWE-330,,,,0,0,1,0,0,0,1,0,,,,,,,,
BenchmarkTest00580.java,0,CWE-330,,,,0,0,1,0,0,0,1,0,,,,,,,,
BenchmarkTest00581.java,0,CWE-330,,,,0,0,1,0,0,0,1,0,,,,,,,,
BenchmarkTest00582.java,0,CWE-330,CWE-330,1,1,0,1,0,0,0,0,1,0,2518,0.0001259,1024,0.00040960000000000004,13,5.2e-06,0.0005407000000000001,7.415712594985962
BenchmarkTest00583.java,0,CWE-330,,,,0,0,1,0,0,0,1,0,,,,,,,,
BenchmarkTest00584.java,0,CWE-330,,,,0,0,1,0,0,0,1,0,,,,,,,,
BenchmarkTest00585.java,0,CWE-330,,,,0,0,1,0,0,0,1,0,,,,,,,,
BenchmarkTest00589.java,0,CWE-89,CWE-89,1,1,0,1,0,0,0,0,1,0,2153,0.00010765,896,0.00035840000000000004,12,4.800000000000001e-06,0.00047085000000000003,5.634839296340942
BenchmarkTest00590.java,0,CWE-89,CWE-89,1,0,1,0,0,0,1,0,0,0,2112,0.0001056,2432,0.0009728000000000001,13,5.2e-06,0.0010836,15.27866244316101
BenchmarkTest00591.java,0,CWE-89,CWE-89,1,0,1,0,0,0,1,0,0,0,2090,0.0001045,256,0.00010240000000000001,13,5.2e-06,0.0002121,3.3982698917388916
BenchmarkTest00592.java,0,CWE-89,,,,0,0,1,0,0,0,1,0,,,,,,,,
BenchmarkTest00593.java,0,CWE-89,CWE-89,1,0,1,0,0,0,1,0,0,0,2182,0.00010910000000000001,1088,0.00043520000000000006,13,5.2e-06,0.0005495000000000001,7.257556438446045
BenchmarkTest00594.java,0,CWE-89,CWE-89,1,0,1,0,0,0,1,0,0,0,2154,0.0001077,832,0.0003328,13,5.2e-06,0.00044570000000000005,5.352574348449707
BenchmarkTest00595.java,0,CWE-89,CWE-89,1,0,1,0,0,0,1,0,0,0,2098,0.0001049,1344,0.0005376000000000001,13,5.2e-06,0.0006477000000000001,6.479730844497681
BenchmarkTest00596.java,0,CWE-89,,,,0,0,0,1,0,0,0,1,,,,,,,,
BenchmarkTest00597.java,0,CWE-89,,,,0,0,0,1,0,0,0,1,,,,,,,,
BenchmarkTest00598.java,0,CWE-89,,,,0,0,0,1,0,0,0,1,,,,,,,,
BenchmarkTest00599.java,0,CWE-89,,,,0,0,1,0,0,0,1,0,,,,,,,,
BenchmarkTest00600.java,0,CWE-89,CWE-89,1,0,1,0,0,0,1,0,0,0,2167,0.00010835,1792,0.0007168000000000001,14,5.600000000000001e-06,0.0008307500000000001,9.197372198104858
BenchmarkTest00601.java,0,CWE-89,,,,0,0,1,0,0,0,1,0,,,,,,,,
BenchmarkTest00602.java,0,CWE-89,CWE-89,1,1,0,1,0,0,0,0,1,0,2101,0.00010505,1152,0.00046080000000000003,12,4.800000000000001e-06,0.00057065,6.4284749031066895
BenchmarkTest00603.java,0,CWE-89,CWE-89,1,0,1,0,0,0,1,0,0,0,2069,0.00010345000000000001,704,0.0002816,13,5.2e-06,0.00039025,4.200798511505127
BenchmarkTest00604.java,0,CWE-89,CWE-89,1,0,1,0,0,0,1,0,0,0,2092,0.00010460000000000001,1344,0.0005376000000000001,13,5.2e-06,0.0006474000000000001,8.143708944320679
BenchmarkTest00605.java,0,CWE-89,,,,0,0,1,0,0,0,1,0,,,,,,,,
BenchmarkTest00606.java,0,CWE-89,CWE-89,1,0,1,0,0,0,1,0,0,0,2071,0.00010355000000000001,1920,0.000768,13,5.2e-06,0.00087675,10.171109914779663
BenchmarkTest00607.java,0,CWE-643,CWE-643,1,0,1,0,0,0,1,0,0,0,2130,0.0001065,768,0.00030720000000000004,13,5.2e-06,0.00041890000000000004,5.3023130893707275
BenchmarkTest00608.java,0,CWE-327,CWE-327,1,0,1,0,0,0,1,0,0,0,2697,0.00013485,384,0.00015360000000000002,13,5.2e-06,0.00029365,2.9992685317993164
BenchmarkTest00609.java,0,CWE-327,CWE-327,1,0,1,0,0,0,1,0,0,0,2660,0.000133,384,0.00015360000000000002,13,5.2e-06,0.00029180000000000005,2.8198282718658447
BenchmarkTest00610.java,0,CWE-327,CWE-327,1,0,1,0,0,0,1,0,0,0,2868,0.00014340000000000002,576,0.00023040000000000002,13,5.2e-06,0.00037900000000000005,4.401562452316284
BenchmarkTest00611.java,0,CWE-327,CWE-327,1,0,1,0,0,0,1,0,0,0,2665,0.00013325,384,0.00015360000000000002,13,5.2e-06,0.0002920500000000001,3.4354913234710693
BenchmarkTest00612.java,0,CWE-327,,,,0,0,1,0,0,0,1,0,,,,,,,,
BenchmarkTest00613.java,0,CWE-327,,,,0,0,1,0,0,0,1,0,,,,,,,,
BenchmarkTest00614.java,0,CWE-327,CWE-327,1,0,1,0,0,0,1,0,0,0,2401,0.00012005000000000002,512,0.00020480000000000002,13,5.2e-06,0.00033005,3.0223968029022217
BenchmarkTest00615.java,0,CWE-327,CWE-327,1,0,1,0,0,0,1,0,0,0,2438,0.00012190000000000001,320,0.000128,13,5.2e-06,0.0002551,3.672851800918579
BenchmarkTest00616.java,0,CWE-327,CWE-327,1,0,1,0,0,0,1,0,0,0,2333,0.00011665,1024,0.00040960000000000004,13,5.2e-06,0.00053145,5.997601509094238
BenchmarkTest00617.java,0,CWE-327,CWE-327,1,0,1,0,0,0,1,0,0,0,2339,0.00011695,1536,0.0006144000000000001,13,5.2e-06,0.0007365500000000001,7.985214710235596
BenchmarkTest00618.java,0,CWE-327,,,,0,0,1,0,0,0,1,0,,,,,,,,
BenchmarkTest00619.java,0,CWE-22,,,,0,0,0,1,0,0,0,1,,,,,,,,
BenchmarkTest00620.java,0,CWE-22,,,,0,0,1,0,0,0,1,0,,,,,,,,
BenchmarkTest00621.java,0,CWE-22,,,,0,0,1,0,0,0,1,0,,,,,,,,
BenchmarkTest00622.java,0,CWE-22,,,,0,0,1,0,0,0,1,0,,,,,,,,
BenchmarkTest00623.java,0,CWE-22,,,,0,0,0,1,0,0,0,1,,,,,,,,
BenchmarkTest00624.java,0,CWE-22,,,,0,0,0,1,0,0,0,1,,,,,,,,
BenchmarkTest00625.java,0,CWE-22,,,,0,0,1,0,0,0,1,0,,,,,,,,
BenchmarkTest00626.java,0,CWE-22,,,,0,0,1,0,0,0,1,0,,,,,,,,
BenchmarkTest00627.java,0,CWE-22,,,,0,0,0,1,0,0,0,1,,,,,,,,
BenchmarkTest00628.java,0,CWE-22,,,,0,0,1,0,0,0,1,0,,,,,,,,
BenchmarkTest00629.java,0,CWE-22,,,,0,0,0,1,0,0,0,1,,,,,,,,
BenchmarkTest00630.java,0,CWE-90,,,,0,0,0,1,0,0,0,1,,,,,,,,
BenchmarkTest00631.java,0,CWE-328,CWE-916,0,0,1,0,0,0,1,0,0,0,2399,0.00011995,640,0.000256,12,4.800000000000001e-06,0.00038075,4.268140077590942
BenchmarkTest00632.java,0,CWE-328,,,,0,0,1,0,0,0,1,0,,,,,,,,
BenchmarkTest00633.java,0,CWE-328,,,,0,0,1,0,0,0,1,0,,,,,,,,
BenchmarkTest00634.java,0,CWE-328,CWE-916,0,0,1,0,0,0,1,0,0,0,2389,0.00011945,640,0.000256,13,5.2e-06,0.00038065,3.667861223220825
BenchmarkTest00635.java,0,CWE-328,CWE-916,0,0,1,0,0,0,1,0,0,0,2339,0.00011695,576,0.00023040000000000002,13,5.2e-06,0.00035255000000000003,4.649000644683838
BenchmarkTest00636.java,0,CWE-328,CWE-916,0,0,1,0,0,0,1,0,0,0,2336,0.0001168,512,0.00020480000000000002,13,5.2e-06,0.00032680000000000003,2.9528613090515137
BenchmarkTest00637.java,0,CWE-328,CWE-916,0,0,1,0,0,0,1,0,0,0,2295,0.00011475,896,0.00035840000000000004,13,5.2e-06,0.00047835000000000005,5.8607337474823
BenchmarkTest00638.java,0,CWE-328,,,,0,0,0,1,0,0,0,1,,,,,,,,
BenchmarkTest00639.java,0,CWE-328,,,,0,0,1,0,0,0,1,0,,,,,,,,
BenchmarkTest00640.java,0,CWE-328,,,,0,0,1,0,0,0,1,0,,,,,,,,
BenchmarkTest00641.java,0,CWE-328,,,,0,0,1,0,0,0,1,0,,,,,,,,
BenchmarkTest00642.java,0,CWE-79,,,,0,0,0,1,0,0,0,1,,,,,,,,
BenchmarkTest00643.java,0,CWE-79,,,,0,0,0,1,0,0,0,1,,,,,,,,
BenchmarkTest00644.java,0,CWE-79,,,,0,0,0,1,0,0,0,1,,,,,,,,
BenchmarkTest00645.java,0,CWE-79,,,,0,0,0,1,0,0,0,1,,,,,,,,
BenchmarkTest00646.java,0,CWE-79,,,,0,0,1,0,0,0,1,0,,,,,,,,
BenchmarkTest00647.java,0,CWE-79,,,,0,0,1,0,0,0,1,0,,,,,,,,
BenchmarkTest00648.java,0,CWE-79,,,,0,0,1,0,0,0,1,0,,,,,,,,
BenchmarkTest00649.java,0,CWE-79,,,,0,0,1,0,0,0,1,0,,,,,,,,
BenchmarkTest00650.java,0,CWE-79,,,,0,0,1,0,0,0,1,0,,,,,,,,
BenchmarkTest00651.java,0,CWE-79,,,,0,0,0,1,0,0,0,1,,,,,,,,
BenchmarkTest00652.java,0,CWE-330,CWE-330,1,0,1,0,0,0,1,0,0,0,2372,0.00011860000000000001,320,0.000128,13,5.2e-06,0.00025180000000000005,2.1632230281829834
BenchmarkTest00653.java,0,CWE-330,CWE-330,1,0,1,0,0,0,1,0,0,0,2337,0.00011685000000000001,320,0.000128,13,5.2e-06,0.00025005000000000003,2.2539613246917725
BenchmarkTest00654.java,0,CWE-330,CWE-330,1,0,1,0,0,0,1,0,0,0,2374,0.0001187,192,7.680000000000001e-05,13,5.2e-06,0.0002007,1.810403823852539
BenchmarkTest00655.java,0,CWE-614,,,,0,0,1,0,0,0,1,0,,,,,,,,
BenchmarkTest00656.java,0,CWE-79,,,,0,0,0,1,0,0,0,1,,,,,,,,
BenchmarkTest00657.java,0,CWE-78,,,,0,0,1,0,0,0,1,0,,,,,,,,
BenchmarkTest00658.java,0,CWE-78,,,,0,0,1,0,0,0,1,0,,,,,,,,
BenchmarkTest00659.java,0,CWE-78,,,,0,0,1,0,0,0,1,0,,,,,,,,
BenchmarkTest00660.java,0,CWE-330,CWE-330,1,1,0,1,0,0,0,0,1,0,2416,0.00012080000000000001,1472,0.0005888000000000001,12,4.800000000000001e-06,0.0007144000000000001,8.353232145309448
BenchmarkTest00661.java,0,CWE-330,,,,0,0,1,0,0,0,1,0,,,,,,,,
BenchmarkTest00662.java,0,CWE-330,,,,0,0,1,0,0,0,1,0,,,,,,,,
BenchmarkTest00663.java,0,CWE-330,,,,0,0,1,0,0,0,1,0,,,,,,,,
BenchmarkTest00664.java,0,CWE-330,,,,0,0,1,0,0,0,1,0,,,,,,,,
BenchmarkTest00665.java,0,CWE-330,,,,0,0,1,0,0,0,1,0,,,,,,,,
BenchmarkTest00666.java,0,CWE-330,,,,0,0,1,0,0,0,1,0,,,,,,,,
BenchmarkTest00667.java,0,CWE-330,,,,0,0,1,0,0,0,1,0,,,,,,,,
BenchmarkTest00672.java,0,CWE-89,,,,0,0,1,0,0,0,1,0,,,,,,,,
BenchmarkTest00673.java,0,CWE-89,,,,0,0,0,1,0,0,0,1,,,,,,,,
BenchmarkTest00674.java,0,CWE-89,,,,0,0,1,0,0,0,1,0,,,,,,,,
BenchmarkTest00675.java,0,CWE-89,,,,0,0,1,0,0,0,1,0,,,,,,,,
BenchmarkTest00676.java,0,CWE-89,,,,0,0,1,0,0,0,1,0,,,,,,,,
BenchmarkTest00677.java,0,CWE-89,,,,0,0,0,1,0,0,0,1,,,,,,,,
BenchmarkTest00678.java,0,CWE-89,,,,0,0,0,1,0,0,0,1,,,,,,,,
BenchmarkTest00679.java,0,CWE-89,,,,0,0,0,1,0,0,0,1,,,,,,,,
BenchmarkTest00680.java,0,CWE-89,,,,0,0,1,0,0,0,1,0,,,,,,,,
BenchmarkTest00681.java,0,CWE-89,,,,0,0,0,1,0,0,0,1,,,,,,,,
BenchmarkTest00682.java,0,CWE-89,,,,0,0,1,0,0,0,1,0,,,,,,,,
BenchmarkTest00683.java,0,CWE-643,,,,0,0,1,0,0,0,1,0,,,,,,,,
BenchmarkTest00684.java,0,CWE-327,CWE-327,1,0,1,0,0,0,1,0,0,0,2640,0.000132,512,0.00020480000000000002,13,5.2e-06,0.0003420000000000001,3.6003482341766357
BenchmarkTest00685.java,0,CWE-327,CWE-327,1,0,1,0,0,0,1,0,0,0,2686,0.0001343,320,0.000128,13,5.2e-06,0.00026750000000000005,2.760652780532837
BenchmarkTest00686.java,0,CWE-327,,,,0,0,1,0,0,0,1,0,,,,,,,,
BenchmarkTest00687.java,0,CWE-327,,,,0,0,1,0,0,0,1,0,,,,,,,,
BenchmarkTest00688.java,0,CWE-327,CWE-327,1,0,1,0,0,0,1,0,0,0,2733,0.00013665000000000001,384,0.00015360000000000002,13,5.2e-06,0.00029545000000000005,3.8463191986083984
BenchmarkTest00689.java,0,CWE-327,,,,0,0,1,0,0,0,1,0,,,,,,,,
BenchmarkTest00690.java,0,CWE-327,,,,0,0,1,0,0,0,1,0,,,,,,,,
BenchmarkTest00691.java,0,CWE-327,CWE-327,1,0,1,0,0,0,1,0,0,0,2395,0.00011975,640,0.000256,13,5.2e-06,0.00038095,7.594509601593018
BenchmarkTest00692.java,0,CWE-327,CWE-327,1,0,1,0,0,0,1,0,0,0,2341,0.00011705000000000001,448,0.00017920000000000002,13,5.2e-06,0.00030145000000000004,6.119251489639282
BenchmarkTest00693.java,0,CWE-327,CWE-327,1,0,1,0,0,0,1,0,0,0,2366,0.00011830000000000002,448,0.00017920000000000002,13,5.2e-06,0.00030270000000000004,4.623117685317993
BenchmarkTest00694.java,0,CWE-90,CWE-90,1,0,1,0,0,0,1,0,0,0,2226,0.00011130000000000001,448,0.00017920000000000002,13,5.2e-06,0.00029570000000000003,4.003195762634277
BenchmarkTest00695.java,0,CWE-90,CWE-90,1,0,1,0,0,0,1,0,0,0,2311,0.00011555000000000002,320,0.000128,13,5.2e-06,0.00024875,3.2689356803894043
BenchmarkTest00696.java,0,CWE-22,CWE-23,0,0,1,0,0,0,1,0,0,0,2361,0.00011805000000000001,768,0.00030720000000000004,13,5.2e-06,0.0004304500000000001,4.475656270980835
BenchmarkTest00697.java,0,CWE-22,CWE-23,0,0,1,0,0,0,1,0,0,0,2303,0.00011515000000000001,960,0.000384,13,5.2e-06,0.0005043500000000001,4.693124294281006
BenchmarkTest00698.java,0,CWE-22,CWE-23,0,1,1,0,0,0,0,0,0,1,2288,0.0001144,1408,0.0005632,12,4.800000000000001e-06,0.0006824,6.539448499679565
BenchmarkTest00699.java,0,CWE-22,CWE-23,0,1,0,1,0,0,0,0,1,0,2347,0.00011735,1408,0.0005632,12,4.800000000000001e-06,0.00068535,7.956025838851929
BenchmarkTest00700.java,0,CWE-22,CWE-23,0,0,1,0,0,0,1,0,0,0,2350,0.0001175,960,0.000384,13,5.2e-06,0.0005067,4.803687810897827
BenchmarkTest00701.java,0,CWE-90,,,,0,0,1,0,0,0,1,0,,,,,,,,
BenchmarkTest00702.java,0,CWE-330,CWE-330,1,0,1,0,0,0,1,0,0,0,2375,0.00011875,448,0.00017920000000000002,13,5.2e-06,0.00030315,3.9146859645843506
BenchmarkTest00703.java,0,CWE-328,CWE-916,0,0,1,0,0,0,1,0,0,0,2433,0.00012165,640,0.000256,13,5.2e-06,0.00038285,4.5179057121276855
BenchmarkTest00704.java,0,CWE-328,CWE-916,0,0,1,0,0,0,1,0,0,0,2402,0.0001201,640,0.000256,14,5.600000000000001e-06,0.0003817,4.930829763412476
BenchmarkTest00705.java,0,CWE-328,CWE-916,0,0,1,0,0,0,1,0,0,0,2421,0.00012105000000000002,704,0.0002816,13,5.2e-06,0.0004078500000000001,3.629486560821533
BenchmarkTest00706.java,0,CWE-328,,,,0,0,1,0,0,0,1,0,,,,,,,,
BenchmarkTest00707.java,0,CWE-328,,,,0,0,1,0,0,0,1,0,,,,,,,,
BenchmarkTest00708.java,0,CWE-328,CWE-916,0,0,1,0,0,0,1,0,0,0,2278,0.0001139,448,0.00017920000000000002,13,5.2e-06,0.00029830000000000004,3.111614942550659
BenchmarkTest00709.java,0,CWE-328,,,,0,0,1,0,0,0,1,0,,,,,,,,
BenchmarkTest00710.java,0,CWE-328,,,,0,0,0,1,0,0,0,1,,,,,,,,
BenchmarkTest00711.java,0,CWE-79,CWE-79,1,0,1,0,0,0,1,0,0,0,2482,0.0001241,960,0.000384,13,5.2e-06,0.0005133000000000001,6.840758562088013
BenchmarkTest00712.java,0,CWE-79,,,,0,0,1,0,0,0,1,0,,,,,,,,
BenchmarkTest00713.java,0,CWE-79,,,,0,0,1,0,0,0,1,0,,,,,,,,
BenchmarkTest00714.java,0,CWE-79,,,,0,0,1,0,0,0,1,0,,,,,,,,
BenchmarkTest00715.java,0,CWE-79,CWE-79,1,0,1,0,0,0,1,0,0,0,2365,0.00011825,448,0.00017920000000000002,13,5.2e-06,0.00030265,5.548324108123779
BenchmarkTest00716.java,0,CWE-79,,,,0,0,1,0,0,0,1,0,,,,,,,,
BenchmarkTest00717.java,0,CWE-79,,,,0,0,1,0,0,0,1,0,,,,,,,,
BenchmarkTest00718.java,0,CWE-79,,,,0,0,1,0,0,0,1,0,,,,,,,,
BenchmarkTest00719.java,0,CWE-79,CWE-79,1,0,1,0,0,0,1,0,0,0,2395,0.00011975,1024,0.00040960000000000004,13,5.2e-06,0.0005345500000000001,5.906191825866699
BenchmarkTest00720.java,0,CWE-79,CWE-79,1,0,1,0,0,0,1,0,0,0,2461,0.00012305,1280,0.000512,13,5.2e-06,0.00064025,7.258719205856323
BenchmarkTest00721.java,0,CWE-79,CWE-79,1,0,1,0,0,0,1,0,0,0,2442,0.0001221,896,0.00035840000000000004,13,5.2e-06,0.00048570000000000004,6.223086357116699
BenchmarkTest00722.java,0,CWE-79,CWE-79,1,1,0,1,0,0,0,0,1,0,2464,0.0001232,768,0.00030720000000000004,12,4.800000000000001e-06,0.00043520000000000006,5.209454536437988
BenchmarkTest00723.java,0,CWE-79,,,,0,0,1,0,0,0,1,0,,,,,,,,
BenchmarkTest00724.java,0,CWE-79,CWE-79,1,0,1,0,0,0,1,0,0,0,2443,0.00012215000000000001,448,0.00017920000000000002,13,5.2e-06,0.00030655000000000005,3.2399375438690186
BenchmarkTest00725.java,0,CWE-79,CWE-79,1,0,1,0,0,0,1,0,0,0,2571,0.00012855,2368,0.0009472,13,5.2e-06,0.00108095,11.69402551651001
BenchmarkTest00726.java,0,CWE-79,,,,0,0,1,0,0,0,1,0,,,,,,,,
BenchmarkTest00727.java,0,CWE-79,CWE-79,1,0,1,0,0,0,1,0,0,0,2383,0.00011915000000000001,576,0.00023040000000000002,13,5.2e-06,0.00035475000000000003,3.2593512535095215
BenchmarkTest00728.java,0,CWE-79,CWE-79,1,0,1,0,0,0,1,0,0,0,2384,0.0001192,640,0.000256,13,5.2e-06,0.00038040000000000003,3.991046190261841
BenchmarkTest00729.java,0,CWE-79,CWE-79,1,0,1,0,0,0,1,0,0,0,2380,0.000119,768,0.00030720000000000004,13,5.2e-06,0.0004314000000000001,4.878618001937866
BenchmarkTest00730.java,0,CWE-79,CWE-79,1,1,0,1,0,0,0,0,1,0,2459,0.00012295,576,0.00023040000000000002,12,4.800000000000001e-06,0.00035815,3.6195709705352783
BenchmarkTest00731.java,0,CWE-78,CWE-78,1,0,1,0,0,0,1,0,0,0,2051,0.00010255000000000001,576,0.00023040000000000002,14,5.600000000000001e-06,0.00033855000000000007,3.2478818893432617
BenchmarkTest00732.java,0,CWE-78,CWE-78,1,1,0,1,0,0,0,0,1,0,2154,0.0001077,576,0.00023040000000000002,12,4.800000000000001e-06,0.00034290000000000004,4.855944395065308
BenchmarkTest00733.java,0,CWE-330,CWE-330,1,0,1,0,0,0,1,0,0,0,2353,0.00011765,640,0.000256,13,5.2e-06,0.00037885,3.4043641090393066
BenchmarkTest00734.java,0,CWE-330,CWE-330,1,0,1,0,0,0,1,0,0,0,2392,0.00011960000000000001,960,0.000384,13,5.2e-06,0.0005088,5.145869016647339
BenchmarkTest00735.java,0,CWE-330,CWE-330,1,0,1,0,0,0,1,0,0,0,2371,0.00011855000000000001,320,0.000128,13,5.2e-06,0.00025175,3.5570497512817383
BenchmarkTest00736.java,0,CWE-614,CWE-614,1,0,1,0,0,0,1,0,0,0,2126,0.00010630000000000001,1408,0.0005632,13,5.2e-06,0.0006747000000000001,9.644476652145386
BenchmarkTest00737.java,0,CWE-79,CWE-79,1,0,1,0,0,0,1,0,0,0,2580,0.000129,704,0.0002816,13,5.2e-06,0.0004158,5.176481008529663
BenchmarkTest00738.java,0,CWE-78,,,,0,0,1,0,0,0,1,0,,,,,,,,
BenchmarkTest00739.java,0,CWE-78,,,,0,0,1,0,0,0,1,0,,,,,,,,
BenchmarkTest00740.java,0,CWE-78,CWE-78,1,0,1,0,0,0,1,0,0,0,2053,0.00010265,1344,0.0005376000000000001,12,4.800000000000001e-06,0.0006450500000000001,8.714038133621216
BenchmarkTest00741.java,0,CWE-78,CWE-78,1,1,0,1,0,0,0,0,1,0,2103,0.00010515000000000001,1216,0.00048640000000000006,12,4.800000000000001e-06,0.00059635,9.27919340133667
BenchmarkTest00742.java,0,CWE-78,CWE-78,1,1,0,1,0,0,0,0,1,0,2151,0.00010755000000000001,1088,0.00043520000000000006,12,4.800000000000001e-06,0.0005475500000000001,6.51580810546875
BenchmarkTest00743.java,0,CWE-78,CWE-78,1,0,0,1,0,0,0,1,0,0,2053,0.00010265,3200,0.00128,13,5.2e-06,0.00138785,19.31192898750305
BenchmarkTest00744.java,0,CWE-330,,,,0,0,1,0,0,0,1,0,,,,,,,,
BenchmarkTest00745.java,0,CWE-330,,,,0,0,1,0,0,0,1,0,,,,,,,,
BenchmarkTest00746.java,0,CWE-330,,,,0,0,1,0,0,0,1,0,,,,,,,,
BenchmarkTest00747.java,0,CWE-330,,,,0,0,1,0,0,0,1,0,,,,,,,,
BenchmarkTest00748.java,0,CWE-330,,,,0,0,1,0,0,0,1,0,,,,,,,,
BenchmarkTest00749.java,0,CWE-330,CWE-330,1,1,0,1,0,0,0,0,1,0,2423,0.00012115,832,0.0003328,12,4.800000000000001e-06,0.00045875,5.2657318115234375
BenchmarkTest00750.java,0,CWE-330,,,,0,0,1,0,0,0,1,0,,,,,,,,
BenchmarkTest00751.java,0,CWE-330,,,,0,0,1,0,0,0,1,0,,,,,,,,
BenchmarkTest00752.java,0,CWE-330,,,,0,0,1,0,0,0,1,0,,,,,,,,
BenchmarkTest00753.java,0,CWE-330,,,,0,0,1,0,0,0,1,0,,,,,,,,
BenchmarkTest00760.java,0,CWE-89,CWE-89,1,0,1,0,0,0,1,0,0,0,2053,0.00010265,832,0.0003328,13,5.2e-06,0.00044065,4.8406407833099365
BenchmarkTest00761.java,0,CWE-89,CWE-89,1,0,1,0,0,0,1,0,0,0,2055,0.00010275,768,0.00030720000000000004,13,5.2e-06,0.0004151500000000001,7.232181787490845
BenchmarkTest00762.java,0,CWE-89,CWE-89,1,0,1,0,0,0,1,0,0,0,2032,0.0001016,1088,0.00043520000000000006,13,5.2e-06,0.0005420000000000001,5.802907466888428
BenchmarkTest00763.java,0,CWE-89,CWE-89,1,1,0,1,0,0,0,0,1,0,2075,0.00010375,768,0.00030720000000000004,12,4.800000000000001e-06,0.00041575000000000005,4.375474214553833
BenchmarkTest00764.java,0,CWE-89,,,,0,0,0,1,0,0,0,1,,,,,,,,
BenchmarkTest00765.java,0,CWE-89,,,,0,0,0,1,0,0,0,1,,,,,,,,
BenchmarkTest00766.java,0,CWE-89,,,,0,0,1,0,0,0,1,0,,,,,,,,
BenchmarkTest00767.java,0,CWE-89,,,,0,0,0,1,0,0,0,1,,,,,,,,
BenchmarkTest00768.java,0,CWE-89,,,,0,0,0,1,0,0,0,1,,,,,,,,
BenchmarkTest00769.java,0,CWE-89,CWE-89,1,0,1,0,0,0,1,0,0,0,2081,0.00010405000000000001,256,0.00010240000000000001,13,5.2e-06,0.00021165,2.046330213546753
BenchmarkTest00770.java,0,CWE-89,CWE-89,1,0,1,0,0,0,1,0,0,0,2035,0.00010175,512,0.00020480000000000002,13,5.2e-06,0.00031175000000000007,3.5669190883636475
BenchmarkTest00771.java,0,CWE-89,CWE-89,1,0,1,0,0,0,1,0,0,0,2039,0.00010195,384,0.00015360000000000002,13,5.2e-06,0.00026075,4.447317123413086
BenchmarkTest00772.java,0,CWE-89,CWE-89,1,1,0,1,0,0,0,0,1,0,2039,0.00010195,640,0.000256,12,4.800000000000001e-06,0.00036275,4.825672149658203
BenchmarkTest00773.java,0,CWE-89,CWE-89,1,1,0,1,0,0,0,0,1,0,2027,0.00010135000000000001,1152,0.00046080000000000003,12,4.800000000000001e-06,0.0005669500000000001,7.901726007461548
BenchmarkTest00774.java,0,CWE-89,CWE-89,1,1,0,1,0,0,0,0,1,0,2053,0.00010265,896,0.00035840000000000004,12,4.800000000000001e-06,0.0004658500000000001,6.065229415893555
BenchmarkTest00775.java,0,CWE-327,,,,0,0,1,0,0,0,1,0,,,,,,,,
BenchmarkTest00776.java,0,CWE-327,,,,0,0,1,0,0,0,1,0,,,,,,,,
BenchmarkTest00777.java,0,CWE-327,,,,0,0,1,0,0,0,1,0,,,,,,,,
BenchmarkTest00778.java,0,CWE-327,,,,0,0,1,0,0,0,1,0,,,,,,,,
BenchmarkTest00779.java,0,CWE-327,CWE-327,1,0,1,0,0,0,1,0,0,0,2829,0.00014145000000000002,384,0.00015360000000000002,13,5.2e-06,0.00030025000000000006,5.285704135894775
BenchmarkTest00780.java,0,CWE-327,,,,0,0,1,0,0,0,1,0,,,,,,,,
BenchmarkTest00781.java,0,CWE-327,CWE-327,1,0,1,0,0,0,1,0,0,0,2485,0.00012425,704,0.0002816,13,5.2e-06,0.00041105000000000004,6.377392292022705
BenchmarkTest00782.java,0,CWE-327,,,,0,0,1,0,0,0,1,0,,,,,,,,
BenchmarkTest00783.java,0,CWE-22,CWE-23,0,0,1,0,0,0,1,0,0,0,2637,0.00013185,832,0.0003328,13,5.2e-06,0.00046985000000000006,6.225353956222534
BenchmarkTest00784.java,0,CWE-22,CWE-23,0,1,0,1,0,0,0,0,1,0,2581,0.00012905000000000002,1088,0.00043520000000000006,12,4.800000000000001e-06,0.0005690500000000001,9.03587007522583
BenchmarkTest00785.java,0,CWE-22,CWE-23,0,0,1,0,0,0,1,0,0,0,2529,0.00012645,640,0.000256,13,5.2e-06,0.00038765,6.153234243392944
BenchmarkTest00786.java,0,CWE-22,CWE-23,0,1,0,1,0,0,0,0,1,0,2544,0.0001272,448,0.00017920000000000002,12,4.800000000000001e-06,0.00031120000000000003,3.2219491004943848
BenchmarkTest00787.java,0,CWE-22,CWE-23,0,0,1,0,0,0,1,0,0,0,2487,0.00012435000000000001,1216,0.00048640000000000006,13,5.2e-06,0.0006159500000000001,6.490295886993408
BenchmarkTest00788.java,0,CWE-22,CWE-23,0,0,1,0,0,0,1,0,0,0,2468,0.00012340000000000002,576,0.00023040000000000002,13,5.2e-06,0.00035900000000000005,5.224725008010864
BenchmarkTest00789.java,0,CWE-328,CWE-916,0,0,1,0,0,0,1,0,0,0,2512,0.00012560000000000002,2048,0.0008192000000000001,13,5.2e-06,0.0009500000000000001,9.94724178314209
BenchmarkTest00790.java,0,CWE-328,CWE-916,0,0,1,0,0,0,1,0,0,0,2479,0.00012395,704,0.0002816,13,5.2e-06,0.00041075000000000004,4.18318510055542
BenchmarkTest00791.java,0,CWE-328,,,,0,0,1,0,0,0,1,0,,,,,,,,
BenchmarkTest00792.java,0,CWE-328,,,,0,0,1,0,0,0,1,0,,,,,,,,
BenchmarkTest00793.java,0,CWE-328,,,,0,0,1,0,0,0,1,0,,,,,,,,
BenchmarkTest00794.java,0,CWE-328,CWE-916,0,0,1,0,0,0,1,0,0,0,2425,0.00012125,704,0.0002816,13,5.2e-06,0.00040805,4.811806917190552
BenchmarkTest00795.java,0,CWE-328,,,,0,0,1,0,0,0,1,0,,,,,,,,
BenchmarkTest00796.java,0,CWE-328,,,,0,0,0,1,0,0,0,1,,,,,,,,
BenchmarkTest00797.java,0,CWE-328,,,,0,0,0,1,0,0,0,1,,,,,,,,
BenchmarkTest00798.java,0,CWE-328,,,,0,0,1,0,0,0,1,0,,,,,,,,
BenchmarkTest00799.java,0,CWE-79,CWE-79,1,1,0,1,0,0,0,0,1,0,2627,0.00013135,1216,0.00048640000000000006,12,4.800000000000001e-06,0.00062255,7.300888299942017
BenchmarkTest00800.java,0,CWE-79,CWE-79,1,0,1,0,0,0,1,0,0,0,2606,0.00013030000000000002,576,0.00023040000000000002,13,5.2e-06,0.00036590000000000006,3.5729081630706787
BenchmarkTest00801.java,0,CWE-79,CWE-79,1,0,1,0,0,0,1,0,0,0,2505,0.00012525,1216,0.00048640000000000006,13,5.2e-06,0.0006168500000000001,7.75378942489624
BenchmarkTest00802.java,0,CWE-79,CWE-79,1,0,1,0,0,0,1,0,0,0,2540,0.000127,1088,0.00043520000000000006,13,5.2e-06,0.0005674000000000001,8.621832370758057
BenchmarkTest00803.java,0,CWE-79,CWE-79,1,0,1,0,0,0,1,0,0,0,2492,0.00012460000000000002,448,0.00017920000000000002,13,5.2e-06,0.00030900000000000003,4.886257648468018
BenchmarkTest00804.java,0,CWE-79,CWE-79,1,0,1,0,0,0,1,0,0,0,2516,0.00012580000000000002,576,0.00023040000000000002,13,5.2e-06,0.00036140000000000006,4.828046083450317
BenchmarkTest00805.java,0,CWE-79,CWE-79,1,0,1,0,0,0,1,0,0,0,2712,0.0001356,1152,0.00046080000000000003,13,5.2e-06,0.0006016,9.578850984573364
BenchmarkTest00806.java,0,CWE-79,CWE-79,1,0,1,0,0,0,1,0,0,0,2576,0.00012880000000000001,2240,0.000896,14,5.600000000000001e-06,0.0010304,12.119232654571533
BenchmarkTest00807.java,0,CWE-79,CWE-79,1,0,1,0,0,0,1,0,0,0,2524,0.0001262,1088,0.00043520000000000006,13,5.2e-06,0.0005666000000000001,6.490845203399658
BenchmarkTest00808.java,0,CWE-79,CWE-79,1,1,0,1,0,0,0,0,1,0,2572,0.00012859999999999998,960,0.000384,12,4.800000000000001e-06,0.0005174,5.350268125534058
BenchmarkTest00809.java,0,CWE-79,CWE-79,1,0,1,0,0,0,1,0,0,0,2538,0.0001269,1088,0.00043520000000000006,13,5.2e-06,0.0005673000000000001,5.674942493438721
BenchmarkTest00810.java,0,CWE-79,CWE-79,1,0,1,0,0,0,1,0,0,0,2518,0.0001259,896,0.00035840000000000004,14,5.600000000000001e-06,0.0004899,5.46325159072876
BenchmarkTest00811.java,0,CWE-79,CWE-79,1,0,1,0,0,0,1,0,0,0,2590,0.0001295,576,0.00023040000000000002,13,5.2e-06,0.00036510000000000004,4.164862632751465
BenchmarkTest00812.java,0,CWE-79,,,,0,0,1,0,0,0,1,0,,,,,,,,
BenchmarkTest00813.java,0,CWE-79,,,,0,0,1,0,0,0,1,0,,,,,,,,
BenchmarkTest00814.java,0,CWE-78,,,,0,0,1,0,0,0,1,0,,,,,,,,
BenchmarkTest00815.java,0,CWE-78,CWE-78,1,0,1,0,0,0,1,0,0,0,2196,0.00010980000000000001,640,0.000256,13,5.2e-06,0.000371,4.302124738693237
BenchmarkTest00816.java,0,CWE-78,CWE-78,1,0,1,0,0,0,1,0,0,0,2281,0.00011405000000000001,704,0.0002816,13,5.2e-06,0.00040085,7.482099771499634
BenchmarkTest00817.java,0,CWE-330,CWE-330,1,0,1,0,0,0,1,0,0,0,2689,0.00013445000000000002,512,0.00020480000000000002,13,5.2e-06,0.00034445000000000005,5.891000032424927
BenchmarkTest00818.java,0,CWE-330,CWE-330,1,0,1,0,0,0,1,0,0,0,2502,0.0001251,512,0.00020480000000000002,13,5.2e-06,0.00033510000000000007,5.63047981262207
BenchmarkTest00819.java,0,CWE-330,CWE-330,1,0,1,0,0,0,1,0,0,0,2472,0.0001236,640,0.000256,13,5.2e-06,0.00038480000000000003,6.899594783782959
BenchmarkTest00820.java,0,CWE-614,CWE-614,1,0,1,0,0,0,1,0,0,0,2230,0.0001115,384,0.00015360000000000002,13,5.2e-06,0.0002703,185.6238453388214
BenchmarkTest00821.java,0,CWE-614,CWE-614,1,0,1,0,0,0,1,0,0,0,2244,0.0001122,640,0.000256,13,5.2e-06,0.0003734,6.982202053070068
BenchmarkTest00822.java,0,CWE-79,CWE-79,1,0,1,0,0,0,1,0,0,0,2531,0.00012655,576,0.00023040000000000002,13,5.2e-06,0.00036215000000000005,4.115926027297974
BenchmarkTest00823.java,0,CWE-78,CWE-78,1,0,1,0,0,0,1,0,0,0,2167,0.00010835,1536,0.0006144000000000001,13,5.2e-06,0.0007279500000000001,11.195615291595459
BenchmarkTest00824.java,0,CWE-78,CWE-78,1,0,1,0,0,0,1,0,0,0,2361,0.00011805000000000001,1920,0.000768,13,5.2e-06,0.00089125,13.243142366409302
BenchmarkTest00825.java,0,CWE-78,CWE-78,1,0,1,0,0,0,1,0,0,0,2146,0.0001073,1536,0.0006144000000000001,13,5.2e-06,0.0007269,9.70919132232666
BenchmarkTest00826.java,0,CWE-78,,,,0,0,1,0,0,0,1,0,,,,,,,,
BenchmarkTest00827.java,0,CWE-78,CWE-78,1,1,0,1,0,0,0,0,1,0,2179,0.00010895,1536,0.0006144000000000001,12,4.800000000000001e-06,0.0007281500000000001,10.356463432312012
BenchmarkTest00828.java,0,CWE-330,,,,0,0,1,0,0,0,1,0,,,,,,,,
BenchmarkTest00829.java,0,CWE-330,,,,0,0,1,0,0,0,1,0,,,,,,,,
BenchmarkTest00830.java,0,CWE-330,,,,0,0,1,0,0,0,1,0,,,,,,,,
BenchmarkTest00831.java,0,CWE-330,,,,0,0,1,0,0,0,1,0,,,,,,,,
BenchmarkTest00832.java,0,CWE-330,,,,0,0,1,0,0,0,1,0,,,,,,,,
BenchmarkTest00837.java,0,CWE-89,CWE-89,1,1,0,1,0,0,0,0,1,0,2245,0.00011225,512,0.00020480000000000002,12,4.800000000000001e-06,0.00032185000000000004,5.466854572296143
BenchmarkTest00838.java,0,CWE-89,CWE-89,1,0,0,1,0,0,0,1,0,0,2236,0.00011180000000000001,768,0.00030720000000000004,14,5.600000000000001e-06,0.0004246,4.904799938201904
BenchmarkTest00839.java,0,CWE-89,CWE-89,1,0,1,0,0,0,1,0,0,0,2161,0.00010805000000000001,896,0.00035840000000000004,13,5.2e-06,0.00047165000000000005,5.894465208053589
BenchmarkTest00840.java,0,CWE-89,CWE-89,1,0,1,0,0,0,1,0,0,0,2165,0.00010825,704,0.0002816,14,5.600000000000001e-06,0.00039545,7.229197025299072
BenchmarkTest00841.java,0,CWE-89,CWE-89,1,0,1,0,0,0,1,0,0,0,2231,0.00011155000000000001,320,0.000128,13,5.2e-06,0.00024475,3.953199625015259
BenchmarkTest00842.java,0,CWE-89,,,,0,0,0,1,0,0,0,1,,,,,,,,
BenchmarkTest00843.java,0,CWE-89,,,,0,0,0,1,0,0,0,1,,,,,,,,
BenchmarkTest00844.java,0,CWE-89,,,,0,0,1,0,0,0,1,0,,,,,,,,
BenchmarkTest00845.java,0,CWE-89,,,,0,0,0,1,0,0,0,1,,,,,,,,
BenchmarkTest00846.java,0,CWE-89,CWE-89,1,0,1,0,0,0,1,0,0,0,2136,0.00010680000000000001,384,0.00015360000000000002,13,5.2e-06,0.00026560000000000006,4.871277332305908
BenchmarkTest00847.java,0,CWE-89,CWE-89,1,0,1,0,0,0,1,0,0,0,2169,0.00010845000000000001,384,0.00015360000000000002,13,5.2e-06,0.00026725,2.8347549438476562
BenchmarkTest00848.java,0,CWE-89,CWE-89,1,0,1,0,0,0,1,0,0,0,2106,0.00010530000000000001,320,0.000128,13,5.2e-06,0.0002385,2.426510810852051
BenchmarkTest00849.java,0,CWE-89,CWE-89,1,0,1,0,0,0,1,0,0,0,2172,0.00010860000000000001,384,0.00015360000000000002,13,5.2e-06,0.00026740000000000005,3.1041996479034424
BenchmarkTest00850.java,0,CWE-89,CWE-89,1,0,1,0,0,0,1,0,0,0,2169,0.00010845000000000001,448,0.00017920000000000002,13,5.2e-06,0.00029285000000000004,3.976327657699585
BenchmarkTest00851.java,0,CWE-89,,,,0,0,1,0,0,0,1,0,,,,,,,,
BenchmarkTest00852.java,0,CWE-643,CWE-643,1,1,0,1,0,0,0,0,1,0,2265,0.00011325,576,0.00023040000000000002,12,4.800000000000001e-06,0.00034845000000000004,4.019016265869141
BenchmarkTest00853.java,0,CWE-327,CWE-327,1,0,1,0,0,0,1,0,0,0,2647,0.00013235,512,0.00020480000000000002,14,5.600000000000001e-06,0.00034275000000000006,3.7903878688812256
BenchmarkTest00854.java,0,CWE-327,,,,0,0,1,0,0,0,1,0,,,,,,,,
BenchmarkTest00855.java,0,CWE-327,CWE-327,1,0,1,0,0,0,1,0,0,0,2747,0.00013735,576,0.00023040000000000002,13,5.2e-06,0.00037295000000000004,4.238985061645508
BenchmarkTest00856.java,0,CWE-327,CWE-327,1,0,1,0,0,0,1,0,0,0,2548,0.0001274,320,0.000128,13,5.2e-06,0.00026060000000000005,2.847001314163208
BenchmarkTest00857.java,0,CWE-327,CWE-327,1,0,1,0,0,0,1,0,0,0,2414,0.0001207,384,0.00015360000000000002,13,5.2e-06,0.0002795,3.570801258087158
BenchmarkTest00858.java,0,CWE-327,,,,0,0,1,0,0,0,1,0,,,,,,,,
BenchmarkTest00859.java,0,CWE-327,CWE-327,1,0,1,0,0,0,1,0,0,0,2396,0.00011980000000000001,768,0.00030720000000000004,13,5.2e-06,0.0004322000000000001,7.486937522888184
BenchmarkTest00860.java,0,CWE-90,,,,0,0,1,0,0,0,1,0,,,,,,,,
BenchmarkTest00861.java,0,CWE-90,,,,0,0,1,0,0,0,1,0,,,,,,,,
BenchmarkTest00862.java,0,CWE-22,,,,0,0,1,0,0,0,1,0,,,,,,,,
BenchmarkTest00863.java,0,CWE-22,,,,0,0,1,0,0,0,1,0,,,,,,,,
BenchmarkTest00864.java,0,CWE-22,,,,0,0,1,0,0,0,1,0,,,,,,,,
BenchmarkTest00865.java,0,CWE-22,,,,0,0,1,0,0,0,1,0,,,,,,,,
BenchmarkTest00866.java,0,CWE-22,,,,0,0,1,0,0,0,1,0,,,,,,,,
BenchmarkTest00867.java,0,CWE-22,,,,0,0,1,0,0,0,1,0,,,,,,,,
BenchmarkTest00868.java,0,CWE-328,CWE-916,0,0,1,0,0,0,1,0,0,0,2586,0.0001293,512,0.00020480000000000002,13,5.2e-06,0.00033930000000000006,5.224560260772705
BenchmarkTest00869.java,0,CWE-328,CWE-916,0,0,1,0,0,0,1,0,0,0,2458,0.0001229,512,0.00020480000000000002,13,5.2e-06,0.0003329,5.32629919052124
BenchmarkTest00870.java,0,CWE-328,CWE-916,0,0,1,0,0,0,1,0,0,0,2334,0.0001167,896,0.00035840000000000004,12,4.800000000000001e-06,0.00047990000000000006,6.5127787590026855
BenchmarkTest00871.java,0,CWE-328,CWE-916,0,0,1,0,0,0,1,0,0,0,2402,0.0001201,576,0.00023040000000000002,13,5.2e-06,0.0003557,6.873738527297974
BenchmarkTest00872.java,0,CWE-328,CWE-916,0,0,1,0,0,0,1,0,0,0,2331,0.00011655000000000001,576,0.00023040000000000002,13,5.2e-06,0.0003521500000000001,6.633176803588867
BenchmarkTest00873.java,0,CWE-328,,,,0,0,1,0,0,0,1,0,,,,,,,,
BenchmarkTest00874.java,0,CWE-328,,,,0,0,1,0,0,0,1,0,,,,,,,,
BenchmarkTest00875.java,0,CWE-328,,,,0,0,0,1,0,0,0,1,,,,,,,,
BenchmarkTest00876.java,0,CWE-328,,,,0,0,0,1,0,0,0,1,,,,,,,,
BenchmarkTest00877.java,0,CWE-328,,,,0,0,1,0,0,0,1,0,,,,,,,,
BenchmarkTest00878.java,0,CWE-328,,,,0,0,1,0,0,0,1,0,,,,,,,,
BenchmarkTest00879.java,0,CWE-79,,,,0,0,1,0,0,0,1,0,,,,,,,,
BenchmarkTest00880.java,0,CWE-79,,,,0,0,1,0,0,0,1,0,,,,,,,,
BenchmarkTest00881.java,0,CWE-79,,,,0,0,1,0,0,0,1,0,,,,,,,,
BenchmarkTest00882.java,0,CWE-79,,,,0,0,1,0,0,0,1,0,,,,,,,,
BenchmarkTest00883.java,0,CWE-79,,,,0,0,1,0,0,0,1,0,,,,,,,,
BenchmarkTest00884.java,0,CWE-79,,,,0,0,1,0,0,0,1,0,,,,,,,,
BenchmarkTest00885.java,0,CWE-79,,,,0,0,1,0,0,0,1,0,,,,,,,,
BenchmarkTest00886.java,0,CWE-79,,,,0,0,1,0,0,0,1,0,,,,,,,,
BenchmarkTest00887.java,0,CWE-79,,,,0,0,1,0,0,0,1,0,,,,,,,,
BenchmarkTest00888.java,0,CWE-79,,,,0,0,1,0,0,0,1,0,,,,,,,,
BenchmarkTest00889.java,0,CWE-79,,,,0,0,1,0,0,0,1,0,,,,,,,,
BenchmarkTest00890.java,0,CWE-79,,,,0,0,1,0,0,0,1,0,,,,,,,,
BenchmarkTest00891.java,0,CWE-79,,,,0,0,1,0,0,0,1,0,,,,,,,,
BenchmarkTest00892.java,0,CWE-79,,,,0,0,1,0,0,0,1,0,,,,,,,,
BenchmarkTest00893.java,0,CWE-79,,,,0,0,1,0,0,0,1,0,,,,,,,,
BenchmarkTest00894.java,0,CWE-79,,,,0,0,1,0,0,0,1,0,,,,,,,,
BenchmarkTest00895.java,0,CWE-78,,,,0,0,1,0,0,0,1,0,,,,,,,,
BenchmarkTest00896.java,0,CWE-78,,,,0,0,1,0,0,0,1,0,,,,,,,,
BenchmarkTest00897.java,0,CWE-78,,,,0,0,1,0,0,0,1,0,,,,,,,,
BenchmarkTest00898.java,0,CWE-330,CWE-330,1,0,1,0,0,0,1,0,0,0,2384,0.0001192,192,7.680000000000001e-05,13,5.2e-06,0.00020119999999999998,2.857370376586914
BenchmarkTest00899.java,0,CWE-330,CWE-330,1,0,1,0,0,0,1,0,0,0,2406,0.00012030000000000001,704,0.0002816,13,5.2e-06,0.00040710000000000003,7.184760332107544
BenchmarkTest00900.java,0,CWE-330,CWE-330,1,0,1,0,0,0,1,0,0,0,2397,0.00011985000000000001,1216,0.00048640000000000006,13,5.2e-06,0.00061145,7.114563941955566
BenchmarkTest00901.java,0,CWE-330,CWE-330,1,0,1,0,0,0,1,0,0,0,2398,0.0001199,896,0.00035840000000000004,13,5.2e-06,0.00048350000000000004,6.4014434814453125
BenchmarkTest00902.java,0,CWE-330,CWE-330,1,0,1,0,0,0,1,0,0,0,2383,0.00011915000000000001,576,0.00023040000000000002,13,5.2e-06,0.00035475000000000003,5.863762140274048
BenchmarkTest00903.java,0,CWE-614,CWE-614,1,0,1,0,0,0,1,0,0,0,2170,0.0001085,448,0.00017920000000000002,13,5.2e-06,0.0002929,3.375696897506714
BenchmarkTest00904.java,0,CWE-614,,,,0,0,1,0,0,0,1,0,,,,,,,,
BenchmarkTest00905.java,0,CWE-78,,,,0,0,1,0,0,0,1,0,,,,,,,,
BenchmarkTest00906.java,0,CWE-78,,,,0,0,1,0,0,0,1,0,,,,,,,,
BenchmarkTest00907.java,0,CWE-78,,,,0,0,1,0,0,0,1,0,,,,,,,,
BenchmarkTest00908.java,0,CWE-78,,,,0,0,1,0,0,0,1,0,,,,,,,,
BenchmarkTest00909.java,0,CWE-78,,,,0,0,1,0,0,0,1,0,,,,,,,,
BenchmarkTest00910.java,0,CWE-78,,,,0,0,1,0,0,0,1,0,,,,,,,,
BenchmarkTest00911.java,0,CWE-330,,,,0,0,1,0,0,0,1,0,,,,,,,,
BenchmarkTest00912.java,0,CWE-330,,,,0,0,1,0,0,0,1,0,,,,,,,,
BenchmarkTest00913.java,0,CWE-330,,,,0,0,1,0,0,0,1,0,,,,,,,,
BenchmarkTest00914.java,0,CWE-330,,,,0,0,1,0,0,0,1,0,,,,,,,,
BenchmarkTest00915.java,0,CWE-330,,,,0,0,1,0,0,0,1,0,,,,,,,,
BenchmarkTest00916.java,0,CWE-330,,,,0,0,1,0,0,0,1,0,,,,,,,,
BenchmarkTest00917.java,0,CWE-330,,,,0,0,1,0,0,0,1,0,,,,,,,,
BenchmarkTest00918.java,0,CWE-330,,,,0,0,1,0,0,0,1,0,,,,,,,,
BenchmarkTest00919.java,0,CWE-330,,,,0,0,1,0,0,0,1,0,,,,,,,,
BenchmarkTest00920.java,0,CWE-330,,,,0,0,1,0,0,0,1,0,,,,,,,,
BenchmarkTest00921.java,0,CWE-330,,,,0,0,1,0,0,0,1,0,,,,,,,,
BenchmarkTest00924.java,0,CWE-89,,,,0,0,1,0,0,0,1,0,,,,,,,,
BenchmarkTest00925.java,0,CWE-89,,,,0,0,1,0,0,0,1,0,,,,,,,,
BenchmarkTest00926.java,0,CWE-89,,,,0,0,1,0,0,0,1,0,,,,,,,,
BenchmarkTest00927.java,0,CWE-89,,,,0,0,1,0,0,0,1,0,,,,,,,,
BenchmarkTest00928.java,0,CWE-89,,,,0,0,1,0,0,0,1,0,,,,,,,,
BenchmarkTest00929.java,0,CWE-89,,,,0,0,1,0,0,0,1,0,,,,,,,,
BenchmarkTest00930.java,0,CWE-89,,,,0,0,1,0,0,0,1,0,,,,,,,,
BenchmarkTest00931.java,0,CWE-89,,,,0,0,1,0,0,0,1,0,,,,,,,,
BenchmarkTest00932.java,0,CWE-89,,,,0,0,1,0,0,0,1,0,,,,,,,,
BenchmarkTest00933.java,0,CWE-89,,,,0,0,1,0,0,0,1,0,,,,,,,,
BenchmarkTest00934.java,0,CWE-89,,,,0,0,1,0,0,0,1,0,,,,,,,,
BenchmarkTest00935.java,0,CWE-89,,,,0,0,1,0,0,0,1,0,,,,,,,,
BenchmarkTest00936.java,0,CWE-89,,,,0,0,1,0,0,0,1,0,,,,,,,,
BenchmarkTest00937.java,0,CWE-89,,,,0,0,1,0,0,0,1,0,,,,,,,,
BenchmarkTest00938.java,0,CWE-89,,,,0,0,1,0,0,0,1,0,,,,,,,,
BenchmarkTest00939.java,0,CWE-89,,,,0,0,1,0,0,0,1,0,,,,,,,,
BenchmarkTest00940.java,0,CWE-89,,,,0,0,1,0,0,0,1,0,,,,,,,,
BenchmarkTest00941.java,0,CWE-643,,,,0,0,1,0,0,0,1,0,,,,,,,,
BenchmarkTest00942.java,0,CWE-327,,,,0,0,1,0,0,0,1,0,,,,,,,,
BenchmarkTest00943.java,0,CWE-327,,,,0,0,1,0,0,0,1,0,,,,,,,,
BenchmarkTest00944.java,0,CWE-327,,,,0,0,1,0,0,0,1,0,,,,,,,,
BenchmarkTest00945.java,0,CWE-327,CWE-327,1,0,1,0,0,0,1,0,0,0,2590,0.0001295,1344,0.0005376000000000001,13,5.2e-06,0.0006723000000000001,7.5251874923706055
BenchmarkTest00946.java,0,CWE-327,CWE-327,1,0,1,0,0,0,1,0,0,0,2547,0.00012735,1280,0.000512,13,5.2e-06,0.00064455,8.79550051689148
BenchmarkTest00947.java,0,CWE-90,CWE-90,1,0,1,0,0,0,1,0,0,0,2477,0.00012385,448,0.00017920000000000002,13,5.2e-06,0.00030825000000000004,4.555743932723999
BenchmarkTest00948.java,0,CWE-90,CWE-90,1,1,0,1,0,0,0,0,1,0,2525,0.00012625,512,0.00020480000000000002,12,4.800000000000001e-06,0.00033585000000000006,4.202052354812622
BenchmarkTest00949.java,0,CWE-22,CWE-23,0,0,1,0,0,0,1,0,0,0,2471,0.00012355000000000002,768,0.00030720000000000004,13,5.2e-06,0.00043595000000000005,6.895295858383179
BenchmarkTest00950.java,0,CWE-22,CWE-23,0,1,1,0,0,0,0,0,0,1,2460,0.000123,1344,0.0005376000000000001,13,5.2e-06,0.0006658000000000001,9.963438272476196
BenchmarkTest00951.java,0,CWE-22,CWE-23,0,0,0,1,0,0,0,1,0,0,2627,0.00013135,1088,0.00043520000000000006,13,5.2e-06,0.0005717500000000001,6.761277198791504
BenchmarkTest00952.java,0,CWE-22,CWE-23,0,0,1,0,0,0,1,0,0,0,2710,0.0001355,1216,0.00048640000000000006,13,5.2e-06,0.0006271000000000001,8.857345342636108
BenchmarkTest00953.java,0,CWE-22,CWE-23,0,0,1,0,0,0,1,0,0,0,2530,0.0001265,1344,0.0005376000000000001,12,4.800000000000001e-06,0.0006689,10.270905017852783
BenchmarkTest00954.java,0,CWE-22,CWE-23,0,1,0,1,0,0,0,0,1,0,2563,0.00012815,832,0.0003328,12,4.800000000000001e-06,0.00046575,4.864822149276733
BenchmarkTest00955.java,0,CWE-22,CWE-23,0,1,0,1,0,0,0,0,1,0,2498,0.0001249,1152,0.00046080000000000003,12,4.800000000000001e-06,0.0005905,7.899578332901001
BenchmarkTest00956.java,0,CWE-22,CWE-23,0,0,1,0,0,0,1,0,0,0,2496,0.00012480000000000002,1280,0.000512,13,5.2e-06,0.000642,8.336293458938599
BenchmarkTest00957.java,0,CWE-22,CWE-23,0,1,0,1,0,0,0,0,1,0,2687,0.00013434999999999999,1216,0.00048640000000000006,12,4.800000000000001e-06,0.00062555,6.780002117156982
BenchmarkTest00958.java,0,CWE-22,CWE-23,0,1,0,1,0,0,0,0,1,0,2726,0.0001363,640,0.000256,12,4.800000000000001e-06,0.0003971,4.747835874557495
BenchmarkTest00959.java,0,CWE-90,CWE-90,1,0,1,0,0,0,1,0,0,0,2506,0.0001253,896,0.00035840000000000004,13,5.2e-06,0.0004889,5.519623517990112
BenchmarkTest00960.java,0,CWE-330,CWE-330,1,0,1,0,0,0,1,0,0,0,2632,0.0001316,512,0.00020480000000000002,13,5.2e-06,0.00034160000000000006,4.110198736190796
BenchmarkTest00961.java,0,CWE-328,CWE-916,0,0,1,0,0,0,1,0,0,0,2627,0.00013135,768,0.00030720000000000004,12,4.800000000000001e-06,0.00044335,8.232242584228516
BenchmarkTest00962.java,0,CWE-328,,,,0,0,1,0,0,0,1,0,,,,,,,,
BenchmarkTest00963.java,0,CWE-328,CWE-916,0,0,1,0,0,0,1,0,0,0,2474,0.0001237,768,0.00030720000000000004,13,5.2e-06,0.00043610000000000003,5.977875709533691
BenchmarkTest00964.java,0,CWE-328,,,,0,0,1,0,0,0,1,0,,,,,,,,
BenchmarkTest00965.java,0,CWE-328,,,,0,0,1,0,0,0,1,0,,,,,,,,
BenchmarkTest00966.java,0,CWE-328,,,,0,0,1,0,0,0,1,0,,,,,,,,
BenchmarkTest00967.java,0,CWE-328,,,,0,0,1,0,0,0,1,0,,,,,,,,
BenchmarkTest00968.java,0,CWE-78,CWE-78,1,0,1,0,0,0,1,0,0,0,2256,0.00011280000000000002,576,0.00023040000000000002,13,5.2e-06,0.00034840000000000007,3.7858405113220215
BenchmarkTest00969.java,0,CWE-78,CWE-78,1,1,0,1,0,0,0,0,1,0,2484,0.0001242,1664,0.0006656,12,4.800000000000001e-06,0.0007946,10.592198848724365
BenchmarkTest00970.java,0,CWE-78,CWE-78,1,0,0,1,0,0,0,1,0,0,2281,0.00011405000000000001,1152,0.00046080000000000003,13,5.2e-06,0.00058005,7.113348960876465
BenchmarkTest00971.java,0,CWE-330,CWE-330,1,0,1,0,0,0,1,0,0,0,2572,0.00012859999999999998,384,0.00015360000000000002,14,5.600000000000001e-06,0.00028780000000000006,3.287083625793457
BenchmarkTest00972.java,0,CWE-330,CWE-330,1,0,1,0,0,0,1,0,0,0,2625,0.00013125,1024,0.00040960000000000004,13,5.2e-06,0.0005460500000000001,8.032254219055176
BenchmarkTest00973.java,0,CWE-330,CWE-330,1,0,1,0,0,0,1,0,0,0,2516,0.00012580000000000002,512,0.00020480000000000002,13,5.2e-06,0.00033580000000000003,4.874847888946533
BenchmarkTest00974.java,0,CWE-330,CWE-330,1,0,1,0,0,0,1,0,0,0,2555,0.00012775,320,0.000128,13,5.2e-06,0.00026095000000000003,2.684060573577881
BenchmarkTest00975.java,0,CWE-330,CWE-330,1,0,1,0,0,0,1,0,0,0,2525,0.00012625,512,0.00020480000000000002,13,5.2e-06,0.00033625000000000007,4.112017869949341
BenchmarkTest00976.java,0,CWE-330,CWE-330,1,0,1,0,0,0,1,0,0,0,2537,0.00012685000000000002,960,0.000384,13,5.2e-06,0.00051605,6.831853628158569
BenchmarkTest00977.java,0,CWE-614,CWE-614,1,0,1,0,0,0,1,0,0,0,2317,0.00011585000000000001,1088,0.00043520000000000006,13,5.2e-06,0.0005562500000000001,7.178497076034546
BenchmarkTest00978.java,0,CWE-78,CWE-78,1,1,0,1,0,0,0,0,1,0,2554,0.00012770000000000001,1152,0.00046080000000000003,12,4.800000000000001e-06,0.0005933000000000001,6.25683069229126
BenchmarkTest00979.java,0,CWE-78,CWE-78,1,0,1,0,0,0,1,0,0,0,2411,0.00012055000000000002,1216,0.00048640000000000006,13,5.2e-06,0.0006121500000000001,7.41202187538147
BenchmarkTest00980.java,0,CWE-78,CWE-78,1,1,0,1,0,0,0,0,1,0,2234,0.0001117,1792,0.0007168000000000001,12,4.800000000000001e-06,0.0008333,11.318516969680786
BenchmarkTest00981.java,0,CWE-78,CWE-78,1,0,1,0,0,0,1,0,0,0,2359,0.00011795000000000001,1088,0.00043520000000000006,13,5.2e-06,0.0005583500000000001,7.914507865905762
BenchmarkTest00982.java,0,CWE-78,CWE-78,1,1,0,1,0,0,0,0,1,0,2282,0.00011410000000000001,1088,0.00043520000000000006,12,4.800000000000001e-06,0.0005541000000000001,11.965431928634644
BenchmarkTest00983.java,0,CWE-78,CWE-78,1,0,1,0,0,0,1,0,0,0,2192,0.00010960000000000001,1728,0.0006912,13,5.2e-06,0.000806,13.952587366104126
BenchmarkTest00984.java,0,CWE-330,CWE-330,1,1,0,1,0,0,0,0,1,0,2835,0.00014175,1216,0.00048640000000000006,12,4.800000000000001e-06,0.0006329500000000001,7.164126634597778
BenchmarkTest00985.java,0,CWE-330,CWE-330,1,1,0,1,0,0,0,0,1,0,2666,0.00013330000000000001,1088,0.00043520000000000006,12,4.800000000000001e-06,0.0005733000000000001,7.200650453567505
BenchmarkTest00986.java,0,CWE-330,CWE-330,1,1,0,1,0,0,0,0,1,0,2633,0.00013165,1088,0.00043520000000000006,12,4.800000000000001e-06,0.00057165,8.130865573883057
BenchmarkTest00987.java,0,CWE-330,,,,0,0,1,0,0,0,1,0,,,,,,,,
BenchmarkTest00988.java,0,CWE-330,,,,0,0,1,0,0,0,1,0,,,,,,,,
BenchmarkTest00989.java,0,CWE-330,,,,0,0,1,0,0,0,1,0,,,,,,,,
BenchmarkTest00990.java,0,CWE-330,,,,0,0,1,0,0,0,1,0,,,,,,,,
BenchmarkTest00996.java,0,CWE-89,CWE-89,1,0,1,0,0,0,1,0,0,0,2228,0.00011140000000000001,1472,0.0005888000000000001,13,5.2e-06,0.0007054000000000001,12.765787124633789
BenchmarkTest00997.java,0,CWE-89,CWE-89,1,0,1,0,0,0,1,0,0,0,2266,0.00011330000000000002,896,0.00035840000000000004,13,5.2e-06,0.00047690000000000005,8.44017219543457
BenchmarkTest00998.java,0,CWE-89,CWE-89,1,0,1,0,0,0,1,0,0,0,2232,0.0001116,1344,0.0005376000000000001,14,5.600000000000001e-06,0.0006548000000000001,12.450751543045044
BenchmarkTest00999.java,0,CWE-89,CWE-89,1,1,0,1,0,0,0,0,1,0,2244,0.0001122,1600,0.00064,12,4.800000000000001e-06,0.0007570000000000001,13.247543811798096
BenchmarkTest01000.java,0,CWE-89,CWE-89,1,0,1,0,0,0,1,0,0,0,2262,0.00011310000000000001,1600,0.00064,13,5.2e-06,0.0007583000000000001,11.077866077423096
BenchmarkTest01001.java,0,CWE-89,CWE-89,1,1,0,1,0,0,0,0,1,0,2202,0.0001101,1024,0.00040960000000000004,12,4.800000000000001e-06,0.0005245,6.529804944992065
BenchmarkTest01002.java,0,CWE-89,CWE-89,1,0,1,0,0,0,1,0,0,0,2210,0.0001105,896,0.00035840000000000004,13,5.2e-06,0.0004741000000000001,8.345714092254639
BenchmarkTest01003.java,0,CWE-89,CWE-89,1,0,1,0,0,0,1,0,0,0,2246,0.0001123,832,0.0003328,13,5.2e-06,0.00045030000000000005,7.0452539920806885
BenchmarkTest01004.java,0,CWE-89,CWE-89,1,0,1,0,0,0,1,0,0,0,2275,0.00011375,448,0.00017920000000000002,13,5.2e-06,0.00029815000000000006,2.702450752258301
BenchmarkTest01005.java,0,CWE-89,CWE-89,1,0,1,0,0,0,1,0,0,0,2255,0.00011275,448,0.00017920000000000002,13,5.2e-06,0.00029715000000000004,5.278352975845337
BenchmarkTest01006.java,0,CWE-89,,,,0,0,0,1,0,0,0,1,,,,,,,,
BenchmarkTest01007.java,0,CWE-89,,,,0,0,0,1,0,0,0,1,,,,,,,,
BenchmarkTest01008.java,0,CWE-89,,,,0,0,0,1,0,0,0,1,,,,,,,,
BenchmarkTest01009.java,0,CWE-89,,,,0,0,0,1,0,0,0,1,,,,,,,,
BenchmarkTest01010.java,0,CWE-89,CWE-89,1,0,0,1,0,0,0,1,0,0,2265,0.00011325,576,0.00023040000000000002,13,5.2e-06,0.00034885000000000005,5.507761001586914
BenchmarkTest01011.java,0,CWE-89,CWE-89,1,0,1,0,0,0,1,0,0,0,2201,0.00011005,512,0.00020480000000000002,13,5.2e-06,0.00032005000000000005,3.1307711601257324
BenchmarkTest01012.java,0,CWE-89,CWE-89,1,1,0,1,0,0,0,0,1,0,2229,0.00011145,2560,0.001024,12,4.800000000000001e-06,0.0011402499999999998,17.132532119750977
BenchmarkTest01013.java,0,CWE-643,CWE-643,1,1,0,1,0,0,0,0,1,0,2337,0.00011685000000000001,576,0.00023040000000000002,12,4.800000000000001e-06,0.00035205,6.048608064651489
BenchmarkTest01014.java,0,CWE-643,CWE-643,1,0,0,1,0,0,0,1,0,0,2307,0.00011535000000000001,640,0.000256,13,5.2e-06,0.00037655,6.92394757270813
BenchmarkTest01015.java,0,CWE-327,CWE-327,1,0,1,0,0,0,1,0,0,0,2711,0.00013555000000000002,256,0.00010240000000000001,13,5.2e-06,0.00024315,3.5390000343322754
BenchmarkTest01016.java,0,CWE-327,CWE-327,1,0,1,0,0,0,1,0,0,0,2852,0.0001426,512,0.00020480000000000002,13,5.2e-06,0.0003526,4.991983890533447
BenchmarkTest01017.java,0,CWE-327,CWE-327,1,0,1,0,0,0,1,0,0,0,2973,0.00014865,384,0.00015360000000000002,13,5.2e-06,0.00030745,5.494103908538818
BenchmarkTest01018.java,0,CWE-327,CWE-327,1,0,1,0,0,0,1,0,0,0,2396,0.00011980000000000001,384,0.00015360000000000002,13,5.2e-06,0.00027860000000000005,3.5699167251586914
BenchmarkTest01019.java,0,CWE-327,,,,0,0,1,0,0,0,1,0,,,,,,,,
BenchmarkTest01020.java,0,CWE-327,CWE-327,1,0,1,0,0,0,1,0,0,0,2398,0.0001199,640,0.000256,13,5.2e-06,0.0003811,4.594473600387573
BenchmarkTest01021.java,0,CWE-327,,,,0,0,1,0,0,0,1,0,,,,,,,,
BenchmarkTest01022.java,0,CWE-327,,,,0,0,1,0,0,0,1,0,,,,,,,,
BenchmarkTest01023.java,0,CWE-90,CWE-90,1,0,1,0,0,0,1,0,0,0,2332,0.00011660000000000002,1024,0.00040960000000000004,13,5.2e-06,0.0005314000000000001,6.37286114692688
BenchmarkTest01024.java,0,CWE-90,CWE-90,1,1,0,1,0,0,0,0,1,0,2343,0.00011715,1024,0.00040960000000000004,12,4.800000000000001e-06,0.0005315500000000001,6.615682601928711
BenchmarkTest01025.java,0,CWE-22,CWE-23,0,0,1,0,0,0,1,0,0,0,2346,0.0001173,832,0.0003328,13,5.2e-06,0.00045530000000000006,5.524890422821045
BenchmarkTest01026.java,0,CWE-22,CWE-23,0,1,0,1,0,0,0,0,1,0,2543,0.00012715,1600,0.00064,12,4.800000000000001e-06,0.0007719500000000001,8.343511581420898
BenchmarkTest01027.java,0,CWE-22,CWE-23,0,1,0,1,0,0,0,0,1,0,2340,0.000117,576,0.00023040000000000002,12,4.800000000000001e-06,0.0003522,3.7905850410461426
BenchmarkTest01028.java,0,CWE-22,CWE-23,0,1,0,1,0,0,0,0,1,0,2519,0.00012595,1024,0.00040960000000000004,13,5.2e-06,0.0005407500000000001,7.1442389488220215
BenchmarkTest01029.java,0,CWE-22,CWE-23,0,0,1,0,0,0,1,0,0,0,2492,0.00012460000000000002,704,0.0002816,13,5.2e-06,0.0004114,5.179529666900635
BenchmarkTest01030.java,0,CWE-22,CWE-23,0,1,0,1,0,0,0,0,1,0,2546,0.0001273,832,0.0003328,12,4.800000000000001e-06,0.0004649,5.840673923492432
BenchmarkTest01031.java,0,CWE-22,CWE-23,0,1,0,1,0,0,0,0,1,0,2473,0.00012365,1216,0.00048640000000000006,12,4.800000000000001e-06,0.00061485,7.823892116546631
BenchmarkTest01032.java,0,CWE-22,CWE-23,0,0,1,0,0,0,1,0,0,0,2391,0.00011955,448,0.00017920000000000002,13,5.2e-06,0.00030395000000000004,3.6907904148101807
BenchmarkTest01033.java,0,CWE-22,CWE-23,0,0,1,0,0,0,1,0,0,0,2385,0.00011925,832,0.0003328,13,5.2e-06,0.00045725000000000003,187.23680639266968
BenchmarkTest01034.java,0,CWE-22,CWE-23,0,0,1,0,0,0,1,0,0,0,2397,0.00011985000000000001,512,0.00020480000000000002,13,5.2e-06,0.00032985,4.736742258071899
BenchmarkTest01035.java,0,CWE-22,CWE-23,0,1,0,1,0,0,0,0,1,0,2387,0.00011935000000000001,832,0.0003328,12,4.800000000000001e-06,0.00045695,6.896251440048218
BenchmarkTest01036.java,0,CWE-22,CWE-23,0,1,0,1,0,0,0,0,1,0,2573,0.00012865,704,0.0002816,12,4.800000000000001e-06,0.00041505000000000003,4.459275484085083
BenchmarkTest01037.java,0,CWE-328,,,,0,0,1,0,0,0,1,0,,,,,,,,
BenchmarkTest01038.java,0,CWE-328,CWE-916,0,0,1,0,0,0,1,0,0,0,2348,0.00011740000000000001,1216,0.00048640000000000006,14,5.600000000000001e-06,0.0006094000000000001,7.14983057975769
BenchmarkTest01039.java,0,CWE-328,,,,0,0,1,0,0,0,1,0,,,,,,,,
BenchmarkTest01040.java,0,CWE-328,,,,0,0,1,0,0,0,1,0,,,,,,,,
BenchmarkTest01041.java,0,CWE-328,,,,0,0,0,1,0,0,0,1,,,,,,,,
BenchmarkTest01042.java,0,CWE-328,,,,0,0,0,1,0,0,0,1,,,,,,,,
BenchmarkTest01043.java,0,CWE-328,,,,0,0,0,1,0,0,0,1,,,,,,,,
BenchmarkTest01044.java,0,CWE-328,,,,0,0,0,1,0,0,0,1,,,,,,,,
BenchmarkTest01045.java,0,CWE-328,,,,0,0,1,0,0,0,1,0,,,,,,,,
BenchmarkTest01046.java,0,CWE-79,CWE-79,1,0,1,0,0,0,1,0,0,0,2565,0.00012825,576,0.00023040000000000002,13,5.2e-06,0.00036385000000000003,4.206042051315308
BenchmarkTest01047.java,0,CWE-79,CWE-79,1,0,1,0,0,0,1,0,0,0,2532,0.00012660000000000001,512,0.00020480000000000002,13,5.2e-06,0.00033660000000000005,3.2511537075042725
BenchmarkTest01048.java,0,CWE-79,CWE-79,1,1,0,1,0,0,0,0,1,0,2428,0.00012140000000000001,2496,0.0009984000000000002,12,4.800000000000001e-06,0.0011246000000000001,12.07019567489624
BenchmarkTest01049.java,0,CWE-79,CWE-79,1,0,1,0,0,0,1,0,0,0,2487,0.00012435000000000001,1088,0.00043520000000000006,13,5.2e-06,0.00056475,6.616411447525024
BenchmarkTest01050.java,0,CWE-79,CWE-79,1,0,1,0,0,0,1,0,0,0,2425,0.00012125,640,0.000256,13,5.2e-06,0.00038245,5.30235743522644
BenchmarkTest01051.java,0,CWE-79,CWE-79,1,1,0,1,0,0,0,0,1,0,2456,0.0001228,640,0.000256,12,4.800000000000001e-06,0.0003836,5.589279651641846
BenchmarkTest01052.java,0,CWE-79,CWE-79,1,1,0,1,0,0,0,0,1,0,2482,0.0001241,960,0.000384,12,4.800000000000001e-06,0.0005129,7.65185022354126
BenchmarkTest01053.java,0,CWE-79,CWE-79,1,1,0,1,0,0,0,0,1,0,2433,0.00012165,448,0.00017920000000000002,12,4.800000000000001e-06,0.00030565000000000003,3.0241854190826416
BenchmarkTest01054.java,0,CWE-79,CWE-79,1,1,0,1,0,0,0,0,1,0,2410,0.0001205,576,0.00023040000000000002,13,5.2e-06,0.00035610000000000004,3.5996365547180176
BenchmarkTest01055.java,0,CWE-79,CWE-79,1,0,1,0,0,0,1,0,0,0,2465,0.00012325,960,0.000384,13,5.2e-06,0.00051245,6.7779541015625
BenchmarkTest01056.java,0,CWE-79,CWE-79,1,0,1,0,0,0,1,0,0,0,2462,0.0001231,704,0.0002816,13,5.2e-06,0.00040990000000000004,7.076528549194336
BenchmarkTest01057.java,0,CWE-79,CWE-79,1,0,1,0,0,0,1,0,0,0,2431,0.00012155000000000001,704,0.0002816,13,5.2e-06,0.00040835000000000003,5.126993179321289
BenchmarkTest01058.java,0,CWE-330,CWE-330,1,0,1,0,0,0,1,0,0,0,2417,0.00012085000000000001,320,0.000128,13,5.2e-06,0.00025405,3.7273495197296143
BenchmarkTest01059.java,0,CWE-330,CWE-330,1,0,1,0,0,0,1,0,0,0,2412,0.0001206,448,0.00017920000000000002,13,5.2e-06,0.00030500000000000004,4.734865665435791
BenchmarkTest01060.java,0,CWE-330,CWE-330,1,0,1,0,0,0,1,0,0,0,2444,0.00012220000000000002,1088,0.00043520000000000006,14,5.600000000000001e-06,0.0005630000000000001,8.160799980163574
BenchmarkTest01061.java,0,CWE-614,CWE-614,1,0,1,0,0,0,1,0,0,0,2205,0.00011025,448,0.00017920000000000002,13,5.2e-06,0.00029465000000000003,2.622614860534668
BenchmarkTest01062.java,0,CWE-614,,,,0,0,1,0,0,0,1,0,,,,,,,,
BenchmarkTest01063.java,0,CWE-79,CWE-79,1,0,1,0,0,0,1,0,0,0,2628,0.0001314,1088,0.00043520000000000006,13,5.2e-06,0.0005718,8.886867046356201
BenchmarkTest01064.java,0,CWE-78,CWE-78,1,0,1,0,0,0,1,0,0,0,2161,0.00010805000000000001,384,0.00015360000000000002,13,5.2e-06,0.00026685000000000006,3.106454372406006
BenchmarkTest01065.java,0,CWE-78,CWE-78,1,1,0,1,0,0,0,0,1,0,2209,0.00011045,640,0.000256,12,4.800000000000001e-06,0.00037125,3.6541130542755127
BenchmarkTest01066.java,0,CWE-78,CWE-78,1,0,1,0,0,0,1,0,0,0,2059,0.00010295000000000001,1728,0.0006912,13,5.2e-06,0.00079935,9.792664766311646
BenchmarkTest01067.java,0,CWE-78,CWE-78,1,1,0,1,0,0,0,0,1,0,2073,0.00010365000000000001,1856,0.0007424,12,4.800000000000001e-06,0.0008508500000000001,8.688086748123169
BenchmarkTest01068.java,0,CWE-78,CWE-78,1,1,0,1,0,0,0,0,1,0,2128,0.00010640000000000001,1728,0.0006912,13,5.2e-06,0.0008028,9.454012155532837
BenchmarkTest01069.java,0,CWE-330,,,,0,0,1,0,0,0,1,0,,,,,,,,
BenchmarkTest01070.java,0,CWE-330,,,,0,0,1,0,0,0,1,0,,,,,,,,
BenchmarkTest01071.java,0,CWE-330,,,,0,0,1,0,0,0,1,0,,,,,,,,
BenchmarkTest01072.java,0,CWE-330,CWE-330,1,1,0,1,0,0,0,0,1,0,2499,0.00012495,1408,0.0005632,12,4.800000000000001e-06,0.00069295,8.636027574539185
BenchmarkTest01073.java,0,CWE-330,,,,0,0,1,0,0,0,1,0,,,,,,,,
BenchmarkTest01074.java,0,CWE-330,,,,0,0,1,0,0,0,1,0,,,,,,,,
BenchmarkTest01075.java,0,CWE-330,,,,0,0,1,0,0,0,1,0,,,,,,,,
BenchmarkTest01076.java,0,CWE-330,,,,0,0,1,0,0,0,1,0,,,,,,,,
BenchmarkTest01077.java,0,CWE-330,,,,0,0,1,0,0,0,1,0,,,,,,,,
BenchmarkTest01078.java,0,CWE-330,,,,0,0,1,0,0,0,1,0,,,,,,,,
BenchmarkTest01079.java,0,CWE-330,,,,0,0,1,0,0,0,1,0,,,,,,,,
BenchmarkTest01083.java,0,CWE-89,CWE-89,1,0,1,0,0,0,1,0,0,0,2047,0.00010235000000000001,384,0.00015360000000000002,13,5.2e-06,0.00026115000000000003,3.1669554710388184
BenchmarkTest01084.java,0,CWE-89,CWE-89,1,0,1,0,0,0,1,0,0,0,2075,0.00010375,448,0.00017920000000000002,13,5.2e-06,0.00028815000000000004,3.9765114784240723
BenchmarkTest01085.java,0,CWE-89,,,,0,0,1,0,0,0,1,0,,,,,,,,
BenchmarkTest01086.java,0,CWE-89,,,,0,0,1,0,0,0,1,0,,,,,,,,
BenchmarkTest01087.java,0,CWE-89,,,,0,0,0,1,0,0,0,1,,,,,,,,
BenchmarkTest01088.java,0,CWE-89,,,,0,0,0,1,0,0,0,1,,,,,,,,
BenchmarkTest01089.java,0,CWE-89,,,,0,0,1,0,0,0,1,0,,,,,,,,
BenchmarkTest01090.java,0,CWE-89,CWE-89,1,0,1,0,0,0,1,0,0,0,2101,0.00010505,320,0.000128,14,5.600000000000001e-06,0.00023865,3.2259716987609863
BenchmarkTest01091.java,0,CWE-89,CWE-89,1,0,1,0,0,0,1,0,0,0,2068,0.0001034,448,0.00017920000000000002,14,5.600000000000001e-06,0.00028820000000000007,3.6082959175109863
BenchmarkTest01092.java,0,CWE-89,CWE-89,1,0,0,1,0,0,0,1,0,0,2045,0.00010225,448,0.00017920000000000002,13,5.2e-06,0.00028665000000000006,3.316871404647827
BenchmarkTest01093.java,0,CWE-89,CWE-89,1,0,1,0,0,0,1,0,0,0,2099,0.00010495,512,0.00020480000000000002,13,5.2e-06,0.00031495000000000004,3.572207450866699
BenchmarkTest01094.java,0,CWE-89,CWE-89,1,0,1,0,0,0,1,0,0,0,2014,0.00010070000000000001,384,0.00015360000000000002,13,5.2e-06,0.0002595000000000001,2.810880422592163
BenchmarkTest01095.java,0,CWE-89,CWE-89,1,0,0,1,0,0,0,1,0,0,2049,0.00010245,832,0.0003328,13,5.2e-06,0.00044045,5.4887683391571045
BenchmarkTest01096.java,0,CWE-89,CWE-89,1,1,0,1,0,0,0,0,1,0,2094,0.0001047,832,0.0003328,12,4.800000000000001e-06,0.0004423,4.70444655418396
BenchmarkTest01097.java,0,CWE-89,CWE-89,1,0,1,0,0,0,1,0,0,0,2047,0.00010235000000000001,448,0.00017920000000000002,13,5.2e-06,0.00028675000000000006,3.28774094581604
BenchmarkTest01098.java,0,CWE-89,CWE-89,1,1,0,1,0,0,0,0,1,0,2085,0.00010425,640,0.000256,12,4.800000000000001e-06,0.00036505,3.3966763019561768
BenchmarkTest01099.java,0,CWE-327,CWE-327,1,0,1,0,0,0,1,0,0,0,2831,0.00014155,320,0.000128,13,5.2e-06,0.00027475000000000004,3.3797607421875
BenchmarkTest01100.java,0,CWE-327,,,,0,0,1,0,0,0,1,0,,,,,,,,
BenchmarkTest01101.java,0,CWE-327,,,,0,0,1,0,0,0,1,0,,,,,,,,
BenchmarkTest01102.java,0,CWE-327,CWE-327,1,0,1,0,0,0,1,0,0,0,2523,0.00012615,576,0.00023040000000000002,13,5.2e-06,0.00036175000000000004,2.9910216331481934
BenchmarkTest01103.java,0,CWE-327,CWE-327,1,0,1,0,0,0,1,0,0,0,2532,0.00012660000000000001,384,0.00015360000000000002,13,5.2e-06,0.00028540000000000005,2.3579208850860596
BenchmarkTest01104.java,0,CWE-327,,,,0,0,1,0,0,0,1,0,,,,,,,,
BenchmarkTest01105.java,0,CWE-327,CWE-327,1,0,1,0,0,0,1,0,0,0,2418,0.00012090000000000001,1024,0.00040960000000000004,13,5.2e-06,0.0005357000000000001,6.966453790664673
BenchmarkTest01106.java,0,CWE-327,CWE-327,1,0,1,0,0,0,1,0,0,0,2429,0.00012145,1280,0.000512,14,5.600000000000001e-06,0.0006390500000000001,6.105682849884033
BenchmarkTest01107.java,0,CWE-327,CWE-327,1,0,1,0,0,0,1,0,0,0,2458,0.0001229,1088,0.00043520000000000006,13,5.2e-06,0.0005633000000000001,7.819741487503052
BenchmarkTest01108.java,0,CWE-327,,,,0,0,1,0,0,0,1,0,,,,,,,,
BenchmarkTest01109.java,0,CWE-22,CWE-23,0,1,0,1,0,0,0,0,1,0,2599,0.00012995000000000001,1408,0.0005632,12,4.800000000000001e-06,0.00069795,10.561220407485962
BenchmarkTest01110.java,0,CWE-22,CWE-23,0,1,0,1,0,0,0,0,1,0,2586,0.0001293,1344,0.0005376000000000001,12,4.800000000000001e-06,0.0006717,8.432008266448975
BenchmarkTest01111.java,0,CWE-22,CWE-23,0,1,1,0,0,0,0,0,0,1,2491,0.00012455000000000002,2048,0.0008192000000000001,12,4.800000000000001e-06,0.0009485500000000002,10.458827018737793
BenchmarkTest01112.java,0,CWE-22,CWE-23,0,1,1,0,0,0,0,0,0,1,2555,0.00012775,1408,0.0005632,13,5.2e-06,0.0006961500000000001,10.340894937515259
BenchmarkTest01113.java,0,CWE-22,CWE-23,0,1,0,1,0,0,0,0,1,0,2510,0.0001255,832,0.0003328,12,4.800000000000001e-06,0.00046310000000000004,5.474250078201294
BenchmarkTest01114.java,0,CWE-22,CWE-23,0,1,0,1,0,0,0,0,1,0,2647,0.00013235,1152,0.00046080000000000003,12,4.800000000000001e-06,0.00059795,7.578550100326538
BenchmarkTest01115.java,0,CWE-22,CWE-23,0,1,0,1,0,0,0,0,1,0,2642,0.00013209999999999999,960,0.000384,12,4.800000000000001e-06,0.0005209,9.324441194534302
BenchmarkTest01116.java,0,CWE-22,CWE-23,0,1,1,0,0,0,0,0,0,1,2431,0.00012155000000000001,2304,0.0009216000000000001,13,5.2e-06,0.00104835,11.926560401916504
BenchmarkTest01117.java,0,CWE-22,CWE-23,0,1,1,0,0,0,0,0,0,1,2413,0.00012065,1792,0.0007168000000000001,12,4.800000000000001e-06,0.0008422500000000001,11.69553017616272
BenchmarkTest01118.java,0,CWE-22,CWE-23,0,1,0,1,0,0,0,0,1,0,2625,0.00013125,448,0.00017920000000000002,12,4.800000000000001e-06,0.00031525,3.261195182800293
BenchmarkTest01119.java,0,CWE-330,CWE-330,1,0,1,0,0,0,1,0,0,0,2523,0.00012615,320,0.000128,13,5.2e-06,0.00025935,2.563426971435547
BenchmarkTest01120.java,0,CWE-328,,,,0,0,1,0,0,0,1,0,,,,,,,,
BenchmarkTest01121.java,0,CWE-328,,,,0,0,1,0,0,0,1,0,,,,,,,,
BenchmarkTest01122.java,0,CWE-328,,,,0,0,1,0,0,0,1,0,,,,,,,,
BenchmarkTest01123.java,0,CWE-328,CWE-916,0,0,1,0,0,0,1,0,0,0,2469,0.00012345,1728,0.0006912,13,5.2e-06,0.00081985,9.346520900726318
BenchmarkTest01124.java,0,CWE-328,,,,0,0,0,1,0,0,0,1,,,,,,,,
BenchmarkTest01125.java,0,CWE-328,,,,0,0,1,0,0,0,1,0,,,,,,,,
BenchmarkTest01126.java,0,CWE-328,,,,0,0,1,0,0,0,1,0,,,,,,,,
BenchmarkTest01127.java,0,CWE-330,CWE-330,1,0,1,0,0,0,1,0,0,0,2464,0.0001232,896,0.00035840000000000004,13,5.2e-06,0.00048680000000000007,6.334403038024902
BenchmarkTest01128.java,0,CWE-330,CWE-330,1,0,1,0,0,0,1,0,0,0,2474,0.0001237,704,0.0002816,13,5.2e-06,0.00041050000000000006,5.200906276702881
BenchmarkTest01129.java,0,CWE-330,CWE-330,1,0,1,0,0,0,1,0,0,0,2439,0.00012195,640,0.000256,13,5.2e-06,0.00038315,5.887588024139404
BenchmarkTest01130.java,0,CWE-330,CWE-330,1,0,1,0,0,0,1,0,0,0,2450,0.0001225,832,0.0003328,13,5.2e-06,0.0004605,8.116522312164307
BenchmarkTest01131.java,0,CWE-330,CWE-330,1,0,1,0,0,0,1,0,0,0,2435,0.00012175,1024,0.00040960000000000004,13,5.2e-06,0.0005365500000000001,9.230551958084106
BenchmarkTest01132.java,0,CWE-330,CWE-330,1,0,1,0,0,0,1,0,0,0,2502,0.0001251,448,0.00017920000000000002,13,5.2e-06,0.00030950000000000004,3.9121432304382324
BenchmarkTest01133.java,0,CWE-330,CWE-330,1,0,1,0,0,0,1,0,0,0,2417,0.00012085000000000001,640,0.000256,13,5.2e-06,0.00038205,5.307070970535278
BenchmarkTest01134.java,0,CWE-614,CWE-614,1,0,1,0,0,0,1,0,0,0,2277,0.00011385,1088,0.00043520000000000006,13,5.2e-06,0.0005542500000000001,8.557069063186646
BenchmarkTest01135.java,0,CWE-330,,,,0,0,1,0,0,0,1,0,,,,,,,,
BenchmarkTest01136.java,0,CWE-330,,,,0,0,1,0,0,0,1,0,,,,,,,,
BenchmarkTest01137.java,0,CWE-330,,,,0,0,1,0,0,0,1,0,,,,,,,,
BenchmarkTest01138.java,0,CWE-330,,,,0,0,1,0,0,0,1,0,,,,,,,,
BenchmarkTest01139.java,0,CWE-330,,,,0,0,1,0,0,0,1,0,,,,,,,,
BenchmarkTest01140.java,0,CWE-330,,,,0,0,1,0,0,0,1,0,,,,,,,,
BenchmarkTest01141.java,0,CWE-330,,,,0,0,1,0,0,0,1,0,,,,,,,,
BenchmarkTest01147.java,0,CWE-327,,,,0,0,1,0,0,0,1,0,,,,,,,,
BenchmarkTest01148.java,0,CWE-327,CWE-327,1,0,1,0,0,0,1,0,0,0,2786,0.0001393,576,0.00023040000000000002,13,5.2e-06,0.00037490000000000006,6.328796625137329
BenchmarkTest01149.java,0,CWE-327,CWE-327,1,0,1,0,0,0,1,0,0,0,2843,0.00014215,576,0.00023040000000000002,13,5.2e-06,0.00037775000000000005,3.8369030952453613
BenchmarkTest01150.java,0,CWE-327,CWE-327,1,0,1,0,0,0,1,0,0,0,2461,0.00012305,704,0.0002816,13,5.2e-06,0.00040985,4.792983055114746
BenchmarkTest01151.java,0,CWE-327,,,,0,0,1,0,0,0,1,0,,,,,,,,
BenchmarkTest01152.java,0,CWE-327,,,,0,0,1,0,0,0,1,0,,,,,,,,
BenchmarkTest01153.java,0,CWE-327,,,,0,0,1,0,0,0,1,0,,,,,,,,
BenchmarkTest01154.java,0,CWE-90,CWE-90,1,0,0,1,0,0,0,1,0,0,2400,0.00012,512,0.00020480000000000002,13,5.2e-06,0.00033000000000000005,5.551981449127197
BenchmarkTest01155.java,0,CWE-22,CWE-23,0,0,1,0,0,0,1,0,0,0,2389,0.00011945,768,0.00030720000000000004,13,5.2e-06,0.00043185000000000006,7.501710891723633
BenchmarkTest01156.java,0,CWE-22,CWE-23,0,0,1,0,0,0,1,0,0,0,2549,0.00012745,1024,0.00040960000000000004,13,5.2e-06,0.0005422500000000001,7.736529111862183
BenchmarkTest01157.java,0,CWE-22,CWE-23,0,0,1,0,0,0,1,0,0,0,2553,0.00012765,896,0.00035840000000000004,12,4.800000000000001e-06,0.00049085,5.177242994308472
BenchmarkTest01158.java,0,CWE-22,CWE-23,0,1,0,1,0,0,0,0,1,0,2488,0.00012440000000000002,1152,0.00046080000000000003,12,4.800000000000001e-06,0.00059,6.917791843414307
BenchmarkTest01159.java,0,CWE-22,CWE-23,0,1,0,1,0,0,0,0,1,0,2655,0.00013275,2048,0.0008192000000000001,13,5.2e-06,0.00095715,10.05143427848816
BenchmarkTest01160.java,0,CWE-22,CWE-23,0,1,0,1,0,0,0,0,1,0,2405,0.00012025,576,0.00023040000000000002,12,4.800000000000001e-06,0.00035545,4.015580415725708
BenchmarkTest01161.java,0,CWE-22,CWE-23,0,0,1,0,0,0,1,0,0,0,2429,0.00012145,896,0.00035840000000000004,13,5.2e-06,0.00048505000000000005,5.372686862945557
BenchmarkTest01162.java,0,CWE-330,CWE-330,1,0,1,0,0,0,1,0,0,0,2484,0.0001242,704,0.0002816,13,5.2e-06,0.000411,4.624270677566528
BenchmarkTest01163.java,0,CWE-330,CWE-330,1,0,1,0,0,0,1,0,0,0,2424,0.0001212,704,0.0002816,13,5.2e-06,0.00040800000000000005,4.825146198272705
BenchmarkTest01164.java,0,CWE-328,,,,0,0,1,0,0,0,1,0,,,,,,,,
BenchmarkTest01165.java,0,CWE-328,CWE-916,0,0,1,0,0,0,1,0,0,0,2618,0.0001309,1024,0.00040960000000000004,13,5.2e-06,0.0005457000000000001,7.581472158432007
BenchmarkTest01166.java,0,CWE-328,CWE-916,0,0,1,0,0,0,1,0,0,0,2446,0.00012230000000000002,1024,0.00040960000000000004,13,5.2e-06,0.0005371000000000001,7.446227788925171
BenchmarkTest01167.java,0,CWE-328,CWE-916,0,0,1,0,0,0,1,0,0,0,2400,0.00012,832,0.0003328,13,5.2e-06,0.000458,7.100769758224487
BenchmarkTest01168.java,0,CWE-328,,,,0,0,0,1,0,0,0,1,,,,,,,,
BenchmarkTest01169.java,0,CWE-328,,,,0,0,1,0,0,0,1,0,,,,,,,,
BenchmarkTest01170.java,0,CWE-328,,,,0,0,1,0,0,0,1,0,,,,,,,,
BenchmarkTest01171.java,0,CWE-79,CWE-79,1,0,1,0,0,0,1,0,0,0,2494,0.0001247,1920,0.000768,14,5.600000000000001e-06,0.0008983,13.712793588638306
BenchmarkTest01172.java,0,CWE-79,CWE-79,1,0,1,0,0,0,1,0,0,0,2521,0.00012605,320,0.000128,13,5.2e-06,0.00025925000000000004,2.2117667198181152
BenchmarkTest01173.java,0,CWE-79,CWE-79,1,0,1,0,0,0,1,0,0,0,2477,0.00012385,512,0.00020480000000000002,13,5.2e-06,0.00033385,3.6331231594085693
BenchmarkTest01174.java,0,CWE-79,CWE-79,1,0,1,0,0,0,1,0,0,0,2446,0.00012230000000000002,640,0.000256,13,5.2e-06,0.00038350000000000005,4.367282867431641
BenchmarkTest01175.java,0,CWE-79,CWE-79,1,1,0,1,0,0,0,0,1,0,2456,0.0001228,640,0.000256,12,4.800000000000001e-06,0.0003836,4.629103422164917
BenchmarkTest01176.java,0,CWE-79,CWE-79,1,1,0,1,0,0,0,0,1,0,2526,0.0001263,960,0.000384,12,4.800000000000001e-06,0.0005151,7.35025954246521
BenchmarkTest01177.java,0,CWE-79,CWE-79,1,1,1,0,0,0,0,0,0,1,2533,0.00012665000000000002,2688,0.0010752000000000001,12,4.800000000000001e-06,0.00120665,15.415347337722778
BenchmarkTest01178.java,0,CWE-79,CWE-79,1,0,1,0,0,0,1,0,0,0,2440,0.000122,1024,0.00040960000000000004,13,5.2e-06,0.0005368,7.927557468414307
BenchmarkTest01179.java,0,CWE-79,CWE-79,1,0,1,0,0,0,1,0,0,0,2428,0.00012140000000000001,768,0.00030720000000000004,13,5.2e-06,0.0004338000000000001,6.539475440979004
BenchmarkTest01180.java,0,CWE-79,CWE-79,1,1,0,1,0,0,0,0,1,0,2499,0.00012495,960,0.000384,12,4.800000000000001e-06,0.00051375,6.015719890594482
BenchmarkTest01181.java,0,CWE-79,CWE-79,1,0,1,0,0,0,1,0,0,0,2462,0.0001231,1024,0.00040960000000000004,13,5.2e-06,0.0005379000000000001,8.464420795440674
BenchmarkTest01182.java,0,CWE-78,CWE-78,1,1,0,1,0,0,0,0,1,0,2186,0.00010930000000000001,1472,0.0005888000000000001,12,4.800000000000001e-06,0.0007029000000000001,12.567359685897827
BenchmarkTest01183.java,0,CWE-330,CWE-330,1,0,1,0,0,0,1,0,0,0,2484,0.0001242,896,0.00035840000000000004,13,5.2e-06,0.00048780000000000004,6.194422483444214
BenchmarkTest01184.java,0,CWE-330,CWE-330,1,0,1,0,0,0,1,0,0,0,2396,0.00011980000000000001,512,0.00020480000000000002,13,5.2e-06,0.00032980000000000005,3.2797930240631104
BenchmarkTest01185.java,0,CWE-614,CWE-614,1,0,1,0,0,0,1,0,0,0,2215,0.00011075,448,0.00017920000000000002,13,5.2e-06,0.00029515000000000005,3.63739275932312
BenchmarkTest01186.java,0,CWE-614,CWE-614,1,0,1,0,0,0,1,0,0,0,2160,0.000108,320,0.000128,13,5.2e-06,0.00024119999999999998,2.3936474323272705
BenchmarkTest01187.java,0,CWE-614,CWE-614,1,0,1,0,0,0,1,0,0,0,2161,0.00010805000000000001,896,0.00035840000000000004,13,5.2e-06,0.00047165000000000005,6.025030851364136
BenchmarkTest01188.java,0,CWE-79,CWE-79,1,1,0,1,0,0,0,0,1,0,2432,0.00012160000000000001,768,0.00030720000000000004,12,4.800000000000001e-06,0.0004336000000000001,5.462893486022949
BenchmarkTest01189.java,0,CWE-78,CWE-78,1,0,0,1,0,0,0,1,0,0,2221,0.00011105000000000002,2112,0.0008448,13,5.2e-06,0.0009610500000000001,15.316926956176758
BenchmarkTest01190.java,0,CWE-78,CWE-78,1,0,1,0,0,0,1,0,0,0,2060,0.000103,1152,0.00046080000000000003,13,5.2e-06,0.0005690000000000001,6.981322526931763
BenchmarkTest01191.java,0,CWE-78,CWE-78,1,0,1,0,0,0,1,0,0,0,2057,0.00010285,1536,0.0006144000000000001,13,5.2e-06,0.0007224500000000001,9.54255223274231
BenchmarkTest01192.java,0,CWE-78,CWE-78,1,0,1,0,0,0,1,0,0,0,2062,0.00010310000000000001,1984,0.0007936,13,5.2e-06,0.0009019000000000001,16.57004976272583
BenchmarkTest01193.java,0,CWE-78,CWE-78,1,1,0,1,0,0,0,0,1,0,2234,0.0001117,2304,0.0009216000000000001,12,4.800000000000001e-06,0.0010381,14.19485092163086
BenchmarkTest01194.java,0,CWE-78,CWE-78,1,0,1,0,0,0,1,0,0,0,2189,0.00010945,1984,0.0007936,12,4.800000000000001e-06,0.00090785,9.932057857513428
BenchmarkTest01195.java,0,CWE-330,,,,0,0,1,0,0,0,1,0,,,,,,,,
BenchmarkTest01196.java,0,CWE-330,CWE-330,1,1,0,1,0,0,0,0,1,0,2476,0.0001238,1088,0.00043520000000000006,12,4.800000000000001e-06,0.0005638,5.645015478134155
BenchmarkTest01197.java,0,CWE-330,,,,0,0,1,0,0,0,1,0,,,,,,,,
BenchmarkTest01198.java,0,CWE-330,,,,0,0,1,0,0,0,1,0,,,,,,,,
BenchmarkTest01199.java,0,CWE-330,,,,0,0,1,0,0,0,1,0,,,,,,,,
BenchmarkTest01200.java,0,CWE-330,,,,0,0,1,0,0,0,1,0,,,,,,,,
BenchmarkTest01201.java,0,CWE-330,,,,0,0,1,0,0,0,1,0,,,,,,,,
BenchmarkTest01202.java,0,CWE-330,,,,0,0,1,0,0,0,1,0,,,,,,,,
BenchmarkTest01208.java,0,CWE-89,CWE-89,1,0,1,0,0,0,1,0,0,0,2091,0.00010455000000000001,896,0.00035840000000000004,13,5.2e-06,0.0004681500000000001,5.549056768417358
BenchmarkTest01209.java,0,CWE-89,CWE-89,1,0,1,0,0,0,1,0,0,0,2110,0.0001055,960,0.000384,13,5.2e-06,0.0004947,6.341918706893921
BenchmarkTest01210.java,0,CWE-89,CWE-89,1,0,1,0,0,0,1,0,0,0,2144,0.0001072,704,0.0002816,13,5.2e-06,0.00039400000000000004,6.543144226074219
BenchmarkTest01211.java,0,CWE-89,CWE-89,1,0,1,0,0,0,1,0,0,0,2073,0.00010365000000000001,448,0.00017920000000000002,13,5.2e-06,0.00028805000000000004,3.8824596405029297
BenchmarkTest01212.java,0,CWE-89,CWE-89,1,1,0,1,0,0,0,0,1,0,2119,0.00010595,1216,0.00048640000000000006,13,5.2e-06,0.0005975500000000001,7.994666814804077
BenchmarkTest01213.java,0,CWE-89,CWE-89,1,1,0,1,0,0,0,0,1,0,2084,0.0001042,1792,0.0007168000000000001,12,4.800000000000001e-06,0.0008258000000000001,11.745845794677734
BenchmarkTest01214.java,0,CWE-89,CWE-89,1,0,1,0,0,0,1,0,0,0,2121,0.00010605000000000002,576,0.00023040000000000002,13,5.2e-06,0.00034165000000000004,5.168635129928589
BenchmarkTest01215.java,0,CWE-89,,,,0,0,1,0,0,0,1,0,,,,,,,,
BenchmarkTest01216.java,0,CWE-89,CWE-89,1,1,0,1,0,0,0,0,1,0,2095,0.00010475,768,0.00030720000000000004,12,4.800000000000001e-06,0.00041675,6.439000368118286
BenchmarkTest01217.java,0,CWE-89,CWE-89,1,1,0,1,0,0,0,0,1,0,2262,0.00011310000000000001,1536,0.0006144000000000001,12,4.800000000000001e-06,0.0007323000000000001,9.477285861968994
BenchmarkTest01218.java,0,CWE-89,CWE-89,1,1,0,1,0,0,0,0,1,0,2064,0.0001032,704,0.0002816,12,4.800000000000001e-06,0.00038960000000000004,3.9808783531188965
BenchmarkTest01219.java,0,CWE-89,CWE-89,1,1,0,1,0,0,0,0,1,0,2125,0.00010625,1024,0.00040960000000000004,12,4.800000000000001e-06,0.00052065,6.613862037658691
BenchmarkTest01220.java,0,CWE-89,CWE-89,1,0,0,1,0,0,0,1,0,0,2052,0.00010260000000000001,448,0.00017920000000000002,13,5.2e-06,0.00028700000000000004,2.888453722000122
BenchmarkTest01221.java,0,CWE-89,CWE-89,1,0,1,0,0,0,1,0,0,0,2075,0.00010375,1088,0.00043520000000000006,13,5.2e-06,0.0005441500000000001,10.224048614501953
BenchmarkTest01222.java,0,CWE-89,CWE-89,1,0,1,0,0,0,1,0,0,0,2115,0.00010575,256,0.00010240000000000001,13,5.2e-06,0.00021334999999999998,2.4603006839752197
BenchmarkTest01223.java,0,CWE-643,CWE-643,1,0,1,0,0,0,1,0,0,0,2268,0.0001134,384,0.00015360000000000002,13,5.2e-06,0.00027220000000000006,4.442694902420044
BenchmarkTest01224.java,0,CWE-643,CWE-643,1,0,1,0,0,0,1,0,0,0,2150,0.0001075,704,0.0002816,13,5.2e-06,0.00039430000000000004,4.356254577636719
BenchmarkTest01225.java,0,CWE-643,CWE-643,1,1,0,1,0,0,0,0,1,0,2118,0.0001059,1216,0.00048640000000000006,12,4.800000000000001e-06,0.0005971,7.342226982116699
BenchmarkTest01226.java,0,CWE-327,,,,0,0,1,0,0,0,1,0,,,,,,,,
BenchmarkTest01227.java,0,CWE-327,,,,0,0,1,0,0,0,1,0,,,,,,,,
BenchmarkTest01228.java,0,CWE-327,CWE-327,1,0,1,0,0,0,1,0,0,0,2358,0.0001179,320,0.000128,13,5.2e-06,0.00025110000000000003,2.805929183959961
BenchmarkTest01229.java,0,CWE-327,CWE-327,1,0,1,0,0,0,1,0,0,0,2390,0.0001195,384,0.00015360000000000002,13,5.2e-06,0.00027830000000000004,6.80147910118103
BenchmarkTest01230.java,0,CWE-327,CWE-327,1,0,1,0,0,0,1,0,0,0,2364,0.0001182,1216,0.00048640000000000006,13,5.2e-06,0.0006098000000000001,10.463486671447754
BenchmarkTest01231.java,0,CWE-22,CWE-23,0,0,1,0,0,0,1,0,0,0,2386,0.00011930000000000001,576,0.00023040000000000002,13,5.2e-06,0.00035490000000000006,5.177265405654907
BenchmarkTest01232.java,0,CWE-22,CWE-23,0,0,1,0,0,0,1,0,0,0,2327,0.00011635000000000001,704,0.0002816,13,5.2e-06,0.00040315,6.120416641235352
BenchmarkTest01233.java,0,CWE-22,CWE-23,0,1,0,1,0,0,0,0,1,0,2386,0.00011930000000000001,704,0.0002816,12,4.800000000000001e-06,0.00040570000000000005,8.020282745361328
BenchmarkTest01234.java,0,CWE-22,CWE-23,0,0,1,0,0,0,1,0,0,0,2321,0.00011605000000000002,896,0.00035840000000000004,13,5.2e-06,0.0004796500000000001,8.77515196800232
BenchmarkTest01235.java,0,CWE-22,CWE-23,0,0,1,0,0,0,1,0,0,0,2509,0.00012545,1024,0.00040960000000000004,13,5.2e-06,0.00054025,9.143889427185059
BenchmarkTest01236.java,0,CWE-22,CWE-23,0,0,1,0,0,0,1,0,0,0,2450,0.0001225,1152,0.00046080000000000003,13,5.2e-06,0.0005885,11.58553671836853
BenchmarkTest01237.java,0,CWE-22,CWE-23,0,1,0,1,0,0,0,0,1,0,2459,0.00012295,704,0.0002816,12,4.800000000000001e-06,0.00040935000000000006,4.433935880661011
BenchmarkTest01238.java,0,CWE-22,CWE-23,0,0,1,0,0,0,1,0,0,0,2396,0.00011980000000000001,512,0.00020480000000000002,13,5.2e-06,0.00032980000000000005,3.189502477645874
BenchmarkTest01239.java,0,CWE-22,CWE-23,0,1,0,1,0,0,0,0,1,0,2359,0.00011795000000000001,896,0.00035840000000000004,13,5.2e-06,0.0004815500000000001,7.764477491378784
BenchmarkTest01240.java,0,CWE-22,CWE-23,0,1,0,1,0,0,0,0,1,0,2399,0.00011995,768,0.00030720000000000004,12,4.800000000000001e-06,0.00043195000000000006,5.523329973220825
BenchmarkTest01241.java,0,CWE-90,CWE-90,1,0,1,0,0,0,1,0,0,0,2350,0.0001175,1088,0.00043520000000000006,13,5.2e-06,0.0005579000000000001,6.648736238479614
BenchmarkTest01242.java,0,CWE-90,CWE-90,1,0,1,0,0,0,1,0,0,0,2326,0.00011630000000000001,640,0.000256,13,5.2e-06,0.0003775,6.358344554901123
BenchmarkTest01243.java,0,CWE-90,CWE-90,1,0,1,0,0,0,1,0,0,0,2306,0.00011530000000000001,320,0.000128,13,5.2e-06,0.0002485,2.6912035942077637
BenchmarkTest01244.java,0,CWE-328,CWE-916,0,0,1,0,0,0,1,0,0,0,2404,0.00012020000000000001,768,0.00030720000000000004,13,5.2e-06,0.00043260000000000005,7.073294401168823
BenchmarkTest01245.java,0,CWE-328,,,,0,0,1,0,0,0,1,0,,,,,,,,
BenchmarkTest01246.java,0,CWE-328,CWE-916,0,0,1,0,0,0,1,0,0,0,2439,0.00012195,768,0.00030720000000000004,13,5.2e-06,0.00043435000000000007,6.388656377792358
BenchmarkTest01247.java,0,CWE-328,CWE-916,0,0,1,0,0,0,1,0,0,0,2318,0.00011590000000000001,832,0.0003328,13,5.2e-06,0.00045390000000000003,4.992088556289673
BenchmarkTest01248.java,0,CWE-328,,,,0,0,0,1,0,0,0,1,,,,,,,,
BenchmarkTest01249.java,0,CWE-328,,,,0,0,1,0,0,0,1,0,,,,,,,,
BenchmarkTest01250.java,0,CWE-328,,,,0,0,1,0,0,0,1,0,,,,,,,,
BenchmarkTest01251.java,0,CWE-79,CWE-79,1,1,0,1,0,0,0,0,1,0,2457,0.00012285,640,0.000256,12,4.800000000000001e-06,0.00038365000000000003,4.951833963394165
BenchmarkTest01252.java,0,CWE-79,CWE-79,1,0,0,1,0,0,0,1,0,0,2485,0.00012425,1280,0.000512,13,5.2e-06,0.00064145,9.910810947418213
BenchmarkTest01253.java,0,CWE-79,CWE-79,1,0,1,0,0,0,1,0,0,0,2475,0.00012375,1344,0.0005376000000000001,13,5.2e-06,0.00066655,7.495080232620239
BenchmarkTest01254.java,0,CWE-79,CWE-79,1,0,1,0,0,0,1,0,0,0,2600,0.00013,1792,0.0007168000000000001,13,5.2e-06,0.0008520000000000001,14.540587186813354
BenchmarkTest01255.java,0,CWE-79,CWE-79,1,1,0,1,0,0,0,0,1,0,2394,0.00011970000000000001,704,0.0002816,13,5.2e-06,0.00040650000000000007,4.305469274520874
BenchmarkTest01256.java,0,CWE-79,CWE-79,1,0,0,1,0,0,0,1,0,0,2465,0.00012325,448,0.00017920000000000002,13,5.2e-06,0.00030765,3.7104086875915527
BenchmarkTest01257.java,0,CWE-79,CWE-79,1,0,1,0,0,0,1,0,0,0,2403,0.00012015,960,0.000384,13,5.2e-06,0.00050935,6.136213064193726
BenchmarkTest01258.java,0,CWE-79,CWE-79,1,0,1,0,0,0,1,0,0,0,2449,0.00012245,832,0.0003328,13,5.2e-06,0.00046045000000000005,5.189162731170654
BenchmarkTest01259.java,0,CWE-79,CWE-79,1,0,1,0,0,0,1,0,0,0,2485,0.00012425,448,0.00017920000000000002,13,5.2e-06,0.00030865000000000005,3.635317087173462
BenchmarkTest01260.java,0,CWE-79,CWE-79,1,0,1,0,0,0,1,0,0,0,2417,0.00012085000000000001,896,0.00035840000000000004,13,5.2e-06,0.0004844500000000001,6.5837767124176025
BenchmarkTest01261.java,0,CWE-79,CWE-79,1,0,1,0,0,0,1,0,0,0,2600,0.00013,1472,0.0005888000000000001,13,5.2e-06,0.0007240000000000001,9.17838191986084
BenchmarkTest01262.java,0,CWE-79,CWE-79,1,0,1,0,0,0,1,0,0,0,2414,0.0001207,512,0.00020480000000000002,13,5.2e-06,0.00033070000000000007,4.677067279815674
BenchmarkTest01263.java,0,CWE-79,CWE-79,1,0,1,0,0,0,1,0,0,0,2472,0.0001236,576,0.00023040000000000002,13,5.2e-06,0.00035920000000000006,4.714952707290649
BenchmarkTest01264.java,0,CWE-79,CWE-79,1,1,0,1,0,0,0,0,1,0,2389,0.00011945,640,0.000256,12,4.800000000000001e-06,0.00038025,4.622065544128418
BenchmarkTest01265.java,0,CWE-79,CWE-79,1,1,0,1,0,0,0,0,1,0,2443,0.00012215000000000001,512,0.00020480000000000002,12,4.800000000000001e-06,0.00033175,5.809776782989502
BenchmarkTest01266.java,0,CWE-79,CWE-79,1,0,1,0,0,0,1,0,0,0,2422,0.0001211,576,0.00023040000000000002,13,5.2e-06,0.00035670000000000005,4.047475099563599
BenchmarkTest01267.java,0,CWE-79,CWE-79,1,0,1,0,0,0,1,0,0,0,2462,0.0001231,576,0.00023040000000000002,13,5.2e-06,0.00035870000000000005,4.946488857269287
BenchmarkTest01268.java,0,CWE-79,CWE-79,1,0,1,0,0,0,1,0,0,0,2625,0.00013125,1856,0.0007424,13,5.2e-06,0.00087885,12.48911452293396
BenchmarkTest01269.java,0,CWE-78,CWE-78,1,1,0,1,0,0,0,0,1,0,2116,0.00010580000000000001,512,0.00020480000000000002,12,4.800000000000001e-06,0.0003154,5.017422676086426
BenchmarkTest01270.java,0,CWE-78,CWE-78,1,0,1,0,0,0,1,0,0,0,2109,0.00010545,704,0.0002816,13,5.2e-06,0.00039225,5.1589837074279785
BenchmarkTest01271.java,0,CWE-330,CWE-330,1,0,1,0,0,0,1,0,0,0,2586,0.0001293,384,0.00015360000000000002,13,5.2e-06,0.0002881,4.1907031536102295
BenchmarkTest01272.java,0,CWE-330,CWE-330,1,0,1,0,0,0,1,0,0,0,2345,0.00011725,768,0.00030720000000000004,13,5.2e-06,0.00042965000000000006,4.797159194946289
BenchmarkTest01273.java,0,CWE-330,CWE-330,1,0,1,0,0,0,1,0,0,0,2368,0.0001184,704,0.0002816,13,5.2e-06,0.00040520000000000004,5.45991587638855
BenchmarkTest01274.java,0,CWE-330,CWE-330,1,0,1,0,0,0,1,0,0,0,2333,0.00011665,1024,0.00040960000000000004,13,5.2e-06,0.00053145,6.382538557052612
BenchmarkTest01275.java,0,CWE-330,CWE-330,1,0,1,0,0,0,1,0,0,0,2356,0.00011780000000000002,320,0.000128,13,5.2e-06,0.00025100000000000003,2.927953004837036
BenchmarkTest01276.java,0,CWE-330,CWE-330,1,0,1,0,0,0,1,0,0,0,2548,0.0001274,320,0.000128,13,5.2e-06,0.00026060000000000005,2.896663188934326
BenchmarkTest01277.java,0,CWE-330,CWE-330,1,0,1,0,0,0,1,0,0,0,2358,0.0001179,512,0.00020480000000000002,13,5.2e-06,0.00032790000000000006,3.2532453536987305
BenchmarkTest01278.java,0,CWE-330,CWE-330,1,0,1,0,0,0,1,0,0,0,2359,0.00011795000000000001,512,0.00020480000000000002,13,5.2e-06,0.00032795000000000003,3.549774408340454
BenchmarkTest01279.java,0,CWE-330,CWE-330,1,0,1,0,0,0,1,0,0,0,2366,0.00011830000000000002,1088,0.00043520000000000006,13,5.2e-06,0.0005587000000000001,6.303148508071899
BenchmarkTest01280.java,0,CWE-614,CWE-614,1,0,1,0,0,0,1,0,0,0,2158,0.00010790000000000001,896,0.00035840000000000004,13,5.2e-06,0.0004715000000000001,5.488917112350464
BenchmarkTest01281.java,0,CWE-614,CWE-614,1,0,1,0,0,0,1,0,0,0,2129,0.00010645,768,0.00030720000000000004,13,5.2e-06,0.00041885000000000007,6.636254549026489
BenchmarkTest01282.java,0,CWE-614,CWE-614,1,0,1,0,0,0,1,0,0,0,2150,0.0001075,384,0.00015360000000000002,13,5.2e-06,0.0002663,4.608009338378906
BenchmarkTest01283.java,0,CWE-614,CWE-614,1,0,1,0,0,0,1,0,0,0,2148,0.00010740000000000001,704,0.0002816,13,5.2e-06,0.00039420000000000004,6.315730333328247
BenchmarkTest01284.java,0,CWE-79,CWE-79,1,0,1,0,0,0,1,0,0,0,2449,0.00012245,704,0.0002816,13,5.2e-06,0.00040925,4.862634181976318
BenchmarkTest01285.java,0,CWE-78,CWE-78,1,0,1,0,0,0,1,0,0,0,2112,0.0001056,960,0.000384,13,5.2e-06,0.0004948,7.566195726394653
BenchmarkTest01286.java,0,CWE-78,CWE-78,1,0,1,0,0,0,1,0,0,0,2217,0.00011085000000000001,1280,0.000512,13,5.2e-06,0.00062805,11.018240451812744
BenchmarkTest01287.java,0,CWE-78,CWE-78,1,0,1,0,0,0,1,0,0,0,2034,0.0001017,1024,0.00040960000000000004,13,5.2e-06,0.0005165,6.451194763183594
BenchmarkTest01288.java,0,CWE-78,CWE-78,1,0,1,0,0,0,1,0,0,0,2085,0.00010425,1536,0.0006144000000000001,13,5.2e-06,0.0007238500000000001,10.405660390853882
BenchmarkTest01289.java,0,CWE-78,CWE-78,1,1,0,1,0,0,0,0,1,0,2127,0.00010635000000000001,1152,0.00046080000000000003,12,4.800000000000001e-06,0.00057195,8.83723783493042
BenchmarkTest01290.java,0,CWE-78,CWE-78,1,0,0,1,0,0,0,1,0,0,2015,0.00010075,1664,0.0006656,13,5.2e-06,0.0007715500000000001,8.787957429885864
BenchmarkTest01291.java,0,CWE-330,,,,0,0,1,0,0,0,1,0,,,,,,,,
BenchmarkTest01292.java,0,CWE-330,,,,0,0,1,0,0,0,1,0,,,,,,,,
BenchmarkTest01293.java,0,CWE-330,,,,0,0,1,0,0,0,1,0,,,,,,,,
BenchmarkTest01294.java,0,CWE-330,,,,0,0,1,0,0,0,1,0,,,,,,,,
BenchmarkTest01295.java,0,CWE-330,,,,0,0,1,0,0,0,1,0,,,,,,,,
BenchmarkTest01296.java,0,CWE-330,,,,0,0,1,0,0,0,1,0,,,,,,,,
BenchmarkTest01297.java,0,CWE-330,,,,0,0,1,0,0,0,1,0,,,,,,,,
BenchmarkTest01298.java,0,CWE-330,,,,0,0,1,0,0,0,1,0,,,,,,,,
BenchmarkTest01301.java,0,CWE-89,CWE-89,1,1,0,1,0,0,0,0,1,0,2248,0.00011240000000000001,1408,0.0005632,12,4.800000000000001e-06,0.0006804000000000001,9.619879007339478
BenchmarkTest01302.java,0,CWE-89,CWE-89,1,0,1,0,0,0,1,0,0,0,2075,0.00010375,768,0.00030720000000000004,13,5.2e-06,0.00041615000000000006,4.298205852508545
BenchmarkTest01303.java,0,CWE-89,CWE-89,1,1,0,1,0,0,0,0,1,0,2077,0.00010385,1024,0.00040960000000000004,12,4.800000000000001e-06,0.00051825,7.907973766326904
BenchmarkTest01304.java,0,CWE-89,CWE-89,1,0,1,0,0,0,1,0,0,0,2099,0.00010495,768,0.00030720000000000004,13,5.2e-06,0.00041735000000000003,4.54490852355957
BenchmarkTest01305.java,0,CWE-89,CWE-89,1,1,0,1,0,0,0,0,1,0,2047,0.00010235000000000001,1216,0.00048640000000000006,12,4.800000000000001e-06,0.0005935500000000001,8.61980390548706
BenchmarkTest01306.java,0,CWE-89,CWE-89,1,0,1,0,0,0,1,0,0,0,2057,0.00010285,1088,0.00043520000000000006,13,5.2e-06,0.0005432500000000001,5.9802165031433105
BenchmarkTest01307.java,0,CWE-89,CWE-89,1,1,0,1,0,0,0,0,1,0,2047,0.00010235000000000001,1280,0.000512,12,4.800000000000001e-06,0.00061915,189.31530952453613
BenchmarkTest01308.java,0,CWE-89,,,,0,0,0,1,0,0,0,1,,,,,,,,
BenchmarkTest01309.java,0,CWE-89,,,,0,0,1,0,0,0,1,0,,,,,,,,
BenchmarkTest01310.java,0,CWE-89,CWE-89,1,1,0,1,0,0,0,0,1,0,2047,0.00010235000000000001,960,0.000384,13,5.2e-06,0.00049155,8.016751527786255
BenchmarkTest01311.java,0,CWE-89,CWE-89,1,0,1,0,0,0,1,0,0,0,2013,0.00010065000000000001,320,0.000128,13,5.2e-06,0.00023385,4.110633134841919
BenchmarkTest01312.java,0,CWE-89,CWE-89,1,0,1,0,0,0,1,0,0,0,2103,0.00010515000000000001,704,0.0002816,13,5.2e-06,0.00039195000000000007,5.255256414413452
BenchmarkTest01313.java,0,CWE-89,CWE-89,1,0,1,0,0,0,1,0,0,0,2047,0.00010235000000000001,512,0.00020480000000000002,13,5.2e-06,0.00031235000000000003,3.883347272872925
BenchmarkTest01314.java,0,CWE-89,CWE-89,1,0,1,0,0,0,1,0,0,0,2017,0.00010085000000000001,384,0.00015360000000000002,13,5.2e-06,0.00025965000000000005,3.000863790512085
BenchmarkTest01315.java,0,CWE-89,CWE-89,1,1,0,1,0,0,0,0,1,0,2024,0.00010120000000000001,640,0.000256,12,4.800000000000001e-06,0.000362,4.631882905960083
BenchmarkTest01316.java,0,CWE-643,CWE-643,1,0,1,0,0,0,1,0,0,0,2083,0.00010415000000000001,640,0.000256,13,5.2e-06,0.00036535,4.019635438919067
BenchmarkTest01317.java,0,CWE-327,CWE-327,1,0,1,0,0,0,1,0,0,0,2750,0.0001375,320,0.000128,13,5.2e-06,0.0002707,2.7471256256103516
BenchmarkTest01318.java,0,CWE-327,CWE-327,1,0,1,0,0,0,1,0,0,0,2921,0.00014605,384,0.00015360000000000002,13,5.2e-06,0.00030485000000000006,2.717805862426758
BenchmarkTest01319.java,0,CWE-327,,,,0,0,1,0,0,0,1,0,,,,,,,,
BenchmarkTest01320.java,0,CWE-327,CWE-327,1,0,1,0,0,0,1,0,0,0,2792,0.0001396,320,0.000128,13,5.2e-06,0.0002728,2.470609426498413
BenchmarkTest01321.java,0,CWE-327,,,,0,0,1,0,0,0,1,0,,,,,,,,
BenchmarkTest01322.java,0,CWE-327,CWE-327,1,0,1,0,0,0,1,0,0,0,2391,0.00011955,640,0.000256,13,5.2e-06,0.00038075,5.699463367462158
BenchmarkTest01323.java,0,CWE-327,CWE-327,1,0,1,0,0,0,1,0,0,0,2481,0.00012405,448,0.00017920000000000002,13,5.2e-06,0.00030845000000000004,3.0877885818481445
BenchmarkTest01324.java,0,CWE-327,,,,0,0,1,0,0,0,1,0,,,,,,,,
BenchmarkTest01325.java,0,CWE-327,CWE-327,1,0,1,0,0,0,1,0,0,0,2501,0.00012505,1024,0.00040960000000000004,13,5.2e-06,0.00053985,7.2542150020599365
BenchmarkTest01326.java,0,CWE-90,CWE-90,1,0,1,0,0,0,1,0,0,0,2356,0.00011780000000000002,1024,0.00040960000000000004,13,5.2e-06,0.0005326,5.749865531921387
BenchmarkTest01327.java,0,CWE-90,CWE-90,1,1,0,1,0,0,0,0,1,0,2411,0.00012055000000000002,1664,0.0006656,12,4.800000000000001e-06,0.00079095,10.618537664413452
BenchmarkTest01328.java,0,CWE-22,CWE-23,0,0,0,1,0,0,0,1,0,0,2691,0.00013455000000000002,2112,0.0008448,14,5.600000000000001e-06,0.00098495,13.109155893325806
BenchmarkTest01329.java,0,CWE-22,CWE-23,0,0,1,0,0,0,1,0,0,0,2532,0.00012660000000000001,960,0.000384,13,5.2e-06,0.0005158000000000001,7.9703874588012695
BenchmarkTest01330.java,0,CWE-22,CWE-23,0,0,1,0,0,0,1,0,0,0,2397,0.00011985000000000001,448,0.00017920000000000002,13,5.2e-06,0.00030425000000000005,2.8581490516662598
BenchmarkTest01331.java,0,CWE-22,CWE-23,0,1,0,1,0,0,0,0,1,0,2427,0.00012135000000000001,832,0.0003328,12,4.800000000000001e-06,0.00045895,9.533566236495972
BenchmarkTest01332.java,0,CWE-328,,,,0,0,1,0,0,0,1,0,,,,,,,,
BenchmarkTest01333.java,0,CWE-328,CWE-916,0,0,1,0,0,0,1,0,0,0,2328,0.00011640000000000001,576,0.00023040000000000002,13,5.2e-06,0.00035200000000000005,5.5183775424957275
BenchmarkTest01334.java,0,CWE-328,CWE-916,0,0,1,0,0,0,1,0,0,0,2378,0.0001189,704,0.0002816,13,5.2e-06,0.00040570000000000005,5.429737329483032
BenchmarkTest01335.java,0,CWE-79,CWE-79,1,0,1,0,0,0,1,0,0,0,2564,0.00012820000000000003,512,0.00020480000000000002,13,5.2e-06,0.0003382000000000001,4.53299355506897
BenchmarkTest01336.java,0,CWE-79,CWE-79,1,1,0,1,0,0,0,0,1,0,2459,0.00012295,704,0.0002816,12,4.800000000000001e-06,0.00040935000000000006,5.187474012374878
BenchmarkTest01337.java,0,CWE-79,CWE-79,1,0,1,0,0,0,1,0,0,0,2446,0.00012230000000000002,1536,0.0006144000000000001,13,5.2e-06,0.0007419000000000001,7.046608924865723
BenchmarkTest01338.java,0,CWE-79,CWE-79,1,1,0,1,0,0,0,0,1,0,2485,0.00012425,512,0.00020480000000000002,12,4.800000000000001e-06,0.00033385,2.865251302719116
BenchmarkTest01339.java,0,CWE-79,CWE-79,1,1,0,1,0,0,0,0,1,0,2421,0.00012105000000000002,512,0.00020480000000000002,12,4.800000000000001e-06,0.00033065000000000004,3.2881226539611816
BenchmarkTest01340.java,0,CWE-79,CWE-79,1,1,0,1,0,0,0,0,1,0,2510,0.0001255,576,0.00023040000000000002,12,4.800000000000001e-06,0.00036070000000000004,3.91444730758667
BenchmarkTest01341.java,0,CWE-79,CWE-79,1,1,0,1,0,0,0,0,1,0,2686,0.0001343,1088,0.00043520000000000006,12,4.800000000000001e-06,0.0005743000000000001,8.01685357093811
BenchmarkTest01342.java,0,CWE-79,CWE-79,1,1,0,1,0,0,0,0,1,0,2445,0.00012225,704,0.0002816,12,4.800000000000001e-06,0.00040865,4.375013589859009
BenchmarkTest01343.java,0,CWE-79,CWE-79,1,1,0,1,0,0,0,0,1,0,2495,0.00012475,640,0.000256,12,4.800000000000001e-06,0.00038555,4.015831470489502
BenchmarkTest01344.java,0,CWE-79,CWE-79,1,0,0,1,0,0,0,1,0,0,2518,0.0001259,1600,0.00064,13,5.2e-06,0.0007711,8.057074308395386
BenchmarkTest01345.java,0,CWE-79,CWE-79,1,1,0,1,0,0,0,0,1,0,2445,0.00012225,448,0.00017920000000000002,12,4.800000000000001e-06,0.00030625,3.1449174880981445
BenchmarkTest01346.java,0,CWE-79,CWE-79,1,0,1,0,0,0,1,0,0,0,2505,0.00012525,576,0.00023040000000000002,13,5.2e-06,0.00036085,3.5620129108428955
BenchmarkTest01347.java,0,CWE-79,CWE-79,1,0,1,0,0,0,1,0,0,0,2630,0.0001315,1600,0.00064,13,5.2e-06,0.0007767000000000001,8.508668899536133
BenchmarkTest01348.java,0,CWE-79,CWE-79,1,1,0,1,0,0,0,0,1,0,2418,0.00012090000000000001,448,0.00017920000000000002,12,4.800000000000001e-06,0.00030490000000000004,3.8810768127441406
BenchmarkTest01349.java,0,CWE-79,CWE-79,1,0,1,0,0,0,1,0,0,0,2436,0.0001218,448,0.00017920000000000002,13,5.2e-06,0.00030620000000000007,3.346266508102417
BenchmarkTest01350.java,0,CWE-79,CWE-79,1,0,1,0,0,0,1,0,0,0,2467,0.00012335000000000002,576,0.00023040000000000002,13,5.2e-06,0.00035895,4.1582114696502686
BenchmarkTest01351.java,0,CWE-79,CWE-79,1,1,0,1,0,0,0,0,1,0,2452,0.0001226,576,0.00023040000000000002,12,4.800000000000001e-06,0.0003578,3.3176286220550537
BenchmarkTest01352.java,0,CWE-79,CWE-79,1,1,0,1,0,0,0,0,1,0,2421,0.00012105000000000002,448,0.00017920000000000002,12,4.800000000000001e-06,0.00030505000000000007,3.3158621788024902
BenchmarkTest01353.java,0,CWE-78,CWE-78,1,1,0,1,0,0,0,0,1,0,2196,0.00010980000000000001,640,0.000256,12,4.800000000000001e-06,0.0003706,3.179410219192505
BenchmarkTest01354.java,0,CWE-330,CWE-330,1,0,1,0,0,0,1,0,0,0,2403,0.00012015,960,0.000384,13,5.2e-06,0.00050935,5.258737325668335
BenchmarkTest01355.java,0,CWE-330,CWE-330,1,0,1,0,0,0,1,0,0,0,2401,0.00012005000000000002,576,0.00023040000000000002,13,5.2e-06,0.00035565000000000005,4.47981071472168
BenchmarkTest01356.java,0,CWE-330,CWE-330,1,0,1,0,0,0,1,0,0,0,2421,0.00012105000000000002,448,0.00017920000000000002,13,5.2e-06,0.0003054500000000001,2.92824125289917
BenchmarkTest01357.java,0,CWE-330,CWE-330,1,0,1,0,0,0,1,0,0,0,2411,0.00012055000000000002,448,0.00017920000000000002,13,5.2e-06,0.00030495000000000007,2.846707820892334
BenchmarkTest01358.java,0,CWE-330,CWE-330,1,0,1,0,0,0,1,0,0,0,2431,0.00012155000000000001,768,0.00030720000000000004,13,5.2e-06,0.00043395000000000006,5.113847255706787
BenchmarkTest01359.java,0,CWE-614,,,,0,0,1,0,0,0,1,0,,,,,,,,
BenchmarkTest01360.java,0,CWE-78,CWE-78,1,0,1,0,0,0,1,0,0,0,2176,0.00010880000000000002,896,0.00035840000000000004,13,5.2e-06,0.0004724000000000001,7.75528883934021
BenchmarkTest01361.java,0,CWE-78,CWE-78,1,0,1,0,0,0,1,0,0,0,2022,0.0001011,960,0.000384,13,5.2e-06,0.0004903,6.891561269760132
BenchmarkTest01362.java,0,CWE-78,CWE-78,1,0,1,0,0,0,1,0,0,0,2291,0.00011455,1088,0.00043520000000000006,14,5.600000000000001e-06,0.0005553500000000001,6.835169315338135
BenchmarkTest01363.java,0,CWE-78,CWE-78,1,0,1,0,0,0,1,0,0,0,2059,0.00010295000000000001,1216,0.00048640000000000006,13,5.2e-06,0.0005945500000000001,6.461423873901367
BenchmarkTest01364.java,0,CWE-78,CWE-78,1,1,0,1,0,0,0,0,1,0,2054,0.0001027,960,0.000384,12,4.800000000000001e-06,0.0004915,4.847313642501831
BenchmarkTest01365.java,0,CWE-78,CWE-78,1,1,0,1,0,0,0,0,1,0,2145,0.00010725,1024,0.00040960000000000004,12,4.800000000000001e-06,0.00052165,5.623905420303345
BenchmarkTest01366.java,0,CWE-330,,,,0,0,1,0,0,0,1,0,,,,,,,,
BenchmarkTest01367.java,0,CWE-330,,,,0,0,1,0,0,0,1,0,,,,,,,,
BenchmarkTest01368.java,0,CWE-330,,,,0,0,1,0,0,0,1,0,,,,,,,,
BenchmarkTest01369.java,0,CWE-330,,,,0,0,1,0,0,0,1,0,,,,,,,,
BenchmarkTest01370.java,0,CWE-330,,,,0,0,1,0,0,0,1,0,,,,,,,,
BenchmarkTest01371.java,0,CWE-330,,,,0,0,1,0,0,0,1,0,,,,,,,,
BenchmarkTest01372.java,0,CWE-330,,,,0,0,1,0,0,0,1,0,,,,,,,,
BenchmarkTest01373.java,0,CWE-330,,,,0,0,1,0,0,0,1,0,,,,,,,,
BenchmarkTest01378.java,0,CWE-89,CWE-89,1,1,0,1,0,0,0,0,1,0,2283,0.00011415000000000001,1088,0.00043520000000000006,12,4.800000000000001e-06,0.0005541500000000001,5.62189245223999
BenchmarkTest01379.java,0,CWE-89,CWE-89,1,0,1,0,0,0,1,0,0,0,2124,0.0001062,1152,0.00046080000000000003,13,5.2e-06,0.0005722,6.959200143814087
BenchmarkTest01380.java,0,CWE-89,CWE-89,1,1,0,1,0,0,0,0,1,0,2092,0.00010460000000000001,1600,0.00064,12,4.800000000000001e-06,0.0007494000000000001,11.31263017654419
BenchmarkTest01381.java,0,CWE-89,CWE-89,1,0,1,0,0,0,1,0,0,0,2072,0.00010360000000000001,576,0.00023040000000000002,14,5.600000000000001e-06,0.0003396,3.899568557739258
BenchmarkTest01382.java,0,CWE-89,CWE-89,1,0,1,0,0,0,1,0,0,0,2076,0.00010380000000000002,704,0.0002816,14,5.600000000000001e-06,0.00039100000000000007,3.6265945434570312
BenchmarkTest01383.java,0,CWE-89,CWE-89,1,0,1,0,0,0,1,0,0,0,2081,0.00010405000000000001,512,0.00020480000000000002,13,5.2e-06,0.00031405000000000007,3.000833511352539
BenchmarkTest01384.java,0,CWE-89,CWE-89,1,0,1,0,0,0,1,0,0,0,2075,0.00010375,576,0.00023040000000000002,13,5.2e-06,0.00033935000000000004,3.5331335067749023
BenchmarkTest01385.java,0,CWE-89,CWE-89,1,0,0,1,0,0,0,1,0,0,2135,0.00010675,320,0.000128,13,5.2e-06,0.00023994999999999998,2.116448402404785
BenchmarkTest01386.java,0,CWE-89,,,,0,0,1,0,0,0,1,0,,,,,,,,
BenchmarkTest01387.java,0,CWE-89,,,,0,0,1,0,0,0,1,0,,,,,,,,
BenchmarkTest01388.java,0,CWE-89,,,,0,0,0,1,0,0,0,1,,,,,,,,
BenchmarkTest01389.java,0,CWE-89,,,,0,0,1,0,0,0,1,0,,,,,,,,
BenchmarkTest01390.java,0,CWE-89,,,,0,0,0,1,0,0,0,1,,,,,,,,
BenchmarkTest01391.java,0,CWE-89,CWE-89,1,0,1,0,0,0,1,0,0,0,2106,0.00010530000000000001,320,0.000128,13,5.2e-06,0.0002385,2.350769519805908
BenchmarkTest01392.java,0,CWE-89,CWE-89,1,1,0,1,0,0,0,0,1,0,2055,0.00010275,1472,0.0005888000000000001,12,4.800000000000001e-06,0.0006963500000000001,7.536747217178345
BenchmarkTest01393.java,0,CWE-89,CWE-89,1,1,0,1,0,0,0,0,1,0,2260,0.000113,1024,0.00040960000000000004,12,4.800000000000001e-06,0.0005274,6.000956773757935
BenchmarkTest01394.java,0,CWE-89,CWE-89,1,0,1,0,0,0,1,0,0,0,2125,0.00010625,320,0.000128,13,5.2e-06,0.00023944999999999997,2.1135284900665283
BenchmarkTest01395.java,0,CWE-89,CWE-89,1,0,1,0,0,0,1,0,0,0,2055,0.00010275,576,0.00023040000000000002,13,5.2e-06,0.00033835000000000007,2.9451797008514404
BenchmarkTest01396.java,0,CWE-89,CWE-89,1,0,1,0,0,0,1,0,0,0,2052,0.00010260000000000001,448,0.00017920000000000002,13,5.2e-06,0.00028700000000000004,2.8914685249328613
BenchmarkTest01397.java,0,CWE-643,CWE-643,1,1,0,1,0,0,0,0,1,0,2118,0.0001059,512,0.00020480000000000002,12,4.800000000000001e-06,0.0003155,3.9879326820373535
BenchmarkTest01398.java,0,CWE-327,CWE-327,1,0,1,0,0,0,1,0,0,0,3048,0.00015240000000000002,640,0.000256,13,5.2e-06,0.0004136,4.460787057876587
BenchmarkTest01399.java,0,CWE-327,,,,0,0,1,0,0,0,1,0,,,,,,,,
BenchmarkTest01400.java,0,CWE-327,,,,0,0,1,0,0,0,1,0,,,,,,,,
BenchmarkTest01401.java,0,CWE-327,,,,0,0,1,0,0,0,1,0,,,,,,,,
BenchmarkTest01402.java,0,CWE-90,CWE-90,1,1,0,1,0,0,0,0,1,0,2404,0.00012020000000000001,768,0.00030720000000000004,12,4.800000000000001e-06,0.00043220000000000004,4.394391775131226
BenchmarkTest01403.java,0,CWE-22,CWE-23,0,0,1,0,0,0,1,0,0,0,2427,0.00012135000000000001,1600,0.00064,13,5.2e-06,0.0007665500000000001,7.826602458953857
BenchmarkTest01404.java,0,CWE-22,CWE-23,0,1,0,1,0,0,0,0,1,0,2622,0.0001311,1792,0.0007168000000000001,12,4.800000000000001e-06,0.0008527000000000001,7.853085041046143
BenchmarkTest01405.java,0,CWE-22,CWE-23,0,0,1,0,0,0,1,0,0,0,2547,0.00012735,1216,0.00048640000000000006,13,5.2e-06,0.0006189500000000001,6.709394216537476
BenchmarkTest01406.java,0,CWE-22,CWE-23,0,1,0,1,0,0,0,0,1,0,2566,0.0001283,704,0.0002816,12,4.800000000000001e-06,0.00041470000000000005,4.4066057205200195
BenchmarkTest01407.java,0,CWE-22,CWE-23,0,1,0,1,0,0,0,0,1,0,2427,0.00012135000000000001,1152,0.00046080000000000003,12,4.800000000000001e-06,0.00058695,5.883290767669678
BenchmarkTest01408.java,0,CWE-22,CWE-23,0,0,1,0,0,0,1,0,0,0,2455,0.00012275,1216,0.00048640000000000006,13,5.2e-06,0.00061435,6.120420455932617
BenchmarkTest01409.java,0,CWE-22,CWE-23,0,1,0,1,0,0,0,0,1,0,2648,0.0001324,960,0.000384,12,4.800000000000001e-06,0.0005212,5.1100475788116455
BenchmarkTest01410.java,0,CWE-328,,,,0,0,1,0,0,0,1,0,,,,,,,,
BenchmarkTest01411.java,0,CWE-328,CWE-916,0,0,1,0,0,0,1,0,0,0,2482,0.0001241,1600,0.00064,14,5.600000000000001e-06,0.0007697000000000001,7.3660054206848145
BenchmarkTest01412.java,0,CWE-328,,,,0,0,1,0,0,0,1,0,,,,,,,,
BenchmarkTest01413.java,0,CWE-328,,,,0,0,1,0,0,0,1,0,,,,,,,,
BenchmarkTest01414.java,0,CWE-328,,,,0,0,0,1,0,0,0,1,,,,,,,,
BenchmarkTest01415.java,0,CWE-328,,,,0,0,0,1,0,0,0,1,,,,,,,,
BenchmarkTest01416.java,0,CWE-328,,,,0,0,0,1,0,0,0,1,,,,,,,,
BenchmarkTest01417.java,0,CWE-79,CWE-79,1,0,1,0,0,0,1,0,0,0,2548,0.0001274,1728,0.0006912,17,6.800000000000001e-06,0.0008254,8.37338924407959
BenchmarkTest01418.java,0,CWE-79,CWE-79,1,0,1,0,0,0,1,0,0,0,2545,0.00012725,2240,0.000896,13,5.2e-06,0.00102845,194.28543829917908
BenchmarkTest01419.java,0,CWE-79,CWE-79,1,1,0,1,0,0,0,0,1,0,2539,0.00012695,576,0.00023040000000000002,12,4.800000000000001e-06,0.00036215,3.6052496433258057
BenchmarkTest01420.java,0,CWE-79,CWE-79,1,1,0,1,0,0,0,0,1,0,2493,0.00012465,1216,0.00048640000000000006,12,4.800000000000001e-06,0.00061585,6.9019739627838135
BenchmarkTest01421.java,0,CWE-79,CWE-79,1,1,0,1,0,0,0,0,1,0,2539,0.00012695,1088,0.00043520000000000006,12,4.800000000000001e-06,0.0005669500000000001,5.256378173828125
BenchmarkTest01422.java,0,CWE-79,CWE-79,1,1,0,1,0,0,0,0,1,0,2600,0.00013,768,0.00030720000000000004,12,4.800000000000001e-06,0.000442,5.636664628982544
BenchmarkTest01423.java,0,CWE-79,CWE-79,1,0,1,0,0,0,1,0,0,0,2500,0.000125,1408,0.0005632,14,5.600000000000001e-06,0.0006938000000000001,7.127389192581177
BenchmarkTest01424.java,0,CWE-79,CWE-79,1,0,1,0,0,0,1,0,0,0,2528,0.0001264,896,0.00035840000000000004,13,5.2e-06,0.0004900000000000001,5.674852132797241
BenchmarkTest01425.java,0,CWE-79,CWE-79,1,1,0,1,0,0,0,0,1,0,2562,0.0001281,768,0.00030720000000000004,12,4.800000000000001e-06,0.0004401,4.5740578174591064
BenchmarkTest01426.java,0,CWE-79,CWE-79,1,0,1,0,0,0,1,0,0,0,2569,0.00012845,1216,0.00048640000000000006,13,5.2e-06,0.0006200500000000001,6.196297883987427
BenchmarkTest01427.java,0,CWE-79,CWE-79,1,0,1,0,0,0,1,0,0,0,2477,0.00012385,960,0.000384,14,5.600000000000001e-06,0.00051345,4.605740308761597
BenchmarkTest01428.java,0,CWE-79,CWE-79,1,0,1,0,0,0,1,0,0,0,2483,0.00012415,1280,0.000512,13,5.2e-06,0.0006413500000000001,5.82541823387146
BenchmarkTest01429.java,0,CWE-79,CWE-79,1,0,1,0,0,0,1,0,0,0,2572,0.00012859999999999998,1216,0.00048640000000000006,14,5.600000000000001e-06,0.0006206000000000001,5.6649391651153564
BenchmarkTest01430.java,0,CWE-78,CWE-78,1,0,1,0,0,0,1,0,0,0,2230,0.0001115,1472,0.0005888000000000001,13,5.2e-06,0.0007055000000000001,7.467357158660889
BenchmarkTest01431.java,0,CWE-330,CWE-330,1,0,1,0,0,0,1,0,0,0,2447,0.00012235000000000002,896,0.00035840000000000004,13,5.2e-06,0.0004859500000000001,4.3833513259887695
BenchmarkTest01432.java,0,CWE-330,CWE-330,1,0,1,0,0,0,1,0,0,0,2506,0.0001253,384,0.00015360000000000002,13,5.2e-06,0.0002841,2.9975790977478027
BenchmarkTest01433.java,0,CWE-330,CWE-330,1,0,1,0,0,0,1,0,0,0,2465,0.00012325,1536,0.0006144000000000001,13,5.2e-06,0.0007428500000000001,9.115190267562866
BenchmarkTest01434.java,0,CWE-330,CWE-330,1,0,1,0,0,0,1,0,0,0,2461,0.00012305,576,0.00023040000000000002,13,5.2e-06,0.00035865000000000007,3.2522671222686768
BenchmarkTest01435.java,0,CWE-330,CWE-330,1,0,1,0,0,0,1,0,0,0,2442,0.0001221,320,0.000128,13,5.2e-06,0.0002553,3.208061933517456
BenchmarkTest01436.java,0,CWE-614,,,,0,0,1,0,0,0,1,0,,,,,,,,
BenchmarkTest01437.java,0,CWE-79,CWE-79,1,0,1,0,0,0,1,0,0,0,2551,0.00012755,2240,0.000896,13,5.2e-06,0.00102875,9.803881168365479
BenchmarkTest01438.java,0,CWE-79,CWE-79,1,0,1,0,0,0,1,0,0,0,2703,0.00013515,2880,0.001152,13,5.2e-06,0.0012923499999999998,15.944543600082397
BenchmarkTest01439.java,0,CWE-79,CWE-79,1,1,0,1,0,0,0,0,1,0,2586,0.0001293,640,0.000256,12,4.800000000000001e-06,0.0003901,3.3041539192199707
BenchmarkTest01440.java,0,CWE-78,CWE-78,1,1,0,1,0,0,0,0,1,0,2177,0.00010885,832,0.0003328,12,4.800000000000001e-06,0.00044645000000000004,4.726206541061401
BenchmarkTest01441.java,0,CWE-78,CWE-78,1,0,1,0,0,0,1,0,0,0,2275,0.00011375,1984,0.0007936,13,5.2e-06,0.00091255,9.114052772521973
BenchmarkTest01442.java,0,CWE-78,CWE-78,1,0,1,0,0,0,1,0,0,0,2184,0.0001092,3712,0.0014848,14,5.600000000000001e-06,0.0015996,15.334182262420654
BenchmarkTest01443.java,0,CWE-78,CWE-78,1,1,0,1,0,0,0,0,1,0,2191,0.00010955,1216,0.00048640000000000006,12,4.800000000000001e-06,0.00060075,7.075875759124756
BenchmarkTest01444.java,0,CWE-78,CWE-78,1,1,0,1,0,0,0,0,1,0,2148,0.00010740000000000001,1344,0.0005376000000000001,12,4.800000000000001e-06,0.0006498000000000001,6.655369758605957
BenchmarkTest01445.java,0,CWE-78,CWE-78,1,1,0,1,0,0,0,0,1,0,2181,0.00010905000000000001,1152,0.00046080000000000003,12,4.800000000000001e-06,0.00057465,6.508018255233765
BenchmarkTest01446.java,0,CWE-78,CWE-78,1,0,1,0,0,0,1,0,0,0,2217,0.00011085000000000001,2176,0.0008704000000000001,13,5.2e-06,0.00098645,10.64205002784729
BenchmarkTest01447.java,0,CWE-330,,,,0,0,1,0,0,0,1,0,,,,,,,,
BenchmarkTest01448.java,0,CWE-330,,,,0,0,1,0,0,0,1,0,,,,,,,,
BenchmarkTest01449.java,0,CWE-330,CWE-330,1,0,0,1,0,0,0,1,0,0,2573,0.00012865,2432,0.0009728000000000001,13,5.2e-06,0.00110665,11.413057327270508
BenchmarkTest01450.java,0,CWE-330,,,,0,0,1,0,0,0,1,0,,,,,,,,
BenchmarkTest01451.java,0,CWE-330,,,,0,0,1,0,0,0,1,0,,,,,,,,
BenchmarkTest01452.java,0,CWE-330,,,,0,0,1,0,0,0,1,0,,,,,,,,
BenchmarkTest01453.java,0,CWE-330,,,,0,0,1,0,0,0,1,0,,,,,,,,
BenchmarkTest01459.java,0,CWE-89,CWE-89,1,1,0,1,0,0,0,0,1,0,2161,0.00010805000000000001,1280,0.000512,12,4.800000000000001e-06,0.00062485,7.099703073501587
BenchmarkTest01460.java,0,CWE-89,CWE-89,1,0,1,0,0,0,1,0,0,0,2196,0.00010980000000000001,1024,0.00040960000000000004,13,5.2e-06,0.0005246000000000001,5.607975721359253
BenchmarkTest01461.java,0,CWE-89,CWE-89,1,1,0,1,0,0,0,0,1,0,2211,0.00011055000000000002,768,0.00030720000000000004,12,4.800000000000001e-06,0.00042255000000000005,3.9365944862365723
BenchmarkTest01462.java,0,CWE-89,CWE-89,1,1,1,0,0,0,0,0,0,1,2126,0.00010630000000000001,2304,0.0009216000000000001,12,4.800000000000001e-06,0.0010327,16.761659860610962
BenchmarkTest01463.java,0,CWE-89,CWE-89,1,0,1,0,0,0,1,0,0,0,2157,0.00010785,1344,0.0005376000000000001,13,5.2e-06,0.0006506500000000001,6.135478496551514
BenchmarkTest01464.java,0,CWE-89,CWE-89,1,0,1,0,0,0,1,0,0,0,2228,0.00011140000000000001,1152,0.00046080000000000003,13,5.2e-06,0.0005774,6.370835304260254
BenchmarkTest01465.java,0,CWE-89,,,,0,0,0,1,0,0,0,1,,,,,,,,
BenchmarkTest01466.java,0,CWE-89,CWE-89,1,0,1,0,0,0,1,0,0,0,2336,0.0001168,1600,0.00064,13,5.2e-06,0.0007620000000000001,6.87492299079895
BenchmarkTest01467.java,0,CWE-89,,,,0,0,1,0,0,0,1,0,,,,,,,,
BenchmarkTest01468.java,0,CWE-89,,,,0,0,1,0,0,0,1,0,,,,,,,,
BenchmarkTest01469.java,0,CWE-89,,,,0,0,1,0,0,0,1,0,,,,,,,,
BenchmarkTest01470.java,0,CWE-89,,,,0,0,0,1,0,0,0,1,,,,,,,,
BenchmarkTest01471.java,0,CWE-89,CWE-89,1,0,1,0,0,0,1,0,0,0,2193,0.00010965000000000001,2368,0.0009472,13,5.2e-06,0.00106205,12.585943460464478
BenchmarkTest01472.java,0,CWE-89,CWE-89,1,1,0,1,0,0,0,0,1,0,2325,0.00011625,1024,0.00040960000000000004,12,4.800000000000001e-06,0.00053065,7.560086250305176
BenchmarkTest01473.java,0,CWE-89,CWE-89,1,0,1,0,0,0,1,0,0,0,2118,0.0001059,448,0.00017920000000000002,13,5.2e-06,0.00029030000000000006,2.579545736312866
BenchmarkTest01474.java,0,CWE-89,CWE-89,1,0,1,0,0,0,1,0,0,0,2141,0.00010705000000000001,1344,0.0005376000000000001,13,5.2e-06,0.0006498500000000001,6.516915321350098
BenchmarkTest01475.java,0,CWE-89,CWE-89,1,0,1,0,0,0,1,0,0,0,2119,0.00010595,640,0.000256,13,5.2e-06,0.00036715,5.461095571517944
BenchmarkTest01476.java,0,CWE-89,CWE-89,1,0,1,0,0,0,1,0,0,0,2124,0.0001062,192,7.680000000000001e-05,13,5.2e-06,0.0001882,2.086327075958252
BenchmarkTest01477.java,0,CWE-89,CWE-89,1,0,1,0,0,0,1,0,0,0,2185,0.00010925,512,0.00020480000000000002,13,5.2e-06,0.00031925000000000004,3.0370709896087646
BenchmarkTest01478.java,0,CWE-643,CWE-643,1,0,1,0,0,0,1,0,0,0,2263,0.00011315,576,0.00023040000000000002,13,5.2e-06,0.00034875000000000005,4.5317771434783936
BenchmarkTest01479.java,0,CWE-643,CWE-643,1,1,0,1,0,0,0,0,1,0,2274,0.0001137,1152,0.00046080000000000003,12,4.800000000000001e-06,0.0005793,6.486294984817505
BenchmarkTest01480.java,0,CWE-327,CWE-327,1,0,1,0,0,0,1,0,0,0,2900,0.000145,384,0.00015360000000000002,13,5.2e-06,0.0003038,3.1258461475372314
BenchmarkTest01481.java,0,CWE-327,,,,0,0,1,0,0,0,1,0,,,,,,,,
BenchmarkTest01482.java,0,CWE-327,,,,0,0,1,0,0,0,1,0,,,,,,,,
BenchmarkTest01483.java,0,CWE-327,CWE-327,1,0,1,0,0,0,1,0,0,0,2807,0.00014035,256,0.00010240000000000001,13,5.2e-06,0.00024795000000000004,2.7690916061401367
BenchmarkTest01484.java,0,CWE-327,CWE-327,1,0,1,0,0,0,1,0,0,0,2754,0.0001377,448,0.00017920000000000002,13,5.2e-06,0.0003221000000000001,2.7946348190307617
BenchmarkTest01485.java,0,CWE-327,,,,0,0,1,0,0,0,1,0,,,,,,,,
BenchmarkTest01486.java,0,CWE-327,CWE-327,1,0,1,0,0,0,1,0,0,0,2416,0.00012080000000000001,576,0.00023040000000000002,13,5.2e-06,0.00035640000000000004,4.503101110458374
BenchmarkTest01487.java,0,CWE-327,,,,0,0,1,0,0,0,1,0,,,,,,,,
BenchmarkTest01488.java,0,CWE-327,,,,0,0,1,0,0,0,1,0,,,,,,,,
BenchmarkTest01489.java,0,CWE-327,CWE-327,1,0,1,0,0,0,1,0,0,0,2401,0.00012005000000000002,576,0.00023040000000000002,13,5.2e-06,0.00035565000000000005,3.110046148300171
BenchmarkTest01490.java,0,CWE-90,,,,0,0,0,1,0,0,0,1,,,,,,,,
BenchmarkTest01491.java,0,CWE-90,,,,0,0,1,0,0,0,1,0,,,,,,,,
BenchmarkTest01492.java,0,CWE-90,,,,0,0,1,0,0,0,1,0,,,,,,,,
BenchmarkTest01493.java,0,CWE-22,,,,0,0,1,0,0,0,1,0,,,,,,,,
BenchmarkTest01494.java,0,CWE-22,,,,0,0,0,1,0,0,0,1,,,,,,,,
BenchmarkTest01495.java,0,CWE-22,,,,0,0,0,1,0,0,0,1,,,,,,,,
BenchmarkTest01496.java,0,CWE-22,,,,0,0,0,1,0,0,0,1,,,,,,,,
BenchmarkTest01497.java,0,CWE-22,,,,0,0,0,1,0,0,0,1,,,,,,,,
BenchmarkTest01498.java,0,CWE-22,,,,0,0,0,1,0,0,0,1,,,,,,,,
BenchmarkTest01499.java,0,CWE-22,,,,0,0,1,0,0,0,1,0,,,,,,,,
BenchmarkTest01500.java,0,CWE-22,,,,0,0,0,1,0,0,0,1,,,,,,,,
BenchmarkTest01501.java,0,CWE-90,,,,0,0,0,1,0,0,0,1,,,,,,,,
BenchmarkTest01502.java,0,CWE-330,CWE-330,1,0,1,0,0,0,1,0,0,0,2609,0.00013045000000000003,320,0.000128,13,5.2e-06,0.00026365000000000004,2.0620028972625732
BenchmarkTest01503.java,0,CWE-328,CWE-916,0,0,1,0,0,0,1,0,0,0,2507,0.00012535,640,0.000256,13,5.2e-06,0.00038655000000000004,3.958794593811035
BenchmarkTest01504.java,0,CWE-328,CWE-916,0,0,1,0,0,0,1,0,0,0,2333,0.00011665,512,0.00020480000000000002,13,5.2e-06,0.00032665000000000005,4.6552886962890625
BenchmarkTest01505.java,0,CWE-79,,,,0,0,0,1,0,0,0,1,,,,,,,,
BenchmarkTest01506.java,0,CWE-79,,,,0,0,0,1,0,0,0,1,,,,,,,,
BenchmarkTest01507.java,0,CWE-79,,,,0,0,0,1,0,0,0,1,,,,,,,,
BenchmarkTest01508.java,0,CWE-79,,,,0,0,1,0,0,0,1,0,,,,,,,,
BenchmarkTest01509.java,0,CWE-79,,,,0,0,0,1,0,0,0,1,,,,,,,,
BenchmarkTest01510.java,0,CWE-79,,,,0,0,0,1,0,0,0,1,,,,,,,,
BenchmarkTest01511.java,0,CWE-79,,,,0,0,0,1,0,0,0,1,,,,,,,,
BenchmarkTest01512.java,0,CWE-79,,,,0,0,0,1,0,0,0,1,,,,,,,,
BenchmarkTest01513.java,0,CWE-79,,,,0,0,1,0,0,0,1,0,,,,,,,,
BenchmarkTest01514.java,0,CWE-79,,,,0,0,1,0,0,0,1,0,,,,,,,,
BenchmarkTest01515.java,0,CWE-79,,,,0,0,1,0,0,0,1,0,,,,,,,,
BenchmarkTest01516.java,0,CWE-78,,,,0,0,1,0,0,0,1,0,,,,,,,,
BenchmarkTest01517.java,0,CWE-78,,,,0,0,0,1,0,0,0,1,,,,,,,,
BenchmarkTest01518.java,0,CWE-330,CWE-330,1,0,1,0,0,0,1,0,0,0,2599,0.00012995000000000001,576,0.00023040000000000002,13,5.2e-06,0.0003655500000000001,3.5799145698547363
BenchmarkTest01519.java,0,CWE-330,CWE-330,1,0,1,0,0,0,1,0,0,0,2440,0.000122,448,0.00017920000000000002,13,5.2e-06,0.0003064,4.496273517608643
BenchmarkTest01520.java,0,CWE-330,CWE-330,1,0,1,0,0,0,1,0,0,0,2454,0.0001227,384,0.00015360000000000002,13,5.2e-06,0.00028150000000000007,2.632277488708496
BenchmarkTest01521.java,0,CWE-614,CWE-614,1,0,1,0,0,0,1,0,0,0,2155,0.00010775,576,0.00023040000000000002,13,5.2e-06,0.00034335,3.3908791542053223
BenchmarkTest01522.java,0,CWE-614,,,,0,0,1,0,0,0,1,0,,,,,,,,
BenchmarkTest01523.java,0,CWE-614,,,,0,0,1,0,0,0,1,0,,,,,,,,
BenchmarkTest01524.java,0,CWE-614,,,,0,0,1,0,0,0,1,0,,,,,,,,
BenchmarkTest01525.java,0,CWE-79,,,,0,0,0,1,0,0,0,1,,,,,,,,
BenchmarkTest01526.java,0,CWE-78,,,,0,0,1,0,0,0,1,0,,,,,,,,
BenchmarkTest01527.java,0,CWE-78,,,,0,0,1,0,0,0,1,0,,,,,,,,
BenchmarkTest01528.java,0,CWE-78,,,,0,0,1,0,0,0,1,0,,,,,,,,
BenchmarkTest01529.java,0,CWE-78,,,,0,0,1,0,0,0,1,0,,,,,,,,
BenchmarkTest01530.java,0,CWE-78,,,,0,0,1,0,0,0,1,0,,,,,,,,
BenchmarkTest01531.java,0,CWE-78,,,,0,0,0,1,0,0,0,1,,,,,,,,
BenchmarkTest01532.java,0,CWE-78,,,,0,0,1,0,0,0,1,0,,,,,,,,
BenchmarkTest01533.java,0,CWE-78,,,,0,0,0,1,0,0,0,1,,,,,,,,
BenchmarkTest01534.java,0,CWE-330,,,,0,0,1,0,0,0,1,0,,,,,,,,
BenchmarkTest01535.java,0,CWE-330,,,,0,0,1,0,0,0,1,0,,,,,,,,
BenchmarkTest01536.java,0,CWE-330,,,,0,0,1,0,0,0,1,0,,,,,,,,
BenchmarkTest01537.java,0,CWE-330,CWE-330,1,1,0,1,0,0,0,0,1,0,2554,0.00012770000000000001,1728,0.0006912,12,4.800000000000001e-06,0.0008237,7.787027835845947
BenchmarkTest01538.java,0,CWE-330,,,,0,0,1,0,0,0,1,0,,,,,,,,
BenchmarkTest01539.java,0,CWE-330,,,,0,0,1,0,0,0,1,0,,,,,,,,
BenchmarkTest01540.java,0,CWE-330,,,,0,0,1,0,0,0,1,0,,,,,,,,
BenchmarkTest01541.java,0,CWE-330,,,,0,0,1,0,0,0,1,0,,,,,,,,
BenchmarkTest01542.java,0,CWE-330,,,,0,0,1,0,0,0,1,0,,,,,,,,
BenchmarkTest01543.java,0,CWE-330,,,,0,0,1,0,0,0,1,0,,,,,,,,
BenchmarkTest01544.java,0,CWE-330,,,,0,0,1,0,0,0,1,0,,,,,,,,
BenchmarkTest01545.java,0,CWE-330,,,,0,0,1,0,0,0,1,0,,,,,,,,
BenchmarkTest01552.java,0,CWE-89,,,,0,0,0,1,0,0,0,1,,,,,,,,
BenchmarkTest01553.java,0,CWE-89,,,,0,0,1,0,0,0,1,0,,,,,,,,
BenchmarkTest01554.java,0,CWE-89,,,,0,0,0,1,0,0,0,1,,,,,,,,
BenchmarkTest01555.java,0,CWE-89,,,,0,0,1,0,0,0,1,0,,,,,,,,
BenchmarkTest01556.java,0,CWE-89,,,,0,0,1,0,0,0,1,0,,,,,,,,
BenchmarkTest01557.java,0,CWE-89,,,,0,0,0,1,0,0,0,1,,,,,,,,
BenchmarkTest01558.java,0,CWE-89,,,,0,0,0,1,0,0,0,1,,,,,,,,
BenchmarkTest01559.java,0,CWE-89,,,,0,0,0,1,0,0,0,1,,,,,,,,
BenchmarkTest01560.java,0,CWE-89,,,,0,0,0,1,0,0,0,1,,,,,,,,
BenchmarkTest01561.java,0,CWE-643,,,,0,0,0,1,0,0,0,1,,,,,,,,
BenchmarkTest01562.java,0,CWE-643,,,,0,0,1,0,0,0,1,0,,,,,,,,
BenchmarkTest01563.java,0,CWE-327,,,,0,0,1,0,0,0,1,0,,,,,,,,
BenchmarkTest01564.java,0,CWE-327,,,,0,0,1,0,0,0,1,0,,,,,,,,
BenchmarkTest01565.java,0,CWE-327,CWE-327,1,0,1,0,0,0,1,0,0,0,2390,0.0001195,320,0.000128,13,5.2e-06,0.0002527,3.799710512161255
BenchmarkTest01566.java,0,CWE-327,CWE-327,1,0,1,0,0,0,1,0,0,0,2428,0.00012140000000000001,1280,0.000512,13,5.2e-06,0.0006386,7.288456201553345
BenchmarkTest01567.java,0,CWE-327,,,,0,0,1,0,0,0,1,0,,,,,,,,
BenchmarkTest01568.java,0,CWE-90,CWE-90,1,0,1,0,0,0,1,0,0,0,2317,0.00011585000000000001,320,0.000128,13,5.2e-06,0.00024905,2.745783805847168
BenchmarkTest01569.java,0,CWE-90,CWE-90,1,1,0,1,0,0,0,0,1,0,2526,0.0001263,1600,0.00064,12,4.800000000000001e-06,0.0007711,12.509241819381714
BenchmarkTest01570.java,0,CWE-22,CWE-23,0,1,0,1,0,0,0,0,1,0,2352,0.00011760000000000001,768,0.00030720000000000004,12,4.800000000000001e-06,0.00042960000000000003,6.289182662963867
BenchmarkTest01571.java,0,CWE-22,CWE-23,0,0,1,0,0,0,1,0,0,0,2403,0.00012015,640,0.000256,13,5.2e-06,0.00038135,4.012967586517334
BenchmarkTest01572.java,0,CWE-22,CWE-23,0,0,1,0,0,0,1,0,0,0,2483,0.00012415,576,0.00023040000000000002,13,5.2e-06,0.00035975000000000004,6.29695987701416
BenchmarkTest01573.java,0,CWE-22,CWE-23,0,1,0,1,0,0,0,0,1,0,2524,0.0001262,640,0.000256,12,4.800000000000001e-06,0.000387,5.361438035964966
BenchmarkTest01574.java,0,CWE-22,CWE-23,0,1,0,1,0,0,0,0,1,0,2449,0.00012245,576,0.00023040000000000002,12,4.800000000000001e-06,0.00035765000000000005,4.75665020942688
BenchmarkTest01575.java,0,CWE-330,CWE-330,1,0,1,0,0,0,1,0,0,0,2462,0.0001231,448,0.00017920000000000002,13,5.2e-06,0.00030750000000000005,3.4142770767211914
BenchmarkTest01576.java,0,CWE-328,,,,0,0,1,0,0,0,1,0,,,,,,,,
BenchmarkTest01577.java,0,CWE-328,CWE-916,0,0,1,0,0,0,1,0,0,0,2310,0.0001155,960,0.000384,13,5.2e-06,0.0005047000000000001,5.041500568389893
BenchmarkTest01578.java,0,CWE-328,,,,0,0,1,0,0,0,1,0,,,,,,,,
BenchmarkTest01579.java,0,CWE-328,,,,0,0,0,1,0,0,0,1,,,,,,,,
BenchmarkTest01580.java,0,CWE-328,,,,0,0,0,1,0,0,0,1,,,,,,,,
BenchmarkTest01581.java,0,CWE-328,,,,0,0,1,0,0,0,1,0,,,,,,,,
BenchmarkTest01582.java,0,CWE-328,,,,0,0,1,0,0,0,1,0,,,,,,,,
BenchmarkTest01583.java,0,CWE-79,CWE-79,1,0,1,0,0,0,1,0,0,0,2488,0.00012440000000000002,640,0.000256,13,5.2e-06,0.00038560000000000005,4.323747158050537
BenchmarkTest01584.java,0,CWE-79,CWE-79,1,0,1,0,0,0,1,0,0,0,2448,0.0001224,1344,0.0005376000000000001,13,5.2e-06,0.0006652,6.7685980796813965
BenchmarkTest01585.java,0,CWE-79,CWE-79,1,1,0,1,0,0,0,0,1,0,2419,0.00012095,1216,0.00048640000000000006,13,5.2e-06,0.0006125500000000001,6.640576601028442
BenchmarkTest01586.java,0,CWE-79,CWE-79,1,1,0,1,0,0,0,0,1,0,2410,0.0001205,384,0.00015360000000000002,12,4.800000000000001e-06,0.0002789,3.02223801612854
BenchmarkTest01587.java,0,CWE-79,CWE-79,1,0,1,0,0,0,1,0,0,0,2444,0.00012220000000000002,1408,0.0005632,13,5.2e-06,0.0006906000000000001,7.848705530166626
BenchmarkTest01588.java,0,CWE-79,CWE-79,1,1,0,1,0,0,0,0,1,0,2450,0.0001225,896,0.00035840000000000004,12,4.800000000000001e-06,0.00048570000000000004,4.879457950592041
BenchmarkTest01589.java,0,CWE-79,CWE-79,1,0,1,0,0,0,1,0,0,0,2518,0.0001259,832,0.0003328,13,5.2e-06,0.00046390000000000005,4.9352126121521
BenchmarkTest01590.java,0,CWE-79,CWE-79,1,0,1,0,0,0,1,0,0,0,2410,0.0001205,1920,0.000768,14,5.600000000000001e-06,0.0008941,10.403038501739502
BenchmarkTest01591.java,0,CWE-79,CWE-79,1,1,0,1,0,0,0,0,1,0,2645,0.00013225,1600,0.00064,12,4.800000000000001e-06,0.00077705,8.368103504180908
BenchmarkTest01592.java,0,CWE-79,CWE-79,1,0,1,0,0,0,1,0,0,0,2426,0.00012130000000000001,448,0.00017920000000000002,13,5.2e-06,0.00030570000000000006,5.722984313964844
BenchmarkTest01593.java,0,CWE-79,CWE-79,1,1,0,1,0,0,0,0,1,0,2432,0.00012160000000000001,448,0.00017920000000000002,12,4.800000000000001e-06,0.00030560000000000006,4.168074369430542
BenchmarkTest01594.java,0,CWE-79,CWE-79,1,0,1,0,0,0,1,0,0,0,2420,0.000121,576,0.00023040000000000002,13,5.2e-06,0.00035660000000000005,5.532778263092041
BenchmarkTest01595.java,0,CWE-79,CWE-79,1,1,0,1,0,0,0,0,1,0,2409,0.00012045,1024,0.00040960000000000004,12,4.800000000000001e-06,0.00053485,7.546220302581787
BenchmarkTest01596.java,0,CWE-79,CWE-79,1,0,1,0,0,0,1,0,0,0,2442,0.0001221,576,0.00023040000000000002,13,5.2e-06,0.0003577000000000001,4.35700249671936
BenchmarkTest01597.java,0,CWE-79,CWE-79,1,0,1,0,0,0,1,0,0,0,2451,0.00012255000000000002,640,0.000256,13,5.2e-06,0.00038375000000000003,5.1269214153289795
BenchmarkTest01598.java,0,CWE-79,CWE-79,1,0,1,0,0,0,1,0,0,0,2617,0.00013084999999999998,768,0.00030720000000000004,13,5.2e-06,0.00044325000000000007,5.687286853790283
BenchmarkTest01599.java,0,CWE-79,CWE-79,1,1,0,1,0,0,0,0,1,0,2500,0.000125,512,0.00020480000000000002,12,4.800000000000001e-06,0.0003346,3.3810112476348877
BenchmarkTest01600.java,0,CWE-78,CWE-78,1,1,0,1,0,0,0,0,1,0,2165,0.00010825,704,0.0002816,12,4.800000000000001e-06,0.00039465,4.995598077774048
BenchmarkTest01601.java,0,CWE-78,CWE-78,1,0,1,0,0,0,1,0,0,0,2165,0.00010825,576,0.00023040000000000002,13,5.2e-06,0.00034385000000000004,2.9752767086029053
BenchmarkTest01602.java,0,CWE-330,CWE-330,1,0,1,0,0,0,1,0,0,0,2457,0.00012285,448,0.00017920000000000002,13,5.2e-06,0.00030725,2.835690498352051
BenchmarkTest01603.java,0,CWE-330,CWE-330,1,0,1,0,0,0,1,0,0,0,2582,0.0001291,640,0.000256,13,5.2e-06,0.0003903,3.936185598373413
BenchmarkTest01604.java,0,CWE-614,,,,0,0,1,0,0,0,1,0,,,,,,,,
BenchmarkTest01605.java,0,CWE-614,,,,0,0,1,0,0,0,1,0,,,,,,,,
BenchmarkTest01606.java,0,CWE-78,CWE-78,1,1,0,1,0,0,0,0,1,0,2106,0.00010530000000000001,832,0.0003328,13,5.2e-06,0.00044330000000000004,4.404107093811035
BenchmarkTest01607.java,0,CWE-78,CWE-78,1,0,0,1,0,0,0,1,0,0,2259,0.00011295000000000001,1920,0.000768,13,5.2e-06,0.00088615,10.767539978027344
BenchmarkTest01608.java,0,CWE-78,CWE-78,1,1,0,1,0,0,0,0,1,0,2120,0.000106,896,0.00035840000000000004,12,4.800000000000001e-06,0.0004692,6.068164110183716
BenchmarkTest01609.java,0,CWE-78,CWE-78,1,0,1,0,0,0,1,0,0,0,2160,0.000108,1024,0.00040960000000000004,13,5.2e-06,0.0005228,5.041993856430054
BenchmarkTest01610.java,0,CWE-78,CWE-78,1,0,1,0,0,0,1,0,0,0,2139,0.00010695,1344,0.0005376000000000001,13,5.2e-06,0.00064975,7.703982830047607
BenchmarkTest01611.java,0,CWE-330,,,,0,0,1,0,0,0,1,0,,,,,,,,
BenchmarkTest01612.java,0,CWE-330,,,,0,0,1,0,0,0,1,0,,,,,,,,
BenchmarkTest01613.java,0,CWE-330,,,,0,0,1,0,0,0,1,0,,,,,,,,
BenchmarkTest01614.java,0,CWE-330,,,,0,0,1,0,0,0,1,0,,,,,,,,
BenchmarkTest01620.java,0,CWE-89,CWE-89,1,0,1,0,0,0,1,0,0,0,2101,0.00010505,704,0.0002816,13,5.2e-06,0.00039185,4.072994709014893
BenchmarkTest01621.java,0,CWE-89,CWE-89,1,0,1,0,0,0,1,0,0,0,2060,0.000103,896,0.00035840000000000004,13,5.2e-06,0.00046660000000000007,186.46023392677307
BenchmarkTest01622.java,0,CWE-89,CWE-89,1,1,0,1,0,0,0,0,1,0,2112,0.0001056,960,0.000384,12,4.800000000000001e-06,0.0004944,7.58341121673584
BenchmarkTest01623.java,0,CWE-89,CWE-89,1,0,1,0,0,0,1,0,0,0,2078,0.0001039,2176,0.0008704000000000001,13,5.2e-06,0.0009795000000000001,10.52417540550232
BenchmarkTest01624.java,0,CWE-89,CWE-89,1,0,1,0,0,0,1,0,0,0,2107,0.00010535000000000001,448,0.00017920000000000002,13,5.2e-06,0.0002897500000000001,2.9678306579589844
BenchmarkTest01625.java,0,CWE-89,,,,0,0,0,1,0,0,0,1,,,,,,,,
BenchmarkTest01626.java,0,CWE-89,CWE-89,1,0,1,0,0,0,1,0,0,0,2103,0.00010515000000000001,640,0.000256,13,5.2e-06,0.00036635,4.556387662887573
BenchmarkTest01627.java,0,CWE-89,CWE-89,1,0,1,0,0,0,1,0,0,0,2009,0.00010045,448,0.00017920000000000002,13,5.2e-06,0.00028485,2.770075798034668
BenchmarkTest01628.java,0,CWE-89,CWE-89,1,1,0,1,0,0,0,0,1,0,2094,0.0001047,1216,0.00048640000000000006,12,4.800000000000001e-06,0.0005959,6.772807836532593
BenchmarkTest01629.java,0,CWE-89,CWE-89,1,1,0,1,0,0,0,0,1,0,2048,0.00010240000000000001,896,0.00035840000000000004,12,4.800000000000001e-06,0.00046560000000000004,4.8172454833984375
BenchmarkTest01630.java,0,CWE-89,CWE-89,1,0,1,0,0,0,1,0,0,0,2058,0.00010290000000000001,576,0.00023040000000000002,13,5.2e-06,0.00033850000000000004,3.0945487022399902
BenchmarkTest01631.java,0,CWE-89,CWE-89,1,0,1,0,0,0,1,0,0,0,2046,0.0001023,768,0.00030720000000000004,13,5.2e-06,0.00041470000000000005,4.9371726512908936
BenchmarkTest01632.java,0,CWE-643,CWE-643,1,1,0,1,0,0,0,0,1,0,2239,0.00011195,704,0.0002816,12,4.800000000000001e-06,0.00039835,5.52233624458313
BenchmarkTest01633.java,0,CWE-643,CWE-643,1,1,0,1,0,0,0,0,1,0,2309,0.00011545,1920,0.000768,12,4.800000000000001e-06,0.00088825,8.105923652648926
BenchmarkTest01634.java,0,CWE-327,CWE-327,1,0,1,0,0,0,1,0,0,0,3054,0.00015270000000000003,640,0.000256,13,5.2e-06,0.00041390000000000003,3.6863532066345215
BenchmarkTest01635.java,0,CWE-327,,,,0,0,1,0,0,0,1,0,,,,,,,,
BenchmarkTest01636.java,0,CWE-327,,,,0,0,1,0,0,0,1,0,,,,,,,,
BenchmarkTest01637.java,0,CWE-327,CWE-327,1,0,1,0,0,0,1,0,0,0,2960,0.000148,576,0.00023040000000000002,13,5.2e-06,0.0003836,3.8569176197052
BenchmarkTest01638.java,0,CWE-327,CWE-327,1,0,1,0,0,0,1,0,0,0,2742,0.0001371,384,0.00015360000000000002,13,5.2e-06,0.00029590000000000004,3.89082932472229
BenchmarkTest01639.java,0,CWE-327,CWE-327,1,0,1,0,0,0,1,0,0,0,2624,0.00013120000000000002,256,0.00010240000000000001,13,5.2e-06,0.00023880000000000003,3.349724054336548
BenchmarkTest01640.java,0,CWE-327,,,,0,0,1,0,0,0,1,0,,,,,,,,
BenchmarkTest01641.java,0,CWE-327,CWE-327,1,0,1,0,0,0,1,0,0,0,2602,0.0001301,960,0.000384,13,5.2e-06,0.0005193,4.662725448608398
BenchmarkTest01642.java,0,CWE-22,CWE-23,0,0,1,0,0,0,1,0,0,0,2482,0.0001241,704,0.0002816,13,5.2e-06,0.00041090000000000007,4.105034828186035
BenchmarkTest01643.java,0,CWE-22,CWE-23,0,0,1,0,0,0,1,0,0,0,2614,0.0001307,704,0.0002816,13,5.2e-06,0.0004175,3.8740296363830566
BenchmarkTest01644.java,0,CWE-22,CWE-23,0,1,0,1,0,0,0,0,1,0,2629,0.00013145000000000002,576,0.00023040000000000002,12,4.800000000000001e-06,0.00036665000000000005,3.4550626277923584
BenchmarkTest01645.java,0,CWE-22,CWE-23,0,0,1,0,0,0,1,0,0,0,2634,0.00013170000000000003,896,0.00035840000000000004,13,5.2e-06,0.0004953000000000001,5.232997179031372
BenchmarkTest01646.java,0,CWE-22,CWE-23,0,1,0,1,0,0,0,0,1,0,2597,0.00012984999999999998,896,0.00035840000000000004,12,4.800000000000001e-06,0.00049305,4.385551452636719
BenchmarkTest01647.java,0,CWE-22,CWE-23,0,0,1,0,0,0,1,0,0,0,2519,0.00012595,576,0.00023040000000000002,13,5.2e-06,0.00036155000000000003,3.030747652053833
BenchmarkTest01648.java,0,CWE-330,CWE-330,1,0,1,0,0,0,1,0,0,0,2518,0.0001259,256,0.00010240000000000001,13,5.2e-06,0.0002335,2.189042329788208
BenchmarkTest01649.java,0,CWE-328,CWE-916,0,0,1,0,0,0,1,0,0,0,2608,0.0001304,1408,0.0005632,13,5.2e-06,0.0006988000000000001,6.638472318649292
BenchmarkTest01650.java,0,CWE-328,CWE-916,0,0,1,0,0,0,1,0,0,0,2544,0.0001272,1472,0.0005888000000000001,13,5.2e-06,0.0007212000000000001,7.053477764129639
BenchmarkTest01651.java,0,CWE-328,CWE-916,0,0,1,0,0,0,1,0,0,0,2517,0.00012585,576,0.00023040000000000002,13,5.2e-06,0.00036145000000000003,3.3361377716064453
BenchmarkTest01652.java,0,CWE-328,,,,0,0,1,0,0,0,1,0,,,,,,,,
BenchmarkTest01653.java,0,CWE-328,CWE-916,0,0,1,0,0,0,1,0,0,0,2474,0.0001237,704,0.0002816,13,5.2e-06,0.00041050000000000006,4.002216100692749
BenchmarkTest01654.java,0,CWE-328,,,,0,0,0,1,0,0,0,1,,,,,,,,
BenchmarkTest01655.java,0,CWE-328,,,,0,0,1,0,0,0,1,0,,,,,,,,
BenchmarkTest01656.java,0,CWE-328,,,,0,0,1,0,0,0,1,0,,,,,,,,
BenchmarkTest01657.java,0,CWE-79,CWE-79,1,0,1,0,0,0,1,0,0,0,2606,0.00013030000000000002,640,0.000256,13,5.2e-06,0.00039150000000000003,3.7324774265289307
BenchmarkTest01658.java,0,CWE-79,CWE-79,1,0,1,0,0,0,1,0,0,0,2560,0.000128,768,0.00030720000000000004,13,5.2e-06,0.0004404000000000001,4.231483697891235
BenchmarkTest01659.java,0,CWE-79,CWE-79,1,1,0,1,0,0,0,0,1,0,2546,0.0001273,512,0.00020480000000000002,12,4.800000000000001e-06,0.0003369,3.4650251865386963
BenchmarkTest01660.java,0,CWE-79,CWE-79,1,0,1,0,0,0,1,0,0,0,2564,0.00012820000000000003,1152,0.00046080000000000003,13,5.2e-06,0.0005942000000000001,7.6127753257751465
BenchmarkTest01661.java,0,CWE-79,CWE-79,1,1,0,1,0,0,0,0,1,0,2573,0.00012865,704,0.0002816,12,4.800000000000001e-06,0.00041505000000000003,4.372223138809204
BenchmarkTest01662.java,0,CWE-79,CWE-79,1,0,1,0,0,0,1,0,0,0,2606,0.00013030000000000002,576,0.00023040000000000002,13,5.2e-06,0.00036590000000000006,4.795482397079468
BenchmarkTest01663.java,0,CWE-79,CWE-79,1,1,0,1,0,0,0,0,1,0,2651,0.00013255000000000002,1216,0.00048640000000000006,13,5.2e-06,0.0006241500000000001,6.580851078033447
BenchmarkTest01664.java,0,CWE-79,CWE-79,1,1,0,1,0,0,0,0,1,0,2553,0.00012765,576,0.00023040000000000002,12,4.800000000000001e-06,0.00036285000000000006,3.289327383041382
BenchmarkTest01665.java,0,CWE-79,CWE-79,1,0,1,0,0,0,1,0,0,0,2564,0.00012820000000000003,704,0.0002816,13,5.2e-06,0.00041500000000000006,4.428687572479248
BenchmarkTest01666.java,0,CWE-79,CWE-79,1,0,1,0,0,0,1,0,0,0,2603,0.00013015,896,0.00035840000000000004,13,5.2e-06,0.00049375,4.210024833679199
BenchmarkTest01667.java,0,CWE-79,CWE-79,1,0,1,0,0,0,1,0,0,0,2626,0.00013130000000000002,512,0.00020480000000000002,13,5.2e-06,0.00034130000000000006,3.306058168411255
BenchmarkTest01668.java,0,CWE-79,CWE-79,1,1,0,1,0,0,0,0,1,0,2641,0.00013205,960,0.000384,12,4.800000000000001e-06,0.00052085,5.312589883804321
BenchmarkTest01669.java,0,CWE-79,CWE-79,1,1,0,1,0,0,0,0,1,0,2550,0.0001275,704,0.0002816,12,4.800000000000001e-06,0.00041390000000000003,4.8229734897613525
BenchmarkTest01670.java,0,CWE-79,CWE-79,1,0,1,0,0,0,1,0,0,0,2546,0.0001273,384,0.00015360000000000002,13,5.2e-06,0.00028610000000000007,2.8170604705810547
BenchmarkTest01671.java,0,CWE-79,CWE-79,1,1,0,1,0,0,0,0,1,0,2553,0.00012765,832,0.0003328,12,4.800000000000001e-06,0.00046525000000000006,5.29467248916626
BenchmarkTest01672.java,0,CWE-78,CWE-78,1,1,0,1,0,0,0,0,1,0,2277,0.00011385,512,0.00020480000000000002,12,4.800000000000001e-06,0.00032345000000000003,2.563931941986084
BenchmarkTest01673.java,0,CWE-78,CWE-78,1,0,1,0,0,0,1,0,0,0,2241,0.00011205000000000001,448,0.00017920000000000002,13,5.2e-06,0.0002964500000000001,2.564054250717163
BenchmarkTest01674.java,0,CWE-78,CWE-78,1,0,1,0,0,0,1,0,0,0,2267,0.00011335,1088,0.00043520000000000006,13,5.2e-06,0.0005537500000000001,5.043975830078125
BenchmarkTest01675.java,0,CWE-330,CWE-330,1,0,1,0,0,0,1,0,0,0,2597,0.00012984999999999998,640,0.000256,14,5.600000000000001e-06,0.00039145,4.630753040313721
BenchmarkTest01676.java,0,CWE-330,CWE-330,1,0,1,0,0,0,1,0,0,0,2544,0.0001272,960,0.000384,13,5.2e-06,0.0005164000000000001,5.585702180862427
BenchmarkTest01677.java,0,CWE-330,CWE-330,1,0,1,0,0,0,1,0,0,0,2576,0.00012880000000000001,640,0.000256,13,5.2e-06,0.00039000000000000005,4.050142049789429
BenchmarkTest01678.java,0,CWE-330,CWE-330,1,0,1,0,0,0,1,0,0,0,2731,0.00013655,960,0.000384,13,5.2e-06,0.0005257500000000001,6.483839273452759
BenchmarkTest01679.java,0,CWE-330,CWE-330,1,0,1,0,0,0,1,0,0,0,2521,0.00012605,640,0.000256,13,5.2e-06,0.00038725,5.4932568073272705
BenchmarkTest01680.java,0,CWE-330,CWE-330,1,0,1,0,0,0,1,0,0,0,2527,0.00012635,384,0.00015360000000000002,13,5.2e-06,0.0002851500000000001,4.430142402648926
BenchmarkTest01681.java,0,CWE-330,CWE-330,1,0,1,0,0,0,1,0,0,0,2587,0.00012935,384,0.00015360000000000002,13,5.2e-06,0.00028815000000000004,2.974644899368286
BenchmarkTest01682.java,0,CWE-614,CWE-614,1,0,1,0,0,0,1,0,0,0,2276,0.00011380000000000001,384,0.00015360000000000002,13,5.2e-06,0.00027260000000000007,2.448333740234375
BenchmarkTest01683.java,0,CWE-614,CWE-614,1,0,1,0,0,0,1,0,0,0,2302,0.0001151,576,0.00023040000000000002,13,5.2e-06,0.0003507,3.498307466506958
BenchmarkTest01684.java,0,CWE-614,,,,0,0,1,0,0,0,1,0,,,,,,,,
BenchmarkTest01685.java,0,CWE-78,CWE-78,1,0,1,0,0,0,1,0,0,0,2349,0.00011745000000000001,1536,0.0006144000000000001,13,5.2e-06,0.00073705,8.339595556259155
BenchmarkTest01686.java,0,CWE-78,CWE-78,1,1,0,1,0,0,0,0,1,0,2181,0.00010905000000000001,1984,0.0007936,12,4.800000000000001e-06,0.00090745,11.783483028411865
BenchmarkTest01687.java,0,CWE-78,CWE-78,1,0,0,1,0,0,0,1,0,0,2362,0.00011810000000000001,1216,0.00048640000000000006,13,5.2e-06,0.0006097000000000001,8.669636249542236
BenchmarkTest01688.java,0,CWE-78,CWE-78,1,1,0,1,0,0,0,0,1,0,2257,0.00011285,832,0.0003328,12,4.800000000000001e-06,0.00045045,4.177521228790283
BenchmarkTest01689.java,0,CWE-78,CWE-78,1,0,1,0,0,0,1,0,0,0,2259,0.00011295000000000001,1536,0.0006144000000000001,12,4.800000000000001e-06,0.0007321500000000001,7.726188898086548
BenchmarkTest01690.java,0,CWE-78,CWE-78,1,0,1,0,0,0,1,0,0,0,2147,0.00010735000000000001,1344,0.0005376000000000001,13,5.2e-06,0.0006501500000000001,5.68166708946228
BenchmarkTest01691.java,0,CWE-78,CWE-78,1,0,1,0,0,0,1,0,0,0,2237,0.00011185000000000001,2112,0.0008448,13,5.2e-06,0.0009618500000000001,11.125072956085205
BenchmarkTest01692.java,0,CWE-78,CWE-78,1,1,0,1,0,0,0,0,1,0,2467,0.00012335000000000002,1792,0.0007168000000000001,12,4.800000000000001e-06,0.0008449500000000001,10.096123456954956
BenchmarkTest01693.java,0,CWE-78,CWE-78,1,0,0,1,0,0,0,1,0,0,2264,0.0001132,1344,0.0005376000000000001,13,5.2e-06,0.0006560000000000001,8.717725038528442
BenchmarkTest01694.java,0,CWE-330,,,,0,0,1,0,0,0,1,0,,,,,,,,
BenchmarkTest01695.java,0,CWE-330,,,,0,0,1,0,0,0,1,0,,,,,,,,
BenchmarkTest01696.java,0,CWE-330,,,,0,0,1,0,0,0,1,0,,,,,,,,
BenchmarkTest01697.java,0,CWE-330,,,,0,0,1,0,0,0,1,0,,,,,,,,
BenchmarkTest01698.java,0,CWE-330,CWE-330,1,1,0,1,0,0,0,0,1,0,2824,0.00014120000000000002,960,0.000384,12,4.800000000000001e-06,0.00053,5.594563007354736
BenchmarkTest01699.java,0,CWE-330,CWE-330,1,1,0,1,0,0,0,0,1,0,2596,0.0001298,1024,0.00040960000000000004,13,5.2e-06,0.0005446,7.574256420135498
BenchmarkTest01700.java,0,CWE-330,CWE-330,1,1,0,1,0,0,0,0,1,0,2672,0.0001336,1088,0.00043520000000000006,12,4.800000000000001e-06,0.0005736000000000001,8.1384596824646
BenchmarkTest01701.java,0,CWE-330,,,,0,0,1,0,0,0,1,0,,,,,,,,
BenchmarkTest01702.java,0,CWE-330,,,,0,0,1,0,0,0,1,0,,,,,,,,
BenchmarkTest01703.java,0,CWE-330,,,,0,0,1,0,0,0,1,0,,,,,,,,
BenchmarkTest01704.java,0,CWE-330,,,,0,0,1,0,0,0,1,0,,,,,,,,
BenchmarkTest01705.java,0,CWE-330,,,,0,0,1,0,0,0,1,0,,,,,,,,
BenchmarkTest01706.java,0,CWE-330,,,,0,0,1,0,0,0,1,0,,,,,,,,
BenchmarkTest01707.java,0,CWE-330,,,,0,0,1,0,0,0,1,0,,,,,,,,
BenchmarkTest01712.java,0,CWE-89,CWE-89,1,0,1,0,0,0,1,0,0,0,2235,0.00011175,832,0.0003328,13,5.2e-06,0.00044975000000000006,3.8643269538879395
BenchmarkTest01713.java,0,CWE-89,CWE-89,1,1,0,1,0,0,0,0,1,0,2250,0.0001125,576,0.00023040000000000002,12,4.800000000000001e-06,0.00034770000000000005,3.5888216495513916
BenchmarkTest01714.java,0,CWE-89,CWE-89,1,1,0,1,0,0,0,0,1,0,2203,0.00011015000000000001,1024,0.00040960000000000004,12,4.800000000000001e-06,0.00052455,7.496748447418213
BenchmarkTest01715.java,0,CWE-89,CWE-89,1,0,1,0,0,0,1,0,0,0,2214,0.00011070000000000001,384,0.00015360000000000002,13,5.2e-06,0.00026950000000000005,2.5649526119232178
BenchmarkTest01716.java,0,CWE-89,CWE-89,1,0,1,0,0,0,1,0,0,0,2219,0.00011095,448,0.00017920000000000002,13,5.2e-06,0.00029535000000000005,3.5144548416137695
BenchmarkTest01717.java,0,CWE-89,CWE-89,1,1,0,1,0,0,0,0,1,0,2264,0.0001132,1088,0.00043520000000000006,12,4.800000000000001e-06,0.0005532000000000001,7.799638032913208
BenchmarkTest01718.java,0,CWE-89,CWE-89,1,0,1,0,0,0,1,0,0,0,2233,0.00011165,1152,0.00046080000000000003,13,5.2e-06,0.0005776500000000001,9.787250757217407
BenchmarkTest01719.java,0,CWE-89,CWE-89,1,1,0,1,0,0,0,0,1,0,2243,0.00011215,1472,0.0005888000000000001,12,4.800000000000001e-06,0.0007057500000000001,8.533248901367188
BenchmarkTest01720.java,0,CWE-89,,,,0,0,0,1,0,0,0,1,,,,,,,,
BenchmarkTest01721.java,0,CWE-89,CWE-89,1,0,1,0,0,0,1,0,0,0,2355,0.00011775,384,0.00015360000000000002,13,5.2e-06,0.00027655000000000003,3.7614006996154785
BenchmarkTest01722.java,0,CWE-89,CWE-89,1,1,0,1,0,0,0,0,1,0,2429,0.00012145,512,0.00020480000000000002,12,4.800000000000001e-06,0.00033105000000000005,4.709186315536499
BenchmarkTest01723.java,0,CWE-89,,,,0,0,0,1,0,0,0,1,,,,,,,,
BenchmarkTest01724.java,0,CWE-89,,,,0,0,0,1,0,0,0,1,,,,,,,,
BenchmarkTest01725.java,0,CWE-89,,,,0,0,0,1,0,0,0,1,,,,,,,,
BenchmarkTest01726.java,0,CWE-89,,,,0,0,0,1,0,0,0,1,,,,,,,,
BenchmarkTest01727.java,0,CWE-89,CWE-89,1,0,1,0,0,0,1,0,0,0,2215,0.00011075,448,0.00017920000000000002,13,5.2e-06,0.00029515000000000005,2.386181592941284
BenchmarkTest01728.java,0,CWE-89,CWE-89,1,0,1,0,0,0,1,0,0,0,2181,0.00010905000000000001,256,0.00010240000000000001,13,5.2e-06,0.00021665,2.442807674407959
BenchmarkTest01729.java,0,CWE-89,CWE-89,1,1,0,1,0,0,0,0,1,0,2240,0.000112,640,0.000256,13,5.2e-06,0.0003732,3.9804766178131104
BenchmarkTest01730.java,0,CWE-89,CWE-89,1,0,1,0,0,0,1,0,0,0,2213,0.00011065,320,0.000128,13,5.2e-06,0.00024385,2.252929449081421
BenchmarkTest01731.java,0,CWE-89,CWE-89,1,0,1,0,0,0,1,0,0,0,2242,0.00011210000000000001,896,0.00035840000000000004,13,5.2e-06,0.00047570000000000007,4.301260948181152
BenchmarkTest01732.java,0,CWE-89,CWE-89,1,1,0,1,0,0,0,0,1,0,2180,0.000109,768,0.00030720000000000004,12,4.800000000000001e-06,0.00042100000000000004,4.505159139633179
BenchmarkTest01733.java,0,CWE-89,CWE-89,1,0,1,0,0,0,1,0,0,0,2180,0.000109,320,0.000128,13,5.2e-06,0.0002422,2.3481578826904297
BenchmarkTest01734.java,0,CWE-643,CWE-643,1,0,1,0,0,0,1,0,0,0,2324,0.0001162,1152,0.00046080000000000003,13,5.2e-06,0.0005822000000000001,8.196932315826416
BenchmarkTest01735.java,0,CWE-643,CWE-643,1,1,0,1,0,0,0,0,1,0,2326,0.00011630000000000001,1536,0.0006144000000000001,12,4.800000000000001e-06,0.0007355000000000002,6.984488010406494
BenchmarkTest01736.java,0,CWE-643,CWE-643,1,0,1,0,0,0,1,0,0,0,2274,0.0001137,640,0.000256,13,5.2e-06,0.0003749,3.6007843017578125
BenchmarkTest01737.java,0,CWE-327,,,,0,0,1,0,0,0,1,0,,,,,,,,
BenchmarkTest01738.java,0,CWE-327,,,,0,0,1,0,0,0,1,0,,,,,,,,
BenchmarkTest01739.java,0,CWE-327,,,,0,0,1,0,0,0,1,0,,,,,,,,
BenchmarkTest01740.java,0,CWE-327,CWE-327,1,0,1,0,0,0,1,0,0,0,2371,0.00011855000000000001,1024,0.00040960000000000004,13,5.2e-06,0.00053335,5.19921875
BenchmarkTest01741.java,0,CWE-327,CWE-327,1,0,1,0,0,0,1,0,0,0,2424,0.0001212,1344,0.0005376000000000001,13,5.2e-06,0.0006640000000000001,6.9507832527160645
BenchmarkTest01742.java,0,CWE-327,CWE-327,1,0,1,0,0,0,1,0,0,0,2366,0.00011830000000000002,704,0.0002816,13,5.2e-06,0.00040510000000000003,3.7637648582458496
BenchmarkTest01743.java,0,CWE-90,,,,0,0,1,0,0,0,1,0,,,,,,,,
BenchmarkTest01744.java,0,CWE-22,,,,0,0,1,0,0,0,1,0,,,,,,,,
BenchmarkTest01745.java,0,CWE-22,,,,0,0,1,0,0,0,1,0,,,,,,,,
BenchmarkTest01746.java,0,CWE-22,,,,0,0,1,0,0,0,1,0,,,,,,,,
BenchmarkTest01747.java,0,CWE-22,,,,0,0,1,0,0,0,1,0,,,,,,,,
BenchmarkTest01748.java,0,CWE-22,,,,0,0,1,0,0,0,1,0,,,,,,,,
BenchmarkTest01749.java,0,CWE-22,,,,0,0,1,0,0,0,1,0,,,,,,,,
BenchmarkTest01750.java,0,CWE-22,,,,0,0,1,0,0,0,1,0,,,,,,,,
BenchmarkTest01751.java,0,CWE-22,,,,0,0,1,0,0,0,1,0,,,,,,,,
BenchmarkTest01752.java,0,CWE-22,,,,0,0,1,0,0,0,1,0,,,,,,,,
BenchmarkTest01753.java,0,CWE-90,,,,0,0,1,0,0,0,1,0,,,,,,,,
BenchmarkTest01754.java,0,CWE-90,,,,0,0,1,0,0,0,1,0,,,,,,,,
BenchmarkTest01755.java,0,CWE-90,,,,0,0,1,0,0,0,1,0,,,,,,,,
BenchmarkTest01756.java,0,CWE-90,,,,0,0,1,0,0,0,1,0,,,,,,,,
BenchmarkTest01757.java,0,CWE-328,CWE-916,0,0,1,0,0,0,1,0,0,0,2457,0.00012285,512,0.00020480000000000002,13,5.2e-06,0.00033285000000000004,3.3446462154388428
BenchmarkTest01758.java,0,CWE-328,,,,0,0,1,0,0,0,1,0,,,,,,,,
BenchmarkTest01759.java,0,CWE-328,,,,0,0,1,0,0,0,1,0,,,,,,,,
BenchmarkTest01760.java,0,CWE-328,,,,0,0,1,0,0,0,1,0,,,,,,,,
BenchmarkTest01761.java,0,CWE-328,CWE-916,0,0,1,0,0,0,1,0,0,0,2389,0.00011945,896,0.00035840000000000004,13,5.2e-06,0.00048305000000000006,4.3770246505737305
BenchmarkTest01762.java,0,CWE-328,,,,0,0,1,0,0,0,1,0,,,,,,,,
BenchmarkTest01763.java,0,CWE-328,,,,0,0,1,0,0,0,1,0,,,,,,,,
BenchmarkTest01764.java,0,CWE-328,,,,0,0,1,0,0,0,1,0,,,,,,,,
BenchmarkTest01765.java,0,CWE-328,,,,0,0,0,1,0,0,0,1,,,,,,,,
BenchmarkTest01766.java,0,CWE-328,,,,0,0,0,1,0,0,0,1,,,,,,,,
BenchmarkTest01767.java,0,CWE-79,,,,0,0,1,0,0,0,1,0,,,,,,,,
BenchmarkTest01768.java,0,CWE-79,,,,0,0,1,0,0,0,1,0,,,,,,,,
BenchmarkTest01769.java,0,CWE-79,,,,0,0,1,0,0,0,1,0,,,,,,,,
BenchmarkTest01770.java,0,CWE-79,,,,0,0,1,0,0,0,1,0,,,,,,,,
BenchmarkTest01771.java,0,CWE-79,,,,0,0,1,0,0,0,1,0,,,,,,,,
BenchmarkTest01772.java,0,CWE-79,,,,0,0,1,0,0,0,1,0,,,,,,,,
BenchmarkTest01773.java,0,CWE-79,,,,0,0,1,0,0,0,1,0,,,,,,,,
BenchmarkTest01774.java,0,CWE-79,,,,0,0,1,0,0,0,1,0,,,,,,,,
BenchmarkTest01775.java,0,CWE-79,,,,0,0,1,0,0,0,1,0,,,,,,,,
BenchmarkTest01776.java,0,CWE-79,,,,0,0,1,0,0,0,1,0,,,,,,,,
BenchmarkTest01777.java,0,CWE-79,,,,0,0,1,0,0,0,1,0,,,,,,,,
BenchmarkTest01778.java,0,CWE-78,,,,0,0,1,0,0,0,1,0,,,,,,,,
BenchmarkTest01779.java,0,CWE-78,,,,0,0,1,0,0,0,1,0,,,,,,,,
BenchmarkTest01780.java,0,CWE-78,,,,0,0,1,0,0,0,1,0,,,,,,,,
BenchmarkTest01781.java,0,CWE-330,CWE-330,1,0,1,0,0,0,1,0,0,0,2432,0.00012160000000000001,1536,0.0006144000000000001,13,5.2e-06,0.0007412000000000001,8.541274309158325
BenchmarkTest01782.java,0,CWE-330,CWE-330,1,0,1,0,0,0,1,0,0,0,2414,0.0001207,640,0.000256,14,5.600000000000001e-06,0.0003823,5.333434581756592
BenchmarkTest01783.java,0,CWE-330,CWE-330,1,0,1,0,0,0,1,0,0,0,2380,0.000119,704,0.0002816,13,5.2e-06,0.00040580000000000005,4.358678340911865
BenchmarkTest01784.java,0,CWE-330,CWE-330,1,0,1,0,0,0,1,0,0,0,2408,0.0001204,512,0.00020480000000000002,13,5.2e-06,0.0003304,2.540569305419922
BenchmarkTest01785.java,0,CWE-330,CWE-330,1,0,1,0,0,0,1,0,0,0,2370,0.0001185,1088,0.00043520000000000006,13,5.2e-06,0.0005589000000000001,5.7167956829071045
BenchmarkTest01786.java,0,CWE-330,CWE-330,1,0,1,0,0,0,1,0,0,0,2411,0.00012055000000000002,1408,0.0005632,13,5.2e-06,0.00068895,7.233292579650879
BenchmarkTest01787.java,0,CWE-330,CWE-330,1,0,1,0,0,0,1,0,0,0,2350,0.0001175,384,0.00015360000000000002,13,5.2e-06,0.00027630000000000005,2.73842453956604
BenchmarkTest01788.java,0,CWE-330,CWE-330,1,0,1,0,0,0,1,0,0,0,2375,0.00011875,384,0.00015360000000000002,13,5.2e-06,0.00027755000000000005,2.2973313331604004
BenchmarkTest01789.java,0,CWE-614,CWE-614,1,0,1,0,0,0,1,0,0,0,2160,0.000108,832,0.0003328,13,5.2e-06,0.000446,4.945239305496216
BenchmarkTest01790.java,0,CWE-79,,,,0,0,1,0,0,0,1,0,,,,,,,,
BenchmarkTest01791.java,0,CWE-78,,,,0,0,1,0,0,0,1,0,,,,,,,,
BenchmarkTest01792.java,0,CWE-78,,,,0,0,1,0,0,0,1,0,,,,,,,,
BenchmarkTest01793.java,0,CWE-78,,,,0,0,1,0,0,0,1,0,,,,,,,,
BenchmarkTest01794.java,0,CWE-78,,,,0,0,1,0,0,0,1,0,,,,,,,,
BenchmarkTest01795.java,0,CWE-78,,,,0,0,1,0,0,0,1,0,,,,,,,,
BenchmarkTest01796.java,0,CWE-78,,,,0,0,1,0,0,0,1,0,,,,,,,,
BenchmarkTest01797.java,0,CWE-330,,,,0,0,1,0,0,0,1,0,,,,,,,,
BenchmarkTest01798.java,0,CWE-330,,,,0,0,1,0,0,0,1,0,,,,,,,,
BenchmarkTest01799.java,0,CWE-330,,,,0,0,1,0,0,0,1,0,,,,,,,,
BenchmarkTest01800.java,0,CWE-330,,,,0,0,1,0,0,0,1,0,,,,,,,,
BenchmarkTest01801.java,0,CWE-330,,,,0,0,1,0,0,0,1,0,,,,,,,,
BenchmarkTest01803.java,0,CWE-89,,,,0,0,1,0,0,0,1,0,,,,,,,,
BenchmarkTest01804.java,0,CWE-89,,,,0,0,1,0,0,0,1,0,,,,,,,,
BenchmarkTest01805.java,0,CWE-89,,,,0,0,1,0,0,0,1,0,,,,,,,,
BenchmarkTest01806.java,0,CWE-89,,,,0,0,1,0,0,0,1,0,,,,,,,,
BenchmarkTest01807.java,0,CWE-89,,,,0,0,1,0,0,0,1,0,,,,,,,,
BenchmarkTest01808.java,0,CWE-89,,,,0,0,1,0,0,0,1,0,,,,,,,,
BenchmarkTest01809.java,0,CWE-89,,,,0,0,1,0,0,0,1,0,,,,,,,,
BenchmarkTest01810.java,0,CWE-89,,,,0,0,1,0,0,0,1,0,,,,,,,,
BenchmarkTest01811.java,0,CWE-89,,,,0,0,1,0,0,0,1,0,,,,,,,,
BenchmarkTest01812.java,0,CWE-89,,,,0,0,1,0,0,0,1,0,,,,,,,,
BenchmarkTest01813.java,0,CWE-89,,,,0,0,1,0,0,0,1,0,,,,,,,,
BenchmarkTest01814.java,0,CWE-89,,,,0,0,1,0,0,0,1,0,,,,,,,,
BenchmarkTest01815.java,0,CWE-89,,,,0,0,1,0,0,0,1,0,,,,,,,,
BenchmarkTest01816.java,0,CWE-89,,,,0,0,1,0,0,0,1,0,,,,,,,,
BenchmarkTest01817.java,0,CWE-89,,,,0,0,1,0,0,0,1,0,,,,,,,,
BenchmarkTest01818.java,0,CWE-89,,,,0,0,1,0,0,0,1,0,,,,,,,,
BenchmarkTest01819.java,0,CWE-89,,,,0,0,1,0,0,0,1,0,,,,,,,,
BenchmarkTest01820.java,0,CWE-89,,,,0,0,1,0,0,0,1,0,,,,,,,,
BenchmarkTest01821.java,0,CWE-643,,,,0,0,1,0,0,0,1,0,,,,,,,,
BenchmarkTest01822.java,0,CWE-327,CWE-327,1,0,1,0,0,0,1,0,0,0,2904,0.0001452,384,0.00015360000000000002,13,5.2e-06,0.000304,2.1795217990875244
BenchmarkTest01823.java,0,CWE-327,CWE-327,1,0,1,0,0,0,1,0,0,0,2854,0.00014270000000000003,576,0.00023040000000000002,13,5.2e-06,0.00037830000000000003,3.349881887435913
BenchmarkTest01824.java,0,CWE-327,,,,0,0,1,0,0,0,1,0,,,,,,,,
BenchmarkTest01825.java,0,CWE-327,,,,0,0,1,0,0,0,1,0,,,,,,,,
BenchmarkTest01826.java,0,CWE-327,,,,0,0,1,0,0,0,1,0,,,,,,,,
BenchmarkTest01827.java,0,CWE-327,,,,0,0,1,0,0,0,1,0,,,,,,,,
BenchmarkTest01828.java,0,CWE-327,,,,0,0,1,0,0,0,1,0,,,,,,,,
BenchmarkTest01829.java,0,CWE-327,CWE-327,1,0,1,0,0,0,1,0,0,0,2726,0.0001363,1024,0.00040960000000000004,13,5.2e-06,0.0005511,5.732786178588867
BenchmarkTest01830.java,0,CWE-327,CWE-327,1,0,1,0,0,0,1,0,0,0,2543,0.00012715,256,0.00010240000000000001,13,5.2e-06,0.00023475000000000001,2.0497539043426514
BenchmarkTest01831.java,0,CWE-90,CWE-90,1,0,1,0,0,0,1,0,0,0,2487,0.00012435000000000001,640,0.000256,13,5.2e-06,0.00038555,3.7535576820373535
BenchmarkTest01832.java,0,CWE-90,CWE-90,1,0,1,0,0,0,1,0,0,0,2485,0.00012425,640,0.000256,13,5.2e-06,0.00038545,3.6832451820373535
BenchmarkTest01833.java,0,CWE-22,CWE-23,0,0,1,0,0,0,1,0,0,0,2543,0.00012715,640,0.000256,13,5.2e-06,0.00038835,3.571920871734619
BenchmarkTest01834.java,0,CWE-22,CWE-23,0,0,0,1,0,0,0,1,0,0,2543,0.00012715,768,0.00030720000000000004,14,5.600000000000001e-06,0.00043995000000000004,4.24137282371521
BenchmarkTest01835.java,0,CWE-22,CWE-23,0,0,1,0,0,0,1,0,0,0,2491,0.00012455000000000002,896,0.00035840000000000004,14,5.600000000000001e-06,0.00048855,4.945087909698486
BenchmarkTest01836.java,0,CWE-22,CWE-23,0,0,1,0,0,0,1,0,0,0,2672,0.0001336,896,0.00035840000000000004,13,5.2e-06,0.0004972,5.624236822128296
BenchmarkTest01837.java,0,CWE-22,CWE-23,0,1,0,1,0,0,0,0,1,0,2630,0.0001315,1088,0.00043520000000000006,12,4.800000000000001e-06,0.0005715000000000001,6.450330495834351
BenchmarkTest01838.java,0,CWE-22,CWE-23,0,0,0,1,0,0,0,1,0,0,2685,0.00013425,704,0.0002816,13,5.2e-06,0.00042105000000000007,4.675797700881958
BenchmarkTest01839.java,0,CWE-22,CWE-23,0,0,1,0,0,0,1,0,0,0,2525,0.00012625,1280,0.000512,13,5.2e-06,0.00064345,8.308123588562012
BenchmarkTest01840.java,0,CWE-22,CWE-23,0,0,1,0,0,0,1,0,0,0,2494,0.0001247,512,0.00020480000000000002,13,5.2e-06,0.00033470000000000006,4.690650463104248
BenchmarkTest01841.java,0,CWE-22,CWE-23,0,1,0,1,0,0,0,0,1,0,2689,0.00013445000000000002,1920,0.000768,12,4.800000000000001e-06,0.0009072500000000001,9.936527013778687
BenchmarkTest01842.java,0,CWE-330,CWE-330,1,0,1,0,0,0,1,0,0,0,2513,0.00012565000000000002,256,0.00010240000000000001,13,5.2e-06,0.00023325000000000003,1.9706189632415771
BenchmarkTest01843.java,0,CWE-330,CWE-330,1,0,1,0,0,0,1,0,0,0,2580,0.000129,512,0.00020480000000000002,13,5.2e-06,0.000339,2.955784320831299
BenchmarkTest01844.java,0,CWE-328,CWE-916,0,0,1,0,0,0,1,0,0,0,2795,0.00013975,640,0.000256,14,5.600000000000001e-06,0.00040134999999999997,4.290219783782959
BenchmarkTest01845.java,0,CWE-328,CWE-916,0,0,1,0,0,0,1,0,0,0,2592,0.0001296,1792,0.0007168000000000001,13,5.2e-06,0.0008516000000000001,8.343272686004639
BenchmarkTest01846.java,0,CWE-328,CWE-916,0,0,1,0,0,0,1,0,0,0,2570,0.0001285,896,0.00035840000000000004,13,5.2e-06,0.0004921000000000001,4.982487201690674
BenchmarkTest01847.java,0,CWE-328,,,,0,0,1,0,0,0,1,0,,,,,,,,
BenchmarkTest01848.java,0,CWE-328,,,,0,0,1,0,0,0,1,0,,,,,,,,
BenchmarkTest01849.java,0,CWE-328,,,,0,0,1,0,0,0,1,0,,,,,,,,
BenchmarkTest01850.java,0,CWE-78,CWE-78,1,0,1,0,0,0,1,0,0,0,2270,0.0001135,832,0.0003328,13,5.2e-06,0.0004515,5.90745997428894
BenchmarkTest01851.java,0,CWE-78,CWE-78,1,0,1,0,0,0,1,0,0,0,2333,0.00011665,832,0.0003328,13,5.2e-06,0.00045465,4.354016542434692
BenchmarkTest01852.java,0,CWE-78,CWE-78,1,0,1,0,0,0,1,0,0,0,2279,0.00011395,1024,0.00040960000000000004,13,5.2e-06,0.00052875,6.1697845458984375
BenchmarkTest01853.java,0,CWE-330,CWE-330,1,0,1,0,0,0,1,0,0,0,2565,0.00012825,256,0.00010240000000000001,13,5.2e-06,0.00023585,1.9000921249389648
BenchmarkTest01854.java,0,CWE-330,CWE-330,1,0,1,0,0,0,1,0,0,0,2750,0.0001375,384,0.00015360000000000002,14,5.600000000000001e-06,0.0002967,2.774251699447632
BenchmarkTest01855.java,0,CWE-330,CWE-330,1,0,1,0,0,0,1,0,0,0,2555,0.00012775,384,0.00015360000000000002,13,5.2e-06,0.00028655,3.876431703567505
BenchmarkTest01856.java,0,CWE-330,CWE-330,1,0,1,0,0,0,1,0,0,0,2492,0.00012460000000000002,768,0.00030720000000000004,13,5.2e-06,0.0004370000000000001,6.839272737503052
BenchmarkTest01857.java,0,CWE-330,CWE-330,1,0,1,0,0,0,1,0,0,0,2538,0.0001269,320,0.000128,13,5.2e-06,0.0002601,5.85618257522583
BenchmarkTest01858.java,0,CWE-330,CWE-330,1,0,1,0,0,0,1,0,0,0,2590,0.0001295,512,0.00020480000000000002,13,5.2e-06,0.00033950000000000007,4.5277910232543945
BenchmarkTest01859.java,0,CWE-330,CWE-330,1,0,1,0,0,0,1,0,0,0,2505,0.00012525,768,0.00030720000000000004,13,5.2e-06,0.00043765000000000004,4.617867708206177
BenchmarkTest01860.java,0,CWE-330,CWE-330,1,0,1,0,0,0,1,0,0,0,2501,0.00012505,448,0.00017920000000000002,13,5.2e-06,0.00030945000000000007,3.2738583087921143
BenchmarkTest01861.java,0,CWE-614,CWE-614,1,0,1,0,0,0,1,0,0,0,2317,0.00011585000000000001,512,0.00020480000000000002,13,5.2e-06,0.00032585000000000003,3.5187034606933594
BenchmarkTest01862.java,0,CWE-614,,,,0,0,1,0,0,0,1,0,,,,,,,,
BenchmarkTest01863.java,0,CWE-614,,,,0,0,1,0,0,0,1,0,,,,,,,,
BenchmarkTest01864.java,0,CWE-78,CWE-78,1,0,1,0,0,0,1,0,0,0,2251,0.00011255000000000001,1088,0.00043520000000000006,13,5.2e-06,0.0005529500000000001,6.57091760635376
BenchmarkTest01865.java,0,CWE-78,CWE-78,1,1,0,1,0,0,0,0,1,0,2299,0.00011495,832,0.0003328,12,4.800000000000001e-06,0.00045255,3.9460415840148926
BenchmarkTest01866.java,0,CWE-330,CWE-330,1,1,0,1,0,0,0,0,1,0,2624,0.00013120000000000002,384,0.00015360000000000002,12,4.800000000000001e-06,0.00028960000000000005,2.8405873775482178
BenchmarkTest01867.java,0,CWE-330,CWE-330,1,1,0,1,0,0,0,0,1,0,2696,0.00013480000000000002,1280,0.000512,12,4.800000000000001e-06,0.0006516,6.025465726852417
BenchmarkTest01868.java,0,CWE-330,,,,0,0,1,0,0,0,1,0,,,,,,,,
BenchmarkTest01869.java,0,CWE-330,,,,0,0,1,0,0,0,1,0,,,,,,,,
BenchmarkTest01870.java,0,CWE-330,,,,0,0,1,0,0,0,1,0,,,,,,,,
BenchmarkTest01871.java,0,CWE-330,,,,0,0,1,0,0,0,1,0,,,,,,,,
BenchmarkTest01877.java,0,CWE-89,CWE-89,1,0,0,1,0,0,0,1,0,0,2289,0.00011445,832,0.0003328,13,5.2e-06,0.00045245,4.66369366645813
BenchmarkTest01878.java,0,CWE-89,CWE-89,1,0,0,1,0,0,0,1,0,0,2203,0.00011015000000000001,384,0.00015360000000000002,13,5.2e-06,0.00026895000000000006,2.4112319946289062
BenchmarkTest01879.java,0,CWE-89,CWE-89,1,1,0,1,0,0,0,0,1,0,2257,0.00011285,1600,0.00064,12,4.800000000000001e-06,0.00075765,7.036863327026367
BenchmarkTest01880.java,0,CWE-89,CWE-89,1,1,0,1,0,0,0,0,1,0,2298,0.0001149,960,0.000384,12,4.800000000000001e-06,0.0005037,6.473981857299805
BenchmarkTest01881.java,0,CWE-89,CWE-89,1,0,1,0,0,0,1,0,0,0,2268,0.0001134,320,0.000128,13,5.2e-06,0.00024660000000000003,1.9883689880371094
BenchmarkTest01882.java,0,CWE-89,CWE-89,1,0,1,0,0,0,1,0,0,0,2415,0.00012075,320,0.000128,13,5.2e-06,0.00025395,2.3956220149993896
BenchmarkTest01883.java,0,CWE-89,,,,0,0,0,1,0,0,0,1,,,,,,,,
BenchmarkTest01884.java,0,CWE-89,CWE-89,1,1,0,1,0,0,0,0,1,0,2214,0.00011070000000000001,704,0.0002816,12,4.800000000000001e-06,0.00039710000000000006,3.9955992698669434
BenchmarkTest01885.java,0,CWE-89,CWE-89,1,1,0,1,0,0,0,0,1,0,2218,0.00011090000000000001,1728,0.0006912,12,4.800000000000001e-06,0.0008069,7.362942695617676
BenchmarkTest01886.java,0,CWE-89,CWE-89,1,1,0,1,0,0,0,0,1,0,2385,0.00011925,1280,0.000512,12,4.800000000000001e-06,0.00063605,10.454806327819824
BenchmarkTest01887.java,0,CWE-89,CWE-89,1,0,1,0,0,0,1,0,0,0,2146,0.0001073,384,0.00015360000000000002,13,5.2e-06,0.0002661,4.145395278930664
BenchmarkTest01888.java,0,CWE-89,CWE-89,1,0,1,0,0,0,1,0,0,0,2189,0.00010945,640,0.000256,13,5.2e-06,0.00037065000000000004,5.087984561920166
BenchmarkTest01889.java,0,CWE-89,CWE-89,1,0,1,0,0,0,1,0,0,0,2155,0.00010775,320,0.000128,13,5.2e-06,0.00024095,2.7387750148773193
BenchmarkTest01890.java,0,CWE-89,CWE-89,1,0,1,0,0,0,1,0,0,0,2155,0.00010775,320,0.000128,13,5.2e-06,0.00024095,3.0675415992736816
BenchmarkTest01891.java,0,CWE-89,CWE-89,1,0,1,0,0,0,1,0,0,0,2194,0.0001097,384,0.00015360000000000002,13,5.2e-06,0.0002685,2.7052161693573
BenchmarkTest01892.java,0,CWE-643,CWE-643,1,0,1,0,0,0,1,0,0,0,2382,0.00011910000000000001,320,0.000128,13,5.2e-06,0.0002523,1.9706847667694092
BenchmarkTest01893.java,0,CWE-643,CWE-643,1,0,0,1,0,0,0,1,0,0,2338,0.00011690000000000001,896,0.00035840000000000004,13,5.2e-06,0.0004805000000000001,4.267019748687744
BenchmarkTest01894.java,0,CWE-643,CWE-643,1,0,1,0,0,0,1,0,0,0,2242,0.00011210000000000001,576,0.00023040000000000002,13,5.2e-06,0.00034770000000000005,3.3139090538024902
BenchmarkTest01895.java,0,CWE-327,CWE-327,1,0,1,0,0,0,1,0,0,0,2765,0.00013825,192,7.680000000000001e-05,13,5.2e-06,0.00022025,1.7270851135253906
BenchmarkTest01896.java,0,CWE-327,,,,0,0,1,0,0,0,1,0,,,,,,,,
BenchmarkTest01897.java,0,CWE-327,CWE-327,1,0,1,0,0,0,1,0,0,0,2441,0.00012205000000000001,448,0.00017920000000000002,13,5.2e-06,0.00030645000000000005,2.5501582622528076
BenchmarkTest01898.java,0,CWE-327,CWE-327,1,0,1,0,0,0,1,0,0,0,2466,0.00012330000000000002,512,0.00020480000000000002,13,5.2e-06,0.0003333,2.9990742206573486
BenchmarkTest01899.java,0,CWE-327,,,,0,0,1,0,0,0,1,0,,,,,,,,
BenchmarkTest01900.java,0,CWE-327,CWE-327,1,0,1,0,0,0,1,0,0,0,2388,0.0001194,1920,0.000768,13,5.2e-06,0.0008926,9.325486660003662
BenchmarkTest01901.java,0,CWE-327,,,,0,0,1,0,0,0,1,0,,,,,,,,
BenchmarkTest01902.java,0,CWE-90,CWE-90,1,0,1,0,0,0,1,0,0,0,2331,0.00011655000000000001,320,0.000128,13,5.2e-06,0.00024975,2.6006319522857666
BenchmarkTest01903.java,0,CWE-90,CWE-90,1,1,0,1,0,0,0,0,1,0,2308,0.0001154,576,0.00023040000000000002,12,4.800000000000001e-06,0.0003506,3.5378668308258057
BenchmarkTest01904.java,0,CWE-22,CWE-23,0,0,1,0,0,0,1,0,0,0,2388,0.0001194,832,0.0003328,13,5.2e-06,0.00045740000000000006,6.708022117614746
BenchmarkTest01905.java,0,CWE-22,CWE-23,0,1,0,1,0,0,0,0,1,0,2497,0.00012485,576,0.00023040000000000002,12,4.800000000000001e-06,0.00036005,3.7188100814819336
BenchmarkTest01906.java,0,CWE-22,CWE-23,0,0,1,0,0,0,1,0,0,0,2410,0.0001205,704,0.0002816,13,5.2e-06,0.00040730000000000003,3.9294064044952393
BenchmarkTest01907.java,0,CWE-22,CWE-23,0,0,1,0,0,0,1,0,0,0,2376,0.00011880000000000001,320,0.000128,13,5.2e-06,0.00025200000000000005,2.5389249324798584
BenchmarkTest01908.java,0,CWE-22,CWE-23,0,0,1,0,0,0,1,0,0,0,2532,0.00012660000000000001,256,0.00010240000000000001,13,5.2e-06,0.00023420000000000003,2.9365627765655518
BenchmarkTest01909.java,0,CWE-90,CWE-90,1,1,0,1,0,0,0,0,1,0,2395,0.00011975,704,0.0002816,12,4.800000000000001e-06,0.00040615000000000003,4.319750547409058
BenchmarkTest01910.java,0,CWE-330,CWE-330,1,0,1,0,0,0,1,0,0,0,2454,0.0001227,576,0.00023040000000000002,13,5.2e-06,0.00035830000000000004,4.092800617218018
BenchmarkTest01911.java,0,CWE-328,CWE-916,0,0,1,0,0,0,1,0,0,0,2497,0.00012485,576,0.00023040000000000002,13,5.2e-06,0.00036045,7.148531675338745
BenchmarkTest01912.java,0,CWE-328,,,,0,0,1,0,0,0,1,0,,,,,,,,
BenchmarkTest01913.java,0,CWE-328,,,,0,0,1,0,0,0,1,0,,,,,,,,
BenchmarkTest01914.java,0,CWE-79,CWE-79,1,1,0,1,0,0,0,0,1,0,2496,0.00012480000000000002,1280,0.000512,12,4.800000000000001e-06,0.0006416,6.790443658828735
BenchmarkTest01915.java,0,CWE-79,CWE-79,1,1,0,1,0,0,0,0,1,0,2449,0.00012245,1088,0.00043520000000000006,12,4.800000000000001e-06,0.00056245,6.234067678451538
BenchmarkTest01916.java,0,CWE-79,CWE-79,1,0,1,0,0,0,1,0,0,0,2415,0.00012075,576,0.00023040000000000002,13,5.2e-06,0.00035635,3.902040481567383
BenchmarkTest01917.java,0,CWE-79,CWE-79,1,1,0,1,0,0,0,0,1,0,2410,0.0001205,576,0.00023040000000000002,12,4.800000000000001e-06,0.0003557,4.030011892318726
BenchmarkTest01918.java,0,CWE-79,CWE-79,1,1,0,1,0,0,0,0,1,0,2451,0.00012255000000000002,768,0.00030720000000000004,13,5.2e-06,0.0004349500000000001,6.873713731765747
BenchmarkTest01919.java,0,CWE-79,CWE-79,1,0,1,0,0,0,1,0,0,0,2445,0.00012225,1408,0.0005632,13,5.2e-06,0.00069065,6.4219560623168945
BenchmarkTest01920.java,0,CWE-79,CWE-79,1,0,1,0,0,0,1,0,0,0,2479,0.00012395,1024,0.00040960000000000004,14,5.600000000000001e-06,0.0005391500000000001,6.664525270462036
BenchmarkTest01921.java,0,CWE-79,CWE-79,1,0,1,0,0,0,1,0,0,0,2513,0.00012565000000000002,896,0.00035840000000000004,13,5.2e-06,0.0004892500000000001,4.942403078079224
BenchmarkTest01922.java,0,CWE-79,CWE-79,1,0,1,0,0,0,1,0,0,0,2475,0.00012375,1536,0.0006144000000000001,13,5.2e-06,0.0007433500000000002,8.436042070388794
BenchmarkTest01923.java,0,CWE-79,CWE-79,1,0,1,0,0,0,1,0,0,0,2433,0.00012165,1472,0.0005888000000000001,13,5.2e-06,0.0007156500000000001,7.286826133728027
BenchmarkTest01924.java,0,CWE-79,CWE-79,1,1,0,1,0,0,0,0,1,0,2417,0.00012085000000000001,1664,0.0006656,13,5.2e-06,0.0007916500000000001,10.538509845733643
BenchmarkTest01925.java,0,CWE-79,CWE-79,1,0,1,0,0,0,1,0,0,0,2449,0.00012245,1600,0.00064,13,5.2e-06,0.00076765,9.138790369033813
BenchmarkTest01926.java,0,CWE-79,CWE-79,1,0,1,0,0,0,1,0,0,0,2429,0.00012145,576,0.00023040000000000002,13,5.2e-06,0.00035705000000000003,3.8730216026306152
BenchmarkTest01927.java,0,CWE-79,CWE-79,1,0,1,0,0,0,1,0,0,0,2438,0.00012190000000000001,704,0.0002816,13,5.2e-06,0.0004087,7.4118287563323975
BenchmarkTest01928.java,0,CWE-78,CWE-78,1,0,1,0,0,0,1,0,0,0,2189,0.00010945,576,0.00023040000000000002,13,5.2e-06,0.00034505000000000007,6.774801254272461
BenchmarkTest01929.java,0,CWE-78,CWE-78,1,0,1,0,0,0,1,0,0,0,2173,0.00010865000000000001,640,0.000256,13,5.2e-06,0.00036985,4.14160943031311
BenchmarkTest01930.java,0,CWE-330,CWE-330,1,0,1,0,0,0,1,0,0,0,2388,0.0001194,448,0.00017920000000000002,14,5.600000000000001e-06,0.0003042,3.556284189224243
BenchmarkTest01931.java,0,CWE-330,CWE-330,1,0,1,0,0,0,1,0,0,0,2589,0.00012945000000000003,384,0.00015360000000000002,13,5.2e-06,0.0002882500000000001,6.4724931716918945
BenchmarkTest01932.java,0,CWE-330,CWE-330,1,0,1,0,0,0,1,0,0,0,2414,0.0001207,1088,0.00043520000000000006,13,5.2e-06,0.0005611,6.106154918670654
BenchmarkTest01933.java,0,CWE-330,CWE-330,1,0,1,0,0,0,1,0,0,0,2359,0.00011795000000000001,640,0.000256,13,5.2e-06,0.00037915000000000003,4.812477111816406
BenchmarkTest01934.java,0,CWE-330,CWE-330,1,0,1,0,0,0,1,0,0,0,2353,0.00011765,384,0.00015360000000000002,13,5.2e-06,0.00027645,2.395515203475952
BenchmarkTest01935.java,0,CWE-614,,,,0,0,1,0,0,0,1,0,,,,,,,,
BenchmarkTest01936.java,0,CWE-78,CWE-78,1,0,1,0,0,0,1,0,0,0,2130,0.0001065,576,0.00023040000000000002,13,5.2e-06,0.0003421,3.3160243034362793
BenchmarkTest01937.java,0,CWE-78,CWE-78,1,1,0,1,0,0,0,0,1,0,2132,0.0001066,1024,0.00040960000000000004,13,5.2e-06,0.0005214000000000001,5.999284505844116
BenchmarkTest01938.java,0,CWE-78,CWE-78,1,0,1,0,0,0,1,0,0,0,2245,0.00011225,1600,0.00064,13,5.2e-06,0.0007574500000000001,10.0807466506958
BenchmarkTest01939.java,0,CWE-78,CWE-78,1,0,0,1,0,0,0,1,0,0,2051,0.00010255000000000001,1472,0.0005888000000000001,13,5.2e-06,0.0006965500000000001,7.367123603820801
BenchmarkTest01940.java,0,CWE-78,CWE-78,1,0,1,0,0,0,1,0,0,0,2122,0.0001061,1408,0.0005632,13,5.2e-06,0.0006745000000000001,8.210535287857056
BenchmarkTest01941.java,0,CWE-78,CWE-78,1,0,0,1,0,0,0,1,0,0,2231,0.00011155000000000001,2112,0.0008448,13,5.2e-06,0.00096155,11.835103988647461
BenchmarkTest01942.java,0,CWE-78,CWE-78,1,0,1,0,0,0,1,0,0,0,2088,0.0001044,2048,0.0008192000000000001,13,5.2e-06,0.0009288000000000001,12.745641708374023
BenchmarkTest01943.java,0,CWE-78,CWE-78,1,1,0,1,0,0,0,0,1,0,2188,0.0001094,1216,0.00048640000000000006,13,5.2e-06,0.0006010000000000001,7.640591859817505
BenchmarkTest01944.java,0,CWE-78,CWE-78,1,0,1,0,0,0,1,0,0,0,2180,0.000109,1344,0.0005376000000000001,13,5.2e-06,0.0006518000000000001,7.268262147903442
BenchmarkTest01945.java,0,CWE-330,,,,0,0,1,0,0,0,1,0,,,,,,,,
BenchmarkTest01946.java,0,CWE-330,,,,0,0,1,0,0,0,1,0,,,,,,,,
BenchmarkTest01947.java,0,CWE-330,,,,0,0,1,0,0,0,1,0,,,,,,,,
BenchmarkTest01948.java,0,CWE-330,,,,0,0,1,0,0,0,1,0,,,,,,,,
BenchmarkTest01949.java,0,CWE-330,,,,0,0,1,0,0,0,1,0,,,,,,,,
BenchmarkTest01950.java,0,CWE-330,,,,0,0,1,0,0,0,1,0,,,,,,,,
BenchmarkTest01951.java,0,CWE-330,,,,0,0,1,0,0,0,1,0,,,,,,,,
BenchmarkTest01952.java,0,CWE-330,,,,0,0,1,0,0,0,1,0,,,,,,,,
BenchmarkTest01953.java,0,CWE-330,,,,0,0,1,0,0,0,1,0,,,,,,,,
BenchmarkTest01954.java,0,CWE-330,,,,0,0,1,0,0,0,1,0,,,,,,,,
BenchmarkTest01961.java,0,CWE-89,CWE-89,1,0,0,1,0,0,0,1,0,0,2260,0.000113,640,0.000256,13,5.2e-06,0.0003742,3.9075191020965576
BenchmarkTest01962.java,0,CWE-89,CWE-89,1,0,1,0,0,0,1,0,0,0,2073,0.00010365000000000001,960,0.000384,13,5.2e-06,0.00049285,9.388001918792725
BenchmarkTest01963.java,0,CWE-89,CWE-89,1,0,1,0,0,0,1,0,0,0,2037,0.00010185000000000001,192,7.680000000000001e-05,13,5.2e-06,0.00018385000000000002,2.1495168209075928
BenchmarkTest01964.java,0,CWE-89,CWE-89,1,0,1,0,0,0,1,0,0,0,2276,0.00011380000000000001,320,0.000128,13,5.2e-06,0.00024700000000000004,3.761303663253784
BenchmarkTest01965.java,0,CWE-89,,,,0,0,1,0,0,0,1,0,,,,,,,,
BenchmarkTest01966.java,0,CWE-89,,,,0,0,1,0,0,0,1,0,,,,,,,,
BenchmarkTest01967.java,0,CWE-89,,,,0,0,1,0,0,0,1,0,,,,,,,,
BenchmarkTest01968.java,0,CWE-89,CWE-89,1,0,0,1,0,0,0,1,0,0,2104,0.00010520000000000001,512,0.00020480000000000002,13,5.2e-06,0.00031520000000000007,3.776775598526001
BenchmarkTest01969.java,0,CWE-89,CWE-89,1,1,0,1,0,0,0,0,1,0,2039,0.00010195,1024,0.00040960000000000004,12,4.800000000000001e-06,0.0005163500000000001,5.546241044998169
BenchmarkTest01970.java,0,CWE-89,CWE-89,1,0,1,0,0,0,1,0,0,0,2102,0.00010510000000000001,384,0.00015360000000000002,13,5.2e-06,0.00026390000000000007,2.8614370822906494
BenchmarkTest01971.java,0,CWE-89,CWE-89,1,0,1,0,0,0,1,0,0,0,2102,0.00010510000000000001,448,0.00017920000000000002,13,5.2e-06,0.00028950000000000004,2.746809482574463
BenchmarkTest01972.java,0,CWE-89,CWE-89,1,0,1,0,0,0,1,0,0,0,2005,0.00010025,576,0.00023040000000000002,14,5.600000000000001e-06,0.00033625000000000007,3.148469924926758
BenchmarkTest01973.java,0,CWE-89,CWE-89,1,1,0,1,0,0,0,0,1,0,2085,0.00010425,384,0.00015360000000000002,12,4.800000000000001e-06,0.00026265,2.923189878463745
BenchmarkTest01974.java,0,CWE-643,CWE-643,1,0,1,0,0,0,1,0,0,0,2235,0.00011175,1472,0.0005888000000000001,13,5.2e-06,0.0007057500000000001,8.266092300415039
BenchmarkTest01975.java,0,CWE-327,,,,0,0,1,0,0,0,1,0,,,,,,,,
BenchmarkTest01976.java,0,CWE-327,,,,0,0,1,0,0,0,1,0,,,,,,,,
BenchmarkTest01977.java,0,CWE-327,,,,0,0,1,0,0,0,1,0,,,,,,,,
BenchmarkTest01978.java,0,CWE-327,CWE-327,1,0,1,0,0,0,1,0,0,0,2482,0.0001241,576,0.00023040000000000002,13,5.2e-06,0.0003597,4.241677761077881
BenchmarkTest01979.java,0,CWE-327,,,,0,0,1,0,0,0,1,0,,,,,,,,
BenchmarkTest01980.java,0,CWE-327,CWE-327,1,0,1,0,0,0,1,0,0,0,2437,0.00012185000000000001,384,0.00015360000000000002,13,5.2e-06,0.00028065,3.065971612930298
BenchmarkTest01981.java,0,CWE-327,CWE-327,1,0,1,0,0,0,1,0,0,0,2447,0.00012235000000000002,1536,0.0006144000000000001,13,5.2e-06,0.0007419500000000001,7.563370227813721
BenchmarkTest01982.java,0,CWE-327,,,,0,0,1,0,0,0,1,0,,,,,,,,
BenchmarkTest01983.java,0,CWE-22,CWE-23,0,0,1,0,0,0,1,0,0,0,2395,0.00011975,1600,0.00064,13,5.2e-06,0.00076495,8.80182147026062
BenchmarkTest01984.java,0,CWE-22,CWE-23,0,1,0,1,0,0,0,0,1,0,2463,0.00012315,576,0.00023040000000000002,12,4.800000000000001e-06,0.00035835,3.8138012886047363
BenchmarkTest01985.java,0,CWE-22,CWE-23,0,1,1,0,0,0,0,0,0,1,2401,0.00012005000000000002,1920,0.000768,12,4.800000000000001e-06,0.00089285,9.331159353256226
BenchmarkTest01986.java,0,CWE-22,CWE-23,0,1,0,1,0,0,0,0,1,0,2604,0.00013020000000000002,448,0.00017920000000000002,12,4.800000000000001e-06,0.00031420000000000005,2.87894868850708
BenchmarkTest01987.java,0,CWE-22,CWE-23,0,0,1,0,0,0,1,0,0,0,2596,0.0001298,2432,0.0009728000000000001,14,5.600000000000001e-06,0.0011082,10.604450225830078
BenchmarkTest01988.java,0,CWE-22,CWE-23,0,1,1,0,0,0,0,0,0,1,2550,0.0001275,2624,0.0010496000000000001,13,5.2e-06,0.0011823,13.703966617584229
BenchmarkTest01989.java,0,CWE-22,CWE-23,0,1,1,0,0,0,0,0,0,1,2426,0.00012130000000000001,1216,0.00048640000000000006,14,5.600000000000001e-06,0.0006133000000000001,7.888298511505127
BenchmarkTest01990.java,0,CWE-22,CWE-23,0,1,0,1,0,0,0,0,1,0,2483,0.00012415,640,0.000256,12,4.800000000000001e-06,0.00038495,4.487448215484619
BenchmarkTest01991.java,0,CWE-22,CWE-23,0,1,0,1,0,0,0,0,1,0,2750,0.0001375,1472,0.0005888000000000001,12,4.800000000000001e-06,0.0007311000000000002,7.825046062469482
BenchmarkTest01992.java,0,CWE-330,CWE-330,1,0,1,0,0,0,1,0,0,0,2640,0.000132,192,7.680000000000001e-05,13,5.2e-06,0.00021400000000000002,1.5138394832611084
BenchmarkTest01993.java,0,CWE-328,,,,0,0,1,0,0,0,1,0,,,,,,,,
BenchmarkTest01994.java,0,CWE-328,,,,0,0,1,0,0,0,1,0,,,,,,,,
BenchmarkTest01995.java,0,CWE-328,,,,0,0,1,0,0,0,1,0,,,,,,,,
BenchmarkTest01996.java,0,CWE-328,,,,0,0,0,1,0,0,0,1,,,,,,,,
BenchmarkTest01997.java,0,CWE-328,,,,0,0,0,1,0,0,0,1,,,,,,,,
BenchmarkTest01998.java,0,CWE-328,,,,0,0,1,0,0,0,1,0,,,,,,,,
BenchmarkTest01999.java,0,CWE-330,CWE-330,1,0,1,0,0,0,1,0,0,0,2524,0.0001262,448,0.00017920000000000002,13,5.2e-06,0.00031060000000000007,4.025359392166138
BenchmarkTest02000.java,0,CWE-330,CWE-330,1,0,1,0,0,0,1,0,0,0,2444,0.00012220000000000002,320,0.000128,13,5.2e-06,0.00025540000000000003,2.668832540512085
BenchmarkTest02001.java,0,CWE-330,CWE-330,1,0,1,0,0,0,1,0,0,0,2429,0.00012145,384,0.00015360000000000002,13,5.2e-06,0.00028025,2.5134835243225098
BenchmarkTest02002.java,0,CWE-330,CWE-330,1,0,1,0,0,0,1,0,0,0,2439,0.00012195,1024,0.00040960000000000004,13,5.2e-06,0.00053675,7.645122051239014
BenchmarkTest02003.java,0,CWE-330,CWE-330,1,0,1,0,0,0,1,0,0,0,2630,0.0001315,384,0.00015360000000000002,13,5.2e-06,0.00029030000000000006,2.4582228660583496
BenchmarkTest02004.java,0,CWE-330,CWE-330,1,0,1,0,0,0,1,0,0,0,2396,0.00011980000000000001,640,0.000256,13,5.2e-06,0.00038100000000000005,3.4129016399383545
BenchmarkTest02005.java,0,CWE-614,CWE-614,1,0,1,0,0,0,1,0,0,0,2268,0.0001134,1280,0.000512,13,5.2e-06,0.0006306,8.203195810317993
BenchmarkTest02006.java,0,CWE-614,,,,0,0,1,0,0,0,1,0,,,,,,,,
BenchmarkTest02007.java,0,CWE-330,,,,0,0,1,0,0,0,1,0,,,,,,,,
BenchmarkTest02008.java,0,CWE-330,,,,0,0,1,0,0,0,1,0,,,,,,,,
BenchmarkTest02009.java,0,CWE-330,,,,0,0,1,0,0,0,1,0,,,,,,,,
BenchmarkTest02010.java,0,CWE-330,,,,0,0,1,0,0,0,1,0,,,,,,,,
BenchmarkTest02011.java,0,CWE-330,,,,0,0,1,0,0,0,1,0,,,,,,,,
BenchmarkTest02012.java,0,CWE-330,,,,0,0,1,0,0,0,1,0,,,,,,,,
BenchmarkTest02013.java,0,CWE-330,,,,0,0,1,0,0,0,1,0,,,,,,,,
BenchmarkTest02014.java,0,CWE-330,,,,0,0,1,0,0,0,1,0,,,,,,,,
BenchmarkTest02017.java,0,CWE-327,CWE-327,1,0,1,0,0,0,1,0,0,0,2727,0.00013635,384,0.00015360000000000002,13,5.2e-06,0.00029515000000000005,3.9837353229522705
BenchmarkTest02018.java,0,CWE-327,CWE-327,1,0,1,0,0,0,1,0,0,0,2902,0.0001451,512,0.00020480000000000002,14,5.600000000000001e-06,0.0003555,3.9195501804351807
BenchmarkTest02019.java,0,CWE-327,CWE-327,1,0,1,0,0,0,1,0,0,0,2714,0.00013570000000000002,256,0.00010240000000000001,13,5.2e-06,0.00024330000000000003,2.67520809173584
BenchmarkTest02020.java,0,CWE-327,CWE-327,1,0,1,0,0,0,1,0,0,0,2845,0.00014225,384,0.00015360000000000002,13,5.2e-06,0.00030105,2.8478643894195557
BenchmarkTest02021.java,0,CWE-327,,,,0,0,1,0,0,0,1,0,,,,,,,,
BenchmarkTest02022.java,0,CWE-327,CWE-327,1,0,1,0,0,0,1,0,0,0,2401,0.00012005000000000002,1472,0.0005888000000000001,14,5.600000000000001e-06,0.0007144500000000002,6.5918333530426025
BenchmarkTest02023.java,0,CWE-327,CWE-327,1,0,1,0,0,0,1,0,0,0,2402,0.0001201,960,0.000384,13,5.2e-06,0.0005093000000000001,5.574127197265625
BenchmarkTest02024.java,0,CWE-327,,,,0,0,1,0,0,0,1,0,,,,,,,,
BenchmarkTest02025.java,0,CWE-90,CWE-90,1,1,0,1,0,0,0,0,1,0,2311,0.00011555000000000002,576,0.00023040000000000002,12,4.800000000000001e-06,0.00035075000000000004,4.705203533172607
BenchmarkTest02026.java,0,CWE-22,CWE-23,0,1,0,1,0,0,0,0,1,0,2401,0.00012005000000000002,768,0.00030720000000000004,12,4.800000000000001e-06,0.00043205000000000007,4.557491302490234
BenchmarkTest02027.java,0,CWE-22,CWE-23,0,0,1,0,0,0,1,0,0,0,2352,0.00011760000000000001,896,0.00035840000000000004,13,5.2e-06,0.0004812000000000001,7.638697624206543
BenchmarkTest02028.java,0,CWE-22,CWE-23,0,0,0,1,0,0,0,1,0,0,2408,0.0001204,704,0.0002816,13,5.2e-06,0.00040720000000000003,4.457302570343018
BenchmarkTest02029.java,0,CWE-22,CWE-23,0,1,0,1,0,0,0,0,1,0,2412,0.0001206,512,0.00020480000000000002,12,4.800000000000001e-06,0.0003302,3.779773235321045
BenchmarkTest02030.java,0,CWE-22,CWE-23,0,1,0,1,0,0,0,0,1,0,2698,0.0001349,1920,0.000768,12,4.800000000000001e-06,0.0009077,13.090721845626831
BenchmarkTest02031.java,0,CWE-22,CWE-23,0,1,0,1,0,0,0,0,1,0,2484,0.0001242,704,0.0002816,12,4.800000000000001e-06,0.0004106,3.756171226501465
BenchmarkTest02032.java,0,CWE-22,CWE-23,0,0,1,0,0,0,1,0,0,0,2442,0.0001221,640,0.000256,13,5.2e-06,0.00038330000000000005,3.5241012573242188
BenchmarkTest02033.java,0,CWE-22,CWE-23,0,1,0,1,0,0,0,0,1,0,2446,0.00012230000000000002,832,0.0003328,12,4.800000000000001e-06,0.00045990000000000007,4.496823787689209
BenchmarkTest02034.java,0,CWE-22,CWE-23,0,0,1,0,0,0,1,0,0,0,2352,0.00011760000000000001,1472,0.0005888000000000001,13,5.2e-06,0.0007116000000000002,7.119448184967041
BenchmarkTest02035.java,0,CWE-22,CWE-23,0,1,0,1,0,0,0,0,1,0,2508,0.0001254,704,0.0002816,12,4.800000000000001e-06,0.00041180000000000003,3.7899982929229736
BenchmarkTest02036.java,0,CWE-90,CWE-90,1,0,1,0,0,0,1,0,0,0,2391,0.00011955,896,0.00035840000000000004,14,5.600000000000001e-06,0.00048355,5.650454759597778
BenchmarkTest02037.java,0,CWE-90,CWE-90,1,0,1,0,0,0,1,0,0,0,2352,0.00011760000000000001,768,0.00030720000000000004,13,5.2e-06,0.00043000000000000004,4.1081907749176025
BenchmarkTest02038.java,0,CWE-330,CWE-330,1,0,1,0,0,0,1,0,0,0,2443,0.00012215000000000001,512,0.00020480000000000002,13,5.2e-06,0.00033215,2.912163496017456
BenchmarkTest02039.java,0,CWE-330,CWE-330,1,0,1,0,0,0,1,0,0,0,2387,0.00011935000000000001,320,0.000128,13,5.2e-06,0.00025255000000000004,2.128582239151001
BenchmarkTest02040.java,0,CWE-330,CWE-330,1,0,1,0,0,0,1,0,0,0,2462,0.0001231,448,0.00017920000000000002,13,5.2e-06,0.00030750000000000005,3.1106388568878174
BenchmarkTest02041.java,0,CWE-328,,,,0,0,1,0,0,0,1,0,,,,,,,,
BenchmarkTest02042.java,0,CWE-328,CWE-916,0,0,1,0,0,0,1,0,0,0,2425,0.00012125,1344,0.0005376000000000001,13,5.2e-06,0.0006640500000000001,6.389455318450928
BenchmarkTest02043.java,0,CWE-328,,,,0,0,1,0,0,0,1,0,,,,,,,,
BenchmarkTest02044.java,0,CWE-328,,,,0,0,1,0,0,0,1,0,,,,,,,,
BenchmarkTest02045.java,0,CWE-79,CWE-79,1,0,0,1,0,0,0,1,0,0,2508,0.0001254,448,0.00017920000000000002,13,5.2e-06,0.00030980000000000005,4.260998010635376
BenchmarkTest02046.java,0,CWE-79,CWE-79,1,0,1,0,0,0,1,0,0,0,2493,0.00012465,1152,0.00046080000000000003,13,5.2e-06,0.0005906500000000001,5.7333760261535645
BenchmarkTest02047.java,0,CWE-79,CWE-79,1,0,1,0,0,0,1,0,0,0,2443,0.00012215000000000001,512,0.00020480000000000002,13,5.2e-06,0.00033215,3.8200016021728516
BenchmarkTest02048.java,0,CWE-79,CWE-79,1,1,0,1,0,0,0,0,1,0,2666,0.00013330000000000001,1920,0.000768,12,4.800000000000001e-06,0.0009061000000000001,9.236369609832764
BenchmarkTest02049.java,0,CWE-79,CWE-79,1,1,0,1,0,0,0,0,1,0,2444,0.00012220000000000002,640,0.000256,12,4.800000000000001e-06,0.000383,4.359748601913452
BenchmarkTest02050.java,0,CWE-79,CWE-79,1,0,1,0,0,0,1,0,0,0,2465,0.00012325,768,0.00030720000000000004,13,5.2e-06,0.00043565000000000005,7.742975950241089
BenchmarkTest02051.java,0,CWE-79,CWE-79,1,0,1,0,0,0,1,0,0,0,2457,0.00012285,640,0.000256,13,5.2e-06,0.00038405000000000004,7.8156843185424805
BenchmarkTest02052.java,0,CWE-79,CWE-79,1,1,0,1,0,0,0,0,1,0,2528,0.0001264,1088,0.00043520000000000006,12,4.800000000000001e-06,0.0005664000000000001,5.740950345993042
BenchmarkTest02053.java,0,CWE-79,CWE-79,1,1,0,1,0,0,0,0,1,0,2463,0.00012315,1024,0.00040960000000000004,12,4.800000000000001e-06,0.00053755,5.196454763412476
BenchmarkTest02054.java,0,CWE-79,CWE-79,1,0,1,0,0,0,1,0,0,0,2432,0.00012160000000000001,1536,0.0006144000000000001,13,5.2e-06,0.0007412000000000001,8.538267135620117
BenchmarkTest02055.java,0,CWE-79,CWE-79,1,0,1,0,0,0,1,0,0,0,2434,0.0001217,896,0.00035840000000000004,13,5.2e-06,0.00048530000000000003,4.521845817565918
BenchmarkTest02056.java,0,CWE-79,CWE-79,1,0,1,0,0,0,1,0,0,0,2490,0.0001245,512,0.00020480000000000002,13,5.2e-06,0.00033450000000000005,2.910177707672119
BenchmarkTest02057.java,0,CWE-79,CWE-79,1,0,1,0,0,0,1,0,0,0,2525,0.00012625,1152,0.00046080000000000003,13,5.2e-06,0.00059225,7.2786829471588135
BenchmarkTest02058.java,0,CWE-78,CWE-78,1,1,0,1,0,0,0,0,1,0,2172,0.00010860000000000001,1152,0.00046080000000000003,13,5.2e-06,0.0005746000000000001,6.7856621742248535
BenchmarkTest02059.java,0,CWE-78,CWE-78,1,0,1,0,0,0,1,0,0,0,2193,0.00010965000000000001,1216,0.00048640000000000006,13,5.2e-06,0.0006012500000000001,5.502485513687134
BenchmarkTest02060.java,0,CWE-330,CWE-330,1,0,1,0,0,0,1,0,0,0,2424,0.0001212,512,0.00020480000000000002,13,5.2e-06,0.00033120000000000003,2.725313425064087
BenchmarkTest02061.java,0,CWE-330,CWE-330,1,0,1,0,0,0,1,0,0,0,2388,0.0001194,256,0.00010240000000000001,13,5.2e-06,0.00022700000000000002,1.8393878936767578
BenchmarkTest02062.java,0,CWE-330,CWE-330,1,0,1,0,0,0,1,0,0,0,2590,0.0001295,384,0.00015360000000000002,13,5.2e-06,0.0002883,2.328369617462158
BenchmarkTest02063.java,0,CWE-330,CWE-330,1,0,1,0,0,0,1,0,0,0,2370,0.0001185,384,0.00015360000000000002,13,5.2e-06,0.0002773,2.2603344917297363
BenchmarkTest02064.java,0,CWE-614,,,,0,0,1,0,0,0,1,0,,,,,,,,
BenchmarkTest02065.java,0,CWE-614,,,,0,0,1,0,0,0,1,0,,,,,,,,
BenchmarkTest02066.java,0,CWE-614,,,,0,0,1,0,0,0,1,0,,,,,,,,
BenchmarkTest02067.java,0,CWE-78,CWE-78,1,0,0,1,0,0,0,1,0,0,2263,0.00011315,1920,0.000768,14,5.600000000000001e-06,0.0008867500000000001,12.42615270614624
BenchmarkTest02068.java,0,CWE-78,CWE-78,1,1,0,1,0,0,0,0,1,0,2059,0.00010295000000000001,1024,0.00040960000000000004,12,4.800000000000001e-06,0.0005173500000000001,5.240689277648926
BenchmarkTest02069.java,0,CWE-78,CWE-78,1,0,0,1,0,0,0,1,0,0,2173,0.00010865000000000001,1536,0.0006144000000000001,13,5.2e-06,0.0007282500000000001,7.277607202529907
BenchmarkTest02070.java,0,CWE-78,CWE-78,1,0,1,0,0,0,1,0,0,0,2054,0.0001027,1024,0.00040960000000000004,13,5.2e-06,0.0005175000000000001,6.479308128356934
BenchmarkTest02071.java,0,CWE-330,,,,0,0,1,0,0,0,1,0,,,,,,,,
BenchmarkTest02072.java,0,CWE-330,,,,0,0,1,0,0,0,1,0,,,,,,,,
BenchmarkTest02073.java,0,CWE-330,,,,0,0,1,0,0,0,1,0,,,,,,,,
BenchmarkTest02074.java,0,CWE-330,,,,0,0,1,0,0,0,1,0,,,,,,,,
BenchmarkTest02075.java,0,CWE-330,CWE-330,1,1,0,1,0,0,0,0,1,0,2504,0.0001252,960,0.000384,12,4.800000000000001e-06,0.000514,4.875471115112305
BenchmarkTest02076.java,0,CWE-330,CWE-330,1,1,0,1,0,0,0,0,1,0,2544,0.0001272,1536,0.0006144000000000001,12,4.800000000000001e-06,0.0007464,10.663920164108276
BenchmarkTest02077.java,0,CWE-330,,,,0,0,1,0,0,0,1,0,,,,,,,,
BenchmarkTest02078.java,0,CWE-330,,,,0,0,1,0,0,0,1,0,,,,,,,,
BenchmarkTest02079.java,0,CWE-330,,,,0,0,1,0,0,0,1,0,,,,,,,,
BenchmarkTest02080.java,0,CWE-330,,,,0,0,1,0,0,0,1,0,,,,,,,,
BenchmarkTest02081.java,0,CWE-330,,,,0,0,1,0,0,0,1,0,,,,,,,,
BenchmarkTest02082.java,0,CWE-330,,,,0,0,1,0,0,0,1,0,,,,,,,,
BenchmarkTest02083.java,0,CWE-330,,,,0,0,1,0,0,0,1,0,,,,,,,,
BenchmarkTest02087.java,0,CWE-89,CWE-89,1,0,1,0,0,0,1,0,0,0,2064,0.0001032,832,0.0003328,13,5.2e-06,0.00044120000000000004,6.258295059204102
BenchmarkTest02088.java,0,CWE-89,CWE-89,1,0,1,0,0,0,1,0,0,0,2081,0.00010405000000000001,320,0.000128,13,5.2e-06,0.00023725,4.321833372116089
BenchmarkTest02089.java,0,CWE-89,CWE-89,1,0,0,1,0,0,0,1,0,0,2085,0.00010425,704,0.0002816,14,5.600000000000001e-06,0.00039145,4.433061838150024
BenchmarkTest02090.java,0,CWE-89,,,,0,0,0,1,0,0,0,1,,,,,,,,
BenchmarkTest02091.java,0,CWE-89,CWE-89,1,0,1,0,0,0,1,0,0,0,2196,0.00010980000000000001,448,0.00017920000000000002,13,5.2e-06,0.00029420000000000005,2.8994545936584473
BenchmarkTest02092.java,0,CWE-89,CWE-89,1,0,1,0,0,0,1,0,0,0,2074,0.0001037,448,0.00017920000000000002,13,5.2e-06,0.0002881,2.612522840499878
BenchmarkTest02093.java,0,CWE-89,CWE-89,1,1,0,1,0,0,0,0,1,0,2096,0.00010480000000000001,1088,0.00043520000000000006,12,4.800000000000001e-06,0.0005448000000000001,6.666476488113403
BenchmarkTest02094.java,0,CWE-89,CWE-89,1,0,1,0,0,0,1,0,0,0,2041,0.00010205000000000001,256,0.00010240000000000001,13,5.2e-06,0.00020965,2.1742615699768066
BenchmarkTest02095.java,0,CWE-89,CWE-89,1,1,0,1,0,0,0,0,1,0,2120,0.000106,576,0.00023040000000000002,12,4.800000000000001e-06,0.00034120000000000005,3.589207887649536
BenchmarkTest02096.java,0,CWE-89,CWE-89,1,0,1,0,0,0,1,0,0,0,2062,0.00010310000000000001,1152,0.00046080000000000003,13,5.2e-06,0.0005691,6.283550262451172
BenchmarkTest02097.java,0,CWE-89,CWE-89,1,1,0,1,0,0,0,0,1,0,2116,0.00010580000000000001,576,0.00023040000000000002,12,4.800000000000001e-06,0.00034100000000000005,3.457146167755127
BenchmarkTest02098.java,0,CWE-89,CWE-89,1,0,0,1,0,0,0,1,0,0,2104,0.00010520000000000001,384,0.00015360000000000002,13,5.2e-06,0.000264,2.4145421981811523
BenchmarkTest02099.java,0,CWE-89,CWE-89,1,0,1,0,0,0,1,0,0,0,2062,0.00010310000000000001,448,0.00017920000000000002,13,5.2e-06,0.00028750000000000005,3.9043335914611816
BenchmarkTest02100.java,0,CWE-643,CWE-643,1,0,1,0,0,0,1,0,0,0,2254,0.0001127,512,0.00020480000000000002,13,5.2e-06,0.00032270000000000004,2.880230665206909
BenchmarkTest02101.java,0,CWE-327,CWE-327,1,0,1,0,0,0,1,0,0,0,2737,0.00013685,320,0.000128,13,5.2e-06,0.00027005,2.2097761631011963
BenchmarkTest02102.java,0,CWE-327,,,,0,0,1,0,0,0,1,0,,,,,,,,
BenchmarkTest02103.java,0,CWE-327,,,,0,0,1,0,0,0,1,0,,,,,,,,
BenchmarkTest02104.java,0,CWE-90,CWE-90,1,1,0,1,0,0,0,0,1,0,2336,0.0001168,1152,0.00046080000000000003,12,4.800000000000001e-06,0.0005824000000000001,5.929408550262451
BenchmarkTest02105.java,0,CWE-22,CWE-23,0,0,1,0,0,0,1,0,0,0,2349,0.00011745000000000001,1088,0.00043520000000000006,14,5.600000000000001e-06,0.00055825,7.20395827293396
BenchmarkTest02106.java,0,CWE-22,CWE-23,0,0,1,0,0,0,1,0,0,0,2320,0.000116,832,0.0003328,14,5.600000000000001e-06,0.0004544,4.061073541641235
BenchmarkTest02107.java,0,CWE-22,CWE-23,0,1,0,1,0,0,0,0,1,0,2313,0.00011565,704,0.0002816,13,5.2e-06,0.00040245000000000005,4.240577459335327
BenchmarkTest02108.java,0,CWE-22,CWE-23,0,1,0,1,0,0,0,0,1,0,2429,0.00012145,320,0.000128,12,4.800000000000001e-06,0.00025425000000000003,2.738553047180176
BenchmarkTest02109.java,0,CWE-22,CWE-23,0,0,1,0,0,0,1,0,0,0,2367,0.00011835,512,0.00020480000000000002,13,5.2e-06,0.00032835000000000004,3.2566919326782227
BenchmarkTest02110.java,0,CWE-22,CWE-23,0,1,0,1,0,0,0,0,1,0,2389,0.00011945,960,0.000384,12,4.800000000000001e-06,0.00050825,6.54271936416626
BenchmarkTest02111.java,0,CWE-22,CWE-23,0,1,0,1,0,0,0,0,1,0,2350,0.0001175,1472,0.0005888000000000001,12,4.800000000000001e-06,0.0007111000000000001,8.39037299156189
BenchmarkTest02112.java,0,CWE-22,CWE-23,0,0,1,0,0,0,1,0,0,0,2413,0.00012065,512,0.00020480000000000002,13,5.2e-06,0.00033065000000000004,4.636967658996582
BenchmarkTest02113.java,0,CWE-22,CWE-23,0,0,1,0,0,0,1,0,0,0,2536,0.00012680000000000002,640,0.000256,13,5.2e-06,0.000388,4.3300089836120605
BenchmarkTest02114.java,0,CWE-90,CWE-90,1,1,0,1,0,0,0,0,1,0,2358,0.0001179,704,0.0002816,12,4.800000000000001e-06,0.0004043,5.149622678756714
BenchmarkTest02115.java,0,CWE-90,CWE-90,1,1,0,1,0,0,0,0,1,0,2391,0.00011955,768,0.00030720000000000004,12,4.800000000000001e-06,0.00043155000000000005,4.985186338424683
BenchmarkTest02116.java,0,CWE-90,CWE-90,1,1,0,1,0,0,0,0,1,0,2350,0.0001175,512,0.00020480000000000002,12,4.800000000000001e-06,0.00032710000000000004,3.5177571773529053
BenchmarkTest02117.java,0,CWE-330,CWE-330,1,0,1,0,0,0,1,0,0,0,2430,0.0001215,256,0.00010240000000000001,14,5.600000000000001e-06,0.00022950000000000002,2.2235708236694336
BenchmarkTest02118.java,0,CWE-328,CWE-916,0,0,1,0,0,0,1,0,0,0,2421,0.00012105000000000002,512,0.00020480000000000002,13,5.2e-06,0.00033105000000000005,3.0104002952575684
BenchmarkTest02119.java,0,CWE-328,,,,0,0,1,0,0,0,1,0,,,,,,,,
BenchmarkTest02120.java,0,CWE-328,,,,0,0,1,0,0,0,1,0,,,,,,,,
BenchmarkTest02121.java,0,CWE-328,,,,0,0,0,1,0,0,0,1,,,,,,,,
BenchmarkTest02122.java,0,CWE-79,CWE-79,1,1,0,1,0,0,0,0,1,0,2503,0.00012515,1536,0.0006144000000000001,12,4.800000000000001e-06,0.0007443500000000001,8.131755590438843
BenchmarkTest02123.java,0,CWE-79,CWE-79,1,0,1,0,0,0,1,0,0,0,2419,0.00012095,896,0.00035840000000000004,13,5.2e-06,0.00048455000000000004,7.420994997024536
BenchmarkTest02124.java,0,CWE-79,CWE-79,1,0,1,0,0,0,1,0,0,0,2427,0.00012135000000000001,832,0.0003328,13,5.2e-06,0.00045935,4.87000584602356
BenchmarkTest02125.java,0,CWE-79,CWE-79,1,1,0,1,0,0,0,0,1,0,2380,0.000119,384,0.00015360000000000002,12,4.800000000000001e-06,0.0002774,2.5097970962524414
BenchmarkTest02126.java,0,CWE-79,CWE-79,1,0,1,0,0,0,1,0,0,0,2588,0.0001294,960,0.000384,13,5.2e-06,0.0005186,6.334224462509155
BenchmarkTest02127.java,0,CWE-79,CWE-79,1,0,1,0,0,0,1,0,0,0,2401,0.00012005000000000002,704,0.0002816,13,5.2e-06,0.00040685000000000005,3.5216526985168457
BenchmarkTest02128.java,0,CWE-79,CWE-79,1,0,1,0,0,0,1,0,0,0,2403,0.00012015,512,0.00020480000000000002,13,5.2e-06,0.00033015000000000003,3.9521913528442383
BenchmarkTest02129.java,0,CWE-79,CWE-79,1,0,1,0,0,0,1,0,0,0,2409,0.00012045,1024,0.00040960000000000004,13,5.2e-06,0.00053525,5.472293138504028
BenchmarkTest02130.java,0,CWE-79,CWE-79,1,0,1,0,0,0,1,0,0,0,2418,0.00012090000000000001,512,0.00020480000000000002,13,5.2e-06,0.0003309000000000001,3.1582493782043457
BenchmarkTest02131.java,0,CWE-79,CWE-79,1,0,1,0,0,0,1,0,0,0,2418,0.00012090000000000001,1664,0.0006656,13,5.2e-06,0.0007917000000000001,10.362711191177368
BenchmarkTest02132.java,0,CWE-79,CWE-79,1,0,1,0,0,0,1,0,0,0,2588,0.0001294,1600,0.00064,13,5.2e-06,0.0007746000000000001,7.260728359222412
BenchmarkTest02133.java,0,CWE-79,CWE-79,1,0,1,0,0,0,1,0,0,0,2397,0.00011985000000000001,576,0.00023040000000000002,13,5.2e-06,0.00035545000000000005,5.7676661014556885
BenchmarkTest02134.java,0,CWE-79,CWE-79,1,0,1,0,0,0,1,0,0,0,2405,0.00012025,768,0.00030720000000000004,13,5.2e-06,0.00043265,4.738502502441406
BenchmarkTest02135.java,0,CWE-79,CWE-79,1,1,0,1,0,0,0,0,1,0,2602,0.0001301,1280,0.000512,12,4.800000000000001e-06,0.0006469,11.980507850646973
BenchmarkTest02136.java,0,CWE-79,CWE-79,1,0,1,0,0,0,1,0,0,0,2425,0.00012125,512,0.00020480000000000002,13,5.2e-06,0.00033125000000000006,4.510438442230225
BenchmarkTest02137.java,0,CWE-78,CWE-78,1,0,1,0,0,0,1,0,0,0,2102,0.00010510000000000001,832,0.0003328,13,5.2e-06,0.00044310000000000004,5.959708213806152
BenchmarkTest02138.java,0,CWE-330,CWE-330,1,0,1,0,0,0,1,0,0,0,2388,0.0001194,384,0.00015360000000000002,13,5.2e-06,0.00027820000000000004,2.9708828926086426
BenchmarkTest02139.java,0,CWE-330,CWE-330,1,0,1,0,0,0,1,0,0,0,2354,0.0001177,640,0.000256,13,5.2e-06,0.0003789,3.857677936553955
BenchmarkTest02140.java,0,CWE-330,CWE-330,1,0,1,0,0,0,1,0,0,0,2362,0.00011810000000000001,1856,0.0007424,13,5.2e-06,0.0008657000000000001,10.44655179977417
BenchmarkTest02141.java,0,CWE-330,CWE-330,1,0,1,0,0,0,1,0,0,0,2324,0.0001162,576,0.00023040000000000002,13,5.2e-06,0.00035180000000000004,3.717996835708618
BenchmarkTest02142.java,0,CWE-614,CWE-614,1,0,1,0,0,0,1,0,0,0,2182,0.00010910000000000001,384,0.00015360000000000002,13,5.2e-06,0.00026790000000000006,2.6189706325531006
BenchmarkTest02143.java,0,CWE-614,,,,0,0,1,0,0,0,1,0,,,,,,,,
BenchmarkTest02144.java,0,CWE-614,,,,0,0,1,0,0,0,1,0,,,,,,,,
BenchmarkTest02145.java,0,CWE-79,CWE-79,1,0,1,0,0,0,1,0,0,0,2594,0.0001297,1728,0.0006912,13,5.2e-06,0.0008261000000000001,7.57443380355835
BenchmarkTest02146.java,0,CWE-78,CWE-78,1,0,1,0,0,0,1,0,0,0,2100,0.000105,1280,0.000512,13,5.2e-06,0.0006221999999999999,7.536642551422119
BenchmarkTest02147.java,0,CWE-78,CWE-78,1,0,1,0,0,0,1,0,0,0,2040,0.000102,960,0.000384,13,5.2e-06,0.0004912,5.0216147899627686
BenchmarkTest02148.java,0,CWE-78,CWE-78,1,1,0,1,0,0,0,0,1,0,2375,0.00011875,1856,0.0007424,12,4.800000000000001e-06,0.0008659500000000001,8.030145168304443
BenchmarkTest02149.java,0,CWE-78,CWE-78,1,1,0,1,0,0,0,0,1,0,2177,0.00010885,1344,0.0005376000000000001,12,4.800000000000001e-06,0.00065125,7.979275226593018
BenchmarkTest02150.java,0,CWE-78,CWE-78,1,0,1,0,0,0,1,0,0,0,2238,0.00011190000000000001,1280,0.000512,13,5.2e-06,0.0006291,8.634448289871216
BenchmarkTest02151.java,0,CWE-78,CWE-78,1,0,1,0,0,0,1,0,0,0,2215,0.00011075,1408,0.0005632,13,5.2e-06,0.00067915,6.173480033874512
BenchmarkTest02152.java,0,CWE-78,CWE-78,1,0,1,0,0,0,1,0,0,0,2197,0.00010985000000000001,2176,0.0008704000000000001,13,5.2e-06,0.0009854500000000001,12.397716283798218
BenchmarkTest02153.java,0,CWE-78,CWE-78,1,1,0,1,0,0,0,0,1,0,2225,0.00011125,1408,0.0005632,12,4.800000000000001e-06,0.0006792500000000001,12.893289804458618
BenchmarkTest02154.java,0,CWE-78,CWE-78,1,0,1,0,0,0,1,0,0,0,2092,0.00010460000000000001,1024,0.00040960000000000004,13,5.2e-06,0.0005194,7.886167526245117
BenchmarkTest02155.java,0,CWE-78,CWE-78,1,0,1,0,0,0,1,0,0,0,2046,0.0001023,1664,0.0006656,13,5.2e-06,0.0007731000000000001,13.531396389007568
BenchmarkTest02156.java,0,CWE-78,CWE-78,1,1,0,1,0,0,0,0,1,0,2018,0.0001009,1472,0.0005888000000000001,12,4.800000000000001e-06,0.0006945000000000001,7.3830766677856445
BenchmarkTest02157.java,0,CWE-330,,,,0,0,1,0,0,0,1,0,,,,,,,,
BenchmarkTest02158.java,0,CWE-330,,,,0,0,1,0,0,0,1,0,,,,,,,,
BenchmarkTest02159.java,0,CWE-330,,,,0,0,1,0,0,0,1,0,,,,,,,,
BenchmarkTest02160.java,0,CWE-330,CWE-330,1,1,0,1,0,0,0,0,1,0,2517,0.00012585,768,0.00030720000000000004,12,4.800000000000001e-06,0.00043785000000000004,6.0735859870910645
BenchmarkTest02161.java,0,CWE-330,,,,0,0,1,0,0,0,1,0,,,,,,,,
BenchmarkTest02162.java,0,CWE-330,,,,0,0,1,0,0,0,1,0,,,,,,,,
BenchmarkTest02163.java,0,CWE-330,,,,0,0,1,0,0,0,1,0,,,,,,,,
BenchmarkTest02164.java,0,CWE-330,,,,0,0,1,0,0,0,1,0,,,,,,,,
BenchmarkTest02169.java,0,CWE-89,CWE-89,1,0,1,0,0,0,1,0,0,0,2035,0.00010175,896,0.00035840000000000004,13,5.2e-06,0.00046535000000000006,4.251084089279175
BenchmarkTest02170.java,0,CWE-89,CWE-89,1,0,1,0,0,0,1,0,0,0,2064,0.0001032,1216,0.00048640000000000006,13,5.2e-06,0.0005948,6.878061532974243
BenchmarkTest02171.java,0,CWE-89,CWE-89,1,0,1,0,0,0,1,0,0,0,2059,0.00010295000000000001,384,0.00015360000000000002,13,5.2e-06,0.00026175000000000005,2.873534679412842
BenchmarkTest02172.java,0,CWE-89,CWE-89,1,1,0,1,0,0,0,0,1,0,2044,0.0001022,960,0.000384,12,4.800000000000001e-06,0.000491,5.561599969863892
BenchmarkTest02173.java,0,CWE-89,CWE-89,1,0,0,1,0,0,0,1,0,0,2103,0.00010515000000000001,832,0.0003328,14,5.600000000000001e-06,0.00044355,4.919060945510864
BenchmarkTest02174.java,0,CWE-89,CWE-89,1,1,0,1,0,0,0,0,1,0,2043,0.00010215,704,0.0002816,12,4.800000000000001e-06,0.00038855000000000004,5.438849687576294
BenchmarkTest02175.java,0,CWE-89,,,,0,0,1,0,0,0,1,0,,,,,,,,
BenchmarkTest02176.java,0,CWE-89,,,,0,0,1,0,0,0,1,0,,,,,,,,
BenchmarkTest02177.java,0,CWE-89,CWE-89,1,0,1,0,0,0,1,0,0,0,2251,0.00011255000000000001,576,0.00023040000000000002,13,5.2e-06,0.00034815000000000003,4.51637077331543
BenchmarkTest02178.java,0,CWE-89,,,,0,0,0,1,0,0,0,1,,,,,,,,
BenchmarkTest02179.java,0,CWE-89,,,,0,0,0,1,0,0,0,1,,,,,,,,
BenchmarkTest02180.java,0,CWE-89,,,,0,0,1,0,0,0,1,0,,,,,,,,
BenchmarkTest02181.java,0,CWE-89,,,,0,0,0,1,0,0,0,1,,,,,,,,
BenchmarkTest02182.java,0,CWE-89,,,,0,0,0,1,0,0,0,1,,,,,,,,
BenchmarkTest02183.java,0,CWE-89,,,,0,0,1,0,0,0,1,0,,,,,,,,
BenchmarkTest02184.java,0,CWE-89,,,,0,0,1,0,0,0,1,0,,,,,,,,
BenchmarkTest02185.java,0,CWE-89,CWE-89,1,1,0,1,0,0,0,0,1,0,2049,0.00010245,832,0.0003328,12,4.800000000000001e-06,0.00044005,7.201450347900391
BenchmarkTest02186.java,0,CWE-89,CWE-89,1,0,1,0,0,0,1,0,0,0,1997,9.985000000000001e-05,448,0.00017920000000000002,13,5.2e-06,0.00028425000000000005,4.751577377319336
BenchmarkTest02187.java,0,CWE-89,CWE-89,1,0,1,0,0,0,1,0,0,0,2066,0.00010330000000000002,448,0.00017920000000000002,13,5.2e-06,0.00028770000000000005,3.4710068702697754
BenchmarkTest02188.java,0,CWE-89,CWE-89,1,1,0,1,0,0,0,0,1,0,2218,0.00011090000000000001,960,0.000384,12,4.800000000000001e-06,0.0004997000000000001,7.7690465450286865
BenchmarkTest02189.java,0,CWE-643,CWE-643,1,0,1,0,0,0,1,0,0,0,2130,0.0001065,576,0.00023040000000000002,13,5.2e-06,0.0003421,3.6342196464538574
BenchmarkTest02190.java,0,CWE-327,,,,0,0,1,0,0,0,1,0,,,,,,,,
BenchmarkTest02191.java,0,CWE-327,,,,0,0,1,0,0,0,1,0,,,,,,,,
BenchmarkTest02192.java,0,CWE-327,CWE-327,1,0,1,0,0,0,1,0,0,0,2801,0.00014005000000000002,448,0.00017920000000000002,13,5.2e-06,0.00032445000000000005,5.03360915184021
BenchmarkTest02193.java,0,CWE-327,CWE-327,1,0,1,0,0,0,1,0,0,0,2823,0.00014115000000000002,640,0.000256,13,5.2e-06,0.00040235,6.324837923049927
BenchmarkTest02194.java,0,CWE-327,CWE-327,1,0,1,0,0,0,1,0,0,0,2391,0.00011955,320,0.000128,13,5.2e-06,0.00025275000000000004,4.678972244262695
BenchmarkTest02195.java,0,CWE-327,CWE-327,1,0,1,0,0,0,1,0,0,0,2415,0.00012075,320,0.000128,13,5.2e-06,0.00025395,3.287142515182495
BenchmarkTest02196.java,0,CWE-90,CWE-90,1,0,1,0,0,0,1,0,0,0,2368,0.0001184,448,0.00017920000000000002,13,5.2e-06,0.00030280000000000004,2.9318130016326904
BenchmarkTest02197.java,0,CWE-22,CWE-23,0,0,1,0,0,0,1,0,0,0,2410,0.0001205,704,0.0002816,13,5.2e-06,0.00040730000000000003,4.032287359237671
BenchmarkTest02198.java,0,CWE-22,CWE-23,0,0,1,0,0,0,1,0,0,0,2411,0.00012055000000000002,768,0.00030720000000000004,13,5.2e-06,0.0004329500000000001,6.195244789123535
BenchmarkTest02199.java,0,CWE-22,CWE-23,0,0,1,0,0,0,1,0,0,0,2308,0.0001154,1344,0.0005376000000000001,13,5.2e-06,0.0006582000000000001,7.476743221282959
BenchmarkTest02200.java,0,CWE-22,CWE-23,0,1,0,1,0,0,0,0,1,0,2339,0.00011695,640,0.000256,12,4.800000000000001e-06,0.00037775,4.283405303955078
BenchmarkTest02201.java,0,CWE-22,CWE-23,0,1,0,1,0,0,0,0,1,0,2546,0.0001273,704,0.0002816,12,4.800000000000001e-06,0.0004137,3.5674779415130615
BenchmarkTest02202.java,0,CWE-22,CWE-23,0,1,0,1,0,0,0,0,1,0,2392,0.00011960000000000001,768,0.00030720000000000004,12,4.800000000000001e-06,0.0004316000000000001,4.516311883926392
BenchmarkTest02203.java,0,CWE-22,CWE-23,0,1,0,1,0,0,0,0,1,0,2589,0.00012945000000000003,1472,0.0005888000000000001,12,4.800000000000001e-06,0.0007230500000000001,12.285258293151855
BenchmarkTest02204.java,0,CWE-22,CWE-23,0,1,0,1,0,0,0,0,1,0,2386,0.00011930000000000001,1088,0.00043520000000000006,12,4.800000000000001e-06,0.0005593000000000001,5.900394439697266
BenchmarkTest02205.java,0,CWE-22,CWE-23,0,0,1,0,0,0,1,0,0,0,2384,0.0001192,448,0.00017920000000000002,13,5.2e-06,0.0003036,2.781931161880493
BenchmarkTest02206.java,0,CWE-22,CWE-23,0,1,0,1,0,0,0,0,1,0,2510,0.0001255,448,0.00017920000000000002,12,4.800000000000001e-06,0.0003095,3.3384194374084473
BenchmarkTest02207.java,0,CWE-22,CWE-23,0,0,0,1,0,0,0,1,0,0,2562,0.0001281,448,0.00017920000000000002,13,5.2e-06,0.00031250000000000006,3.424046039581299
BenchmarkTest02208.java,0,CWE-90,CWE-90,1,0,1,0,0,0,1,0,0,0,2438,0.00012190000000000001,768,0.00030720000000000004,13,5.2e-06,0.0004343000000000001,4.142804145812988
BenchmarkTest02209.java,0,CWE-330,CWE-330,1,0,1,0,0,0,1,0,0,0,2458,0.0001229,576,0.00023040000000000002,13,5.2e-06,0.00035850000000000004,5.562020540237427
BenchmarkTest02210.java,0,CWE-328,,,,0,0,1,0,0,0,1,0,,,,,,,,
BenchmarkTest02211.java,0,CWE-328,CWE-916,0,0,1,0,0,0,1,0,0,0,2383,0.00011915000000000001,832,0.0003328,13,5.2e-06,0.00045715,4.653523921966553
BenchmarkTest02212.java,0,CWE-328,CWE-916,0,0,1,0,0,0,1,0,0,0,2401,0.00012005000000000002,832,0.0003328,13,5.2e-06,0.00045805000000000005,6.104052543640137
BenchmarkTest02213.java,0,CWE-328,CWE-916,0,0,1,0,0,0,1,0,0,0,2397,0.00011985000000000001,832,0.0003328,13,5.2e-06,0.00045785000000000004,6.503576040267944
BenchmarkTest02214.java,0,CWE-328,,,,0,0,1,0,0,0,1,0,,,,,,,,
BenchmarkTest02215.java,0,CWE-328,,,,0,0,1,0,0,0,1,0,,,,,,,,
BenchmarkTest02216.java,0,CWE-328,,,,0,0,1,0,0,0,1,0,,,,,,,,
BenchmarkTest02217.java,0,CWE-328,CWE-916,0,0,1,0,0,0,1,0,0,0,2333,0.00011665,576,0.00023040000000000002,13,5.2e-06,0.00035225,3.869375705718994
BenchmarkTest02218.java,0,CWE-328,,,,0,0,1,0,0,0,1,0,,,,,,,,
BenchmarkTest02219.java,0,CWE-328,,,,0,0,0,1,0,0,0,1,,,,,,,,
BenchmarkTest02220.java,0,CWE-328,,,,0,0,1,0,0,0,1,0,,,,,,,,
BenchmarkTest02221.java,0,CWE-79,CWE-79,1,0,1,0,0,0,1,0,0,0,2526,0.0001263,896,0.00035840000000000004,13,5.2e-06,0.0004899,5.336529731750488
BenchmarkTest02222.java,0,CWE-79,CWE-79,1,0,0,1,0,0,0,1,0,0,2504,0.0001252,1472,0.0005888000000000001,13,5.2e-06,0.0007192000000000001,9.021519422531128
BenchmarkTest02223.java,0,CWE-79,CWE-79,1,0,1,0,0,0,1,0,0,0,2446,0.00012230000000000002,896,0.00035840000000000004,13,5.2e-06,0.00048590000000000005,6.507248163223267
BenchmarkTest02224.java,0,CWE-79,CWE-79,1,0,1,0,0,0,1,0,0,0,2457,0.00012285,704,0.0002816,13,5.2e-06,0.00040965,4.779902935028076
BenchmarkTest02225.java,0,CWE-79,CWE-79,1,0,1,0,0,0,1,0,0,0,2499,0.00012495,704,0.0002816,13,5.2e-06,0.00041175,4.121678829193115
BenchmarkTest02226.java,0,CWE-79,CWE-79,1,1,0,1,0,0,0,0,1,0,2435,0.00012175,384,0.00015360000000000002,12,4.800000000000001e-06,0.00028015000000000006,2.4385149478912354
BenchmarkTest02227.java,0,CWE-79,CWE-79,1,0,1,0,0,0,1,0,0,0,2428,0.00012140000000000001,512,0.00020480000000000002,13,5.2e-06,0.00033140000000000003,3.5760724544525146
BenchmarkTest02228.java,0,CWE-79,CWE-79,1,0,1,0,0,0,1,0,0,0,2425,0.00012125,576,0.00023040000000000002,13,5.2e-06,0.00035685000000000003,4.131786823272705
BenchmarkTest02229.java,0,CWE-79,CWE-79,1,1,0,1,0,0,0,0,1,0,2528,0.0001264,768,0.00030720000000000004,12,4.800000000000001e-06,0.00043840000000000003,5.902137756347656
BenchmarkTest02230.java,0,CWE-79,CWE-79,1,0,1,0,0,0,1,0,0,0,2487,0.00012435000000000001,960,0.000384,13,5.2e-06,0.0005135500000000001,9.48407506942749
BenchmarkTest02231.java,0,CWE-79,CWE-79,1,1,0,1,0,0,0,0,1,0,2658,0.0001329,1152,0.00046080000000000003,12,4.800000000000001e-06,0.0005985000000000001,5.381512641906738
BenchmarkTest02232.java,0,CWE-79,CWE-79,1,0,1,0,0,0,1,0,0,0,2414,0.0001207,1024,0.00040960000000000004,13,5.2e-06,0.0005355000000000001,6.388530254364014
BenchmarkTest02233.java,0,CWE-79,CWE-79,1,1,0,1,0,0,0,0,1,0,2486,0.0001243,960,0.000384,12,4.800000000000001e-06,0.0005131000000000001,6.849920272827148
BenchmarkTest02234.java,0,CWE-79,CWE-79,1,0,1,0,0,0,1,0,0,0,2437,0.00012185000000000001,1664,0.0006656,14,5.600000000000001e-06,0.0007930500000000001,10.169160604476929
BenchmarkTest02235.java,0,CWE-79,CWE-79,1,1,0,1,0,0,0,0,1,0,2439,0.00012195,896,0.00035840000000000004,12,4.800000000000001e-06,0.00048515000000000006,6.319377422332764
BenchmarkTest02236.java,0,CWE-79,CWE-79,1,1,0,1,0,0,0,0,1,0,2441,0.00012205000000000001,832,0.0003328,12,4.800000000000001e-06,0.00045965000000000003,5.145707607269287
BenchmarkTest02237.java,0,CWE-79,CWE-79,1,1,0,1,0,0,0,0,1,0,2413,0.00012065,448,0.00017920000000000002,12,4.800000000000001e-06,0.00030465000000000006,3.7837820053100586
BenchmarkTest02238.java,0,CWE-79,CWE-79,1,1,0,1,0,0,0,0,1,0,2635,0.00013175,1280,0.000512,12,4.800000000000001e-06,0.00064855,6.490264177322388
BenchmarkTest02239.java,0,CWE-79,CWE-79,1,1,0,1,0,0,0,0,1,0,2471,0.00012355000000000002,768,0.00030720000000000004,12,4.800000000000001e-06,0.00043555000000000004,5.651893854141235
BenchmarkTest02240.java,0,CWE-79,CWE-79,1,1,0,1,0,0,0,0,1,0,2486,0.0001243,512,0.00020480000000000002,12,4.800000000000001e-06,0.00033390000000000004,4.467747926712036
BenchmarkTest02241.java,0,CWE-79,CWE-79,1,0,1,0,0,0,1,0,0,0,2493,0.00012465,704,0.0002816,14,5.600000000000001e-06,0.00041185000000000006,8.347161769866943
BenchmarkTest02242.java,0,CWE-78,CWE-78,1,1,0,1,0,0,0,0,1,0,2339,0.00011695,1088,0.00043520000000000006,12,4.800000000000001e-06,0.0005569500000000001,8.030171394348145
BenchmarkTest02243.java,0,CWE-78,CWE-78,1,0,1,0,0,0,1,0,0,0,2186,0.00010930000000000001,832,0.0003328,13,5.2e-06,0.00044730000000000003,6.087229251861572
BenchmarkTest02244.java,0,CWE-78,CWE-78,1,0,1,0,0,0,1,0,0,0,2128,0.00010640000000000001,896,0.00035840000000000004,13,5.2e-06,0.00047000000000000004,5.593215465545654
BenchmarkTest02245.java,0,CWE-330,CWE-330,1,0,1,0,0,0,1,0,0,0,2402,0.0001201,256,0.00010240000000000001,13,5.2e-06,0.0002277,2.8564867973327637
BenchmarkTest02246.java,0,CWE-330,CWE-330,1,0,1,0,0,0,1,0,0,0,2445,0.00012225,1152,0.00046080000000000003,13,5.2e-06,0.00058825,6.264006853103638
BenchmarkTest02247.java,0,CWE-614,,,,0,0,1,0,0,0,1,0,,,,,,,,
BenchmarkTest02248.java,0,CWE-614,,,,0,0,1,0,0,0,1,0,,,,,,,,
BenchmarkTest02249.java,0,CWE-78,CWE-78,1,0,1,0,0,0,1,0,0,0,2133,0.00010665,1600,0.00064,13,5.2e-06,0.0007518500000000001,8.913864135742188
BenchmarkTest02250.java,0,CWE-78,CWE-78,1,0,1,0,0,0,1,0,0,0,2155,0.00010775,896,0.00035840000000000004,13,5.2e-06,0.00047135000000000005,6.268750429153442
BenchmarkTest02251.java,0,CWE-78,CWE-78,1,0,1,0,0,0,1,0,0,0,2206,0.00011030000000000001,1344,0.0005376000000000001,13,5.2e-06,0.0006531000000000001,8.543657541275024
BenchmarkTest02252.java,0,CWE-78,CWE-78,1,1,0,1,0,0,0,0,1,0,2220,0.000111,1856,0.0007424,12,4.800000000000001e-06,0.0008582,9.020711660385132
BenchmarkTest02253.java,0,CWE-78,CWE-78,1,1,0,1,0,0,0,0,1,0,2270,0.0001135,896,0.00035840000000000004,12,4.800000000000001e-06,0.00047670000000000004,7.774831771850586
BenchmarkTest02254.java,0,CWE-330,,,,0,0,1,0,0,0,1,0,,,,,,,,
BenchmarkTest02255.java,0,CWE-330,,,,0,0,1,0,0,0,1,0,,,,,,,,
BenchmarkTest02256.java,0,CWE-330,,,,0,0,1,0,0,0,1,0,,,,,,,,
BenchmarkTest02257.java,0,CWE-330,,,,0,0,1,0,0,0,1,0,,,,,,,,
BenchmarkTest02258.java,0,CWE-330,CWE-330,1,1,0,1,0,0,0,0,1,0,2476,0.0001238,768,0.00030720000000000004,12,4.800000000000001e-06,0.0004358000000000001,6.012308359146118
BenchmarkTest02259.java,0,CWE-330,,,,0,0,1,0,0,0,1,0,,,,,,,,
BenchmarkTest02260.java,0,CWE-330,,,,0,0,1,0,0,0,1,0,,,,,,,,
BenchmarkTest02264.java,0,CWE-89,CWE-89,1,0,1,0,0,0,1,0,0,0,2076,0.00010380000000000002,768,0.00030720000000000004,13,5.2e-06,0.0004162000000000001,4.817148447036743
BenchmarkTest02265.java,0,CWE-89,CWE-89,1,1,0,1,0,0,0,0,1,0,2102,0.00010510000000000001,1216,0.00048640000000000006,12,4.800000000000001e-06,0.0005963,10.285459756851196
BenchmarkTest02266.java,0,CWE-89,CWE-89,1,1,0,1,0,0,0,0,1,0,2134,0.0001067,1216,0.00048640000000000006,12,4.800000000000001e-06,0.0005979000000000001,7.948342800140381
BenchmarkTest02267.java,0,CWE-89,CWE-89,1,1,0,1,0,0,0,0,1,0,2091,0.00010455000000000001,1152,0.00046080000000000003,12,4.800000000000001e-06,0.0005701500000000001,5.658803224563599
BenchmarkTest02268.java,0,CWE-89,CWE-89,1,1,0,1,0,0,0,0,1,0,2160,0.000108,896,0.00035840000000000004,12,4.800000000000001e-06,0.00047120000000000007,9.64935040473938
BenchmarkTest02269.java,0,CWE-89,CWE-89,1,0,1,0,0,0,1,0,0,0,2093,0.00010465000000000001,704,0.0002816,13,5.2e-06,0.00039145000000000006,5.023422956466675
BenchmarkTest02270.java,0,CWE-89,CWE-89,1,0,1,0,0,0,1,0,0,0,2177,0.00010885,832,0.0003328,13,5.2e-06,0.00044685000000000005,5.559877634048462
BenchmarkTest02271.java,0,CWE-89,CWE-89,1,1,0,1,0,0,0,0,1,0,2065,0.00010325,1152,0.00046080000000000003,12,4.800000000000001e-06,0.0005688500000000001,6.821626424789429
BenchmarkTest02272.java,0,CWE-89,CWE-89,1,0,1,0,0,0,1,0,0,0,2078,0.0001039,384,0.00015360000000000002,13,5.2e-06,0.00026270000000000004,2.2297956943511963
BenchmarkTest02273.java,0,CWE-89,CWE-89,1,0,1,0,0,0,1,0,0,0,2137,0.00010685000000000001,1280,0.000512,13,5.2e-06,0.00062405,6.079720735549927
BenchmarkTest02274.java,0,CWE-89,CWE-89,1,0,0,1,0,0,0,1,0,0,2280,0.000114,640,0.000256,13,5.2e-06,0.0003752,3.671231746673584
BenchmarkTest02275.java,0,CWE-89,,,,0,0,0,1,0,0,0,1,,,,,,,,
BenchmarkTest02276.java,0,CWE-89,,,,0,0,1,0,0,0,1,0,,,,,,,,
BenchmarkTest02277.java,0,CWE-89,,,,0,0,0,1,0,0,0,1,,,,,,,,
BenchmarkTest02278.java,0,CWE-89,,,,0,0,1,0,0,0,1,0,,,,,,,,
BenchmarkTest02279.java,0,CWE-89,,,,0,0,1,0,0,0,1,0,,,,,,,,
BenchmarkTest02280.java,0,CWE-89,,,,0,0,1,0,0,0,1,0,,,,,,,,
BenchmarkTest02281.java,0,CWE-89,,,,0,0,0,1,0,0,0,1,,,,,,,,
BenchmarkTest02282.java,0,CWE-89,CWE-89,1,1,0,1,0,0,0,0,1,0,2081,0.00010405000000000001,576,0.00023040000000000002,12,4.800000000000001e-06,0.00033925000000000003,5.482762098312378
BenchmarkTest02283.java,0,CWE-89,CWE-89,1,1,0,1,0,0,0,0,1,0,2080,0.000104,960,0.000384,11,4.4e-06,0.0004924,6.672076940536499
BenchmarkTest02284.java,0,CWE-89,CWE-89,1,0,1,0,0,0,1,0,0,0,2042,0.00010210000000000002,384,0.00015360000000000002,13,5.2e-06,0.00026090000000000005,2.613238573074341
BenchmarkTest02285.java,0,CWE-89,CWE-89,1,1,0,1,0,0,0,0,1,0,2045,0.00010225,960,0.000384,12,4.800000000000001e-06,0.00049105,5.028165578842163
BenchmarkTest02286.java,0,CWE-89,CWE-89,1,0,1,0,0,0,1,0,0,0,2053,0.00010265,576,0.00023040000000000002,13,5.2e-06,0.00033825,2.9861676692962646
BenchmarkTest02287.java,0,CWE-89,CWE-89,1,0,1,0,0,0,1,0,0,0,2046,0.0001023,256,0.00010240000000000001,13,5.2e-06,0.0002099,2.0398447513580322
BenchmarkTest02288.java,0,CWE-89,CWE-89,1,0,1,0,0,0,1,0,0,0,2050,0.0001025,448,0.00017920000000000002,13,5.2e-06,0.00028690000000000003,2.741612434387207
BenchmarkTest02289.java,0,CWE-327,,,,0,0,1,0,0,0,1,0,,,,,,,,
BenchmarkTest02290.java,0,CWE-327,CWE-327,1,0,1,0,0,0,1,0,0,0,2850,0.0001425,384,0.00015360000000000002,13,5.2e-06,0.0003013,2.693480968475342
BenchmarkTest02291.java,0,CWE-327,CWE-327,1,0,1,0,0,0,1,0,0,0,3042,0.00015209999999999998,320,0.000128,13,5.2e-06,0.0002853,2.6784191131591797
BenchmarkTest02292.java,0,CWE-327,CWE-327,1,0,1,0,0,0,1,0,0,0,2814,0.0001407,384,0.00015360000000000002,13,5.2e-06,0.00029950000000000007,3.671095132827759
BenchmarkTest02293.java,0,CWE-327,CWE-327,1,0,1,0,0,0,1,0,0,0,2669,0.00013345000000000002,256,0.00010240000000000001,13,5.2e-06,0.00024105,2.4664409160614014
BenchmarkTest02294.java,0,CWE-327,CWE-327,1,0,1,0,0,0,1,0,0,0,2478,0.0001239,448,0.00017920000000000002,13,5.2e-06,0.00030830000000000007,2.5079128742218018
BenchmarkTest02295.java,0,CWE-327,CWE-327,1,0,1,0,0,0,1,0,0,0,2484,0.0001242,576,0.00023040000000000002,13,5.2e-06,0.00035980000000000007,3.48663592338562
BenchmarkTest02296.java,0,CWE-327,,,,0,0,1,0,0,0,1,0,,,,,,,,
BenchmarkTest02297.java,0,CWE-327,,,,0,0,1,0,0,0,1,0,,,,,,,,
BenchmarkTest02298.java,0,CWE-327,,,,0,0,1,0,0,0,1,0,,,,,,,,
BenchmarkTest02299.java,0,CWE-90,CWE-90,1,0,1,0,0,0,1,0,0,0,2388,0.0001194,1728,0.0006912,13,5.2e-06,0.0008158,7.933957815170288
BenchmarkTest02300.java,0,CWE-22,CWE-23,0,1,0,1,0,0,0,0,1,0,2639,0.00013195,1600,0.00064,12,4.800000000000001e-06,0.0007767500000000001,10.068722486495972
BenchmarkTest02301.java,0,CWE-22,CWE-23,0,1,0,1,0,0,0,0,1,0,2445,0.00012225,1088,0.00043520000000000006,12,4.800000000000001e-06,0.00056225,8.224656581878662
BenchmarkTest02302.java,0,CWE-22,CWE-23,0,0,1,0,0,0,1,0,0,0,2406,0.00012030000000000001,2048,0.0008192000000000001,13,5.2e-06,0.0009447000000000001,10.475643157958984
BenchmarkTest02303.java,0,CWE-22,CWE-23,0,0,1,0,0,0,1,0,0,0,2620,0.000131,1024,0.00040960000000000004,13,5.2e-06,0.0005458,6.071795225143433
BenchmarkTest02304.java,0,CWE-22,CWE-23,0,0,1,0,0,0,1,0,0,0,2535,0.00012675,896,0.00035840000000000004,13,5.2e-06,0.0004903500000000001,5.972986459732056
BenchmarkTest02305.java,0,CWE-90,CWE-90,1,0,1,0,0,0,1,0,0,0,2454,0.0001227,1472,0.0005888000000000001,14,5.600000000000001e-06,0.0007171000000000001,7.456094980239868
BenchmarkTest02306.java,0,CWE-90,CWE-90,1,0,1,0,0,0,1,0,0,0,2396,0.00011980000000000001,192,7.680000000000001e-05,13,5.2e-06,0.0002018,2.7167484760284424
BenchmarkTest02307.java,0,CWE-328,CWE-916,0,0,1,0,0,0,1,0,0,0,2579,0.00012895000000000002,512,0.00020480000000000002,13,5.2e-06,0.0003389500000000001,4.085258722305298
BenchmarkTest02308.java,0,CWE-328,CWE-916,0,0,1,0,0,0,1,0,0,0,2438,0.00012190000000000001,640,0.000256,13,5.2e-06,0.00038310000000000004,4.251079320907593
BenchmarkTest02309.java,0,CWE-328,,,,0,0,1,0,0,0,1,0,,,,,,,,
BenchmarkTest02310.java,0,CWE-328,,,,0,0,1,0,0,0,1,0,,,,,,,,
BenchmarkTest02311.java,0,CWE-328,CWE-916,0,0,1,0,0,0,1,0,0,0,2401,0.00012005000000000002,896,0.00035840000000000004,13,5.2e-06,0.0004836500000000001,4.355209112167358
BenchmarkTest02312.java,0,CWE-328,,,,0,0,1,0,0,0,1,0,,,,,,,,
BenchmarkTest02313.java,0,CWE-79,CWE-79,1,1,0,1,0,0,0,0,1,0,2770,0.0001385,1408,0.0005632,12,4.800000000000001e-06,0.0007065,8.420820236206055
BenchmarkTest02314.java,0,CWE-79,CWE-79,1,0,1,0,0,0,1,0,0,0,2516,0.00012580000000000002,2624,0.0010496000000000001,13,5.2e-06,0.0011806,14.114931106567383
BenchmarkTest02315.java,0,CWE-79,CWE-79,1,0,1,0,0,0,1,0,0,0,2491,0.00012455000000000002,1536,0.0006144000000000001,14,5.600000000000001e-06,0.0007445500000000002,7.246490716934204
BenchmarkTest02316.java,0,CWE-79,CWE-79,1,0,1,0,0,0,1,0,0,0,2507,0.00012535,1920,0.000768,13,5.2e-06,0.00089855,11.63886284828186
BenchmarkTest02317.java,0,CWE-79,CWE-79,1,0,1,0,0,0,1,0,0,0,2515,0.00012575,2432,0.0009728000000000001,13,5.2e-06,0.0011037500000000001,11.274377822875977
BenchmarkTest02318.java,0,CWE-79,CWE-79,1,1,0,1,0,0,0,0,1,0,2480,0.000124,896,0.00035840000000000004,12,4.800000000000001e-06,0.0004872,5.08478307723999
BenchmarkTest02319.java,0,CWE-79,CWE-79,1,1,0,1,0,0,0,0,1,0,2503,0.00012515,1280,0.000512,12,4.800000000000001e-06,0.00064195,6.326844215393066
BenchmarkTest02320.java,0,CWE-79,CWE-79,1,1,0,1,0,0,0,0,1,0,2509,0.00012545,448,0.00017920000000000002,12,4.800000000000001e-06,0.00030945000000000007,3.220648765563965
BenchmarkTest02321.java,0,CWE-79,CWE-79,1,0,1,0,0,0,1,0,0,0,2711,0.00013555000000000002,2048,0.0008192000000000001,13,5.2e-06,0.0009599500000000001,9.300114870071411
BenchmarkTest02322.java,0,CWE-79,CWE-79,1,0,1,0,0,0,1,0,0,0,2521,0.00012605,1536,0.0006144000000000001,13,5.2e-06,0.0007456500000000002,12.075182437896729
BenchmarkTest02323.java,0,CWE-79,CWE-79,1,0,1,0,0,0,1,0,0,0,2517,0.00012585,576,0.00023040000000000002,13,5.2e-06,0.00036145000000000003,3.889390468597412
BenchmarkTest02324.java,0,CWE-79,CWE-79,1,0,1,0,0,0,1,0,0,0,2547,0.00012735,1024,0.00040960000000000004,14,5.600000000000001e-06,0.00054255,6.905104398727417
BenchmarkTest02325.java,0,CWE-79,CWE-79,1,1,0,1,0,0,0,0,1,0,2499,0.00012495,448,0.00017920000000000002,12,4.800000000000001e-06,0.00030895,2.894307851791382
BenchmarkTest02326.java,0,CWE-79,CWE-79,1,0,1,0,0,0,1,0,0,0,2517,0.00012585,1536,0.0006144000000000001,13,5.2e-06,0.00074545,7.591611862182617
BenchmarkTest02327.java,0,CWE-79,CWE-79,1,0,1,0,0,0,1,0,0,0,2567,0.00012835,1536,0.0006144000000000001,14,5.600000000000001e-06,0.0007483500000000002,7.386429786682129
BenchmarkTest02328.java,0,CWE-79,CWE-79,1,0,1,0,0,0,1,0,0,0,2499,0.00012495,1216,0.00048640000000000006,14,5.600000000000001e-06,0.0006169500000000001,5.836912393569946
BenchmarkTest02329.java,0,CWE-79,CWE-79,1,1,0,1,0,0,0,0,1,0,2539,0.00012695,512,0.00020480000000000002,12,4.800000000000001e-06,0.00033655,3.1523075103759766
BenchmarkTest02330.java,0,CWE-79,CWE-79,1,1,0,1,0,0,0,0,1,0,2531,0.00012655,576,0.00023040000000000002,13,5.2e-06,0.00036215000000000005,3.6222083568573
BenchmarkTest02331.java,0,CWE-79,CWE-79,1,1,0,1,0,0,0,0,1,0,2483,0.00012415,1216,0.00048640000000000006,12,4.800000000000001e-06,0.0006153500000000001,8.294572353363037
BenchmarkTest02332.java,0,CWE-79,CWE-79,1,0,1,0,0,0,1,0,0,0,2500,0.000125,1664,0.0006656,13,5.2e-06,0.0007958,8.557408094406128
BenchmarkTest02333.java,0,CWE-78,CWE-78,1,0,1,0,0,0,1,0,0,0,2195,0.00010975,1728,0.0006912,13,5.2e-06,0.00080615,9.697625160217285
BenchmarkTest02334.java,0,CWE-78,CWE-78,1,0,1,0,0,0,1,0,0,0,2261,0.00011305000000000001,1216,0.00048640000000000006,13,5.2e-06,0.0006046500000000001,6.184184789657593
BenchmarkTest02335.java,0,CWE-78,CWE-78,1,1,0,1,0,0,0,0,1,0,2239,0.00011195,1152,0.00046080000000000003,12,4.800000000000001e-06,0.00057755,6.561488628387451
BenchmarkTest02336.java,0,CWE-78,CWE-78,1,1,0,1,0,0,0,0,1,0,2406,0.00012030000000000001,1536,0.0006144000000000001,12,4.800000000000001e-06,0.0007395000000000001,12.677893161773682
BenchmarkTest02337.java,0,CWE-330,CWE-330,1,0,1,0,0,0,1,0,0,0,2517,0.00012585,256,0.00010240000000000001,13,5.2e-06,0.00023344999999999998,2.93273663520813
BenchmarkTest02338.java,0,CWE-330,CWE-330,1,0,1,0,0,0,1,0,0,0,2455,0.00012275,256,0.00010240000000000001,14,5.600000000000001e-06,0.00023075000000000003,2.6639158725738525
BenchmarkTest02339.java,0,CWE-614,CWE-614,1,0,1,0,0,0,1,0,0,0,2273,0.00011365000000000001,448,0.00017920000000000002,13,5.2e-06,0.00029805000000000006,3.786343574523926
BenchmarkTest02340.java,0,CWE-78,CWE-78,1,1,0,1,0,0,0,0,1,0,2326,0.00011630000000000001,832,0.0003328,12,4.800000000000001e-06,0.00045390000000000003,5.9626429080963135
BenchmarkTest02341.java,0,CWE-78,CWE-78,1,0,0,1,0,0,0,1,0,0,2179,0.00010895,1664,0.0006656,13,5.2e-06,0.0007797500000000001,8.250582933425903
BenchmarkTest02342.java,0,CWE-78,CWE-78,1,0,1,0,0,0,1,0,0,0,2152,0.00010760000000000001,1664,0.0006656,14,5.600000000000001e-06,0.0007788000000000001,10.145027875900269
BenchmarkTest02343.java,0,CWE-78,CWE-78,1,0,1,0,0,0,1,0,0,0,2189,0.00010945,2304,0.0009216000000000001,13,5.2e-06,0.00103625,10.799299240112305
BenchmarkTest02344.java,0,CWE-78,CWE-78,1,0,1,0,0,0,1,0,0,0,2112,0.0001056,1920,0.000768,13,5.2e-06,0.0008788,8.280106782913208
BenchmarkTest02345.java,0,CWE-330,,,,0,0,1,0,0,0,1,0,,,,,,,,
BenchmarkTest02346.java,0,CWE-330,,,,0,0,1,0,0,0,1,0,,,,,,,,
BenchmarkTest02347.java,0,CWE-330,,,,0,0,1,0,0,0,1,0,,,,,,,,
BenchmarkTest02348.java,0,CWE-330,,,,0,0,1,0,0,0,1,0,,,,,,,,
BenchmarkTest02349.java,0,CWE-330,,,,0,0,1,0,0,0,1,0,,,,,,,,
BenchmarkTest02350.java,0,CWE-330,,,,0,0,1,0,0,0,1,0,,,,,,,,
BenchmarkTest02351.java,0,CWE-330,,,,0,0,1,0,0,0,1,0,,,,,,,,
BenchmarkTest02353.java,0,CWE-89,CWE-89,1,0,0,1,0,0,0,1,0,0,2136,0.00010680000000000001,576,0.00023040000000000002,13,5.2e-06,0.00034240000000000003,4.640012741088867
BenchmarkTest02354.java,0,CWE-89,CWE-89,1,0,1,0,0,0,1,0,0,0,2133,0.00010665,1280,0.000512,13,5.2e-06,0.00062385,6.923607349395752
BenchmarkTest02355.java,0,CWE-89,CWE-89,1,0,1,0,0,0,1,0,0,0,2166,0.00010830000000000002,1408,0.0005632,13,5.2e-06,0.0006767,9.032198429107666
BenchmarkTest02356.java,0,CWE-89,,,,0,0,0,1,0,0,0,1,,,,,,,,
BenchmarkTest02357.java,0,CWE-89,CWE-89,1,0,1,0,0,0,1,0,0,0,2322,0.0001161,2176,0.0008704000000000001,16,6.4000000000000006e-06,0.0009929000000000001,13.08064603805542
BenchmarkTest02358.java,0,CWE-89,,,,0,0,0,1,0,0,0,1,,,,,,,,
BenchmarkTest02359.java,0,CWE-89,,,,0,0,0,1,0,0,0,1,,,,,,,,
BenchmarkTest02360.java,0,CWE-89,,,,0,0,0,1,0,0,0,1,,,,,,,,
BenchmarkTest02361.java,0,CWE-89,,,,0,0,1,0,0,0,1,0,,,,,,,,
BenchmarkTest02362.java,0,CWE-89,,,,0,0,0,1,0,0,0,1,,,,,,,,
BenchmarkTest02363.java,0,CWE-89,CWE-89,1,0,0,1,0,0,0,1,0,0,2346,0.0001173,832,0.0003328,14,5.600000000000001e-06,0.00045570000000000007,5.979815244674683
BenchmarkTest02364.java,0,CWE-89,CWE-89,1,0,1,0,0,0,1,0,0,0,2100,0.000105,448,0.00017920000000000002,13,5.2e-06,0.00028940000000000004,4.280422210693359
BenchmarkTest02365.java,0,CWE-89,CWE-89,1,1,0,1,0,0,0,0,1,0,2147,0.00010735000000000001,768,0.00030720000000000004,12,4.800000000000001e-06,0.0004193500000000001,4.49519157409668
BenchmarkTest02366.java,0,CWE-89,CWE-89,1,1,0,1,0,0,0,0,1,0,2111,0.00010555000000000002,768,0.00030720000000000004,12,4.800000000000001e-06,0.00041755000000000004,4.631554126739502
BenchmarkTest02367.java,0,CWE-89,CWE-89,1,0,0,1,0,0,0,1,0,0,2314,0.00011570000000000001,320,0.000128,13,5.2e-06,0.00024890000000000003,3.3672826290130615
BenchmarkTest02368.java,0,CWE-89,CWE-89,1,1,0,1,0,0,0,0,1,0,2115,0.00010575,640,0.000256,12,4.800000000000001e-06,0.00036655,4.457581520080566
BenchmarkTest02369.java,0,CWE-89,CWE-89,1,0,1,0,0,0,1,0,0,0,2113,0.00010565,1280,0.000512,13,5.2e-06,0.00062285,7.231179714202881
BenchmarkTest02370.java,0,CWE-643,CWE-643,1,1,0,1,0,0,0,0,1,0,2295,0.00011475,768,0.00030720000000000004,12,4.800000000000001e-06,0.00042675000000000005,4.4489874839782715
BenchmarkTest02371.java,0,CWE-327,,,,0,0,1,0,0,0,1,0,,,,,,,,
BenchmarkTest02372.java,0,CWE-327,,,,0,0,1,0,0,0,1,0,,,,,,,,
BenchmarkTest02373.java,0,CWE-327,CWE-327,1,0,1,0,0,0,1,0,0,0,2409,0.00012045,448,0.00017920000000000002,13,5.2e-06,0.00030485000000000006,3.211825132369995
BenchmarkTest02374.java,0,CWE-327,CWE-327,1,0,1,0,0,0,1,0,0,0,2442,0.0001221,320,0.000128,13,5.2e-06,0.0002553,2.395538806915283
BenchmarkTest02375.java,0,CWE-327,CWE-327,1,0,1,0,0,0,1,0,0,0,2387,0.00011935000000000001,960,0.000384,13,5.2e-06,0.0005085500000000001,4.968410015106201
BenchmarkTest02376.java,0,CWE-90,,,,0,0,1,0,0,0,1,0,,,,,,,,
BenchmarkTest02377.java,0,CWE-22,,,,0,0,0,1,0,0,0,1,,,,,,,,
BenchmarkTest02378.java,0,CWE-22,,,,0,0,0,1,0,0,0,1,,,,,,,,
BenchmarkTest02379.java,0,CWE-22,,,,0,0,1,0,0,0,1,0,,,,,,,,
BenchmarkTest02380.java,0,CWE-22,,,,0,0,1,0,0,0,1,0,,,,,,,,
BenchmarkTest02381.java,0,CWE-22,,,,0,0,1,0,0,0,1,0,,,,,,,,
BenchmarkTest02382.java,0,CWE-22,,,,0,0,1,0,0,0,1,0,,,,,,,,
BenchmarkTest02383.java,0,CWE-22,,,,0,0,0,1,0,0,0,1,,,,,,,,
BenchmarkTest02384.java,0,CWE-90,,,,0,0,1,0,0,0,1,0,,,,,,,,
BenchmarkTest02385.java,0,CWE-328,CWE-916,0,0,1,0,0,0,1,0,0,0,2444,0.00012220000000000002,512,0.00020480000000000002,13,5.2e-06,0.00033220000000000005,3.3082754611968994
BenchmarkTest02386.java,0,CWE-328,CWE-916,0,0,1,0,0,0,1,0,0,0,2396,0.00011980000000000001,768,0.00030720000000000004,13,5.2e-06,0.0004322000000000001,4.322786331176758
BenchmarkTest02387.java,0,CWE-328,CWE-916,0,0,1,0,0,0,1,0,0,0,2380,0.000119,320,0.000128,13,5.2e-06,0.0002522,2.8704206943511963
BenchmarkTest02388.java,0,CWE-328,CWE-916,0,0,1,0,0,0,1,0,0,0,2395,0.00011975,320,0.000128,13,5.2e-06,0.00025295,2.28853178024292
BenchmarkTest02389.java,0,CWE-328,,,,0,0,1,0,0,0,1,0,,,,,,,,
BenchmarkTest02390.java,0,CWE-328,,,,0,0,1,0,0,0,1,0,,,,,,,,
BenchmarkTest02391.java,0,CWE-328,,,,0,0,0,1,0,0,0,1,,,,,,,,
BenchmarkTest02392.java,0,CWE-328,,,,0,0,0,1,0,0,0,1,,,,,,,,
BenchmarkTest02393.java,0,CWE-328,,,,0,0,0,1,0,0,0,1,,,,,,,,
BenchmarkTest02394.java,0,CWE-79,,,,0,0,1,0,0,0,1,0,,,,,,,,
BenchmarkTest02395.java,0,CWE-79,,,,0,0,0,1,0,0,0,1,,,,,,,,
BenchmarkTest02396.java,0,CWE-79,,,,0,0,0,1,0,0,0,1,,,,,,,,
BenchmarkTest02397.java,0,CWE-79,,,,0,0,0,1,0,0,0,1,,,,,,,,
BenchmarkTest02398.java,0,CWE-79,,,,0,0,1,0,0,0,1,0,,,,,,,,
BenchmarkTest02399.java,0,CWE-79,,,,0,0,0,1,0,0,0,1,,,,,,,,
BenchmarkTest02400.java,0,CWE-79,,,,0,0,0,1,0,0,0,1,,,,,,,,
BenchmarkTest02401.java,0,CWE-79,,,,0,0,1,0,0,0,1,0,,,,,,,,
BenchmarkTest02402.java,0,CWE-79,,,,0,0,0,1,0,0,0,1,,,,,,,,
BenchmarkTest02403.java,0,CWE-79,,,,0,0,0,1,0,0,0,1,,,,,,,,
BenchmarkTest02404.java,0,CWE-79,,,,0,0,1,0,0,0,1,0,,,,,,,,
BenchmarkTest02405.java,0,CWE-79,,,,0,0,0,1,0,0,0,1,,,,,,,,
BenchmarkTest02406.java,0,CWE-79,,,,0,0,1,0,0,0,1,0,,,,,,,,
BenchmarkTest02407.java,0,CWE-79,,,,0,0,0,1,0,0,0,1,,,,,,,,
BenchmarkTest02408.java,0,CWE-79,,,,0,0,1,0,0,0,1,0,,,,,,,,
BenchmarkTest02409.java,0,CWE-79,,,,0,0,0,1,0,0,0,1,,,,,,,,
BenchmarkTest02410.java,0,CWE-79,,,,0,0,0,1,0,0,0,1,,,,,,,,
BenchmarkTest02411.java,0,CWE-78,,,,0,0,0,1,0,0,0,1,,,,,,,,
BenchmarkTest02412.java,0,CWE-78,,,,0,0,0,1,0,0,0,1,,,,,,,,
BenchmarkTest02413.java,0,CWE-78,,,,0,0,1,0,0,0,1,0,,,,,,,,
BenchmarkTest02414.java,0,CWE-78,,,,0,0,0,1,0,0,0,1,,,,,,,,
BenchmarkTest02415.java,0,CWE-330,CWE-330,1,0,1,0,0,0,1,0,0,0,2397,0.00011985000000000001,512,0.00020480000000000002,13,5.2e-06,0.00032985,3.367570161819458
BenchmarkTest02416.java,0,CWE-330,CWE-330,1,0,1,0,0,0,1,0,0,0,2468,0.00012340000000000002,576,0.00023040000000000002,13,5.2e-06,0.00035900000000000005,3.5446536540985107
BenchmarkTest02417.java,0,CWE-330,CWE-330,1,0,1,0,0,0,1,0,0,0,2399,0.00011995,576,0.00023040000000000002,13,5.2e-06,0.00035555000000000005,3.4274415969848633
BenchmarkTest02418.java,0,CWE-330,CWE-330,1,0,1,0,0,0,1,0,0,0,2453,0.00012265,320,0.000128,13,5.2e-06,0.00025585,2.2589147090911865
BenchmarkTest02419.java,0,CWE-330,CWE-330,1,0,1,0,0,0,1,0,0,0,2623,0.00013115000000000002,576,0.00023040000000000002,13,5.2e-06,0.00036675000000000005,4.273401260375977
BenchmarkTest02420.java,0,CWE-330,CWE-330,1,0,1,0,0,0,1,0,0,0,2381,0.00011905000000000001,384,0.00015360000000000002,13,5.2e-06,0.00027785000000000006,4.005817174911499
BenchmarkTest02421.java,0,CWE-330,CWE-330,1,0,1,0,0,0,1,0,0,0,2453,0.00012265,576,0.00023040000000000002,13,5.2e-06,0.00035825000000000006,4.274179458618164
BenchmarkTest02422.java,0,CWE-330,CWE-330,1,0,1,0,0,0,1,0,0,0,2437,0.00012185000000000001,768,0.00030720000000000004,13,5.2e-06,0.00043425000000000007,4.787035226821899
BenchmarkTest02423.java,0,CWE-330,CWE-330,1,0,1,0,0,0,1,0,0,0,2570,0.0001285,768,0.00030720000000000004,13,5.2e-06,0.00044090000000000004,5.004588603973389
BenchmarkTest02424.java,0,CWE-330,CWE-330,1,0,1,0,0,0,1,0,0,0,2395,0.00011975,384,0.00015360000000000002,13,5.2e-06,0.00027855,4.747454643249512
BenchmarkTest02425.java,0,CWE-330,CWE-330,1,0,1,0,0,0,1,0,0,0,2357,0.00011785,576,0.00023040000000000002,13,5.2e-06,0.00035345000000000005,3.7743794918060303
BenchmarkTest02426.java,0,CWE-330,CWE-330,1,0,1,0,0,0,1,0,0,0,2374,0.0001187,576,0.00023040000000000002,13,5.2e-06,0.00035430000000000005,3.541640520095825
BenchmarkTest02427.java,0,CWE-614,CWE-614,1,0,1,0,0,0,1,0,0,0,2164,0.0001082,576,0.00023040000000000002,13,5.2e-06,0.0003438,3.6719462871551514
BenchmarkTest02428.java,0,CWE-78,,,,0,0,1,0,0,0,1,0,,,,,,,,
BenchmarkTest02429.java,0,CWE-78,,,,0,0,0,1,0,0,0,1,,,,,,,,
BenchmarkTest02430.java,0,CWE-78,,,,0,0,0,1,0,0,0,1,,,,,,,,
BenchmarkTest02431.java,0,CWE-78,,,,0,0,0,1,0,0,0,1,,,,,,,,
BenchmarkTest02432.java,0,CWE-78,,,,0,0,0,1,0,0,0,1,,,,,,,,
BenchmarkTest02433.java,0,CWE-78,,,,0,0,0,1,0,0,0,1,,,,,,,,
BenchmarkTest02434.java,0,CWE-330,,,,0,0,1,0,0,0,1,0,,,,,,,,
BenchmarkTest02435.java,0,CWE-330,,,,0,0,1,0,0,0,1,0,,,,,,,,
BenchmarkTest02436.java,0,CWE-330,,,,0,0,1,0,0,0,1,0,,,,,,,,
BenchmarkTest02437.java,0,CWE-330,,,,0,0,1,0,0,0,1,0,,,,,,,,
BenchmarkTest02438.java,0,CWE-330,,,,0,0,1,0,0,0,1,0,,,,,,,,
BenchmarkTest02439.java,0,CWE-330,,,,0,0,1,0,0,0,1,0,,,,,,,,
BenchmarkTest02440.java,0,CWE-330,,,,0,0,1,0,0,0,1,0,,,,,,,,
BenchmarkTest02441.java,0,CWE-330,,,,0,0,1,0,0,0,1,0,,,,,,,,
BenchmarkTest02442.java,0,CWE-330,,,,0,0,1,0,0,0,1,0,,,,,,,,
BenchmarkTest02443.java,0,CWE-330,,,,0,0,1,0,0,0,1,0,,,,,,,,
BenchmarkTest02444.java,0,CWE-330,,,,0,0,1,0,0,0,1,0,,,,,,,,
BenchmarkTest02445.java,0,CWE-330,,,,0,0,1,0,0,0,1,0,,,,,,,,
BenchmarkTest02449.java,0,CWE-89,,,,0,0,0,1,0,0,0,1,,,,,,,,
BenchmarkTest02450.java,0,CWE-89,,,,0,0,1,0,0,0,1,0,,,,,,,,
BenchmarkTest02451.java,0,CWE-89,,,,0,0,0,1,0,0,0,1,,,,,,,,
BenchmarkTest02452.java,0,CWE-89,,,,0,0,1,0,0,0,1,0,,,,,,,,
BenchmarkTest02453.java,0,CWE-89,,,,0,0,0,1,0,0,0,1,,,,,,,,
BenchmarkTest02454.java,0,CWE-89,,,,0,0,0,1,0,0,0,1,,,,,,,,
BenchmarkTest02455.java,0,CWE-89,,,,0,0,0,1,0,0,0,1,,,,,,,,
BenchmarkTest02456.java,0,CWE-89,,,,0,0,1,0,0,0,1,0,,,,,,,,
BenchmarkTest02457.java,0,CWE-643,,,,0,0,1,0,0,0,1,0,,,,,,,,
BenchmarkTest02458.java,0,CWE-327,CWE-327,1,0,1,0,0,0,1,0,0,0,2710,0.0001355,512,0.00020480000000000002,13,5.2e-06,0.0003455,3.720271110534668
BenchmarkTest02459.java,0,CWE-327,,,,0,0,1,0,0,0,1,0,,,,,,,,
BenchmarkTest02460.java,0,CWE-327,,,,0,0,1,0,0,0,1,0,,,,,,,,
BenchmarkTest02461.java,0,CWE-327,,,,0,0,1,0,0,0,1,0,,,,,,,,
BenchmarkTest02462.java,0,CWE-22,CWE-23,0,0,0,1,0,0,0,1,0,0,2397,0.00011985000000000001,832,0.0003328,13,5.2e-06,0.00045785000000000004,5.371181964874268
BenchmarkTest02463.java,0,CWE-22,CWE-23,0,0,1,0,0,0,1,0,0,0,2339,0.00011695,1344,0.0005376000000000001,13,5.2e-06,0.0006597500000000001,8.227380514144897
BenchmarkTest02464.java,0,CWE-22,CWE-23,0,1,0,1,0,0,0,0,1,0,2382,0.00011910000000000001,768,0.00030720000000000004,12,4.800000000000001e-06,0.00043110000000000007,5.246480464935303
BenchmarkTest02465.java,0,CWE-22,CWE-23,0,0,1,0,0,0,1,0,0,0,2477,0.00012385,448,0.00017920000000000002,13,5.2e-06,0.00030825000000000004,2.5217490196228027
BenchmarkTest02466.java,0,CWE-22,CWE-23,0,0,1,0,0,0,1,0,0,0,2540,0.000127,640,0.000256,14,5.600000000000001e-06,0.0003886,3.513134479522705
BenchmarkTest02467.java,0,CWE-22,CWE-23,0,1,0,1,0,0,0,0,1,0,2626,0.00013130000000000002,2176,0.0008704000000000001,12,4.800000000000001e-06,0.0010065,10.522398948669434
BenchmarkTest02468.java,0,CWE-22,CWE-23,0,1,0,1,0,0,0,0,1,0,2370,0.0001185,1536,0.0006144000000000001,12,4.800000000000001e-06,0.0007377000000000001,9.10958194732666
BenchmarkTest02469.java,0,CWE-22,CWE-23,0,0,1,0,0,0,1,0,0,0,2385,0.00011925,448,0.00017920000000000002,13,5.2e-06,0.00030365000000000004,3.120333433151245
BenchmarkTest02470.java,0,CWE-22,CWE-23,0,1,0,1,0,0,0,0,1,0,2375,0.00011875,512,0.00020480000000000002,12,4.800000000000001e-06,0.00032835000000000004,2.6849329471588135
BenchmarkTest02471.java,0,CWE-22,CWE-23,0,1,0,1,0,0,0,0,1,0,2497,0.00012485,640,0.000256,12,4.800000000000001e-06,0.00038564999999999997,3.259571075439453
BenchmarkTest02472.java,0,CWE-90,CWE-90,1,0,1,0,0,0,1,0,0,0,2356,0.00011780000000000002,512,0.00020480000000000002,13,5.2e-06,0.00032780000000000005,5.5038206577301025
BenchmarkTest02473.java,0,CWE-330,CWE-330,1,0,1,0,0,0,1,0,0,0,2452,0.0001226,832,0.0003328,13,5.2e-06,0.00046060000000000003,4.969097852706909
BenchmarkTest02474.java,0,CWE-328,CWE-916,0,0,1,0,0,0,1,0,0,0,2430,0.0001215,1152,0.00046080000000000003,13,5.2e-06,0.0005875,6.735775709152222
BenchmarkTest02475.java,0,CWE-328,CWE-916,0,0,1,0,0,0,1,0,0,0,2374,0.0001187,512,0.00020480000000000002,13,5.2e-06,0.0003287,2.637265682220459
BenchmarkTest02476.java,0,CWE-328,CWE-916,0,0,1,0,0,0,1,0,0,0,2303,0.00011515000000000001,512,0.00020480000000000002,13,5.2e-06,0.00032515000000000007,3.5609965324401855
BenchmarkTest02477.java,0,CWE-328,,,,0,0,1,0,0,0,1,0,,,,,,,,
BenchmarkTest02478.java,0,CWE-328,,,,0,0,0,1,0,0,0,1,,,,,,,,
BenchmarkTest02479.java,0,CWE-328,,,,0,0,1,0,0,0,1,0,,,,,,,,
BenchmarkTest02480.java,0,CWE-79,CWE-79,1,0,1,0,0,0,1,0,0,0,2420,0.000121,640,0.000256,13,5.2e-06,0.0003822,4.634438991546631
BenchmarkTest02481.java,0,CWE-79,CWE-79,1,1,0,1,0,0,0,0,1,0,2461,0.00012305,960,0.000384,12,4.800000000000001e-06,0.00051185,5.458269834518433
BenchmarkTest02482.java,0,CWE-79,CWE-79,1,1,0,1,0,0,0,0,1,0,2476,0.0001238,832,0.0003328,12,4.800000000000001e-06,0.00046140000000000005,5.584279775619507
BenchmarkTest02483.java,0,CWE-79,CWE-79,1,0,1,0,0,0,1,0,0,0,2389,0.00011945,448,0.00017920000000000002,13,5.2e-06,0.00030385000000000004,4.713442325592041
BenchmarkTest02484.java,0,CWE-79,CWE-79,1,1,0,1,0,0,0,0,1,0,2488,0.00012440000000000002,448,0.00017920000000000002,12,4.800000000000001e-06,0.0003084,3.1733057498931885
BenchmarkTest02485.java,0,CWE-79,CWE-79,1,1,0,1,0,0,0,0,1,0,2483,0.00012415,960,0.000384,12,4.800000000000001e-06,0.00051295,6.589942693710327
BenchmarkTest02486.java,0,CWE-79,CWE-79,1,0,1,0,0,0,1,0,0,0,2471,0.00012355000000000002,1152,0.00046080000000000003,13,5.2e-06,0.0005895500000000001,6.252773284912109
BenchmarkTest02487.java,0,CWE-79,CWE-79,1,0,1,0,0,0,1,0,0,0,2437,0.00012185000000000001,1024,0.00040960000000000004,13,5.2e-06,0.0005366500000000001,6.2639148235321045
BenchmarkTest02488.java,0,CWE-79,CWE-79,1,1,0,1,0,0,0,0,1,0,2423,0.00012115,896,0.00035840000000000004,13,5.2e-06,0.00048475000000000005,6.131183624267578
BenchmarkTest02489.java,0,CWE-79,CWE-79,1,0,1,0,0,0,1,0,0,0,2401,0.00012005000000000002,1152,0.00046080000000000003,13,5.2e-06,0.0005860500000000001,6.4894859790802
BenchmarkTest02490.java,0,CWE-79,CWE-79,1,1,0,1,0,0,0,0,1,0,2640,0.000132,1728,0.0006912,12,4.800000000000001e-06,0.0008280000000000001,7.80159330368042
BenchmarkTest02491.java,0,CWE-79,CWE-79,1,1,0,1,0,0,0,0,1,0,2625,0.00013125,1216,0.00048640000000000006,12,4.800000000000001e-06,0.0006224500000000001,8.593747615814209
BenchmarkTest02492.java,0,CWE-79,CWE-79,1,1,0,1,0,0,0,0,1,0,2403,0.00012015,576,0.00023040000000000002,12,4.800000000000001e-06,0.00035535000000000005,3.378471851348877
BenchmarkTest02493.java,0,CWE-79,CWE-79,1,0,1,0,0,0,1,0,0,0,2504,0.0001252,640,0.000256,13,5.2e-06,0.0003864,4.068299055099487
BenchmarkTest02494.java,0,CWE-79,CWE-79,1,0,1,0,0,0,1,0,0,0,2444,0.00012220000000000002,640,0.000256,13,5.2e-06,0.0003834,5.9313435554504395
BenchmarkTest02495.java,0,CWE-79,CWE-79,1,1,0,1,0,0,0,0,1,0,2501,0.00012505,512,0.00020480000000000002,12,4.800000000000001e-06,0.00033465000000000003,2.9762039184570312
BenchmarkTest02496.java,0,CWE-78,CWE-78,1,0,1,0,0,0,1,0,0,0,2125,0.00010625,960,0.000384,14,5.600000000000001e-06,0.00049585,5.871455907821655
BenchmarkTest02497.java,0,CWE-330,CWE-330,1,0,1,0,0,0,1,0,0,0,2611,0.00013055,1280,0.000512,13,5.2e-06,0.00064775,6.1868555545806885
BenchmarkTest02498.java,0,CWE-330,CWE-330,1,0,1,0,0,0,1,0,0,0,2395,0.00011975,448,0.00017920000000000002,13,5.2e-06,0.00030415000000000005,2.4804065227508545
BenchmarkTest02499.java,0,CWE-330,CWE-330,1,0,1,0,0,0,1,0,0,0,2408,0.0001204,320,0.000128,13,5.2e-06,0.0002536,2.967081069946289
BenchmarkTest02500.java,0,CWE-330,CWE-330,1,0,1,0,0,0,1,0,0,0,2384,0.0001192,384,0.00015360000000000002,13,5.2e-06,0.00027800000000000004,3.0142531394958496
BenchmarkTest02501.java,0,CWE-330,CWE-330,1,0,1,0,0,0,1,0,0,0,2368,0.0001184,1216,0.00048640000000000006,13,5.2e-06,0.0006100000000000001,5.59283185005188
BenchmarkTest02502.java,0,CWE-330,CWE-330,1,0,1,0,0,0,1,0,0,0,2410,0.0001205,256,0.00010240000000000001,13,5.2e-06,0.0002281,2.670736312866211
BenchmarkTest02503.java,0,CWE-330,CWE-330,1,0,1,0,0,0,1,0,0,0,2571,0.00012855,384,0.00015360000000000002,13,5.2e-06,0.00028735,4.614161252975464
BenchmarkTest02504.java,0,CWE-330,CWE-330,1,0,1,0,0,0,1,0,0,0,2371,0.00011855000000000001,448,0.00017920000000000002,13,5.2e-06,0.00030295000000000007,3.5701117515563965
BenchmarkTest02505.java,0,CWE-330,CWE-330,1,0,1,0,0,0,1,0,0,0,2398,0.0001199,1088,0.00043520000000000006,13,5.2e-06,0.0005603000000000001,5.637983560562134
BenchmarkTest02506.java,0,CWE-330,CWE-330,1,0,1,0,0,0,1,0,0,0,2382,0.00011910000000000001,640,0.000256,13,5.2e-06,0.00038030000000000003,4.1318745613098145
BenchmarkTest02507.java,0,CWE-614,CWE-614,1,0,1,0,0,0,1,0,0,0,2155,0.00010775,448,0.00017920000000000002,13,5.2e-06,0.00029215,5.143976449966431
BenchmarkTest02508.java,0,CWE-614,,,,0,0,1,0,0,0,1,0,,,,,,,,
BenchmarkTest02509.java,0,CWE-79,CWE-79,1,1,0,1,0,0,0,0,1,0,2426,0.00012130000000000001,1344,0.0005376000000000001,12,4.800000000000001e-06,0.0006637,7.516055107116699
BenchmarkTest02510.java,0,CWE-78,CWE-78,1,0,0,1,0,0,0,1,0,0,2234,0.0001117,1344,0.0005376000000000001,13,5.2e-06,0.0006545,9.057256698608398
BenchmarkTest02511.java,0,CWE-78,CWE-78,1,0,1,0,0,0,1,0,0,0,2033,0.00010165,1024,0.00040960000000000004,13,5.2e-06,0.00051645,6.106068849563599
BenchmarkTest02512.java,0,CWE-78,CWE-78,1,0,1,0,0,0,1,0,0,0,2074,0.0001037,2944,0.0011776000000000002,13,5.2e-06,0.0012865,12.956288576126099
BenchmarkTest02513.java,0,CWE-78,CWE-78,1,1,0,1,0,0,0,0,1,0,2096,0.00010480000000000001,896,0.00035840000000000004,12,4.800000000000001e-06,0.00046800000000000005,5.334897041320801
BenchmarkTest02514.java,0,CWE-78,CWE-78,1,1,1,0,0,0,0,0,0,1,2037,0.00010185000000000001,1856,0.0007424,12,4.800000000000001e-06,0.0008490500000000001,10.719238758087158
BenchmarkTest02515.java,0,CWE-78,CWE-78,1,0,1,0,0,0,1,0,0,0,2023,0.00010115,2304,0.0009216000000000001,13,5.2e-06,0.00102795,9.504539012908936
BenchmarkTest02516.java,0,CWE-78,CWE-78,1,0,1,0,0,0,1,0,0,0,2093,0.00010465000000000001,1664,0.0006656,13,5.2e-06,0.00077545,9.841498136520386
BenchmarkTest02517.java,0,CWE-78,CWE-78,1,0,1,0,0,0,1,0,0,0,2029,0.00010145,1600,0.00064,13,5.2e-06,0.0007466500000000001,7.674275636672974
BenchmarkTest02518.java,0,CWE-78,CWE-78,1,1,0,1,0,0,0,0,1,0,2095,0.00010475,1216,0.00048640000000000006,12,4.800000000000001e-06,0.00059595,7.029669523239136
BenchmarkTest02519.java,0,CWE-330,,,,0,0,1,0,0,0,1,0,,,,,,,,
BenchmarkTest02520.java,0,CWE-330,,,,0,0,1,0,0,0,1,0,,,,,,,,
BenchmarkTest02521.java,0,CWE-330,,,,0,0,1,0,0,0,1,0,,,,,,,,
BenchmarkTest02522.java,0,CWE-330,,,,0,0,1,0,0,0,1,0,,,,,,,,
BenchmarkTest02528.java,0,CWE-89,CWE-89,1,0,1,0,0,0,1,0,0,0,2063,0.00010315,2304,0.0009216000000000001,13,5.2e-06,0.00102995,11.335923433303833
BenchmarkTest02529.java,0,CWE-89,CWE-89,1,1,0,1,0,0,0,0,1,0,2100,0.000105,576,0.00023040000000000002,12,4.800000000000001e-06,0.00034020000000000003,4.5490217208862305
BenchmarkTest02530.java,0,CWE-89,CWE-89,1,0,1,0,0,0,1,0,0,0,2069,0.00010345000000000001,1024,0.00040960000000000004,14,5.600000000000001e-06,0.0005186500000000001,4.7536280155181885
BenchmarkTest02531.java,0,CWE-89,CWE-89,1,0,1,0,0,0,1,0,0,0,2050,0.0001025,832,0.0003328,13,5.2e-06,0.00044050000000000003,4.9046995639801025
BenchmarkTest02532.java,0,CWE-89,CWE-89,1,0,1,0,0,0,1,0,0,0,2078,0.0001039,896,0.00035840000000000004,13,5.2e-06,0.00046750000000000003,6.013992786407471
BenchmarkTest02533.java,0,CWE-89,CWE-89,1,0,1,0,0,0,1,0,0,0,2113,0.00010565,1088,0.00043520000000000006,14,5.600000000000001e-06,0.0005464500000000001,6.2514684200286865
BenchmarkTest02534.java,0,CWE-89,CWE-89,1,0,1,0,0,0,1,0,0,0,2047,0.00010235000000000001,448,0.00017920000000000002,13,5.2e-06,0.00028675000000000006,4.858404636383057
BenchmarkTest02535.java,0,CWE-89,CWE-89,1,0,1,0,0,0,1,0,0,0,2092,0.00010460000000000001,832,0.0003328,14,5.600000000000001e-06,0.00044300000000000003,5.046874046325684
BenchmarkTest02536.java,0,CWE-89,CWE-89,1,0,0,1,0,0,0,1,0,0,2117,0.00010585000000000001,256,0.00010240000000000001,13,5.2e-06,0.00021345,3.0807504653930664
BenchmarkTest02537.java,0,CWE-89,CWE-89,1,0,1,0,0,0,1,0,0,0,2068,0.0001034,320,0.000128,13,5.2e-06,0.00023659999999999998,2.645096778869629
BenchmarkTest02538.java,0,CWE-89,,,,0,0,1,0,0,0,1,0,,,,,,,,
BenchmarkTest02539.java,0,CWE-89,,,,0,0,1,0,0,0,1,0,,,,,,,,
BenchmarkTest02540.java,0,CWE-89,CWE-89,1,1,0,1,0,0,0,0,1,0,2070,0.0001035,704,0.0002816,12,4.800000000000001e-06,0.0003899,6.1145195960998535
BenchmarkTest02541.java,0,CWE-89,CWE-89,1,1,0,1,0,0,0,0,1,0,2036,0.00010180000000000001,704,0.0002816,12,4.800000000000001e-06,0.0003882,4.561725378036499
BenchmarkTest02542.java,0,CWE-89,CWE-89,1,0,1,0,0,0,1,0,0,0,2017,0.00010085000000000001,2240,0.000896,17,6.800000000000001e-06,0.00100365,11.947016716003418
BenchmarkTest02543.java,0,CWE-89,CWE-89,1,0,1,0,0,0,1,0,0,0,2033,0.00010165,384,0.00015360000000000002,13,5.2e-06,0.00026045000000000007,2.8699324131011963
BenchmarkTest02544.java,0,CWE-89,CWE-89,1,1,0,1,0,0,0,0,1,0,2085,0.00010425,704,0.0002816,12,4.800000000000001e-06,0.00039065000000000004,6.7558252811431885
BenchmarkTest02545.java,0,CWE-89,CWE-89,1,0,1,0,0,0,1,0,0,0,2024,0.00010120000000000001,640,0.000256,13,5.2e-06,0.0003624,4.579298973083496
BenchmarkTest02546.java,0,CWE-89,CWE-89,1,0,0,1,0,0,0,1,0,0,2089,0.00010445,320,0.000128,13,5.2e-06,0.00023764999999999998,2.4048991203308105
BenchmarkTest02547.java,0,CWE-327,,,,0,0,1,0,0,0,1,0,,,,,,,,
BenchmarkTest02548.java,0,CWE-327,CWE-327,1,0,1,0,0,0,1,0,0,0,2897,0.00014485,256,0.00010240000000000001,13,5.2e-06,0.00025245000000000004,3.157116174697876
BenchmarkTest02549.java,0,CWE-327,CWE-327,1,0,1,0,0,0,1,0,0,0,2894,0.00014470000000000002,320,0.000128,13,5.2e-06,0.00027790000000000003,5.475529670715332
BenchmarkTest02550.java,0,CWE-327,CWE-327,1,0,1,0,0,0,1,0,0,0,2520,0.000126,448,0.00017920000000000002,13,5.2e-06,0.00031040000000000006,3.169771432876587
BenchmarkTest02551.java,0,CWE-327,,,,0,0,1,0,0,0,1,0,,,,,,,,
BenchmarkTest02552.java,0,CWE-327,,,,0,0,1,0,0,0,1,0,,,,,,,,
BenchmarkTest02553.java,0,CWE-90,CWE-90,1,1,0,1,0,0,0,0,1,0,2530,0.0001265,896,0.00035840000000000004,12,4.800000000000001e-06,0.0004897,5.153837203979492
BenchmarkTest02554.java,0,CWE-22,CWE-23,0,1,0,1,0,0,0,0,1,0,2489,0.00012445000000000002,576,0.00023040000000000002,12,4.800000000000001e-06,0.00035965000000000004,4.557878732681274
BenchmarkTest02555.java,0,CWE-22,CWE-23,0,0,1,0,0,0,1,0,0,0,2481,0.00012405,576,0.00023040000000000002,13,5.2e-06,0.00035965000000000004,3.8306140899658203
BenchmarkTest02556.java,0,CWE-22,CWE-23,0,0,1,0,0,0,1,0,0,0,2469,0.00012345,576,0.00023040000000000002,13,5.2e-06,0.00035905,3.7578482627868652
BenchmarkTest02557.java,0,CWE-22,CWE-23,0,1,0,1,0,0,0,0,1,0,2507,0.00012535,1472,0.0005888000000000001,12,4.800000000000001e-06,0.0007189500000000001,7.920044422149658
BenchmarkTest02558.java,0,CWE-22,CWE-23,0,1,0,1,0,0,0,0,1,0,2475,0.00012375,640,0.000256,12,4.800000000000001e-06,0.00038455,4.599460601806641
BenchmarkTest02559.java,0,CWE-22,CWE-23,0,0,1,0,0,0,1,0,0,0,2602,0.0001301,1408,0.0005632,13,5.2e-06,0.0006985,7.626662731170654
BenchmarkTest02560.java,0,CWE-22,CWE-23,0,0,1,0,0,0,1,0,0,0,2618,0.0001309,448,0.00017920000000000002,13,5.2e-06,0.0003153,4.0342535972595215
BenchmarkTest02561.java,0,CWE-22,CWE-23,0,0,1,0,0,0,1,0,0,0,2596,0.0001298,768,0.00030720000000000004,13,5.2e-06,0.00044220000000000007,5.060612678527832
BenchmarkTest02562.java,0,CWE-22,CWE-23,0,0,1,0,0,0,1,0,0,0,2567,0.00012835,512,0.00020480000000000002,13,5.2e-06,0.00033835000000000007,3.500535488128662
BenchmarkTest02563.java,0,CWE-22,CWE-23,0,1,0,1,0,0,0,0,1,0,2719,0.00013595000000000002,1088,0.00043520000000000006,13,5.2e-06,0.0005763500000000001,6.49567723274231
BenchmarkTest02564.java,0,CWE-22,CWE-23,0,0,1,0,0,0,1,0,0,0,2577,0.00012885,832,0.0003328,13,5.2e-06,0.00046685,4.539635419845581
BenchmarkTest02565.java,0,CWE-22,CWE-23,0,0,1,0,0,0,1,0,0,0,2489,0.00012445000000000002,1280,0.000512,13,5.2e-06,0.00064165,7.20641016960144
BenchmarkTest02566.java,0,CWE-22,CWE-23,0,1,0,1,0,0,0,0,1,0,2529,0.00012645,704,0.0002816,12,4.800000000000001e-06,0.00041285000000000003,4.606136083602905
BenchmarkTest02567.java,0,CWE-22,CWE-23,0,0,1,0,0,0,1,0,0,0,2484,0.0001242,448,0.00017920000000000002,13,5.2e-06,0.0003086,7.358957290649414
BenchmarkTest02568.java,0,CWE-22,CWE-23,0,1,0,1,0,0,0,0,1,0,2564,0.00012820000000000003,896,0.00035840000000000004,12,4.800000000000001e-06,0.0004914,5.163849115371704
BenchmarkTest02569.java,0,CWE-22,CWE-23,0,0,1,0,0,0,1,0,0,0,2571,0.00012855,896,0.00035840000000000004,14,5.600000000000001e-06,0.00049255,4.593737363815308
BenchmarkTest02570.java,0,CWE-22,CWE-23,0,1,0,1,0,0,0,0,1,0,2667,0.00013335,832,0.0003328,12,4.800000000000001e-06,0.00047095000000000004,5.613996744155884
BenchmarkTest02571.java,0,CWE-90,CWE-90,1,1,0,1,0,0,0,0,1,0,2540,0.000127,1536,0.0006144000000000001,12,4.800000000000001e-06,0.0007462000000000001,8.715987205505371
BenchmarkTest02572.java,0,CWE-90,CWE-90,1,1,0,1,0,0,0,0,1,0,2493,0.00012465,1024,0.00040960000000000004,12,4.800000000000001e-06,0.00053905,5.90192174911499
BenchmarkTest02573.java,0,CWE-328,CWE-916,0,0,1,0,0,0,1,0,0,0,2566,0.0001283,576,0.00023040000000000002,13,5.2e-06,0.0003639,3.959628105163574
BenchmarkTest02574.java,0,CWE-328,CWE-916,0,0,1,0,0,0,1,0,0,0,2531,0.00012655,448,0.00017920000000000002,13,5.2e-06,0.00031095000000000005,3.0159149169921875
BenchmarkTest02575.java,0,CWE-328,CWE-916,0,0,1,0,0,0,1,0,0,0,2465,0.00012325,576,0.00023040000000000002,13,5.2e-06,0.00035885,4.439373731613159
BenchmarkTest02576.java,0,CWE-328,,,,0,0,1,0,0,0,1,0,,,,,,,,
BenchmarkTest02577.java,0,CWE-328,,,,0,0,0,1,0,0,0,1,,,,,,,,
BenchmarkTest02578.java,0,CWE-79,CWE-79,1,0,1,0,0,0,1,0,0,0,2576,0.00012880000000000001,1280,0.000512,13,5.2e-06,0.000646,5.639621734619141
BenchmarkTest02579.java,0,CWE-79,CWE-79,1,0,1,0,0,0,1,0,0,0,2556,0.00012780000000000002,1152,0.00046080000000000003,13,5.2e-06,0.0005938000000000001,190.940758228302
BenchmarkTest02580.java,0,CWE-79,CWE-79,1,0,1,0,0,0,1,0,0,0,2565,0.00012825,1216,0.00048640000000000006,13,5.2e-06,0.00061985,10.879915952682495
BenchmarkTest02581.java,0,CWE-79,CWE-79,1,1,0,1,0,0,0,0,1,0,2551,0.00012755,1600,0.00064,13,5.2e-06,0.0007727500000000001,7.74456262588501
BenchmarkTest02582.java,0,CWE-79,CWE-79,1,0,1,0,0,0,1,0,0,0,2558,0.00012790000000000002,512,0.00020480000000000002,13,5.2e-06,0.00033790000000000003,3.8532755374908447
BenchmarkTest02583.java,0,CWE-79,CWE-79,1,0,1,0,0,0,1,0,0,0,2529,0.00012645,448,0.00017920000000000002,13,5.2e-06,0.00031085000000000005,3.340512990951538
BenchmarkTest02584.java,0,CWE-79,CWE-79,1,0,1,0,0,0,1,0,0,0,2552,0.0001276,576,0.00023040000000000002,13,5.2e-06,0.00036320000000000005,4.730206489562988
BenchmarkTest02585.java,0,CWE-79,CWE-79,1,0,1,0,0,0,1,0,0,0,2561,0.00012805000000000002,512,0.00020480000000000002,13,5.2e-06,0.00033805000000000006,4.434435844421387
BenchmarkTest02586.java,0,CWE-79,CWE-79,1,0,1,0,0,0,1,0,0,0,2621,0.00013105000000000001,448,0.00017920000000000002,13,5.2e-06,0.00031545000000000005,4.384507894515991
BenchmarkTest02587.java,0,CWE-79,CWE-79,1,0,1,0,0,0,1,0,0,0,2776,0.0001388,704,0.0002816,13,5.2e-06,0.00042560000000000005,3.9070281982421875
BenchmarkTest02588.java,0,CWE-79,CWE-79,1,0,1,0,0,0,1,0,0,0,2772,0.00013859999999999998,2432,0.0009728000000000001,13,5.2e-06,0.0011166,11.609105348587036
BenchmarkTest02589.java,0,CWE-79,CWE-79,1,1,0,1,0,0,0,0,1,0,2614,0.0001307,1408,0.0005632,12,4.800000000000001e-06,0.0006987,6.689507722854614
BenchmarkTest02590.java,0,CWE-79,CWE-79,1,1,0,1,0,0,0,0,1,0,2650,0.0001325,640,0.000256,12,4.800000000000001e-06,0.00039329999999999996,3.915595531463623
BenchmarkTest02591.java,0,CWE-79,CWE-79,1,0,1,0,0,0,1,0,0,0,2575,0.00012875,960,0.000384,13,5.2e-06,0.00051795,5.369634389877319
BenchmarkTest02592.java,0,CWE-79,CWE-79,1,0,1,0,0,0,1,0,0,0,2611,0.00013055,1280,0.000512,13,5.2e-06,0.00064775,6.771456003189087
BenchmarkTest02593.java,0,CWE-79,CWE-79,1,1,0,1,0,0,0,0,1,0,2573,0.00012865,768,0.00030720000000000004,12,4.800000000000001e-06,0.00044065000000000006,4.322324752807617
BenchmarkTest02594.java,0,CWE-79,CWE-79,1,1,0,1,0,0,0,0,1,0,2568,0.0001284,832,0.0003328,12,4.800000000000001e-06,0.00046600000000000005,5.019719362258911
BenchmarkTest02595.java,0,CWE-79,CWE-79,1,0,1,0,0,0,1,0,0,0,2624,0.00013120000000000002,960,0.000384,13,5.2e-06,0.0005204000000000001,5.466986656188965
BenchmarkTest02596.java,0,CWE-79,CWE-79,1,1,0,1,0,0,0,0,1,0,2544,0.0001272,512,0.00020480000000000002,12,4.800000000000001e-06,0.00033680000000000006,2.8597023487091064
BenchmarkTest02597.java,0,CWE-79,CWE-79,1,0,1,0,0,0,1,0,0,0,2585,0.00012925,768,0.00030720000000000004,13,5.2e-06,0.00044165000000000003,3.8263020515441895
BenchmarkTest02598.java,0,CWE-79,CWE-79,1,0,1,0,0,0,1,0,0,0,2558,0.00012790000000000002,512,0.00020480000000000002,13,5.2e-06,0.00033790000000000003,4.6030592918396
BenchmarkTest02599.java,0,CWE-79,CWE-79,1,1,0,1,0,0,0,0,1,0,2567,0.00012835,640,0.000256,12,4.800000000000001e-06,0.00038915,6.360975742340088
BenchmarkTest02600.java,0,CWE-79,CWE-79,1,0,1,0,0,0,1,0,0,0,2592,0.0001296,448,0.00017920000000000002,13,5.2e-06,0.00031400000000000004,3.641472816467285
BenchmarkTest02601.java,0,CWE-79,CWE-79,1,1,0,1,0,0,0,0,1,0,2569,0.00012845,512,0.00020480000000000002,12,4.800000000000001e-06,0.00033805,5.480817794799805
BenchmarkTest02602.java,0,CWE-330,CWE-330,1,0,1,0,0,0,1,0,0,0,2740,0.000137,320,0.000128,13,5.2e-06,0.0002702,2.7414112091064453
BenchmarkTest02603.java,0,CWE-330,CWE-330,1,0,1,0,0,0,1,0,0,0,2552,0.0001276,384,0.00015360000000000002,13,5.2e-06,0.0002864,2.7731783390045166
BenchmarkTest02604.java,0,CWE-330,CWE-330,1,0,1,0,0,0,1,0,0,0,2723,0.00013615,448,0.00017920000000000002,13,5.2e-06,0.00032055000000000007,3.7590909004211426
BenchmarkTest02605.java,0,CWE-330,CWE-330,1,0,1,0,0,0,1,0,0,0,2536,0.00012680000000000002,512,0.00020480000000000002,13,5.2e-06,0.00033680000000000006,3.212273120880127
BenchmarkTest02606.java,0,CWE-330,CWE-330,1,0,1,0,0,0,1,0,0,0,2572,0.00012859999999999998,576,0.00023040000000000002,13,5.2e-06,0.0003642,4.355463743209839
BenchmarkTest02607.java,0,CWE-614,,,,0,0,1,0,0,0,1,0,,,,,,,,
BenchmarkTest02608.java,0,CWE-79,CWE-79,1,0,1,0,0,0,1,0,0,0,2535,0.00012675,320,0.000128,13,5.2e-06,0.00025995,2.3198583126068115
BenchmarkTest02609.java,0,CWE-79,CWE-79,1,1,0,1,0,0,0,0,1,0,2552,0.0001276,640,0.000256,12,4.800000000000001e-06,0.0003884,5.160678386688232
BenchmarkTest02610.java,0,CWE-78,CWE-78,1,1,0,1,0,0,0,0,1,0,2370,0.0001185,1408,0.0005632,12,4.800000000000001e-06,0.0006865,8.72724723815918
BenchmarkTest02611.java,0,CWE-78,CWE-78,1,0,1,0,0,0,1,0,0,0,2339,0.00011695,1216,0.00048640000000000006,13,5.2e-06,0.0006085500000000001,6.551059722900391
BenchmarkTest02612.java,0,CWE-78,CWE-78,1,0,1,0,0,0,1,0,0,0,2178,0.0001089,2240,0.000896,13,5.2e-06,0.0010100999999999999,9.964646577835083
BenchmarkTest02613.java,0,CWE-78,CWE-78,1,0,1,0,0,0,1,0,0,0,2236,0.00011180000000000001,1216,0.00048640000000000006,13,5.2e-06,0.0006034000000000001,7.041584730148315
BenchmarkTest02614.java,0,CWE-330,,,,0,0,1,0,0,0,1,0,,,,,,,,
BenchmarkTest02615.java,0,CWE-330,,,,0,0,1,0,0,0,1,0,,,,,,,,
BenchmarkTest02616.java,0,CWE-330,CWE-330,1,1,0,1,0,0,0,0,1,0,2625,0.00013125,1728,0.0006912,12,4.800000000000001e-06,0.00082725,8.770488977432251
BenchmarkTest02617.java,0,CWE-330,,,,0,0,1,0,0,0,1,0,,,,,,,,
BenchmarkTest02618.java,0,CWE-330,,,,0,0,1,0,0,0,1,0,,,,,,,,
BenchmarkTest02619.java,0,CWE-330,,,,0,0,1,0,0,0,1,0,,,,,,,,
BenchmarkTest02620.java,0,CWE-330,,,,0,0,1,0,0,0,1,0,,,,,,,,
BenchmarkTest02621.java,0,CWE-330,,,,0,0,1,0,0,0,1,0,,,,,,,,
BenchmarkTest02625.java,0,CWE-89,CWE-89,1,0,1,0,0,0,1,0,0,0,2226,0.00011130000000000001,1984,0.0007936,13,5.2e-06,0.0009101000000000001,10.292698860168457
BenchmarkTest02626.java,0,CWE-89,CWE-89,1,1,0,1,0,0,0,0,1,0,2172,0.00010860000000000001,512,0.00020480000000000002,12,4.800000000000001e-06,0.00031820000000000004,2.936230182647705
BenchmarkTest02627.java,0,CWE-89,CWE-89,1,0,1,0,0,0,1,0,0,0,2213,0.00011065,1280,0.000512,13,5.2e-06,0.00062785,8.41699743270874
BenchmarkTest02628.java,0,CWE-89,CWE-89,1,0,1,0,0,0,1,0,0,0,2248,0.00011240000000000001,1088,0.00043520000000000006,13,5.2e-06,0.0005528000000000001,6.7362306118011475
BenchmarkTest02629.java,0,CWE-89,CWE-89,1,1,0,1,0,0,0,0,1,0,2235,0.00011175,576,0.00023040000000000002,12,4.800000000000001e-06,0.00034695000000000006,3.6224329471588135
BenchmarkTest02630.java,0,CWE-89,CWE-89,1,0,1,0,0,0,1,0,0,0,2182,0.00010910000000000001,1792,0.0007168000000000001,13,5.2e-06,0.0008311000000000001,8.948358535766602
BenchmarkTest02631.java,0,CWE-89,CWE-89,1,0,0,1,0,0,0,1,0,0,2187,0.00010935000000000002,640,0.000256,13,5.2e-06,0.00037055000000000004,4.054396867752075
BenchmarkTest02632.java,0,CWE-89,CWE-89,1,0,1,0,0,0,1,0,0,0,2244,0.0001122,704,0.0002816,13,5.2e-06,0.00039900000000000005,5.039623022079468
BenchmarkTest02633.java,0,CWE-89,CWE-89,1,0,0,1,0,0,0,1,0,0,2394,0.00011970000000000001,2176,0.0008704000000000001,14,5.600000000000001e-06,0.0009957,10.613566398620605
BenchmarkTest02634.java,0,CWE-89,CWE-89,1,1,0,1,0,0,0,0,1,0,2244,0.0001122,1920,0.000768,12,4.800000000000001e-06,0.000885,10.67198133468628
BenchmarkTest02635.java,0,CWE-89,CWE-89,1,0,1,0,0,0,1,0,0,0,2285,0.00011425,1216,0.00048640000000000006,13,5.2e-06,0.0006058500000000001,5.724259614944458
BenchmarkTest02636.java,0,CWE-89,CWE-89,1,1,0,1,0,0,0,0,1,0,2231,0.00011155000000000001,1536,0.0006144000000000001,12,4.800000000000001e-06,0.0007307500000000001,7.546661376953125
BenchmarkTest02637.java,0,CWE-89,CWE-89,1,0,0,1,0,0,0,1,0,0,2198,0.0001099,448,0.00017920000000000002,13,5.2e-06,0.00029430000000000005,4.005498170852661
BenchmarkTest02638.java,0,CWE-89,CWE-89,1,0,1,0,0,0,1,0,0,0,2178,0.0001089,320,0.000128,13,5.2e-06,0.0002421,2.517437696456909
BenchmarkTest02639.java,0,CWE-89,,,,0,0,1,0,0,0,1,0,,,,,,,,
BenchmarkTest02640.java,0,CWE-89,,,,0,0,1,0,0,0,1,0,,,,,,,,
BenchmarkTest02641.java,0,CWE-89,CWE-89,1,0,1,0,0,0,1,0,0,0,2320,0.000116,320,0.000128,13,5.2e-06,0.0002492,2.564586877822876
BenchmarkTest02642.java,0,CWE-89,,,,0,0,0,1,0,0,0,1,,,,,,,,
BenchmarkTest02643.java,0,CWE-89,,,,0,0,0,1,0,0,0,1,,,,,,,,
BenchmarkTest02644.java,0,CWE-89,,,,0,0,0,1,0,0,0,1,,,,,,,,
BenchmarkTest02645.java,0,CWE-89,,,,0,0,0,1,0,0,0,1,,,,,,,,
BenchmarkTest02646.java,0,CWE-89,CWE-89,1,0,1,0,0,0,1,0,0,0,2199,0.00010995,448,0.00017920000000000002,13,5.2e-06,0.00029435,2.792510747909546
BenchmarkTest02647.java,0,CWE-89,CWE-89,1,0,1,0,0,0,1,0,0,0,2191,0.00010955,768,0.00030720000000000004,13,5.2e-06,0.00042195000000000004,4.419952392578125
BenchmarkTest02648.java,0,CWE-89,CWE-89,1,1,0,1,0,0,0,0,1,0,2241,0.00011205000000000001,640,0.000256,12,4.800000000000001e-06,0.00037285,5.189684867858887
BenchmarkTest02649.java,0,CWE-89,CWE-89,1,0,1,0,0,0,1,0,0,0,2141,0.00010705000000000001,256,0.00010240000000000001,13,5.2e-06,0.00021465,3.329881191253662
BenchmarkTest02650.java,0,CWE-89,CWE-89,1,0,1,0,0,0,1,0,0,0,2233,0.00011165,192,7.680000000000001e-05,13,5.2e-06,0.00019365,2.810814380645752
BenchmarkTest02651.java,0,CWE-89,CWE-89,1,0,1,0,0,0,1,0,0,0,2204,0.00011020000000000001,512,0.00020480000000000002,13,5.2e-06,0.00032020000000000003,2.8838553428649902
BenchmarkTest02652.java,0,CWE-89,CWE-89,1,1,0,1,0,0,0,0,1,0,2380,0.000119,1088,0.00043520000000000006,12,4.800000000000001e-06,0.000559,7.682381868362427
BenchmarkTest02653.java,0,CWE-89,CWE-89,1,0,1,0,0,0,1,0,0,0,2173,0.00010865000000000001,384,0.00015360000000000002,13,5.2e-06,0.00026745,3.375049352645874
BenchmarkTest02654.java,0,CWE-89,CWE-89,1,0,1,0,0,0,1,0,0,0,2199,0.00010995,384,0.00015360000000000002,13,5.2e-06,0.00026875000000000005,4.557062864303589
BenchmarkTest02655.java,0,CWE-89,CWE-89,1,0,1,0,0,0,1,0,0,0,2136,0.00010680000000000001,384,0.00015360000000000002,13,5.2e-06,0.00026560000000000006,2.625628709793091
BenchmarkTest02656.java,0,CWE-89,CWE-89,1,0,1,0,0,0,1,0,0,0,2177,0.00010885,384,0.00015360000000000002,13,5.2e-06,0.00026765000000000003,3.108321189880371
BenchmarkTest02657.java,0,CWE-89,CWE-89,1,1,0,1,0,0,0,0,1,0,2176,0.00010880000000000002,832,0.0003328,12,4.800000000000001e-06,0.0004464,6.720609188079834
BenchmarkTest02658.java,0,CWE-327,CWE-327,1,0,1,0,0,0,1,0,0,0,2700,0.000135,384,0.00015360000000000002,13,5.2e-06,0.00029380000000000004,4.363367080688477
BenchmarkTest02659.java,0,CWE-327,,,,0,0,1,0,0,0,1,0,,,,,,,,
BenchmarkTest02660.java,0,CWE-327,CWE-327,1,0,1,0,0,0,1,0,0,0,2585,0.00012925,320,0.000128,13,5.2e-06,0.00026245,2.3220014572143555
BenchmarkTest02661.java,0,CWE-327,CWE-327,1,0,1,0,0,0,1,0,0,0,2397,0.00011985000000000001,320,0.000128,13,5.2e-06,0.00025305,3.176737070083618
BenchmarkTest02662.java,0,CWE-327,,,,0,0,1,0,0,0,1,0,,,,,,,,
BenchmarkTest02663.java,0,CWE-327,CWE-327,1,0,1,0,0,0,1,0,0,0,2357,0.00011785,1280,0.000512,13,5.2e-06,0.00063505,7.028837203979492
BenchmarkTest02664.java,0,CWE-22,,,,0,0,1,0,0,0,1,0,,,,,,,,
BenchmarkTest02665.java,0,CWE-22,,,,0,0,1,0,0,0,1,0,,,,,,,,
BenchmarkTest02666.java,0,CWE-22,,,,0,0,1,0,0,0,1,0,,,,,,,,
BenchmarkTest02667.java,0,CWE-22,,,,0,0,1,0,0,0,1,0,,,,,,,,
BenchmarkTest02668.java,0,CWE-22,,,,0,0,1,0,0,0,1,0,,,,,,,,
BenchmarkTest02669.java,0,CWE-22,,,,0,0,1,0,0,0,1,0,,,,,,,,
BenchmarkTest02670.java,0,CWE-328,CWE-916,0,0,1,0,0,0,1,0,0,0,2466,0.00012330000000000002,704,0.0002816,13,5.2e-06,0.00041010000000000005,7.2450926303863525
BenchmarkTest02671.java,0,CWE-328,CWE-916,0,0,1,0,0,0,1,0,0,0,2493,0.00012465,768,0.00030720000000000004,13,5.2e-06,0.00043705,4.324545383453369
BenchmarkTest02672.java,0,CWE-328,,,,0,0,1,0,0,0,1,0,,,,,,,,
BenchmarkTest02673.java,0,CWE-328,,,,0,0,1,0,0,0,1,0,,,,,,,,
BenchmarkTest02674.java,0,CWE-328,CWE-916,0,0,1,0,0,0,1,0,0,0,2519,0.00012595,576,0.00023040000000000002,13,5.2e-06,0.00036155000000000003,4.259897708892822
BenchmarkTest02675.java,0,CWE-328,CWE-916,0,0,1,0,0,0,1,0,0,0,2317,0.00011585000000000001,640,0.000256,13,5.2e-06,0.00037705000000000003,5.5183069705963135
BenchmarkTest02676.java,0,CWE-328,,,,0,0,1,0,0,0,1,0,,,,,,,,
BenchmarkTest02677.java,0,CWE-328,,,,0,0,0,1,0,0,0,1,,,,,,,,
BenchmarkTest02678.java,0,CWE-328,,,,0,0,1,0,0,0,1,0,,,,,,,,
BenchmarkTest02679.java,0,CWE-79,,,,0,0,1,0,0,0,1,0,,,,,,,,
BenchmarkTest02680.java,0,CWE-79,,,,0,0,1,0,0,0,1,0,,,,,,,,
BenchmarkTest02681.java,0,CWE-79,,,,0,0,1,0,0,0,1,0,,,,,,,,
BenchmarkTest02682.java,0,CWE-79,,,,0,0,1,0,0,0,1,0,,,,,,,,
BenchmarkTest02683.java,0,CWE-79,,,,0,0,1,0,0,0,1,0,,,,,,,,
BenchmarkTest02684.java,0,CWE-79,,,,0,0,1,0,0,0,1,0,,,,,,,,
BenchmarkTest02685.java,0,CWE-79,,,,0,0,1,0,0,0,1,0,,,,,,,,
BenchmarkTest02686.java,0,CWE-79,,,,0,0,1,0,0,0,1,0,,,,,,,,
BenchmarkTest02687.java,0,CWE-79,,,,0,0,1,0,0,0,1,0,,,,,,,,
BenchmarkTest02688.java,0,CWE-79,,,,0,0,1,0,0,0,1,0,,,,,,,,
BenchmarkTest02689.java,0,CWE-79,,,,0,0,1,0,0,0,1,0,,,,,,,,
BenchmarkTest02690.java,0,CWE-79,,,,0,0,1,0,0,0,1,0,,,,,,,,
BenchmarkTest02691.java,0,CWE-79,,,,0,0,1,0,0,0,1,0,,,,,,,,
BenchmarkTest02692.java,0,CWE-79,,,,0,0,1,0,0,0,1,0,,,,,,,,
BenchmarkTest02693.java,0,CWE-79,,,,0,0,1,0,0,0,1,0,,,,,,,,
BenchmarkTest02694.java,0,CWE-79,,,,0,0,1,0,0,0,1,0,,,,,,,,
BenchmarkTest02695.java,0,CWE-79,,,,0,0,1,0,0,0,1,0,,,,,,,,
BenchmarkTest02696.java,0,CWE-79,,,,0,0,1,0,0,0,1,0,,,,,,,,
BenchmarkTest02697.java,0,CWE-78,,,,0,0,1,0,0,0,1,0,,,,,,,,
BenchmarkTest02698.java,0,CWE-78,,,,0,0,1,0,0,0,1,0,,,,,,,,
BenchmarkTest02699.java,0,CWE-78,,,,0,0,1,0,0,0,1,0,,,,,,,,
BenchmarkTest02700.java,0,CWE-330,CWE-330,1,0,1,0,0,0,1,0,0,0,2420,0.000121,448,0.00017920000000000002,13,5.2e-06,0.00030540000000000005,3.054849863052368
BenchmarkTest02701.java,0,CWE-330,CWE-330,1,0,1,0,0,0,1,0,0,0,2396,0.00011980000000000001,832,0.0003328,13,5.2e-06,0.00045780000000000007,4.610821008682251
BenchmarkTest02702.java,0,CWE-330,CWE-330,1,0,1,0,0,0,1,0,0,0,2388,0.0001194,704,0.0002816,13,5.2e-06,0.0004062,4.895601272583008
BenchmarkTest02703.java,0,CWE-330,CWE-330,1,0,1,0,0,0,1,0,0,0,2385,0.00011925,704,0.0002816,13,5.2e-06,0.00040605000000000003,3.9438323974609375
BenchmarkTest02704.java,0,CWE-330,CWE-330,1,0,1,0,0,0,1,0,0,0,2413,0.00012065,512,0.00020480000000000002,13,5.2e-06,0.00033065000000000004,4.519359350204468
BenchmarkTest02705.java,0,CWE-330,CWE-330,1,0,1,0,0,0,1,0,0,0,2403,0.00012015,768,0.00030720000000000004,13,5.2e-06,0.0004325500000000001,4.855428218841553
BenchmarkTest02706.java,0,CWE-330,CWE-330,1,0,1,0,0,0,1,0,0,0,2380,0.000119,512,0.00020480000000000002,13,5.2e-06,0.00032900000000000003,3.606119155883789
BenchmarkTest02707.java,0,CWE-330,CWE-330,1,0,1,0,0,0,1,0,0,0,2371,0.00011855000000000001,1536,0.0006144000000000001,13,5.2e-06,0.0007381500000000001,13.535496711730957
BenchmarkTest02708.java,0,CWE-330,CWE-330,1,0,1,0,0,0,1,0,0,0,2346,0.0001173,1344,0.0005376000000000001,13,5.2e-06,0.0006601,9.004518032073975
BenchmarkTest02709.java,0,CWE-614,CWE-614,1,0,1,0,0,0,1,0,0,0,2156,0.0001078,576,0.00023040000000000002,13,5.2e-06,0.00034340000000000005,3.862196445465088
BenchmarkTest02710.java,0,CWE-614,CWE-614,1,0,1,0,0,0,1,0,0,0,2130,0.0001065,832,0.0003328,13,5.2e-06,0.0004445,5.070791244506836
BenchmarkTest02711.java,0,CWE-614,,,,0,0,1,0,0,0,1,0,,,,,,,,
BenchmarkTest02712.java,0,CWE-79,,,,0,0,1,0,0,0,1,0,,,,,,,,
BenchmarkTest02713.java,0,CWE-78,,,,0,0,1,0,0,0,1,0,,,,,,,,
BenchmarkTest02714.java,0,CWE-78,,,,0,0,1,0,0,0,1,0,,,,,,,,
BenchmarkTest02715.java,0,CWE-330,,,,0,0,1,0,0,0,1,0,,,,,,,,
BenchmarkTest02716.java,0,CWE-330,,,,0,0,1,0,0,0,1,0,,,,,,,,
BenchmarkTest02717.java,0,CWE-330,,,,0,0,1,0,0,0,1,0,,,,,,,,
BenchmarkTest02718.java,0,CWE-330,,,,0,0,1,0,0,0,1,0,,,,,,,,
BenchmarkTest02719.java,0,CWE-330,,,,0,0,1,0,0,0,1,0,,,,,,,,
BenchmarkTest02720.java,0,CWE-330,,,,0,0,1,0,0,0,1,0,,,,,,,,
BenchmarkTest02721.java,0,CWE-330,,,,0,0,1,0,0,0,1,0,,,,,,,,
BenchmarkTest02727.java,0,CWE-89,,,,0,0,1,0,0,0,1,0,,,,,,,,
BenchmarkTest02728.java,0,CWE-89,,,,0,0,1,0,0,0,1,0,,,,,,,,
BenchmarkTest02729.java,0,CWE-89,,,,0,0,1,0,0,0,1,0,,,,,,,,
BenchmarkTest02730.java,0,CWE-89,,,,0,0,1,0,0,0,1,0,,,,,,,,
BenchmarkTest02731.java,0,CWE-89,,,,0,0,1,0,0,0,1,0,,,,,,,,
BenchmarkTest02732.java,0,CWE-89,,,,0,0,1,0,0,0,1,0,,,,,,,,
BenchmarkTest02733.java,0,CWE-89,,,,0,0,1,0,0,0,1,0,,,,,,,,
BenchmarkTest02734.java,0,CWE-89,,,,0,0,1,0,0,0,1,0,,,,,,,,
BenchmarkTest02735.java,0,CWE-89,,,,0,0,1,0,0,0,1,0,,,,,,,,
BenchmarkTest02736.java,0,CWE-89,,,,0,0,1,0,0,0,1,0,,,,,,,,
BenchmarkTest02737.java,0,CWE-89,,,,0,0,1,0,0,0,1,0,,,,,,,,
BenchmarkTest02738.java,0,CWE-89,,,,0,0,1,0,0,0,1,0,,,,,,,,
BenchmarkTest02739.java,0,CWE-89,,,,0,0,1,0,0,0,1,0,,,,,,,,
BenchmarkTest02740.java,0,CWE-89,,,,0,0,1,0,0,0,1,0,,,,,,,,
