file_name,error,correct_cwe,matched_cwe,direct_match,was_changed,tp_old,fp_old,tn_old,fn_old,tp_new,fp_new,tn_new,fn_new,input_token,input_cost,reasoning_token,reasoning_cost,output_token,output_cost,total_cost,analysis_time
BenchmarkTest00001.java,0,CWE-22,CWE-23,0,0,1,0,0,0,1,0,0,0,2564,0.005128,256,0.002048,22,0.000176,0.007352,5.324414968490601
BenchmarkTest00002.java,0,CWE-22,CWE-23,0,0,1,0,0,0,1,0,0,0,2456,0.004912,128,0.001024,22,0.000176,0.006111999999999999,4.780480623245239
BenchmarkTest00003.java,0,CWE-328,,,,0,0,0,1,0,0,0,1,,,,,,,,
BenchmarkTest00005.java,0,CWE-327,CWE-327,1,0,1,0,0,0,1,0,0,0,2338,0.004676,128,0.001024,22,0.000176,0.005875999999999999,4.317020416259766
BenchmarkTest00006.java,0,CWE-78,CWE-78,1,0,1,0,0,0,1,0,0,0,2058,0.004116,192,0.001536,22,0.000176,0.005828,4.087864637374878
BenchmarkTest00007.java,0,CWE-78,CWE-78,1,0,1,0,0,0,1,0,0,0,1969,0.003938,448,0.003584,22,0.000176,0.007697999999999999,8.981470584869385
BenchmarkTest00008.java,0,CWE-89,CWE-89,1,0,1,0,0,0,1,0,0,0,1969,0.003938,64,0.000512,22,0.000176,0.004626,3.572056293487549
BenchmarkTest00009.java,0,CWE-328,,,,0,0,1,0,0,0,1,0,,,,,,,,
BenchmarkTest00010.java,0,CWE-330,,,,0,0,1,0,0,0,1,0,,,,,,,,
BenchmarkTest00011.java,0,CWE-22,CWE-23,0,1,1,0,0,0,0,0,0,1,2280,0.00456,448,0.003584,21,0.000168,0.008312,9.871776819229126
BenchmarkTest00012.java,0,CWE-90,CWE-90,1,0,1,0,0,0,1,0,0,0,2292,0.004584,256,0.002048,22,0.000176,0.006808000000000001,5.11644721031189
BenchmarkTest00013.java,0,CWE-79,CWE-79,1,0,1,0,0,0,1,0,0,0,2388,0.004776,384,0.003072,22,0.000176,0.008024000000000002,7.181661367416382
BenchmarkTest00014.java,0,CWE-79,CWE-79,1,0,1,0,0,0,1,0,0,0,2385,0.00477,320,0.00256,22,0.000176,0.007506,5.910079479217529
BenchmarkTest00015.java,0,CWE-78,CWE-78,1,0,1,0,0,0,1,0,0,0,2070,0.00414,256,0.002048,22,0.000176,0.006363999999999999,5.1034629344940186
BenchmarkTest00016.java,0,CWE-614,,,,0,0,1,0,0,0,1,0,,,,,,,,
BenchmarkTest00017.java,0,CWE-78,CWE-78,1,0,1,0,0,0,1,0,0,0,2038,0.004076,704,0.005632,22,0.000176,0.009884,11.711475133895874
BenchmarkTest00018.java,0,CWE-89,CWE-89,1,0,1,0,0,0,1,0,0,0,1976,0.003952,128,0.001024,22,0.000176,0.0051519999999999995,3.0374484062194824
BenchmarkTest00019.java,0,CWE-327,CWE-327,1,0,1,0,0,0,1,0,0,0,2287,0.004574,192,0.001536,22,0.000176,0.006286,4.7411370277404785
BenchmarkTest00020.java,0,CWE-327,CWE-327,1,0,1,0,0,0,1,0,0,0,2669,0.005338,64,0.000512,22,0.000176,0.006026,4.204331398010254
BenchmarkTest00021.java,0,CWE-90,CWE-90,1,0,1,0,0,0,1,0,0,0,2233,0.004466,128,0.001024,22,0.000176,0.005666,4.598761796951294
BenchmarkTest00022.java,0,CWE-328,,,,0,0,1,0,0,0,1,0,,,,,,,,
BenchmarkTest00023.java,0,CWE-330,CWE-330,1,0,1,0,0,0,1,0,0,0,2312,0.004624,128,0.001024,22,0.000176,0.005823999999999999,4.037410497665405
BenchmarkTest00024.java,0,CWE-89,CWE-89,1,0,1,0,0,0,1,0,0,0,1991,0.003982,64,0.000512,22,0.000176,0.0046700000000000005,4.220985174179077
BenchmarkTest00025.java,0,CWE-89,,,,0,0,0,1,0,0,0,1,,,,,,,,
BenchmarkTest00026.java,0,CWE-89,,,,0,0,0,1,0,0,0,1,,,,,,,,
BenchmarkTest00027.java,0,CWE-89,CWE-89,1,0,1,0,0,0,1,0,0,0,1939,0.003878,64,0.000512,22,0.000176,0.004566,2.49362850189209
BenchmarkTest00028.java,0,CWE-22,CWE-23,0,0,1,0,0,0,1,0,0,0,2317,0.004634,256,0.002048,22,0.000176,0.006858,6.505021572113037
BenchmarkTest00029.java,0,CWE-328,,,,0,0,0,1,0,0,0,1,,,,,,,,
BenchmarkTest00030.java,0,CWE-79,CWE-79,1,0,1,0,0,0,1,0,0,0,2378,0.004756,192,0.001536,22,0.000176,0.006468,4.106860876083374
BenchmarkTest00032.java,0,CWE-89,,,,0,0,0,1,0,0,0,1,,,,,,,,
BenchmarkTest00033.java,0,CWE-89,,,,0,0,0,1,0,0,0,1,,,,,,,,
BenchmarkTest00034.java,0,CWE-89,CWE-89,1,0,1,0,0,0,1,0,0,0,1977,0.003954,64,0.000512,22,0.000176,0.004642,3.117090940475464
BenchmarkTest00035.java,0,CWE-327,CWE-327,1,0,1,0,0,0,1,0,0,0,2401,0.004802,192,0.001536,22,0.000176,0.006514,5.737538576126099
BenchmarkTest00036.java,0,CWE-79,CWE-79,1,0,1,0,0,0,1,0,0,0,2463,0.004926,320,0.00256,22,0.000176,0.0076619999999999995,6.228001356124878
BenchmarkTest00037.java,0,CWE-89,CWE-89,1,0,1,0,0,0,1,0,0,0,2091,0.004182,384,0.003072,22,0.000176,0.00743,7.437751293182373
BenchmarkTest00038.java,0,CWE-89,CWE-89,1,0,1,0,0,0,1,0,0,0,2223,0.004446,384,0.003072,22,0.000176,0.007694,6.818787097930908
BenchmarkTest00039.java,0,CWE-89,,,,0,0,0,1,0,0,0,1,,,,,,,,
BenchmarkTest00040.java,0,CWE-22,,,,0,0,0,1,0,0,0,1,,,,,,,,
BenchmarkTest00041.java,0,CWE-79,,,,0,0,0,1,0,0,0,1,,,,,,,,
BenchmarkTest00042.java,0,CWE-330,,,,0,0,1,0,0,0,1,0,,,,,,,,
BenchmarkTest00043.java,0,CWE-89,,,,0,0,0,1,0,0,0,1,,,,,,,,
BenchmarkTest00044.java,0,CWE-90,CWE-90,1,0,1,0,0,0,1,0,0,0,2232,0.004464,64,0.000512,22,0.000176,0.005152,4.220985174179077
BenchmarkTest00045.java,0,CWE-22,CWE-23,0,0,1,0,0,0,1,0,0,0,2267,0.004534,512,0.004096,22,0.000176,0.008806,9.467814922332764
BenchmarkTest00046.java,0,CWE-328,CWE-916,0,0,1,0,0,0,1,0,0,0,2258,0.004516,128,0.001024,22,0.000176,0.005716,3.4620754718780518
BenchmarkTest00047.java,0,CWE-79,CWE-79,1,0,1,0,0,0,1,0,0,0,2506,0.005012,512,0.004096,22,0.000176,0.009284,6.99052357673645
BenchmarkTest00048.java,0,CWE-79,CWE-79,1,0,1,0,0,0,1,0,0,0,2501,0.005002,192,0.001536,22,0.000176,0.006714,3.580615282058716
BenchmarkTest00049.java,0,CWE-79,CWE-79,1,0,1,0,0,0,1,0,0,0,2499,0.004998,192,0.001536,22,0.000176,0.00671,5.5810160636901855
BenchmarkTest00050.java,0,CWE-327,CWE-327,1,0,1,0,0,0,1,0,0,0,2685,0.00537,64,0.000512,22,0.000176,0.006058,3.3305351734161377
BenchmarkTest00051.java,0,CWE-78,,,,0,0,1,0,0,0,1,0,,,,,,,,
BenchmarkTest00052.java,0,CWE-89,,,,0,0,1,0,0,0,1,0,,,,,,,,
BenchmarkTest00053.java,0,CWE-327,CWE-327,1,0,1,0,0,0,1,0,0,0,2820,0.00564,64,0.000512,22,0.000176,0.006328,3.629585027694702
BenchmarkTest00054.java,0,CWE-327,,,,0,0,1,0,0,0,1,0,,,,,,,,
BenchmarkTest00055.java,0,CWE-327,CWE-327,1,0,1,0,0,0,1,0,0,0,2849,0.005698,64,0.000512,22,0.000176,0.006386,3.1128270626068115
BenchmarkTest00056.java,0,CWE-327,CWE-327,1,0,1,0,0,0,1,0,0,0,2916,0.005832,64,0.000512,22,0.000176,0.006520000000000001,3.0177416801452637
BenchmarkTest00057.java,0,CWE-327,CWE-327,1,0,1,0,0,0,1,0,0,0,2526,0.005052,64,0.000512,22,0.000176,0.00574,3.4814887046813965
BenchmarkTest00058.java,0,CWE-327,,,,0,0,1,0,0,0,1,0,,,,,,,,
BenchmarkTest00059.java,0,CWE-327,,,,0,0,1,0,0,0,1,0,,,,,,,,
BenchmarkTest00060.java,0,CWE-22,CWE-23,0,0,1,0,0,0,1,0,0,0,2479,0.004958,320,0.00256,22,0.000176,0.007694,4.9109132289886475
BenchmarkTest00061.java,0,CWE-22,CWE-23,0,1,1,0,0,0,0,0,0,1,2466,0.004932,1152,0.009216,21,0.000168,0.014316,14.037616729736328
BenchmarkTest00062.java,0,CWE-22,CWE-23,0,0,1,0,0,0,1,0,0,0,2655,0.00531,384,0.003072,22,0.000176,0.008558000000000001,6.817458868026733
BenchmarkTest00063.java,0,CWE-22,,,,0,0,1,0,0,0,1,0,,,,,,,,
BenchmarkTest00064.java,0,CWE-22,,,,0,0,1,0,0,0,1,0,,,,,,,,
BenchmarkTest00065.java,0,CWE-22,CWE-23,0,0,1,0,0,0,1,0,0,0,2626,0.005252,576,0.004608,22,0.000176,0.010036000000000002,8.571536779403687
BenchmarkTest00066.java,0,CWE-330,CWE-330,1,0,1,0,0,0,1,0,0,0,2518,0.005036,192,0.001536,22,0.000176,0.006748,5.047851324081421
BenchmarkTest00067.java,0,CWE-330,CWE-330,1,0,1,0,0,0,1,0,0,0,2717,0.005434,128,0.001024,22,0.000176,0.006633999999999999,4.716179370880127
BenchmarkTest00068.java,0,CWE-330,CWE-330,1,0,1,0,0,0,1,0,0,0,2512,0.005024,192,0.001536,22,0.000176,0.006736,4.051530599594116
BenchmarkTest00069.java,0,CWE-328,,,,0,0,1,0,0,0,1,0,,,,,,,,
BenchmarkTest00070.java,0,CWE-328,CWE-916,0,0,1,0,0,0,1,0,0,0,2511,0.005022,128,0.001024,22,0.000176,0.006222,3.041487693786621
BenchmarkTest00071.java,0,CWE-328,CWE-916,0,0,1,0,0,0,1,0,0,0,2515,0.00503,64,0.000512,22,0.000176,0.005718,3.584547519683838
BenchmarkTest00072.java,0,CWE-328,,,,0,0,1,0,0,0,1,0,,,,,,,,
BenchmarkTest00073.java,0,CWE-328,CWE-916,0,0,1,0,0,0,1,0,0,0,2498,0.004996,128,0.001024,22,0.000176,0.006195999999999999,3.6234118938446045
BenchmarkTest00074.java,0,CWE-328,,,,0,0,0,1,0,0,0,1,,,,,,,,
BenchmarkTest00075.java,0,CWE-328,,,,0,0,1,0,0,0,1,0,,,,,,,,
BenchmarkTest00076.java,0,CWE-328,,,,0,0,1,0,0,0,1,0,,,,,,,,
BenchmarkTest00077.java,0,CWE-78,CWE-78,1,0,1,0,0,0,1,0,0,0,2303,0.004606,256,0.002048,22,0.000176,0.00683,5.039824962615967
BenchmarkTest00078.java,0,CWE-330,CWE-330,1,0,1,0,0,0,1,0,0,0,2531,0.005062,256,0.002048,22,0.000176,0.007286,5.342644929885864
BenchmarkTest00079.java,0,CWE-330,CWE-330,1,0,1,0,0,0,1,0,0,0,2581,0.005162,128,0.001024,22,0.000176,0.006362,4.928768157958984
BenchmarkTest00080.java,0,CWE-330,CWE-330,1,0,1,0,0,0,1,0,0,0,2494,0.004988,64,0.000512,22,0.000176,0.0056760000000000005,3.2526042461395264
BenchmarkTest00081.java,0,CWE-330,CWE-330,1,0,1,0,0,0,1,0,0,0,2479,0.004958,256,0.002048,22,0.000176,0.007182,4.92338228225708
BenchmarkTest00082.java,0,CWE-330,CWE-330,1,0,1,0,0,0,1,0,0,0,2490,0.00498,64,0.000512,22,0.000176,0.005668,3.098207712173462
BenchmarkTest00083.java,0,CWE-330,CWE-330,1,0,1,0,0,0,1,0,0,0,2506,0.005012,192,0.001536,22,0.000176,0.006724,4.48595404624939
BenchmarkTest00084.java,0,CWE-330,CWE-330,1,0,1,0,0,0,1,0,0,0,2488,0.004976,832,0.006656,22,0.000176,0.011808,11.142485618591309
BenchmarkTest00085.java,0,CWE-330,CWE-330,1,0,1,0,0,0,1,0,0,0,2547,0.005094,128,0.001024,22,0.000176,0.006293999999999999,3.659510612487793
BenchmarkTest00086.java,0,CWE-330,CWE-330,1,0,1,0,0,0,1,0,0,0,2503,0.005006,512,0.004096,22,0.000176,0.009278,8.97400689125061
BenchmarkTest00087.java,0,CWE-614,CWE-614,1,0,1,0,0,0,1,0,0,0,2294,0.004588,384,0.003072,22,0.000176,0.007836000000000001,7.274089574813843
BenchmarkTest00088.java,0,CWE-614,,,,0,0,1,0,0,0,1,0,,,,,,,,
BenchmarkTest00089.java,0,CWE-614,,,,0,0,1,0,0,0,1,0,,,,,,,,
BenchmarkTest00090.java,0,CWE-78,,,,0,0,1,0,0,0,1,0,,,,,,,,
BenchmarkTest00091.java,0,CWE-78,CWE-78,1,0,1,0,0,0,1,0,0,0,2128,0.004256,512,0.004096,22,0.000176,0.008528,8.492932558059692
BenchmarkTest00092.java,0,CWE-78,CWE-78,1,0,1,0,0,0,1,0,0,0,2220,0.00444,512,0.004096,22,0.000176,0.008712000000000001,8.483464002609253
BenchmarkTest00093.java,0,CWE-78,CWE-78,1,1,0,1,0,0,0,0,1,0,2269,0.004538,640,0.00512,21,0.000168,0.009826,15.640428304672241
BenchmarkTest00094.java,0,CWE-330,,,,0,0,1,0,0,0,1,0,,,,,,,,
BenchmarkTest00095.java,0,CWE-330,,,,0,0,1,0,0,0,1,0,,,,,,,,
BenchmarkTest00096.java,0,CWE-330,,,,0,0,1,0,0,0,1,0,,,,,,,,
BenchmarkTest00100.java,0,CWE-89,CWE-89,1,0,1,0,0,0,1,0,0,0,2253,0.004506,128,0.001024,22,0.000176,0.005705999999999999,4.496248006820679
BenchmarkTest00101.java,0,CWE-89,CWE-89,1,0,1,0,0,0,1,0,0,0,2207,0.004414,192,0.001536,22,0.000176,0.006126,3.515103340148926
BenchmarkTest00102.java,0,CWE-89,,,,0,0,0,1,0,0,0,1,,,,,,,,
BenchmarkTest00103.java,0,CWE-89,,,,0,0,0,1,0,0,0,1,,,,,,,,
BenchmarkTest00104.java,0,CWE-89,,,,0,0,1,0,0,0,1,0,,,,,,,,
BenchmarkTest00105.java,0,CWE-89,,,,0,0,1,0,0,0,1,0,,,,,,,,
BenchmarkTest00106.java,0,CWE-89,CWE-89,1,0,1,0,0,0,1,0,0,0,2190,0.00438,192,0.001536,22,0.000176,0.006092,3.791110038757324
BenchmarkTest00107.java,0,CWE-89,,,,0,0,1,0,0,0,1,0,,,,,,,,
BenchmarkTest00108.java,0,CWE-89,CWE-89,1,0,1,0,0,0,1,0,0,0,2223,0.004446,128,0.001024,22,0.000176,0.005646,3.656026601791382
BenchmarkTest00109.java,0,CWE-89,CWE-89,1,0,1,0,0,0,1,0,0,0,2169,0.004338,128,0.001024,22,0.000176,0.0055379999999999995,2.6374545097351074
BenchmarkTest00110.java,0,CWE-89,,,,0,0,1,0,0,0,1,0,,,,,,,,
BenchmarkTest00111.java,0,CWE-89,CWE-89,1,0,1,0,0,0,1,0,0,0,2185,0.00437,128,0.001024,22,0.000176,0.005569999999999999,3.908019542694092
BenchmarkTest00112.java,0,CWE-89,CWE-89,1,0,1,0,0,0,1,0,0,0,2142,0.004284,64,0.000512,22,0.000176,0.004972,1.9423646926879883
BenchmarkTest00113.java,0,CWE-89,CWE-89,1,1,0,1,0,0,0,0,1,0,2216,0.004432,448,0.003584,21,0.000168,0.008184,6.824676036834717
BenchmarkTest00114.java,0,CWE-89,,,,0,0,1,0,0,0,1,0,,,,,,,,
BenchmarkTest00115.java,0,CWE-89,CWE-89,1,0,1,0,0,0,1,0,0,0,2210,0.00442,128,0.001024,22,0.000176,0.00562,2.506671667098999
BenchmarkTest00116.java,0,CWE-643,CWE-643,1,1,0,1,0,0,0,0,1,0,2377,0.004754,384,0.003072,21,0.000168,0.007994,7.369896173477173
BenchmarkTest00117.java,0,CWE-643,,,,0,0,1,0,0,0,1,0,,,,,,,,
BenchmarkTest00118.java,0,CWE-643,,,,0,0,1,0,0,0,1,0,,,,,,,,
BenchmarkTest00119.java,0,CWE-327,CWE-327,1,0,1,0,0,0,1,0,0,0,2860,0.00572,64,0.000512,22,0.000176,0.0064080000000000005,2.301980495452881
BenchmarkTest00120.java,0,CWE-327,CWE-327,1,0,1,0,0,0,1,0,0,0,2696,0.005392,64,0.000512,22,0.000176,0.00608,1.9353344440460205
BenchmarkTest00121.java,0,CWE-327,,,,0,0,1,0,0,0,1,0,,,,,,,,
BenchmarkTest00122.java,0,CWE-327,,,,0,0,1,0,0,0,1,0,,,,,,,,
BenchmarkTest00123.java,0,CWE-327,CWE-327,1,0,1,0,0,0,1,0,0,0,2356,0.004712,64,0.000512,22,0.000176,0.0054,1.924389123916626
BenchmarkTest00124.java,0,CWE-327,CWE-327,1,0,1,0,0,0,1,0,0,0,2375,0.00475,64,0.000512,22,0.000176,0.005438,1.8817849159240723
BenchmarkTest00125.java,0,CWE-327,CWE-327,1,0,1,0,0,0,1,0,0,0,2358,0.004716,64,0.000512,22,0.000176,0.005404,1.7141823768615723
BenchmarkTest00126.java,0,CWE-327,,,,0,0,1,0,0,0,1,0,,,,,,,,
BenchmarkTest00127.java,0,CWE-327,,,,0,0,1,0,0,0,1,0,,,,,,,,
BenchmarkTest00128.java,0,CWE-327,,,,0,0,1,0,0,0,1,0,,,,,,,,
BenchmarkTest00129.java,0,CWE-327,,,,0,0,1,0,0,0,1,0,,,,,,,,
BenchmarkTest00130.java,0,CWE-327,,,,0,0,1,0,0,0,1,0,,,,,,,,
BenchmarkTest00131.java,0,CWE-22,CWE-23,0,1,0,1,0,0,0,0,1,0,2355,0.00471,448,0.003584,21,0.000168,0.008461999999999999,6.142222881317139
BenchmarkTest00132.java,0,CWE-22,CWE-23,0,1,0,1,0,0,0,0,1,0,2508,0.005016,320,0.00256,21,0.000168,0.007743999999999999,5.8224937915802
BenchmarkTest00133.java,0,CWE-22,CWE-23,0,0,1,0,0,0,1,0,0,0,2396,0.004792,256,0.002048,22,0.000176,0.0070160000000000005,4.242072343826294
BenchmarkTest00134.java,0,CWE-22,CWE-23,0,1,0,1,0,0,0,0,1,0,2344,0.004688,448,0.003584,21,0.000168,0.00844,5.419940710067749
BenchmarkTest00135.java,0,CWE-22,CWE-23,0,1,0,1,0,0,0,0,1,0,2362,0.004724,320,0.00256,21,0.000168,0.007452,7.43231463432312
BenchmarkTest00136.java,0,CWE-22,CWE-23,0,1,0,1,0,0,0,0,1,0,2400,0.0048,384,0.003072,21,0.000168,0.00804,5.68590784072876
BenchmarkTest00137.java,0,CWE-22,CWE-23,0,1,0,1,0,0,0,0,1,0,2534,0.005068,384,0.003072,21,0.000168,0.008308,6.736759185791016
BenchmarkTest00138.java,0,CWE-90,,,,0,0,1,0,0,0,1,0,,,,,,,,
BenchmarkTest00139.java,0,CWE-90,,,,0,0,1,0,0,0,1,0,,,,,,,,
BenchmarkTest00140.java,0,CWE-330,CWE-330,1,0,1,0,0,0,1,0,0,0,2398,0.004796,128,0.001024,22,0.000176,0.005996,2.103069543838501
BenchmarkTest00141.java,0,CWE-328,CWE-916,0,0,1,0,0,0,1,0,0,0,2411,0.004822,192,0.001536,22,0.000176,0.006534,4.003959894180298
BenchmarkTest00142.java,0,CWE-328,,,,0,0,1,0,0,0,1,0,,,,,,,,
BenchmarkTest00143.java,0,CWE-328,,,,0,0,0,1,0,0,0,1,,,,,,,,
BenchmarkTest00144.java,0,CWE-79,CWE-79,1,0,1,0,0,0,1,0,0,0,2444,0.004888,384,0.003072,22,0.000176,0.008136000000000001,6.317718982696533
BenchmarkTest00145.java,0,CWE-79,CWE-79,1,0,1,0,0,0,1,0,0,0,2466,0.004932,384,0.003072,22,0.000176,0.008180000000000002,6.719026803970337
BenchmarkTest00146.java,0,CWE-79,CWE-79,1,0,1,0,0,0,1,0,0,0,2437,0.004874,768,0.006144,22,0.000176,0.011194,11.474748373031616
BenchmarkTest00147.java,0,CWE-79,CWE-79,1,1,0,1,0,0,0,0,1,0,2452,0.004904,384,0.003072,21,0.000168,0.008144,6.381885528564453
BenchmarkTest00148.java,0,CWE-79,CWE-79,1,0,1,0,0,0,1,0,0,0,2418,0.004836,192,0.001536,22,0.000176,0.006548,3.4210991859436035
BenchmarkTest00149.java,0,CWE-79,CWE-79,1,0,1,0,0,0,1,0,0,0,2413,0.004826,320,0.00256,22,0.000176,0.007562,4.995282173156738
BenchmarkTest00150.java,0,CWE-79,CWE-79,1,0,1,0,0,0,1,0,0,0,2423,0.004846,192,0.001536,22,0.000176,0.006558,3.3747222423553467
BenchmarkTest00151.java,0,CWE-79,CWE-79,1,1,0,1,0,0,0,0,1,0,2445,0.00489,448,0.003584,21,0.000168,0.008642,5.353801250457764
BenchmarkTest00152.java,0,CWE-79,CWE-79,1,0,1,0,0,0,1,0,0,0,2458,0.004916,256,0.002048,22,0.000176,0.00714,3.685157060623169
BenchmarkTest00153.java,0,CWE-79,CWE-79,1,0,1,0,0,0,1,0,0,0,2448,0.004896,192,0.001536,22,0.000176,0.006608,2.769679307937622
BenchmarkTest00154.java,0,CWE-79,CWE-79,1,0,1,0,0,0,1,0,0,0,2456,0.004912,128,0.001024,22,0.000176,0.006111999999999999,3.164052963256836
BenchmarkTest00155.java,0,CWE-79,CWE-79,1,0,1,0,0,0,1,0,0,0,2394,0.004788,256,0.002048,22,0.000176,0.007012,4.331907272338867
BenchmarkTest00156.java,0,CWE-79,CWE-79,1,0,1,0,0,0,1,0,0,0,2432,0.004864,192,0.001536,22,0.000176,0.006576,5.047055721282959
BenchmarkTest00157.java,0,CWE-79,CWE-79,1,0,1,0,0,0,1,0,0,0,2392,0.004784,256,0.002048,22,0.000176,0.0070079999999999995,3.7341420650482178
BenchmarkTest00158.java,0,CWE-78,,,,0,0,1,0,0,0,1,0,,,,,,,,
BenchmarkTest00159.java,0,CWE-78,CWE-78,1,0,1,0,0,0,1,0,0,0,2092,0.004184,384,0.003072,22,0.000176,0.007432,6.021785020828247
BenchmarkTest00160.java,0,CWE-330,CWE-330,1,0,1,0,0,0,1,0,0,0,2399,0.004798,128,0.001024,22,0.000176,0.005998,3.0446627140045166
BenchmarkTest00161.java,0,CWE-330,CWE-330,1,0,1,0,0,0,1,0,0,0,2470,0.00494,192,0.001536,22,0.000176,0.006652,3.5968563556671143
BenchmarkTest00162.java,0,CWE-330,CWE-330,1,0,1,0,0,0,1,0,0,0,2327,0.004654,320,0.00256,22,0.000176,0.00739,5.350175142288208
BenchmarkTest00163.java,0,CWE-330,CWE-330,1,0,1,0,0,0,1,0,0,0,2344,0.004688,128,0.001024,22,0.000176,0.005888,3.1551599502563477
BenchmarkTest00164.java,0,CWE-330,CWE-330,1,0,1,0,0,0,1,0,0,0,2347,0.004694,192,0.001536,22,0.000176,0.006406,3.585421562194824
BenchmarkTest00165.java,0,CWE-330,CWE-330,1,0,1,0,0,0,1,0,0,0,2344,0.004688,128,0.001024,22,0.000176,0.005888,2.6050145626068115
BenchmarkTest00166.java,0,CWE-330,CWE-330,1,0,1,0,0,0,1,0,0,0,2312,0.004624,128,0.001024,22,0.000176,0.005823999999999999,2.7090888023376465
BenchmarkTest00167.java,0,CWE-330,CWE-330,1,0,1,0,0,0,1,0,0,0,2360,0.00472,128,0.001024,22,0.000176,0.00592,2.586102247238159
BenchmarkTest00168.java,0,CWE-330,CWE-330,1,0,1,0,0,0,1,0,0,0,2346,0.004692,128,0.001024,22,0.000176,0.005892,2.02966046333313
BenchmarkTest00169.java,0,CWE-614,CWE-614,1,0,1,0,0,0,1,0,0,0,2168,0.004336,64,0.000512,22,0.000176,0.005024,3.9776647090911865
BenchmarkTest00170.java,0,CWE-614,CWE-614,1,0,1,0,0,0,1,0,0,0,2340,0.00468,128,0.001024,22,0.000176,0.00588,2.901185989379883
BenchmarkTest00171.java,0,CWE-78,CWE-78,1,1,0,1,0,0,0,0,1,0,2247,0.004494,384,0.003072,21,0.000168,0.0077339999999999996,6.310431718826294
BenchmarkTest00172.java,0,CWE-78,CWE-78,1,0,1,0,0,0,1,0,0,0,2071,0.004142,768,0.006144,22,0.000176,0.010462,20.02962327003479
BenchmarkTest00173.java,0,CWE-78,CWE-78,1,0,1,0,0,0,1,0,0,0,2052,0.004104,576,0.004608,22,0.000176,0.008888000000000002,8.0335693359375
BenchmarkTest00174.java,0,CWE-78,CWE-78,1,0,1,0,0,0,1,0,0,0,1998,0.003996,1088,0.008704,22,0.000176,0.012876,13.129181385040283
BenchmarkTest00175.java,0,CWE-78,CWE-78,1,1,0,1,0,0,0,0,1,0,2067,0.004134,448,0.003584,21,0.000168,0.007885999999999999,5.8059728145599365
BenchmarkTest00176.java,0,CWE-78,CWE-78,1,0,1,0,0,0,1,0,0,0,2058,0.004116,448,0.003584,22,0.000176,0.007876000000000001,6.967784404754639
BenchmarkTest00177.java,0,CWE-78,,,,0,0,1,0,0,0,1,0,,,,,,,,
BenchmarkTest00178.java,0,CWE-330,,,,0,0,1,0,0,0,1,0,,,,,,,,
BenchmarkTest00179.java,0,CWE-330,,,,0,0,1,0,0,0,1,0,,,,,,,,
BenchmarkTest00180.java,0,CWE-330,,,,0,0,1,0,0,0,1,0,,,,,,,,
BenchmarkTest00181.java,0,CWE-330,,,,0,0,1,0,0,0,1,0,,,,,,,,
BenchmarkTest00182.java,0,CWE-330,,,,0,0,1,0,0,0,1,0,,,,,,,,
BenchmarkTest00183.java,0,CWE-330,,,,0,0,1,0,0,0,1,0,,,,,,,,
BenchmarkTest00184.java,0,CWE-330,,,,0,0,1,0,0,0,1,0,,,,,,,,
BenchmarkTest00185.java,0,CWE-330,,,,0,0,1,0,0,0,1,0,,,,,,,,
BenchmarkTest00186.java,0,CWE-330,,,,0,0,1,0,0,0,1,0,,,,,,,,
BenchmarkTest00187.java,0,CWE-330,,,,0,0,1,0,0,0,1,0,,,,,,,,
BenchmarkTest00188.java,0,CWE-330,,,,0,0,1,0,0,0,1,0,,,,,,,,
BenchmarkTest00190.java,0,CWE-89,CWE-89,1,1,0,1,0,0,0,0,1,0,2069,0.004138,384,0.003072,21,0.000168,0.007378,4.449436187744141
BenchmarkTest00191.java,0,CWE-89,CWE-89,1,1,0,1,0,0,0,0,1,0,2082,0.004164,320,0.00256,21,0.000168,0.0068920000000000006,4.818082332611084
BenchmarkTest00192.java,0,CWE-89,CWE-89,1,0,1,0,0,0,1,0,0,0,2078,0.004156,192,0.001536,22,0.000176,0.005868,3.5632593631744385
BenchmarkTest00193.java,0,CWE-89,CWE-89,1,0,1,0,0,0,1,0,0,0,2031,0.004062,320,0.00256,22,0.000176,0.006797999999999999,7.230404615402222
BenchmarkTest00194.java,0,CWE-89,CWE-89,1,0,1,0,0,0,1,0,0,0,2057,0.004114,192,0.001536,22,0.000176,0.005826,3.445990800857544
BenchmarkTest00195.java,0,CWE-89,,,,0,0,0,1,0,0,0,1,,,,,,,,
BenchmarkTest00196.java,0,CWE-89,,,,0,0,0,1,0,0,0,1,,,,,,,,
BenchmarkTest00197.java,0,CWE-89,CWE-89,1,1,0,1,0,0,0,0,1,0,2224,0.004448,512,0.004096,21,0.000168,0.008712,7.661148309707642
BenchmarkTest00198.java,0,CWE-89,,,,0,0,0,1,0,0,0,1,,,,,,,,
BenchmarkTest00199.java,0,CWE-89,,,,0,0,0,1,0,0,0,1,,,,,,,,
BenchmarkTest00200.java,0,CWE-89,CWE-89,1,1,0,1,0,0,0,0,1,0,2077,0.004154,448,0.003584,21,0.000168,0.007906,5.718074560165405
BenchmarkTest00201.java,0,CWE-89,,,,0,0,1,0,0,0,1,0,,,,,,,,
BenchmarkTest00202.java,0,CWE-89,,,,0,0,1,0,0,0,1,0,,,,,,,,
BenchmarkTest00203.java,0,CWE-89,CWE-89,1,0,1,0,0,0,1,0,0,0,2008,0.004016,128,0.001024,22,0.000176,0.005215999999999999,2.5654821395874023
BenchmarkTest00204.java,0,CWE-89,CWE-89,1,0,1,0,0,0,1,0,0,0,2006,0.004012,192,0.001536,22,0.000176,0.005724,3.5543785095214844
BenchmarkTest00205.java,0,CWE-89,CWE-89,1,1,0,1,0,0,0,0,1,0,2046,0.004092,320,0.00256,21,0.000168,0.00682,5.218554258346558
BenchmarkTest00206.java,0,CWE-89,,,,0,0,1,0,0,0,1,0,,,,,,,,
BenchmarkTest00207.java,0,CWE-643,CWE-643,1,0,1,0,0,0,1,0,0,0,2081,0.004162,192,0.001536,22,0.000176,0.005874,3.3722734451293945
BenchmarkTest00208.java,0,CWE-327,CWE-327,1,0,1,0,0,0,1,0,0,0,2788,0.005576,128,0.001024,22,0.000176,0.006776,3.3791582584381104
BenchmarkTest00209.java,0,CWE-327,,,,0,0,1,0,0,0,1,0,,,,,,,,
BenchmarkTest00210.java,0,CWE-327,CWE-327,1,0,1,0,0,0,1,0,0,0,2428,0.004856,64,0.000512,22,0.000176,0.005544,2.7847096920013428
BenchmarkTest00211.java,0,CWE-327,,,,0,0,1,0,0,0,1,0,,,,,,,,
BenchmarkTest00212.java,0,CWE-327,,,,0,0,1,0,0,0,1,0,,,,,,,,
BenchmarkTest00213.java,0,CWE-327,,,,0,0,1,0,0,0,1,0,,,,,,,,
BenchmarkTest00214.java,0,CWE-327,,,,0,0,1,0,0,0,1,0,,,,,,,,
BenchmarkTest00215.java,0,CWE-22,CWE-23,0,0,1,0,0,0,1,0,0,0,2339,0.004678,1152,0.009216,22,0.000176,0.014070000000000001,31.43155312538147
BenchmarkTest00216.java,0,CWE-22,CWE-23,0,0,1,0,0,0,1,0,0,0,2366,0.004732,768,0.006144,22,0.000176,0.011052000000000001,13.057941675186157
BenchmarkTest00217.java,0,CWE-22,,,,0,0,1,0,0,0,1,0,,,,,,,,
BenchmarkTest00218.java,0,CWE-22,CWE-23,0,0,1,0,0,0,1,0,0,0,2566,0.005132,1472,0.011776,22,0.000176,0.017084,17.349143505096436
BenchmarkTest00219.java,0,CWE-22,CWE-23,0,1,1,0,0,0,0,0,0,1,2504,0.005008,832,0.006656,21,0.000168,0.011832,11.698560237884521
BenchmarkTest00220.java,0,CWE-22,,,,0,0,1,0,0,0,1,0,,,,,,,,
BenchmarkTest00221.java,0,CWE-22,,,,0,0,1,0,0,0,1,0,,,,,,,,
BenchmarkTest00222.java,0,CWE-22,CWE-23,0,1,1,0,0,0,0,0,0,1,2457,0.004914,832,0.006656,21,0.000168,0.011738,7.9265148639678955
BenchmarkTest00223.java,0,CWE-328,CWE-916,0,0,1,0,0,0,1,0,0,0,2519,0.005038,128,0.001024,22,0.000176,0.006238,2.314710855484009
BenchmarkTest00224.java,0,CWE-328,,,,0,0,1,0,0,0,1,0,,,,,,,,
BenchmarkTest00225.java,0,CWE-328,,,,0,0,1,0,0,0,1,0,,,,,,,,
BenchmarkTest00226.java,0,CWE-328,,,,0,0,0,1,0,0,0,1,,,,,,,,
BenchmarkTest00227.java,0,CWE-328,,,,0,0,0,1,0,0,0,1,,,,,,,,
BenchmarkTest00228.java,0,CWE-328,,,,0,0,1,0,0,0,1,0,,,,,,,,
BenchmarkTest00229.java,0,CWE-328,,,,0,0,1,0,0,0,1,0,,,,,,,,
BenchmarkTest00230.java,0,CWE-330,CWE-330,1,0,1,0,0,0,1,0,0,0,2441,0.004882,64,0.000512,22,0.000176,0.00557,15.919076204299927
BenchmarkTest00231.java,0,CWE-330,CWE-330,1,0,1,0,0,0,1,0,0,0,2458,0.004916,640,0.00512,22,0.000176,0.010212,6.904400825500488
BenchmarkTest00232.java,0,CWE-330,CWE-330,1,0,1,0,0,0,1,0,0,0,2473,0.004946,128,0.001024,22,0.000176,0.0061459999999999996,2.7541234493255615
BenchmarkTest00233.java,0,CWE-330,CWE-330,1,0,1,0,0,0,1,0,0,0,2395,0.00479,128,0.001024,22,0.000176,0.00599,3.225541114807129
BenchmarkTest00234.java,0,CWE-330,CWE-330,1,0,1,0,0,0,1,0,0,0,2471,0.004942,192,0.001536,22,0.000176,0.006654,5.0997068881988525
BenchmarkTest00235.java,0,CWE-330,CWE-330,1,0,1,0,0,0,1,0,0,0,2395,0.00479,128,0.001024,22,0.000176,0.00599,4.47960352897644
BenchmarkTest00236.java,0,CWE-330,CWE-330,1,0,1,0,0,0,1,0,0,0,2404,0.004808,64,0.000512,22,0.000176,0.005496,3.549668073654175
BenchmarkTest00237.java,0,CWE-330,CWE-330,1,0,1,0,0,0,1,0,0,0,2456,0.004912,128,0.001024,22,0.000176,0.006111999999999999,3.8813443183898926
BenchmarkTest00238.java,0,CWE-330,CWE-330,1,0,1,0,0,0,1,0,0,0,2411,0.004822,128,0.001024,22,0.000176,0.006022,3.8661983013153076
BenchmarkTest00239.java,0,CWE-330,CWE-330,1,0,1,0,0,0,1,0,0,0,2584,0.005168,128,0.001024,22,0.000176,0.0063679999999999995,3.9676382541656494
BenchmarkTest00240.java,0,CWE-330,CWE-330,1,0,1,0,0,0,1,0,0,0,2397,0.004794,128,0.001024,22,0.000176,0.005993999999999999,3.614279270172119
BenchmarkTest00241.java,0,CWE-614,CWE-614,1,0,1,0,0,0,1,0,0,0,2191,0.004382,192,0.001536,22,0.000176,0.006094,4.463304758071899
BenchmarkTest00242.java,0,CWE-614,,,,0,0,1,0,0,0,1,0,,,,,,,,
BenchmarkTest00243.java,0,CWE-330,,,,0,0,1,0,0,0,1,0,,,,,,,,
BenchmarkTest00244.java,0,CWE-330,,,,0,0,1,0,0,0,1,0,,,,,,,,
BenchmarkTest00245.java,0,CWE-330,CWE-330,1,1,0,1,0,0,0,0,1,0,2700,0.0054,320,0.00256,21,0.000168,0.008128,5.571316719055176
BenchmarkTest00246.java,0,CWE-330,,,,0,0,1,0,0,0,1,0,,,,,,,,
BenchmarkTest00247.java,0,CWE-330,,,,0,0,1,0,0,0,1,0,,,,,,,,
BenchmarkTest00248.java,0,CWE-330,,,,0,0,1,0,0,0,1,0,,,,,,,,
BenchmarkTest00249.java,0,CWE-330,,,,0,0,1,0,0,0,1,0,,,,,,,,
BenchmarkTest00254.java,0,CWE-327,CWE-327,1,0,1,0,0,0,1,0,0,0,2697,0.005394,64,0.000512,22,0.000176,0.006082000000000001,3.0948965549468994
BenchmarkTest00255.java,0,CWE-327,,,,0,0,1,0,0,0,1,0,,,,,,,,
BenchmarkTest00256.java,0,CWE-327,CWE-327,1,0,1,0,0,0,1,0,0,0,2775,0.00555,64,0.000512,22,0.000176,0.0062380000000000005,2.769789695739746
BenchmarkTest00257.java,0,CWE-327,CWE-327,1,0,1,0,0,0,1,0,0,0,2740,0.00548,128,0.001024,22,0.000176,0.006679999999999999,3.7453033924102783
BenchmarkTest00258.java,0,CWE-327,CWE-327,1,0,1,0,0,0,1,0,0,0,2721,0.005442,128,0.001024,22,0.000176,0.0066419999999999995,3.723301410675049
BenchmarkTest00259.java,0,CWE-327,,,,0,0,1,0,0,0,1,0,,,,,,,,
BenchmarkTest00260.java,0,CWE-327,,,,0,0,1,0,0,0,1,0,,,,,,,,
BenchmarkTest00261.java,0,CWE-22,,,,0,0,1,0,0,0,1,0,,,,,,,,
BenchmarkTest00262.java,0,CWE-22,CWE-23,0,0,1,0,0,0,1,0,0,0,2374,0.004748,192,0.001536,22,0.000176,0.00646,7.867585182189941
BenchmarkTest00263.java,0,CWE-22,CWE-23,0,1,0,1,0,0,0,0,1,0,2520,0.00504,256,0.002048,21,0.000168,0.007256,5.841607332229614
BenchmarkTest00264.java,0,CWE-22,CWE-23,0,0,1,0,0,0,1,0,0,0,2468,0.004936,320,0.00256,22,0.000176,0.007672000000000001,7.182849645614624
BenchmarkTest00265.java,0,CWE-22,CWE-23,0,1,0,1,0,0,0,0,1,0,2395,0.00479,448,0.003584,21,0.000168,0.008542,19.806565284729004
BenchmarkTest00266.java,0,CWE-328,CWE-916,0,0,1,0,0,0,1,0,0,0,2482,0.004964,64,0.000512,22,0.000176,0.005652,3.6506128311157227
BenchmarkTest00267.java,0,CWE-328,CWE-916,0,0,1,0,0,0,1,0,0,0,2417,0.004834,128,0.001024,22,0.000176,0.006033999999999999,3.7971372604370117
BenchmarkTest00268.java,0,CWE-328,CWE-916,0,0,1,0,0,0,1,0,0,0,2374,0.004748,448,0.003584,22,0.000176,0.008508,7.4522545337677
BenchmarkTest00269.java,0,CWE-328,CWE-916,0,0,1,0,0,0,1,0,0,0,2380,0.00476,256,0.002048,22,0.000176,0.006984,4.5500054359436035
BenchmarkTest00270.java,0,CWE-328,,,,0,0,1,0,0,0,1,0,,,,,,,,
BenchmarkTest00271.java,0,CWE-328,,,,0,0,1,0,0,0,1,0,,,,,,,,
BenchmarkTest00272.java,0,CWE-328,CWE-916,0,0,1,0,0,0,1,0,0,0,2371,0.004742,128,0.001024,22,0.000176,0.005941999999999999,3.451791524887085
BenchmarkTest00273.java,0,CWE-328,,,,0,0,0,1,0,0,0,1,,,,,,,,
BenchmarkTest00274.java,0,CWE-328,,,,0,0,0,1,0,0,0,1,,,,,,,,
BenchmarkTest00275.java,0,CWE-79,,,,0,0,1,0,0,0,1,0,,,,,,,,
BenchmarkTest00276.java,0,CWE-79,CWE-79,1,0,1,0,0,0,1,0,0,0,2404,0.004808,256,0.002048,22,0.000176,0.007031999999999999,4.829210996627808
BenchmarkTest00277.java,0,CWE-79,,,,0,0,1,0,0,0,1,0,,,,,,,,
BenchmarkTest00278.java,0,CWE-79,,,,0,0,1,0,0,0,1,0,,,,,,,,
BenchmarkTest00279.java,0,CWE-79,CWE-79,1,0,1,0,0,0,1,0,0,0,2438,0.004876,256,0.002048,22,0.000176,0.0070999999999999995,4.1173810958862305
BenchmarkTest00280.java,0,CWE-79,CWE-79,1,0,1,0,0,0,1,0,0,0,2467,0.004934,256,0.002048,22,0.000176,0.007158,5.119964122772217
BenchmarkTest00281.java,0,CWE-79,,,,0,0,1,0,0,0,1,0,,,,,,,,
BenchmarkTest00282.java,0,CWE-79,,,,0,0,1,0,0,0,1,0,,,,,,,,
BenchmarkTest00283.java,0,CWE-79,,,,0,0,1,0,0,0,1,0,,,,,,,,
BenchmarkTest00284.java,0,CWE-79,CWE-79,1,0,1,0,0,0,1,0,0,0,2375,0.00475,192,0.001536,22,0.000176,0.006462,3.6602821350097656
BenchmarkTest00285.java,0,CWE-79,,,,0,0,1,0,0,0,1,0,,,,,,,,
BenchmarkTest00286.java,0,CWE-79,,,,0,0,1,0,0,0,1,0,,,,,,,,
BenchmarkTest00287.java,0,CWE-79,CWE-79,1,0,1,0,0,0,1,0,0,0,2406,0.004812,192,0.001536,22,0.000176,0.006524,4.100165843963623
BenchmarkTest00288.java,0,CWE-79,CWE-79,1,1,0,1,0,0,0,0,1,0,2506,0.005012,512,0.004096,21,0.000168,0.009276,6.744905233383179
BenchmarkTest00289.java,0,CWE-79,,,,0,0,1,0,0,0,1,0,,,,,,,,
BenchmarkTest00290.java,0,CWE-79,CWE-79,1,0,1,0,0,0,1,0,0,0,2398,0.004796,192,0.001536,22,0.000176,0.006508,15.086987733840942
BenchmarkTest00291.java,0,CWE-79,CWE-79,1,0,1,0,0,0,1,0,0,0,2407,0.004814,128,0.001024,22,0.000176,0.006013999999999999,12.26790165901184
BenchmarkTest00292.java,0,CWE-79,CWE-79,1,0,1,0,0,0,1,0,0,0,2435,0.00487,320,0.00256,22,0.000176,0.007606000000000001,4.226826906204224
BenchmarkTest00293.java,0,CWE-78,CWE-78,1,0,1,0,0,0,1,0,0,0,2121,0.004242,384,0.003072,22,0.000176,0.00749,5.088763952255249
BenchmarkTest00294.java,0,CWE-78,CWE-78,1,0,1,0,0,0,1,0,0,0,2104,0.004208,320,0.00256,22,0.000176,0.006944,4.598939418792725
BenchmarkTest00295.java,0,CWE-78,CWE-78,1,0,1,0,0,0,1,0,0,0,2107,0.004214,256,0.002048,22,0.000176,0.006438,3.7292094230651855
BenchmarkTest00296.java,0,CWE-330,CWE-330,1,0,1,0,0,0,1,0,0,0,2362,0.004724,192,0.001536,22,0.000176,0.006436,3.6577353477478027
BenchmarkTest00297.java,0,CWE-330,CWE-330,1,0,1,0,0,0,1,0,0,0,2359,0.004718,128,0.001024,22,0.000176,0.005918,2.7810895442962646
BenchmarkTest00298.java,0,CWE-330,CWE-330,1,0,1,0,0,0,1,0,0,0,2363,0.004726,128,0.001024,22,0.000176,0.005926,2.8826026916503906
BenchmarkTest00299.java,0,CWE-330,CWE-330,1,0,1,0,0,0,1,0,0,0,2353,0.004706,128,0.001024,22,0.000176,0.005906,2.347243309020996
BenchmarkTest00300.java,0,CWE-614,CWE-614,1,0,1,0,0,0,1,0,0,0,2158,0.004316,384,0.003072,22,0.000176,0.007564,7.127294540405273
BenchmarkTest00301.java,0,CWE-79,CWE-79,1,0,1,0,0,0,1,0,0,0,2466,0.004932,192,0.001536,22,0.000176,0.006644,3.9806971549987793
BenchmarkTest00302.java,0,CWE-78,CWE-78,1,0,1,0,0,0,1,0,0,0,2073,0.004146,384,0.003072,22,0.000176,0.007394,5.443448066711426
BenchmarkTest00303.java,0,CWE-78,CWE-78,1,0,1,0,0,0,1,0,0,0,2192,0.004384,448,0.003584,22,0.000176,0.008144,6.11611533164978
BenchmarkTest00304.java,0,CWE-78,CWE-78,1,0,1,0,0,0,1,0,0,0,2222,0.004444,1472,0.011776,22,0.000176,0.016395999999999997,17.00972080230713
BenchmarkTest00305.java,0,CWE-78,,,,0,0,1,0,0,0,1,0,,,,,,,,
BenchmarkTest00306.java,0,CWE-78,CWE-78,1,0,1,0,0,0,1,0,0,0,2031,0.004062,320,0.00256,22,0.000176,0.006797999999999999,5.631859302520752
BenchmarkTest00307.java,0,CWE-78,CWE-78,1,1,0,1,0,0,0,0,1,0,2128,0.004256,512,0.004096,21,0.000168,0.00852,8.763023376464844
BenchmarkTest00308.java,0,CWE-78,,,,0,0,1,0,0,0,1,0,,,,,,,,
BenchmarkTest00309.java,0,CWE-78,CWE-78,1,1,0,1,0,0,0,0,1,0,2084,0.004168,320,0.00256,21,0.000168,0.006895999999999999,4.843505620956421
BenchmarkTest00310.java,0,CWE-78,CWE-78,1,1,0,1,0,0,0,0,1,0,2156,0.004312,448,0.003584,21,0.000168,0.008064,7.588672399520874
BenchmarkTest00311.java,0,CWE-78,CWE-78,1,0,1,0,0,0,1,0,0,0,2085,0.00417,1216,0.009728,22,0.000176,0.014074000000000001,14.819788932800293
BenchmarkTest00312.java,0,CWE-330,,,,0,0,1,0,0,0,1,0,,,,,,,,
BenchmarkTest00313.java,0,CWE-330,CWE-330,1,1,0,1,0,0,0,0,1,0,2452,0.004904,512,0.004096,21,0.000168,0.009168,6.853374004364014
BenchmarkTest00314.java,0,CWE-330,CWE-330,1,1,0,1,0,0,0,0,1,0,2461,0.004922,704,0.005632,21,0.000168,0.010722,9.91161847114563
BenchmarkTest00315.java,0,CWE-330,,,,0,0,1,0,0,0,1,0,,,,,,,,
BenchmarkTest00316.java,0,CWE-330,,,,0,0,1,0,0,0,1,0,,,,,,,,
BenchmarkTest00317.java,0,CWE-330,,,,0,0,1,0,0,0,1,0,,,,,,,,
BenchmarkTest00318.java,0,CWE-330,,,,0,0,1,0,0,0,1,0,,,,,,,,
BenchmarkTest00319.java,0,CWE-330,,,,0,0,1,0,0,0,1,0,,,,,,,,
BenchmarkTest00320.java,0,CWE-330,,,,0,0,1,0,0,0,1,0,,,,,,,,
BenchmarkTest00328.java,0,CWE-89,CWE-89,1,0,1,0,0,0,1,0,0,0,2016,0.004032,128,0.001024,22,0.000176,0.005232,2.8886969089508057
BenchmarkTest00329.java,0,CWE-89,,,,0,0,1,0,0,0,1,0,,,,,,,,
BenchmarkTest00330.java,0,CWE-89,,,,0,0,1,0,0,0,1,0,,,,,,,,
BenchmarkTest00331.java,0,CWE-89,CWE-89,1,1,0,1,0,0,0,0,1,0,2098,0.004196,512,0.004096,21,0.000168,0.00846,9.450346231460571
BenchmarkTest00332.java,0,CWE-89,,,,0,0,1,0,0,0,1,0,,,,,,,,
BenchmarkTest00333.java,0,CWE-89,,,,0,0,1,0,0,0,1,0,,,,,,,,
BenchmarkTest00334.java,0,CWE-89,,,,0,0,1,0,0,0,1,0,,,,,,,,
BenchmarkTest00335.java,0,CWE-89,CWE-89,1,0,1,0,0,0,1,0,0,0,2046,0.004092,128,0.001024,22,0.000176,0.005292,2.997143030166626
BenchmarkTest00336.java,0,CWE-89,,,,0,0,1,0,0,0,1,0,,,,,,,,
BenchmarkTest00337.java,0,CWE-89,,,,0,0,0,1,0,0,0,1,,,,,,,,
BenchmarkTest00338.java,0,CWE-89,,,,0,0,1,0,0,0,1,0,,,,,,,,
BenchmarkTest00339.java,0,CWE-89,,,,0,0,0,1,0,0,0,1,,,,,,,,
BenchmarkTest00340.java,0,CWE-89,CWE-89,1,1,0,1,0,0,0,0,1,0,2107,0.004214,384,0.003072,21,0.000168,0.007454,7.09906792640686
BenchmarkTest00341.java,0,CWE-89,CWE-89,1,0,1,0,0,0,1,0,0,0,2052,0.004104,128,0.001024,22,0.000176,0.005304,3.2236199378967285
BenchmarkTest00342.java,0,CWE-89,CWE-89,1,0,1,0,0,0,1,0,0,0,2050,0.0041,128,0.001024,22,0.000176,0.0053,11.084673881530762
BenchmarkTest00343.java,0,CWE-89,,,,0,0,1,0,0,0,1,0,,,,,,,,
BenchmarkTest00344.java,0,CWE-89,,,,0,0,1,0,0,0,1,0,,,,,,,,
BenchmarkTest00345.java,0,CWE-327,,,,0,0,1,0,0,0,1,0,,,,,,,,
BenchmarkTest00346.java,0,CWE-328,CWE-916,0,0,1,0,0,0,1,0,0,0,2351,0.004702,192,0.001536,22,0.000176,0.0064139999999999996,3.4703991413116455
BenchmarkTest00347.java,0,CWE-330,CWE-330,1,0,1,0,0,0,1,0,0,0,2283,0.004566,128,0.001024,22,0.000176,0.005765999999999999,2.1827821731567383
BenchmarkTest00348.java,0,CWE-614,CWE-614,1,0,1,0,0,0,1,0,0,0,2070,0.00414,256,0.002048,22,0.000176,0.006363999999999999,4.369351148605347
BenchmarkTest00349.java,0,CWE-330,,,,0,0,1,0,0,0,1,0,,,,,,,,
BenchmarkTest00350.java,0,CWE-327,,,,0,0,1,0,0,0,1,0,,,,,,,,
BenchmarkTest00351.java,0,CWE-327,,,,0,0,1,0,0,0,1,0,,,,,,,,
BenchmarkTest00352.java,0,CWE-327,,,,0,0,1,0,0,0,1,0,,,,,,,,
BenchmarkTest00353.java,0,CWE-327,,,,0,0,1,0,0,0,1,0,,,,,,,,
BenchmarkTest00354.java,0,CWE-327,CWE-327,1,0,1,0,0,0,1,0,0,0,2347,0.004694,320,0.00256,22,0.000176,0.00743,5.504608869552612
BenchmarkTest00355.java,0,CWE-327,CWE-327,1,0,1,0,0,0,1,0,0,0,2522,0.005044,256,0.002048,22,0.000176,0.007267999999999999,6.057616472244263
BenchmarkTest00356.java,0,CWE-327,CWE-327,1,0,1,0,0,0,1,0,0,0,2335,0.00467,128,0.001024,22,0.000176,0.005869999999999999,3.821894407272339
BenchmarkTest00357.java,0,CWE-327,,,,0,0,1,0,0,0,1,0,,,,,,,,
BenchmarkTest00358.java,0,CWE-327,,,,0,0,1,0,0,0,1,0,,,,,,,,
BenchmarkTest00359.java,0,CWE-22,CWE-23,0,0,1,0,0,0,1,0,0,0,2278,0.004556,256,0.002048,22,0.000176,0.0067800000000000004,3.6108908653259277
BenchmarkTest00360.java,0,CWE-22,CWE-23,0,0,1,0,0,0,1,0,0,0,2443,0.004886,384,0.003072,22,0.000176,0.008134,6.9838478565216064
BenchmarkTest00361.java,0,CWE-22,CWE-23,0,1,0,1,0,0,0,0,1,0,2427,0.004854,384,0.003072,21,0.000168,0.008093999999999999,5.879229545593262
BenchmarkTest00362.java,0,CWE-22,CWE-23,0,0,1,0,0,0,1,0,0,0,2292,0.004584,128,0.001024,22,0.000176,0.005784,2.6513214111328125
BenchmarkTest00363.java,0,CWE-22,CWE-23,0,0,1,0,0,0,1,0,0,0,2253,0.004506,320,0.00256,22,0.000176,0.007241999999999999,4.5340094566345215
BenchmarkTest00364.java,0,CWE-22,CWE-23,0,1,0,1,0,0,0,0,1,0,2360,0.00472,512,0.004096,21,0.000168,0.008984,6.093796491622925
BenchmarkTest00365.java,0,CWE-22,CWE-23,0,1,0,1,0,0,0,0,1,0,2514,0.005028,192,0.001536,21,0.000168,0.006732,4.4665727615356445
BenchmarkTest00366.java,0,CWE-22,CWE-23,0,1,0,1,0,0,0,0,1,0,2494,0.004988,256,0.002048,21,0.000168,0.007204,4.946609258651733
BenchmarkTest00367.java,0,CWE-90,,,,0,0,1,0,0,0,1,0,,,,,,,,
BenchmarkTest00368.java,0,CWE-330,CWE-330,1,0,1,0,0,0,1,0,0,0,2318,0.004636,192,0.001536,22,0.000176,0.006348,3.1710758209228516
BenchmarkTest00369.java,0,CWE-330,CWE-330,1,0,1,0,0,0,1,0,0,0,2343,0.004686,192,0.001536,22,0.000176,0.006398,2.8806912899017334
BenchmarkTest00370.java,0,CWE-328,,,,0,0,1,0,0,0,1,0,,,,,,,,
BenchmarkTest00371.java,0,CWE-328,CWE-916,0,0,1,0,0,0,1,0,0,0,2341,0.004682,128,0.001024,22,0.000176,0.005882,1.961188554763794
BenchmarkTest00372.java,0,CWE-328,CWE-916,0,0,1,0,0,0,1,0,0,0,2268,0.004536,128,0.001024,22,0.000176,0.005736,9.057889699935913
BenchmarkTest00373.java,0,CWE-328,,,,0,0,1,0,0,0,1,0,,,,,,,,
BenchmarkTest00374.java,0,CWE-328,,,,0,0,0,1,0,0,0,1,,,,,,,,
BenchmarkTest00375.java,0,CWE-79,CWE-79,1,0,1,0,0,0,1,0,0,0,2370,0.00474,448,0.003584,22,0.000176,0.0085,13.086379528045654
BenchmarkTest00376.java,0,CWE-79,CWE-79,1,0,1,0,0,0,1,0,0,0,2390,0.00478,128,0.001024,22,0.000176,0.00598,2.2724196910858154
BenchmarkTest00377.java,0,CWE-79,CWE-79,1,1,0,1,0,0,0,0,1,0,2427,0.004854,448,0.003584,21,0.000168,0.008605999999999999,5.3558642864227295
BenchmarkTest00378.java,0,CWE-79,CWE-79,1,0,1,0,0,0,1,0,0,0,2374,0.004748,320,0.00256,22,0.000176,0.007484,5.641254901885986
BenchmarkTest00379.java,0,CWE-79,,,,0,0,1,0,0,0,1,0,,,,,,,,
BenchmarkTest00380.java,0,CWE-79,CWE-79,1,0,1,0,0,0,1,0,0,0,2430,0.00486,192,0.001536,22,0.000176,0.006572,3.5128841400146484
BenchmarkTest00381.java,0,CWE-79,,,,0,0,1,0,0,0,1,0,,,,,,,,
BenchmarkTest00382.java,0,CWE-79,CWE-79,1,0,1,0,0,0,1,0,0,0,2419,0.004838,256,0.002048,22,0.000176,0.007062,3.493946075439453
BenchmarkTest00383.java,0,CWE-79,CWE-79,1,0,1,0,0,0,1,0,0,0,2576,0.005152,704,0.005632,22,0.000176,0.010960000000000001,6.251657724380493
BenchmarkTest00384.java,0,CWE-79,CWE-79,1,0,1,0,0,0,1,0,0,0,2382,0.004764,576,0.004608,22,0.000176,0.009548000000000001,7.186169385910034
BenchmarkTest00385.java,0,CWE-79,CWE-79,1,0,1,0,0,0,1,0,0,0,2581,0.005162,960,0.00768,22,0.000176,0.013018,10.951237916946411
BenchmarkTest00386.java,0,CWE-79,CWE-79,1,1,0,1,0,0,0,0,1,0,2461,0.004922,384,0.003072,21,0.000168,0.008162,6.793509244918823
BenchmarkTest00387.java,0,CWE-79,CWE-79,1,0,1,0,0,0,1,0,0,0,2370,0.00474,256,0.002048,22,0.000176,0.006964000000000001,4.820702791213989
BenchmarkTest00388.java,0,CWE-79,CWE-79,1,0,1,0,0,0,1,0,0,0,2364,0.004728,192,0.001536,22,0.000176,0.00644,2.8503499031066895
BenchmarkTest00389.java,0,CWE-79,,,,0,0,1,0,0,0,1,0,,,,,,,,
BenchmarkTest00390.java,0,CWE-79,CWE-79,1,0,1,0,0,0,1,0,0,0,2386,0.004772,192,0.001536,22,0.000176,0.006484,3.91072416305542
BenchmarkTest00391.java,0,CWE-79,,,,0,0,1,0,0,0,1,0,,,,,,,,
BenchmarkTest00392.java,0,CWE-79,CWE-79,1,0,1,0,0,0,1,0,0,0,2425,0.00485,320,0.00256,22,0.000176,0.007586,4.9346160888671875
BenchmarkTest00393.java,0,CWE-79,,,,0,0,1,0,0,0,1,0,,,,,,,,
BenchmarkTest00394.java,0,CWE-79,CWE-79,1,1,0,1,0,0,0,0,1,0,2438,0.004876,576,0.004608,21,0.000168,0.009651999999999999,7.7863171100616455
BenchmarkTest00395.java,0,CWE-79,CWE-79,1,0,1,0,0,0,1,0,0,0,2380,0.00476,192,0.001536,22,0.000176,0.006472,3.5288679599761963
BenchmarkTest00396.java,0,CWE-78,,,,0,0,1,0,0,0,1,0,,,,,,,,
BenchmarkTest00397.java,0,CWE-330,CWE-330,1,0,1,0,0,0,1,0,0,0,2348,0.004696,128,0.001024,22,0.000176,0.005895999999999999,2.6550521850585938
BenchmarkTest00398.java,0,CWE-330,CWE-330,1,0,1,0,0,0,1,0,0,0,2412,0.004824,64,0.000512,22,0.000176,0.005512,2.0493056774139404
BenchmarkTest00399.java,0,CWE-330,CWE-330,1,1,1,0,0,0,0,0,0,1,2546,0.005092,768,0.006144,21,0.000168,0.011404,9.547648906707764
BenchmarkTest00400.java,0,CWE-330,CWE-330,1,0,1,0,0,0,1,0,0,0,2408,0.004816,128,0.001024,22,0.000176,0.006016,3.017590045928955
BenchmarkTest00401.java,0,CWE-330,CWE-330,1,0,1,0,0,0,1,0,0,0,2343,0.004686,704,0.005632,22,0.000176,0.010494000000000002,10.347542524337769
BenchmarkTest00402.java,0,CWE-330,CWE-330,1,0,1,0,0,0,1,0,0,0,2345,0.00469,192,0.001536,22,0.000176,0.006402,3.850186347961426
BenchmarkTest00403.java,0,CWE-614,CWE-614,1,0,1,0,0,0,1,0,0,0,2107,0.004214,128,0.001024,22,0.000176,0.0054139999999999995,2.8317971229553223
BenchmarkTest00404.java,0,CWE-614,,,,0,0,1,0,0,0,1,0,,,,,,,,
BenchmarkTest00405.java,0,CWE-614,,,,0,0,1,0,0,0,1,0,,,,,,,,
BenchmarkTest00406.java,0,CWE-78,,,,0,0,1,0,0,0,1,0,,,,,,,,
BenchmarkTest00407.java,0,CWE-78,CWE-78,1,0,1,0,0,0,1,0,0,0,2174,0.004348,704,0.005632,22,0.000176,0.010156,8.502551794052124
BenchmarkTest00408.java,0,CWE-78,,,,0,0,1,0,0,0,1,0,,,,,,,,
BenchmarkTest00409.java,0,CWE-78,CWE-78,1,0,1,0,0,0,1,0,0,0,2214,0.004428,1088,0.008704,22,0.000176,0.013308,14.352657556533813
BenchmarkTest00410.java,0,CWE-78,CWE-78,1,1,0,1,0,0,0,0,1,0,2042,0.004084,448,0.003584,21,0.000168,0.007836,5.607726097106934
BenchmarkTest00411.java,0,CWE-78,,,,0,0,1,0,0,0,1,0,,,,,,,,
BenchmarkTest00412.java,0,CWE-78,CWE-78,1,1,0,1,0,0,0,0,1,0,2022,0.004044,704,0.005632,21,0.000168,0.009844,11.661781787872314
BenchmarkTest00413.java,0,CWE-330,,,,0,0,1,0,0,0,1,0,,,,,,,,
BenchmarkTest00414.java,0,CWE-330,,,,0,0,1,0,0,0,1,0,,,,,,,,
BenchmarkTest00415.java,0,CWE-330,,,,0,0,1,0,0,0,1,0,,,,,,,,
BenchmarkTest00416.java,0,CWE-330,,,,0,0,1,0,0,0,1,0,,,,,,,,
BenchmarkTest00417.java,0,CWE-330,,,,0,0,1,0,0,0,1,0,,,,,,,,
BenchmarkTest00418.java,0,CWE-330,,,,0,0,1,0,0,0,1,0,,,,,,,,
BenchmarkTest00419.java,0,CWE-330,,,,0,0,1,0,0,0,1,0,,,,,,,,
BenchmarkTest00420.java,0,CWE-330,,,,0,0,1,0,0,0,1,0,,,,,,,,
BenchmarkTest00421.java,0,CWE-330,,,,0,0,1,0,0,0,1,0,,,,,,,,
BenchmarkTest00422.java,0,CWE-330,,,,0,0,1,0,0,0,1,0,,,,,,,,
BenchmarkTest00423.java,0,CWE-330,,,,0,0,1,0,0,0,1,0,,,,,,,,
BenchmarkTest00428.java,0,CWE-89,CWE-89,1,0,1,0,0,0,1,0,0,0,2026,0.004052,192,0.001536,22,0.000176,0.005764,3.4886057376861572
BenchmarkTest00429.java,0,CWE-89,CWE-89,1,0,1,0,0,0,1,0,0,0,2031,0.004062,64,0.000512,22,0.000176,0.00475,2.811934232711792
BenchmarkTest00430.java,0,CWE-89,,,,0,0,1,0,0,0,1,0,,,,,,,,
BenchmarkTest00431.java,0,CWE-89,CWE-89,1,0,1,0,0,0,1,0,0,0,2158,0.004316,192,0.001536,22,0.000176,0.006028,4.75584077835083
BenchmarkTest00432.java,0,CWE-89,,,,0,0,1,0,0,0,1,0,,,,,,,,
BenchmarkTest00433.java,0,CWE-89,,,,0,0,0,1,0,0,0,1,,,,,,,,
BenchmarkTest00434.java,0,CWE-89,CWE-89,1,0,1,0,0,0,1,0,0,0,2008,0.004016,128,0.001024,22,0.000176,0.005215999999999999,3.128140449523926
BenchmarkTest00435.java,0,CWE-89,CWE-89,1,0,1,0,0,0,1,0,0,0,2037,0.004074,128,0.001024,22,0.000176,0.005274,4.338664770126343
BenchmarkTest00436.java,0,CWE-89,,,,0,0,1,0,0,0,1,0,,,,,,,,
BenchmarkTest00437.java,0,CWE-89,,,,0,0,1,0,0,0,1,0,,,,,,,,
BenchmarkTest00438.java,0,CWE-89,CWE-89,1,0,1,0,0,0,1,0,0,0,1979,0.003958,192,0.001536,22,0.000176,0.00567,3.848703622817993
BenchmarkTest00439.java,0,CWE-89,CWE-89,1,0,1,0,0,0,1,0,0,0,1949,0.003898,64,0.000512,22,0.000176,0.004586,2.9742627143859863
BenchmarkTest00440.java,0,CWE-89,CWE-89,1,1,0,1,0,0,0,0,1,0,2057,0.004114,256,0.002048,21,0.000168,0.006329999999999999,4.857088804244995
BenchmarkTest00441.java,0,CWE-89,CWE-89,1,0,1,0,0,0,1,0,0,0,1980,0.00396,128,0.001024,22,0.000176,0.00516,3.5493953227996826
BenchmarkTest00442.java,0,CWE-643,CWE-643,1,0,1,0,0,0,1,0,0,0,2045,0.00409,256,0.002048,22,0.000176,0.006313999999999999,8.64713978767395
BenchmarkTest00443.java,0,CWE-327,,,,0,0,1,0,0,0,1,0,,,,,,,,
BenchmarkTest00444.java,0,CWE-327,,,,0,0,1,0,0,0,1,0,,,,,,,,
BenchmarkTest00445.java,0,CWE-327,CWE-327,1,0,1,0,0,0,1,0,0,0,2572,0.005144,192,0.001536,22,0.000176,0.006856,5.730500936508179
BenchmarkTest00446.java,0,CWE-327,CWE-327,1,0,1,0,0,0,1,0,0,0,2388,0.004776,64,0.000512,22,0.000176,0.005464,2.830233097076416
BenchmarkTest00447.java,0,CWE-327,,,,0,0,1,0,0,0,1,0,,,,,,,,
BenchmarkTest00448.java,0,CWE-327,CWE-327,1,0,1,0,0,0,1,0,0,0,2370,0.00474,256,0.002048,22,0.000176,0.006964000000000001,6.0293262004852295
BenchmarkTest00449.java,0,CWE-327,CWE-327,1,0,1,0,0,0,1,0,0,0,2367,0.004734,256,0.002048,22,0.000176,0.006958,5.250985145568848
BenchmarkTest00450.java,0,CWE-327,,,,0,0,1,0,0,0,1,0,,,,,,,,
BenchmarkTest00451.java,0,CWE-327,,,,0,0,1,0,0,0,1,0,,,,,,,,
BenchmarkTest00452.java,0,CWE-22,CWE-23,0,0,1,0,0,0,1,0,0,0,2340,0.00468,320,0.00256,22,0.000176,0.007416,6.715998649597168
BenchmarkTest00453.java,0,CWE-22,CWE-23,0,0,1,0,0,0,1,0,0,0,2475,0.00495,512,0.004096,22,0.000176,0.009222000000000001,7.711281061172485
BenchmarkTest00454.java,0,CWE-22,,,,0,0,1,0,0,0,1,0,,,,,,,,
BenchmarkTest00455.java,0,CWE-22,CWE-23,0,0,1,0,0,0,1,0,0,0,2420,0.00484,256,0.002048,22,0.000176,0.007064,4.8156116008758545
BenchmarkTest00456.java,0,CWE-22,CWE-23,0,0,1,0,0,0,1,0,0,0,2460,0.00492,192,0.001536,22,0.000176,0.006632,4.334314346313477
BenchmarkTest00457.java,0,CWE-22,CWE-23,0,0,1,0,0,0,1,0,0,0,2390,0.00478,384,0.003072,22,0.000176,0.008028000000000002,5.576204538345337
BenchmarkTest00458.java,0,CWE-22,CWE-23,0,1,0,1,0,0,0,0,1,0,2411,0.004822,256,0.002048,21,0.000168,0.007037999999999999,8.368814706802368
BenchmarkTest00459.java,0,CWE-22,CWE-23,0,0,1,0,0,0,1,0,0,0,2366,0.004732,320,0.00256,22,0.000176,0.007468,5.017975330352783
BenchmarkTest00460.java,0,CWE-22,,,,0,0,1,0,0,0,1,0,,,,,,,,
BenchmarkTest00461.java,0,CWE-330,CWE-330,1,0,1,0,0,0,1,0,0,0,2357,0.004714,128,0.001024,22,0.000176,0.005914,3.1337244510650635
BenchmarkTest00462.java,0,CWE-328,CWE-916,0,0,1,0,0,0,1,0,0,0,2456,0.004912,128,0.001024,22,0.000176,0.006111999999999999,3.2628886699676514
BenchmarkTest00463.java,0,CWE-328,,,,0,0,1,0,0,0,1,0,,,,,,,,
BenchmarkTest00464.java,0,CWE-328,CWE-916,0,0,1,0,0,0,1,0,0,0,2373,0.004746,128,0.001024,22,0.000176,0.005946,2.5697126388549805
BenchmarkTest00465.java,0,CWE-328,CWE-916,0,0,1,0,0,0,1,0,0,0,2309,0.004618,192,0.001536,22,0.000176,0.00633,2.915560483932495
BenchmarkTest00466.java,0,CWE-328,,,,0,0,1,0,0,0,1,0,,,,,,,,
BenchmarkTest00467.java,0,CWE-79,CWE-79,1,0,1,0,0,0,1,0,0,0,2474,0.004948,256,0.002048,22,0.000176,0.007172,5.366943120956421
BenchmarkTest00468.java,0,CWE-79,CWE-79,1,1,0,1,0,0,0,0,1,0,2489,0.004978,256,0.002048,21,0.000168,0.007193999999999999,3.471010684967041
BenchmarkTest00469.java,0,CWE-79,,,,0,0,1,0,0,0,1,0,,,,,,,,
BenchmarkTest00470.java,0,CWE-79,,,,0,0,1,0,0,0,1,0,,,,,,,,
BenchmarkTest00471.java,0,CWE-79,,,,0,0,1,0,0,0,1,0,,,,,,,,
BenchmarkTest00472.java,0,CWE-79,CWE-79,1,0,1,0,0,0,1,0,0,0,2427,0.004854,128,0.001024,22,0.000176,0.0060539999999999995,2.5522279739379883
BenchmarkTest00473.java,0,CWE-79,CWE-79,1,0,1,0,0,0,1,0,0,0,2432,0.004864,256,0.002048,22,0.000176,0.007088,4.685765743255615
BenchmarkTest00474.java,0,CWE-79,,,,0,0,1,0,0,0,1,0,,,,,,,,
BenchmarkTest00475.java,0,CWE-79,CWE-79,1,0,1,0,0,0,1,0,0,0,2404,0.004808,128,0.001024,22,0.000176,0.0060079999999999995,3.3290634155273438
BenchmarkTest00476.java,0,CWE-79,,,,0,0,1,0,0,0,1,0,,,,,,,,
BenchmarkTest00477.java,0,CWE-79,CWE-79,1,0,1,0,0,0,1,0,0,0,2394,0.004788,128,0.001024,22,0.000176,0.005987999999999999,3.036778211593628
BenchmarkTest00478.java,0,CWE-79,CWE-79,1,0,1,0,0,0,1,0,0,0,2422,0.004844,320,0.00256,22,0.000176,0.007580000000000001,6.049687147140503
BenchmarkTest00479.java,0,CWE-79,,,,0,0,1,0,0,0,1,0,,,,,,,,
BenchmarkTest00480.java,0,CWE-78,CWE-78,1,0,1,0,0,0,1,0,0,0,2106,0.004212,384,0.003072,22,0.000176,0.00746,5.263268947601318
BenchmarkTest00481.java,0,CWE-78,,,,0,0,1,0,0,0,1,0,,,,,,,,
BenchmarkTest00482.java,0,CWE-330,CWE-330,1,0,1,0,0,0,1,0,0,0,2362,0.004724,128,0.001024,22,0.000176,0.005924,2.5352835655212402
BenchmarkTest00483.java,0,CWE-330,CWE-330,1,0,1,0,0,0,1,0,0,0,2395,0.00479,128,0.001024,22,0.000176,0.00599,2.791779041290283
BenchmarkTest00484.java,0,CWE-330,CWE-330,1,0,1,0,0,0,1,0,0,0,2378,0.004756,128,0.001024,22,0.000176,0.0059559999999999995,16.44970393180847
BenchmarkTest00485.java,0,CWE-330,CWE-330,1,0,1,0,0,0,1,0,0,0,2353,0.004706,192,0.001536,22,0.000176,0.006418,3.5107760429382324
BenchmarkTest00486.java,0,CWE-330,CWE-330,1,0,1,0,0,0,1,0,0,0,2325,0.00465,64,0.000512,22,0.000176,0.005338,2.1364104747772217
BenchmarkTest00487.java,0,CWE-330,CWE-330,1,0,1,0,0,0,1,0,0,0,2407,0.004814,128,0.001024,22,0.000176,0.006013999999999999,2.516111135482788
BenchmarkTest00488.java,0,CWE-330,CWE-330,1,0,1,0,0,0,1,0,0,0,2385,0.00477,192,0.001536,22,0.000176,0.006482,3.1798131465911865
BenchmarkTest00489.java,0,CWE-330,CWE-330,1,0,1,0,0,0,1,0,0,0,2412,0.004824,192,0.001536,22,0.000176,0.006536,4.439588308334351
BenchmarkTest00490.java,0,CWE-330,CWE-330,1,0,1,0,0,0,1,0,0,0,2392,0.004784,128,0.001024,22,0.000176,0.005984,3.138200044631958
BenchmarkTest00491.java,0,CWE-614,CWE-614,1,0,1,0,0,0,1,0,0,0,2171,0.004342,192,0.001536,22,0.000176,0.006054,2.5833241939544678
BenchmarkTest00492.java,0,CWE-79,CWE-79,1,0,1,0,0,0,1,0,0,0,2406,0.004812,192,0.001536,22,0.000176,0.006524,3.673494815826416
BenchmarkTest00493.java,0,CWE-79,CWE-79,1,1,0,1,0,0,0,0,1,0,2480,0.00496,256,0.002048,21,0.000168,0.007176,4.797985792160034
BenchmarkTest00494.java,0,CWE-78,CWE-78,1,1,0,1,0,0,0,0,1,0,2210,0.00442,704,0.005632,22,0.000176,0.010228000000000001,8.72690200805664
BenchmarkTest00495.java,0,CWE-78,CWE-78,1,0,1,0,0,0,1,0,0,0,2046,0.004092,704,0.005632,22,0.000176,0.0099,11.285168647766113
BenchmarkTest00496.java,0,CWE-78,CWE-78,1,0,1,0,0,0,1,0,0,0,2028,0.004056,768,0.006144,22,0.000176,0.010376000000000002,12.038008689880371
BenchmarkTest00497.java,0,CWE-78,CWE-78,1,0,1,0,0,0,1,0,0,0,2072,0.004144,960,0.00768,22,0.000176,0.012000000000000002,11.54697561264038
BenchmarkTest00498.java,0,CWE-78,CWE-78,1,0,1,0,0,0,1,0,0,0,2039,0.004078,704,0.005632,22,0.000176,0.009886,9.38050389289856
BenchmarkTest00499.java,0,CWE-78,CWE-78,1,0,1,0,0,0,1,0,0,0,2054,0.004108,320,0.00256,22,0.000176,0.006844,4.7467591762542725
BenchmarkTest00500.java,0,CWE-78,CWE-78,1,0,1,0,0,0,1,0,0,0,2099,0.004198,832,0.006656,23,0.000184,0.011038,10.533873081207275
BenchmarkTest00501.java,0,CWE-330,,,,0,0,1,0,0,0,1,0,,,,,,,,
BenchmarkTest00502.java,0,CWE-330,,,,0,0,1,0,0,0,1,0,,,,,,,,
BenchmarkTest00503.java,0,CWE-330,,,,0,0,1,0,0,0,1,0,,,,,,,,
BenchmarkTest00504.java,0,CWE-330,,,,0,0,1,0,0,0,1,0,,,,,,,,
BenchmarkTest00505.java,0,CWE-330,,,,0,0,1,0,0,0,1,0,,,,,,,,
BenchmarkTest00506.java,0,CWE-330,,,,0,0,1,0,0,0,1,0,,,,,,,,
BenchmarkTest00507.java,0,CWE-330,,,,0,0,1,0,0,0,1,0,,,,,,,,
BenchmarkTest00509.java,0,CWE-89,CWE-89,1,1,0,1,0,0,0,0,1,0,2108,0.004216,320,0.00256,21,0.000168,0.0069440000000000005,4.009086847305298
BenchmarkTest00510.java,0,CWE-89,CWE-89,1,0,1,0,0,0,1,0,0,0,2111,0.004222,192,0.001536,22,0.000176,0.005934,2.647327184677124
BenchmarkTest00511.java,0,CWE-89,CWE-89,1,1,0,1,0,0,0,0,1,0,2115,0.00423,192,0.001536,21,0.000168,0.005934,3.4840455055236816
BenchmarkTest00512.java,0,CWE-89,CWE-89,1,0,1,0,0,0,1,0,0,0,1977,0.003954,64,0.000512,22,0.000176,0.004642,2.2372891902923584
BenchmarkTest00513.java,0,CWE-89,CWE-89,1,1,0,1,0,0,0,0,1,0,2077,0.004154,320,0.00256,21,0.000168,0.006881999999999999,5.1602277755737305
BenchmarkTest00514.java,0,CWE-89,,,,0,0,1,0,0,0,1,0,,,,,,,,
BenchmarkTest00515.java,0,CWE-89,CWE-89,1,0,1,0,0,0,1,0,0,0,2051,0.004102,256,0.002048,22,0.000176,0.006325999999999999,3.8078012466430664
BenchmarkTest00516.java,0,CWE-89,CWE-89,1,0,1,0,0,0,1,0,0,0,2078,0.004156,128,0.001024,22,0.000176,0.005356,2.9398162364959717
BenchmarkTest00517.java,0,CWE-89,,,,0,0,1,0,0,0,1,0,,,,,,,,
BenchmarkTest00518.java,0,CWE-89,CWE-89,1,0,1,0,0,0,1,0,0,0,2013,0.004026,192,0.001536,22,0.000176,0.005738,3.1589818000793457
BenchmarkTest00519.java,0,CWE-89,CWE-89,1,1,0,1,0,0,0,0,1,0,2090,0.00418,384,0.003072,21,0.000168,0.0074199999999999995,5.431823968887329
BenchmarkTest00520.java,0,CWE-643,,,,0,0,1,0,0,0,1,0,,,,,,,,
BenchmarkTest00521.java,0,CWE-327,CWE-327,1,0,1,0,0,0,1,0,0,0,2744,0.005488,64,0.000512,22,0.000176,0.006176,2.2487895488739014
BenchmarkTest00522.java,0,CWE-327,CWE-327,1,0,1,0,0,0,1,0,0,0,2809,0.005618,128,0.001024,22,0.000176,0.006817999999999999,2.8584370613098145
BenchmarkTest00523.java,0,CWE-327,,,,0,0,1,0,0,0,1,0,,,,,,,,
BenchmarkTest00524.java,0,CWE-327,,,,0,0,1,0,0,0,1,0,,,,,,,,
BenchmarkTest00525.java,0,CWE-22,CWE-23,0,0,1,0,0,0,1,0,0,0,2419,0.004838,512,0.004096,22,0.000176,0.009110000000000002,5.2529988288879395
BenchmarkTest00526.java,0,CWE-22,CWE-23,0,1,1,0,0,0,0,0,0,1,2352,0.004704,576,0.004608,21,0.000168,0.00948,7.257614612579346
BenchmarkTest00527.java,0,CWE-22,CWE-23,0,1,1,0,0,0,0,0,0,1,2375,0.00475,576,0.004608,21,0.000168,0.009526,9.847177743911743
BenchmarkTest00528.java,0,CWE-22,CWE-23,0,0,1,0,0,0,1,0,0,0,2582,0.005164,896,0.007168,22,0.000176,0.012508,11.75427770614624
BenchmarkTest00529.java,0,CWE-22,CWE-23,0,0,1,0,0,0,1,0,0,0,2442,0.004884,448,0.003584,22,0.000176,0.008644,7.3380913734436035
BenchmarkTest00530.java,0,CWE-90,CWE-90,1,1,0,1,0,0,0,0,1,0,2425,0.00485,384,0.003072,21,0.000168,0.00809,6.337363958358765
BenchmarkTest00531.java,0,CWE-328,CWE-916,0,0,1,0,0,0,1,0,0,0,2542,0.005084,192,0.001536,22,0.000176,0.006796,3.5673656463623047
BenchmarkTest00532.java,0,CWE-328,CWE-916,0,0,1,0,0,0,1,0,0,0,2628,0.005256,128,0.001024,22,0.000176,0.006456,2.843571901321411
BenchmarkTest00533.java,0,CWE-328,CWE-916,0,0,1,0,0,0,1,0,0,0,2478,0.004956,192,0.001536,22,0.000176,0.006668,3.430182456970215
BenchmarkTest00534.java,0,CWE-328,CWE-916,0,0,1,0,0,0,1,0,0,0,2493,0.004986,128,0.001024,22,0.000176,0.006186,2.631422758102417
BenchmarkTest00535.java,0,CWE-328,,,,0,0,1,0,0,0,1,0,,,,,,,,
BenchmarkTest00536.java,0,CWE-328,CWE-916,0,0,1,0,0,0,1,0,0,0,2424,0.004848,64,0.000512,22,0.000176,0.005536,2.024728298187256
BenchmarkTest00537.java,0,CWE-328,CWE-916,0,0,1,0,0,0,1,0,0,0,2347,0.004694,192,0.001536,22,0.000176,0.006406,3.4815006256103516
BenchmarkTest00538.java,0,CWE-328,,,,0,0,1,0,0,0,1,0,,,,,,,,
BenchmarkTest00539.java,0,CWE-328,,,,0,0,1,0,0,0,1,0,,,,,,,,
BenchmarkTest00540.java,0,CWE-328,,,,0,0,1,0,0,0,1,0,,,,,,,,
BenchmarkTest00541.java,0,CWE-79,CWE-79,1,0,1,0,0,0,1,0,0,0,2501,0.005002,768,0.006144,22,0.000176,0.011322,11.957870960235596
BenchmarkTest00542.java,0,CWE-79,CWE-79,1,0,1,0,0,0,1,0,0,0,2548,0.005096,576,0.004608,22,0.000176,0.009880000000000002,8.329415082931519
BenchmarkTest00543.java,0,CWE-79,CWE-79,1,0,1,0,0,0,1,0,0,0,2515,0.00503,512,0.004096,22,0.000176,0.009302,8.108820676803589
BenchmarkTest00544.java,0,CWE-79,CWE-79,1,1,0,1,0,0,0,0,1,0,2508,0.005016,960,0.00768,21,0.000168,0.012863999999999999,14.054121494293213
BenchmarkTest00545.java,0,CWE-79,,,,0,0,1,0,0,0,1,0,,,,,,,,
BenchmarkTest00546.java,0,CWE-79,CWE-79,1,1,0,1,0,0,0,0,1,0,2505,0.00501,320,0.00256,21,0.000168,0.007738,5.705859422683716
BenchmarkTest00547.java,0,CWE-79,CWE-79,1,0,1,0,0,0,1,0,0,0,2470,0.00494,832,0.006656,22,0.000176,0.011772,8.325072288513184
BenchmarkTest00548.java,0,CWE-79,,,,0,0,1,0,0,0,1,0,,,,,,,,
BenchmarkTest00549.java,0,CWE-79,CWE-79,1,0,1,0,0,0,1,0,0,0,2473,0.004946,448,0.003584,22,0.000176,0.008706,5.418715953826904
BenchmarkTest00550.java,0,CWE-79,CWE-79,1,1,0,1,0,0,0,0,1,0,2513,0.005026,512,0.004096,21,0.000168,0.00929,5.631723880767822
BenchmarkTest00551.java,0,CWE-79,CWE-79,1,0,1,0,0,0,1,0,0,0,2438,0.004876,384,0.003072,22,0.000176,0.008124000000000001,5.636629104614258
BenchmarkTest00552.java,0,CWE-79,CWE-79,1,0,1,0,0,0,1,0,0,0,2523,0.005046,320,0.00256,22,0.000176,0.007782,5.2044432163238525
BenchmarkTest00553.java,0,CWE-79,CWE-79,1,1,0,1,0,0,0,0,1,0,2523,0.005046,512,0.004096,21,0.000168,0.00931,6.761898994445801
BenchmarkTest00554.java,0,CWE-79,CWE-79,1,0,1,0,0,0,1,0,0,0,2471,0.004942,320,0.00256,22,0.000176,0.007678,4.503524303436279
BenchmarkTest00555.java,0,CWE-79,CWE-79,1,0,1,0,0,0,1,0,0,0,2470,0.00494,384,0.003072,22,0.000176,0.008188,5.052413463592529
BenchmarkTest00556.java,0,CWE-79,CWE-79,1,1,0,1,0,0,0,0,1,0,2523,0.005046,448,0.003584,21,0.000168,0.008798,6.115857124328613
BenchmarkTest00557.java,0,CWE-79,CWE-79,1,0,1,0,0,0,1,0,0,0,2480,0.00496,448,0.003584,22,0.000176,0.00872,6.281067848205566
BenchmarkTest00558.java,0,CWE-78,CWE-78,1,1,0,1,0,0,0,0,1,0,2205,0.00441,576,0.004608,21,0.000168,0.009186,7.491668701171875
BenchmarkTest00559.java,0,CWE-78,,,,0,0,1,0,0,0,1,0,,,,,,,,
BenchmarkTest00560.java,0,CWE-330,CWE-330,1,0,1,0,0,0,1,0,0,0,2452,0.004904,192,0.001536,22,0.000176,0.006616,2.997103452682495
BenchmarkTest00561.java,0,CWE-330,CWE-330,1,0,1,0,0,0,1,0,0,0,2480,0.00496,128,0.001024,22,0.000176,0.00616,2.8217239379882812
BenchmarkTest00562.java,0,CWE-330,CWE-330,1,0,1,0,0,0,1,0,0,0,2496,0.004992,192,0.001536,22,0.000176,0.006704,3.7165517807006836
BenchmarkTest00563.java,0,CWE-330,CWE-330,1,0,1,0,0,0,1,0,0,0,2389,0.004778,128,0.001024,22,0.000176,0.005978,2.521604299545288
BenchmarkTest00564.java,0,CWE-330,CWE-330,1,0,1,0,0,0,1,0,0,0,2412,0.004824,128,0.001024,22,0.000176,0.006024,3.56693696975708
BenchmarkTest00565.java,0,CWE-614,CWE-614,1,0,1,0,0,0,1,0,0,0,2188,0.004376,128,0.001024,22,0.000176,0.005575999999999999,2.458455801010132
BenchmarkTest00566.java,0,CWE-614,CWE-614,1,0,1,0,0,0,1,0,0,0,2205,0.00441,320,0.00256,22,0.000176,0.0071460000000000004,8.435270547866821
BenchmarkTest00567.java,0,CWE-78,CWE-78,1,0,1,0,0,0,1,0,0,0,2152,0.004304,384,0.003072,22,0.000176,0.007552,5.0914506912231445
BenchmarkTest00568.java,0,CWE-78,CWE-78,1,0,1,0,0,0,1,0,0,0,2237,0.004474,896,0.007168,22,0.000176,0.011818,11.116624593734741
BenchmarkTest00569.java,0,CWE-78,,,,0,0,1,0,0,0,1,0,,,,,,,,
BenchmarkTest00570.java,0,CWE-78,CWE-78,1,1,0,1,0,0,0,0,1,0,2128,0.004256,704,0.005632,21,0.000168,0.010056,9.965757131576538
BenchmarkTest00571.java,0,CWE-78,,,,0,0,1,0,0,0,1,0,,,,,,,,
BenchmarkTest00572.java,0,CWE-78,,,,0,0,1,0,0,0,1,0,,,,,,,,
BenchmarkTest00573.java,0,CWE-78,CWE-78,1,0,1,0,0,0,1,0,0,0,2042,0.004084,1664,0.013312,22,0.000176,0.017571999999999997,19.851033210754395
BenchmarkTest00574.java,0,CWE-78,CWE-78,1,0,1,0,0,0,1,0,0,0,2076,0.004152,1344,0.010752,22,0.000176,0.015080000000000001,16.34971284866333
BenchmarkTest00575.java,0,CWE-78,CWE-78,1,0,1,0,0,0,1,0,0,0,2203,0.004406,960,0.00768,22,0.000176,0.012262,25.299883604049683
BenchmarkTest00576.java,0,CWE-78,CWE-78,1,0,1,0,0,0,1,0,0,0,2159,0.004318,640,0.00512,22,0.000176,0.009614000000000001,10.952640771865845
BenchmarkTest00577.java,0,CWE-330,,,,0,0,1,0,0,0,1,0,,,,,,,,
BenchmarkTest00578.java,0,CWE-330,,,,0,0,1,0,0,0,1,0,,,,,,,,
BenchmarkTest00579.java,0,CWE-330,,,,0,0,1,0,0,0,1,0,,,,,,,,
BenchmarkTest00580.java,0,CWE-330,,,,0,0,1,0,0,0,1,0,,,,,,,,
BenchmarkTest00581.java,0,CWE-330,,,,0,0,1,0,0,0,1,0,,,,,,,,
BenchmarkTest00582.java,0,CWE-330,CWE-330,1,1,0,1,0,0,0,0,1,0,2525,0.00505,576,0.004608,21,0.000168,0.009826,9.032978057861328
BenchmarkTest00583.java,0,CWE-330,,,,0,0,1,0,0,0,1,0,,,,,,,,
BenchmarkTest00584.java,0,CWE-330,,,,0,0,1,0,0,0,1,0,,,,,,,,
BenchmarkTest00585.java,0,CWE-330,,,,0,0,1,0,0,0,1,0,,,,,,,,
BenchmarkTest00589.java,0,CWE-89,CWE-89,1,1,0,1,0,0,0,0,1,0,2160,0.00432,576,0.004608,21,0.000168,0.009096,10.095221519470215
BenchmarkTest00590.java,0,CWE-89,CWE-89,1,0,1,0,0,0,1,0,0,0,2119,0.004238,384,0.003072,22,0.000176,0.007486,7.225722789764404
BenchmarkTest00591.java,0,CWE-89,CWE-89,1,0,1,0,0,0,1,0,0,0,2097,0.004194,384,0.003072,22,0.000176,0.007442,5.735931634902954
BenchmarkTest00592.java,0,CWE-89,,,,0,0,1,0,0,0,1,0,,,,,,,,
BenchmarkTest00593.java,0,CWE-89,CWE-89,1,0,1,0,0,0,1,0,0,0,2189,0.004378,320,0.00256,22,0.000176,0.007114,6.046617746353149
BenchmarkTest00594.java,0,CWE-89,CWE-89,1,0,1,0,0,0,1,0,0,0,2161,0.004322,448,0.003584,22,0.000176,0.008082,7.273191690444946
BenchmarkTest00595.java,0,CWE-89,CWE-89,1,0,1,0,0,0,1,0,0,0,2105,0.00421,448,0.003584,22,0.000176,0.007970000000000001,6.80219030380249
BenchmarkTest00596.java,0,CWE-89,,,,0,0,0,1,0,0,0,1,,,,,,,,
BenchmarkTest00597.java,0,CWE-89,,,,0,0,0,1,0,0,0,1,,,,,,,,
BenchmarkTest00598.java,0,CWE-89,,,,0,0,0,1,0,0,0,1,,,,,,,,
BenchmarkTest00599.java,0,CWE-89,,,,0,0,1,0,0,0,1,0,,,,,,,,
BenchmarkTest00600.java,0,CWE-89,CWE-89,1,0,1,0,0,0,1,0,0,0,2174,0.004348,448,0.003584,22,0.000176,0.008108,7.694111585617065
BenchmarkTest00601.java,0,CWE-89,,,,0,0,1,0,0,0,1,0,,,,,,,,
BenchmarkTest00602.java,0,CWE-89,CWE-89,1,1,0,1,0,0,0,0,1,0,2108,0.004216,512,0.004096,21,0.000168,0.00848,7.645599603652954
BenchmarkTest00603.java,0,CWE-89,CWE-89,1,0,1,0,0,0,1,0,0,0,2076,0.004152,320,0.00256,22,0.000176,0.006888000000000001,5.6511595249176025
BenchmarkTest00604.java,0,CWE-89,CWE-89,1,0,1,0,0,0,1,0,0,0,2099,0.004198,384,0.003072,22,0.000176,0.007446,7.853737115859985
BenchmarkTest00605.java,0,CWE-89,,,,0,0,1,0,0,0,1,0,,,,,,,,
BenchmarkTest00606.java,0,CWE-89,CWE-89,1,0,1,0,0,0,1,0,0,0,2078,0.004156,320,0.00256,22,0.000176,0.006892,4.992549896240234
BenchmarkTest00607.java,0,CWE-643,CWE-643,1,0,1,0,0,0,1,0,0,0,2137,0.004274,320,0.00256,22,0.000176,0.00701,5.240546703338623
BenchmarkTest00608.java,0,CWE-327,CWE-327,1,0,1,0,0,0,1,0,0,0,2704,0.005408,64,0.000512,22,0.000176,0.006096,2.251405715942383
BenchmarkTest00609.java,0,CWE-327,CWE-327,1,0,1,0,0,0,1,0,0,0,2667,0.005334,128,0.001024,22,0.000176,0.006534,2.9104270935058594
BenchmarkTest00610.java,0,CWE-327,CWE-327,1,0,1,0,0,0,1,0,0,0,2875,0.00575,192,0.001536,22,0.000176,0.007462,3.8400352001190186
BenchmarkTest00611.java,0,CWE-327,CWE-327,1,0,1,0,0,0,1,0,0,0,2672,0.005344,128,0.001024,22,0.000176,0.0065439999999999995,2.5000689029693604
BenchmarkTest00612.java,0,CWE-327,,,,0,0,1,0,0,0,1,0,,,,,,,,
BenchmarkTest00613.java,0,CWE-327,,,,0,0,1,0,0,0,1,0,,,,,,,,
BenchmarkTest00614.java,0,CWE-327,CWE-327,1,0,1,0,0,0,1,0,0,0,2408,0.004816,128,0.001024,22,0.000176,0.006016,2.467299699783325
BenchmarkTest00615.java,0,CWE-327,CWE-327,1,0,1,0,0,0,1,0,0,0,2445,0.00489,64,0.000512,22,0.000176,0.0055780000000000005,1.5548183917999268
BenchmarkTest00616.java,0,CWE-327,CWE-327,1,0,1,0,0,0,1,0,0,0,2340,0.00468,192,0.001536,22,0.000176,0.006392,3.921759605407715
BenchmarkTest00617.java,0,CWE-327,CWE-327,1,0,1,0,0,0,1,0,0,0,2346,0.004692,192,0.001536,22,0.000176,0.006404,2.9564905166625977
BenchmarkTest00618.java,0,CWE-327,,,,0,0,1,0,0,0,1,0,,,,,,,,
BenchmarkTest00619.java,0,CWE-22,,,,0,0,0,1,0,0,0,1,,,,,,,,
BenchmarkTest00620.java,0,CWE-22,,,,0,0,1,0,0,0,1,0,,,,,,,,
BenchmarkTest00621.java,0,CWE-22,,,,0,0,1,0,0,0,1,0,,,,,,,,
BenchmarkTest00622.java,0,CWE-22,,,,0,0,1,0,0,0,1,0,,,,,,,,
BenchmarkTest00623.java,0,CWE-22,,,,0,0,0,1,0,0,0,1,,,,,,,,
BenchmarkTest00624.java,0,CWE-22,,,,0,0,0,1,0,0,0,1,,,,,,,,
BenchmarkTest00625.java,0,CWE-22,,,,0,0,1,0,0,0,1,0,,,,,,,,
BenchmarkTest00626.java,0,CWE-22,,,,0,0,1,0,0,0,1,0,,,,,,,,
BenchmarkTest00627.java,0,CWE-22,,,,0,0,0,1,0,0,0,1,,,,,,,,
BenchmarkTest00628.java,0,CWE-22,,,,0,0,1,0,0,0,1,0,,,,,,,,
BenchmarkTest00629.java,0,CWE-22,,,,0,0,0,1,0,0,0,1,,,,,,,,
BenchmarkTest00630.java,0,CWE-90,,,,0,0,0,1,0,0,0,1,,,,,,,,
BenchmarkTest00631.java,0,CWE-328,CWE-916,0,0,1,0,0,0,1,0,0,0,2406,0.004812,128,0.001024,22,0.000176,0.006012,2.5583534240722656
BenchmarkTest00632.java,0,CWE-328,,,,0,0,1,0,0,0,1,0,,,,,,,,
BenchmarkTest00633.java,0,CWE-328,,,,0,0,1,0,0,0,1,0,,,,,,,,
BenchmarkTest00634.java,0,CWE-328,CWE-916,0,0,1,0,0,0,1,0,0,0,2396,0.004792,128,0.001024,22,0.000176,0.005992,2.486644983291626
BenchmarkTest00635.java,0,CWE-328,CWE-916,0,0,1,0,0,0,1,0,0,0,2346,0.004692,64,0.000512,22,0.000176,0.00538,1.7096991539001465
BenchmarkTest00636.java,0,CWE-328,CWE-916,0,0,1,0,0,0,1,0,0,0,2343,0.004686,192,0.001536,22,0.000176,0.006398,2.963951587677002
BenchmarkTest00637.java,0,CWE-328,CWE-916,0,0,1,0,0,0,1,0,0,0,2302,0.004604,128,0.001024,22,0.000176,0.005803999999999999,2.482985496520996
BenchmarkTest00638.java,0,CWE-328,,,,0,0,0,1,0,0,0,1,,,,,,,,
BenchmarkTest00639.java,0,CWE-328,,,,0,0,1,0,0,0,1,0,,,,,,,,
BenchmarkTest00640.java,0,CWE-328,,,,0,0,1,0,0,0,1,0,,,,,,,,
BenchmarkTest00641.java,0,CWE-328,,,,0,0,1,0,0,0,1,0,,,,,,,,
BenchmarkTest00642.java,0,CWE-79,,,,0,0,0,1,0,0,0,1,,,,,,,,
BenchmarkTest00643.java,0,CWE-79,,,,0,0,0,1,0,0,0,1,,,,,,,,
BenchmarkTest00644.java,0,CWE-79,,,,0,0,0,1,0,0,0,1,,,,,,,,
BenchmarkTest00645.java,0,CWE-79,,,,0,0,0,1,0,0,0,1,,,,,,,,
BenchmarkTest00646.java,0,CWE-79,,,,0,0,1,0,0,0,1,0,,,,,,,,
BenchmarkTest00647.java,0,CWE-79,,,,0,0,1,0,0,0,1,0,,,,,,,,
BenchmarkTest00648.java,0,CWE-79,,,,0,0,1,0,0,0,1,0,,,,,,,,
BenchmarkTest00649.java,0,CWE-79,,,,0,0,1,0,0,0,1,0,,,,,,,,
BenchmarkTest00650.java,0,CWE-79,,,,0,0,1,0,0,0,1,0,,,,,,,,
BenchmarkTest00651.java,0,CWE-79,,,,0,0,0,1,0,0,0,1,,,,,,,,
BenchmarkTest00652.java,0,CWE-330,CWE-330,1,0,1,0,0,0,1,0,0,0,2379,0.004758,128,0.001024,22,0.000176,0.005958,2.5252842903137207
BenchmarkTest00653.java,0,CWE-330,CWE-330,1,0,1,0,0,0,1,0,0,0,2344,0.004688,128,0.001024,22,0.000176,0.005888,3.0478339195251465
BenchmarkTest00654.java,0,CWE-330,CWE-330,1,0,1,0,0,0,1,0,0,0,2381,0.004762,128,0.001024,22,0.000176,0.005961999999999999,2.285534143447876
BenchmarkTest00655.java,0,CWE-614,,,,0,0,1,0,0,0,1,0,,,,,,,,
BenchmarkTest00656.java,0,CWE-79,,,,0,0,0,1,0,0,0,1,,,,,,,,
BenchmarkTest00657.java,0,CWE-78,,,,0,0,1,0,0,0,1,0,,,,,,,,
BenchmarkTest00658.java,0,CWE-78,,,,0,0,1,0,0,0,1,0,,,,,,,,
BenchmarkTest00659.java,0,CWE-78,,,,0,0,1,0,0,0,1,0,,,,,,,,
BenchmarkTest00660.java,0,CWE-330,CWE-330,1,1,0,1,0,0,0,0,1,0,2423,0.004846,448,0.003584,21,0.000168,0.008598,7.166718482971191
BenchmarkTest00661.java,0,CWE-330,,,,0,0,1,0,0,0,1,0,,,,,,,,
BenchmarkTest00662.java,0,CWE-330,,,,0,0,1,0,0,0,1,0,,,,,,,,
BenchmarkTest00663.java,0,CWE-330,,,,0,0,1,0,0,0,1,0,,,,,,,,
BenchmarkTest00664.java,0,CWE-330,,,,0,0,1,0,0,0,1,0,,,,,,,,
BenchmarkTest00665.java,0,CWE-330,,,,0,0,1,0,0,0,1,0,,,,,,,,
BenchmarkTest00666.java,0,CWE-330,,,,0,0,1,0,0,0,1,0,,,,,,,,
BenchmarkTest00667.java,0,CWE-330,,,,0,0,1,0,0,0,1,0,,,,,,,,
BenchmarkTest00672.java,0,CWE-89,,,,0,0,1,0,0,0,1,0,,,,,,,,
BenchmarkTest00673.java,0,CWE-89,,,,0,0,0,1,0,0,0,1,,,,,,,,
BenchmarkTest00674.java,0,CWE-89,,,,0,0,1,0,0,0,1,0,,,,,,,,
BenchmarkTest00675.java,0,CWE-89,,,,0,0,1,0,0,0,1,0,,,,,,,,
BenchmarkTest00676.java,0,CWE-89,,,,0,0,1,0,0,0,1,0,,,,,,,,
BenchmarkTest00677.java,0,CWE-89,,,,0,0,0,1,0,0,0,1,,,,,,,,
BenchmarkTest00678.java,0,CWE-89,,,,0,0,0,1,0,0,0,1,,,,,,,,
BenchmarkTest00679.java,0,CWE-89,,,,0,0,0,1,0,0,0,1,,,,,,,,
BenchmarkTest00680.java,0,CWE-89,,,,0,0,1,0,0,0,1,0,,,,,,,,
BenchmarkTest00681.java,0,CWE-89,,,,0,0,0,1,0,0,0,1,,,,,,,,
BenchmarkTest00682.java,0,CWE-89,,,,0,0,1,0,0,0,1,0,,,,,,,,
BenchmarkTest00683.java,0,CWE-643,,,,0,0,1,0,0,0,1,0,,,,,,,,
BenchmarkTest00684.java,0,CWE-327,CWE-327,1,0,1,0,0,0,1,0,0,0,2647,0.005294,64,0.000512,22,0.000176,0.005982,2.3296213150024414
BenchmarkTest00685.java,0,CWE-327,CWE-327,1,0,1,0,0,0,1,0,0,0,2693,0.005386,64,0.000512,22,0.000176,0.006074,2.4031622409820557
BenchmarkTest00686.java,0,CWE-327,,,,0,0,1,0,0,0,1,0,,,,,,,,
BenchmarkTest00687.java,0,CWE-327,,,,0,0,1,0,0,0,1,0,,,,,,,,
BenchmarkTest00688.java,0,CWE-327,CWE-327,1,0,1,0,0,0,1,0,0,0,2740,0.00548,64,0.000512,22,0.000176,0.006168,2.3234918117523193
BenchmarkTest00689.java,0,CWE-327,,,,0,0,1,0,0,0,1,0,,,,,,,,
BenchmarkTest00690.java,0,CWE-327,,,,0,0,1,0,0,0,1,0,,,,,,,,
BenchmarkTest00691.java,0,CWE-327,CWE-327,1,0,1,0,0,0,1,0,0,0,2402,0.004804,64,0.000512,22,0.000176,0.005492,1.9882428646087646
BenchmarkTest00692.java,0,CWE-327,CWE-327,1,0,1,0,0,0,1,0,0,0,2348,0.004696,128,0.001024,22,0.000176,0.005895999999999999,2.6972362995147705
BenchmarkTest00693.java,0,CWE-327,CWE-327,1,0,1,0,0,0,1,0,0,0,2373,0.004746,64,0.000512,22,0.000176,0.0054340000000000005,1.9343535900115967
BenchmarkTest00694.java,0,CWE-90,CWE-90,1,0,1,0,0,0,1,0,0,0,2233,0.004466,128,0.001024,22,0.000176,0.005666,2.461127519607544
BenchmarkTest00695.java,0,CWE-90,CWE-90,1,0,1,0,0,0,1,0,0,0,2318,0.004636,128,0.001024,22,0.000176,0.005836,2.9092252254486084
BenchmarkTest00696.java,0,CWE-22,CWE-23,0,0,1,0,0,0,1,0,0,0,2368,0.004736,192,0.001536,22,0.000176,0.006448,3.3493611812591553
BenchmarkTest00697.java,0,CWE-22,CWE-23,0,0,1,0,0,0,1,0,0,0,2310,0.00462,256,0.002048,22,0.000176,0.006844,4.687079191207886
BenchmarkTest00698.java,0,CWE-22,CWE-23,0,1,1,0,0,0,0,0,0,1,2295,0.00459,640,0.00512,21,0.000168,0.009878,7.764636039733887
BenchmarkTest00699.java,0,CWE-22,CWE-23,0,1,0,1,0,0,0,0,1,0,2354,0.004708,576,0.004608,21,0.000168,0.009484000000000001,11.386136770248413
BenchmarkTest00700.java,0,CWE-22,CWE-23,0,0,1,0,0,0,1,0,0,0,2357,0.004714,704,0.005632,22,0.000176,0.010522000000000002,8.545429468154907
BenchmarkTest00701.java,0,CWE-90,,,,0,0,1,0,0,0,1,0,,,,,,,,
BenchmarkTest00702.java,0,CWE-330,CWE-330,1,0,1,0,0,0,1,0,0,0,2382,0.004764,64,0.000512,22,0.000176,0.005452,2.061511516571045
BenchmarkTest00703.java,0,CWE-328,CWE-916,0,0,1,0,0,0,1,0,0,0,2440,0.00488,64,0.000512,22,0.000176,0.005568,2.2908923625946045
BenchmarkTest00704.java,0,CWE-328,CWE-916,0,0,1,0,0,0,1,0,0,0,2409,0.004818,128,0.001024,22,0.000176,0.006018,2.77081036567688
BenchmarkTest00705.java,0,CWE-328,CWE-916,0,0,1,0,0,0,1,0,0,0,2428,0.004856,192,0.001536,22,0.000176,0.006568,3.299863815307617
BenchmarkTest00706.java,0,CWE-328,,,,0,0,1,0,0,0,1,0,,,,,,,,
BenchmarkTest00707.java,0,CWE-328,,,,0,0,1,0,0,0,1,0,,,,,,,,
BenchmarkTest00708.java,0,CWE-328,CWE-916,0,0,1,0,0,0,1,0,0,0,2285,0.00457,64,0.000512,22,0.000176,0.0052580000000000005,2.053328275680542
BenchmarkTest00709.java,0,CWE-328,,,,0,0,1,0,0,0,1,0,,,,,,,,
BenchmarkTest00710.java,0,CWE-328,,,,0,0,0,1,0,0,0,1,,,,,,,,
BenchmarkTest00711.java,0,CWE-79,CWE-79,1,0,1,0,0,0,1,0,0,0,2489,0.004978,320,0.00256,22,0.000176,0.0077139999999999995,4.524027347564697
BenchmarkTest00712.java,0,CWE-79,,,,0,0,1,0,0,0,1,0,,,,,,,,
BenchmarkTest00713.java,0,CWE-79,,,,0,0,1,0,0,0,1,0,,,,,,,,
BenchmarkTest00714.java,0,CWE-79,,,,0,0,1,0,0,0,1,0,,,,,,,,
BenchmarkTest00715.java,0,CWE-79,CWE-79,1,0,1,0,0,0,1,0,0,0,2372,0.004744,128,0.001024,22,0.000176,0.005944,2.8959310054779053
BenchmarkTest00716.java,0,CWE-79,,,,0,0,1,0,0,0,1,0,,,,,,,,
BenchmarkTest00717.java,0,CWE-79,,,,0,0,1,0,0,0,1,0,,,,,,,,
BenchmarkTest00718.java,0,CWE-79,,,,0,0,1,0,0,0,1,0,,,,,,,,
BenchmarkTest00719.java,0,CWE-79,CWE-79,1,0,1,0,0,0,1,0,0,0,2402,0.004804,256,0.002048,22,0.000176,0.007028,3.745896577835083
BenchmarkTest00720.java,0,CWE-79,CWE-79,1,0,1,0,0,0,1,0,0,0,2468,0.004936,192,0.001536,22,0.000176,0.006648,3.546312093734741
BenchmarkTest00721.java,0,CWE-79,CWE-79,1,0,1,0,0,0,1,0,0,0,2449,0.004898,192,0.001536,22,0.000176,0.0066099999999999996,3.6217706203460693
BenchmarkTest00722.java,0,CWE-79,CWE-79,1,1,0,1,0,0,0,0,1,0,2471,0.004942,192,0.001536,21,0.000168,0.006646,3.4958608150482178
BenchmarkTest00723.java,0,CWE-79,,,,0,0,1,0,0,0,1,0,,,,,,,,
BenchmarkTest00724.java,0,CWE-79,CWE-79,1,0,1,0,0,0,1,0,0,0,2450,0.0049,192,0.001536,22,0.000176,0.006612,3.2544095516204834
BenchmarkTest00725.java,0,CWE-79,CWE-79,1,0,1,0,0,0,1,0,0,0,2578,0.005156,960,0.00768,22,0.000176,0.013012000000000001,12.031774520874023
BenchmarkTest00726.java,0,CWE-79,,,,0,0,1,0,0,0,1,0,,,,,,,,
BenchmarkTest00727.java,0,CWE-79,CWE-79,1,0,1,0,0,0,1,0,0,0,2390,0.00478,256,0.002048,22,0.000176,0.007004000000000001,4.134522914886475
BenchmarkTest00728.java,0,CWE-79,CWE-79,1,0,1,0,0,0,1,0,0,0,2391,0.004782,192,0.001536,22,0.000176,0.006494,3.611351490020752
BenchmarkTest00729.java,0,CWE-79,CWE-79,1,0,1,0,0,0,1,0,0,0,2387,0.004774,128,0.001024,22,0.000176,0.005973999999999999,2.964625597000122
BenchmarkTest00730.java,0,CWE-79,CWE-79,1,1,0,1,0,0,0,0,1,0,2466,0.004932,256,0.002048,21,0.000168,0.007148,3.7798280715942383
BenchmarkTest00731.java,0,CWE-78,CWE-78,1,0,1,0,0,0,1,0,0,0,2058,0.004116,192,0.001536,22,0.000176,0.005828,2.9281628131866455
BenchmarkTest00732.java,0,CWE-78,CWE-78,1,1,0,1,0,0,0,0,1,0,2161,0.004322,384,0.003072,21,0.000168,0.007562,5.240869522094727
BenchmarkTest00733.java,0,CWE-330,CWE-330,1,0,1,0,0,0,1,0,0,0,2360,0.00472,192,0.001536,22,0.000176,0.006432,4.112523317337036
BenchmarkTest00734.java,0,CWE-330,CWE-330,1,0,1,0,0,0,1,0,0,0,2399,0.004798,64,0.000512,22,0.000176,0.005486,2.5241730213165283
BenchmarkTest00735.java,0,CWE-330,CWE-330,1,0,1,0,0,0,1,0,0,0,2378,0.004756,128,0.001024,22,0.000176,0.0059559999999999995,2.387936592102051
BenchmarkTest00736.java,0,CWE-614,CWE-614,1,0,1,0,0,0,1,0,0,0,2133,0.004266,192,0.001536,22,0.000176,0.005978,4.046293497085571
BenchmarkTest00737.java,0,CWE-79,CWE-79,1,0,1,0,0,0,1,0,0,0,2587,0.005174,1664,0.013312,22,0.000176,0.018661999999999998,14.962522983551025
BenchmarkTest00738.java,0,CWE-78,,,,0,0,1,0,0,0,1,0,,,,,,,,
BenchmarkTest00739.java,0,CWE-78,,,,0,0,1,0,0,0,1,0,,,,,,,,
BenchmarkTest00740.java,0,CWE-78,CWE-78,1,0,1,0,0,0,1,0,0,0,2060,0.00412,832,0.006656,23,0.000184,0.010960000000000001,9.709821462631226
BenchmarkTest00741.java,0,CWE-78,CWE-78,1,1,0,1,0,0,0,0,1,0,2110,0.00422,704,0.005632,21,0.000168,0.01002,8.825780153274536
BenchmarkTest00742.java,0,CWE-78,CWE-78,1,1,0,1,0,0,0,0,1,0,2158,0.004316,320,0.00256,21,0.000168,0.007044,6.238390684127808
BenchmarkTest00743.java,0,CWE-78,CWE-78,1,1,0,1,0,0,0,0,1,0,2060,0.00412,384,0.003072,21,0.000168,0.00736,5.660844802856445
BenchmarkTest00744.java,0,CWE-330,,,,0,0,1,0,0,0,1,0,,,,,,,,
BenchmarkTest00745.java,0,CWE-330,,,,0,0,1,0,0,0,1,0,,,,,,,,
BenchmarkTest00746.java,0,CWE-330,,,,0,0,1,0,0,0,1,0,,,,,,,,
BenchmarkTest00747.java,0,CWE-330,,,,0,0,1,0,0,0,1,0,,,,,,,,
BenchmarkTest00748.java,0,CWE-330,,,,0,0,1,0,0,0,1,0,,,,,,,,
BenchmarkTest00749.java,0,CWE-330,CWE-330,1,1,0,1,0,0,0,0,1,0,2430,0.00486,384,0.003072,21,0.000168,0.0081,5.032454013824463
BenchmarkTest00750.java,0,CWE-330,,,,0,0,1,0,0,0,1,0,,,,,,,,
BenchmarkTest00751.java,0,CWE-330,,,,0,0,1,0,0,0,1,0,,,,,,,,
BenchmarkTest00752.java,0,CWE-330,,,,0,0,1,0,0,0,1,0,,,,,,,,
BenchmarkTest00753.java,0,CWE-330,,,,0,0,1,0,0,0,1,0,,,,,,,,
BenchmarkTest00760.java,0,CWE-89,CWE-89,1,0,1,0,0,0,1,0,0,0,2060,0.00412,64,0.000512,22,0.000176,0.004808000000000001,2.1220333576202393
BenchmarkTest00761.java,0,CWE-89,CWE-89,1,0,1,0,0,0,1,0,0,0,2062,0.004124,128,0.001024,22,0.000176,0.005324,2.743504047393799
BenchmarkTest00762.java,0,CWE-89,CWE-89,1,0,1,0,0,0,1,0,0,0,2039,0.004078,192,0.001536,22,0.000176,0.00579,3.7092366218566895
BenchmarkTest00763.java,0,CWE-89,CWE-89,1,1,0,1,0,0,0,0,1,0,2082,0.004164,384,0.003072,21,0.000168,0.007404,5.950396299362183
BenchmarkTest00764.java,0,CWE-89,,,,0,0,0,1,0,0,0,1,,,,,,,,
BenchmarkTest00765.java,0,CWE-89,,,,0,0,0,1,0,0,0,1,,,,,,,,
BenchmarkTest00766.java,0,CWE-89,,,,0,0,1,0,0,0,1,0,,,,,,,,
BenchmarkTest00767.java,0,CWE-89,,,,0,0,0,1,0,0,0,1,,,,,,,,
BenchmarkTest00768.java,0,CWE-89,,,,0,0,0,1,0,0,0,1,,,,,,,,
BenchmarkTest00769.java,0,CWE-89,CWE-89,1,0,1,0,0,0,1,0,0,0,2088,0.004176,128,0.001024,22,0.000176,0.005376,2.5638811588287354
BenchmarkTest00770.java,0,CWE-89,CWE-89,1,0,1,0,0,0,1,0,0,0,2042,0.004084,128,0.001024,22,0.000176,0.005284,2.4817328453063965
BenchmarkTest00771.java,0,CWE-89,CWE-89,1,0,1,0,0,0,1,0,0,0,2046,0.004092,64,0.000512,22,0.000176,0.00478,1.8140044212341309
BenchmarkTest00772.java,0,CWE-89,CWE-89,1,1,0,1,0,0,0,0,1,0,2046,0.004092,320,0.00256,21,0.000168,0.00682,6.053812265396118
BenchmarkTest00773.java,0,CWE-89,CWE-89,1,0,0,1,0,0,0,1,0,0,2034,0.004068,64,0.000512,22,0.000176,0.004756,3.1563408374786377
BenchmarkTest00774.java,0,CWE-89,CWE-89,1,1,0,1,0,0,0,0,1,0,2060,0.00412,384,0.003072,21,0.000168,0.00736,5.672616243362427
BenchmarkTest00775.java,0,CWE-327,,,,0,0,1,0,0,0,1,0,,,,,,,,
BenchmarkTest00776.java,0,CWE-327,,,,0,0,1,0,0,0,1,0,,,,,,,,
BenchmarkTest00777.java,0,CWE-327,,,,0,0,1,0,0,0,1,0,,,,,,,,
BenchmarkTest00778.java,0,CWE-327,,,,0,0,1,0,0,0,1,0,,,,,,,,
BenchmarkTest00779.java,0,CWE-327,CWE-327,1,0,1,0,0,0,1,0,0,0,2836,0.005672,128,0.001024,22,0.000176,0.006872,3.6706156730651855
BenchmarkTest00780.java,0,CWE-327,,,,0,0,1,0,0,0,1,0,,,,,,,,
BenchmarkTest00781.java,0,CWE-327,CWE-327,1,0,1,0,0,0,1,0,0,0,2492,0.004984,128,0.001024,22,0.000176,0.006183999999999999,2.495847702026367
BenchmarkTest00782.java,0,CWE-327,,,,0,0,1,0,0,0,1,0,,,,,,,,
BenchmarkTest00783.java,0,CWE-22,CWE-23,0,0,1,0,0,0,1,0,0,0,2644,0.005288,256,0.002048,22,0.000176,0.0075120000000000004,4.3033366203308105
BenchmarkTest00784.java,0,CWE-22,CWE-23,0,1,0,1,0,0,0,0,1,0,2588,0.005176,384,0.003072,21,0.000168,0.008416,4.331882953643799
BenchmarkTest00785.java,0,CWE-22,CWE-23,0,0,1,0,0,0,1,0,0,0,2536,0.005072,384,0.003072,22,0.000176,0.008320000000000001,5.058065891265869
BenchmarkTest00786.java,0,CWE-22,CWE-23,0,1,0,1,0,0,0,0,1,0,2551,0.005102,320,0.00256,21,0.000168,0.00783,4.507293224334717
BenchmarkTest00787.java,0,CWE-22,CWE-23,0,0,1,0,0,0,1,0,0,0,2494,0.004988,448,0.003584,22,0.000176,0.008748,5.3321051597595215
BenchmarkTest00788.java,0,CWE-22,CWE-23,0,0,1,0,0,0,1,0,0,0,2475,0.00495,256,0.002048,22,0.000176,0.007174000000000001,4.196185350418091
BenchmarkTest00789.java,0,CWE-328,CWE-916,0,0,1,0,0,0,1,0,0,0,2519,0.005038,128,0.001024,22,0.000176,0.006238,3.6424505710601807
BenchmarkTest00790.java,0,CWE-328,CWE-916,0,0,1,0,0,0,1,0,0,0,2486,0.004972,64,0.000512,22,0.000176,0.00566,2.6654231548309326
BenchmarkTest00791.java,0,CWE-328,,,,0,0,1,0,0,0,1,0,,,,,,,,
BenchmarkTest00792.java,0,CWE-328,,,,0,0,1,0,0,0,1,0,,,,,,,,
BenchmarkTest00793.java,0,CWE-328,,,,0,0,1,0,0,0,1,0,,,,,,,,
BenchmarkTest00794.java,0,CWE-328,CWE-916,0,0,1,0,0,0,1,0,0,0,2432,0.004864,128,0.001024,22,0.000176,0.006064,4.661987543106079
BenchmarkTest00795.java,0,CWE-328,,,,0,0,1,0,0,0,1,0,,,,,,,,
BenchmarkTest00796.java,0,CWE-328,,,,0,0,0,1,0,0,0,1,,,,,,,,
BenchmarkTest00797.java,0,CWE-328,,,,0,0,0,1,0,0,0,1,,,,,,,,
BenchmarkTest00798.java,0,CWE-328,,,,0,0,1,0,0,0,1,0,,,,,,,,
BenchmarkTest00799.java,0,CWE-79,CWE-79,1,1,0,1,0,0,0,0,1,0,2634,0.005268,704,0.005632,21,0.000168,0.011068,10.385602474212646
BenchmarkTest00800.java,0,CWE-79,CWE-79,1,0,1,0,0,0,1,0,0,0,2613,0.005226,384,0.003072,23,0.000184,0.008482,6.844279766082764
BenchmarkTest00801.java,0,CWE-79,CWE-79,1,0,1,0,0,0,1,0,0,0,2512,0.005024,256,0.002048,22,0.000176,0.007248,5.934537887573242
BenchmarkTest00802.java,0,CWE-79,CWE-79,1,0,1,0,0,0,1,0,0,0,2547,0.005094,256,0.002048,22,0.000176,0.007317999999999999,5.161059856414795
BenchmarkTest00803.java,0,CWE-79,CWE-79,1,0,1,0,0,0,1,0,0,0,2499,0.004998,128,0.001024,22,0.000176,0.0061979999999999995,3.5359015464782715
BenchmarkTest00804.java,0,CWE-79,CWE-79,1,0,1,0,0,0,1,0,0,0,2523,0.005046,256,0.002048,22,0.000176,0.0072699999999999996,5.634706020355225
BenchmarkTest00805.java,0,CWE-79,CWE-79,1,0,1,0,0,0,1,0,0,0,2719,0.005438,1024,0.008192,22,0.000176,0.013806,13.76231336593628
BenchmarkTest00806.java,0,CWE-79,CWE-79,1,0,1,0,0,0,1,0,0,0,2583,0.005166,448,0.003584,22,0.000176,0.008926,9.495127201080322
BenchmarkTest00807.java,0,CWE-79,CWE-79,1,0,1,0,0,0,1,0,0,0,2531,0.005062,512,0.004096,22,0.000176,0.009334,7.970180511474609
BenchmarkTest00808.java,0,CWE-79,CWE-79,1,1,0,1,0,0,0,0,1,0,2579,0.005158,640,0.00512,21,0.000168,0.010446,8.925434827804565
BenchmarkTest00809.java,0,CWE-79,CWE-79,1,0,1,0,0,0,1,0,0,0,2545,0.00509,384,0.003072,22,0.000176,0.008338,7.28161883354187
BenchmarkTest00810.java,0,CWE-79,CWE-79,1,0,1,0,0,0,1,0,0,0,2525,0.00505,192,0.001536,22,0.000176,0.006762,4.572511911392212
BenchmarkTest00811.java,0,CWE-79,CWE-79,1,0,1,0,0,0,1,0,0,0,2597,0.005194,256,0.002048,22,0.000176,0.007418,5.829306364059448
BenchmarkTest00812.java,0,CWE-79,,,,0,0,1,0,0,0,1,0,,,,,,,,
BenchmarkTest00813.java,0,CWE-79,,,,0,0,1,0,0,0,1,0,,,,,,,,
BenchmarkTest00814.java,0,CWE-78,,,,0,0,1,0,0,0,1,0,,,,,,,,
BenchmarkTest00815.java,0,CWE-78,CWE-78,1,0,1,0,0,0,1,0,0,0,2203,0.004406,320,0.00256,22,0.000176,0.007142,5.345341444015503
BenchmarkTest00816.java,0,CWE-78,CWE-78,1,0,1,0,0,0,1,0,0,0,2288,0.004576,384,0.003072,22,0.000176,0.007824000000000001,6.69343638420105
BenchmarkTest00817.java,0,CWE-330,CWE-330,1,0,1,0,0,0,1,0,0,0,2696,0.005392,128,0.001024,22,0.000176,0.006592,5.899676322937012
BenchmarkTest00818.java,0,CWE-330,CWE-330,1,0,1,0,0,0,1,0,0,0,2509,0.005018,192,0.001536,22,0.000176,0.00673,4.352785348892212
BenchmarkTest00819.java,0,CWE-330,CWE-330,1,0,1,0,0,0,1,0,0,0,2479,0.004958,128,0.001024,22,0.000176,0.006157999999999999,3.0386855602264404
BenchmarkTest00820.java,0,CWE-614,CWE-614,1,0,1,0,0,0,1,0,0,0,2237,0.004474,320,0.00256,22,0.000176,0.00721,6.061183929443359
BenchmarkTest00821.java,0,CWE-614,CWE-614,1,0,1,0,0,0,1,0,0,0,2251,0.004502,128,0.001024,22,0.000176,0.005702,3.1066198348999023
BenchmarkTest00822.java,0,CWE-79,CWE-79,1,0,1,0,0,0,1,0,0,0,2538,0.005076,128,0.001024,22,0.000176,0.0062759999999999995,3.4629573822021484
BenchmarkTest00823.java,0,CWE-78,CWE-78,1,0,1,0,0,0,1,0,0,0,2174,0.004348,640,0.00512,22,0.000176,0.009644000000000002,8.577162981033325
BenchmarkTest00824.java,0,CWE-78,CWE-78,1,0,1,0,0,0,1,0,0,0,2368,0.004736,832,0.006656,22,0.000176,0.011568,8.246812582015991
BenchmarkTest00825.java,0,CWE-78,CWE-78,1,0,1,0,0,0,1,0,0,0,2153,0.004306,640,0.00512,22,0.000176,0.009602000000000001,10.157371997833252
BenchmarkTest00826.java,0,CWE-78,,,,0,0,1,0,0,0,1,0,,,,,,,,
BenchmarkTest00827.java,0,CWE-78,CWE-78,1,1,0,1,0,0,0,0,1,0,2186,0.004372,576,0.004608,21,0.000168,0.009148,10.127538442611694
BenchmarkTest00828.java,0,CWE-330,,,,0,0,1,0,0,0,1,0,,,,,,,,
BenchmarkTest00829.java,0,CWE-330,,,,0,0,1,0,0,0,1,0,,,,,,,,
BenchmarkTest00830.java,0,CWE-330,,,,0,0,1,0,0,0,1,0,,,,,,,,
BenchmarkTest00831.java,0,CWE-330,,,,0,0,1,0,0,0,1,0,,,,,,,,
BenchmarkTest00832.java,0,CWE-330,,,,0,0,1,0,0,0,1,0,,,,,,,,
BenchmarkTest00837.java,0,CWE-89,CWE-89,1,1,0,1,0,0,0,0,1,0,2252,0.004504,256,0.002048,21,0.000168,0.00672,3.8301637172698975
BenchmarkTest00838.java,0,CWE-89,CWE-89,1,1,0,1,0,0,0,0,1,0,2243,0.004486,640,0.00512,21,0.000168,0.009774,8.423940896987915
BenchmarkTest00839.java,0,CWE-89,CWE-89,1,0,1,0,0,0,1,0,0,0,2168,0.004336,192,0.001536,22,0.000176,0.0060479999999999996,4.670008420944214
BenchmarkTest00840.java,0,CWE-89,CWE-89,1,0,1,0,0,0,1,0,0,0,2172,0.004344,256,0.002048,22,0.000176,0.006568,10.615620613098145
BenchmarkTest00841.java,0,CWE-89,CWE-89,1,0,1,0,0,0,1,0,0,0,2238,0.004476,128,0.001024,22,0.000176,0.005676,3.660649538040161
BenchmarkTest00842.java,0,CWE-89,,,,0,0,0,1,0,0,0,1,,,,,,,,
BenchmarkTest00843.java,0,CWE-89,,,,0,0,0,1,0,0,0,1,,,,,,,,
BenchmarkTest00844.java,0,CWE-89,,,,0,0,1,0,0,0,1,0,,,,,,,,
BenchmarkTest00845.java,0,CWE-89,,,,0,0,0,1,0,0,0,1,,,,,,,,
BenchmarkTest00846.java,0,CWE-89,CWE-89,1,0,1,0,0,0,1,0,0,0,2143,0.004286,128,0.001024,22,0.000176,0.0054859999999999996,2.432440996170044
BenchmarkTest00847.java,0,CWE-89,CWE-89,1,0,1,0,0,0,1,0,0,0,2176,0.004352,192,0.001536,22,0.000176,0.006064,3.029167890548706
BenchmarkTest00848.java,0,CWE-89,CWE-89,1,0,1,0,0,0,1,0,0,0,2113,0.004226,64,0.000512,22,0.000176,0.004914,1.9410407543182373
BenchmarkTest00849.java,0,CWE-89,CWE-89,1,0,1,0,0,0,1,0,0,0,2179,0.004358,128,0.001024,22,0.000176,0.005558,3.149502992630005
BenchmarkTest00850.java,0,CWE-89,CWE-89,1,0,1,0,0,0,1,0,0,0,2176,0.004352,128,0.001024,22,0.000176,0.005552,2.797150135040283
BenchmarkTest00851.java,0,CWE-89,,,,0,0,1,0,0,0,1,0,,,,,,,,
BenchmarkTest00852.java,0,CWE-643,CWE-643,1,1,0,1,0,0,0,0,1,0,2272,0.004544,192,0.001536,21,0.000168,0.006248,3.7610199451446533
BenchmarkTest00853.java,0,CWE-327,CWE-327,1,0,1,0,0,0,1,0,0,0,2654,0.005308,64,0.000512,22,0.000176,0.0059960000000000005,2.286823034286499
BenchmarkTest00854.java,0,CWE-327,,,,0,0,1,0,0,0,1,0,,,,,,,,
BenchmarkTest00855.java,0,CWE-327,CWE-327,1,0,1,0,0,0,1,0,0,0,2754,0.005508,128,0.001024,22,0.000176,0.0067079999999999996,2.558422327041626
BenchmarkTest00856.java,0,CWE-327,CWE-327,1,0,1,0,0,0,1,0,0,0,2555,0.00511,128,0.001024,22,0.000176,0.00631,2.438530921936035
BenchmarkTest00857.java,0,CWE-327,CWE-327,1,0,1,0,0,0,1,0,0,0,2421,0.004842,64,0.000512,22,0.000176,0.00553,2.505479097366333
BenchmarkTest00858.java,0,CWE-327,,,,0,0,1,0,0,0,1,0,,,,,,,,
BenchmarkTest00859.java,0,CWE-327,CWE-327,1,0,1,0,0,0,1,0,0,0,2403,0.004806,64,0.000512,22,0.000176,0.005494000000000001,2.223689079284668
BenchmarkTest00860.java,0,CWE-90,,,,0,0,1,0,0,0,1,0,,,,,,,,
BenchmarkTest00861.java,0,CWE-90,,,,0,0,1,0,0,0,1,0,,,,,,,,
BenchmarkTest00862.java,0,CWE-22,,,,0,0,1,0,0,0,1,0,,,,,,,,
BenchmarkTest00863.java,0,CWE-22,,,,0,0,1,0,0,0,1,0,,,,,,,,
BenchmarkTest00864.java,0,CWE-22,,,,0,0,1,0,0,0,1,0,,,,,,,,
BenchmarkTest00865.java,0,CWE-22,,,,0,0,1,0,0,0,1,0,,,,,,,,
BenchmarkTest00866.java,0,CWE-22,,,,0,0,1,0,0,0,1,0,,,,,,,,
BenchmarkTest00867.java,0,CWE-22,,,,0,0,1,0,0,0,1,0,,,,,,,,
BenchmarkTest00868.java,0,CWE-328,CWE-916,0,0,1,0,0,0,1,0,0,0,2593,0.005186,128,0.001024,22,0.000176,0.006385999999999999,2.6785449981689453
BenchmarkTest00869.java,0,CWE-328,CWE-916,0,0,1,0,0,0,1,0,0,0,2465,0.00493,128,0.001024,22,0.000176,0.00613,2.7480552196502686
BenchmarkTest00870.java,0,CWE-328,CWE-916,0,0,1,0,0,0,1,0,0,0,2341,0.004682,256,0.002048,22,0.000176,0.006906,3.930788278579712
BenchmarkTest00871.java,0,CWE-328,CWE-916,0,0,1,0,0,0,1,0,0,0,2409,0.004818,128,0.001024,22,0.000176,0.006018,2.7757186889648438
BenchmarkTest00872.java,0,CWE-328,CWE-916,0,0,1,0,0,0,1,0,0,0,2338,0.004676,192,0.001536,22,0.000176,0.006388,2.9994280338287354
BenchmarkTest00873.java,0,CWE-328,,,,0,0,1,0,0,0,1,0,,,,,,,,
BenchmarkTest00874.java,0,CWE-328,,,,0,0,1,0,0,0,1,0,,,,,,,,
BenchmarkTest00875.java,0,CWE-328,,,,0,0,0,1,0,0,0,1,,,,,,,,
BenchmarkTest00876.java,0,CWE-328,,,,0,0,0,1,0,0,0,1,,,,,,,,
BenchmarkTest00877.java,0,CWE-328,,,,0,0,1,0,0,0,1,0,,,,,,,,
BenchmarkTest00878.java,0,CWE-328,,,,0,0,1,0,0,0,1,0,,,,,,,,
BenchmarkTest00879.java,0,CWE-79,,,,0,0,1,0,0,0,1,0,,,,,,,,
BenchmarkTest00880.java,0,CWE-79,,,,0,0,1,0,0,0,1,0,,,,,,,,
BenchmarkTest00881.java,0,CWE-79,,,,0,0,1,0,0,0,1,0,,,,,,,,
BenchmarkTest00882.java,0,CWE-79,,,,0,0,1,0,0,0,1,0,,,,,,,,
BenchmarkTest00883.java,0,CWE-79,,,,0,0,1,0,0,0,1,0,,,,,,,,
BenchmarkTest00884.java,0,CWE-79,,,,0,0,1,0,0,0,1,0,,,,,,,,
BenchmarkTest00885.java,0,CWE-79,,,,0,0,1,0,0,0,1,0,,,,,,,,
BenchmarkTest00886.java,0,CWE-79,,,,0,0,1,0,0,0,1,0,,,,,,,,
BenchmarkTest00887.java,0,CWE-79,,,,0,0,1,0,0,0,1,0,,,,,,,,
BenchmarkTest00888.java,0,CWE-79,,,,0,0,1,0,0,0,1,0,,,,,,,,
BenchmarkTest00889.java,0,CWE-79,,,,0,0,1,0,0,0,1,0,,,,,,,,
BenchmarkTest00890.java,0,CWE-79,,,,0,0,1,0,0,0,1,0,,,,,,,,
BenchmarkTest00891.java,0,CWE-79,,,,0,0,1,0,0,0,1,0,,,,,,,,
BenchmarkTest00892.java,0,CWE-79,,,,0,0,1,0,0,0,1,0,,,,,,,,
BenchmarkTest00893.java,0,CWE-79,,,,0,0,1,0,0,0,1,0,,,,,,,,
BenchmarkTest00894.java,0,CWE-79,,,,0,0,1,0,0,0,1,0,,,,,,,,
BenchmarkTest00895.java,0,CWE-78,,,,0,0,1,0,0,0,1,0,,,,,,,,
BenchmarkTest00896.java,0,CWE-78,,,,0,0,1,0,0,0,1,0,,,,,,,,
BenchmarkTest00897.java,0,CWE-78,,,,0,0,1,0,0,0,1,0,,,,,,,,
BenchmarkTest00898.java,0,CWE-330,CWE-330,1,0,1,0,0,0,1,0,0,0,2391,0.004782,128,0.001024,22,0.000176,0.0059819999999999995,2.5560457706451416
BenchmarkTest00899.java,0,CWE-330,CWE-330,1,0,1,0,0,0,1,0,0,0,2413,0.004826,128,0.001024,22,0.000176,0.006026,2.441587209701538
BenchmarkTest00900.java,0,CWE-330,CWE-330,1,0,1,0,0,0,1,0,0,0,2404,0.004808,128,0.001024,22,0.000176,0.0060079999999999995,2.427520513534546
BenchmarkTest00901.java,0,CWE-330,CWE-330,1,0,1,0,0,0,1,0,0,0,2405,0.00481,128,0.001024,22,0.000176,0.00601,3.3928940296173096
BenchmarkTest00902.java,0,CWE-330,CWE-330,1,0,1,0,0,0,1,0,0,0,2390,0.00478,64,0.000512,22,0.000176,0.005468000000000001,2.332921028137207
BenchmarkTest00903.java,0,CWE-614,CWE-614,1,0,1,0,0,0,1,0,0,0,2177,0.004354,128,0.001024,22,0.000176,0.005554,2.6411168575286865
BenchmarkTest00904.java,0,CWE-614,,,,0,0,1,0,0,0,1,0,,,,,,,,
BenchmarkTest00905.java,0,CWE-78,,,,0,0,1,0,0,0,1,0,,,,,,,,
BenchmarkTest00906.java,0,CWE-78,,,,0,0,1,0,0,0,1,0,,,,,,,,
BenchmarkTest00907.java,0,CWE-78,,,,0,0,1,0,0,0,1,0,,,,,,,,
BenchmarkTest00908.java,0,CWE-78,,,,0,0,1,0,0,0,1,0,,,,,,,,
BenchmarkTest00909.java,0,CWE-78,,,,0,0,1,0,0,0,1,0,,,,,,,,
BenchmarkTest00910.java,0,CWE-78,,,,0,0,1,0,0,0,1,0,,,,,,,,
BenchmarkTest00911.java,0,CWE-330,,,,0,0,1,0,0,0,1,0,,,,,,,,
BenchmarkTest00912.java,0,CWE-330,,,,0,0,1,0,0,0,1,0,,,,,,,,
BenchmarkTest00913.java,0,CWE-330,,,,0,0,1,0,0,0,1,0,,,,,,,,
BenchmarkTest00914.java,0,CWE-330,,,,0,0,1,0,0,0,1,0,,,,,,,,
BenchmarkTest00915.java,0,CWE-330,,,,0,0,1,0,0,0,1,0,,,,,,,,
BenchmarkTest00916.java,0,CWE-330,,,,0,0,1,0,0,0,1,0,,,,,,,,
BenchmarkTest00917.java,0,CWE-330,,,,0,0,1,0,0,0,1,0,,,,,,,,
BenchmarkTest00918.java,0,CWE-330,,,,0,0,1,0,0,0,1,0,,,,,,,,
BenchmarkTest00919.java,0,CWE-330,,,,0,0,1,0,0,0,1,0,,,,,,,,
BenchmarkTest00920.java,0,CWE-330,,,,0,0,1,0,0,0,1,0,,,,,,,,
BenchmarkTest00921.java,0,CWE-330,,,,0,0,1,0,0,0,1,0,,,,,,,,
BenchmarkTest00924.java,0,CWE-89,,,,0,0,1,0,0,0,1,0,,,,,,,,
BenchmarkTest00925.java,0,CWE-89,,,,0,0,1,0,0,0,1,0,,,,,,,,
BenchmarkTest00926.java,0,CWE-89,,,,0,0,1,0,0,0,1,0,,,,,,,,
BenchmarkTest00927.java,0,CWE-89,,,,0,0,1,0,0,0,1,0,,,,,,,,
BenchmarkTest00928.java,0,CWE-89,,,,0,0,1,0,0,0,1,0,,,,,,,,
BenchmarkTest00929.java,0,CWE-89,,,,0,0,1,0,0,0,1,0,,,,,,,,
BenchmarkTest00930.java,0,CWE-89,,,,0,0,1,0,0,0,1,0,,,,,,,,
BenchmarkTest00931.java,0,CWE-89,,,,0,0,1,0,0,0,1,0,,,,,,,,
BenchmarkTest00932.java,0,CWE-89,,,,0,0,1,0,0,0,1,0,,,,,,,,
BenchmarkTest00933.java,0,CWE-89,,,,0,0,1,0,0,0,1,0,,,,,,,,
BenchmarkTest00934.java,0,CWE-89,,,,0,0,1,0,0,0,1,0,,,,,,,,
BenchmarkTest00935.java,0,CWE-89,,,,0,0,1,0,0,0,1,0,,,,,,,,
BenchmarkTest00936.java,0,CWE-89,,,,0,0,1,0,0,0,1,0,,,,,,,,
BenchmarkTest00937.java,0,CWE-89,,,,0,0,1,0,0,0,1,0,,,,,,,,
BenchmarkTest00938.java,0,CWE-89,,,,0,0,1,0,0,0,1,0,,,,,,,,
BenchmarkTest00939.java,0,CWE-89,,,,0,0,1,0,0,0,1,0,,,,,,,,
BenchmarkTest00940.java,0,CWE-89,,,,0,0,1,0,0,0,1,0,,,,,,,,
BenchmarkTest00941.java,0,CWE-643,,,,0,0,1,0,0,0,1,0,,,,,,,,
BenchmarkTest00942.java,0,CWE-327,,,,0,0,1,0,0,0,1,0,,,,,,,,
BenchmarkTest00943.java,0,CWE-327,,,,0,0,1,0,0,0,1,0,,,,,,,,
BenchmarkTest00944.java,0,CWE-327,,,,0,0,1,0,0,0,1,0,,,,,,,,
BenchmarkTest00945.java,0,CWE-327,CWE-327,1,0,1,0,0,0,1,0,0,0,2597,0.005194,256,0.002048,22,0.000176,0.007418,4.059685945510864
BenchmarkTest00946.java,0,CWE-327,CWE-327,1,0,1,0,0,0,1,0,0,0,2554,0.005108,192,0.001536,22,0.000176,0.00682,2.6528306007385254
BenchmarkTest00947.java,0,CWE-90,CWE-90,1,0,1,0,0,0,1,0,0,0,2484,0.004968,192,0.001536,22,0.000176,0.00668,3.6938955783843994
BenchmarkTest00948.java,0,CWE-90,CWE-90,1,1,0,1,0,0,0,0,1,0,2532,0.005064,320,0.00256,21,0.000168,0.007792,5.055845260620117
BenchmarkTest00949.java,0,CWE-22,CWE-23,0,0,1,0,0,0,1,0,0,0,2478,0.004956,256,0.002048,22,0.000176,0.00718,4.509995460510254
BenchmarkTest00950.java,0,CWE-22,CWE-23,0,1,1,0,0,0,0,0,0,1,2467,0.004934,704,0.005632,21,0.000168,0.010733999999999999,8.204342603683472
BenchmarkTest00951.java,0,CWE-22,CWE-23,0,1,0,1,0,0,0,0,1,0,2634,0.005268,320,0.00256,21,0.000168,0.007996,5.7335731983184814
BenchmarkTest00952.java,0,CWE-22,CWE-23,0,0,1,0,0,0,1,0,0,0,2717,0.005434,512,0.004096,22,0.000176,0.009706000000000001,7.2228827476501465
BenchmarkTest00953.java,0,CWE-22,CWE-23,0,0,1,0,0,0,1,0,0,0,2537,0.005074,512,0.004096,23,0.000184,0.009354000000000001,7.160031318664551
BenchmarkTest00954.java,0,CWE-22,CWE-23,0,1,0,1,0,0,0,0,1,0,2570,0.00514,384,0.003072,21,0.000168,0.00838,6.075133562088013
BenchmarkTest00955.java,0,CWE-22,CWE-23,0,1,0,1,0,0,0,0,1,0,2505,0.00501,384,0.003072,21,0.000168,0.008249999999999999,5.504953145980835
BenchmarkTest00956.java,0,CWE-22,CWE-23,0,0,1,0,0,0,1,0,0,0,2503,0.005006,384,0.003072,22,0.000176,0.008254000000000001,5.488909482955933
BenchmarkTest00957.java,0,CWE-22,CWE-23,0,1,0,1,0,0,0,0,1,0,2694,0.005388,448,0.003584,21,0.000168,0.00914,6.551719903945923
BenchmarkTest00958.java,0,CWE-22,CWE-23,0,1,0,1,0,0,0,0,1,0,2733,0.005466,256,0.002048,21,0.000168,0.007682,4.064521074295044
BenchmarkTest00959.java,0,CWE-90,CWE-90,1,0,1,0,0,0,1,0,0,0,2513,0.005026,256,0.002048,22,0.000176,0.00725,3.6646158695220947
BenchmarkTest00960.java,0,CWE-330,CWE-330,1,0,1,0,0,0,1,0,0,0,2639,0.005278,128,0.001024,22,0.000176,0.006477999999999999,2.6274428367614746
BenchmarkTest00961.java,0,CWE-328,CWE-916,0,0,1,0,0,0,1,0,0,0,2634,0.005268,256,0.002048,22,0.000176,0.0074919999999999995,3.473947525024414
BenchmarkTest00962.java,0,CWE-328,,,,0,0,1,0,0,0,1,0,,,,,,,,
BenchmarkTest00963.java,0,CWE-328,CWE-916,0,0,1,0,0,0,1,0,0,0,2481,0.004962,192,0.001536,22,0.000176,0.006674,3.7172038555145264
BenchmarkTest00964.java,0,CWE-328,,,,0,0,1,0,0,0,1,0,,,,,,,,
BenchmarkTest00965.java,0,CWE-328,,,,0,0,1,0,0,0,1,0,,,,,,,,
BenchmarkTest00966.java,0,CWE-328,,,,0,0,1,0,0,0,1,0,,,,,,,,
BenchmarkTest00967.java,0,CWE-328,,,,0,0,1,0,0,0,1,0,,,,,,,,
BenchmarkTest00968.java,0,CWE-78,CWE-78,1,0,1,0,0,0,1,0,0,0,2263,0.004526,1024,0.008192,22,0.000176,0.012894000000000001,12.493682384490967
BenchmarkTest00969.java,0,CWE-78,CWE-78,1,1,0,1,0,0,0,0,1,0,2491,0.004982,960,0.00768,21,0.000168,0.01283,19.729971885681152
BenchmarkTest00970.java,0,CWE-78,CWE-78,1,1,0,1,0,0,0,0,1,0,2288,0.004576,320,0.00256,21,0.000168,0.007304,5.555973529815674
BenchmarkTest00971.java,0,CWE-330,CWE-330,1,0,1,0,0,0,1,0,0,0,2579,0.005158,320,0.00256,22,0.000176,0.007894000000000002,4.904731035232544
BenchmarkTest00972.java,0,CWE-330,CWE-330,1,0,1,0,0,0,1,0,0,0,2632,0.005264,192,0.001536,22,0.000176,0.0069759999999999996,4.390258550643921
BenchmarkTest00973.java,0,CWE-330,CWE-330,1,0,1,0,0,0,1,0,0,0,2523,0.005046,192,0.001536,22,0.000176,0.006758,3.263894557952881
BenchmarkTest00974.java,0,CWE-330,CWE-330,1,0,1,0,0,0,1,0,0,0,2562,0.005124,256,0.002048,22,0.000176,0.0073479999999999995,4.27028226852417
BenchmarkTest00975.java,0,CWE-330,CWE-330,1,0,1,0,0,0,1,0,0,0,2532,0.005064,384,0.003072,22,0.000176,0.008312000000000002,6.322094678878784
BenchmarkTest00976.java,0,CWE-330,CWE-330,1,0,1,0,0,0,1,0,0,0,2544,0.005088,128,0.001024,22,0.000176,0.006287999999999999,3.462229013442993
BenchmarkTest00977.java,0,CWE-614,CWE-614,1,0,1,0,0,0,1,0,0,0,2324,0.004648,384,0.003072,22,0.000176,0.007896,5.217397212982178
BenchmarkTest00978.java,0,CWE-78,CWE-78,1,1,0,1,0,0,0,0,1,0,2561,0.005122,704,0.005632,21,0.000168,0.010922,8.856303215026855
BenchmarkTest00979.java,0,CWE-78,CWE-78,1,0,1,0,0,0,1,0,0,0,2418,0.004836,768,0.006144,22,0.000176,0.011156000000000001,17.115566968917847
BenchmarkTest00980.java,0,CWE-78,CWE-78,1,1,0,1,0,0,0,0,1,0,2241,0.004482,384,0.003072,21,0.000168,0.007722,6.079092502593994
BenchmarkTest00981.java,0,CWE-78,CWE-78,1,0,1,0,0,0,1,0,0,0,2366,0.004732,1088,0.008704,22,0.000176,0.013612,11.98293685913086
BenchmarkTest00982.java,0,CWE-78,CWE-78,1,1,0,1,0,0,0,0,1,0,2289,0.004578,576,0.004608,21,0.000168,0.009354,7.399101495742798
BenchmarkTest00983.java,0,CWE-78,CWE-78,1,0,1,0,0,0,1,0,0,0,2199,0.004398,576,0.004608,22,0.000176,0.009182000000000001,8.269801616668701
BenchmarkTest00984.java,0,CWE-330,CWE-330,1,1,0,1,0,0,0,0,1,0,2842,0.005684,576,0.004608,21,0.000168,0.010459999999999999,7.126662254333496
BenchmarkTest00985.java,0,CWE-330,CWE-330,1,1,0,1,0,0,0,0,1,0,2673,0.005346,640,0.00512,21,0.000168,0.010634,6.808700323104858
BenchmarkTest00986.java,0,CWE-330,CWE-330,1,1,0,1,0,0,0,0,1,0,2640,0.00528,448,0.003584,21,0.000168,0.009032,8.941060781478882
BenchmarkTest00987.java,0,CWE-330,,,,0,0,1,0,0,0,1,0,,,,,,,,
BenchmarkTest00988.java,0,CWE-330,,,,0,0,1,0,0,0,1,0,,,,,,,,
BenchmarkTest00989.java,0,CWE-330,,,,0,0,1,0,0,0,1,0,,,,,,,,
BenchmarkTest00990.java,0,CWE-330,,,,0,0,1,0,0,0,1,0,,,,,,,,
BenchmarkTest00996.java,0,CWE-89,CWE-89,1,0,1,0,0,0,1,0,0,0,2235,0.00447,192,0.001536,22,0.000176,0.006182,3.614480972290039
BenchmarkTest00997.java,0,CWE-89,CWE-89,1,0,1,0,0,0,1,0,0,0,2273,0.004546,320,0.00256,22,0.000176,0.007281999999999999,5.093207597732544
BenchmarkTest00998.java,0,CWE-89,CWE-89,1,0,1,0,0,0,1,0,0,0,2239,0.004478,256,0.002048,22,0.000176,0.0067020000000000005,4.944333553314209
BenchmarkTest00999.java,0,CWE-89,CWE-89,1,1,0,1,0,0,0,0,1,0,2251,0.004502,320,0.00256,21,0.000168,0.00723,5.043511390686035
BenchmarkTest01000.java,0,CWE-89,CWE-89,1,0,1,0,0,0,1,0,0,0,2269,0.004538,256,0.002048,22,0.000176,0.006762,14.136364459991455
BenchmarkTest01001.java,0,CWE-89,CWE-89,1,1,0,1,0,0,0,0,1,0,2209,0.004418,512,0.004096,21,0.000168,0.008682,8.919368028640747
BenchmarkTest01002.java,0,CWE-89,CWE-89,1,0,1,0,0,0,1,0,0,0,2217,0.004434,256,0.002048,22,0.000176,0.006658,3.2730321884155273
BenchmarkTest01003.java,0,CWE-89,CWE-89,1,0,1,0,0,0,1,0,0,0,2253,0.004506,384,0.003072,22,0.000176,0.007754,6.975466966629028
BenchmarkTest01004.java,0,CWE-89,CWE-89,1,0,1,0,0,0,1,0,0,0,2282,0.004564,320,0.00256,22,0.000176,0.0073,4.261863946914673
BenchmarkTest01005.java,0,CWE-89,CWE-89,1,0,1,0,0,0,1,0,0,0,2262,0.004524,256,0.002048,22,0.000176,0.006748,3.707857847213745
BenchmarkTest01006.java,0,CWE-89,,,,0,0,0,1,0,0,0,1,,,,,,,,
BenchmarkTest01007.java,0,CWE-89,,,,0,0,0,1,0,0,0,1,,,,,,,,
BenchmarkTest01008.java,0,CWE-89,,,,0,0,0,1,0,0,0,1,,,,,,,,
BenchmarkTest01009.java,0,CWE-89,,,,0,0,0,1,0,0,0,1,,,,,,,,
BenchmarkTest01010.java,0,CWE-89,CWE-89,1,1,0,1,0,0,0,0,1,0,2272,0.004544,384,0.003072,21,0.000168,0.007784,6.83345365524292
BenchmarkTest01011.java,0,CWE-89,CWE-89,1,0,1,0,0,0,1,0,0,0,2208,0.004416,256,0.002048,22,0.000176,0.006639999999999999,5.783106803894043
BenchmarkTest01012.java,0,CWE-89,CWE-89,1,1,0,1,0,0,0,0,1,0,2236,0.004472,448,0.003584,21,0.000168,0.008224,6.278489828109741
BenchmarkTest01013.java,0,CWE-643,CWE-643,1,1,0,1,0,0,0,0,1,0,2344,0.004688,320,0.00256,21,0.000168,0.007416000000000001,4.184281349182129
BenchmarkTest01014.java,0,CWE-643,CWE-643,1,1,0,1,0,0,0,0,1,0,2314,0.004628,320,0.00256,21,0.000168,0.007356,3.7055068016052246
BenchmarkTest01015.java,0,CWE-327,CWE-327,1,0,1,0,0,0,1,0,0,0,2718,0.005436,64,0.000512,22,0.000176,0.006124,2.196659564971924
BenchmarkTest01016.java,0,CWE-327,CWE-327,1,0,1,0,0,0,1,0,0,0,2859,0.005718,64,0.000512,22,0.000176,0.006406,3.1911277770996094
BenchmarkTest01017.java,0,CWE-327,CWE-327,1,0,1,0,0,0,1,0,0,0,2980,0.00596,64,0.000512,22,0.000176,0.006648,3.510057210922241
BenchmarkTest01018.java,0,CWE-327,CWE-327,1,0,1,0,0,0,1,0,0,0,2403,0.004806,64,0.000512,22,0.000176,0.005494000000000001,3.0270028114318848
BenchmarkTest01019.java,0,CWE-327,,,,0,0,1,0,0,0,1,0,,,,,,,,
BenchmarkTest01020.java,0,CWE-327,CWE-327,1,0,1,0,0,0,1,0,0,0,2405,0.00481,256,0.002048,22,0.000176,0.0070339999999999995,5.112680435180664
BenchmarkTest01021.java,0,CWE-327,,,,0,0,1,0,0,0,1,0,,,,,,,,
BenchmarkTest01022.java,0,CWE-327,,,,0,0,1,0,0,0,1,0,,,,,,,,
BenchmarkTest01023.java,0,CWE-90,CWE-90,1,0,1,0,0,0,1,0,0,0,2339,0.004678,320,0.00256,22,0.000176,0.007414,8.551175594329834
BenchmarkTest01024.java,0,CWE-90,CWE-90,1,1,0,1,0,0,0,0,1,0,2350,0.0047,512,0.004096,21,0.000168,0.008964,189.8779227733612
BenchmarkTest01025.java,0,CWE-22,CWE-23,0,0,1,0,0,0,1,0,0,0,2353,0.004706,384,0.003072,22,0.000176,0.007954000000000001,7.077493190765381
BenchmarkTest01026.java,0,CWE-22,CWE-23,0,1,0,1,0,0,0,0,1,0,2550,0.0051,832,0.006656,21,0.000168,0.011923999999999999,11.662257432937622
BenchmarkTest01027.java,0,CWE-22,CWE-23,0,1,0,1,0,0,0,0,1,0,2347,0.004694,256,0.002048,21,0.000168,0.0069099999999999995,6.7384583950042725
BenchmarkTest01028.java,0,CWE-22,CWE-23,0,1,0,1,0,0,0,0,1,0,2526,0.005052,320,0.00256,21,0.000168,0.0077800000000000005,7.729618310928345
BenchmarkTest01029.java,0,CWE-22,CWE-23,0,0,1,0,0,0,1,0,0,0,2499,0.004998,448,0.003584,22,0.000176,0.008758,8.922295331954956
BenchmarkTest01030.java,0,CWE-22,CWE-23,0,1,0,1,0,0,0,0,1,0,2553,0.005106,320,0.00256,21,0.000168,0.007834,6.368139743804932
BenchmarkTest01031.java,0,CWE-22,CWE-23,0,1,0,1,0,0,0,0,1,0,2480,0.00496,384,0.003072,21,0.000168,0.0082,187.90876507759094
BenchmarkTest01032.java,0,CWE-22,CWE-23,0,0,1,0,0,0,1,0,0,0,2398,0.004796,256,0.002048,22,0.000176,0.007019999999999999,5.13147759437561
BenchmarkTest01033.java,0,CWE-22,CWE-23,0,0,1,0,0,0,1,0,0,0,2392,0.004784,256,0.002048,22,0.000176,0.0070079999999999995,6.3077685832977295
BenchmarkTest01034.java,0,CWE-22,CWE-23,0,0,1,0,0,0,1,0,0,0,2404,0.004808,192,0.001536,22,0.000176,0.00652,4.696465730667114
BenchmarkTest01035.java,0,CWE-22,CWE-23,0,1,0,1,0,0,0,0,1,0,2394,0.004788,256,0.002048,21,0.000168,0.007004,4.416953802108765
BenchmarkTest01036.java,0,CWE-22,CWE-23,0,1,0,1,0,0,0,0,1,0,2580,0.00516,384,0.003072,21,0.000168,0.0084,13.745253562927246
BenchmarkTest01037.java,0,CWE-328,,,,0,0,1,0,0,0,1,0,,,,,,,,
BenchmarkTest01038.java,0,CWE-328,CWE-916,0,0,1,0,0,0,1,0,0,0,2355,0.00471,128,0.001024,22,0.000176,0.0059099999999999995,3.530946731567383
BenchmarkTest01039.java,0,CWE-328,,,,0,0,1,0,0,0,1,0,,,,,,,,
BenchmarkTest01040.java,0,CWE-328,,,,0,0,1,0,0,0,1,0,,,,,,,,
BenchmarkTest01041.java,0,CWE-328,,,,0,0,0,1,0,0,0,1,,,,,,,,
BenchmarkTest01042.java,0,CWE-328,,,,0,0,0,1,0,0,0,1,,,,,,,,
BenchmarkTest01043.java,0,CWE-328,,,,0,0,0,1,0,0,0,1,,,,,,,,
BenchmarkTest01044.java,0,CWE-328,,,,0,0,0,1,0,0,0,1,,,,,,,,
BenchmarkTest01045.java,0,CWE-328,,,,0,0,1,0,0,0,1,0,,,,,,,,
BenchmarkTest01046.java,0,CWE-79,CWE-79,1,0,1,0,0,0,1,0,0,0,2572,0.005144,384,0.003072,22,0.000176,0.008392000000000002,6.438251256942749
BenchmarkTest01047.java,0,CWE-79,CWE-79,1,0,1,0,0,0,1,0,0,0,2539,0.005078,1408,0.011264,22,0.000176,0.016517999999999998,17.40749478340149
BenchmarkTest01048.java,0,CWE-79,CWE-79,1,1,0,1,0,0,0,0,1,0,2435,0.00487,832,0.006656,21,0.000168,0.011694,10.58082365989685
BenchmarkTest01049.java,0,CWE-79,CWE-79,1,0,1,0,0,0,1,0,0,0,2494,0.004988,320,0.00256,22,0.000176,0.007724000000000001,5.700231075286865
BenchmarkTest01050.java,0,CWE-79,CWE-79,1,0,1,0,0,0,1,0,0,0,2432,0.004864,256,0.002048,22,0.000176,0.007088,4.670519828796387
BenchmarkTest01051.java,0,CWE-79,CWE-79,1,1,0,1,0,0,0,0,1,0,2463,0.004926,320,0.00256,21,0.000168,0.007653999999999999,4.999484062194824
BenchmarkTest01052.java,0,CWE-79,CWE-79,1,1,0,1,0,0,0,0,1,0,2489,0.004978,384,0.003072,21,0.000168,0.008218,6.342094659805298
BenchmarkTest01053.java,0,CWE-79,CWE-79,1,1,0,1,0,0,0,0,1,0,2440,0.00488,320,0.00256,21,0.000168,0.007608,5.079596281051636
BenchmarkTest01054.java,0,CWE-79,CWE-79,1,1,0,1,0,0,0,0,1,0,2417,0.004834,512,0.004096,21,0.000168,0.009098,7.47971248626709
BenchmarkTest01055.java,0,CWE-79,CWE-79,1,0,1,0,0,0,1,0,0,0,2472,0.004944,256,0.002048,22,0.000176,0.007168,5.193440675735474
BenchmarkTest01056.java,0,CWE-79,CWE-79,1,0,1,0,0,0,1,0,0,0,2469,0.004938,256,0.002048,22,0.000176,0.007161999999999999,3.9670398235321045
BenchmarkTest01057.java,0,CWE-79,CWE-79,1,0,1,0,0,0,1,0,0,0,2438,0.004876,128,0.001024,22,0.000176,0.006076,2.5130956172943115
BenchmarkTest01058.java,0,CWE-330,CWE-330,1,0,1,0,0,0,1,0,0,0,2424,0.004848,192,0.001536,22,0.000176,0.00656,6.428197145462036
BenchmarkTest01059.java,0,CWE-330,CWE-330,1,0,1,0,0,0,1,0,0,0,2419,0.004838,192,0.001536,22,0.000176,0.00655,3.3951966762542725
BenchmarkTest01060.java,0,CWE-330,CWE-330,1,0,1,0,0,0,1,0,0,0,2451,0.004902,192,0.001536,22,0.000176,0.006614,6.208257675170898
BenchmarkTest01061.java,0,CWE-614,CWE-614,1,0,1,0,0,0,1,0,0,0,2212,0.004424,128,0.001024,22,0.000176,0.005624,2.7670345306396484
BenchmarkTest01062.java,0,CWE-614,,,,0,0,1,0,0,0,1,0,,,,,,,,
BenchmarkTest01063.java,0,CWE-79,CWE-79,1,0,1,0,0,0,1,0,0,0,2635,0.00527,448,0.003584,22,0.000176,0.009030000000000002,4.584134340286255
BenchmarkTest01064.java,0,CWE-78,CWE-78,1,0,1,0,0,0,1,0,0,0,2168,0.004336,640,0.00512,22,0.000176,0.009632,6.569760084152222
BenchmarkTest01065.java,0,CWE-78,CWE-78,1,1,0,1,0,0,0,0,1,0,2216,0.004432,256,0.002048,21,0.000168,0.006647999999999999,3.142819881439209
BenchmarkTest01066.java,0,CWE-78,CWE-78,1,0,1,0,0,0,1,0,0,0,2066,0.004132,640,0.00512,22,0.000176,0.009428,8.632627964019775
BenchmarkTest01067.java,0,CWE-78,CWE-78,1,1,0,1,0,0,0,0,1,0,2080,0.00416,448,0.003584,21,0.000168,0.007911999999999999,5.731199741363525
BenchmarkTest01068.java,0,CWE-78,CWE-78,1,1,0,1,0,0,0,0,1,0,2135,0.00427,384,0.003072,21,0.000168,0.00751,4.697176218032837
BenchmarkTest01069.java,0,CWE-330,,,,0,0,1,0,0,0,1,0,,,,,,,,
BenchmarkTest01070.java,0,CWE-330,,,,0,0,1,0,0,0,1,0,,,,,,,,
BenchmarkTest01071.java,0,CWE-330,,,,0,0,1,0,0,0,1,0,,,,,,,,
BenchmarkTest01072.java,0,CWE-330,CWE-330,1,1,0,1,0,0,0,0,1,0,2506,0.005012,512,0.004096,21,0.000168,0.009276,10.025173425674438
BenchmarkTest01073.java,0,CWE-330,,,,0,0,1,0,0,0,1,0,,,,,,,,
BenchmarkTest01074.java,0,CWE-330,,,,0,0,1,0,0,0,1,0,,,,,,,,
BenchmarkTest01075.java,0,CWE-330,,,,0,0,1,0,0,0,1,0,,,,,,,,
BenchmarkTest01076.java,0,CWE-330,,,,0,0,1,0,0,0,1,0,,,,,,,,
BenchmarkTest01077.java,0,CWE-330,,,,0,0,1,0,0,0,1,0,,,,,,,,
BenchmarkTest01078.java,0,CWE-330,,,,0,0,1,0,0,0,1,0,,,,,,,,
BenchmarkTest01079.java,0,CWE-330,,,,0,0,1,0,0,0,1,0,,,,,,,,
BenchmarkTest01083.java,0,CWE-89,CWE-89,1,0,1,0,0,0,1,0,0,0,2054,0.004108,128,0.001024,22,0.000176,0.005307999999999999,2.7233784198760986
BenchmarkTest01084.java,0,CWE-89,CWE-89,1,0,1,0,0,0,1,0,0,0,2082,0.004164,256,0.002048,22,0.000176,0.0063880000000000004,3.619687557220459
BenchmarkTest01085.java,0,CWE-89,,,,0,0,1,0,0,0,1,0,,,,,,,,
BenchmarkTest01086.java,0,CWE-89,,,,0,0,1,0,0,0,1,0,,,,,,,,
BenchmarkTest01087.java,0,CWE-89,,,,0,0,0,1,0,0,0,1,,,,,,,,
BenchmarkTest01088.java,0,CWE-89,,,,0,0,0,1,0,0,0,1,,,,,,,,
BenchmarkTest01089.java,0,CWE-89,,,,0,0,1,0,0,0,1,0,,,,,,,,
BenchmarkTest01090.java,0,CWE-89,CWE-89,1,0,1,0,0,0,1,0,0,0,2108,0.004216,128,0.001024,22,0.000176,0.005416,2.6484806537628174
BenchmarkTest01091.java,0,CWE-89,CWE-89,1,0,1,0,0,0,1,0,0,0,2075,0.00415,128,0.001024,22,0.000176,0.00535,2.643568515777588
BenchmarkTest01092.java,0,CWE-89,CWE-89,1,1,0,1,0,0,0,0,1,0,2052,0.004104,256,0.002048,21,0.000168,0.006319999999999999,4.031847238540649
BenchmarkTest01093.java,0,CWE-89,CWE-89,1,0,1,0,0,0,1,0,0,0,2106,0.004212,128,0.001024,22,0.000176,0.005411999999999999,2.8168516159057617
BenchmarkTest01094.java,0,CWE-89,CWE-89,1,0,1,0,0,0,1,0,0,0,2021,0.004042,64,0.000512,22,0.000176,0.00473,1.6101148128509521
BenchmarkTest01095.java,0,CWE-89,CWE-89,1,1,0,1,0,0,0,0,1,0,2056,0.004112,384,0.003072,21,0.000168,0.007352,4.075330018997192
BenchmarkTest01096.java,0,CWE-89,CWE-89,1,1,0,1,0,0,0,0,1,0,2101,0.004202,640,0.00512,21,0.000168,0.00949,6.301727056503296
BenchmarkTest01097.java,0,CWE-89,CWE-89,1,0,1,0,0,0,1,0,0,0,2054,0.004108,128,0.001024,22,0.000176,0.005307999999999999,2.333733081817627
BenchmarkTest01098.java,0,CWE-89,CWE-89,1,1,0,1,0,0,0,0,1,0,2092,0.004184,448,0.003584,21,0.000168,0.007936,5.612011671066284
BenchmarkTest01099.java,0,CWE-327,CWE-327,1,0,1,0,0,0,1,0,0,0,2838,0.005676,64,0.000512,22,0.000176,0.006364,2.354642391204834
BenchmarkTest01100.java,0,CWE-327,,,,0,0,1,0,0,0,1,0,,,,,,,,
BenchmarkTest01101.java,0,CWE-327,,,,0,0,1,0,0,0,1,0,,,,,,,,
BenchmarkTest01102.java,0,CWE-327,CWE-327,1,0,1,0,0,0,1,0,0,0,2530,0.00506,128,0.001024,22,0.000176,0.00626,3.1221816539764404
BenchmarkTest01103.java,0,CWE-327,CWE-327,1,0,1,0,0,0,1,0,0,0,2539,0.005078,64,0.000512,22,0.000176,0.005766,2.1010777950286865
BenchmarkTest01104.java,0,CWE-327,,,,0,0,1,0,0,0,1,0,,,,,,,,
BenchmarkTest01105.java,0,CWE-327,CWE-327,1,0,1,0,0,0,1,0,0,0,2425,0.00485,320,0.00256,22,0.000176,0.007586,5.198260068893433
BenchmarkTest01106.java,0,CWE-327,CWE-327,1,0,1,0,0,0,1,0,0,0,2436,0.004872,128,0.001024,22,0.000176,0.006071999999999999,2.4155197143554688
BenchmarkTest01107.java,0,CWE-327,CWE-327,1,0,1,0,0,0,1,0,0,0,2465,0.00493,256,0.002048,22,0.000176,0.007154,8.384865999221802
BenchmarkTest01108.java,0,CWE-327,,,,0,0,1,0,0,0,1,0,,,,,,,,
BenchmarkTest01109.java,0,CWE-22,CWE-23,0,1,0,1,0,0,0,0,1,0,2606,0.005212,896,0.007168,21,0.000168,0.012547999999999998,10.917787790298462
BenchmarkTest01110.java,0,CWE-22,CWE-23,0,1,0,1,0,0,0,0,1,0,2593,0.005186,576,0.004608,22,0.000176,0.009970000000000001,7.4484663009643555
BenchmarkTest01111.java,0,CWE-22,CWE-23,0,1,1,0,0,0,0,0,0,1,2498,0.004996,1088,0.008704,21,0.000168,0.013868,14.830289125442505
BenchmarkTest01112.java,0,CWE-22,CWE-23,0,0,1,0,0,0,1,0,0,0,2562,0.005124,1728,0.013824,22,0.000176,0.019124,21.125159740447998
BenchmarkTest01113.java,0,CWE-22,CWE-23,0,1,0,1,0,0,0,0,1,0,2517,0.005034,256,0.002048,21,0.000168,0.0072499999999999995,4.458796739578247
BenchmarkTest01114.java,0,CWE-22,CWE-23,0,1,0,1,0,0,0,0,1,0,2654,0.005308,512,0.004096,21,0.000168,0.009571999999999999,7.131884813308716
BenchmarkTest01115.java,0,CWE-22,CWE-23,0,1,0,1,0,0,0,0,1,0,2649,0.005298,640,0.00512,21,0.000168,0.010586,8.19080138206482
BenchmarkTest01116.java,0,CWE-22,CWE-23,0,1,1,0,0,0,0,0,0,1,2438,0.004876,1152,0.009216,21,0.000168,0.01426,14.123199939727783
BenchmarkTest01117.java,0,CWE-22,CWE-23,0,1,1,0,0,0,0,0,0,1,2420,0.00484,960,0.00768,21,0.000168,0.012688,12.733873128890991
BenchmarkTest01118.java,0,CWE-22,CWE-23,0,1,0,1,0,0,0,0,1,0,2632,0.005264,448,0.003584,21,0.000168,0.009016,6.289601802825928
BenchmarkTest01119.java,0,CWE-330,CWE-330,1,0,1,0,0,0,1,0,0,0,2530,0.00506,128,0.001024,22,0.000176,0.00626,2.4635989665985107
BenchmarkTest01120.java,0,CWE-328,,,,0,0,1,0,0,0,1,0,,,,,,,,
BenchmarkTest01121.java,0,CWE-328,,,,0,0,1,0,0,0,1,0,,,,,,,,
BenchmarkTest01122.java,0,CWE-328,,,,0,0,1,0,0,0,1,0,,,,,,,,
BenchmarkTest01123.java,0,CWE-328,CWE-916,0,0,1,0,0,0,1,0,0,0,2476,0.004952,192,0.001536,22,0.000176,0.006664,2.4371964931488037
BenchmarkTest01124.java,0,CWE-328,,,,0,0,0,1,0,0,0,1,,,,,,,,
BenchmarkTest01125.java,0,CWE-328,,,,0,0,1,0,0,0,1,0,,,,,,,,
BenchmarkTest01126.java,0,CWE-328,,,,0,0,1,0,0,0,1,0,,,,,,,,
BenchmarkTest01127.java,0,CWE-330,CWE-330,1,0,1,0,0,0,1,0,0,0,2471,0.004942,128,0.001024,22,0.000176,0.006142,3.3632009029388428
BenchmarkTest01128.java,0,CWE-330,CWE-330,1,0,1,0,0,0,1,0,0,0,2481,0.004962,128,0.001024,22,0.000176,0.006162,2.711103677749634
BenchmarkTest01129.java,0,CWE-330,CWE-330,1,0,1,0,0,0,1,0,0,0,2446,0.004892,448,0.003584,22,0.000176,0.008652,4.836094856262207
BenchmarkTest01130.java,0,CWE-330,CWE-330,1,0,1,0,0,0,1,0,0,0,2457,0.004914,128,0.001024,22,0.000176,0.006114,3.1699960231781006
BenchmarkTest01131.java,0,CWE-330,CWE-330,1,0,1,0,0,0,1,0,0,0,2442,0.004884,192,0.001536,22,0.000176,0.006596,3.500699520111084
BenchmarkTest01132.java,0,CWE-330,CWE-330,1,0,1,0,0,0,1,0,0,0,2509,0.005018,192,0.001536,22,0.000176,0.00673,4.474350929260254
BenchmarkTest01133.java,0,CWE-330,CWE-330,1,0,1,0,0,0,1,0,0,0,2424,0.004848,128,0.001024,22,0.000176,0.0060479999999999996,2.8103268146514893
BenchmarkTest01134.java,0,CWE-614,CWE-614,1,0,1,0,0,0,1,0,0,0,2284,0.004568,128,0.001024,22,0.000176,0.005768,3.2794840335845947
BenchmarkTest01135.java,0,CWE-330,,,,0,0,1,0,0,0,1,0,,,,,,,,
BenchmarkTest01136.java,0,CWE-330,,,,0,0,1,0,0,0,1,0,,,,,,,,
BenchmarkTest01137.java,0,CWE-330,,,,0,0,1,0,0,0,1,0,,,,,,,,
BenchmarkTest01138.java,0,CWE-330,,,,0,0,1,0,0,0,1,0,,,,,,,,
BenchmarkTest01139.java,0,CWE-330,,,,0,0,1,0,0,0,1,0,,,,,,,,
BenchmarkTest01140.java,0,CWE-330,,,,0,0,1,0,0,0,1,0,,,,,,,,
BenchmarkTest01141.java,0,CWE-330,,,,0,0,1,0,0,0,1,0,,,,,,,,
BenchmarkTest01147.java,0,CWE-327,,,,0,0,1,0,0,0,1,0,,,,,,,,
BenchmarkTest01148.java,0,CWE-327,CWE-327,1,0,1,0,0,0,1,0,0,0,2793,0.005586,128,0.001024,22,0.000176,0.0067859999999999995,3.222320795059204
BenchmarkTest01149.java,0,CWE-327,CWE-327,1,0,1,0,0,0,1,0,0,0,2850,0.0057,64,0.000512,22,0.000176,0.0063880000000000004,2.664111375808716
BenchmarkTest01150.java,0,CWE-327,CWE-327,1,0,1,0,0,0,1,0,0,0,2468,0.004936,64,0.000512,22,0.000176,0.0056240000000000005,2.4922401905059814
BenchmarkTest01151.java,0,CWE-327,,,,0,0,1,0,0,0,1,0,,,,,,,,
BenchmarkTest01152.java,0,CWE-327,,,,0,0,1,0,0,0,1,0,,,,,,,,
BenchmarkTest01153.java,0,CWE-327,,,,0,0,1,0,0,0,1,0,,,,,,,,
BenchmarkTest01154.java,0,CWE-90,CWE-90,1,1,0,1,0,0,0,0,1,0,2407,0.004814,320,0.00256,21,0.000168,0.007542,7.178815603256226
BenchmarkTest01155.java,0,CWE-22,CWE-23,0,0,1,0,0,0,1,0,0,0,2396,0.004792,320,0.00256,22,0.000176,0.007528000000000001,4.264527082443237
BenchmarkTest01156.java,0,CWE-22,CWE-23,0,0,1,0,0,0,1,0,0,0,2556,0.005112,704,0.005632,22,0.000176,0.010920000000000001,10.17203426361084
BenchmarkTest01157.java,0,CWE-22,CWE-23,0,0,1,0,0,0,1,0,0,0,2560,0.00512,704,0.005632,22,0.000176,0.010928000000000002,9.728260278701782
BenchmarkTest01158.java,0,CWE-22,CWE-23,0,1,0,1,0,0,0,0,1,0,2495,0.00499,384,0.003072,21,0.000168,0.00823,5.456263542175293
BenchmarkTest01159.java,0,CWE-22,CWE-23,0,1,0,1,0,0,0,0,1,0,2662,0.005324,832,0.006656,21,0.000168,0.012147999999999999,10.113223314285278
BenchmarkTest01160.java,0,CWE-22,CWE-23,0,1,0,1,0,0,0,0,1,0,2412,0.004824,192,0.001536,21,0.000168,0.006528,3.8756022453308105
BenchmarkTest01161.java,0,CWE-22,CWE-23,0,0,1,0,0,0,1,0,0,0,2436,0.004872,448,0.003584,22,0.000176,0.008632,7.204644441604614
BenchmarkTest01162.java,0,CWE-330,CWE-330,1,0,1,0,0,0,1,0,0,0,2491,0.004982,128,0.001024,22,0.000176,0.006182,3.2025320529937744
BenchmarkTest01163.java,0,CWE-330,CWE-330,1,0,1,0,0,0,1,0,0,0,2431,0.004862,192,0.001536,22,0.000176,0.006574,3.7211217880249023
BenchmarkTest01164.java,0,CWE-328,,,,0,0,1,0,0,0,1,0,,,,,,,,
BenchmarkTest01165.java,0,CWE-328,CWE-916,0,0,1,0,0,0,1,0,0,0,2625,0.00525,192,0.001536,22,0.000176,0.006962,3.4497122764587402
BenchmarkTest01166.java,0,CWE-328,CWE-916,0,0,1,0,0,0,1,0,0,0,2453,0.004906,128,0.001024,22,0.000176,0.0061059999999999994,2.918027639389038
BenchmarkTest01167.java,0,CWE-328,CWE-916,0,0,1,0,0,0,1,0,0,0,2407,0.004814,128,0.001024,22,0.000176,0.006013999999999999,2.423583745956421
BenchmarkTest01168.java,0,CWE-328,,,,0,0,0,1,0,0,0,1,,,,,,,,
BenchmarkTest01169.java,0,CWE-328,,,,0,0,1,0,0,0,1,0,,,,,,,,
BenchmarkTest01170.java,0,CWE-328,,,,0,0,1,0,0,0,1,0,,,,,,,,
BenchmarkTest01171.java,0,CWE-79,CWE-79,1,0,1,0,0,0,1,0,0,0,2501,0.005002,320,0.00256,22,0.000176,0.007738000000000001,3.937176465988159
BenchmarkTest01172.java,0,CWE-79,CWE-79,1,0,1,0,0,0,1,0,0,0,2528,0.005056,128,0.001024,22,0.000176,0.006255999999999999,4.093423128128052
BenchmarkTest01173.java,0,CWE-79,CWE-79,1,0,1,0,0,0,1,0,0,0,2484,0.004968,192,0.001536,22,0.000176,0.00668,4.383990287780762
BenchmarkTest01174.java,0,CWE-79,CWE-79,1,0,1,0,0,0,1,0,0,0,2453,0.004906,192,0.001536,22,0.000176,0.006618,6.211604118347168
BenchmarkTest01175.java,0,CWE-79,CWE-79,1,1,0,1,0,0,0,0,1,0,2463,0.004926,640,0.00512,21,0.000168,0.010213999999999999,8.917619466781616
BenchmarkTest01176.java,0,CWE-79,CWE-79,1,1,0,1,0,0,0,0,1,0,2533,0.005066,448,0.003584,21,0.000168,0.008818,7.877590656280518
BenchmarkTest01177.java,0,CWE-79,CWE-79,1,0,1,0,0,0,1,0,0,0,2540,0.00508,320,0.00256,22,0.000176,0.007816000000000002,6.6623430252075195
BenchmarkTest01178.java,0,CWE-79,CWE-79,1,0,1,0,0,0,1,0,0,0,2447,0.004894,256,0.002048,22,0.000176,0.007118,4.605081796646118
BenchmarkTest01179.java,0,CWE-79,CWE-79,1,0,1,0,0,0,1,0,0,0,2435,0.00487,256,0.002048,22,0.000176,0.0070940000000000005,6.396522283554077
BenchmarkTest01180.java,0,CWE-79,CWE-79,1,1,0,1,0,0,0,0,1,0,2506,0.005012,512,0.004096,21,0.000168,0.009276,7.680373191833496
BenchmarkTest01181.java,0,CWE-79,CWE-79,1,0,1,0,0,0,1,0,0,0,2469,0.004938,384,0.003072,22,0.000176,0.008186,7.238197565078735
BenchmarkTest01182.java,0,CWE-78,CWE-78,1,1,0,1,0,0,0,0,1,0,2193,0.004386,320,0.00256,21,0.000168,0.0071140000000000005,7.5328052043914795
BenchmarkTest01183.java,0,CWE-330,CWE-330,1,0,1,0,0,0,1,0,0,0,2491,0.004982,128,0.001024,22,0.000176,0.006182,5.264807224273682
BenchmarkTest01184.java,0,CWE-330,CWE-330,1,0,1,0,0,0,1,0,0,0,2403,0.004806,192,0.001536,22,0.000176,0.006518,5.809942007064819
BenchmarkTest01185.java,0,CWE-614,CWE-614,1,0,1,0,0,0,1,0,0,0,2222,0.004444,192,0.001536,22,0.000176,0.006156,4.709228277206421
BenchmarkTest01186.java,0,CWE-614,CWE-614,1,0,1,0,0,0,1,0,0,0,2167,0.004334,192,0.001536,22,0.000176,0.006046,4.191144704818726
BenchmarkTest01187.java,0,CWE-614,CWE-614,1,0,1,0,0,0,1,0,0,0,2168,0.004336,192,0.001536,22,0.000176,0.0060479999999999996,4.650516033172607
BenchmarkTest01188.java,0,CWE-79,CWE-79,1,1,0,1,0,0,0,0,1,0,2439,0.004878,384,0.003072,21,0.000168,0.008118,7.122286796569824
BenchmarkTest01189.java,0,CWE-78,CWE-78,1,1,0,1,0,0,0,0,1,0,2228,0.004456,256,0.002048,21,0.000168,0.006671999999999999,5.332223415374756
BenchmarkTest01190.java,0,CWE-78,CWE-78,1,0,1,0,0,0,1,0,0,0,2067,0.004134,960,0.00768,22,0.000176,0.01199,18.272329330444336
BenchmarkTest01191.java,0,CWE-78,CWE-78,1,0,1,0,0,0,1,0,0,0,2064,0.004128,1088,0.008704,22,0.000176,0.013008,15.809937477111816
BenchmarkTest01192.java,0,CWE-78,CWE-78,1,0,1,0,0,0,1,0,0,0,2069,0.004138,640,0.00512,22,0.000176,0.009434000000000001,10.010092496871948
BenchmarkTest01193.java,0,CWE-78,CWE-78,1,1,0,1,0,0,0,0,1,0,2241,0.004482,512,0.004096,21,0.000168,0.008745999999999999,8.372023582458496
BenchmarkTest01194.java,0,CWE-78,CWE-78,1,0,1,0,0,0,1,0,0,0,2196,0.004392,448,0.003584,22,0.000176,0.008152000000000001,7.097877740859985
BenchmarkTest01195.java,0,CWE-330,,,,0,0,1,0,0,0,1,0,,,,,,,,
BenchmarkTest01196.java,0,CWE-330,CWE-330,1,1,0,1,0,0,0,0,1,0,2483,0.004966,704,0.005632,21,0.000168,0.010766,7.756808519363403
BenchmarkTest01197.java,0,CWE-330,,,,0,0,1,0,0,0,1,0,,,,,,,,
BenchmarkTest01198.java,0,CWE-330,,,,0,0,1,0,0,0,1,0,,,,,,,,
BenchmarkTest01199.java,0,CWE-330,,,,0,0,1,0,0,0,1,0,,,,,,,,
BenchmarkTest01200.java,0,CWE-330,,,,0,0,1,0,0,0,1,0,,,,,,,,
BenchmarkTest01201.java,0,CWE-330,,,,0,0,1,0,0,0,1,0,,,,,,,,
BenchmarkTest01202.java,0,CWE-330,,,,0,0,1,0,0,0,1,0,,,,,,,,
BenchmarkTest01208.java,0,CWE-89,CWE-89,1,0,1,0,0,0,1,0,0,0,2098,0.004196,192,0.001536,22,0.000176,0.005908,3.643171787261963
BenchmarkTest01209.java,0,CWE-89,CWE-89,1,0,1,0,0,0,1,0,0,0,2117,0.004234,128,0.001024,22,0.000176,0.005434,3.487825632095337
BenchmarkTest01210.java,0,CWE-89,CWE-89,1,0,1,0,0,0,1,0,0,0,2151,0.004302,128,0.001024,22,0.000176,0.005502,3.2617340087890625
BenchmarkTest01211.java,0,CWE-89,CWE-89,1,0,1,0,0,0,1,0,0,0,2080,0.00416,128,0.001024,22,0.000176,0.005359999999999999,2.693328380584717
BenchmarkTest01212.java,0,CWE-89,CWE-89,1,1,0,1,0,0,0,0,1,0,2126,0.004252,512,0.004096,21,0.000168,0.008516,7.11577033996582
BenchmarkTest01213.java,0,CWE-89,CWE-89,1,1,0,1,0,0,0,0,1,0,2091,0.004182,320,0.00256,21,0.000168,0.0069099999999999995,4.658388376235962
BenchmarkTest01214.java,0,CWE-89,CWE-89,1,0,1,0,0,0,1,0,0,0,2128,0.004256,256,0.002048,22,0.000176,0.0064800000000000005,3.577622175216675
BenchmarkTest01215.java,0,CWE-89,,,,0,0,1,0,0,0,1,0,,,,,,,,
BenchmarkTest01216.java,0,CWE-89,CWE-89,1,1,0,1,0,0,0,0,1,0,2102,0.004204,576,0.004608,21,0.000168,0.00898,8.880500793457031
BenchmarkTest01217.java,0,CWE-89,CWE-89,1,1,0,1,0,0,0,0,1,0,2269,0.004538,704,0.005632,21,0.000168,0.010338,9.36913800239563
BenchmarkTest01218.java,0,CWE-89,CWE-89,1,1,0,1,0,0,0,0,1,0,2071,0.004142,256,0.002048,21,0.000168,0.006357999999999999,3.330610513687134
BenchmarkTest01219.java,0,CWE-89,CWE-89,1,1,0,1,0,0,0,0,1,0,2132,0.004264,256,0.002048,21,0.000168,0.00648,3.1662557125091553
BenchmarkTest01220.java,0,CWE-89,CWE-89,1,1,0,1,0,0,0,0,1,0,2059,0.004118,320,0.00256,21,0.000168,0.006846,4.488977909088135
BenchmarkTest01221.java,0,CWE-89,CWE-89,1,0,1,0,0,0,1,0,0,0,2082,0.004164,512,0.004096,22,0.000176,0.008436,6.86821722984314
BenchmarkTest01222.java,0,CWE-89,CWE-89,1,0,1,0,0,0,1,0,0,0,2122,0.004244,192,0.001536,22,0.000176,0.005956,3.680967092514038
BenchmarkTest01223.java,0,CWE-643,CWE-643,1,0,1,0,0,0,1,0,0,0,2275,0.00455,256,0.002048,22,0.000176,0.006774,4.150503873825073
BenchmarkTest01224.java,0,CWE-643,CWE-643,1,0,1,0,0,0,1,0,0,0,2157,0.004314,192,0.001536,22,0.000176,0.006026,3.705105781555176
BenchmarkTest01225.java,0,CWE-643,CWE-643,1,1,0,1,0,0,0,0,1,0,2125,0.00425,256,0.002048,21,0.000168,0.0064659999999999995,3.76664137840271
BenchmarkTest01226.java,0,CWE-327,,,,0,0,1,0,0,0,1,0,,,,,,,,
BenchmarkTest01227.java,0,CWE-327,,,,0,0,1,0,0,0,1,0,,,,,,,,
BenchmarkTest01228.java,0,CWE-327,CWE-327,1,0,1,0,0,0,1,0,0,0,2365,0.00473,64,0.000512,22,0.000176,0.005418,2.4680752754211426
BenchmarkTest01229.java,0,CWE-327,CWE-327,1,0,1,0,0,0,1,0,0,0,2397,0.004794,128,0.001024,22,0.000176,0.005993999999999999,2.737051248550415
BenchmarkTest01230.java,0,CWE-327,CWE-327,1,0,1,0,0,0,1,0,0,0,2371,0.004742,192,0.001536,22,0.000176,0.006454,3.4995007514953613
BenchmarkTest01231.java,0,CWE-22,CWE-23,0,0,1,0,0,0,1,0,0,0,2393,0.004786,256,0.002048,22,0.000176,0.00701,4.660350561141968
BenchmarkTest01232.java,0,CWE-22,CWE-23,0,0,1,0,0,0,1,0,0,0,2334,0.004668,384,0.003072,22,0.000176,0.007916000000000001,5.02227520942688
BenchmarkTest01233.java,0,CWE-22,CWE-23,0,1,0,1,0,0,0,0,1,0,2393,0.004786,256,0.002048,21,0.000168,0.0070019999999999995,5.0614542961120605
BenchmarkTest01234.java,0,CWE-22,CWE-23,0,0,1,0,0,0,1,0,0,0,2328,0.004656,384,0.003072,22,0.000176,0.007904000000000001,5.607943534851074
BenchmarkTest01235.java,0,CWE-22,CWE-23,0,0,1,0,0,0,1,0,0,0,2516,0.005032,640,0.00512,22,0.000176,0.010328000000000002,12.871834993362427
BenchmarkTest01236.java,0,CWE-22,CWE-23,0,0,1,0,0,0,1,0,0,0,2457,0.004914,448,0.003584,22,0.000176,0.008674000000000001,7.574230194091797
BenchmarkTest01237.java,0,CWE-22,CWE-23,0,1,0,1,0,0,0,0,1,0,2466,0.004932,256,0.002048,21,0.000168,0.007148,3.9076714515686035
BenchmarkTest01238.java,0,CWE-22,CWE-23,0,0,1,0,0,0,1,0,0,0,2403,0.004806,256,0.002048,22,0.000176,0.007030000000000001,3.9290292263031006
BenchmarkTest01239.java,0,CWE-22,CWE-23,0,1,0,1,0,0,0,0,1,0,2366,0.004732,384,0.003072,21,0.000168,0.007972,5.3876953125
BenchmarkTest01240.java,0,CWE-22,CWE-23,0,1,0,1,0,0,0,0,1,0,2406,0.004812,448,0.003584,21,0.000168,0.008564,8.10215449333191
BenchmarkTest01241.java,0,CWE-90,CWE-90,1,0,1,0,0,0,1,0,0,0,2357,0.004714,192,0.001536,22,0.000176,0.006426,3.287468433380127
BenchmarkTest01242.java,0,CWE-90,CWE-90,1,0,1,0,0,0,1,0,0,0,2333,0.004666,384,0.003072,22,0.000176,0.007914000000000001,6.135156869888306
BenchmarkTest01243.java,0,CWE-90,CWE-90,1,0,1,0,0,0,1,0,0,0,2313,0.004626,192,0.001536,22,0.000176,0.006338,3.2141642570495605
BenchmarkTest01244.java,0,CWE-328,CWE-916,0,0,1,0,0,0,1,0,0,0,2411,0.004822,256,0.002048,22,0.000176,0.007045999999999999,4.355145454406738
BenchmarkTest01245.java,0,CWE-328,,,,0,0,1,0,0,0,1,0,,,,,,,,
BenchmarkTest01246.java,0,CWE-328,CWE-916,0,0,1,0,0,0,1,0,0,0,2446,0.004892,128,0.001024,22,0.000176,0.006091999999999999,2.503171682357788
BenchmarkTest01247.java,0,CWE-328,CWE-916,0,0,1,0,0,0,1,0,0,0,2325,0.00465,64,0.000512,22,0.000176,0.005338,1.945035696029663
BenchmarkTest01248.java,0,CWE-328,,,,0,0,0,1,0,0,0,1,,,,,,,,
BenchmarkTest01249.java,0,CWE-328,,,,0,0,1,0,0,0,1,0,,,,,,,,
BenchmarkTest01250.java,0,CWE-328,,,,0,0,1,0,0,0,1,0,,,,,,,,
BenchmarkTest01251.java,0,CWE-79,CWE-79,1,1,0,1,0,0,0,0,1,0,2464,0.004928,384,0.003072,21,0.000168,0.008168,5.7020251750946045
BenchmarkTest01252.java,0,CWE-79,CWE-79,1,1,0,1,0,0,0,0,1,0,2492,0.004984,384,0.003072,21,0.000168,0.008224,5.644247770309448
BenchmarkTest01253.java,0,CWE-79,CWE-79,1,0,1,0,0,0,1,0,0,0,2482,0.004964,384,0.003072,22,0.000176,0.008212,5.683623552322388
BenchmarkTest01254.java,0,CWE-79,CWE-79,1,0,1,0,0,0,1,0,0,0,2607,0.005214,512,0.004096,22,0.000176,0.009486,6.5490992069244385
BenchmarkTest01255.java,0,CWE-79,CWE-79,1,1,0,1,0,0,0,0,1,0,2401,0.004802,384,0.003072,21,0.000168,0.008041999999999999,4.885965824127197
BenchmarkTest01256.java,0,CWE-79,CWE-79,1,1,0,1,0,0,0,0,1,0,2472,0.004944,320,0.00256,21,0.000168,0.007672,6.630390882492065
BenchmarkTest01257.java,0,CWE-79,CWE-79,1,0,1,0,0,0,1,0,0,0,2410,0.00482,320,0.00256,22,0.000176,0.007555999999999999,4.337011337280273
BenchmarkTest01258.java,0,CWE-79,CWE-79,1,0,1,0,0,0,1,0,0,0,2456,0.004912,192,0.001536,22,0.000176,0.006624,3.1910111904144287
BenchmarkTest01259.java,0,CWE-79,CWE-79,1,0,1,0,0,0,1,0,0,0,2492,0.004984,256,0.002048,22,0.000176,0.007208,4.1862757205963135
BenchmarkTest01260.java,0,CWE-79,CWE-79,1,0,1,0,0,0,1,0,0,0,2424,0.004848,384,0.003072,22,0.000176,0.008096,6.211355686187744
BenchmarkTest01261.java,0,CWE-79,CWE-79,1,0,1,0,0,0,1,0,0,0,2607,0.005214,1024,0.008192,22,0.000176,0.013582,9.692186117172241
BenchmarkTest01262.java,0,CWE-79,CWE-79,1,0,1,0,0,0,1,0,0,0,2421,0.004842,256,0.002048,22,0.000176,0.007066,3.39155912399292
BenchmarkTest01263.java,0,CWE-79,CWE-79,1,0,1,0,0,0,1,0,0,0,2479,0.004958,256,0.002048,22,0.000176,0.007182,3.980609655380249
BenchmarkTest01264.java,0,CWE-79,CWE-79,1,1,0,1,0,0,0,0,1,0,2396,0.004792,256,0.002048,21,0.000168,0.007008,3.1952567100524902
BenchmarkTest01265.java,0,CWE-79,CWE-79,1,1,0,1,0,0,0,0,1,0,2450,0.0049,320,0.00256,21,0.000168,0.007627999999999999,4.828212738037109
BenchmarkTest01266.java,0,CWE-79,CWE-79,1,0,1,0,0,0,1,0,0,0,2429,0.004858,192,0.001536,22,0.000176,0.00657,3.489699363708496
BenchmarkTest01267.java,0,CWE-79,CWE-79,1,0,1,0,0,0,1,0,0,0,2469,0.004938,256,0.002048,22,0.000176,0.007161999999999999,4.525944232940674
BenchmarkTest01268.java,0,CWE-79,CWE-79,1,0,1,0,0,0,1,0,0,0,2632,0.005264,832,0.006656,22,0.000176,0.012096,15.407146692276001
BenchmarkTest01269.java,0,CWE-78,CWE-78,1,1,0,1,0,0,0,0,1,0,2123,0.004246,320,0.00256,21,0.000168,0.006973999999999999,4.3491270542144775
BenchmarkTest01270.java,0,CWE-78,CWE-78,1,0,1,0,0,0,1,0,0,0,2116,0.004232,448,0.003584,22,0.000176,0.007992,6.052852153778076
BenchmarkTest01271.java,0,CWE-330,CWE-330,1,0,1,0,0,0,1,0,0,0,2593,0.005186,256,0.002048,22,0.000176,0.007409999999999999,5.043320417404175
BenchmarkTest01272.java,0,CWE-330,CWE-330,1,0,1,0,0,0,1,0,0,0,2352,0.004704,128,0.001024,22,0.000176,0.0059039999999999995,2.5438737869262695
BenchmarkTest01273.java,0,CWE-330,CWE-330,1,0,1,0,0,0,1,0,0,0,2375,0.00475,256,0.002048,22,0.000176,0.006974,4.545535326004028
BenchmarkTest01274.java,0,CWE-330,CWE-330,1,0,1,0,0,0,1,0,0,0,2340,0.00468,128,0.001024,22,0.000176,0.00588,3.4228994846343994
BenchmarkTest01275.java,0,CWE-330,CWE-330,1,0,1,0,0,0,1,0,0,0,2363,0.004726,128,0.001024,22,0.000176,0.005926,3.3218092918395996
BenchmarkTest01276.java,0,CWE-330,CWE-330,1,0,1,0,0,0,1,0,0,0,2555,0.00511,128,0.001024,22,0.000176,0.00631,2.588730573654175
BenchmarkTest01277.java,0,CWE-330,CWE-330,1,0,1,0,0,0,1,0,0,0,2365,0.00473,128,0.001024,22,0.000176,0.0059299999999999995,3.0772032737731934
BenchmarkTest01278.java,0,CWE-330,CWE-330,1,0,1,0,0,0,1,0,0,0,2366,0.004732,320,0.00256,22,0.000176,0.007468,4.705012798309326
BenchmarkTest01279.java,0,CWE-330,CWE-330,1,0,1,0,0,0,1,0,0,0,2373,0.004746,192,0.001536,22,0.000176,0.006458,4.01715350151062
BenchmarkTest01280.java,0,CWE-614,CWE-614,1,0,1,0,0,0,1,0,0,0,2165,0.00433,256,0.002048,22,0.000176,0.006554,4.0379297733306885
BenchmarkTest01281.java,0,CWE-614,CWE-614,1,0,1,0,0,0,1,0,0,0,2136,0.004272,64,0.000512,22,0.000176,0.00496,2.4334170818328857
BenchmarkTest01282.java,0,CWE-614,CWE-614,1,0,1,0,0,0,1,0,0,0,2157,0.004314,192,0.001536,22,0.000176,0.006026,3.8250341415405273
BenchmarkTest01283.java,0,CWE-614,CWE-614,1,0,1,0,0,0,1,0,0,0,2155,0.00431,256,0.002048,22,0.000176,0.006533999999999999,5.976924419403076
BenchmarkTest01284.java,0,CWE-79,CWE-79,1,0,1,0,0,0,1,0,0,0,2456,0.004912,320,0.00256,22,0.000176,0.007647999999999999,8.116642236709595
BenchmarkTest01285.java,0,CWE-78,CWE-78,1,0,1,0,0,0,1,0,0,0,2119,0.004238,192,0.001536,22,0.000176,0.0059499999999999996,4.663397550582886
BenchmarkTest01286.java,0,CWE-78,CWE-78,1,0,1,0,0,0,1,0,0,0,2224,0.004448,640,0.00512,22,0.000176,0.009744000000000001,9.204535484313965
BenchmarkTest01287.java,0,CWE-78,CWE-78,1,0,1,0,0,0,1,0,0,0,2041,0.004082,704,0.005632,22,0.000176,0.009890000000000001,10.232507467269897
BenchmarkTest01288.java,0,CWE-78,CWE-78,1,0,1,0,0,0,1,0,0,0,2092,0.004184,896,0.007168,22,0.000176,0.011528000000000002,12.225525617599487
BenchmarkTest01289.java,0,CWE-78,CWE-78,1,1,0,1,0,0,0,0,1,0,2134,0.004268,512,0.004096,21,0.000168,0.008532,7.866765737533569
BenchmarkTest01290.java,0,CWE-78,CWE-78,1,1,0,1,0,0,0,0,1,0,2022,0.004044,256,0.002048,21,0.000168,0.00626,6.0269482135772705
BenchmarkTest01291.java,0,CWE-330,,,,0,0,1,0,0,0,1,0,,,,,,,,
BenchmarkTest01292.java,0,CWE-330,,,,0,0,1,0,0,0,1,0,,,,,,,,
BenchmarkTest01293.java,0,CWE-330,,,,0,0,1,0,0,0,1,0,,,,,,,,
BenchmarkTest01294.java,0,CWE-330,,,,0,0,1,0,0,0,1,0,,,,,,,,
BenchmarkTest01295.java,0,CWE-330,,,,0,0,1,0,0,0,1,0,,,,,,,,
BenchmarkTest01296.java,0,CWE-330,,,,0,0,1,0,0,0,1,0,,,,,,,,
BenchmarkTest01297.java,0,CWE-330,,,,0,0,1,0,0,0,1,0,,,,,,,,
BenchmarkTest01298.java,0,CWE-330,,,,0,0,1,0,0,0,1,0,,,,,,,,
BenchmarkTest01301.java,0,CWE-89,CWE-89,1,1,0,1,0,0,0,0,1,0,2255,0.00451,832,0.006656,21,0.000168,0.011333999999999999,12.765260219573975
BenchmarkTest01302.java,0,CWE-89,CWE-89,1,0,1,0,0,0,1,0,0,0,2082,0.004164,192,0.001536,22,0.000176,0.005876,4.549902439117432
BenchmarkTest01303.java,0,CWE-89,CWE-89,1,1,0,1,0,0,0,0,1,0,2084,0.004168,384,0.003072,21,0.000168,0.007408,6.827960968017578
BenchmarkTest01304.java,0,CWE-89,CWE-89,1,0,1,0,0,0,1,0,0,0,2106,0.004212,128,0.001024,22,0.000176,0.005411999999999999,4.5298521518707275
BenchmarkTest01305.java,0,CWE-89,CWE-89,1,1,0,1,0,0,0,0,1,0,2054,0.004108,320,0.00256,21,0.000168,0.006836,6.340587615966797
BenchmarkTest01306.java,0,CWE-89,CWE-89,1,0,1,0,0,0,1,0,0,0,2064,0.004128,256,0.002048,22,0.000176,0.006351999999999999,6.162835121154785
BenchmarkTest01307.java,0,CWE-89,CWE-89,1,1,0,1,0,0,0,0,1,0,2054,0.004108,192,0.001536,21,0.000168,0.0058119999999999995,5.164106845855713
BenchmarkTest01308.java,0,CWE-89,,,,0,0,0,1,0,0,0,1,,,,,,,,
BenchmarkTest01309.java,0,CWE-89,,,,0,0,1,0,0,0,1,0,,,,,,,,
BenchmarkTest01310.java,0,CWE-89,CWE-89,1,1,0,1,0,0,0,0,1,0,2054,0.004108,320,0.00256,21,0.000168,0.006836,7.251972675323486
BenchmarkTest01311.java,0,CWE-89,CWE-89,1,0,1,0,0,0,1,0,0,0,2020,0.00404,128,0.001024,22,0.000176,0.00524,4.794670581817627
BenchmarkTest01312.java,0,CWE-89,CWE-89,1,0,1,0,0,0,1,0,0,0,2110,0.00422,256,0.002048,22,0.000176,0.006443999999999999,4.460300445556641
BenchmarkTest01313.java,0,CWE-89,CWE-89,1,0,1,0,0,0,1,0,0,0,2054,0.004108,192,0.001536,22,0.000176,0.00582,4.966179609298706
BenchmarkTest01314.java,0,CWE-89,CWE-89,1,0,1,0,0,0,1,0,0,0,2024,0.004048,192,0.001536,22,0.000176,0.00576,5.954135417938232
BenchmarkTest01315.java,0,CWE-89,CWE-89,1,1,0,1,0,0,0,0,1,0,2031,0.004062,128,0.001024,21,0.000168,0.005253999999999999,3.585359573364258
BenchmarkTest01316.java,0,CWE-643,CWE-643,1,0,1,0,0,0,1,0,0,0,2090,0.00418,192,0.001536,22,0.000176,0.005892,4.052729606628418
BenchmarkTest01317.java,0,CWE-327,CWE-327,1,0,1,0,0,0,1,0,0,0,2757,0.005514,128,0.001024,22,0.000176,0.0067139999999999995,3.652085781097412
BenchmarkTest01318.java,0,CWE-327,CWE-327,1,0,1,0,0,0,1,0,0,0,2928,0.005856,64,0.000512,22,0.000176,0.006544,2.759580373764038
BenchmarkTest01319.java,0,CWE-327,,,,0,0,1,0,0,0,1,0,,,,,,,,
BenchmarkTest01320.java,0,CWE-327,CWE-327,1,0,1,0,0,0,1,0,0,0,2799,0.005598,128,0.001024,22,0.000176,0.006797999999999999,3.166555643081665
BenchmarkTest01321.java,0,CWE-327,,,,0,0,1,0,0,0,1,0,,,,,,,,
BenchmarkTest01322.java,0,CWE-327,CWE-327,1,0,1,0,0,0,1,0,0,0,2398,0.004796,64,0.000512,22,0.000176,0.005484,2.5250468254089355
BenchmarkTest01323.java,0,CWE-327,CWE-327,1,0,1,0,0,0,1,0,0,0,2488,0.004976,64,0.000512,22,0.000176,0.005664000000000001,3.339341402053833
BenchmarkTest01324.java,0,CWE-327,,,,0,0,1,0,0,0,1,0,,,,,,,,
BenchmarkTest01325.java,0,CWE-327,CWE-327,1,0,1,0,0,0,1,0,0,0,2508,0.005016,128,0.001024,22,0.000176,0.006215999999999999,2.624741315841675
BenchmarkTest01326.java,0,CWE-90,CWE-90,1,0,1,0,0,0,1,0,0,0,2363,0.004726,320,0.00256,22,0.000176,0.007462000000000001,5.772702693939209
BenchmarkTest01327.java,0,CWE-90,CWE-90,1,1,0,1,0,0,0,0,1,0,2418,0.004836,320,0.00256,21,0.000168,0.0075639999999999995,4.369316101074219
BenchmarkTest01328.java,0,CWE-22,CWE-23,0,1,0,1,0,0,0,0,1,0,2698,0.005396,704,0.005632,21,0.000168,0.011196,8.186337947845459
BenchmarkTest01329.java,0,CWE-22,CWE-23,0,0,1,0,0,0,1,0,0,0,2539,0.005078,704,0.005632,22,0.000176,0.010886000000000002,8.9689462184906
BenchmarkTest01330.java,0,CWE-22,CWE-23,0,0,1,0,0,0,1,0,0,0,2404,0.004808,256,0.002048,22,0.000176,0.007031999999999999,4.627883672714233
BenchmarkTest01331.java,0,CWE-22,CWE-23,0,1,0,1,0,0,0,0,1,0,2434,0.004868,384,0.003072,21,0.000168,0.008107999999999999,5.939672231674194
BenchmarkTest01332.java,0,CWE-328,,,,0,0,1,0,0,0,1,0,,,,,,,,
BenchmarkTest01333.java,0,CWE-328,CWE-916,0,0,1,0,0,0,1,0,0,0,2335,0.00467,64,0.000512,22,0.000176,0.005358,1.8575189113616943
BenchmarkTest01334.java,0,CWE-328,CWE-916,0,0,1,0,0,0,1,0,0,0,2385,0.00477,64,0.000512,22,0.000176,0.005458,2.003779172897339
BenchmarkTest01335.java,0,CWE-79,CWE-79,1,0,1,0,0,0,1,0,0,0,2571,0.005142,192,0.001536,22,0.000176,0.006854,3.2794349193573
BenchmarkTest01336.java,0,CWE-79,CWE-79,1,1,0,1,0,0,0,0,1,0,2466,0.004932,512,0.004096,21,0.000168,0.009196,6.6237030029296875
BenchmarkTest01337.java,0,CWE-79,CWE-79,1,0,1,0,0,0,1,0,0,0,2453,0.004906,512,0.004096,22,0.000176,0.009178,8.264723062515259
BenchmarkTest01338.java,0,CWE-79,CWE-79,1,1,0,1,0,0,0,0,1,0,2492,0.004984,320,0.00256,21,0.000168,0.007712,4.5752272605896
BenchmarkTest01339.java,0,CWE-79,CWE-79,1,1,0,1,0,0,0,0,1,0,2428,0.004856,896,0.007168,22,0.000176,0.0122,11.490934133529663
BenchmarkTest01340.java,0,CWE-79,CWE-79,1,1,0,1,0,0,0,0,1,0,2517,0.005034,128,0.001024,21,0.000168,0.006226,2.5179524421691895
BenchmarkTest01341.java,0,CWE-79,CWE-79,1,1,0,1,0,0,0,0,1,0,2693,0.005386,512,0.004096,21,0.000168,0.00965,7.467339515686035
BenchmarkTest01342.java,0,CWE-79,CWE-79,1,1,0,1,0,0,0,0,1,0,2452,0.004904,448,0.003584,21,0.000168,0.008656,9.600637435913086
BenchmarkTest01343.java,0,CWE-79,CWE-79,1,1,0,1,0,0,0,0,1,0,2502,0.005004,320,0.00256,21,0.000168,0.007731999999999999,4.937246322631836
BenchmarkTest01344.java,0,CWE-79,CWE-79,1,1,0,1,0,0,0,0,1,0,2525,0.00505,384,0.003072,21,0.000168,0.00829,6.38080620765686
BenchmarkTest01345.java,0,CWE-79,CWE-79,1,1,0,1,0,0,0,0,1,0,2452,0.004904,320,0.00256,21,0.000168,0.007632,4.662551164627075
BenchmarkTest01346.java,0,CWE-79,CWE-79,1,0,1,0,0,0,1,0,0,0,2512,0.005024,192,0.001536,22,0.000176,0.006736,3.4888923168182373
BenchmarkTest01347.java,0,CWE-79,CWE-79,1,0,1,0,0,0,1,0,0,0,2637,0.005274,704,0.005632,22,0.000176,0.011082,11.61972951889038
BenchmarkTest01348.java,0,CWE-79,CWE-79,1,1,0,1,0,0,0,0,1,0,2425,0.00485,192,0.001536,21,0.000168,0.006554,2.9420602321624756
BenchmarkTest01349.java,0,CWE-79,CWE-79,1,0,1,0,0,0,1,0,0,0,2443,0.004886,128,0.001024,22,0.000176,0.006085999999999999,2.8232779502868652
BenchmarkTest01350.java,0,CWE-79,CWE-79,1,0,1,0,0,0,1,0,0,0,2474,0.004948,384,0.003072,22,0.000176,0.008196,4.782541275024414
BenchmarkTest01351.java,0,CWE-79,CWE-79,1,1,0,1,0,0,0,0,1,0,2459,0.004918,384,0.003072,21,0.000168,0.008158,17.05798888206482
BenchmarkTest01352.java,0,CWE-79,CWE-79,1,1,0,1,0,0,0,0,1,0,2428,0.004856,256,0.002048,21,0.000168,0.007072,4.072782278060913
BenchmarkTest01353.java,0,CWE-78,CWE-78,1,1,0,1,0,0,0,0,1,0,2203,0.004406,448,0.003584,21,0.000168,0.008158,5.730791807174683
BenchmarkTest01354.java,0,CWE-330,CWE-330,1,0,1,0,0,0,1,0,0,0,2410,0.00482,192,0.001536,22,0.000176,0.006532,13.874515533447266
BenchmarkTest01355.java,0,CWE-330,CWE-330,1,0,1,0,0,0,1,0,0,0,2408,0.004816,128,0.001024,22,0.000176,0.006016,2.339409351348877
BenchmarkTest01356.java,0,CWE-330,CWE-330,1,0,1,0,0,0,1,0,0,0,2428,0.004856,128,0.001024,22,0.000176,0.006056,2.6430952548980713
BenchmarkTest01357.java,0,CWE-330,CWE-330,1,0,1,0,0,0,1,0,0,0,2418,0.004836,576,0.004608,22,0.000176,0.009620000000000002,6.468241214752197
BenchmarkTest01358.java,0,CWE-330,CWE-330,1,0,1,0,0,0,1,0,0,0,2438,0.004876,192,0.001536,22,0.000176,0.006588,4.157052040100098
BenchmarkTest01359.java,0,CWE-614,,,,0,0,1,0,0,0,1,0,,,,,,,,
BenchmarkTest01360.java,0,CWE-78,CWE-78,1,0,1,0,0,0,1,0,0,0,2183,0.004366,384,0.003072,22,0.000176,0.007614,5.086770057678223
BenchmarkTest01361.java,0,CWE-78,CWE-78,1,0,1,0,0,0,1,0,0,0,2029,0.004058,512,0.004096,22,0.000176,0.00833,8.791022777557373
BenchmarkTest01362.java,0,CWE-78,CWE-78,1,0,1,0,0,0,1,0,0,0,2298,0.004596,384,0.003072,22,0.000176,0.007844,5.4325971603393555
BenchmarkTest01363.java,0,CWE-78,CWE-78,1,0,1,0,0,0,1,0,0,0,2066,0.004132,512,0.004096,22,0.000176,0.008404,11.08843445777893
BenchmarkTest01364.java,0,CWE-78,CWE-78,1,1,0,1,0,0,0,0,1,0,2061,0.004122,448,0.003584,21,0.000168,0.007873999999999999,6.804793357849121
BenchmarkTest01365.java,0,CWE-78,CWE-78,1,1,0,1,0,0,0,0,1,0,2152,0.004304,384,0.003072,21,0.000168,0.0075439999999999995,5.804692029953003
BenchmarkTest01366.java,0,CWE-330,,,,0,0,1,0,0,0,1,0,,,,,,,,
BenchmarkTest01367.java,0,CWE-330,,,,0,0,1,0,0,0,1,0,,,,,,,,
BenchmarkTest01368.java,0,CWE-330,,,,0,0,1,0,0,0,1,0,,,,,,,,
BenchmarkTest01369.java,0,CWE-330,,,,0,0,1,0,0,0,1,0,,,,,,,,
BenchmarkTest01370.java,0,CWE-330,,,,0,0,1,0,0,0,1,0,,,,,,,,
BenchmarkTest01371.java,0,CWE-330,,,,0,0,1,0,0,0,1,0,,,,,,,,
BenchmarkTest01372.java,0,CWE-330,,,,0,0,1,0,0,0,1,0,,,,,,,,
BenchmarkTest01373.java,0,CWE-330,,,,0,0,1,0,0,0,1,0,,,,,,,,
BenchmarkTest01378.java,0,CWE-89,CWE-89,1,1,0,1,0,0,0,0,1,0,2290,0.00458,448,0.003584,21,0.000168,0.008331999999999999,5.744942903518677
BenchmarkTest01379.java,0,CWE-89,CWE-89,1,0,1,0,0,0,1,0,0,0,2131,0.004262,128,0.001024,22,0.000176,0.005462,2.5843842029571533
BenchmarkTest01380.java,0,CWE-89,CWE-89,1,1,0,1,0,0,0,0,1,0,2099,0.004198,192,0.001536,21,0.000168,0.005902,4.065300941467285
BenchmarkTest01381.java,0,CWE-89,CWE-89,1,0,1,0,0,0,1,0,0,0,2079,0.004158,192,0.001536,22,0.000176,0.00587,4.577154636383057
BenchmarkTest01382.java,0,CWE-89,CWE-89,1,0,1,0,0,0,1,0,0,0,2083,0.004166,128,0.001024,22,0.000176,0.005366,2.20632004737854
BenchmarkTest01383.java,0,CWE-89,CWE-89,1,0,1,0,0,0,1,0,0,0,2088,0.004176,64,0.000512,22,0.000176,0.004864,1.5730266571044922
BenchmarkTest01384.java,0,CWE-89,CWE-89,1,0,1,0,0,0,1,0,0,0,2082,0.004164,256,0.002048,22,0.000176,0.0063880000000000004,4.299665212631226
BenchmarkTest01385.java,0,CWE-89,CWE-89,1,1,0,1,0,0,0,0,1,0,2142,0.004284,384,0.003072,21,0.000168,0.0075239999999999994,5.119892120361328
BenchmarkTest01386.java,0,CWE-89,,,,0,0,1,0,0,0,1,0,,,,,,,,
BenchmarkTest01387.java,0,CWE-89,,,,0,0,1,0,0,0,1,0,,,,,,,,
BenchmarkTest01388.java,0,CWE-89,,,,0,0,0,1,0,0,0,1,,,,,,,,
BenchmarkTest01389.java,0,CWE-89,,,,0,0,1,0,0,0,1,0,,,,,,,,
BenchmarkTest01390.java,0,CWE-89,,,,0,0,0,1,0,0,0,1,,,,,,,,
BenchmarkTest01391.java,0,CWE-89,CWE-89,1,0,1,0,0,0,1,0,0,0,2113,0.004226,128,0.001024,22,0.000176,0.005425999999999999,2.8810439109802246
BenchmarkTest01392.java,0,CWE-89,CWE-89,1,1,0,1,0,0,0,0,1,0,2062,0.004124,256,0.002048,21,0.000168,0.00634,4.968313694000244
BenchmarkTest01393.java,0,CWE-89,CWE-89,1,1,0,1,0,0,0,0,1,0,2267,0.004534,768,0.006144,21,0.000168,0.010846,10.44852352142334
BenchmarkTest01394.java,0,CWE-89,CWE-89,1,0,1,0,0,0,1,0,0,0,2132,0.004264,128,0.001024,22,0.000176,0.005464,3.2771291732788086
BenchmarkTest01395.java,0,CWE-89,CWE-89,1,0,1,0,0,0,1,0,0,0,2062,0.004124,128,0.001024,22,0.000176,0.005324,3.4839820861816406
BenchmarkTest01396.java,0,CWE-89,CWE-89,1,0,1,0,0,0,1,0,0,0,2059,0.004118,192,0.001536,22,0.000176,0.00583,4.015937805175781
BenchmarkTest01397.java,0,CWE-643,CWE-643,1,1,0,1,0,0,0,0,1,0,2125,0.00425,512,0.004096,21,0.000168,0.008513999999999999,6.702750205993652
BenchmarkTest01398.java,0,CWE-327,CWE-327,1,0,1,0,0,0,1,0,0,0,3055,0.00611,64,0.000512,22,0.000176,0.006798,1.4909486770629883
BenchmarkTest01399.java,0,CWE-327,,,,0,0,1,0,0,0,1,0,,,,,,,,
BenchmarkTest01400.java,0,CWE-327,,,,0,0,1,0,0,0,1,0,,,,,,,,
BenchmarkTest01401.java,0,CWE-327,,,,0,0,1,0,0,0,1,0,,,,,,,,
BenchmarkTest01402.java,0,CWE-90,CWE-90,1,1,0,1,0,0,0,0,1,0,2411,0.004822,512,0.004096,21,0.000168,0.009085999999999999,6.819811105728149
BenchmarkTest01403.java,0,CWE-22,CWE-23,0,0,1,0,0,0,1,0,0,0,2434,0.004868,512,0.004096,22,0.000176,0.00914,4.999453783035278
BenchmarkTest01404.java,0,CWE-22,CWE-23,0,1,0,1,0,0,0,0,1,0,2629,0.005258,1024,0.008192,21,0.000168,0.013618,9.718320846557617
BenchmarkTest01405.java,0,CWE-22,CWE-23,0,0,1,0,0,0,1,0,0,0,2554,0.005108,448,0.003584,22,0.000176,0.008868000000000001,7.556129693984985
BenchmarkTest01406.java,0,CWE-22,CWE-23,0,1,0,1,0,0,0,0,1,0,2573,0.005146,512,0.004096,21,0.000168,0.00941,8.913188457489014
BenchmarkTest01407.java,0,CWE-22,CWE-23,0,1,0,1,0,0,0,0,1,0,2434,0.004868,384,0.003072,21,0.000168,0.008107999999999999,6.718803644180298
BenchmarkTest01408.java,0,CWE-22,CWE-23,0,0,1,0,0,0,1,0,0,0,2462,0.004924,320,0.00256,22,0.000176,0.007660000000000001,5.0427186489105225
BenchmarkTest01409.java,0,CWE-22,CWE-23,0,1,0,1,0,0,0,0,1,0,2655,0.00531,256,0.002048,21,0.000168,0.007526,4.419777870178223
BenchmarkTest01410.java,0,CWE-328,,,,0,0,1,0,0,0,1,0,,,,,,,,
BenchmarkTest01411.java,0,CWE-328,CWE-916,0,0,1,0,0,0,1,0,0,0,2489,0.004978,64,0.000512,22,0.000176,0.005666,2.470670461654663
BenchmarkTest01412.java,0,CWE-328,,,,0,0,1,0,0,0,1,0,,,,,,,,
BenchmarkTest01413.java,0,CWE-328,,,,0,0,1,0,0,0,1,0,,,,,,,,
BenchmarkTest01414.java,0,CWE-328,,,,0,0,0,1,0,0,0,1,,,,,,,,
BenchmarkTest01415.java,0,CWE-328,,,,0,0,0,1,0,0,0,1,,,,,,,,
BenchmarkTest01416.java,0,CWE-328,,,,0,0,0,1,0,0,0,1,,,,,,,,
BenchmarkTest01417.java,0,CWE-79,CWE-79,1,0,1,0,0,0,1,0,0,0,2555,0.00511,256,0.002048,22,0.000176,0.007333999999999999,4.510583400726318
BenchmarkTest01418.java,0,CWE-79,CWE-79,1,0,1,0,0,0,1,0,0,0,2552,0.005104,512,0.004096,22,0.000176,0.009376,6.884562253952026
BenchmarkTest01419.java,0,CWE-79,CWE-79,1,1,0,1,0,0,0,0,1,0,2546,0.005092,448,0.003584,21,0.000168,0.008844,5.433181285858154
BenchmarkTest01420.java,0,CWE-79,CWE-79,1,1,0,1,0,0,0,0,1,0,2500,0.005,640,0.00512,21,0.000168,0.010288,9.406364917755127
BenchmarkTest01421.java,0,CWE-79,CWE-79,1,1,0,1,0,0,0,0,1,0,2546,0.005092,320,0.00256,21,0.000168,0.00782,4.149907350540161
BenchmarkTest01422.java,0,CWE-79,CWE-79,1,1,0,1,0,0,0,0,1,0,2607,0.005214,640,0.00512,21,0.000168,0.010502,9.145991802215576
BenchmarkTest01423.java,0,CWE-79,CWE-79,1,0,1,0,0,0,1,0,0,0,2507,0.005014,384,0.003072,22,0.000176,0.008262,3.966715097427368
BenchmarkTest01424.java,0,CWE-79,CWE-79,1,0,1,0,0,0,1,0,0,0,2535,0.00507,704,0.005632,22,0.000176,0.010878,8.943593740463257
BenchmarkTest01425.java,0,CWE-79,CWE-79,1,1,0,1,0,0,0,0,1,0,2569,0.005138,384,0.003072,21,0.000168,0.008378,7.791616916656494
BenchmarkTest01426.java,0,CWE-79,CWE-79,1,0,1,0,0,0,1,0,0,0,2576,0.005152,384,0.003072,22,0.000176,0.008400000000000001,6.561249494552612
BenchmarkTest01427.java,0,CWE-79,CWE-79,1,0,1,0,0,0,1,0,0,0,2484,0.004968,384,0.003072,23,0.000184,0.008224,6.498098134994507
BenchmarkTest01428.java,0,CWE-79,CWE-79,1,0,1,0,0,0,1,0,0,0,2490,0.00498,384,0.003072,22,0.000176,0.008228000000000001,6.4611451625823975
BenchmarkTest01429.java,0,CWE-79,CWE-79,1,0,1,0,0,0,1,0,0,0,2579,0.005158,512,0.004096,22,0.000176,0.009430000000000001,9.240442752838135
BenchmarkTest01430.java,0,CWE-78,CWE-78,1,0,1,0,0,0,1,0,0,0,2237,0.004474,576,0.004608,22,0.000176,0.009258,10.830641508102417
BenchmarkTest01431.java,0,CWE-330,CWE-330,1,0,1,0,0,0,1,0,0,0,2454,0.004908,128,0.001024,22,0.000176,0.006108,3.0560202598571777
BenchmarkTest01432.java,0,CWE-330,CWE-330,1,0,1,0,0,0,1,0,0,0,2513,0.005026,256,0.002048,22,0.000176,0.00725,5.545188665390015
BenchmarkTest01433.java,0,CWE-330,CWE-330,1,0,1,0,0,0,1,0,0,0,2472,0.004944,192,0.001536,22,0.000176,0.006656,5.396495819091797
BenchmarkTest01434.java,0,CWE-330,CWE-330,1,0,1,0,0,0,1,0,0,0,2468,0.004936,128,0.001024,22,0.000176,0.006136,4.334537029266357
BenchmarkTest01435.java,0,CWE-330,CWE-330,1,0,1,0,0,0,1,0,0,0,2449,0.004898,256,0.002048,22,0.000176,0.007121999999999999,6.820359230041504
BenchmarkTest01436.java,0,CWE-614,,,,0,0,1,0,0,0,1,0,,,,,,,,
BenchmarkTest01437.java,0,CWE-79,CWE-79,1,0,1,0,0,0,1,0,0,0,2558,0.005116,384,0.003072,22,0.000176,0.008364000000000002,6.940465688705444
BenchmarkTest01438.java,0,CWE-79,CWE-79,1,0,1,0,0,0,1,0,0,0,2710,0.00542,896,0.007168,22,0.000176,0.012764000000000001,14.166942834854126
BenchmarkTest01439.java,0,CWE-79,CWE-79,1,1,0,1,0,0,0,0,1,0,2593,0.005186,320,0.00256,21,0.000168,0.007914,14.004217147827148
BenchmarkTest01440.java,0,CWE-78,CWE-78,1,1,0,1,0,0,0,0,1,0,2184,0.004368,448,0.003584,21,0.000168,0.00812,7.309629201889038
BenchmarkTest01441.java,0,CWE-78,CWE-78,1,0,1,0,0,0,1,0,0,0,2282,0.004564,768,0.006144,22,0.000176,0.010884000000000001,11.589155673980713
BenchmarkTest01442.java,0,CWE-78,CWE-78,1,1,1,0,0,0,0,0,0,1,2191,0.004382,1600,0.0128,21,0.000168,0.01735,28.159284830093384
BenchmarkTest01443.java,0,CWE-78,CWE-78,1,1,0,1,0,0,0,0,1,0,2198,0.004396,576,0.004608,21,0.000168,0.009172,9.623181581497192
BenchmarkTest01444.java,0,CWE-78,CWE-78,1,1,0,1,0,0,0,0,1,0,2155,0.00431,832,0.006656,21,0.000168,0.011134,12.675894975662231
BenchmarkTest01445.java,0,CWE-78,CWE-78,1,1,0,1,0,0,0,0,1,0,2188,0.004376,384,0.003072,21,0.000168,0.0076159999999999995,6.8021087646484375
BenchmarkTest01446.java,0,CWE-78,CWE-78,1,0,1,0,0,0,1,0,0,0,2224,0.004448,960,0.00768,22,0.000176,0.012304,23.67311143875122
BenchmarkTest01447.java,0,CWE-330,,,,0,0,1,0,0,0,1,0,,,,,,,,
BenchmarkTest01448.java,0,CWE-330,,,,0,0,1,0,0,0,1,0,,,,,,,,
BenchmarkTest01449.java,0,CWE-330,CWE-330,1,1,0,1,0,0,0,0,1,0,2580,0.00516,512,0.004096,21,0.000168,0.009424,10.041215419769287
BenchmarkTest01450.java,0,CWE-330,,,,0,0,1,0,0,0,1,0,,,,,,,,
BenchmarkTest01451.java,0,CWE-330,,,,0,0,1,0,0,0,1,0,,,,,,,,
BenchmarkTest01452.java,0,CWE-330,,,,0,0,1,0,0,0,1,0,,,,,,,,
BenchmarkTest01453.java,0,CWE-330,,,,0,0,1,0,0,0,1,0,,,,,,,,
BenchmarkTest01459.java,0,CWE-89,CWE-89,1,1,0,1,0,0,0,0,1,0,2168,0.004336,512,0.004096,21,0.000168,0.008599999999999998,7.103420972824097
BenchmarkTest01460.java,0,CWE-89,CWE-89,1,0,1,0,0,0,1,0,0,0,2203,0.004406,512,0.004096,22,0.000176,0.008678,7.517486095428467
BenchmarkTest01461.java,0,CWE-89,CWE-89,1,1,0,1,0,0,0,0,1,0,2218,0.004436,320,0.00256,21,0.000168,0.007164,4.251370906829834
BenchmarkTest01462.java,0,CWE-89,CWE-89,1,0,1,0,0,0,1,0,0,0,2133,0.004266,384,0.003072,22,0.000176,0.007514,6.251867055892944
BenchmarkTest01463.java,0,CWE-89,CWE-89,1,0,1,0,0,0,1,0,0,0,2164,0.004328,256,0.002048,22,0.000176,0.006552,4.027334451675415
BenchmarkTest01464.java,0,CWE-89,CWE-89,1,0,1,0,0,0,1,0,0,0,2235,0.00447,448,0.003584,22,0.000176,0.008230000000000001,5.690088987350464
BenchmarkTest01465.java,0,CWE-89,,,,0,0,0,1,0,0,0,1,,,,,,,,
BenchmarkTest01466.java,0,CWE-89,CWE-89,1,0,1,0,0,0,1,0,0,0,2343,0.004686,448,0.003584,22,0.000176,0.008446,5.458899974822998
BenchmarkTest01467.java,0,CWE-89,,,,0,0,1,0,0,0,1,0,,,,,,,,
BenchmarkTest01468.java,0,CWE-89,,,,0,0,1,0,0,0,1,0,,,,,,,,
BenchmarkTest01469.java,0,CWE-89,,,,0,0,1,0,0,0,1,0,,,,,,,,
BenchmarkTest01470.java,0,CWE-89,,,,0,0,0,1,0,0,0,1,,,,,,,,
BenchmarkTest01471.java,0,CWE-89,CWE-89,1,0,1,0,0,0,1,0,0,0,2200,0.0044,448,0.003584,22,0.000176,0.00816,5.661963939666748
BenchmarkTest01472.java,0,CWE-89,CWE-89,1,1,0,1,0,0,0,0,1,0,2332,0.004664,1216,0.009728,21,0.000168,0.01456,15.299545764923096
BenchmarkTest01473.java,0,CWE-89,CWE-89,1,0,1,0,0,0,1,0,0,0,2125,0.00425,320,0.00256,22,0.000176,0.006986,4.394465684890747
BenchmarkTest01474.java,0,CWE-89,CWE-89,1,0,1,0,0,0,1,0,0,0,2148,0.004296,384,0.003072,22,0.000176,0.007544,4.449463129043579
BenchmarkTest01475.java,0,CWE-89,CWE-89,1,0,1,0,0,0,1,0,0,0,2126,0.004252,576,0.004608,22,0.000176,0.009036,6.957156658172607
BenchmarkTest01476.java,0,CWE-89,CWE-89,1,0,1,0,0,0,1,0,0,0,2131,0.004262,320,0.00256,22,0.000176,0.006998,4.035690546035767
BenchmarkTest01477.java,0,CWE-89,CWE-89,1,0,1,0,0,0,1,0,0,0,2192,0.004384,256,0.002048,22,0.000176,0.006608,3.8300037384033203
BenchmarkTest01478.java,0,CWE-643,CWE-643,1,0,1,0,0,0,1,0,0,0,2270,0.00454,448,0.003584,22,0.000176,0.0083,5.770946264266968
BenchmarkTest01479.java,0,CWE-643,CWE-643,1,1,0,1,0,0,0,0,1,0,2281,0.004562,448,0.003584,21,0.000168,0.008314,9.504024505615234
BenchmarkTest01480.java,0,CWE-327,CWE-327,1,0,1,0,0,0,1,0,0,0,2907,0.005814,64,0.000512,22,0.000176,0.006502,2.261958122253418
BenchmarkTest01481.java,0,CWE-327,,,,0,0,1,0,0,0,1,0,,,,,,,,
BenchmarkTest01482.java,0,CWE-327,,,,0,0,1,0,0,0,1,0,,,,,,,,
BenchmarkTest01483.java,0,CWE-327,CWE-327,1,0,1,0,0,0,1,0,0,0,2814,0.005628,128,0.001024,22,0.000176,0.006828,2.210955858230591
BenchmarkTest01484.java,0,CWE-327,CWE-327,1,0,1,0,0,0,1,0,0,0,2761,0.005522,128,0.001024,22,0.000176,0.006722,2.0974626541137695
BenchmarkTest01485.java,0,CWE-327,,,,0,0,1,0,0,0,1,0,,,,,,,,
BenchmarkTest01486.java,0,CWE-327,CWE-327,1,0,1,0,0,0,1,0,0,0,2423,0.004846,64,0.000512,22,0.000176,0.005534,2.3330957889556885
BenchmarkTest01487.java,0,CWE-327,,,,0,0,1,0,0,0,1,0,,,,,,,,
BenchmarkTest01488.java,0,CWE-327,,,,0,0,1,0,0,0,1,0,,,,,,,,
BenchmarkTest01489.java,0,CWE-327,CWE-327,1,0,1,0,0,0,1,0,0,0,2408,0.004816,192,0.001536,22,0.000176,0.006528,2.9970855712890625
BenchmarkTest01490.java,0,CWE-90,,,,0,0,0,1,0,0,0,1,,,,,,,,
BenchmarkTest01491.java,0,CWE-90,,,,0,0,1,0,0,0,1,0,,,,,,,,
BenchmarkTest01492.java,0,CWE-90,,,,0,0,1,0,0,0,1,0,,,,,,,,
BenchmarkTest01493.java,0,CWE-22,,,,0,0,1,0,0,0,1,0,,,,,,,,
BenchmarkTest01494.java,0,CWE-22,,,,0,0,0,1,0,0,0,1,,,,,,,,
BenchmarkTest01495.java,0,CWE-22,,,,0,0,0,1,0,0,0,1,,,,,,,,
BenchmarkTest01496.java,0,CWE-22,,,,0,0,0,1,0,0,0,1,,,,,,,,
BenchmarkTest01497.java,0,CWE-22,,,,0,0,0,1,0,0,0,1,,,,,,,,
BenchmarkTest01498.java,0,CWE-22,,,,0,0,0,1,0,0,0,1,,,,,,,,
BenchmarkTest01499.java,0,CWE-22,,,,0,0,1,0,0,0,1,0,,,,,,,,
BenchmarkTest01500.java,0,CWE-22,,,,0,0,0,1,0,0,0,1,,,,,,,,
BenchmarkTest01501.java,0,CWE-90,,,,0,0,0,1,0,0,0,1,,,,,,,,
BenchmarkTest01502.java,0,CWE-330,CWE-330,1,0,1,0,0,0,1,0,0,0,2616,0.005232,128,0.001024,22,0.000176,0.006431999999999999,3.0381484031677246
BenchmarkTest01503.java,0,CWE-328,CWE-916,0,0,1,0,0,0,1,0,0,0,2514,0.005028,128,0.001024,22,0.000176,0.006228,2.3622941970825195
BenchmarkTest01504.java,0,CWE-328,CWE-916,0,0,1,0,0,0,1,0,0,0,2340,0.00468,192,0.001536,22,0.000176,0.006392,3.354057788848877
BenchmarkTest01505.java,0,CWE-79,,,,0,0,0,1,0,0,0,1,,,,,,,,
BenchmarkTest01506.java,0,CWE-79,,,,0,0,0,1,0,0,0,1,,,,,,,,
BenchmarkTest01507.java,0,CWE-79,,,,0,0,0,1,0,0,0,1,,,,,,,,
BenchmarkTest01508.java,0,CWE-79,,,,0,0,1,0,0,0,1,0,,,,,,,,
BenchmarkTest01509.java,0,CWE-79,,,,0,0,0,1,0,0,0,1,,,,,,,,
BenchmarkTest01510.java,0,CWE-79,,,,0,0,0,1,0,0,0,1,,,,,,,,
BenchmarkTest01511.java,0,CWE-79,,,,0,0,0,1,0,0,0,1,,,,,,,,
BenchmarkTest01512.java,0,CWE-79,,,,0,0,0,1,0,0,0,1,,,,,,,,
BenchmarkTest01513.java,0,CWE-79,,,,0,0,1,0,0,0,1,0,,,,,,,,
BenchmarkTest01514.java,0,CWE-79,,,,0,0,1,0,0,0,1,0,,,,,,,,
BenchmarkTest01515.java,0,CWE-79,,,,0,0,1,0,0,0,1,0,,,,,,,,
BenchmarkTest01516.java,0,CWE-78,,,,0,0,1,0,0,0,1,0,,,,,,,,
BenchmarkTest01517.java,0,CWE-78,,,,0,0,0,1,0,0,0,1,,,,,,,,
BenchmarkTest01518.java,0,CWE-330,CWE-330,1,0,1,0,0,0,1,0,0,0,2606,0.005212,192,0.001536,22,0.000176,0.006924,2.9319255352020264
BenchmarkTest01519.java,0,CWE-330,CWE-330,1,0,1,0,0,0,1,0,0,0,2447,0.004894,192,0.001536,22,0.000176,0.006606,3.551983594894409
BenchmarkTest01520.java,0,CWE-330,CWE-330,1,0,1,0,0,0,1,0,0,0,2461,0.004922,128,0.001024,22,0.000176,0.006122,3.018623113632202
BenchmarkTest01521.java,0,CWE-614,CWE-614,1,0,1,0,0,0,1,0,0,0,2162,0.004324,128,0.001024,22,0.000176,0.005523999999999999,2.534898042678833
BenchmarkTest01522.java,0,CWE-614,,,,0,0,1,0,0,0,1,0,,,,,,,,
BenchmarkTest01523.java,0,CWE-614,,,,0,0,1,0,0,0,1,0,,,,,,,,
BenchmarkTest01524.java,0,CWE-614,,,,0,0,1,0,0,0,1,0,,,,,,,,
BenchmarkTest01525.java,0,CWE-79,,,,0,0,0,1,0,0,0,1,,,,,,,,
BenchmarkTest01526.java,0,CWE-78,,,,0,0,1,0,0,0,1,0,,,,,,,,
BenchmarkTest01527.java,0,CWE-78,,,,0,0,1,0,0,0,1,0,,,,,,,,
BenchmarkTest01528.java,0,CWE-78,,,,0,0,1,0,0,0,1,0,,,,,,,,
BenchmarkTest01529.java,0,CWE-78,,,,0,0,1,0,0,0,1,0,,,,,,,,
BenchmarkTest01530.java,0,CWE-78,,,,0,0,1,0,0,0,1,0,,,,,,,,
BenchmarkTest01531.java,0,CWE-78,,,,0,0,0,1,0,0,0,1,,,,,,,,
BenchmarkTest01532.java,0,CWE-78,,,,0,0,1,0,0,0,1,0,,,,,,,,
BenchmarkTest01533.java,0,CWE-78,,,,0,0,0,1,0,0,0,1,,,,,,,,
BenchmarkTest01534.java,0,CWE-330,,,,0,0,1,0,0,0,1,0,,,,,,,,
BenchmarkTest01535.java,0,CWE-330,,,,0,0,1,0,0,0,1,0,,,,,,,,
BenchmarkTest01536.java,0,CWE-330,,,,0,0,1,0,0,0,1,0,,,,,,,,
BenchmarkTest01537.java,0,CWE-330,CWE-330,1,1,0,1,0,0,0,0,1,0,2561,0.005122,640,0.00512,21,0.000168,0.01041,8.019381999969482
BenchmarkTest01538.java,0,CWE-330,,,,0,0,1,0,0,0,1,0,,,,,,,,
BenchmarkTest01539.java,0,CWE-330,,,,0,0,1,0,0,0,1,0,,,,,,,,
BenchmarkTest01540.java,0,CWE-330,,,,0,0,1,0,0,0,1,0,,,,,,,,
BenchmarkTest01541.java,0,CWE-330,,,,0,0,1,0,0,0,1,0,,,,,,,,
BenchmarkTest01542.java,0,CWE-330,,,,0,0,1,0,0,0,1,0,,,,,,,,
BenchmarkTest01543.java,0,CWE-330,,,,0,0,1,0,0,0,1,0,,,,,,,,
BenchmarkTest01544.java,0,CWE-330,,,,0,0,1,0,0,0,1,0,,,,,,,,
BenchmarkTest01545.java,0,CWE-330,,,,0,0,1,0,0,0,1,0,,,,,,,,
BenchmarkTest01552.java,0,CWE-89,,,,0,0,0,1,0,0,0,1,,,,,,,,
BenchmarkTest01553.java,0,CWE-89,,,,0,0,1,0,0,0,1,0,,,,,,,,
BenchmarkTest01554.java,0,CWE-89,,,,0,0,0,1,0,0,0,1,,,,,,,,
BenchmarkTest01555.java,0,CWE-89,,,,0,0,1,0,0,0,1,0,,,,,,,,
BenchmarkTest01556.java,0,CWE-89,,,,0,0,1,0,0,0,1,0,,,,,,,,
BenchmarkTest01557.java,0,CWE-89,,,,0,0,0,1,0,0,0,1,,,,,,,,
BenchmarkTest01558.java,0,CWE-89,,,,0,0,0,1,0,0,0,1,,,,,,,,
BenchmarkTest01559.java,0,CWE-89,,,,0,0,0,1,0,0,0,1,,,,,,,,
BenchmarkTest01560.java,0,CWE-89,,,,0,0,0,1,0,0,0,1,,,,,,,,
BenchmarkTest01561.java,0,CWE-643,,,,0,0,0,1,0,0,0,1,,,,,,,,
BenchmarkTest01562.java,0,CWE-643,,,,0,0,1,0,0,0,1,0,,,,,,,,
BenchmarkTest01563.java,0,CWE-327,,,,0,0,1,0,0,0,1,0,,,,,,,,
BenchmarkTest01564.java,0,CWE-327,,,,0,0,1,0,0,0,1,0,,,,,,,,
BenchmarkTest01565.java,0,CWE-327,CWE-327,1,0,1,0,0,0,1,0,0,0,2397,0.004794,64,0.000512,22,0.000176,0.005482,2.0031590461730957
BenchmarkTest01566.java,0,CWE-327,CWE-327,1,0,1,0,0,0,1,0,0,0,2435,0.00487,192,0.001536,22,0.000176,0.006582,3.181131362915039
BenchmarkTest01567.java,0,CWE-327,,,,0,0,1,0,0,0,1,0,,,,,,,,
BenchmarkTest01568.java,0,CWE-90,CWE-90,1,0,1,0,0,0,1,0,0,0,2324,0.004648,64,0.000512,22,0.000176,0.0053360000000000005,2.0543787479400635
BenchmarkTest01569.java,0,CWE-90,CWE-90,1,1,0,1,0,0,0,0,1,0,2533,0.005066,1088,0.008704,21,0.000168,0.013938,13.570390224456787
BenchmarkTest01570.java,0,CWE-22,CWE-23,0,1,0,1,0,0,0,0,1,0,2359,0.004718,128,0.001024,21,0.000168,0.0059099999999999995,2.479623794555664
BenchmarkTest01571.java,0,CWE-22,CWE-23,0,0,1,0,0,0,1,0,0,0,2410,0.00482,384,0.003072,22,0.000176,0.008068,5.19497013092041
BenchmarkTest01572.java,0,CWE-22,CWE-23,0,0,1,0,0,0,1,0,0,0,2490,0.00498,128,0.001024,22,0.000176,0.00618,2.819852113723755
BenchmarkTest01573.java,0,CWE-22,CWE-23,0,1,0,1,0,0,0,0,1,0,2531,0.005062,448,0.003584,21,0.000168,0.008813999999999999,6.475452184677124
BenchmarkTest01574.java,0,CWE-22,CWE-23,0,1,0,1,0,0,0,0,1,0,2456,0.004912,320,0.00256,21,0.000168,0.007639999999999999,4.898398399353027
BenchmarkTest01575.java,0,CWE-330,CWE-330,1,0,1,0,0,0,1,0,0,0,2469,0.004938,64,0.000512,22,0.000176,0.005626,2.050347089767456
BenchmarkTest01576.java,0,CWE-328,,,,0,0,1,0,0,0,1,0,,,,,,,,
BenchmarkTest01577.java,0,CWE-328,CWE-916,0,0,1,0,0,0,1,0,0,0,2317,0.004634,128,0.001024,22,0.000176,0.005834,2.5357439517974854
BenchmarkTest01578.java,0,CWE-328,,,,0,0,1,0,0,0,1,0,,,,,,,,
BenchmarkTest01579.java,0,CWE-328,,,,0,0,0,1,0,0,0,1,,,,,,,,
BenchmarkTest01580.java,0,CWE-328,,,,0,0,0,1,0,0,0,1,,,,,,,,
BenchmarkTest01581.java,0,CWE-328,,,,0,0,1,0,0,0,1,0,,,,,,,,
BenchmarkTest01582.java,0,CWE-328,,,,0,0,1,0,0,0,1,0,,,,,,,,
BenchmarkTest01583.java,0,CWE-79,CWE-79,1,0,1,0,0,0,1,0,0,0,2495,0.00499,448,0.003584,22,0.000176,0.00875,6.243103742599487
BenchmarkTest01584.java,0,CWE-79,CWE-79,1,0,1,0,0,0,1,0,0,0,2455,0.00491,448,0.003584,22,0.000176,0.00867,4.624575138092041
BenchmarkTest01585.java,0,CWE-79,CWE-79,1,1,0,1,0,0,0,0,1,0,2426,0.004852,768,0.006144,21,0.000168,0.011164,9.151232242584229
BenchmarkTest01586.java,0,CWE-79,CWE-79,1,1,0,1,0,0,0,0,1,0,2417,0.004834,448,0.003584,22,0.000176,0.008594000000000001,6.004916191101074
BenchmarkTest01587.java,0,CWE-79,CWE-79,1,0,1,0,0,0,1,0,0,0,2451,0.004902,320,0.00256,22,0.000176,0.007638,4.527679920196533
BenchmarkTest01588.java,0,CWE-79,CWE-79,1,1,0,1,0,0,0,0,1,0,2457,0.004914,320,0.00256,21,0.000168,0.0076419999999999995,4.981030464172363
BenchmarkTest01589.java,0,CWE-79,CWE-79,1,0,1,0,0,0,1,0,0,0,2525,0.00505,256,0.002048,22,0.000176,0.007274,3.789663553237915
BenchmarkTest01590.java,0,CWE-79,CWE-79,1,0,1,0,0,0,1,0,0,0,2417,0.004834,256,0.002048,22,0.000176,0.007057999999999999,4.197014808654785
BenchmarkTest01591.java,0,CWE-79,CWE-79,1,1,0,1,0,0,0,0,1,0,2652,0.005304,320,0.00256,21,0.000168,0.008032,5.524667501449585
BenchmarkTest01592.java,0,CWE-79,CWE-79,1,0,1,0,0,0,1,0,0,0,2433,0.004866,256,0.002048,22,0.000176,0.00709,7.39990758895874
BenchmarkTest01593.java,0,CWE-79,CWE-79,1,1,0,1,0,0,0,0,1,0,2439,0.004878,256,0.002048,21,0.000168,0.007094,4.814777374267578
BenchmarkTest01594.java,0,CWE-79,CWE-79,1,0,1,0,0,0,1,0,0,0,2427,0.004854,64,0.000512,22,0.000176,0.005542,2.0657055377960205
BenchmarkTest01595.java,0,CWE-79,CWE-79,1,1,0,1,0,0,0,0,1,0,2416,0.004832,448,0.003584,21,0.000168,0.008584,7.443037271499634
BenchmarkTest01596.java,0,CWE-79,CWE-79,1,0,1,0,0,0,1,0,0,0,2449,0.004898,256,0.002048,22,0.000176,0.007121999999999999,4.132336854934692
BenchmarkTest01597.java,0,CWE-79,CWE-79,1,0,1,0,0,0,1,0,0,0,2458,0.004916,256,0.002048,22,0.000176,0.00714,4.638293743133545
BenchmarkTest01598.java,0,CWE-79,CWE-79,1,0,1,0,0,0,1,0,0,0,2624,0.005248,768,0.006144,22,0.000176,0.011568,9.459474086761475
BenchmarkTest01599.java,0,CWE-79,CWE-79,1,1,0,1,0,0,0,0,1,0,2507,0.005014,320,0.00256,21,0.000168,0.007742000000000001,4.462163925170898
BenchmarkTest01600.java,0,CWE-78,CWE-78,1,1,0,1,0,0,0,0,1,0,2172,0.004344,384,0.003072,21,0.000168,0.007584,5.314738988876343
BenchmarkTest01601.java,0,CWE-78,CWE-78,1,0,1,0,0,0,1,0,0,0,2172,0.004344,256,0.002048,22,0.000176,0.006568,4.073224782943726
BenchmarkTest01602.java,0,CWE-330,CWE-330,1,0,1,0,0,0,1,0,0,0,2464,0.004928,128,0.001024,22,0.000176,0.006128,2.882699489593506
BenchmarkTest01603.java,0,CWE-330,CWE-330,1,0,1,0,0,0,1,0,0,0,2589,0.005178,128,0.001024,22,0.000176,0.006378,2.3530383110046387
BenchmarkTest01604.java,0,CWE-614,,,,0,0,1,0,0,0,1,0,,,,,,,,
BenchmarkTest01605.java,0,CWE-614,,,,0,0,1,0,0,0,1,0,,,,,,,,
BenchmarkTest01606.java,0,CWE-78,CWE-78,1,1,0,1,0,0,0,0,1,0,2113,0.004226,384,0.003072,21,0.000168,0.0074659999999999995,5.544533014297485
BenchmarkTest01607.java,0,CWE-78,CWE-78,1,1,0,1,0,0,0,0,1,0,2266,0.004532,256,0.002048,21,0.000168,0.006747999999999999,4.937463283538818
BenchmarkTest01608.java,0,CWE-78,CWE-78,1,1,0,1,0,0,0,0,1,0,2127,0.004254,256,0.002048,21,0.000168,0.00647,4.377524137496948
BenchmarkTest01609.java,0,CWE-78,CWE-78,1,0,1,0,0,0,1,0,0,0,2167,0.004334,704,0.005632,22,0.000176,0.010142,8.940425634384155
BenchmarkTest01610.java,0,CWE-78,CWE-78,1,0,1,0,0,0,1,0,0,0,2146,0.004292,768,0.006144,22,0.000176,0.010612000000000002,9.812196969985962
BenchmarkTest01611.java,0,CWE-330,,,,0,0,1,0,0,0,1,0,,,,,,,,
BenchmarkTest01612.java,0,CWE-330,,,,0,0,1,0,0,0,1,0,,,,,,,,
BenchmarkTest01613.java,0,CWE-330,,,,0,0,1,0,0,0,1,0,,,,,,,,
BenchmarkTest01614.java,0,CWE-330,,,,0,0,1,0,0,0,1,0,,,,,,,,
BenchmarkTest01620.java,0,CWE-89,CWE-89,1,0,1,0,0,0,1,0,0,0,2108,0.004216,192,0.001536,22,0.000176,0.005928,3.2356975078582764
BenchmarkTest01621.java,0,CWE-89,CWE-89,1,0,1,0,0,0,1,0,0,0,2067,0.004134,192,0.001536,22,0.000176,0.005846,7.299740552902222
BenchmarkTest01622.java,0,CWE-89,CWE-89,1,1,0,1,0,0,0,0,1,0,2119,0.004238,512,0.004096,21,0.000168,0.008502,6.191250801086426
BenchmarkTest01623.java,0,CWE-89,CWE-89,1,0,1,0,0,0,1,0,0,0,2085,0.00417,192,0.001536,22,0.000176,0.005882,5.228782892227173
BenchmarkTest01624.java,0,CWE-89,CWE-89,1,0,1,0,0,0,1,0,0,0,2114,0.004228,128,0.001024,22,0.000176,0.005428,3.40958309173584
BenchmarkTest01625.java,0,CWE-89,,,,0,0,0,1,0,0,0,1,,,,,,,,
BenchmarkTest01626.java,0,CWE-89,CWE-89,1,0,1,0,0,0,1,0,0,0,2110,0.00422,128,0.001024,22,0.000176,0.0054199999999999995,3.5610857009887695
BenchmarkTest01627.java,0,CWE-89,CWE-89,1,0,1,0,0,0,1,0,0,0,2016,0.004032,192,0.001536,22,0.000176,0.005744,5.4607994556427
BenchmarkTest01628.java,0,CWE-89,CWE-89,1,1,0,1,0,0,0,0,1,0,2101,0.004202,512,0.004096,21,0.000168,0.008466,7.3597142696380615
BenchmarkTest01629.java,0,CWE-89,CWE-89,1,1,0,1,0,0,0,0,1,0,2055,0.00411,320,0.00256,21,0.000168,0.006838,5.699338674545288
BenchmarkTest01630.java,0,CWE-89,CWE-89,1,0,1,0,0,0,1,0,0,0,2065,0.00413,128,0.001024,22,0.000176,0.00533,5.019697189331055
BenchmarkTest01631.java,0,CWE-89,CWE-89,1,0,1,0,0,0,1,0,0,0,2053,0.004106,128,0.001024,22,0.000176,0.005306,3.4746503829956055
BenchmarkTest01632.java,0,CWE-643,CWE-643,1,1,0,1,0,0,0,0,1,0,2246,0.004492,320,0.00256,21,0.000168,0.007220000000000001,6.38082480430603
BenchmarkTest01633.java,0,CWE-643,CWE-643,1,1,0,1,0,0,0,0,1,0,2316,0.004632,1088,0.008704,21,0.000168,0.013504,13.667580366134644
BenchmarkTest01634.java,0,CWE-327,CWE-327,1,0,1,0,0,0,1,0,0,0,3061,0.006122,64,0.000512,22,0.000176,0.00681,3.3188247680664062
BenchmarkTest01635.java,0,CWE-327,,,,0,0,1,0,0,0,1,0,,,,,,,,
BenchmarkTest01636.java,0,CWE-327,,,,0,0,1,0,0,0,1,0,,,,,,,,
BenchmarkTest01637.java,0,CWE-327,CWE-327,1,0,1,0,0,0,1,0,0,0,2967,0.005934,64,0.000512,22,0.000176,0.006622,3.047614574432373
BenchmarkTest01638.java,0,CWE-327,CWE-327,1,0,1,0,0,0,1,0,0,0,2749,0.005498,64,0.000512,22,0.000176,0.0061860000000000005,3.1341495513916016
BenchmarkTest01639.java,0,CWE-327,CWE-327,1,0,1,0,0,0,1,0,0,0,2631,0.005262,64,0.000512,22,0.000176,0.00595,3.0568742752075195
BenchmarkTest01640.java,0,CWE-327,,,,0,0,1,0,0,0,1,0,,,,,,,,
BenchmarkTest01641.java,0,CWE-327,CWE-327,1,0,1,0,0,0,1,0,0,0,2609,0.005218,192,0.001536,22,0.000176,0.00693,3.8071372509002686
BenchmarkTest01642.java,0,CWE-22,CWE-23,0,0,1,0,0,0,1,0,0,0,2489,0.004978,448,0.003584,22,0.000176,0.008738000000000001,9.886576175689697
BenchmarkTest01643.java,0,CWE-22,CWE-23,0,0,1,0,0,0,1,0,0,0,2621,0.005242,640,0.00512,22,0.000176,0.010538,11.63688063621521
BenchmarkTest01644.java,0,CWE-22,CWE-23,0,1,0,1,0,0,0,0,1,0,2636,0.005272,256,0.002048,21,0.000168,0.007488,4.515822887420654
BenchmarkTest01645.java,0,CWE-22,CWE-23,0,0,1,0,0,0,1,0,0,0,2641,0.005282,256,0.002048,22,0.000176,0.007506,5.722627878189087
BenchmarkTest01646.java,0,CWE-22,CWE-23,0,1,0,1,0,0,0,0,1,0,2604,0.005208,320,0.00256,21,0.000168,0.007936,5.255626678466797
BenchmarkTest01647.java,0,CWE-22,CWE-23,0,0,1,0,0,0,1,0,0,0,2526,0.005052,192,0.001536,22,0.000176,0.006764,6.057316303253174
BenchmarkTest01648.java,0,CWE-330,CWE-330,1,0,1,0,0,0,1,0,0,0,2525,0.00505,128,0.001024,22,0.000176,0.0062499999999999995,2.1875810623168945
BenchmarkTest01649.java,0,CWE-328,CWE-916,0,0,1,0,0,0,1,0,0,0,2615,0.00523,192,0.001536,22,0.000176,0.006942,4.165260314941406
BenchmarkTest01650.java,0,CWE-328,CWE-916,0,0,1,0,0,0,1,0,0,0,2551,0.005102,192,0.001536,22,0.000176,0.006814,2.615070343017578
BenchmarkTest01651.java,0,CWE-328,CWE-916,0,0,1,0,0,0,1,0,0,0,2524,0.005048,192,0.001536,22,0.000176,0.00676,2.8361430168151855
BenchmarkTest01652.java,0,CWE-328,,,,0,0,1,0,0,0,1,0,,,,,,,,
BenchmarkTest01653.java,0,CWE-328,CWE-916,0,0,1,0,0,0,1,0,0,0,2481,0.004962,192,0.001536,22,0.000176,0.006674,3.4931962490081787
BenchmarkTest01654.java,0,CWE-328,,,,0,0,0,1,0,0,0,1,,,,,,,,
BenchmarkTest01655.java,0,CWE-328,,,,0,0,1,0,0,0,1,0,,,,,,,,
BenchmarkTest01656.java,0,CWE-328,,,,0,0,1,0,0,0,1,0,,,,,,,,
BenchmarkTest01657.java,0,CWE-79,CWE-79,1,0,1,0,0,0,1,0,0,0,2613,0.005226,192,0.001536,22,0.000176,0.006938,3.5462989807128906
BenchmarkTest01658.java,0,CWE-79,CWE-79,1,0,1,0,0,0,1,0,0,0,2567,0.005134,384,0.003072,22,0.000176,0.008382,5.5275280475616455
BenchmarkTest01659.java,0,CWE-79,CWE-79,1,1,0,1,0,0,0,0,1,0,2553,0.005106,704,0.005632,21,0.000168,0.010906,6.69651198387146
BenchmarkTest01660.java,0,CWE-79,CWE-79,1,0,1,0,0,0,1,0,0,0,2571,0.005142,256,0.002048,22,0.000176,0.007366,3.7274293899536133
BenchmarkTest01661.java,0,CWE-79,CWE-79,1,1,0,1,0,0,0,0,1,0,2580,0.00516,384,0.003072,21,0.000168,0.0084,5.761883735656738
BenchmarkTest01662.java,0,CWE-79,CWE-79,1,0,1,0,0,0,1,0,0,0,2613,0.005226,384,0.003072,22,0.000176,0.008474,5.746982097625732
BenchmarkTest01663.java,0,CWE-79,CWE-79,1,1,0,1,0,0,0,0,1,0,2658,0.005316,576,0.004608,22,0.000176,0.010100000000000001,6.199934244155884
BenchmarkTest01664.java,0,CWE-79,CWE-79,1,1,0,1,0,0,0,0,1,0,2560,0.00512,256,0.002048,21,0.000168,0.0073360000000000005,3.221754312515259
BenchmarkTest01665.java,0,CWE-79,CWE-79,1,0,1,0,0,0,1,0,0,0,2571,0.005142,384,0.003072,22,0.000176,0.00839,7.077458620071411
BenchmarkTest01666.java,0,CWE-79,CWE-79,1,0,1,0,0,0,1,0,0,0,2610,0.00522,1088,0.008704,22,0.000176,0.0141,16.893876552581787
BenchmarkTest01667.java,0,CWE-79,CWE-79,1,0,1,0,0,0,1,0,0,0,2633,0.005266,320,0.00256,22,0.000176,0.008002,4.482299566268921
BenchmarkTest01668.java,0,CWE-79,CWE-79,1,1,0,1,0,0,0,0,1,0,2648,0.005296,320,0.00256,21,0.000168,0.008024,5.294090986251831
BenchmarkTest01669.java,0,CWE-79,CWE-79,1,1,0,1,0,0,0,0,1,0,2557,0.005114,384,0.003072,21,0.000168,0.008353999999999999,4.497357368469238
BenchmarkTest01670.java,0,CWE-79,CWE-79,1,0,1,0,0,0,1,0,0,0,2553,0.005106,128,0.001024,22,0.000176,0.006306,2.9454636573791504
BenchmarkTest01671.java,0,CWE-79,CWE-79,1,1,0,1,0,0,0,0,1,0,2560,0.00512,192,0.001536,21,0.000168,0.006824,3.108396053314209
BenchmarkTest01672.java,0,CWE-78,CWE-78,1,1,0,1,0,0,0,0,1,0,2284,0.004568,448,0.003584,21,0.000168,0.00832,5.294676065444946
BenchmarkTest01673.java,0,CWE-78,CWE-78,1,0,1,0,0,0,1,0,0,0,2248,0.004496,384,0.003072,22,0.000176,0.007744,4.308522462844849
BenchmarkTest01674.java,0,CWE-78,CWE-78,1,0,1,0,0,0,1,0,0,0,2274,0.004548,256,0.002048,22,0.000176,0.006771999999999999,4.114504337310791
BenchmarkTest01675.java,0,CWE-330,CWE-330,1,0,1,0,0,0,1,0,0,0,2604,0.005208,128,0.001024,22,0.000176,0.006408,2.5992536544799805
BenchmarkTest01676.java,0,CWE-330,CWE-330,1,0,1,0,0,0,1,0,0,0,2551,0.005102,192,0.001536,22,0.000176,0.006814,3.682192087173462
BenchmarkTest01677.java,0,CWE-330,CWE-330,1,0,1,0,0,0,1,0,0,0,2583,0.005166,128,0.001024,22,0.000176,0.006365999999999999,2.1970486640930176
BenchmarkTest01678.java,0,CWE-330,CWE-330,1,0,1,0,0,0,1,0,0,0,2738,0.005476,320,0.00256,22,0.000176,0.008212,6.01593804359436
BenchmarkTest01679.java,0,CWE-330,CWE-330,1,0,1,0,0,0,1,0,0,0,2528,0.005056,448,0.003584,22,0.000176,0.008816000000000001,6.494420766830444
BenchmarkTest01680.java,0,CWE-330,CWE-330,1,0,1,0,0,0,1,0,0,0,2534,0.005068,192,0.001536,22,0.000176,0.00678,3.30462646484375
BenchmarkTest01681.java,0,CWE-330,CWE-330,1,0,1,0,0,0,1,0,0,0,2594,0.005188,320,0.00256,22,0.000176,0.007924,5.013512134552002
BenchmarkTest01682.java,0,CWE-614,CWE-614,1,0,1,0,0,0,1,0,0,0,2283,0.004566,128,0.001024,22,0.000176,0.005765999999999999,2.6508467197418213
BenchmarkTest01683.java,0,CWE-614,CWE-614,1,0,1,0,0,0,1,0,0,0,2309,0.004618,128,0.001024,22,0.000176,0.005817999999999999,2.2190377712249756
BenchmarkTest01684.java,0,CWE-614,,,,0,0,1,0,0,0,1,0,,,,,,,,
BenchmarkTest01685.java,0,CWE-78,CWE-78,1,0,1,0,0,0,1,0,0,0,2356,0.004712,1152,0.009216,22,0.000176,0.014104,10.609423398971558
BenchmarkTest01686.java,0,CWE-78,CWE-78,1,1,0,1,0,0,0,0,1,0,2188,0.004376,320,0.00256,21,0.000168,0.007103999999999999,6.73679780960083
BenchmarkTest01687.java,0,CWE-78,CWE-78,1,1,0,1,0,0,0,0,1,0,2369,0.004738,384,0.003072,21,0.000168,0.007978,6.457468032836914
BenchmarkTest01688.java,0,CWE-78,CWE-78,1,1,0,1,0,0,0,0,1,0,2264,0.004528,448,0.003584,21,0.000168,0.00828,7.28424859046936
BenchmarkTest01689.java,0,CWE-78,CWE-78,1,0,1,0,0,0,1,0,0,0,2266,0.004532,320,0.00256,22,0.000176,0.007267999999999999,5.386137008666992
BenchmarkTest01690.java,0,CWE-78,CWE-78,1,0,1,0,0,0,1,0,0,0,2154,0.004308,640,0.00512,22,0.000176,0.009604000000000001,9.191507577896118
BenchmarkTest01691.java,0,CWE-78,CWE-78,1,0,1,0,0,0,1,0,0,0,2244,0.004488,448,0.003584,22,0.000176,0.008248,5.904159784317017
BenchmarkTest01692.java,0,CWE-78,CWE-78,1,1,0,1,0,0,0,0,1,0,2474,0.004948,704,0.005632,21,0.000168,0.010747999999999999,9.014005661010742
BenchmarkTest01693.java,0,CWE-78,CWE-78,1,1,0,1,0,0,0,0,1,0,2271,0.004542,384,0.003072,21,0.000168,0.007782,5.7946367263793945
BenchmarkTest01694.java,0,CWE-330,,,,0,0,1,0,0,0,1,0,,,,,,,,
BenchmarkTest01695.java,0,CWE-330,,,,0,0,1,0,0,0,1,0,,,,,,,,
BenchmarkTest01696.java,0,CWE-330,,,,0,0,1,0,0,0,1,0,,,,,,,,
BenchmarkTest01697.java,0,CWE-330,,,,0,0,1,0,0,0,1,0,,,,,,,,
BenchmarkTest01698.java,0,CWE-330,CWE-330,1,1,0,1,0,0,0,0,1,0,2831,0.005662,640,0.00512,21,0.000168,0.01095,8.784519910812378
BenchmarkTest01699.java,0,CWE-330,CWE-330,1,1,0,1,0,0,0,0,1,0,2603,0.005206,640,0.00512,21,0.000168,0.010494,8.1659996509552
BenchmarkTest01700.java,0,CWE-330,CWE-330,1,1,0,1,0,0,0,0,1,0,2679,0.005358,960,0.00768,21,0.000168,0.013206,11.179237127304077
BenchmarkTest01701.java,0,CWE-330,,,,0,0,1,0,0,0,1,0,,,,,,,,
BenchmarkTest01702.java,0,CWE-330,,,,0,0,1,0,0,0,1,0,,,,,,,,
BenchmarkTest01703.java,0,CWE-330,,,,0,0,1,0,0,0,1,0,,,,,,,,
BenchmarkTest01704.java,0,CWE-330,,,,0,0,1,0,0,0,1,0,,,,,,,,
BenchmarkTest01705.java,0,CWE-330,,,,0,0,1,0,0,0,1,0,,,,,,,,
BenchmarkTest01706.java,0,CWE-330,,,,0,0,1,0,0,0,1,0,,,,,,,,
BenchmarkTest01707.java,0,CWE-330,,,,0,0,1,0,0,0,1,0,,,,,,,,
BenchmarkTest01712.java,0,CWE-89,CWE-89,1,0,1,0,0,0,1,0,0,0,2242,0.004484,128,0.001024,22,0.000176,0.005684,2.2684519290924072
BenchmarkTest01713.java,0,CWE-89,CWE-89,1,1,0,1,0,0,0,0,1,0,2257,0.004514,256,0.002048,21,0.000168,0.00673,4.571623802185059
BenchmarkTest01714.java,0,CWE-89,CWE-89,1,1,0,1,0,0,0,0,1,0,2210,0.00442,320,0.00256,21,0.000168,0.007148,4.527424335479736
BenchmarkTest01715.java,0,CWE-89,CWE-89,1,0,1,0,0,0,1,0,0,0,2221,0.004442,192,0.001536,22,0.000176,0.006154,3.4381821155548096
BenchmarkTest01716.java,0,CWE-89,CWE-89,1,0,1,0,0,0,1,0,0,0,2226,0.004452,128,0.001024,22,0.000176,0.005652,2.2337400913238525
BenchmarkTest01717.java,0,CWE-89,CWE-89,1,1,0,1,0,0,0,0,1,0,2271,0.004542,384,0.003072,21,0.000168,0.007782,6.972461462020874
BenchmarkTest01718.java,0,CWE-89,CWE-89,1,0,1,0,0,0,1,0,0,0,2240,0.00448,128,0.001024,22,0.000176,0.005679999999999999,2.5144546031951904
BenchmarkTest01719.java,0,CWE-89,CWE-89,1,0,0,1,0,0,0,1,0,0,2250,0.0045,128,0.001024,22,0.000176,0.005699999999999999,2.228614091873169
BenchmarkTest01720.java,0,CWE-89,,,,0,0,0,1,0,0,0,1,,,,,,,,
BenchmarkTest01721.java,0,CWE-89,CWE-89,1,0,1,0,0,0,1,0,0,0,2362,0.004724,192,0.001536,22,0.000176,0.006436,3.316556453704834
BenchmarkTest01722.java,0,CWE-89,CWE-89,1,1,0,1,0,0,0,0,1,0,2436,0.004872,512,0.004096,21,0.000168,0.009136,7.874476432800293
BenchmarkTest01723.java,0,CWE-89,,,,0,0,0,1,0,0,0,1,,,,,,,,
BenchmarkTest01724.java,0,CWE-89,,,,0,0,0,1,0,0,0,1,,,,,,,,
BenchmarkTest01725.java,0,CWE-89,,,,0,0,0,1,0,0,0,1,,,,,,,,
BenchmarkTest01726.java,0,CWE-89,,,,0,0,0,1,0,0,0,1,,,,,,,,
BenchmarkTest01727.java,0,CWE-89,CWE-89,1,0,1,0,0,0,1,0,0,0,2222,0.004444,192,0.001536,22,0.000176,0.006156,3.6262314319610596
BenchmarkTest01728.java,0,CWE-89,CWE-89,1,0,1,0,0,0,1,0,0,0,2188,0.004376,128,0.001024,22,0.000176,0.005575999999999999,3.0934433937072754
BenchmarkTest01729.java,0,CWE-89,CWE-89,1,1,0,1,0,0,0,0,1,0,2247,0.004494,256,0.002048,21,0.000168,0.006709999999999999,4.023183822631836
BenchmarkTest01730.java,0,CWE-89,CWE-89,1,0,1,0,0,0,1,0,0,0,2220,0.00444,192,0.001536,22,0.000176,0.006152,3.947719097137451
BenchmarkTest01731.java,0,CWE-89,CWE-89,1,0,1,0,0,0,1,0,0,0,2249,0.004498,192,0.001536,22,0.000176,0.00621,4.137929916381836
BenchmarkTest01732.java,0,CWE-89,CWE-89,1,1,0,1,0,0,0,0,1,0,2187,0.004374,384,0.003072,21,0.000168,0.007614,4.99615478515625
BenchmarkTest01733.java,0,CWE-89,CWE-89,1,0,1,0,0,0,1,0,0,0,2187,0.004374,192,0.001536,22,0.000176,0.006086,2.9359755516052246
BenchmarkTest01734.java,0,CWE-643,CWE-643,1,0,1,0,0,0,1,0,0,0,2331,0.004662,320,0.00256,22,0.000176,0.007398000000000001,5.09112548828125
BenchmarkTest01735.java,0,CWE-643,CWE-643,1,1,0,1,0,0,0,0,1,0,2333,0.004666,384,0.003072,21,0.000168,0.007906,6.041548728942871
BenchmarkTest01736.java,0,CWE-643,CWE-643,1,0,1,0,0,0,1,0,0,0,2281,0.004562,256,0.002048,22,0.000176,0.0067859999999999995,3.7626423835754395
BenchmarkTest01737.java,0,CWE-327,,,,0,0,1,0,0,0,1,0,,,,,,,,
BenchmarkTest01738.java,0,CWE-327,,,,0,0,1,0,0,0,1,0,,,,,,,,
BenchmarkTest01739.java,0,CWE-327,,,,0,0,1,0,0,0,1,0,,,,,,,,
BenchmarkTest01740.java,0,CWE-327,CWE-327,1,0,1,0,0,0,1,0,0,0,2378,0.004756,256,0.002048,22,0.000176,0.006979999999999999,4.2909996509552
BenchmarkTest01741.java,0,CWE-327,CWE-327,1,0,1,0,0,0,1,0,0,0,2431,0.004862,256,0.002048,22,0.000176,0.007085999999999999,4.685720443725586
BenchmarkTest01742.java,0,CWE-327,CWE-327,1,0,1,0,0,0,1,0,0,0,2373,0.004746,192,0.001536,22,0.000176,0.006458,3.063849449157715
BenchmarkTest01743.java,0,CWE-90,,,,0,0,1,0,0,0,1,0,,,,,,,,
BenchmarkTest01744.java,0,CWE-22,,,,0,0,1,0,0,0,1,0,,,,,,,,
BenchmarkTest01745.java,0,CWE-22,,,,0,0,1,0,0,0,1,0,,,,,,,,
BenchmarkTest01746.java,0,CWE-22,,,,0,0,1,0,0,0,1,0,,,,,,,,
BenchmarkTest01747.java,0,CWE-22,,,,0,0,1,0,0,0,1,0,,,,,,,,
BenchmarkTest01748.java,0,CWE-22,,,,0,0,1,0,0,0,1,0,,,,,,,,
BenchmarkTest01749.java,0,CWE-22,,,,0,0,1,0,0,0,1,0,,,,,,,,
BenchmarkTest01750.java,0,CWE-22,,,,0,0,1,0,0,0,1,0,,,,,,,,
BenchmarkTest01751.java,0,CWE-22,,,,0,0,1,0,0,0,1,0,,,,,,,,
BenchmarkTest01752.java,0,CWE-22,,,,0,0,1,0,0,0,1,0,,,,,,,,
BenchmarkTest01753.java,0,CWE-90,,,,0,0,1,0,0,0,1,0,,,,,,,,
BenchmarkTest01754.java,0,CWE-90,,,,0,0,1,0,0,0,1,0,,,,,,,,
BenchmarkTest01755.java,0,CWE-90,,,,0,0,1,0,0,0,1,0,,,,,,,,
BenchmarkTest01756.java,0,CWE-90,,,,0,0,1,0,0,0,1,0,,,,,,,,
BenchmarkTest01757.java,0,CWE-328,CWE-916,0,0,1,0,0,0,1,0,0,0,2464,0.004928,192,0.001536,22,0.000176,0.00664,3.5110156536102295
BenchmarkTest01758.java,0,CWE-328,,,,0,0,1,0,0,0,1,0,,,,,,,,
BenchmarkTest01759.java,0,CWE-328,,,,0,0,1,0,0,0,1,0,,,,,,,,
BenchmarkTest01760.java,0,CWE-328,,,,0,0,1,0,0,0,1,0,,,,,,,,
BenchmarkTest01761.java,0,CWE-328,CWE-916,0,0,1,0,0,0,1,0,0,0,2396,0.004792,128,0.001024,22,0.000176,0.005992,2.822509527206421
BenchmarkTest01762.java,0,CWE-328,,,,0,0,1,0,0,0,1,0,,,,,,,,
BenchmarkTest01763.java,0,CWE-328,,,,0,0,1,0,0,0,1,0,,,,,,,,
BenchmarkTest01764.java,0,CWE-328,,,,0,0,1,0,0,0,1,0,,,,,,,,
BenchmarkTest01765.java,0,CWE-328,,,,0,0,0,1,0,0,0,1,,,,,,,,
BenchmarkTest01766.java,0,CWE-328,,,,0,0,0,1,0,0,0,1,,,,,,,,
BenchmarkTest01767.java,0,CWE-79,,,,0,0,1,0,0,0,1,0,,,,,,,,
BenchmarkTest01768.java,0,CWE-79,,,,0,0,1,0,0,0,1,0,,,,,,,,
BenchmarkTest01769.java,0,CWE-79,,,,0,0,1,0,0,0,1,0,,,,,,,,
BenchmarkTest01770.java,0,CWE-79,,,,0,0,1,0,0,0,1,0,,,,,,,,
BenchmarkTest01771.java,0,CWE-79,,,,0,0,1,0,0,0,1,0,,,,,,,,
BenchmarkTest01772.java,0,CWE-79,,,,0,0,1,0,0,0,1,0,,,,,,,,
BenchmarkTest01773.java,0,CWE-79,,,,0,0,1,0,0,0,1,0,,,,,,,,
BenchmarkTest01774.java,0,CWE-79,,,,0,0,1,0,0,0,1,0,,,,,,,,
BenchmarkTest01775.java,0,CWE-79,,,,0,0,1,0,0,0,1,0,,,,,,,,
BenchmarkTest01776.java,0,CWE-79,,,,0,0,1,0,0,0,1,0,,,,,,,,
BenchmarkTest01777.java,0,CWE-79,,,,0,0,1,0,0,0,1,0,,,,,,,,
BenchmarkTest01778.java,0,CWE-78,,,,0,0,1,0,0,0,1,0,,,,,,,,
BenchmarkTest01779.java,0,CWE-78,,,,0,0,1,0,0,0,1,0,,,,,,,,
BenchmarkTest01780.java,0,CWE-78,,,,0,0,1,0,0,0,1,0,,,,,,,,
BenchmarkTest01781.java,0,CWE-330,CWE-330,1,0,1,0,0,0,1,0,0,0,2439,0.004878,64,0.000512,22,0.000176,0.005566000000000001,2.7718851566314697
BenchmarkTest01782.java,0,CWE-330,CWE-330,1,0,1,0,0,0,1,0,0,0,2421,0.004842,192,0.001536,22,0.000176,0.006554,3.487971544265747
BenchmarkTest01783.java,0,CWE-330,CWE-330,1,0,1,0,0,0,1,0,0,0,2387,0.004774,128,0.001024,22,0.000176,0.005973999999999999,2.259568929672241
BenchmarkTest01784.java,0,CWE-330,CWE-330,1,0,1,0,0,0,1,0,0,0,2415,0.00483,448,0.003584,22,0.000176,0.00859,8.601302146911621
BenchmarkTest01785.java,0,CWE-330,CWE-330,1,0,1,0,0,0,1,0,0,0,2377,0.004754,64,0.000512,22,0.000176,0.005442000000000001,3.407012939453125
BenchmarkTest01786.java,0,CWE-330,CWE-330,1,0,1,0,0,0,1,0,0,0,2418,0.004836,256,0.002048,22,0.000176,0.0070599999999999994,5.178266763687134
BenchmarkTest01787.java,0,CWE-330,CWE-330,1,0,1,0,0,0,1,0,0,0,2357,0.004714,384,0.003072,22,0.000176,0.007962,6.776690721511841
BenchmarkTest01788.java,0,CWE-330,CWE-330,1,0,1,0,0,0,1,0,0,0,2382,0.004764,256,0.002048,22,0.000176,0.006988,4.761361598968506
BenchmarkTest01789.java,0,CWE-614,CWE-614,1,0,1,0,0,0,1,0,0,0,2167,0.004334,128,0.001024,22,0.000176,0.005534,3.935213327407837
BenchmarkTest01790.java,0,CWE-79,,,,0,0,1,0,0,0,1,0,,,,,,,,
BenchmarkTest01791.java,0,CWE-78,,,,0,0,1,0,0,0,1,0,,,,,,,,
BenchmarkTest01792.java,0,CWE-78,,,,0,0,1,0,0,0,1,0,,,,,,,,
BenchmarkTest01793.java,0,CWE-78,,,,0,0,1,0,0,0,1,0,,,,,,,,
BenchmarkTest01794.java,0,CWE-78,,,,0,0,1,0,0,0,1,0,,,,,,,,
BenchmarkTest01795.java,0,CWE-78,,,,0,0,1,0,0,0,1,0,,,,,,,,
BenchmarkTest01796.java,0,CWE-78,,,,0,0,1,0,0,0,1,0,,,,,,,,
BenchmarkTest01797.java,0,CWE-330,,,,0,0,1,0,0,0,1,0,,,,,,,,
BenchmarkTest01798.java,0,CWE-330,,,,0,0,1,0,0,0,1,0,,,,,,,,
BenchmarkTest01799.java,0,CWE-330,,,,0,0,1,0,0,0,1,0,,,,,,,,
BenchmarkTest01800.java,0,CWE-330,,,,0,0,1,0,0,0,1,0,,,,,,,,
BenchmarkTest01801.java,0,CWE-330,,,,0,0,1,0,0,0,1,0,,,,,,,,
BenchmarkTest01803.java,0,CWE-89,,,,0,0,1,0,0,0,1,0,,,,,,,,
BenchmarkTest01804.java,0,CWE-89,,,,0,0,1,0,0,0,1,0,,,,,,,,
BenchmarkTest01805.java,0,CWE-89,,,,0,0,1,0,0,0,1,0,,,,,,,,
BenchmarkTest01806.java,0,CWE-89,,,,0,0,1,0,0,0,1,0,,,,,,,,
BenchmarkTest01807.java,0,CWE-89,,,,0,0,1,0,0,0,1,0,,,,,,,,
BenchmarkTest01808.java,0,CWE-89,,,,0,0,1,0,0,0,1,0,,,,,,,,
BenchmarkTest01809.java,0,CWE-89,,,,0,0,1,0,0,0,1,0,,,,,,,,
BenchmarkTest01810.java,0,CWE-89,,,,0,0,1,0,0,0,1,0,,,,,,,,
BenchmarkTest01811.java,0,CWE-89,,,,0,0,1,0,0,0,1,0,,,,,,,,
BenchmarkTest01812.java,0,CWE-89,,,,0,0,1,0,0,0,1,0,,,,,,,,
BenchmarkTest01813.java,0,CWE-89,,,,0,0,1,0,0,0,1,0,,,,,,,,
BenchmarkTest01814.java,0,CWE-89,,,,0,0,1,0,0,0,1,0,,,,,,,,
BenchmarkTest01815.java,0,CWE-89,,,,0,0,1,0,0,0,1,0,,,,,,,,
BenchmarkTest01816.java,0,CWE-89,,,,0,0,1,0,0,0,1,0,,,,,,,,
BenchmarkTest01817.java,0,CWE-89,,,,0,0,1,0,0,0,1,0,,,,,,,,
BenchmarkTest01818.java,0,CWE-89,,,,0,0,1,0,0,0,1,0,,,,,,,,
BenchmarkTest01819.java,0,CWE-89,,,,0,0,1,0,0,0,1,0,,,,,,,,
BenchmarkTest01820.java,0,CWE-89,,,,0,0,1,0,0,0,1,0,,,,,,,,
BenchmarkTest01821.java,0,CWE-643,,,,0,0,1,0,0,0,1,0,,,,,,,,
BenchmarkTest01822.java,0,CWE-327,CWE-327,1,0,1,0,0,0,1,0,0,0,2911,0.005822,128,0.001024,22,0.000176,0.007022,4.204244136810303
BenchmarkTest01823.java,0,CWE-327,CWE-327,1,0,1,0,0,0,1,0,0,0,2861,0.005722,128,0.001024,22,0.000176,0.006921999999999999,3.896094560623169
BenchmarkTest01824.java,0,CWE-327,,,,0,0,1,0,0,0,1,0,,,,,,,,
BenchmarkTest01825.java,0,CWE-327,,,,0,0,1,0,0,0,1,0,,,,,,,,
BenchmarkTest01826.java,0,CWE-327,,,,0,0,1,0,0,0,1,0,,,,,,,,
BenchmarkTest01827.java,0,CWE-327,,,,0,0,1,0,0,0,1,0,,,,,,,,
BenchmarkTest01828.java,0,CWE-327,,,,0,0,1,0,0,0,1,0,,,,,,,,
BenchmarkTest01829.java,0,CWE-327,CWE-327,1,0,1,0,0,0,1,0,0,0,2733,0.005466,256,0.002048,22,0.000176,0.00769,5.134068489074707
BenchmarkTest01830.java,0,CWE-327,CWE-327,1,0,1,0,0,0,1,0,0,0,2550,0.0051,256,0.002048,22,0.000176,0.007324,4.657731533050537
BenchmarkTest01831.java,0,CWE-90,CWE-90,1,0,1,0,0,0,1,0,0,0,2494,0.004988,384,0.003072,22,0.000176,0.008236000000000002,6.341673135757446
BenchmarkTest01832.java,0,CWE-90,CWE-90,1,0,1,0,0,0,1,0,0,0,2492,0.004984,256,0.002048,22,0.000176,0.007208,3.999408721923828
BenchmarkTest01833.java,0,CWE-22,CWE-23,0,0,1,0,0,0,1,0,0,0,2550,0.0051,256,0.002048,22,0.000176,0.007324,6.246701002120972
BenchmarkTest01834.java,0,CWE-22,CWE-23,0,1,0,1,0,0,0,0,1,0,2550,0.0051,384,0.003072,21,0.000168,0.00834,8.008678913116455
BenchmarkTest01835.java,0,CWE-22,CWE-23,0,0,1,0,0,0,1,0,0,0,2498,0.004996,320,0.00256,22,0.000176,0.007732,5.531482458114624
BenchmarkTest01836.java,0,CWE-22,CWE-23,0,0,1,0,0,0,1,0,0,0,2679,0.005358,512,0.004096,22,0.000176,0.009630000000000001,8.89021897315979
BenchmarkTest01837.java,0,CWE-22,CWE-23,0,1,0,1,0,0,0,0,1,0,2637,0.005274,384,0.003072,21,0.000168,0.008513999999999999,6.670670986175537
BenchmarkTest01838.java,0,CWE-22,CWE-23,0,1,0,1,0,0,0,0,1,0,2692,0.005384,384,0.003072,21,0.000168,0.008624,5.595634460449219
BenchmarkTest01839.java,0,CWE-22,CWE-23,0,0,1,0,0,0,1,0,0,0,2532,0.005064,320,0.00256,22,0.000176,0.0078000000000000005,5.867962837219238
BenchmarkTest01840.java,0,CWE-22,CWE-23,0,0,1,0,0,0,1,0,0,0,2501,0.005002,256,0.002048,22,0.000176,0.007226000000000001,5.009356498718262
BenchmarkTest01841.java,0,CWE-22,CWE-23,0,1,0,1,0,0,0,0,1,0,2696,0.005392,448,0.003584,21,0.000168,0.009144,8.017536163330078
BenchmarkTest01842.java,0,CWE-330,CWE-330,1,0,1,0,0,0,1,0,0,0,2520,0.00504,192,0.001536,22,0.000176,0.006752,5.50606632232666
BenchmarkTest01843.java,0,CWE-330,CWE-330,1,0,1,0,0,0,1,0,0,0,2587,0.005174,192,0.001536,22,0.000176,0.006886,4.848425388336182
BenchmarkTest01844.java,0,CWE-328,CWE-916,0,0,1,0,0,0,1,0,0,0,2802,0.005604,128,0.001024,22,0.000176,0.006803999999999999,3.4862711429595947
BenchmarkTest01845.java,0,CWE-328,CWE-916,0,0,1,0,0,0,1,0,0,0,2599,0.005198,256,0.002048,22,0.000176,0.007422000000000001,6.024148941040039
BenchmarkTest01846.java,0,CWE-328,CWE-916,0,0,1,0,0,0,1,0,0,0,2577,0.005154,128,0.001024,22,0.000176,0.006353999999999999,3.2328169345855713
BenchmarkTest01847.java,0,CWE-328,,,,0,0,1,0,0,0,1,0,,,,,,,,
BenchmarkTest01848.java,0,CWE-328,,,,0,0,1,0,0,0,1,0,,,,,,,,
BenchmarkTest01849.java,0,CWE-328,,,,0,0,1,0,0,0,1,0,,,,,,,,
BenchmarkTest01850.java,0,CWE-78,CWE-78,1,0,1,0,0,0,1,0,0,0,2277,0.004554,320,0.00256,22,0.000176,0.0072900000000000005,5.649743556976318
BenchmarkTest01851.java,0,CWE-78,CWE-78,1,0,1,0,0,0,1,0,0,0,2340,0.00468,256,0.002048,22,0.000176,0.0069039999999999995,4.283663988113403
BenchmarkTest01852.java,0,CWE-78,CWE-78,1,0,1,0,0,0,1,0,0,0,2286,0.004572,320,0.00256,22,0.000176,0.007307999999999999,5.587705612182617
BenchmarkTest01853.java,0,CWE-330,CWE-330,1,0,1,0,0,0,1,0,0,0,2572,0.005144,448,0.003584,22,0.000176,0.008904,7.189306974411011
BenchmarkTest01854.java,0,CWE-330,CWE-330,1,0,1,0,0,0,1,0,0,0,2757,0.005514,448,0.003584,22,0.000176,0.009274000000000001,6.6685991287231445
BenchmarkTest01855.java,0,CWE-330,CWE-330,1,0,1,0,0,0,1,0,0,0,2562,0.005124,128,0.001024,22,0.000176,0.006324,2.9137589931488037
BenchmarkTest01856.java,0,CWE-330,CWE-330,1,0,1,0,0,0,1,0,0,0,2499,0.004998,128,0.001024,22,0.000176,0.0061979999999999995,2.156651496887207
BenchmarkTest01857.java,0,CWE-330,CWE-330,1,0,1,0,0,0,1,0,0,0,2545,0.00509,128,0.001024,22,0.000176,0.00629,2.772662878036499
BenchmarkTest01858.java,0,CWE-330,CWE-330,1,0,1,0,0,0,1,0,0,0,2597,0.005194,64,0.000512,22,0.000176,0.005882,2.0513412952423096
BenchmarkTest01859.java,0,CWE-330,CWE-330,1,0,1,0,0,0,1,0,0,0,2512,0.005024,64,0.000512,22,0.000176,0.005712,2.114901542663574
BenchmarkTest01860.java,0,CWE-330,CWE-330,1,0,1,0,0,0,1,0,0,0,2508,0.005016,192,0.001536,22,0.000176,0.006728,3.051220178604126
BenchmarkTest01861.java,0,CWE-614,CWE-614,1,0,1,0,0,0,1,0,0,0,2324,0.004648,256,0.002048,22,0.000176,0.0068720000000000005,4.150991678237915
BenchmarkTest01862.java,0,CWE-614,,,,0,0,1,0,0,0,1,0,,,,,,,,
BenchmarkTest01863.java,0,CWE-614,,,,0,0,1,0,0,0,1,0,,,,,,,,
BenchmarkTest01864.java,0,CWE-78,CWE-78,1,0,1,0,0,0,1,0,0,0,2258,0.004516,192,0.001536,22,0.000176,0.006228,3.4233720302581787
BenchmarkTest01865.java,0,CWE-78,CWE-78,1,1,0,1,0,0,0,0,1,0,2306,0.004612,512,0.004096,21,0.000168,0.008876,6.959550142288208
BenchmarkTest01866.java,0,CWE-330,CWE-330,1,1,0,1,0,0,0,0,1,0,2631,0.005262,576,0.004608,21,0.000168,0.010038,5.653859376907349
BenchmarkTest01867.java,0,CWE-330,CWE-330,1,1,0,1,0,0,0,0,1,0,2703,0.005406,512,0.004096,21,0.000168,0.00967,5.323981046676636
BenchmarkTest01868.java,0,CWE-330,,,,0,0,1,0,0,0,1,0,,,,,,,,
BenchmarkTest01869.java,0,CWE-330,,,,0,0,1,0,0,0,1,0,,,,,,,,
BenchmarkTest01870.java,0,CWE-330,,,,0,0,1,0,0,0,1,0,,,,,,,,
BenchmarkTest01871.java,0,CWE-330,,,,0,0,1,0,0,0,1,0,,,,,,,,
BenchmarkTest01877.java,0,CWE-89,CWE-89,1,1,0,1,0,0,0,0,1,0,2296,0.004592,384,0.003072,21,0.000168,0.007832,5.349610805511475
BenchmarkTest01878.java,0,CWE-89,CWE-89,1,1,0,1,0,0,0,0,1,0,2210,0.00442,256,0.002048,21,0.000168,0.0066359999999999995,4.279860973358154
BenchmarkTest01879.java,0,CWE-89,CWE-89,1,1,0,1,0,0,0,0,1,0,2264,0.004528,512,0.004096,21,0.000168,0.008792,7.843518257141113
BenchmarkTest01880.java,0,CWE-89,CWE-89,1,1,0,1,0,0,0,0,1,0,2305,0.00461,320,0.00256,21,0.000168,0.007338000000000001,5.513637542724609
BenchmarkTest01881.java,0,CWE-89,CWE-89,1,0,1,0,0,0,1,0,0,0,2275,0.00455,128,0.001024,22,0.000176,0.00575,3.036452531814575
BenchmarkTest01882.java,0,CWE-89,CWE-89,1,0,1,0,0,0,1,0,0,0,2422,0.004844,128,0.001024,22,0.000176,0.006044,2.487262725830078
BenchmarkTest01883.java,0,CWE-89,,,,0,0,0,1,0,0,0,1,,,,,,,,
BenchmarkTest01884.java,0,CWE-89,CWE-89,1,1,0,1,0,0,0,0,1,0,2221,0.004442,320,0.00256,21,0.000168,0.007169999999999999,5.376549243927002
BenchmarkTest01885.java,0,CWE-89,CWE-89,1,1,0,1,0,0,0,0,1,0,2225,0.00445,384,0.003072,21,0.000168,0.00769,7.45632529258728
BenchmarkTest01886.java,0,CWE-89,CWE-89,1,1,0,1,0,0,0,0,1,0,2392,0.004784,512,0.004096,21,0.000168,0.009047999999999999,6.332182168960571
BenchmarkTest01887.java,0,CWE-89,CWE-89,1,0,1,0,0,0,1,0,0,0,2153,0.004306,128,0.001024,22,0.000176,0.005506,2.5375897884368896
BenchmarkTest01888.java,0,CWE-89,CWE-89,1,0,1,0,0,0,1,0,0,0,2196,0.004392,64,0.000512,22,0.000176,0.00508,1.9714958667755127
BenchmarkTest01889.java,0,CWE-89,CWE-89,1,0,1,0,0,0,1,0,0,0,2162,0.004324,192,0.001536,22,0.000176,0.006036,3.154585838317871
BenchmarkTest01890.java,0,CWE-89,CWE-89,1,0,1,0,0,0,1,0,0,0,2162,0.004324,192,0.001536,22,0.000176,0.006036,3.872389316558838
BenchmarkTest01891.java,0,CWE-89,CWE-89,1,0,1,0,0,0,1,0,0,0,2201,0.004402,256,0.002048,22,0.000176,0.006625999999999999,3.496530532836914
BenchmarkTest01892.java,0,CWE-643,CWE-643,1,0,1,0,0,0,1,0,0,0,2389,0.004778,192,0.001536,22,0.000176,0.00649,3.2793092727661133
BenchmarkTest01893.java,0,CWE-643,CWE-643,1,1,0,1,0,0,0,0,1,0,2345,0.00469,320,0.00256,21,0.000168,0.007417999999999999,4.566060781478882
BenchmarkTest01894.java,0,CWE-643,CWE-643,1,0,1,0,0,0,1,0,0,0,2249,0.004498,64,0.000512,22,0.000176,0.0051860000000000005,2.1801822185516357
BenchmarkTest01895.java,0,CWE-327,CWE-327,1,0,1,0,0,0,1,0,0,0,2772,0.005544,64,0.000512,22,0.000176,0.0062320000000000006,2.0801358222961426
BenchmarkTest01896.java,0,CWE-327,,,,0,0,1,0,0,0,1,0,,,,,,,,
BenchmarkTest01897.java,0,CWE-327,CWE-327,1,0,1,0,0,0,1,0,0,0,2448,0.004896,64,0.000512,22,0.000176,0.005584,2.099318504333496
BenchmarkTest01898.java,0,CWE-327,CWE-327,1,0,1,0,0,0,1,0,0,0,2473,0.004946,64,0.000512,22,0.000176,0.005634,2.561156988143921
BenchmarkTest01899.java,0,CWE-327,,,,0,0,1,0,0,0,1,0,,,,,,,,
BenchmarkTest01900.java,0,CWE-327,CWE-327,1,0,1,0,0,0,1,0,0,0,2395,0.00479,256,0.002048,22,0.000176,0.007014,4.198131561279297
BenchmarkTest01901.java,0,CWE-327,,,,0,0,1,0,0,0,1,0,,,,,,,,
BenchmarkTest01902.java,0,CWE-90,CWE-90,1,0,1,0,0,0,1,0,0,0,2338,0.004676,192,0.001536,22,0.000176,0.006388,3.1211769580841064
BenchmarkTest01903.java,0,CWE-90,CWE-90,1,1,0,1,0,0,0,0,1,0,2315,0.00463,320,0.00256,21,0.000168,0.007358,5.159179925918579
BenchmarkTest01904.java,0,CWE-22,CWE-23,0,0,1,0,0,0,1,0,0,0,2395,0.00479,320,0.00256,22,0.000176,0.007526000000000001,3.778165340423584
BenchmarkTest01905.java,0,CWE-22,CWE-23,0,1,0,1,0,0,0,0,1,0,2504,0.005008,320,0.00256,21,0.000168,0.007736,4.925903558731079
BenchmarkTest01906.java,0,CWE-22,CWE-23,0,0,1,0,0,0,1,0,0,0,2417,0.004834,320,0.00256,22,0.000176,0.0075699999999999995,5.4286839962005615
BenchmarkTest01907.java,0,CWE-22,CWE-23,0,0,1,0,0,0,1,0,0,0,2383,0.004766,320,0.00256,22,0.000176,0.007502000000000001,4.71314263343811
BenchmarkTest01908.java,0,CWE-22,CWE-23,0,0,1,0,0,0,1,0,0,0,2539,0.005078,320,0.00256,22,0.000176,0.007814000000000002,5.184287071228027
BenchmarkTest01909.java,0,CWE-90,CWE-90,1,1,0,1,0,0,0,0,1,0,2402,0.004804,256,0.002048,21,0.000168,0.00702,4.405366897583008
BenchmarkTest01910.java,0,CWE-330,CWE-330,1,0,1,0,0,0,1,0,0,0,2461,0.004922,128,0.001024,22,0.000176,0.006122,3.012768268585205
BenchmarkTest01911.java,0,CWE-328,CWE-916,0,0,1,0,0,0,1,0,0,0,2504,0.005008,128,0.001024,22,0.000176,0.006208,2.506740093231201
BenchmarkTest01912.java,0,CWE-328,,,,0,0,1,0,0,0,1,0,,,,,,,,
BenchmarkTest01913.java,0,CWE-328,,,,0,0,1,0,0,0,1,0,,,,,,,,
BenchmarkTest01914.java,0,CWE-79,CWE-79,1,1,0,1,0,0,0,0,1,0,2503,0.005006,320,0.00256,21,0.000168,0.0077339999999999996,4.689295768737793
BenchmarkTest01915.java,0,CWE-79,CWE-79,1,1,0,1,0,0,0,0,1,0,2456,0.004912,192,0.001536,21,0.000168,0.0066159999999999995,4.6596410274505615
BenchmarkTest01916.java,0,CWE-79,CWE-79,1,0,1,0,0,0,1,0,0,0,2422,0.004844,256,0.002048,22,0.000176,0.0070680000000000005,4.605912446975708
BenchmarkTest01917.java,0,CWE-79,CWE-79,1,1,0,1,0,0,0,0,1,0,2417,0.004834,192,0.001536,21,0.000168,0.0065379999999999995,4.481658697128296
BenchmarkTest01918.java,0,CWE-79,CWE-79,1,1,0,1,0,0,0,0,1,0,2458,0.004916,320,0.00256,21,0.000168,0.007644,5.235183477401733
BenchmarkTest01919.java,0,CWE-79,CWE-79,1,0,1,0,0,0,1,0,0,0,2452,0.004904,128,0.001024,22,0.000176,0.006104,3.6078906059265137
BenchmarkTest01920.java,0,CWE-79,CWE-79,1,0,1,0,0,0,1,0,0,0,2486,0.004972,256,0.002048,22,0.000176,0.007196,4.660582065582275
BenchmarkTest01921.java,0,CWE-79,CWE-79,1,0,1,0,0,0,1,0,0,0,2520,0.00504,192,0.001536,22,0.000176,0.006752,4.067460298538208
BenchmarkTest01922.java,0,CWE-79,CWE-79,1,0,1,0,0,0,1,0,0,0,2482,0.004964,640,0.00512,22,0.000176,0.01026,7.8945794105529785
BenchmarkTest01923.java,0,CWE-79,CWE-79,1,0,1,0,0,0,1,0,0,0,2440,0.00488,192,0.001536,22,0.000176,0.006592,3.4372522830963135
BenchmarkTest01924.java,0,CWE-79,CWE-79,1,1,0,1,0,0,0,0,1,0,2424,0.004848,704,0.005632,21,0.000168,0.010648,8.075860738754272
BenchmarkTest01925.java,0,CWE-79,CWE-79,1,0,1,0,0,0,1,0,0,0,2456,0.004912,256,0.002048,22,0.000176,0.007135999999999999,4.458686113357544
BenchmarkTest01926.java,0,CWE-79,CWE-79,1,0,1,0,0,0,1,0,0,0,2436,0.004872,192,0.001536,22,0.000176,0.006584,3.906855344772339
BenchmarkTest01927.java,0,CWE-79,CWE-79,1,0,1,0,0,0,1,0,0,0,2445,0.00489,192,0.001536,22,0.000176,0.006602,4.443150043487549
BenchmarkTest01928.java,0,CWE-78,CWE-78,1,0,1,0,0,0,1,0,0,0,2196,0.004392,320,0.00256,22,0.000176,0.007128,5.838976860046387
BenchmarkTest01929.java,0,CWE-78,CWE-78,1,0,1,0,0,0,1,0,0,0,2180,0.00436,192,0.001536,22,0.000176,0.006072,3.4590723514556885
BenchmarkTest01930.java,0,CWE-330,CWE-330,1,0,1,0,0,0,1,0,0,0,2395,0.00479,384,0.003072,22,0.000176,0.008038000000000002,5.725864410400391
BenchmarkTest01931.java,0,CWE-330,CWE-330,1,0,1,0,0,0,1,0,0,0,2596,0.005192,64,0.000512,22,0.000176,0.00588,2.32501482963562
BenchmarkTest01932.java,0,CWE-330,CWE-330,1,0,1,0,0,0,1,0,0,0,2421,0.004842,192,0.001536,22,0.000176,0.006554,3.7502920627593994
BenchmarkTest01933.java,0,CWE-330,CWE-330,1,0,1,0,0,0,1,0,0,0,2366,0.004732,192,0.001536,22,0.000176,0.006444,3.179934024810791
BenchmarkTest01934.java,0,CWE-330,CWE-330,1,0,1,0,0,0,1,0,0,0,2360,0.00472,128,0.001024,22,0.000176,0.00592,3.6449975967407227
BenchmarkTest01935.java,0,CWE-614,,,,0,0,1,0,0,0,1,0,,,,,,,,
BenchmarkTest01936.java,0,CWE-78,CWE-78,1,0,1,0,0,0,1,0,0,0,2137,0.004274,448,0.003584,22,0.000176,0.008034000000000001,6.104949951171875
BenchmarkTest01937.java,0,CWE-78,CWE-78,1,1,0,1,0,0,0,0,1,0,2139,0.004278,640,0.00512,21,0.000168,0.009566,7.472616672515869
BenchmarkTest01938.java,0,CWE-78,CWE-78,1,0,1,0,0,0,1,0,0,0,2252,0.004504,1024,0.008192,22,0.000176,0.012872,11.967368125915527
BenchmarkTest01939.java,0,CWE-78,CWE-78,1,1,0,1,0,0,0,0,1,0,2058,0.004116,512,0.004096,21,0.000168,0.00838,6.936008930206299
BenchmarkTest01940.java,0,CWE-78,CWE-78,1,0,1,0,0,0,1,0,0,0,2129,0.004258,448,0.003584,22,0.000176,0.008018,6.406353950500488
BenchmarkTest01941.java,0,CWE-78,CWE-78,1,1,0,1,0,0,0,0,1,0,2238,0.004476,576,0.004608,21,0.000168,0.009252,6.928716421127319
BenchmarkTest01942.java,0,CWE-78,CWE-78,1,0,1,0,0,0,1,0,0,0,2095,0.00419,320,0.00256,22,0.000176,0.006926000000000001,6.221255779266357
BenchmarkTest01943.java,0,CWE-78,CWE-78,1,1,0,1,0,0,0,0,1,0,2195,0.00439,320,0.00256,21,0.000168,0.007117999999999999,4.654282331466675
BenchmarkTest01944.java,0,CWE-78,CWE-78,1,0,1,0,0,0,1,0,0,0,2187,0.004374,192,0.001536,22,0.000176,0.006086,4.532387018203735
BenchmarkTest01945.java,0,CWE-330,,,,0,0,1,0,0,0,1,0,,,,,,,,
BenchmarkTest01946.java,0,CWE-330,,,,0,0,1,0,0,0,1,0,,,,,,,,
BenchmarkTest01947.java,0,CWE-330,,,,0,0,1,0,0,0,1,0,,,,,,,,
BenchmarkTest01948.java,0,CWE-330,,,,0,0,1,0,0,0,1,0,,,,,,,,
BenchmarkTest01949.java,0,CWE-330,,,,0,0,1,0,0,0,1,0,,,,,,,,
BenchmarkTest01950.java,0,CWE-330,,,,0,0,1,0,0,0,1,0,,,,,,,,
BenchmarkTest01951.java,0,CWE-330,,,,0,0,1,0,0,0,1,0,,,,,,,,
BenchmarkTest01952.java,0,CWE-330,,,,0,0,1,0,0,0,1,0,,,,,,,,
BenchmarkTest01953.java,0,CWE-330,,,,0,0,1,0,0,0,1,0,,,,,,,,
BenchmarkTest01954.java,0,CWE-330,,,,0,0,1,0,0,0,1,0,,,,,,,,
BenchmarkTest01961.java,0,CWE-89,CWE-89,1,1,0,1,0,0,0,0,1,0,2267,0.004534,576,0.004608,21,0.000168,0.00931,7.006458520889282
BenchmarkTest01962.java,0,CWE-89,CWE-89,1,0,1,0,0,0,1,0,0,0,2080,0.00416,192,0.001536,22,0.000176,0.005872,4.208641767501831
BenchmarkTest01963.java,0,CWE-89,CWE-89,1,0,1,0,0,0,1,0,0,0,2044,0.004088,192,0.001536,22,0.000176,0.0058,4.157403230667114
BenchmarkTest01964.java,0,CWE-89,CWE-89,1,0,1,0,0,0,1,0,0,0,2283,0.004566,192,0.001536,22,0.000176,0.006278,4.004340887069702
BenchmarkTest01965.java,0,CWE-89,,,,0,0,1,0,0,0,1,0,,,,,,,,
BenchmarkTest01966.java,0,CWE-89,,,,0,0,1,0,0,0,1,0,,,,,,,,
BenchmarkTest01967.java,0,CWE-89,,,,0,0,1,0,0,0,1,0,,,,,,,,
BenchmarkTest01968.java,0,CWE-89,CWE-89,1,0,0,1,0,0,0,1,0,0,2111,0.004222,256,0.002048,22,0.000176,0.0064459999999999995,5.758960485458374
BenchmarkTest01969.java,0,CWE-89,CWE-89,1,1,0,1,0,0,0,0,1,0,2046,0.004092,256,0.002048,21,0.000168,0.006307999999999999,6.320759534835815
BenchmarkTest01970.java,0,CWE-89,CWE-89,1,0,1,0,0,0,1,0,0,0,2109,0.004218,192,0.001536,22,0.000176,0.00593,5.617470979690552
BenchmarkTest01971.java,0,CWE-89,CWE-89,1,0,1,0,0,0,1,0,0,0,2109,0.004218,128,0.001024,22,0.000176,0.005418,4.636916637420654
BenchmarkTest01972.java,0,CWE-89,CWE-89,1,0,1,0,0,0,1,0,0,0,2012,0.004024,192,0.001536,22,0.000176,0.005736,3.925952911376953
BenchmarkTest01973.java,0,CWE-89,CWE-89,1,1,0,1,0,0,0,0,1,0,2092,0.004184,512,0.004096,21,0.000168,0.008447999999999999,8.99331784248352
BenchmarkTest01974.java,0,CWE-643,CWE-643,1,0,1,0,0,0,1,0,0,0,2242,0.004484,192,0.001536,22,0.000176,0.006196,5.200988054275513
BenchmarkTest01975.java,0,CWE-327,,,,0,0,1,0,0,0,1,0,,,,,,,,
BenchmarkTest01976.java,0,CWE-327,,,,0,0,1,0,0,0,1,0,,,,,,,,
BenchmarkTest01977.java,0,CWE-327,,,,0,0,1,0,0,0,1,0,,,,,,,,
BenchmarkTest01978.java,0,CWE-327,CWE-327,1,0,1,0,0,0,1,0,0,0,2489,0.004978,64,0.000512,22,0.000176,0.005666,2.821708917617798
BenchmarkTest01979.java,0,CWE-327,,,,0,0,1,0,0,0,1,0,,,,,,,,
BenchmarkTest01980.java,0,CWE-327,CWE-327,1,0,1,0,0,0,1,0,0,0,2444,0.004888,192,0.001536,22,0.000176,0.0066,6.250280380249023
BenchmarkTest01981.java,0,CWE-327,CWE-327,1,0,1,0,0,0,1,0,0,0,2454,0.004908,256,0.002048,22,0.000176,0.007132,7.5578906536102295
BenchmarkTest01982.java,0,CWE-327,,,,0,0,1,0,0,0,1,0,,,,,,,,
BenchmarkTest01983.java,0,CWE-22,CWE-23,0,0,1,0,0,0,1,0,0,0,2402,0.004804,1280,0.01024,23,0.000184,0.015228000000000002,22.569697856903076
BenchmarkTest01984.java,0,CWE-22,CWE-23,0,1,0,1,0,0,0,0,1,0,2470,0.00494,512,0.004096,21,0.000168,0.009203999999999999,7.461555004119873
BenchmarkTest01985.java,0,CWE-22,CWE-23,0,1,1,0,0,0,0,0,0,1,2408,0.004816,640,0.00512,21,0.000168,0.010104,12.665557384490967
BenchmarkTest01986.java,0,CWE-22,CWE-23,0,1,0,1,0,0,0,0,1,0,2611,0.005222,256,0.002048,21,0.000168,0.007438,6.2836594581604
BenchmarkTest01987.java,0,CWE-22,CWE-23,0,0,1,0,0,0,1,0,0,0,2603,0.005206,1152,0.009216,22,0.000176,0.014598000000000002,16.953991889953613
BenchmarkTest01988.java,0,CWE-22,CWE-23,0,1,1,0,0,0,0,0,0,1,2557,0.005114,896,0.007168,21,0.000168,0.01245,14.917698860168457
BenchmarkTest01989.java,0,CWE-22,CWE-23,0,1,1,0,0,0,0,0,0,1,2433,0.004866,512,0.004096,21,0.000168,0.00913,7.91195821762085
BenchmarkTest01990.java,0,CWE-22,CWE-23,0,1,0,1,0,0,0,0,1,0,2490,0.00498,320,0.00256,21,0.000168,0.007708,6.837818145751953
BenchmarkTest01991.java,0,CWE-22,CWE-23,0,1,0,1,0,0,0,0,1,0,2757,0.005514,960,0.00768,21,0.000168,0.013362,15.634472131729126
BenchmarkTest01992.java,0,CWE-330,CWE-330,1,0,1,0,0,0,1,0,0,0,2647,0.005294,128,0.001024,22,0.000176,0.006494,4.827801465988159
BenchmarkTest01993.java,0,CWE-328,,,,0,0,1,0,0,0,1,0,,,,,,,,
BenchmarkTest01994.java,0,CWE-328,,,,0,0,1,0,0,0,1,0,,,,,,,,
BenchmarkTest01995.java,0,CWE-328,,,,0,0,1,0,0,0,1,0,,,,,,,,
BenchmarkTest01996.java,0,CWE-328,,,,0,0,0,1,0,0,0,1,,,,,,,,
BenchmarkTest01997.java,0,CWE-328,,,,0,0,0,1,0,0,0,1,,,,,,,,
BenchmarkTest01998.java,0,CWE-328,,,,0,0,1,0,0,0,1,0,,,,,,,,
BenchmarkTest01999.java,0,CWE-330,CWE-330,1,0,1,0,0,0,1,0,0,0,2531,0.005062,128,0.001024,22,0.000176,0.006261999999999999,3.9258534908294678
BenchmarkTest02000.java,0,CWE-330,CWE-330,1,0,1,0,0,0,1,0,0,0,2451,0.004902,128,0.001024,22,0.000176,0.006102,4.749835014343262
BenchmarkTest02001.java,0,CWE-330,CWE-330,1,0,1,0,0,0,1,0,0,0,2436,0.004872,192,0.001536,22,0.000176,0.006584,5.417162179946899
BenchmarkTest02002.java,0,CWE-330,CWE-330,1,0,1,0,0,0,1,0,0,0,2446,0.004892,192,0.001536,22,0.000176,0.006604,5.244089126586914
BenchmarkTest02003.java,0,CWE-330,CWE-330,1,0,1,0,0,0,1,0,0,0,2637,0.005274,192,0.001536,22,0.000176,0.006986,5.38029408454895
BenchmarkTest02004.java,0,CWE-330,CWE-330,1,0,1,0,0,0,1,0,0,0,2403,0.004806,192,0.001536,22,0.000176,0.006518,4.443114995956421
BenchmarkTest02005.java,0,CWE-614,CWE-614,1,0,1,0,0,0,1,0,0,0,2275,0.00455,64,0.000512,22,0.000176,0.0052380000000000005,3.0270044803619385
BenchmarkTest02006.java,0,CWE-614,,,,0,0,1,0,0,0,1,0,,,,,,,,
BenchmarkTest02007.java,0,CWE-330,,,,0,0,1,0,0,0,1,0,,,,,,,,
BenchmarkTest02008.java,0,CWE-330,,,,0,0,1,0,0,0,1,0,,,,,,,,
BenchmarkTest02009.java,0,CWE-330,,,,0,0,1,0,0,0,1,0,,,,,,,,
BenchmarkTest02010.java,0,CWE-330,,,,0,0,1,0,0,0,1,0,,,,,,,,
BenchmarkTest02011.java,0,CWE-330,,,,0,0,1,0,0,0,1,0,,,,,,,,
BenchmarkTest02012.java,0,CWE-330,,,,0,0,1,0,0,0,1,0,,,,,,,,
BenchmarkTest02013.java,0,CWE-330,,,,0,0,1,0,0,0,1,0,,,,,,,,
BenchmarkTest02014.java,0,CWE-330,,,,0,0,1,0,0,0,1,0,,,,,,,,
BenchmarkTest02017.java,0,CWE-327,CWE-327,1,0,1,0,0,0,1,0,0,0,2734,0.005468,64,0.000512,22,0.000176,0.006156,3.078568458557129
BenchmarkTest02018.java,0,CWE-327,CWE-327,1,0,1,0,0,0,1,0,0,0,2909,0.005818,128,0.001024,22,0.000176,0.007018,3.4804553985595703
BenchmarkTest02019.java,0,CWE-327,CWE-327,1,0,1,0,0,0,1,0,0,0,2721,0.005442,64,0.000512,22,0.000176,0.00613,3.630453109741211
BenchmarkTest02020.java,0,CWE-327,CWE-327,1,0,1,0,0,0,1,0,0,0,2852,0.005704,192,0.001536,22,0.000176,0.007416,4.041864633560181
BenchmarkTest02021.java,0,CWE-327,,,,0,0,1,0,0,0,1,0,,,,,,,,
BenchmarkTest02022.java,0,CWE-327,CWE-327,1,0,1,0,0,0,1,0,0,0,2408,0.004816,128,0.001024,22,0.000176,0.006016,3.0098586082458496
BenchmarkTest02023.java,0,CWE-327,CWE-327,1,0,1,0,0,0,1,0,0,0,2409,0.004818,64,0.000512,22,0.000176,0.0055060000000000005,1.8664801120758057
BenchmarkTest02024.java,0,CWE-327,,,,0,0,1,0,0,0,1,0,,,,,,,,
BenchmarkTest02025.java,0,CWE-90,CWE-90,1,1,0,1,0,0,0,0,1,0,2318,0.004636,320,0.00256,21,0.000168,0.007364000000000001,5.4618449211120605
BenchmarkTest02026.java,0,CWE-22,CWE-23,0,1,0,1,0,0,0,0,1,0,2408,0.004816,448,0.003584,21,0.000168,0.008568,8.189635753631592
BenchmarkTest02027.java,0,CWE-22,CWE-23,0,0,1,0,0,0,1,0,0,0,2359,0.004718,192,0.001536,22,0.000176,0.00643,3.5231430530548096
BenchmarkTest02028.java,0,CWE-22,CWE-23,0,1,0,1,0,0,0,0,1,0,2415,0.00483,256,0.002048,21,0.000168,0.007046,4.255894660949707
BenchmarkTest02029.java,0,CWE-22,CWE-23,0,1,0,1,0,0,0,0,1,0,2419,0.004838,448,0.003584,21,0.000168,0.00859,7.138882160186768
BenchmarkTest02030.java,0,CWE-22,CWE-23,0,1,0,1,0,0,0,0,1,0,2705,0.00541,512,0.004096,21,0.000168,0.009674,7.38552188873291
BenchmarkTest02031.java,0,CWE-22,CWE-23,0,1,0,1,0,0,0,0,1,0,2491,0.004982,192,0.001536,21,0.000168,0.006686,3.0540852546691895
BenchmarkTest02032.java,0,CWE-22,CWE-23,0,0,1,0,0,0,1,0,0,0,2449,0.004898,256,0.002048,22,0.000176,0.007121999999999999,3.338766098022461
BenchmarkTest02033.java,0,CWE-22,CWE-23,0,1,0,1,0,0,0,0,1,0,2453,0.004906,256,0.002048,21,0.000168,0.007122,3.5495779514312744
BenchmarkTest02034.java,0,CWE-22,CWE-23,0,0,1,0,0,0,1,0,0,0,2359,0.004718,256,0.002048,22,0.000176,0.006941999999999999,3.7928972244262695
BenchmarkTest02035.java,0,CWE-22,CWE-23,0,1,0,1,0,0,0,0,1,0,2515,0.00503,256,0.002048,21,0.000168,0.007245999999999999,4.155776500701904
BenchmarkTest02036.java,0,CWE-90,CWE-90,1,0,1,0,0,0,1,0,0,0,2398,0.004796,256,0.002048,22,0.000176,0.007019999999999999,3.5640976428985596
BenchmarkTest02037.java,0,CWE-90,CWE-90,1,0,1,0,0,0,1,0,0,0,2359,0.004718,320,0.00256,22,0.000176,0.007454,4.474884748458862
BenchmarkTest02038.java,0,CWE-330,CWE-330,1,0,1,0,0,0,1,0,0,0,2450,0.0049,640,0.00512,22,0.000176,0.010196000000000002,8.94955039024353
BenchmarkTest02039.java,0,CWE-330,CWE-330,1,0,1,0,0,0,1,0,0,0,2394,0.004788,128,0.001024,22,0.000176,0.005987999999999999,2.5911693572998047
BenchmarkTest02040.java,0,CWE-330,CWE-330,1,0,1,0,0,0,1,0,0,0,2469,0.004938,256,0.002048,22,0.000176,0.007161999999999999,3.5662248134613037
BenchmarkTest02041.java,0,CWE-328,,,,0,0,1,0,0,0,1,0,,,,,,,,
BenchmarkTest02042.java,0,CWE-328,CWE-916,0,0,1,0,0,0,1,0,0,0,2432,0.004864,192,0.001536,22,0.000176,0.006576,3.1631126403808594
BenchmarkTest02043.java,0,CWE-328,,,,0,0,1,0,0,0,1,0,,,,,,,,
BenchmarkTest02044.java,0,CWE-328,,,,0,0,1,0,0,0,1,0,,,,,,,,
BenchmarkTest02045.java,0,CWE-79,CWE-79,1,1,0,1,0,0,0,0,1,0,2515,0.00503,320,0.00256,21,0.000168,0.007757999999999999,4.458613157272339
BenchmarkTest02046.java,0,CWE-79,CWE-79,1,0,1,0,0,0,1,0,0,0,2500,0.005,256,0.002048,22,0.000176,0.007224,4.0180745124816895
BenchmarkTest02047.java,0,CWE-79,CWE-79,1,0,1,0,0,0,1,0,0,0,2450,0.0049,320,0.00256,22,0.000176,0.0076359999999999996,4.957624197006226
BenchmarkTest02048.java,0,CWE-79,CWE-79,1,1,0,1,0,0,0,0,1,0,2673,0.005346,384,0.003072,21,0.000168,0.008586,5.913719177246094
BenchmarkTest02049.java,0,CWE-79,CWE-79,1,1,0,1,0,0,0,0,1,0,2451,0.004902,704,0.005632,21,0.000168,0.010702,9.364352226257324
BenchmarkTest02050.java,0,CWE-79,CWE-79,1,0,1,0,0,0,1,0,0,0,2472,0.004944,256,0.002048,22,0.000176,0.007168,4.035234689712524
BenchmarkTest02051.java,0,CWE-79,CWE-79,1,0,1,0,0,0,1,0,0,0,2464,0.004928,192,0.001536,22,0.000176,0.00664,4.680676460266113
BenchmarkTest02052.java,0,CWE-79,CWE-79,1,1,0,1,0,0,0,0,1,0,2535,0.00507,512,0.004096,21,0.000168,0.009334,6.223732948303223
BenchmarkTest02053.java,0,CWE-79,CWE-79,1,1,0,1,0,0,0,0,1,0,2470,0.00494,384,0.003072,21,0.000168,0.00818,6.223732948303223
BenchmarkTest02054.java,0,CWE-79,CWE-79,1,0,1,0,0,0,1,0,0,0,2439,0.004878,256,0.002048,22,0.000176,0.007102,3.8726112842559814
BenchmarkTest02055.java,0,CWE-79,CWE-79,1,0,1,0,0,0,1,0,0,0,2441,0.004882,192,0.001536,22,0.000176,0.006594,3.4767532348632812
BenchmarkTest02056.java,0,CWE-79,CWE-79,1,0,1,0,0,0,1,0,0,0,2497,0.004994,128,0.001024,22,0.000176,0.006194,2.596285581588745
BenchmarkTest02057.java,0,CWE-79,CWE-79,1,0,1,0,0,0,1,0,0,0,2532,0.005064,896,0.007168,22,0.000176,0.012408,11.286237478256226
BenchmarkTest02058.java,0,CWE-78,CWE-78,1,1,0,1,0,0,0,0,1,0,2179,0.004358,256,0.002048,21,0.000168,0.006574,4.4276442527771
BenchmarkTest02059.java,0,CWE-78,CWE-78,1,0,1,0,0,0,1,0,0,0,2200,0.0044,384,0.003072,22,0.000176,0.007648,10.197635173797607
BenchmarkTest02060.java,0,CWE-330,CWE-330,1,0,1,0,0,0,1,0,0,0,2431,0.004862,320,0.00256,22,0.000176,0.007598,5.014987468719482
BenchmarkTest02061.java,0,CWE-330,CWE-330,1,0,1,0,0,0,1,0,0,0,2395,0.00479,192,0.001536,22,0.000176,0.006502,3.3868610858917236
BenchmarkTest02062.java,0,CWE-330,CWE-330,1,0,1,0,0,0,1,0,0,0,2597,0.005194,64,0.000512,22,0.000176,0.005882,2.154703378677368
BenchmarkTest02063.java,0,CWE-330,CWE-330,1,0,1,0,0,0,1,0,0,0,2377,0.004754,128,0.001024,22,0.000176,0.005954,2.175239324569702
BenchmarkTest02064.java,0,CWE-614,,,,0,0,1,0,0,0,1,0,,,,,,,,
BenchmarkTest02065.java,0,CWE-614,,,,0,0,1,0,0,0,1,0,,,,,,,,
BenchmarkTest02066.java,0,CWE-614,,,,0,0,1,0,0,0,1,0,,,,,,,,
BenchmarkTest02067.java,0,CWE-78,CWE-78,1,1,0,1,0,0,0,0,1,0,2270,0.00454,512,0.004096,21,0.000168,0.008804,6.996247053146362
BenchmarkTest02068.java,0,CWE-78,CWE-78,1,1,0,1,0,0,0,0,1,0,2066,0.004132,448,0.003584,21,0.000168,0.007884,6.323759317398071
BenchmarkTest02069.java,0,CWE-78,CWE-78,1,1,0,1,0,0,0,0,1,0,2180,0.00436,576,0.004608,21,0.000168,0.009136,7.428250312805176
BenchmarkTest02070.java,0,CWE-78,CWE-78,1,0,1,0,0,0,1,0,0,0,2061,0.004122,832,0.006656,22,0.000176,0.010954,10.434289455413818
BenchmarkTest02071.java,0,CWE-330,,,,0,0,1,0,0,0,1,0,,,,,,,,
BenchmarkTest02072.java,0,CWE-330,,,,0,0,1,0,0,0,1,0,,,,,,,,
BenchmarkTest02073.java,0,CWE-330,,,,0,0,1,0,0,0,1,0,,,,,,,,
BenchmarkTest02074.java,0,CWE-330,,,,0,0,1,0,0,0,1,0,,,,,,,,
BenchmarkTest02075.java,0,CWE-330,CWE-330,1,1,0,1,0,0,0,0,1,0,2511,0.005022,1024,0.008192,21,0.000168,0.013382,16.61462903022766
BenchmarkTest02076.java,0,CWE-330,CWE-330,1,1,0,1,0,0,0,0,1,0,2551,0.005102,704,0.005632,21,0.000168,0.010902,7.142706632614136
BenchmarkTest02077.java,0,CWE-330,,,,0,0,1,0,0,0,1,0,,,,,,,,
BenchmarkTest02078.java,0,CWE-330,,,,0,0,1,0,0,0,1,0,,,,,,,,
BenchmarkTest02079.java,0,CWE-330,,,,0,0,1,0,0,0,1,0,,,,,,,,
BenchmarkTest02080.java,0,CWE-330,,,,0,0,1,0,0,0,1,0,,,,,,,,
BenchmarkTest02081.java,0,CWE-330,,,,0,0,1,0,0,0,1,0,,,,,,,,
BenchmarkTest02082.java,0,CWE-330,,,,0,0,1,0,0,0,1,0,,,,,,,,
BenchmarkTest02083.java,0,CWE-330,,,,0,0,1,0,0,0,1,0,,,,,,,,
BenchmarkTest02087.java,0,CWE-89,CWE-89,1,0,1,0,0,0,1,0,0,0,2071,0.004142,256,0.002048,22,0.000176,0.006365999999999999,3.731318473815918
BenchmarkTest02088.java,0,CWE-89,CWE-89,1,0,1,0,0,0,1,0,0,0,2088,0.004176,192,0.001536,22,0.000176,0.005888,4.2879860401153564
BenchmarkTest02089.java,0,CWE-89,CWE-89,1,1,0,1,0,0,0,0,1,0,2092,0.004184,448,0.003584,21,0.000168,0.007936,6.440359592437744
BenchmarkTest02090.java,0,CWE-89,,,,0,0,0,1,0,0,0,1,,,,,,,,
BenchmarkTest02091.java,0,CWE-89,CWE-89,1,0,1,0,0,0,1,0,0,0,2203,0.004406,128,0.001024,22,0.000176,0.005606,3.4657771587371826
BenchmarkTest02092.java,0,CWE-89,CWE-89,1,0,1,0,0,0,1,0,0,0,2081,0.004162,128,0.001024,22,0.000176,0.005362,2.862994432449341
BenchmarkTest02093.java,0,CWE-89,CWE-89,1,1,0,1,0,0,0,0,1,0,2103,0.004206,320,0.00256,21,0.000168,0.006933999999999999,5.382715702056885
BenchmarkTest02094.java,0,CWE-89,CWE-89,1,0,1,0,0,0,1,0,0,0,2048,0.004096,64,0.000512,22,0.000176,0.004784,2.685110092163086
BenchmarkTest02095.java,0,CWE-89,CWE-89,1,1,0,1,0,0,0,0,1,0,2127,0.004254,384,0.003072,21,0.000168,0.007494,5.649716377258301
BenchmarkTest02096.java,0,CWE-89,CWE-89,1,0,1,0,0,0,1,0,0,0,2069,0.004138,192,0.001536,22,0.000176,0.00585,3.9399619102478027
BenchmarkTest02097.java,0,CWE-89,CWE-89,1,1,0,1,0,0,0,0,1,0,2123,0.004246,192,0.001536,21,0.000168,0.0059499999999999996,3.931612491607666
BenchmarkTest02098.java,0,CWE-89,CWE-89,1,1,0,1,0,0,0,0,1,0,2111,0.004222,320,0.00256,21,0.000168,0.00695,5.029451608657837
BenchmarkTest02099.java,0,CWE-89,CWE-89,1,0,1,0,0,0,1,0,0,0,2069,0.004138,256,0.002048,22,0.000176,0.0063620000000000005,3.67008376121521
BenchmarkTest02100.java,0,CWE-643,CWE-643,1,0,1,0,0,0,1,0,0,0,2261,0.004522,128,0.001024,22,0.000176,0.005722,2.885589122772217
BenchmarkTest02101.java,0,CWE-327,CWE-327,1,0,1,0,0,0,1,0,0,0,2744,0.005488,64,0.000512,22,0.000176,0.006176,2.24007248878479
BenchmarkTest02102.java,0,CWE-327,,,,0,0,1,0,0,0,1,0,,,,,,,,
BenchmarkTest02103.java,0,CWE-327,,,,0,0,1,0,0,0,1,0,,,,,,,,
BenchmarkTest02104.java,0,CWE-90,CWE-90,1,1,0,1,0,0,0,0,1,0,2343,0.004686,512,0.004096,21,0.000168,0.00895,6.0909717082977295
BenchmarkTest02105.java,0,CWE-22,CWE-23,0,0,1,0,0,0,1,0,0,0,2356,0.004712,256,0.002048,22,0.000176,0.006936,4.8711912631988525
BenchmarkTest02106.java,0,CWE-22,CWE-23,0,0,1,0,0,0,1,0,0,0,2327,0.004654,384,0.003072,22,0.000176,0.007902000000000001,6.297609090805054
BenchmarkTest02107.java,0,CWE-22,CWE-23,0,1,0,1,0,0,0,0,1,0,2320,0.00464,256,0.002048,21,0.000168,0.006855999999999999,4.67707896232605
BenchmarkTest02108.java,0,CWE-22,CWE-23,0,1,0,1,0,0,0,0,1,0,2436,0.004872,256,0.002048,21,0.000168,0.007087999999999999,5.91094970703125
BenchmarkTest02109.java,0,CWE-22,CWE-23,0,0,1,0,0,0,1,0,0,0,2374,0.004748,704,0.005632,22,0.000176,0.010556000000000001,9.73148512840271
BenchmarkTest02110.java,0,CWE-22,CWE-23,0,1,0,1,0,0,0,0,1,0,2396,0.004792,256,0.002048,21,0.000168,0.007008,4.871450424194336
BenchmarkTest02111.java,0,CWE-22,CWE-23,0,1,0,1,0,0,0,0,1,0,2357,0.004714,448,0.003584,21,0.000168,0.008466,17.05639100074768
BenchmarkTest02112.java,0,CWE-22,CWE-23,0,0,1,0,0,0,1,0,0,0,2420,0.00484,256,0.002048,22,0.000176,0.007064,4.812490940093994
BenchmarkTest02113.java,0,CWE-22,CWE-23,0,0,1,0,0,0,1,0,0,0,2543,0.005086,320,0.00256,22,0.000176,0.007822,5.2746193408966064
BenchmarkTest02114.java,0,CWE-90,CWE-90,1,1,0,1,0,0,0,0,1,0,2365,0.00473,512,0.004096,21,0.000168,0.008994,9.230353116989136
BenchmarkTest02115.java,0,CWE-90,CWE-90,1,1,0,1,0,0,0,0,1,0,2398,0.004796,448,0.003584,21,0.000168,0.008548,6.818405628204346
BenchmarkTest02116.java,0,CWE-90,CWE-90,1,1,0,1,0,0,0,0,1,0,2357,0.004714,320,0.00256,21,0.000168,0.007442000000000001,5.879245758056641
BenchmarkTest02117.java,0,CWE-330,CWE-330,1,0,1,0,0,0,1,0,0,0,2437,0.004874,320,0.00256,22,0.000176,0.00761,5.491983652114868
BenchmarkTest02118.java,0,CWE-328,CWE-916,0,0,1,0,0,0,1,0,0,0,2428,0.004856,192,0.001536,22,0.000176,0.006568,3.526601791381836
BenchmarkTest02119.java,0,CWE-328,,,,0,0,1,0,0,0,1,0,,,,,,,,
BenchmarkTest02120.java,0,CWE-328,,,,0,0,1,0,0,0,1,0,,,,,,,,
BenchmarkTest02121.java,0,CWE-328,,,,0,0,0,1,0,0,0,1,,,,,,,,
BenchmarkTest02122.java,0,CWE-79,CWE-79,1,1,0,1,0,0,0,0,1,0,2510,0.00502,512,0.004096,21,0.000168,0.009283999999999999,11.107504844665527
BenchmarkTest02123.java,0,CWE-79,CWE-79,1,0,1,0,0,0,1,0,0,0,2426,0.004852,320,0.00256,22,0.000176,0.007588,5.926998138427734
BenchmarkTest02124.java,0,CWE-79,CWE-79,1,0,1,0,0,0,1,0,0,0,2434,0.004868,256,0.002048,22,0.000176,0.007092,4.886291742324829
BenchmarkTest02125.java,0,CWE-79,CWE-79,1,1,0,1,0,0,0,0,1,0,2387,0.004774,320,0.00256,21,0.000168,0.007502,5.438208818435669
BenchmarkTest02126.java,0,CWE-79,CWE-79,1,0,1,0,0,0,1,0,0,0,2595,0.00519,640,0.00512,22,0.000176,0.010486,8.158960819244385
BenchmarkTest02127.java,0,CWE-79,CWE-79,1,0,1,0,0,0,1,0,0,0,2408,0.004816,128,0.001024,22,0.000176,0.006016,3.0657505989074707
BenchmarkTest02128.java,0,CWE-79,CWE-79,1,0,1,0,0,0,1,0,0,0,2410,0.00482,128,0.001024,22,0.000176,0.006019999999999999,3.638051748275757
BenchmarkTest02129.java,0,CWE-79,CWE-79,1,0,1,0,0,0,1,0,0,0,2416,0.004832,320,0.00256,22,0.000176,0.007568000000000001,5.492296934127808
BenchmarkTest02130.java,0,CWE-79,CWE-79,1,0,1,0,0,0,1,0,0,0,2425,0.00485,256,0.002048,22,0.000176,0.0070739999999999996,4.9343671798706055
BenchmarkTest02131.java,0,CWE-79,CWE-79,1,0,1,0,0,0,1,0,0,0,2425,0.00485,576,0.004608,22,0.000176,0.009634000000000002,6.439886808395386
BenchmarkTest02132.java,0,CWE-79,CWE-79,1,0,1,0,0,0,1,0,0,0,2595,0.00519,576,0.004608,22,0.000176,0.009974000000000002,8.9669508934021
BenchmarkTest02133.java,0,CWE-79,CWE-79,1,0,1,0,0,0,1,0,0,0,2404,0.004808,192,0.001536,22,0.000176,0.00652,3.1627230644226074
BenchmarkTest02134.java,0,CWE-79,CWE-79,1,0,1,0,0,0,1,0,0,0,2412,0.004824,320,0.00256,22,0.000176,0.00756,4.815948247909546
BenchmarkTest02135.java,0,CWE-79,CWE-79,1,1,0,1,0,0,0,0,1,0,2609,0.005218,256,0.002048,21,0.000168,0.007434,4.074933767318726
BenchmarkTest02136.java,0,CWE-79,CWE-79,1,0,1,0,0,0,1,0,0,0,2432,0.004864,192,0.001536,22,0.000176,0.006576,3.1528215408325195
BenchmarkTest02137.java,0,CWE-78,CWE-78,1,0,1,0,0,0,1,0,0,0,2109,0.004218,448,0.003584,22,0.000176,0.007978,4.986649036407471
BenchmarkTest02138.java,0,CWE-330,CWE-330,1,0,1,0,0,0,1,0,0,0,2395,0.00479,192,0.001536,22,0.000176,0.006502,3.1405043601989746
BenchmarkTest02139.java,0,CWE-330,CWE-330,1,0,1,0,0,0,1,0,0,0,2361,0.004722,192,0.001536,22,0.000176,0.006434,4.135435104370117
BenchmarkTest02140.java,0,CWE-330,CWE-330,1,0,1,0,0,0,1,0,0,0,2369,0.004738,448,0.003584,22,0.000176,0.008498,4.795299768447876
BenchmarkTest02141.java,0,CWE-330,CWE-330,1,0,1,0,0,0,1,0,0,0,2331,0.004662,128,0.001024,22,0.000176,0.005862,2.431870698928833
BenchmarkTest02142.java,0,CWE-614,CWE-614,1,0,1,0,0,0,1,0,0,0,2189,0.004378,192,0.001536,22,0.000176,0.00609,3.335014581680298
BenchmarkTest02143.java,0,CWE-614,,,,0,0,1,0,0,0,1,0,,,,,,,,
BenchmarkTest02144.java,0,CWE-614,,,,0,0,1,0,0,0,1,0,,,,,,,,
BenchmarkTest02145.java,0,CWE-79,CWE-79,1,0,1,0,0,0,1,0,0,0,2601,0.005202,640,0.00512,22,0.000176,0.010498000000000002,8.346612691879272
BenchmarkTest02146.java,0,CWE-78,CWE-78,1,0,1,0,0,0,1,0,0,0,2107,0.004214,384,0.003072,22,0.000176,0.007462,5.861999034881592
BenchmarkTest02147.java,0,CWE-78,CWE-78,1,0,1,0,0,0,1,0,0,0,2047,0.004094,576,0.004608,22,0.000176,0.008878000000000002,7.662905216217041
BenchmarkTest02148.java,0,CWE-78,CWE-78,1,1,0,1,0,0,0,0,1,0,2382,0.004764,576,0.004608,21,0.000168,0.00954,11.051136255264282
BenchmarkTest02149.java,0,CWE-78,CWE-78,1,1,0,1,0,0,0,0,1,0,2184,0.004368,384,0.003072,21,0.000168,0.007608,4.868751764297485
BenchmarkTest02150.java,0,CWE-78,CWE-78,1,0,1,0,0,0,1,0,0,0,2245,0.00449,896,0.007168,22,0.000176,0.011834,11.49512505531311
BenchmarkTest02151.java,0,CWE-78,CWE-78,1,0,1,0,0,0,1,0,0,0,2222,0.004444,576,0.004608,22,0.000176,0.009228000000000002,8.466434001922607
BenchmarkTest02152.java,0,CWE-78,CWE-78,1,0,1,0,0,0,1,0,0,0,2204,0.004408,1024,0.008192,22,0.000176,0.012776000000000001,12.391134977340698
BenchmarkTest02153.java,0,CWE-78,CWE-78,1,1,0,1,0,0,0,0,1,0,2232,0.004464,576,0.004608,21,0.000168,0.00924,7.642548561096191
BenchmarkTest02154.java,0,CWE-78,CWE-78,1,0,1,0,0,0,1,0,0,0,2099,0.004198,384,0.003072,22,0.000176,0.007446,9.117420673370361
BenchmarkTest02155.java,0,CWE-78,CWE-78,1,0,1,0,0,0,1,0,0,0,2053,0.004106,768,0.006144,22,0.000176,0.010426000000000001,9.626261234283447
BenchmarkTest02156.java,0,CWE-78,CWE-78,1,1,0,1,0,0,0,0,1,0,2025,0.00405,384,0.003072,21,0.000168,0.00729,4.903585433959961
BenchmarkTest02157.java,0,CWE-330,,,,0,0,1,0,0,0,1,0,,,,,,,,
BenchmarkTest02158.java,0,CWE-330,,,,0,0,1,0,0,0,1,0,,,,,,,,
BenchmarkTest02159.java,0,CWE-330,,,,0,0,1,0,0,0,1,0,,,,,,,,
BenchmarkTest02160.java,0,CWE-330,CWE-330,1,1,0,1,0,0,0,0,1,0,2524,0.005048,640,0.00512,21,0.000168,0.010336,11.77425241470337
BenchmarkTest02161.java,0,CWE-330,,,,0,0,1,0,0,0,1,0,,,,,,,,
BenchmarkTest02162.java,0,CWE-330,,,,0,0,1,0,0,0,1,0,,,,,,,,
BenchmarkTest02163.java,0,CWE-330,,,,0,0,1,0,0,0,1,0,,,,,,,,
BenchmarkTest02164.java,0,CWE-330,,,,0,0,1,0,0,0,1,0,,,,,,,,
BenchmarkTest02169.java,0,CWE-89,CWE-89,1,0,1,0,0,0,1,0,0,0,2042,0.004084,128,0.001024,22,0.000176,0.005284,2.5426151752471924
BenchmarkTest02170.java,0,CWE-89,CWE-89,1,0,1,0,0,0,1,0,0,0,2071,0.004142,256,0.002048,22,0.000176,0.006365999999999999,4.080240488052368
BenchmarkTest02171.java,0,CWE-89,CWE-89,1,0,1,0,0,0,1,0,0,0,2066,0.004132,256,0.002048,22,0.000176,0.006356,3.9344112873077393
BenchmarkTest02172.java,0,CWE-89,CWE-89,1,1,0,1,0,0,0,0,1,0,2051,0.004102,256,0.002048,21,0.000168,0.006317999999999999,4.123803615570068
BenchmarkTest02173.java,0,CWE-89,CWE-89,1,1,0,1,0,0,0,0,1,0,2110,0.00422,512,0.004096,21,0.000168,0.008484,5.90505576133728
BenchmarkTest02174.java,0,CWE-89,CWE-89,1,1,0,1,0,0,0,0,1,0,2050,0.0041,256,0.002048,21,0.000168,0.006316,3.663106918334961
BenchmarkTest02175.java,0,CWE-89,,,,0,0,1,0,0,0,1,0,,,,,,,,
BenchmarkTest02176.java,0,CWE-89,,,,0,0,1,0,0,0,1,0,,,,,,,,
BenchmarkTest02177.java,0,CWE-89,CWE-89,1,0,1,0,0,0,1,0,0,0,2258,0.004516,192,0.001536,22,0.000176,0.006228,2.6650888919830322
BenchmarkTest02178.java,0,CWE-89,,,,0,0,0,1,0,0,0,1,,,,,,,,
BenchmarkTest02179.java,0,CWE-89,,,,0,0,0,1,0,0,0,1,,,,,,,,
BenchmarkTest02180.java,0,CWE-89,,,,0,0,1,0,0,0,1,0,,,,,,,,
BenchmarkTest02181.java,0,CWE-89,,,,0,0,0,1,0,0,0,1,,,,,,,,
BenchmarkTest02182.java,0,CWE-89,,,,0,0,0,1,0,0,0,1,,,,,,,,
BenchmarkTest02183.java,0,CWE-89,,,,0,0,1,0,0,0,1,0,,,,,,,,
BenchmarkTest02184.java,0,CWE-89,,,,0,0,1,0,0,0,1,0,,,,,,,,
BenchmarkTest02185.java,0,CWE-89,CWE-89,1,1,0,1,0,0,0,0,1,0,2056,0.004112,320,0.00256,21,0.000168,0.006840000000000001,3.558420181274414
BenchmarkTest02186.java,0,CWE-89,CWE-89,1,0,1,0,0,0,1,0,0,0,2004,0.004008,128,0.001024,22,0.000176,0.005208,2.600785970687866
BenchmarkTest02187.java,0,CWE-89,CWE-89,1,0,1,0,0,0,1,0,0,0,2073,0.004146,128,0.001024,22,0.000176,0.005346,3.640381097793579
BenchmarkTest02188.java,0,CWE-89,CWE-89,1,1,0,1,0,0,0,0,1,0,2225,0.00445,384,0.003072,21,0.000168,0.00769,4.9576005935668945
BenchmarkTest02189.java,0,CWE-643,CWE-643,1,0,1,0,0,0,1,0,0,0,2137,0.004274,128,0.001024,22,0.000176,0.005474,2.5789008140563965
BenchmarkTest02190.java,0,CWE-327,,,,0,0,1,0,0,0,1,0,,,,,,,,
BenchmarkTest02191.java,0,CWE-327,,,,0,0,1,0,0,0,1,0,,,,,,,,
BenchmarkTest02192.java,0,CWE-327,CWE-327,1,0,1,0,0,0,1,0,0,0,2808,0.005616,64,0.000512,22,0.000176,0.006304000000000001,2.354618787765503
BenchmarkTest02193.java,0,CWE-327,CWE-327,1,0,1,0,0,0,1,0,0,0,2830,0.00566,64,0.000512,22,0.000176,0.006348,2.026893377304077
BenchmarkTest02194.java,0,CWE-327,CWE-327,1,0,1,0,0,0,1,0,0,0,2398,0.004796,64,0.000512,22,0.000176,0.005484,2.43707013130188
BenchmarkTest02195.java,0,CWE-327,CWE-327,1,0,1,0,0,0,1,0,0,0,2422,0.004844,128,0.001024,22,0.000176,0.006044,2.105367660522461
BenchmarkTest02196.java,0,CWE-90,CWE-90,1,0,1,0,0,0,1,0,0,0,2375,0.00475,256,0.002048,22,0.000176,0.006974,4.200284242630005
BenchmarkTest02197.java,0,CWE-22,CWE-23,0,0,1,0,0,0,1,0,0,0,2417,0.004834,320,0.00256,22,0.000176,0.0075699999999999995,7.258582830429077
BenchmarkTest02198.java,0,CWE-22,CWE-23,0,0,1,0,0,0,1,0,0,0,2418,0.004836,640,0.00512,22,0.000176,0.010132,8.23715353012085
BenchmarkTest02199.java,0,CWE-22,CWE-23,0,0,1,0,0,0,1,0,0,0,2315,0.00463,256,0.002048,22,0.000176,0.006854,4.305711269378662
BenchmarkTest02200.java,0,CWE-22,CWE-23,0,1,0,1,0,0,0,0,1,0,2346,0.004692,192,0.001536,21,0.000168,0.006396,4.779735565185547
BenchmarkTest02201.java,0,CWE-22,CWE-23,0,1,0,1,0,0,0,0,1,0,2553,0.005106,384,0.003072,21,0.000168,0.008346000000000001,5.345410585403442
BenchmarkTest02202.java,0,CWE-22,CWE-23,0,1,0,1,0,0,0,0,1,0,2399,0.004798,320,0.00256,21,0.000168,0.007526,5.20053768157959
BenchmarkTest02203.java,0,CWE-22,CWE-23,0,1,0,1,0,0,0,0,1,0,2596,0.005192,512,0.004096,21,0.000168,0.009455999999999999,7.764994859695435
BenchmarkTest02204.java,0,CWE-22,CWE-23,0,1,0,1,0,0,0,0,1,0,2393,0.004786,768,0.006144,21,0.000168,0.011098,10.419425964355469
BenchmarkTest02205.java,0,CWE-22,CWE-23,0,0,1,0,0,0,1,0,0,0,2391,0.004782,256,0.002048,22,0.000176,0.007005999999999999,3.6147818565368652
BenchmarkTest02206.java,0,CWE-22,CWE-23,0,1,0,1,0,0,0,0,1,0,2517,0.005034,256,0.002048,21,0.000168,0.0072499999999999995,4.384588956832886
BenchmarkTest02207.java,0,CWE-22,CWE-23,0,1,0,1,0,0,0,0,1,0,2569,0.005138,320,0.00256,21,0.000168,0.007866,4.856678009033203
BenchmarkTest02208.java,0,CWE-90,CWE-90,1,0,1,0,0,0,1,0,0,0,2445,0.00489,192,0.001536,22,0.000176,0.006602,4.263206243515015
BenchmarkTest02209.java,0,CWE-330,CWE-330,1,0,1,0,0,0,1,0,0,0,2465,0.00493,128,0.001024,22,0.000176,0.00613,4.065758228302002
BenchmarkTest02210.java,0,CWE-328,,,,0,0,1,0,0,0,1,0,,,,,,,,
BenchmarkTest02211.java,0,CWE-328,CWE-916,0,0,1,0,0,0,1,0,0,0,2390,0.00478,192,0.001536,22,0.000176,0.006492,2.9661500453948975
BenchmarkTest02212.java,0,CWE-328,CWE-916,0,0,1,0,0,0,1,0,0,0,2408,0.004816,256,0.002048,22,0.000176,0.00704,3.4294240474700928
BenchmarkTest02213.java,0,CWE-328,CWE-916,0,0,1,0,0,0,1,0,0,0,2404,0.004808,256,0.002048,22,0.000176,0.007031999999999999,3.8002429008483887
BenchmarkTest02214.java,0,CWE-328,,,,0,0,1,0,0,0,1,0,,,,,,,,
BenchmarkTest02215.java,0,CWE-328,,,,0,0,1,0,0,0,1,0,,,,,,,,
BenchmarkTest02216.java,0,CWE-328,,,,0,0,1,0,0,0,1,0,,,,,,,,
BenchmarkTest02217.java,0,CWE-328,CWE-916,0,0,1,0,0,0,1,0,0,0,2340,0.00468,320,0.00256,22,0.000176,0.007416,4.538832902908325
BenchmarkTest02218.java,0,CWE-328,,,,0,0,1,0,0,0,1,0,,,,,,,,
BenchmarkTest02219.java,0,CWE-328,,,,0,0,0,1,0,0,0,1,,,,,,,,
BenchmarkTest02220.java,0,CWE-328,,,,0,0,1,0,0,0,1,0,,,,,,,,
BenchmarkTest02221.java,0,CWE-79,CWE-79,1,0,1,0,0,0,1,0,0,0,2533,0.005066,640,0.00512,22,0.000176,0.010362000000000001,6.0851428508758545
BenchmarkTest02222.java,0,CWE-79,CWE-79,1,1,0,1,0,0,0,0,1,0,2511,0.005022,256,0.002048,21,0.000168,0.007238,3.501065969467163
BenchmarkTest02223.java,0,CWE-79,CWE-79,1,0,1,0,0,0,1,0,0,0,2453,0.004906,320,0.00256,22,0.000176,0.007642,4.041515827178955
BenchmarkTest02224.java,0,CWE-79,CWE-79,1,0,1,0,0,0,1,0,0,0,2464,0.004928,320,0.00256,22,0.000176,0.007664,5.141734838485718
BenchmarkTest02225.java,0,CWE-79,CWE-79,1,0,1,0,0,0,1,0,0,0,2506,0.005012,512,0.004096,22,0.000176,0.009284,5.937917709350586
BenchmarkTest02226.java,0,CWE-79,CWE-79,1,1,0,1,0,0,0,0,1,0,2442,0.004884,256,0.002048,21,0.000168,0.0071,4.194511890411377
BenchmarkTest02227.java,0,CWE-79,CWE-79,1,0,1,0,0,0,1,0,0,0,2435,0.00487,192,0.001536,22,0.000176,0.006582,3.160703182220459
BenchmarkTest02228.java,0,CWE-79,CWE-79,1,0,1,0,0,0,1,0,0,0,2432,0.004864,256,0.002048,22,0.000176,0.007088,4.022623062133789
BenchmarkTest02229.java,0,CWE-79,CWE-79,1,1,0,1,0,0,0,0,1,0,2535,0.00507,384,0.003072,21,0.000168,0.00831,6.0756189823150635
BenchmarkTest02230.java,0,CWE-79,CWE-79,1,0,1,0,0,0,1,0,0,0,2494,0.004988,960,0.00768,22,0.000176,0.012844000000000001,12.778634786605835
BenchmarkTest02231.java,0,CWE-79,CWE-79,1,1,0,1,0,0,0,0,1,0,2665,0.00533,512,0.004096,21,0.000168,0.009594,8.153520345687866
BenchmarkTest02232.java,0,CWE-79,CWE-79,1,0,1,0,0,0,1,0,0,0,2421,0.004842,384,0.003072,22,0.000176,0.008090000000000002,6.107572078704834
BenchmarkTest02233.java,0,CWE-79,CWE-79,1,1,0,1,0,0,0,0,1,0,2493,0.004986,512,0.004096,21,0.000168,0.00925,6.1084136962890625
BenchmarkTest02234.java,0,CWE-79,CWE-79,1,0,1,0,0,0,1,0,0,0,2444,0.004888,320,0.00256,22,0.000176,0.007624,5.7528417110443115
BenchmarkTest02235.java,0,CWE-79,CWE-79,1,1,0,1,0,0,0,0,1,0,2446,0.004892,448,0.003584,21,0.000168,0.008643999999999999,6.556713581085205
BenchmarkTest02236.java,0,CWE-79,CWE-79,1,1,0,1,0,0,0,0,1,0,2448,0.004896,192,0.001536,21,0.000168,0.0066,3.450610876083374
BenchmarkTest02237.java,0,CWE-79,CWE-79,1,1,0,1,0,0,0,0,1,0,2420,0.00484,256,0.002048,21,0.000168,0.007056,4.687929153442383
BenchmarkTest02238.java,0,CWE-79,CWE-79,1,1,0,1,0,0,0,0,1,0,2642,0.005284,704,0.005632,21,0.000168,0.011083999999999998,10.393892765045166
BenchmarkTest02239.java,0,CWE-79,CWE-79,1,1,0,1,0,0,0,0,1,0,2478,0.004956,640,0.00512,21,0.000168,0.010244000000000001,8.719524383544922
BenchmarkTest02240.java,0,CWE-79,CWE-79,1,1,0,1,0,0,0,0,1,0,2493,0.004986,640,0.00512,21,0.000168,0.010274,10.369436025619507
BenchmarkTest02241.java,0,CWE-79,CWE-79,1,0,1,0,0,0,1,0,0,0,2500,0.005,128,0.001024,22,0.000176,0.0062,3.6979267597198486
BenchmarkTest02242.java,0,CWE-78,CWE-78,1,1,0,1,0,0,0,0,1,0,2346,0.004692,832,0.006656,21,0.000168,0.011516,13.007553815841675
BenchmarkTest02243.java,0,CWE-78,CWE-78,1,0,1,0,0,0,1,0,0,0,2193,0.004386,320,0.00256,22,0.000176,0.007122000000000001,6.458587408065796
BenchmarkTest02244.java,0,CWE-78,CWE-78,1,0,1,0,0,0,1,0,0,0,2135,0.00427,192,0.001536,22,0.000176,0.005982,5.069011688232422
BenchmarkTest02245.java,0,CWE-330,CWE-330,1,0,1,0,0,0,1,0,0,0,2409,0.004818,128,0.001024,22,0.000176,0.006018,3.180845260620117
BenchmarkTest02246.java,0,CWE-330,CWE-330,1,0,1,0,0,0,1,0,0,0,2452,0.004904,128,0.001024,22,0.000176,0.006104,3.1956539154052734
BenchmarkTest02247.java,0,CWE-614,,,,0,0,1,0,0,0,1,0,,,,,,,,
BenchmarkTest02248.java,0,CWE-614,,,,0,0,1,0,0,0,1,0,,,,,,,,
BenchmarkTest02249.java,0,CWE-78,CWE-78,1,0,1,0,0,0,1,0,0,0,2140,0.00428,448,0.003584,22,0.000176,0.00804,6.741271495819092
BenchmarkTest02250.java,0,CWE-78,CWE-78,1,0,1,0,0,0,1,0,0,0,2162,0.004324,576,0.004608,22,0.000176,0.009108,8.21742868423462
BenchmarkTest02251.java,0,CWE-78,CWE-78,1,0,1,0,0,0,1,0,0,0,2213,0.004426,1216,0.009728,22,0.000176,0.01433,15.901249408721924
BenchmarkTest02252.java,0,CWE-78,CWE-78,1,1,0,1,0,0,0,0,1,0,2227,0.004454,512,0.004096,21,0.000168,0.008717999999999998,7.478941917419434
BenchmarkTest02253.java,0,CWE-78,CWE-78,1,1,0,1,0,0,0,0,1,0,2277,0.004554,576,0.004608,21,0.000168,0.00933,6.589326620101929
BenchmarkTest02254.java,0,CWE-330,,,,0,0,1,0,0,0,1,0,,,,,,,,
BenchmarkTest02255.java,0,CWE-330,,,,0,0,1,0,0,0,1,0,,,,,,,,
BenchmarkTest02256.java,0,CWE-330,,,,0,0,1,0,0,0,1,0,,,,,,,,
BenchmarkTest02257.java,0,CWE-330,,,,0,0,1,0,0,0,1,0,,,,,,,,
BenchmarkTest02258.java,0,CWE-330,CWE-330,1,1,0,1,0,0,0,0,1,0,2483,0.004966,768,0.006144,21,0.000168,0.011278,10.384690284729004
BenchmarkTest02259.java,0,CWE-330,,,,0,0,1,0,0,0,1,0,,,,,,,,
BenchmarkTest02260.java,0,CWE-330,,,,0,0,1,0,0,0,1,0,,,,,,,,
BenchmarkTest02264.java,0,CWE-89,CWE-89,1,0,1,0,0,0,1,0,0,0,2083,0.004166,128,0.001024,22,0.000176,0.005366,3.8612799644470215
BenchmarkTest02265.java,0,CWE-89,CWE-89,1,1,0,1,0,0,0,0,1,0,2109,0.004218,384,0.003072,21,0.000168,0.007458,6.798147678375244
BenchmarkTest02266.java,0,CWE-89,CWE-89,1,1,0,1,0,0,0,0,1,0,2141,0.004282,320,0.00256,21,0.000168,0.007010000000000001,9.855500936508179
BenchmarkTest02267.java,0,CWE-89,CWE-89,1,1,0,1,0,0,0,0,1,0,2098,0.004196,512,0.004096,21,0.000168,0.00846,7.270969390869141
BenchmarkTest02268.java,0,CWE-89,CWE-89,1,1,0,1,0,0,0,0,1,0,2167,0.004334,256,0.002048,21,0.000168,0.00655,4.892122983932495
BenchmarkTest02269.java,0,CWE-89,CWE-89,1,0,1,0,0,0,1,0,0,0,2100,0.0042,128,0.001024,22,0.000176,0.005399999999999999,3.132263422012329
BenchmarkTest02270.java,0,CWE-89,CWE-89,1,0,1,0,0,0,1,0,0,0,2184,0.004368,128,0.001024,22,0.000176,0.005568,3.436312675476074
BenchmarkTest02271.java,0,CWE-89,CWE-89,1,1,0,1,0,0,0,0,1,0,2072,0.004144,320,0.00256,21,0.000168,0.006872,4.6382458209991455
BenchmarkTest02272.java,0,CWE-89,CWE-89,1,0,1,0,0,0,1,0,0,0,2085,0.00417,128,0.001024,22,0.000176,0.00537,2.722534418106079
BenchmarkTest02273.java,0,CWE-89,CWE-89,1,0,1,0,0,0,1,0,0,0,2144,0.004288,128,0.001024,22,0.000176,0.005488,2.6333818435668945
BenchmarkTest02274.java,0,CWE-89,CWE-89,1,1,0,1,0,0,0,0,1,0,2287,0.004574,384,0.003072,21,0.000168,0.007814,5.749098539352417
BenchmarkTest02275.java,0,CWE-89,,,,0,0,0,1,0,0,0,1,,,,,,,,
BenchmarkTest02276.java,0,CWE-89,,,,0,0,1,0,0,0,1,0,,,,,,,,
BenchmarkTest02277.java,0,CWE-89,,,,0,0,0,1,0,0,0,1,,,,,,,,
BenchmarkTest02278.java,0,CWE-89,,,,0,0,1,0,0,0,1,0,,,,,,,,
BenchmarkTest02279.java,0,CWE-89,,,,0,0,1,0,0,0,1,0,,,,,,,,
BenchmarkTest02280.java,0,CWE-89,,,,0,0,1,0,0,0,1,0,,,,,,,,
BenchmarkTest02281.java,0,CWE-89,,,,0,0,0,1,0,0,0,1,,,,,,,,
BenchmarkTest02282.java,0,CWE-89,CWE-89,1,1,0,1,0,0,0,0,1,0,2088,0.004176,256,0.002048,21,0.000168,0.006392,4.479394912719727
BenchmarkTest02283.java,0,CWE-89,CWE-89,1,1,0,1,0,0,0,0,1,0,2087,0.004174,320,0.00256,21,0.000168,0.006902,4.247453689575195
BenchmarkTest02284.java,0,CWE-89,CWE-89,1,0,1,0,0,0,1,0,0,0,2049,0.004098,192,0.001536,22,0.000176,0.00581,3.1557416915893555
BenchmarkTest02285.java,0,CWE-89,CWE-89,1,1,0,1,0,0,0,0,1,0,2052,0.004104,320,0.00256,21,0.000168,0.0068319999999999995,5.797485589981079
BenchmarkTest02286.java,0,CWE-89,CWE-89,1,0,1,0,0,0,1,0,0,0,2060,0.00412,320,0.00256,22,0.000176,0.006856,4.817708253860474
BenchmarkTest02287.java,0,CWE-89,CWE-89,1,0,1,0,0,0,1,0,0,0,2053,0.004106,192,0.001536,22,0.000176,0.005818,4.247814655303955
BenchmarkTest02288.java,0,CWE-89,CWE-89,1,0,1,0,0,0,1,0,0,0,2057,0.004114,128,0.001024,22,0.000176,0.005313999999999999,3.210921049118042
BenchmarkTest02289.java,0,CWE-327,,,,0,0,1,0,0,0,1,0,,,,,,,,
BenchmarkTest02290.java,0,CWE-327,CWE-327,1,0,1,0,0,0,1,0,0,0,2857,0.005714,64,0.000512,22,0.000176,0.006402000000000001,2.541194200515747
BenchmarkTest02291.java,0,CWE-327,CWE-327,1,0,1,0,0,0,1,0,0,0,3049,0.006098,128,0.001024,22,0.000176,0.007298,2.5872678756713867
BenchmarkTest02292.java,0,CWE-327,CWE-327,1,0,1,0,0,0,1,0,0,0,2821,0.005642,64,0.000512,22,0.000176,0.0063300000000000006,2.0854740142822266
BenchmarkTest02293.java,0,CWE-327,CWE-327,1,0,1,0,0,0,1,0,0,0,2676,0.005352,128,0.001024,22,0.000176,0.006552,3.4136757850646973
BenchmarkTest02294.java,0,CWE-327,CWE-327,1,0,1,0,0,0,1,0,0,0,2485,0.00497,64,0.000512,22,0.000176,0.005658,2.101830244064331
BenchmarkTest02295.java,0,CWE-327,CWE-327,1,0,1,0,0,0,1,0,0,0,2491,0.004982,128,0.001024,22,0.000176,0.006182,2.992448568344116
BenchmarkTest02296.java,0,CWE-327,,,,0,0,1,0,0,0,1,0,,,,,,,,
BenchmarkTest02297.java,0,CWE-327,,,,0,0,1,0,0,0,1,0,,,,,,,,
BenchmarkTest02298.java,0,CWE-327,,,,0,0,1,0,0,0,1,0,,,,,,,,
BenchmarkTest02299.java,0,CWE-90,CWE-90,1,0,1,0,0,0,1,0,0,0,2395,0.00479,448,0.003584,22,0.000176,0.00855,7.750356674194336
BenchmarkTest02300.java,0,CWE-22,CWE-23,0,1,0,1,0,0,0,0,1,0,2646,0.005292,1280,0.01024,21,0.000168,0.015700000000000002,20.025139808654785
BenchmarkTest02301.java,0,CWE-22,CWE-23,0,1,0,1,0,0,0,0,1,0,2452,0.004904,384,0.003072,21,0.000168,0.008144,5.344754219055176
BenchmarkTest02302.java,0,CWE-22,CWE-23,0,0,1,0,0,0,1,0,0,0,2413,0.004826,1408,0.011264,22,0.000176,0.016266,21.286935091018677
BenchmarkTest02303.java,0,CWE-22,CWE-23,0,0,1,0,0,0,1,0,0,0,2627,0.005254,704,0.005632,22,0.000176,0.011062,9.60565733909607
BenchmarkTest02304.java,0,CWE-22,CWE-23,0,0,1,0,0,0,1,0,0,0,2542,0.005084,384,0.003072,22,0.000176,0.008332,5.91148567199707
BenchmarkTest02305.java,0,CWE-90,CWE-90,1,0,1,0,0,0,1,0,0,0,2461,0.004922,512,0.004096,22,0.000176,0.009194,5.400903940200806
BenchmarkTest02306.java,0,CWE-90,CWE-90,1,0,1,0,0,0,1,0,0,0,2403,0.004806,448,0.003584,22,0.000176,0.008566,5.0112464427948
BenchmarkTest02307.java,0,CWE-328,CWE-916,0,0,1,0,0,0,1,0,0,0,2586,0.005172,320,0.00256,22,0.000176,0.007908000000000002,4.968043804168701
BenchmarkTest02308.java,0,CWE-328,CWE-916,0,0,1,0,0,0,1,0,0,0,2445,0.00489,128,0.001024,22,0.000176,0.00609,2.5829873085021973
BenchmarkTest02309.java,0,CWE-328,,,,0,0,1,0,0,0,1,0,,,,,,,,
BenchmarkTest02310.java,0,CWE-328,,,,0,0,1,0,0,0,1,0,,,,,,,,
BenchmarkTest02311.java,0,CWE-328,CWE-916,0,0,1,0,0,0,1,0,0,0,2408,0.004816,64,0.000512,22,0.000176,0.005504,1.847412109375
BenchmarkTest02312.java,0,CWE-328,,,,0,0,1,0,0,0,1,0,,,,,,,,
BenchmarkTest02313.java,0,CWE-79,CWE-79,1,1,0,1,0,0,0,0,1,0,2777,0.005554,1152,0.009216,22,0.000176,0.014946000000000001,15.171953201293945
BenchmarkTest02314.java,0,CWE-79,CWE-79,1,0,1,0,0,0,1,0,0,0,2523,0.005046,576,0.004608,22,0.000176,0.00983,8.371236085891724
BenchmarkTest02315.java,0,CWE-79,CWE-79,1,0,1,0,0,0,1,0,0,0,2498,0.004996,320,0.00256,22,0.000176,0.007732,3.8832919597625732
BenchmarkTest02316.java,0,CWE-79,CWE-79,1,0,1,0,0,0,1,0,0,0,2514,0.005028,448,0.003584,22,0.000176,0.008788,7.903491497039795
BenchmarkTest02317.java,0,CWE-79,CWE-79,1,0,1,0,0,0,1,0,0,0,2522,0.005044,448,0.003584,22,0.000176,0.008804000000000001,7.618830919265747
BenchmarkTest02318.java,0,CWE-79,CWE-79,1,1,0,1,0,0,0,0,1,0,2487,0.004974,448,0.003584,21,0.000168,0.008726,7.456712007522583
BenchmarkTest02319.java,0,CWE-79,CWE-79,1,1,0,1,0,0,0,0,1,0,2510,0.00502,704,0.005632,21,0.000168,0.01082,8.21847939491272
BenchmarkTest02320.java,0,CWE-79,CWE-79,1,1,0,1,0,0,0,0,1,0,2516,0.005032,768,0.006144,21,0.000168,0.011344,10.165672540664673
BenchmarkTest02321.java,0,CWE-79,CWE-79,1,0,1,0,0,0,1,0,0,0,2718,0.005436,1280,0.01024,22,0.000176,0.015852,19.407360553741455
BenchmarkTest02322.java,0,CWE-79,CWE-79,1,0,1,0,0,0,1,0,0,0,2528,0.005056,576,0.004608,22,0.000176,0.00984,7.113581418991089
BenchmarkTest02323.java,0,CWE-79,CWE-79,1,0,1,0,0,0,1,0,0,0,2524,0.005048,448,0.003584,22,0.000176,0.008808000000000002,7.035943508148193
BenchmarkTest02324.java,0,CWE-79,CWE-79,1,0,1,0,0,0,1,0,0,0,2554,0.005108,1536,0.012288,22,0.000176,0.017572,19.059518098831177
BenchmarkTest02325.java,0,CWE-79,CWE-79,1,1,0,1,0,0,0,0,1,0,2506,0.005012,512,0.004096,21,0.000168,0.009276,6.462214708328247
BenchmarkTest02326.java,0,CWE-79,CWE-79,1,0,1,0,0,0,1,0,0,0,2524,0.005048,448,0.003584,22,0.000176,0.008808000000000002,9.47683072090149
BenchmarkTest02327.java,0,CWE-79,CWE-79,1,0,1,0,0,0,1,0,0,0,2574,0.005148,576,0.004608,22,0.000176,0.009932000000000002,9.663851499557495
BenchmarkTest02328.java,0,CWE-79,CWE-79,1,0,1,0,0,0,1,0,0,0,2506,0.005012,256,0.002048,22,0.000176,0.007236,4.6363372802734375
BenchmarkTest02329.java,0,CWE-79,CWE-79,1,1,0,1,0,0,0,0,1,0,2546,0.005092,512,0.004096,21,0.000168,0.009356,6.613076686859131
BenchmarkTest02330.java,0,CWE-79,CWE-79,1,1,0,1,0,0,0,0,1,0,2538,0.005076,384,0.003072,21,0.000168,0.008315999999999999,6.454627990722656
BenchmarkTest02331.java,0,CWE-79,CWE-79,1,1,0,1,0,0,0,0,1,0,2490,0.00498,640,0.00512,21,0.000168,0.010268000000000001,8.650378465652466
BenchmarkTest02332.java,0,CWE-79,CWE-79,1,0,1,0,0,0,1,0,0,0,2507,0.005014,320,0.00256,22,0.000176,0.007750000000000001,5.646464586257935
BenchmarkTest02333.java,0,CWE-78,CWE-78,1,0,1,0,0,0,1,0,0,0,2202,0.004404,704,0.005632,22,0.000176,0.010212,8.255653142929077
BenchmarkTest02334.java,0,CWE-78,CWE-78,1,0,1,0,0,0,1,0,0,0,2268,0.004536,640,0.00512,22,0.000176,0.009832000000000002,11.36359715461731
BenchmarkTest02335.java,0,CWE-78,CWE-78,1,1,0,1,0,0,0,0,1,0,2246,0.004492,512,0.004096,21,0.000168,0.008756,4.912882328033447
BenchmarkTest02336.java,0,CWE-78,CWE-78,1,1,0,1,0,0,0,0,1,0,2413,0.004826,1088,0.008704,21,0.000168,0.013698,13.998384714126587
BenchmarkTest02337.java,0,CWE-330,CWE-330,1,0,1,0,0,0,1,0,0,0,2524,0.005048,320,0.00256,22,0.000176,0.007784,5.592594623565674
BenchmarkTest02338.java,0,CWE-330,CWE-330,1,0,1,0,0,0,1,0,0,0,2462,0.004924,128,0.001024,22,0.000176,0.006124,2.8698887825012207
BenchmarkTest02339.java,0,CWE-614,CWE-614,1,0,1,0,0,0,1,0,0,0,2280,0.00456,128,0.001024,22,0.000176,0.0057599999999999995,2.7145981788635254
BenchmarkTest02340.java,0,CWE-78,CWE-78,1,1,0,1,0,0,0,0,1,0,2333,0.004666,1088,0.008704,21,0.000168,0.013538,17.264308214187622
BenchmarkTest02341.java,0,CWE-78,CWE-78,1,1,0,1,0,0,0,0,1,0,2186,0.004372,704,0.005632,21,0.000168,0.010171999999999999,8.741955757141113
BenchmarkTest02342.java,0,CWE-78,CWE-78,1,0,1,0,0,0,1,0,0,0,2159,0.004318,1088,0.008704,22,0.000176,0.013198,12.576294660568237
BenchmarkTest02343.java,0,CWE-78,CWE-78,1,0,1,0,0,0,1,0,0,0,2196,0.004392,1152,0.009216,22,0.000176,0.013784000000000001,20.115331411361694
BenchmarkTest02344.java,0,CWE-78,CWE-78,1,0,1,0,0,0,1,0,0,0,2119,0.004238,2496,0.019968,22,0.000176,0.024381999999999997,30.077583074569702
BenchmarkTest02345.java,0,CWE-330,,,,0,0,1,0,0,0,1,0,,,,,,,,
BenchmarkTest02346.java,0,CWE-330,,,,0,0,1,0,0,0,1,0,,,,,,,,
BenchmarkTest02347.java,0,CWE-330,,,,0,0,1,0,0,0,1,0,,,,,,,,
BenchmarkTest02348.java,0,CWE-330,,,,0,0,1,0,0,0,1,0,,,,,,,,
BenchmarkTest02349.java,0,CWE-330,,,,0,0,1,0,0,0,1,0,,,,,,,,
BenchmarkTest02350.java,0,CWE-330,,,,0,0,1,0,0,0,1,0,,,,,,,,
BenchmarkTest02351.java,0,CWE-330,,,,0,0,1,0,0,0,1,0,,,,,,,,
BenchmarkTest02353.java,0,CWE-89,CWE-89,1,1,0,1,0,0,0,0,1,0,2143,0.004286,512,0.004096,21,0.000168,0.00855,7.656089544296265
BenchmarkTest02354.java,0,CWE-89,CWE-89,1,0,1,0,0,0,1,0,0,0,2140,0.00428,192,0.001536,22,0.000176,0.005992,4.497732877731323
BenchmarkTest02355.java,0,CWE-89,CWE-89,1,0,1,0,0,0,1,0,0,0,2173,0.004346,448,0.003584,22,0.000176,0.008106,7.5336785316467285
BenchmarkTest02356.java,0,CWE-89,,,,0,0,0,1,0,0,0,1,,,,,,,,
BenchmarkTest02357.java,0,CWE-89,CWE-89,1,0,1,0,0,0,1,0,0,0,2329,0.004658,512,0.004096,22,0.000176,0.00893,8.565008640289307
BenchmarkTest02358.java,0,CWE-89,,,,0,0,0,1,0,0,0,1,,,,,,,,
BenchmarkTest02359.java,0,CWE-89,,,,0,0,0,1,0,0,0,1,,,,,,,,
BenchmarkTest02360.java,0,CWE-89,,,,0,0,0,1,0,0,0,1,,,,,,,,
BenchmarkTest02361.java,0,CWE-89,,,,0,0,1,0,0,0,1,0,,,,,,,,
BenchmarkTest02362.java,0,CWE-89,,,,0,0,0,1,0,0,0,1,,,,,,,,
BenchmarkTest02363.java,0,CWE-89,CWE-89,1,1,0,1,0,0,0,0,1,0,2353,0.004706,1024,0.008192,21,0.000168,0.013066,21.39763593673706
BenchmarkTest02364.java,0,CWE-89,CWE-89,1,0,1,0,0,0,1,0,0,0,2107,0.004214,1088,0.008704,22,0.000176,0.013094,14.817275762557983
BenchmarkTest02365.java,0,CWE-89,CWE-89,1,1,0,1,0,0,0,0,1,0,2154,0.004308,384,0.003072,21,0.000168,0.007548,7.853476047515869
BenchmarkTest02366.java,0,CWE-89,CWE-89,1,1,0,1,0,0,0,0,1,0,2118,0.004236,384,0.003072,21,0.000168,0.007476,6.274992942810059
BenchmarkTest02367.java,0,CWE-89,CWE-89,1,1,0,1,0,0,0,0,1,0,2321,0.004642,704,0.005632,21,0.000168,0.010442,11.08108139038086
BenchmarkTest02368.java,0,CWE-89,CWE-89,1,1,0,1,0,0,0,0,1,0,2122,0.004244,192,0.001536,21,0.000168,0.005948,3.6266069412231445
BenchmarkTest02369.java,0,CWE-89,CWE-89,1,0,1,0,0,0,1,0,0,0,2120,0.00424,320,0.00256,22,0.000176,0.006976,6.532331228256226
BenchmarkTest02370.java,0,CWE-643,CWE-643,1,1,0,1,0,0,0,0,1,0,2302,0.004604,576,0.004608,21,0.000168,0.00938,9.352742671966553
BenchmarkTest02371.java,0,CWE-327,,,,0,0,1,0,0,0,1,0,,,,,,,,
BenchmarkTest02372.java,0,CWE-327,,,,0,0,1,0,0,0,1,0,,,,,,,,
BenchmarkTest02373.java,0,CWE-327,CWE-327,1,0,1,0,0,0,1,0,0,0,2416,0.004832,64,0.000512,22,0.000176,0.005520000000000001,3.884538412094116
BenchmarkTest02374.java,0,CWE-327,CWE-327,1,0,1,0,0,0,1,0,0,0,2449,0.004898,64,0.000512,22,0.000176,0.005586,3.3082592487335205
BenchmarkTest02375.java,0,CWE-327,CWE-327,1,0,1,0,0,0,1,0,0,0,2394,0.004788,192,0.001536,22,0.000176,0.0065,3.539140224456787
BenchmarkTest02376.java,0,CWE-90,,,,0,0,1,0,0,0,1,0,,,,,,,,
BenchmarkTest02377.java,0,CWE-22,,,,0,0,0,1,0,0,0,1,,,,,,,,
BenchmarkTest02378.java,0,CWE-22,,,,0,0,0,1,0,0,0,1,,,,,,,,
BenchmarkTest02379.java,0,CWE-22,,,,0,0,1,0,0,0,1,0,,,,,,,,
BenchmarkTest02380.java,0,CWE-22,,,,0,0,1,0,0,0,1,0,,,,,,,,
BenchmarkTest02381.java,0,CWE-22,,,,0,0,1,0,0,0,1,0,,,,,,,,
BenchmarkTest02382.java,0,CWE-22,,,,0,0,1,0,0,0,1,0,,,,,,,,
BenchmarkTest02383.java,0,CWE-22,,,,0,0,0,1,0,0,0,1,,,,,,,,
BenchmarkTest02384.java,0,CWE-90,,,,0,0,1,0,0,0,1,0,,,,,,,,
BenchmarkTest02385.java,0,CWE-328,CWE-916,0,0,1,0,0,0,1,0,0,0,2451,0.004902,64,0.000512,22,0.000176,0.00559,2.70249080657959
BenchmarkTest02386.java,0,CWE-328,CWE-916,0,0,1,0,0,0,1,0,0,0,2403,0.004806,64,0.000512,22,0.000176,0.005494000000000001,2.8696775436401367
BenchmarkTest02387.java,0,CWE-328,CWE-916,0,0,1,0,0,0,1,0,0,0,2387,0.004774,64,0.000512,22,0.000176,0.005462,2.6558356285095215
BenchmarkTest02388.java,0,CWE-328,CWE-916,0,0,1,0,0,0,1,0,0,0,2402,0.004804,128,0.001024,22,0.000176,0.006004,2.4080827236175537
BenchmarkTest02389.java,0,CWE-328,,,,0,0,1,0,0,0,1,0,,,,,,,,
BenchmarkTest02390.java,0,CWE-328,,,,0,0,1,0,0,0,1,0,,,,,,,,
BenchmarkTest02391.java,0,CWE-328,,,,0,0,0,1,0,0,0,1,,,,,,,,
BenchmarkTest02392.java,0,CWE-328,,,,0,0,0,1,0,0,0,1,,,,,,,,
BenchmarkTest02393.java,0,CWE-328,,,,0,0,0,1,0,0,0,1,,,,,,,,
BenchmarkTest02394.java,0,CWE-79,,,,0,0,1,0,0,0,1,0,,,,,,,,
BenchmarkTest02395.java,0,CWE-79,,,,0,0,0,1,0,0,0,1,,,,,,,,
BenchmarkTest02396.java,0,CWE-79,,,,0,0,0,1,0,0,0,1,,,,,,,,
BenchmarkTest02397.java,0,CWE-79,,,,0,0,0,1,0,0,0,1,,,,,,,,
BenchmarkTest02398.java,0,CWE-79,,,,0,0,1,0,0,0,1,0,,,,,,,,
BenchmarkTest02399.java,0,CWE-79,,,,0,0,0,1,0,0,0,1,,,,,,,,
BenchmarkTest02400.java,0,CWE-79,,,,0,0,0,1,0,0,0,1,,,,,,,,
BenchmarkTest02401.java,0,CWE-79,,,,0,0,1,0,0,0,1,0,,,,,,,,
BenchmarkTest02402.java,0,CWE-79,,,,0,0,0,1,0,0,0,1,,,,,,,,
BenchmarkTest02403.java,0,CWE-79,,,,0,0,0,1,0,0,0,1,,,,,,,,
BenchmarkTest02404.java,0,CWE-79,,,,0,0,1,0,0,0,1,0,,,,,,,,
BenchmarkTest02405.java,0,CWE-79,,,,0,0,0,1,0,0,0,1,,,,,,,,
BenchmarkTest02406.java,0,CWE-79,,,,0,0,1,0,0,0,1,0,,,,,,,,
BenchmarkTest02407.java,0,CWE-79,,,,0,0,0,1,0,0,0,1,,,,,,,,
BenchmarkTest02408.java,0,CWE-79,,,,0,0,1,0,0,0,1,0,,,,,,,,
BenchmarkTest02409.java,0,CWE-79,,,,0,0,0,1,0,0,0,1,,,,,,,,
BenchmarkTest02410.java,0,CWE-79,,,,0,0,0,1,0,0,0,1,,,,,,,,
BenchmarkTest02411.java,0,CWE-78,,,,0,0,0,1,0,0,0,1,,,,,,,,
BenchmarkTest02412.java,0,CWE-78,,,,0,0,0,1,0,0,0,1,,,,,,,,
BenchmarkTest02413.java,0,CWE-78,,,,0,0,1,0,0,0,1,0,,,,,,,,
BenchmarkTest02414.java,0,CWE-78,,,,0,0,0,1,0,0,0,1,,,,,,,,
BenchmarkTest02415.java,0,CWE-330,CWE-330,1,0,1,0,0,0,1,0,0,0,2404,0.004808,64,0.000512,22,0.000176,0.005496,2.184561252593994
BenchmarkTest02416.java,0,CWE-330,CWE-330,1,0,1,0,0,0,1,0,0,0,2475,0.00495,64,0.000512,22,0.000176,0.005638000000000001,2.7567145824432373
BenchmarkTest02417.java,0,CWE-330,CWE-330,1,0,1,0,0,0,1,0,0,0,2406,0.004812,128,0.001024,22,0.000176,0.006012,2.523355484008789
BenchmarkTest02418.java,0,CWE-330,CWE-330,1,0,1,0,0,0,1,0,0,0,2460,0.00492,64,0.000512,22,0.000176,0.005608,2.0587265491485596
BenchmarkTest02419.java,0,CWE-330,CWE-330,1,0,1,0,0,0,1,0,0,0,2630,0.00526,192,0.001536,22,0.000176,0.006972,4.463488340377808
BenchmarkTest02420.java,0,CWE-330,CWE-330,1,0,1,0,0,0,1,0,0,0,2388,0.004776,128,0.001024,22,0.000176,0.0059759999999999995,3.1610496044158936
BenchmarkTest02421.java,0,CWE-330,CWE-330,1,0,1,0,0,0,1,0,0,0,2460,0.00492,128,0.001024,22,0.000176,0.00612,2.425081729888916
BenchmarkTest02422.java,0,CWE-330,CWE-330,1,0,1,0,0,0,1,0,0,0,2444,0.004888,256,0.002048,22,0.000176,0.007111999999999999,3.7031052112579346
BenchmarkTest02423.java,0,CWE-330,CWE-330,1,0,1,0,0,0,1,0,0,0,2577,0.005154,64,0.000512,22,0.000176,0.005842,2.3598825931549072
BenchmarkTest02424.java,0,CWE-330,CWE-330,1,0,1,0,0,0,1,0,0,0,2402,0.004804,64,0.000512,22,0.000176,0.005492,2.587923765182495
BenchmarkTest02425.java,0,CWE-330,CWE-330,1,0,1,0,0,0,1,0,0,0,2364,0.004728,128,0.001024,22,0.000176,0.005928,2.4774649143218994
BenchmarkTest02426.java,0,CWE-330,CWE-330,1,0,1,0,0,0,1,0,0,0,2381,0.004762,128,0.001024,22,0.000176,0.005961999999999999,2.5244076251983643
BenchmarkTest02427.java,0,CWE-614,CWE-614,1,0,1,0,0,0,1,0,0,0,2171,0.004342,64,0.000512,22,0.000176,0.005030000000000001,2.1316964626312256
BenchmarkTest02428.java,0,CWE-78,,,,0,0,1,0,0,0,1,0,,,,,,,,
BenchmarkTest02429.java,0,CWE-78,,,,0,0,0,1,0,0,0,1,,,,,,,,
BenchmarkTest02430.java,0,CWE-78,,,,0,0,0,1,0,0,0,1,,,,,,,,
BenchmarkTest02431.java,0,CWE-78,,,,0,0,0,1,0,0,0,1,,,,,,,,
BenchmarkTest02432.java,0,CWE-78,,,,0,0,0,1,0,0,0,1,,,,,,,,
BenchmarkTest02433.java,0,CWE-78,,,,0,0,0,1,0,0,0,1,,,,,,,,
BenchmarkTest02434.java,0,CWE-330,,,,0,0,1,0,0,0,1,0,,,,,,,,
BenchmarkTest02435.java,0,CWE-330,,,,0,0,1,0,0,0,1,0,,,,,,,,
BenchmarkTest02436.java,0,CWE-330,,,,0,0,1,0,0,0,1,0,,,,,,,,
BenchmarkTest02437.java,0,CWE-330,,,,0,0,1,0,0,0,1,0,,,,,,,,
BenchmarkTest02438.java,0,CWE-330,,,,0,0,1,0,0,0,1,0,,,,,,,,
BenchmarkTest02439.java,0,CWE-330,,,,0,0,1,0,0,0,1,0,,,,,,,,
BenchmarkTest02440.java,0,CWE-330,,,,0,0,1,0,0,0,1,0,,,,,,,,
BenchmarkTest02441.java,0,CWE-330,,,,0,0,1,0,0,0,1,0,,,,,,,,
BenchmarkTest02442.java,0,CWE-330,,,,0,0,1,0,0,0,1,0,,,,,,,,
BenchmarkTest02443.java,0,CWE-330,,,,0,0,1,0,0,0,1,0,,,,,,,,
BenchmarkTest02444.java,0,CWE-330,,,,0,0,1,0,0,0,1,0,,,,,,,,
BenchmarkTest02445.java,0,CWE-330,,,,0,0,1,0,0,0,1,0,,,,,,,,
BenchmarkTest02449.java,0,CWE-89,,,,0,0,0,1,0,0,0,1,,,,,,,,
BenchmarkTest02450.java,0,CWE-89,,,,0,0,1,0,0,0,1,0,,,,,,,,
BenchmarkTest02451.java,0,CWE-89,,,,0,0,0,1,0,0,0,1,,,,,,,,
BenchmarkTest02452.java,0,CWE-89,,,,0,0,1,0,0,0,1,0,,,,,,,,
BenchmarkTest02453.java,0,CWE-89,,,,0,0,0,1,0,0,0,1,,,,,,,,
BenchmarkTest02454.java,0,CWE-89,,,,0,0,0,1,0,0,0,1,,,,,,,,
BenchmarkTest02455.java,0,CWE-89,,,,0,0,0,1,0,0,0,1,,,,,,,,
BenchmarkTest02456.java,0,CWE-89,,,,0,0,1,0,0,0,1,0,,,,,,,,
BenchmarkTest02457.java,0,CWE-643,,,,0,0,1,0,0,0,1,0,,,,,,,,
BenchmarkTest02458.java,0,CWE-327,CWE-327,1,0,1,0,0,0,1,0,0,0,2717,0.005434,128,0.001024,22,0.000176,0.006633999999999999,2.4733922481536865
BenchmarkTest02459.java,0,CWE-327,,,,0,0,1,0,0,0,1,0,,,,,,,,
BenchmarkTest02460.java,0,CWE-327,,,,0,0,1,0,0,0,1,0,,,,,,,,
BenchmarkTest02461.java,0,CWE-327,,,,0,0,1,0,0,0,1,0,,,,,,,,
BenchmarkTest02462.java,0,CWE-22,CWE-23,0,1,0,1,0,0,0,0,1,0,2404,0.004808,384,0.003072,21,0.000168,0.008048,4.777542352676392
BenchmarkTest02463.java,0,CWE-22,CWE-23,0,0,1,0,0,0,1,0,0,0,2346,0.004692,512,0.004096,22,0.000176,0.008964000000000001,6.625324726104736
BenchmarkTest02464.java,0,CWE-22,CWE-23,0,0,0,1,0,0,0,1,0,0,2389,0.004778,128,0.001024,22,0.000176,0.005978,3.1475419998168945
BenchmarkTest02465.java,0,CWE-22,CWE-23,0,0,1,0,0,0,1,0,0,0,2484,0.004968,320,0.00256,22,0.000176,0.007704,4.360841274261475
BenchmarkTest02466.java,0,CWE-22,CWE-23,0,0,1,0,0,0,1,0,0,0,2547,0.005094,256,0.002048,22,0.000176,0.007317999999999999,3.6546614170074463
BenchmarkTest02467.java,0,CWE-22,CWE-23,0,1,0,1,0,0,0,0,1,0,2633,0.005266,384,0.003072,21,0.000168,0.008506,6.226355791091919
BenchmarkTest02468.java,0,CWE-22,CWE-23,0,1,0,1,0,0,0,0,1,0,2377,0.004754,512,0.004096,21,0.000168,0.009018,7.286906480789185
BenchmarkTest02469.java,0,CWE-22,CWE-23,0,0,1,0,0,0,1,0,0,0,2392,0.004784,320,0.00256,22,0.000176,0.00752,4.821709394454956
BenchmarkTest02470.java,0,CWE-22,CWE-23,0,1,0,1,0,0,0,0,1,0,2382,0.004764,320,0.00256,21,0.000168,0.007492,5.166686058044434
BenchmarkTest02471.java,0,CWE-22,CWE-23,0,1,0,1,0,0,0,0,1,0,2504,0.005008,320,0.00256,21,0.000168,0.007736,4.2317235469818115
BenchmarkTest02472.java,0,CWE-90,CWE-90,1,0,1,0,0,0,1,0,0,0,2363,0.004726,640,0.00512,22,0.000176,0.010022000000000001,8.84787893295288
BenchmarkTest02473.java,0,CWE-330,CWE-330,1,0,1,0,0,0,1,0,0,0,2459,0.004918,128,0.001024,22,0.000176,0.006117999999999999,3.0681700706481934
BenchmarkTest02474.java,0,CWE-328,CWE-916,0,0,1,0,0,0,1,0,0,0,2437,0.004874,128,0.001024,22,0.000176,0.0060739999999999995,3.320326805114746
BenchmarkTest02475.java,0,CWE-328,CWE-916,0,0,1,0,0,0,1,0,0,0,2381,0.004762,128,0.001024,22,0.000176,0.005961999999999999,2.9238710403442383
BenchmarkTest02476.java,0,CWE-328,CWE-916,0,0,1,0,0,0,1,0,0,0,2310,0.00462,64,0.000512,22,0.000176,0.005308,2.0494844913482666
BenchmarkTest02477.java,0,CWE-328,,,,0,0,1,0,0,0,1,0,,,,,,,,
BenchmarkTest02478.java,0,CWE-328,,,,0,0,0,1,0,0,0,1,,,,,,,,
BenchmarkTest02479.java,0,CWE-328,,,,0,0,1,0,0,0,1,0,,,,,,,,
BenchmarkTest02480.java,0,CWE-79,CWE-79,1,0,1,0,0,0,1,0,0,0,2427,0.004854,192,0.001536,22,0.000176,0.006566,2.979921817779541
BenchmarkTest02481.java,0,CWE-79,CWE-79,1,1,0,1,0,0,0,0,1,0,2468,0.004936,512,0.004096,21,0.000168,0.0092,6.913804769515991
BenchmarkTest02482.java,0,CWE-79,CWE-79,1,1,0,1,0,0,0,0,1,0,2483,0.004966,448,0.003584,21,0.000168,0.008718,6.650920867919922
BenchmarkTest02483.java,0,CWE-79,CWE-79,1,0,1,0,0,0,1,0,0,0,2396,0.004792,192,0.001536,22,0.000176,0.006504,3.0394418239593506
BenchmarkTest02484.java,0,CWE-79,CWE-79,1,1,0,1,0,0,0,0,1,0,2495,0.00499,320,0.00256,21,0.000168,0.007717999999999999,4.8957648277282715
BenchmarkTest02485.java,0,CWE-79,CWE-79,1,1,0,1,0,0,0,0,1,0,2490,0.00498,320,0.00256,21,0.000168,0.007708,5.893808126449585
BenchmarkTest02486.java,0,CWE-79,CWE-79,1,0,1,0,0,0,1,0,0,0,2478,0.004956,1920,0.01536,22,0.000176,0.020492,16.09651279449463
BenchmarkTest02487.java,0,CWE-79,CWE-79,1,0,1,0,0,0,1,0,0,0,2444,0.004888,192,0.001536,22,0.000176,0.0066,3.4981513023376465
BenchmarkTest02488.java,0,CWE-79,CWE-79,1,1,0,1,0,0,0,0,1,0,2430,0.00486,384,0.003072,21,0.000168,0.0081,4.655780076980591
BenchmarkTest02489.java,0,CWE-79,CWE-79,1,0,1,0,0,0,1,0,0,0,2408,0.004816,256,0.002048,22,0.000176,0.00704,5.736731052398682
BenchmarkTest02490.java,0,CWE-79,CWE-79,1,1,0,1,0,0,0,0,1,0,2647,0.005294,384,0.003072,21,0.000168,0.008534,5.7164671421051025
BenchmarkTest02491.java,0,CWE-79,CWE-79,1,1,0,1,0,0,0,0,1,0,2632,0.005264,640,0.00512,21,0.000168,0.010552,7.929856061935425
BenchmarkTest02492.java,0,CWE-79,CWE-79,1,1,0,1,0,0,0,0,1,0,2410,0.00482,384,0.003072,21,0.000168,0.00806,6.392926454544067
BenchmarkTest02493.java,0,CWE-79,CWE-79,1,0,1,0,0,0,1,0,0,0,2511,0.005022,192,0.001536,22,0.000176,0.006734,2.9187331199645996
BenchmarkTest02494.java,0,CWE-79,CWE-79,1,0,1,0,0,0,1,0,0,0,2451,0.004902,576,0.004608,22,0.000176,0.009686000000000002,5.801258563995361
BenchmarkTest02495.java,0,CWE-79,CWE-79,1,1,0,1,0,0,0,0,1,0,2508,0.005016,384,0.003072,21,0.000168,0.008256,7.149965763092041
BenchmarkTest02496.java,0,CWE-78,CWE-78,1,0,1,0,0,0,1,0,0,0,2132,0.004264,256,0.002048,22,0.000176,0.006488,4.0816874504089355
BenchmarkTest02497.java,0,CWE-330,CWE-330,1,0,1,0,0,0,1,0,0,0,2618,0.005236,128,0.001024,22,0.000176,0.006436,2.508368492126465
BenchmarkTest02498.java,0,CWE-330,CWE-330,1,0,1,0,0,0,1,0,0,0,2402,0.004804,128,0.001024,22,0.000176,0.006004,2.432377576828003
BenchmarkTest02499.java,0,CWE-330,CWE-330,1,0,1,0,0,0,1,0,0,0,2415,0.00483,128,0.001024,22,0.000176,0.00603,3.017819404602051
BenchmarkTest02500.java,0,CWE-330,CWE-330,1,0,1,0,0,0,1,0,0,0,2391,0.004782,192,0.001536,22,0.000176,0.006494,3.4243767261505127
BenchmarkTest02501.java,0,CWE-330,CWE-330,1,0,1,0,0,0,1,0,0,0,2375,0.00475,128,0.001024,22,0.000176,0.0059499999999999996,2.8358967304229736
BenchmarkTest02502.java,0,CWE-330,CWE-330,1,0,1,0,0,0,1,0,0,0,2417,0.004834,192,0.001536,22,0.000176,0.006546,2.7389020919799805
BenchmarkTest02503.java,0,CWE-330,CWE-330,1,0,1,0,0,0,1,0,0,0,2578,0.005156,576,0.004608,22,0.000176,0.009940000000000001,5.6953747272491455
BenchmarkTest02504.java,0,CWE-330,CWE-330,1,0,1,0,0,0,1,0,0,0,2378,0.004756,256,0.002048,22,0.000176,0.006979999999999999,4.689732313156128
BenchmarkTest02505.java,0,CWE-330,CWE-330,1,0,1,0,0,0,1,0,0,0,2405,0.00481,128,0.001024,22,0.000176,0.00601,2.897857666015625
BenchmarkTest02506.java,0,CWE-330,CWE-330,1,0,1,0,0,0,1,0,0,0,2389,0.004778,128,0.001024,22,0.000176,0.005978,3.1457931995391846
BenchmarkTest02507.java,0,CWE-614,CWE-614,1,0,1,0,0,0,1,0,0,0,2162,0.004324,128,0.001024,22,0.000176,0.005523999999999999,2.620619535446167
BenchmarkTest02508.java,0,CWE-614,,,,0,0,1,0,0,0,1,0,,,,,,,,
BenchmarkTest02509.java,0,CWE-79,CWE-79,1,1,0,1,0,0,0,0,1,0,2433,0.004866,320,0.00256,21,0.000168,0.007594,5.163404226303101
BenchmarkTest02510.java,0,CWE-78,CWE-78,1,1,0,1,0,0,0,0,1,0,2241,0.004482,832,0.006656,21,0.000168,0.011305999999999998,10.789170265197754
BenchmarkTest02511.java,0,CWE-78,CWE-78,1,0,1,0,0,0,1,0,0,0,2040,0.00408,768,0.006144,22,0.000176,0.010400000000000001,9.609330892562866
BenchmarkTest02512.java,0,CWE-78,CWE-78,1,0,1,0,0,0,1,0,0,0,2081,0.004162,640,0.00512,22,0.000176,0.009458000000000001,8.78681755065918
BenchmarkTest02513.java,0,CWE-78,CWE-78,1,1,0,1,0,0,0,0,1,0,2103,0.004206,448,0.003584,21,0.000168,0.007958,6.031049728393555
BenchmarkTest02514.java,0,CWE-78,CWE-78,1,0,1,0,0,0,1,0,0,0,2044,0.004088,640,0.00512,22,0.000176,0.009384000000000002,8.525067329406738
BenchmarkTest02515.java,0,CWE-78,CWE-78,1,0,1,0,0,0,1,0,0,0,2030,0.00406,768,0.006144,22,0.000176,0.010380000000000002,9.538081884384155
BenchmarkTest02516.java,0,CWE-78,CWE-78,1,0,1,0,0,0,1,0,0,0,2100,0.0042,960,0.00768,22,0.000176,0.012056,12.042807817459106
BenchmarkTest02517.java,0,CWE-78,CWE-78,1,0,1,0,0,0,1,0,0,0,2036,0.004072,832,0.006656,22,0.000176,0.010904,11.100680351257324
BenchmarkTest02518.java,0,CWE-78,CWE-78,1,0,0,1,0,0,0,1,0,0,2102,0.004204,768,0.006144,22,0.000176,0.010524,11.496627569198608
BenchmarkTest02519.java,0,CWE-330,,,,0,0,1,0,0,0,1,0,,,,,,,,
BenchmarkTest02520.java,0,CWE-330,,,,0,0,1,0,0,0,1,0,,,,,,,,
BenchmarkTest02521.java,0,CWE-330,,,,0,0,1,0,0,0,1,0,,,,,,,,
BenchmarkTest02522.java,0,CWE-330,,,,0,0,1,0,0,0,1,0,,,,,,,,
BenchmarkTest02528.java,0,CWE-89,CWE-89,1,0,1,0,0,0,1,0,0,0,2070,0.00414,128,0.001024,22,0.000176,0.005339999999999999,3.814695119857788
BenchmarkTest02529.java,0,CWE-89,CWE-89,1,1,0,1,0,0,0,0,1,0,2107,0.004214,384,0.003072,21,0.000168,0.007454,6.681570053100586
BenchmarkTest02530.java,0,CWE-89,CWE-89,1,0,1,0,0,0,1,0,0,0,2076,0.004152,256,0.002048,22,0.000176,0.006376000000000001,4.963574171066284
BenchmarkTest02531.java,0,CWE-89,CWE-89,1,0,1,0,0,0,1,0,0,0,2057,0.004114,320,0.00256,22,0.000176,0.006849999999999999,5.561062812805176
BenchmarkTest02532.java,0,CWE-89,CWE-89,1,0,1,0,0,0,1,0,0,0,2085,0.00417,192,0.001536,22,0.000176,0.005882,4.59094762802124
BenchmarkTest02533.java,0,CWE-89,CWE-89,1,0,1,0,0,0,1,0,0,0,2120,0.00424,192,0.001536,22,0.000176,0.005952,4.824152946472168
BenchmarkTest02534.java,0,CWE-89,CWE-89,1,0,1,0,0,0,1,0,0,0,2054,0.004108,192,0.001536,22,0.000176,0.00582,4.226161956787109
BenchmarkTest02535.java,0,CWE-89,CWE-89,1,0,1,0,0,0,1,0,0,0,2099,0.004198,320,0.00256,22,0.000176,0.006934,6.453873634338379
BenchmarkTest02536.java,0,CWE-89,CWE-89,1,1,0,1,0,0,0,0,1,0,2124,0.004248,384,0.003072,21,0.000168,0.007488,8.164962768554688
BenchmarkTest02537.java,0,CWE-89,CWE-89,1,0,1,0,0,0,1,0,0,0,2075,0.00415,64,0.000512,22,0.000176,0.004838,3.3110411167144775
BenchmarkTest02538.java,0,CWE-89,,,,0,0,1,0,0,0,1,0,,,,,,,,
BenchmarkTest02539.java,0,CWE-89,,,,0,0,1,0,0,0,1,0,,,,,,,,
BenchmarkTest02540.java,0,CWE-89,CWE-89,1,1,0,1,0,0,0,0,1,0,2077,0.004154,256,0.002048,21,0.000168,0.006369999999999999,5.374502658843994
BenchmarkTest02541.java,0,CWE-89,CWE-89,1,1,0,1,0,0,0,0,1,0,2043,0.004086,320,0.00256,21,0.000168,0.006814000000000001,6.585851430892944
BenchmarkTest02542.java,0,CWE-89,CWE-89,1,0,1,0,0,0,1,0,0,0,2024,0.004048,128,0.001024,22,0.000176,0.005248,3.6858487129211426
BenchmarkTest02543.java,0,CWE-89,CWE-89,1,0,1,0,0,0,1,0,0,0,2040,0.00408,64,0.000512,22,0.000176,0.0047680000000000005,3.9901065826416016
BenchmarkTest02544.java,0,CWE-89,CWE-89,1,1,0,1,0,0,0,0,1,0,2092,0.004184,384,0.003072,21,0.000168,0.007424,6.916903257369995
BenchmarkTest02545.java,0,CWE-89,CWE-89,1,0,1,0,0,0,1,0,0,0,2031,0.004062,64,0.000512,22,0.000176,0.00475,2.6655752658843994
BenchmarkTest02546.java,0,CWE-89,CWE-89,1,1,0,1,0,0,0,0,1,0,2096,0.004192,320,0.00256,21,0.000168,0.006920000000000001,5.92589807510376
BenchmarkTest02547.java,0,CWE-327,,,,0,0,1,0,0,0,1,0,,,,,,,,
BenchmarkTest02548.java,0,CWE-327,CWE-327,1,0,1,0,0,0,1,0,0,0,2904,0.005808,128,0.001024,22,0.000176,0.0070079999999999995,3.8925490379333496
BenchmarkTest02549.java,0,CWE-327,CWE-327,1,0,1,0,0,0,1,0,0,0,2901,0.005802,128,0.001024,22,0.000176,0.0070019999999999995,3.6311912536621094
BenchmarkTest02550.java,0,CWE-327,CWE-327,1,0,1,0,0,0,1,0,0,0,2527,0.005054,64,0.000512,22,0.000176,0.005742000000000001,3.0385799407958984
BenchmarkTest02551.java,0,CWE-327,,,,0,0,1,0,0,0,1,0,,,,,,,,
BenchmarkTest02552.java,0,CWE-327,,,,0,0,1,0,0,0,1,0,,,,,,,,
BenchmarkTest02553.java,0,CWE-90,CWE-90,1,1,0,1,0,0,0,0,1,0,2537,0.005074,320,0.00256,21,0.000168,0.007802,5.917159557342529
BenchmarkTest02554.java,0,CWE-22,CWE-23,0,1,0,1,0,0,0,0,1,0,2496,0.004992,384,0.003072,21,0.000168,0.008232,6.962039470672607
BenchmarkTest02555.java,0,CWE-22,CWE-23,0,0,1,0,0,0,1,0,0,0,2488,0.004976,256,0.002048,22,0.000176,0.007200000000000001,7.926485538482666
BenchmarkTest02556.java,0,CWE-22,CWE-23,0,0,1,0,0,0,1,0,0,0,2476,0.004952,256,0.002048,22,0.000176,0.007175999999999999,5.059711933135986
BenchmarkTest02557.java,0,CWE-22,CWE-23,0,1,0,1,0,0,0,0,1,0,2514,0.005028,448,0.003584,21,0.000168,0.00878,6.715887546539307
BenchmarkTest02558.java,0,CWE-22,CWE-23,0,1,0,1,0,0,0,0,1,0,2482,0.004964,448,0.003584,21,0.000168,0.008716,6.119665145874023
BenchmarkTest02559.java,0,CWE-22,CWE-23,0,0,1,0,0,0,1,0,0,0,2609,0.005218,640,0.00512,22,0.000176,0.010514,37.160889863967896
BenchmarkTest02560.java,0,CWE-22,CWE-23,0,0,1,0,0,0,1,0,0,0,2625,0.00525,192,0.001536,22,0.000176,0.006962,3.9861605167388916
BenchmarkTest02561.java,0,CWE-22,CWE-23,0,0,1,0,0,0,1,0,0,0,2603,0.005206,192,0.001536,22,0.000176,0.006918,3.8456461429595947
BenchmarkTest02562.java,0,CWE-22,CWE-23,0,0,1,0,0,0,1,0,0,0,2574,0.005148,192,0.001536,22,0.000176,0.00686,3.222667932510376
BenchmarkTest02563.java,0,CWE-22,CWE-23,0,1,0,1,0,0,0,0,1,0,2726,0.005452,960,0.00768,21,0.000168,0.013300000000000001,12.335254907608032
BenchmarkTest02564.java,0,CWE-22,CWE-23,0,0,1,0,0,0,1,0,0,0,2584,0.005168,448,0.003584,22,0.000176,0.008928,6.787071704864502
BenchmarkTest02565.java,0,CWE-22,CWE-23,0,0,1,0,0,0,1,0,0,0,2496,0.004992,704,0.005632,22,0.000176,0.0108,9.214755535125732
BenchmarkTest02566.java,0,CWE-22,CWE-23,0,1,0,1,0,0,0,0,1,0,2536,0.005072,384,0.003072,21,0.000168,0.008312,5.906498908996582
BenchmarkTest02567.java,0,CWE-22,CWE-23,0,0,1,0,0,0,1,0,0,0,2491,0.004982,448,0.003584,22,0.000176,0.008742000000000002,30.026920557022095
BenchmarkTest02568.java,0,CWE-22,CWE-23,0,1,0,1,0,0,0,0,1,0,2571,0.005142,384,0.003072,21,0.000168,0.008381999999999999,5.486880302429199
BenchmarkTest02569.java,0,CWE-22,CWE-23,0,0,1,0,0,0,1,0,0,0,2578,0.005156,384,0.003072,22,0.000176,0.008404,6.086580514907837
BenchmarkTest02570.java,0,CWE-22,CWE-23,0,1,0,1,0,0,0,0,1,0,2674,0.005348,640,0.00512,21,0.000168,0.010636000000000001,8.549628496170044
BenchmarkTest02571.java,0,CWE-90,CWE-90,1,1,0,1,0,0,0,0,1,0,2547,0.005094,384,0.003072,21,0.000168,0.008334,4.973503589630127
BenchmarkTest02572.java,0,CWE-90,CWE-90,1,1,0,1,0,0,0,0,1,0,2500,0.005,512,0.004096,21,0.000168,0.009264,8.595183372497559
BenchmarkTest02573.java,0,CWE-328,CWE-916,0,0,1,0,0,0,1,0,0,0,2573,0.005146,256,0.002048,22,0.000176,0.007370000000000001,4.208976745605469
BenchmarkTest02574.java,0,CWE-328,CWE-916,0,0,1,0,0,0,1,0,0,0,2538,0.005076,128,0.001024,22,0.000176,0.0062759999999999995,2.9823851585388184
BenchmarkTest02575.java,0,CWE-328,CWE-916,0,0,1,0,0,0,1,0,0,0,2472,0.004944,128,0.001024,22,0.000176,0.006143999999999999,2.3341333866119385
BenchmarkTest02576.java,0,CWE-328,,,,0,0,1,0,0,0,1,0,,,,,,,,
BenchmarkTest02577.java,0,CWE-328,,,,0,0,0,1,0,0,0,1,,,,,,,,
BenchmarkTest02578.java,0,CWE-79,CWE-79,1,0,1,0,0,0,1,0,0,0,2583,0.005166,384,0.003072,22,0.000176,0.008414,6.9370036125183105
BenchmarkTest02579.java,0,CWE-79,CWE-79,1,0,1,0,0,0,1,0,0,0,2563,0.005126,256,0.002048,22,0.000176,0.00735,4.597140789031982
BenchmarkTest02580.java,0,CWE-79,CWE-79,1,0,1,0,0,0,1,0,0,0,2572,0.005144,256,0.002048,22,0.000176,0.007368,5.000640630722046
BenchmarkTest02581.java,0,CWE-79,CWE-79,1,1,0,1,0,0,0,0,1,0,2558,0.005116,704,0.005632,21,0.000168,0.010916,8.695308446884155
BenchmarkTest02582.java,0,CWE-79,CWE-79,1,0,1,0,0,0,1,0,0,0,2565,0.00513,448,0.003584,22,0.000176,0.00889,6.54847526550293
BenchmarkTest02583.java,0,CWE-79,CWE-79,1,0,1,0,0,0,1,0,0,0,2536,0.005072,128,0.001024,22,0.000176,0.006272,2.5470950603485107
BenchmarkTest02584.java,0,CWE-79,CWE-79,1,0,1,0,0,0,1,0,0,0,2559,0.005118,192,0.001536,22,0.000176,0.00683,3.4377968311309814
BenchmarkTest02585.java,0,CWE-79,CWE-79,1,0,1,0,0,0,1,0,0,0,2568,0.005136,448,0.003584,22,0.000176,0.008896000000000001,5.271353244781494
BenchmarkTest02586.java,0,CWE-79,CWE-79,1,0,1,0,0,0,1,0,0,0,2628,0.005256,192,0.001536,22,0.000176,0.006968,3.211616277694702
BenchmarkTest02587.java,0,CWE-79,CWE-79,1,0,1,0,0,0,1,0,0,0,2783,0.005566,1280,0.01024,22,0.000176,0.015982,16.303354024887085
BenchmarkTest02588.java,0,CWE-79,CWE-79,1,0,1,0,0,0,1,0,0,0,2779,0.005558,1024,0.008192,22,0.000176,0.013926,12.37151026725769
BenchmarkTest02589.java,0,CWE-79,CWE-79,1,1,0,1,0,0,0,0,1,0,2621,0.005242,512,0.004096,21,0.000168,0.009505999999999999,7.380949974060059
BenchmarkTest02590.java,0,CWE-79,CWE-79,1,1,0,1,0,0,0,0,1,0,2657,0.005314,384,0.003072,21,0.000168,0.008554,5.767968416213989
BenchmarkTest02591.java,0,CWE-79,CWE-79,1,0,1,0,0,0,1,0,0,0,2582,0.005164,256,0.002048,22,0.000176,0.007388,5.147667169570923
BenchmarkTest02592.java,0,CWE-79,CWE-79,1,0,1,0,0,0,1,0,0,0,2618,0.005236,704,0.005632,22,0.000176,0.011044,10.560731410980225
BenchmarkTest02593.java,0,CWE-79,CWE-79,1,1,0,1,0,0,0,0,1,0,2580,0.00516,384,0.003072,21,0.000168,0.0084,6.063633918762207
BenchmarkTest02594.java,0,CWE-79,CWE-79,1,1,0,1,0,0,0,0,1,0,2575,0.00515,256,0.002048,21,0.000168,0.007365999999999999,4.971611976623535
BenchmarkTest02595.java,0,CWE-79,CWE-79,1,0,1,0,0,0,1,0,0,0,2631,0.005262,320,0.00256,22,0.000176,0.007998000000000002,3.8115224838256836
BenchmarkTest02596.java,0,CWE-79,CWE-79,1,1,0,1,0,0,0,0,1,0,2551,0.005102,256,0.002048,21,0.000168,0.007318,4.819708347320557
BenchmarkTest02597.java,0,CWE-79,CWE-79,1,0,1,0,0,0,1,0,0,0,2592,0.005184,896,0.007168,22,0.000176,0.012528000000000001,8.891263246536255
BenchmarkTest02598.java,0,CWE-79,CWE-79,1,0,1,0,0,0,1,0,0,0,2565,0.00513,128,0.001024,22,0.000176,0.00633,3.4878268241882324
BenchmarkTest02599.java,0,CWE-79,CWE-79,1,1,0,1,0,0,0,0,1,0,2574,0.005148,320,0.00256,21,0.000168,0.007876,4.35860538482666
BenchmarkTest02600.java,0,CWE-79,CWE-79,1,0,1,0,0,0,1,0,0,0,2599,0.005198,128,0.001024,22,0.000176,0.006398,3.7416176795959473
BenchmarkTest02601.java,0,CWE-79,CWE-79,1,1,0,1,0,0,0,0,1,0,2576,0.005152,256,0.002048,21,0.000168,0.0073679999999999995,3.488379955291748
BenchmarkTest02602.java,0,CWE-330,CWE-330,1,0,1,0,0,0,1,0,0,0,2747,0.005494,128,0.001024,22,0.000176,0.006693999999999999,2.8599884510040283
BenchmarkTest02603.java,0,CWE-330,CWE-330,1,0,1,0,0,0,1,0,0,0,2559,0.005118,320,0.00256,22,0.000176,0.007854000000000002,5.937046766281128
BenchmarkTest02604.java,0,CWE-330,CWE-330,1,0,1,0,0,0,1,0,0,0,2730,0.00546,128,0.001024,22,0.000176,0.006659999999999999,3.0418641567230225
BenchmarkTest02605.java,0,CWE-330,CWE-330,1,0,1,0,0,0,1,0,0,0,2543,0.005086,192,0.001536,22,0.000176,0.006798,3.6015052795410156
BenchmarkTest02606.java,0,CWE-330,CWE-330,1,0,1,0,0,0,1,0,0,0,2579,0.005158,128,0.001024,22,0.000176,0.006358,2.978477954864502
BenchmarkTest02607.java,0,CWE-614,,,,0,0,1,0,0,0,1,0,,,,,,,,
BenchmarkTest02608.java,0,CWE-79,CWE-79,1,0,1,0,0,0,1,0,0,0,2542,0.005084,192,0.001536,22,0.000176,0.006796,2.8337104320526123
BenchmarkTest02609.java,0,CWE-79,CWE-79,1,1,0,1,0,0,0,0,1,0,2559,0.005118,256,0.002048,21,0.000168,0.007334,7.063636302947998
BenchmarkTest02610.java,0,CWE-78,CWE-78,1,1,0,1,0,0,0,0,1,0,2377,0.004754,704,0.005632,22,0.000176,0.010562,8.479116678237915
BenchmarkTest02611.java,0,CWE-78,CWE-78,1,0,1,0,0,0,1,0,0,0,2346,0.004692,704,0.005632,22,0.000176,0.0105,8.943365573883057
BenchmarkTest02612.java,0,CWE-78,CWE-78,1,0,1,0,0,0,1,0,0,0,2185,0.00437,768,0.006144,22,0.000176,0.01069,8.993029117584229
BenchmarkTest02613.java,0,CWE-78,CWE-78,1,0,1,0,0,0,1,0,0,0,2243,0.004486,384,0.003072,22,0.000176,0.007734,5.179567098617554
BenchmarkTest02614.java,0,CWE-330,,,,0,0,1,0,0,0,1,0,,,,,,,,
BenchmarkTest02615.java,0,CWE-330,,,,0,0,1,0,0,0,1,0,,,,,,,,
BenchmarkTest02616.java,0,CWE-330,CWE-330,1,1,0,1,0,0,0,0,1,0,2632,0.005264,448,0.003584,21,0.000168,0.009016,6.086150407791138
BenchmarkTest02617.java,0,CWE-330,,,,0,0,1,0,0,0,1,0,,,,,,,,
BenchmarkTest02618.java,0,CWE-330,,,,0,0,1,0,0,0,1,0,,,,,,,,
BenchmarkTest02619.java,0,CWE-330,,,,0,0,1,0,0,0,1,0,,,,,,,,
BenchmarkTest02620.java,0,CWE-330,,,,0,0,1,0,0,0,1,0,,,,,,,,
BenchmarkTest02621.java,0,CWE-330,,,,0,0,1,0,0,0,1,0,,,,,,,,
BenchmarkTest02625.java,0,CWE-89,CWE-89,1,0,1,0,0,0,1,0,0,0,2233,0.004466,256,0.002048,22,0.000176,0.006690000000000001,4.145153045654297
BenchmarkTest02626.java,0,CWE-89,CWE-89,1,1,0,1,0,0,0,0,1,0,2179,0.004358,320,0.00256,21,0.000168,0.007086,4.675840616226196
BenchmarkTest02627.java,0,CWE-89,CWE-89,1,0,1,0,0,0,1,0,0,0,2220,0.00444,128,0.001024,22,0.000176,0.00564,2.9448187351226807
BenchmarkTest02628.java,0,CWE-89,CWE-89,1,0,1,0,0,0,1,0,0,0,2255,0.00451,128,0.001024,22,0.000176,0.00571,2.763779640197754
BenchmarkTest02629.java,0,CWE-89,CWE-89,1,1,0,1,0,0,0,0,1,0,2242,0.004484,256,0.002048,21,0.000168,0.006699999999999999,4.498545408248901
BenchmarkTest02630.java,0,CWE-89,CWE-89,1,0,1,0,0,0,1,0,0,0,2189,0.004378,192,0.001536,22,0.000176,0.00609,3.1538009643554688
BenchmarkTest02631.java,0,CWE-89,CWE-89,1,1,0,1,0,0,0,0,1,0,2194,0.004388,384,0.003072,21,0.000168,0.007628,5.216383695602417
BenchmarkTest02632.java,0,CWE-89,CWE-89,1,0,1,0,0,0,1,0,0,0,2251,0.004502,192,0.001536,22,0.000176,0.006214,4.302429437637329
BenchmarkTest02633.java,0,CWE-89,CWE-89,1,1,0,1,0,0,0,0,1,0,2401,0.004802,512,0.004096,21,0.000168,0.009066,8.551361560821533
BenchmarkTest02634.java,0,CWE-89,CWE-89,1,0,0,1,0,0,0,1,0,0,2251,0.004502,192,0.001536,22,0.000176,0.006214,5.564423561096191
BenchmarkTest02635.java,0,CWE-89,CWE-89,1,0,1,0,0,0,1,0,0,0,2292,0.004584,192,0.001536,22,0.000176,0.006296,4.206744909286499
BenchmarkTest02636.java,0,CWE-89,CWE-89,1,1,0,1,0,0,0,0,1,0,2238,0.004476,448,0.003584,21,0.000168,0.008228,7.329554080963135
BenchmarkTest02637.java,0,CWE-89,CWE-89,1,1,0,1,0,0,0,0,1,0,2205,0.00441,320,0.00256,21,0.000168,0.007138,6.247051477432251
BenchmarkTest02638.java,0,CWE-89,CWE-89,1,0,1,0,0,0,1,0,0,0,2185,0.00437,192,0.001536,22,0.000176,0.006082,4.066332578659058
BenchmarkTest02639.java,0,CWE-89,,,,0,0,1,0,0,0,1,0,,,,,,,,
BenchmarkTest02640.java,0,CWE-89,,,,0,0,1,0,0,0,1,0,,,,,,,,
BenchmarkTest02641.java,0,CWE-89,CWE-89,1,0,1,0,0,0,1,0,0,0,2327,0.004654,192,0.001536,22,0.000176,0.006366,4.6850550174713135
BenchmarkTest02642.java,0,CWE-89,,,,0,0,0,1,0,0,0,1,,,,,,,,
BenchmarkTest02643.java,0,CWE-89,,,,0,0,0,1,0,0,0,1,,,,,,,,
BenchmarkTest02644.java,0,CWE-89,,,,0,0,0,1,0,0,0,1,,,,,,,,
BenchmarkTest02645.java,0,CWE-89,,,,0,0,0,1,0,0,0,1,,,,,,,,
BenchmarkTest02646.java,0,CWE-89,CWE-89,1,0,1,0,0,0,1,0,0,0,2206,0.004412,192,0.001536,22,0.000176,0.006124,4.850417852401733
BenchmarkTest02647.java,0,CWE-89,CWE-89,1,0,1,0,0,0,1,0,0,0,2198,0.004396,192,0.001536,22,0.000176,0.006108,4.8150999546051025
BenchmarkTest02648.java,0,CWE-89,CWE-89,1,1,0,1,0,0,0,0,1,0,2248,0.004496,384,0.003072,21,0.000168,0.007736,5.872131824493408
BenchmarkTest02649.java,0,CWE-89,CWE-89,1,0,1,0,0,0,1,0,0,0,2148,0.004296,128,0.001024,22,0.000176,0.005496,4.122187614440918
BenchmarkTest02650.java,0,CWE-89,CWE-89,1,0,1,0,0,0,1,0,0,0,2240,0.00448,128,0.001024,22,0.000176,0.005679999999999999,3.9923465251922607
BenchmarkTest02651.java,0,CWE-89,CWE-89,1,0,1,0,0,0,1,0,0,0,2211,0.004422,128,0.001024,22,0.000176,0.005621999999999999,3.97231388092041
BenchmarkTest02652.java,0,CWE-89,CWE-89,1,1,0,1,0,0,0,0,1,0,2387,0.004774,384,0.003072,21,0.000168,0.008013999999999999,6.949299335479736
BenchmarkTest02653.java,0,CWE-89,CWE-89,1,0,1,0,0,0,1,0,0,0,2180,0.00436,128,0.001024,22,0.000176,0.00556,4.090613603591919
BenchmarkTest02654.java,0,CWE-89,CWE-89,1,0,1,0,0,0,1,0,0,0,2206,0.004412,64,0.000512,22,0.000176,0.0051,3.3401520252227783
BenchmarkTest02655.java,0,CWE-89,CWE-89,1,0,1,0,0,0,1,0,0,0,2143,0.004286,192,0.001536,22,0.000176,0.005998,7.489177942276001
BenchmarkTest02656.java,0,CWE-89,CWE-89,1,0,1,0,0,0,1,0,0,0,2184,0.004368,192,0.001536,22,0.000176,0.00608,4.700470685958862
BenchmarkTest02657.java,0,CWE-89,CWE-89,1,1,0,1,0,0,0,0,1,0,2183,0.004366,512,0.004096,21,0.000168,0.00863,8.240424394607544
BenchmarkTest02658.java,0,CWE-327,CWE-327,1,0,1,0,0,0,1,0,0,0,2707,0.005414,128,0.001024,22,0.000176,0.006614,3.888529062271118
BenchmarkTest02659.java,0,CWE-327,,,,0,0,1,0,0,0,1,0,,,,,,,,
BenchmarkTest02660.java,0,CWE-327,CWE-327,1,0,1,0,0,0,1,0,0,0,2592,0.005184,64,0.000512,22,0.000176,0.0058720000000000005,3.048499822616577
BenchmarkTest02661.java,0,CWE-327,CWE-327,1,0,1,0,0,0,1,0,0,0,2404,0.004808,64,0.000512,22,0.000176,0.005496,3.201036214828491
BenchmarkTest02662.java,0,CWE-327,,,,0,0,1,0,0,0,1,0,,,,,,,,
BenchmarkTest02663.java,0,CWE-327,CWE-327,1,0,1,0,0,0,1,0,0,0,2364,0.004728,320,0.00256,22,0.000176,0.007464000000000001,4.248910665512085
BenchmarkTest02664.java,0,CWE-22,,,,0,0,1,0,0,0,1,0,,,,,,,,
BenchmarkTest02665.java,0,CWE-22,,,,0,0,1,0,0,0,1,0,,,,,,,,
BenchmarkTest02666.java,0,CWE-22,,,,0,0,1,0,0,0,1,0,,,,,,,,
BenchmarkTest02667.java,0,CWE-22,,,,0,0,1,0,0,0,1,0,,,,,,,,
BenchmarkTest02668.java,0,CWE-22,,,,0,0,1,0,0,0,1,0,,,,,,,,
BenchmarkTest02669.java,0,CWE-22,,,,0,0,1,0,0,0,1,0,,,,,,,,
BenchmarkTest02670.java,0,CWE-328,CWE-916,0,0,1,0,0,0,1,0,0,0,2473,0.004946,128,0.001024,22,0.000176,0.0061459999999999996,3.670525312423706
BenchmarkTest02671.java,0,CWE-328,CWE-916,0,0,1,0,0,0,1,0,0,0,2500,0.005,128,0.001024,22,0.000176,0.0062,3.6728737354278564
BenchmarkTest02672.java,0,CWE-328,,,,0,0,1,0,0,0,1,0,,,,,,,,
BenchmarkTest02673.java,0,CWE-328,,,,0,0,1,0,0,0,1,0,,,,,,,,
BenchmarkTest02674.java,0,CWE-328,CWE-916,0,0,1,0,0,0,1,0,0,0,2526,0.005052,128,0.001024,22,0.000176,0.006252,2.783357858657837
BenchmarkTest02675.java,0,CWE-328,CWE-916,0,0,1,0,0,0,1,0,0,0,2324,0.004648,64,0.000512,22,0.000176,0.0053360000000000005,2.1276583671569824
BenchmarkTest02676.java,0,CWE-328,,,,0,0,1,0,0,0,1,0,,,,,,,,
BenchmarkTest02677.java,0,CWE-328,,,,0,0,0,1,0,0,0,1,,,,,,,,
BenchmarkTest02678.java,0,CWE-328,,,,0,0,1,0,0,0,1,0,,,,,,,,
BenchmarkTest02679.java,0,CWE-79,,,,0,0,1,0,0,0,1,0,,,,,,,,
BenchmarkTest02680.java,0,CWE-79,,,,0,0,1,0,0,0,1,0,,,,,,,,
BenchmarkTest02681.java,0,CWE-79,,,,0,0,1,0,0,0,1,0,,,,,,,,
BenchmarkTest02682.java,0,CWE-79,,,,0,0,1,0,0,0,1,0,,,,,,,,
BenchmarkTest02683.java,0,CWE-79,,,,0,0,1,0,0,0,1,0,,,,,,,,
BenchmarkTest02684.java,0,CWE-79,,,,0,0,1,0,0,0,1,0,,,,,,,,
BenchmarkTest02685.java,0,CWE-79,,,,0,0,1,0,0,0,1,0,,,,,,,,
BenchmarkTest02686.java,0,CWE-79,,,,0,0,1,0,0,0,1,0,,,,,,,,
BenchmarkTest02687.java,0,CWE-79,,,,0,0,1,0,0,0,1,0,,,,,,,,
BenchmarkTest02688.java,0,CWE-79,,,,0,0,1,0,0,0,1,0,,,,,,,,
BenchmarkTest02689.java,0,CWE-79,,,,0,0,1,0,0,0,1,0,,,,,,,,
BenchmarkTest02690.java,0,CWE-79,,,,0,0,1,0,0,0,1,0,,,,,,,,
BenchmarkTest02691.java,0,CWE-79,,,,0,0,1,0,0,0,1,0,,,,,,,,
BenchmarkTest02692.java,0,CWE-79,,,,0,0,1,0,0,0,1,0,,,,,,,,
BenchmarkTest02693.java,0,CWE-79,,,,0,0,1,0,0,0,1,0,,,,,,,,
BenchmarkTest02694.java,0,CWE-79,,,,0,0,1,0,0,0,1,0,,,,,,,,
BenchmarkTest02695.java,0,CWE-79,,,,0,0,1,0,0,0,1,0,,,,,,,,
BenchmarkTest02696.java,0,CWE-79,,,,0,0,1,0,0,0,1,0,,,,,,,,
BenchmarkTest02697.java,0,CWE-78,,,,0,0,1,0,0,0,1,0,,,,,,,,
BenchmarkTest02698.java,0,CWE-78,,,,0,0,1,0,0,0,1,0,,,,,,,,
BenchmarkTest02699.java,0,CWE-78,,,,0,0,1,0,0,0,1,0,,,,,,,,
BenchmarkTest02700.java,0,CWE-330,CWE-330,1,0,1,0,0,0,1,0,0,0,2427,0.004854,128,0.001024,22,0.000176,0.0060539999999999995,2.696021318435669
BenchmarkTest02701.java,0,CWE-330,CWE-330,1,0,1,0,0,0,1,0,0,0,2403,0.004806,128,0.001024,22,0.000176,0.006006,2.9967494010925293
BenchmarkTest02702.java,0,CWE-330,CWE-330,1,0,1,0,0,0,1,0,0,0,2395,0.00479,128,0.001024,22,0.000176,0.00599,2.2381417751312256
BenchmarkTest02703.java,0,CWE-330,CWE-330,1,0,1,0,0,0,1,0,0,0,2392,0.004784,128,0.001024,22,0.000176,0.005984,2.2927722930908203
BenchmarkTest02704.java,0,CWE-330,CWE-330,1,0,1,0,0,0,1,0,0,0,2420,0.00484,768,0.006144,22,0.000176,0.011160000000000002,9.782001495361328
BenchmarkTest02705.java,0,CWE-330,CWE-330,1,0,1,0,0,0,1,0,0,0,2410,0.00482,128,0.001024,22,0.000176,0.006019999999999999,2.712035894393921
BenchmarkTest02706.java,0,CWE-330,CWE-330,1,0,1,0,0,0,1,0,0,0,2387,0.004774,128,0.001024,22,0.000176,0.005973999999999999,2.9747464656829834
BenchmarkTest02707.java,0,CWE-330,CWE-330,1,0,1,0,0,0,1,0,0,0,2378,0.004756,128,0.001024,22,0.000176,0.0059559999999999995,2.82065749168396
BenchmarkTest02708.java,0,CWE-330,CWE-330,1,0,1,0,0,0,1,0,0,0,2353,0.004706,128,0.001024,22,0.000176,0.005906,2.9953560829162598
BenchmarkTest02709.java,0,CWE-614,CWE-614,1,0,1,0,0,0,1,0,0,0,2163,0.004326,128,0.001024,22,0.000176,0.005526,2.5324127674102783
BenchmarkTest02710.java,0,CWE-614,CWE-614,1,0,1,0,0,0,1,0,0,0,2137,0.004274,320,0.00256,22,0.000176,0.00701,3.880195140838623
BenchmarkTest02711.java,0,CWE-614,,,,0,0,1,0,0,0,1,0,,,,,,,,
BenchmarkTest02712.java,0,CWE-79,,,,0,0,1,0,0,0,1,0,,,,,,,,
BenchmarkTest02713.java,0,CWE-78,,,,0,0,1,0,0,0,1,0,,,,,,,,
BenchmarkTest02714.java,0,CWE-78,,,,0,0,1,0,0,0,1,0,,,,,,,,
BenchmarkTest02715.java,0,CWE-330,,,,0,0,1,0,0,0,1,0,,,,,,,,
BenchmarkTest02716.java,0,CWE-330,,,,0,0,1,0,0,0,1,0,,,,,,,,
BenchmarkTest02717.java,0,CWE-330,,,,0,0,1,0,0,0,1,0,,,,,,,,
BenchmarkTest02718.java,0,CWE-330,,,,0,0,1,0,0,0,1,0,,,,,,,,
BenchmarkTest02719.java,0,CWE-330,,,,0,0,1,0,0,0,1,0,,,,,,,,
BenchmarkTest02720.java,0,CWE-330,,,,0,0,1,0,0,0,1,0,,,,,,,,
BenchmarkTest02721.java,0,CWE-330,,,,0,0,1,0,0,0,1,0,,,,,,,,
BenchmarkTest02727.java,0,CWE-89,,,,0,0,1,0,0,0,1,0,,,,,,,,
BenchmarkTest02728.java,0,CWE-89,,,,0,0,1,0,0,0,1,0,,,,,,,,
BenchmarkTest02729.java,0,CWE-89,,,,0,0,1,0,0,0,1,0,,,,,,,,
BenchmarkTest02730.java,0,CWE-89,,,,0,0,1,0,0,0,1,0,,,,,,,,
BenchmarkTest02731.java,0,CWE-89,,,,0,0,1,0,0,0,1,0,,,,,,,,
BenchmarkTest02732.java,0,CWE-89,,,,0,0,1,0,0,0,1,0,,,,,,,,
BenchmarkTest02733.java,0,CWE-89,,,,0,0,1,0,0,0,1,0,,,,,,,,
BenchmarkTest02734.java,0,CWE-89,,,,0,0,1,0,0,0,1,0,,,,,,,,
BenchmarkTest02735.java,0,CWE-89,,,,0,0,1,0,0,0,1,0,,,,,,,,
BenchmarkTest02736.java,0,CWE-89,,,,0,0,1,0,0,0,1,0,,,,,,,,
BenchmarkTest02737.java,0,CWE-89,,,,0,0,1,0,0,0,1,0,,,,,,,,
BenchmarkTest02738.java,0,CWE-89,,,,0,0,1,0,0,0,1,0,,,,,,,,
BenchmarkTest02739.java,0,CWE-89,,,,0,0,1,0,0,0,1,0,,,,,,,,
BenchmarkTest02740.java,0,CWE-89,,,,0,0,1,0,0,0,1,0,,,,,,,,
