file_name,error,correct_cwe,matched_cwe,direct_match,was_changed,tp_old,fp_old,tn_old,fn_old,tp_new,fp_new,tn_new,fn_new,input_token,input_cost,reasoning_token,reasoning_cost,output_token,output_cost,total_cost,analysis_time
BenchmarkTest00001.java,0,CWE-22,CWE-23,0,0,1,0,0,0,1,0,0,0,1420,0.00284,192,0.001536,22,0.000176,0.004552,3.998060464859009
BenchmarkTest00002.java,0,CWE-22,CWE-23,0,0,1,0,0,0,1,0,0,0,1312,0.002624,192,0.001536,22,0.000176,0.0043360000000000004,4.801003932952881
BenchmarkTest00003.java,0,CWE-328,,,,0,0,0,1,0,0,0,1,,,,,,,,
BenchmarkTest00005.java,0,CWE-327,CWE-327,1,0,1,0,0,0,1,0,0,0,1194,0.002388,64,0.000512,22,0.000176,0.0030759999999999997,2.45841383934021
BenchmarkTest00006.java,0,CWE-78,CWE-78,1,0,1,0,0,0,1,0,0,0,914,0.001828,192,0.001536,22,0.000176,0.0035399999999999997,6.845722675323486
BenchmarkTest00007.java,0,CWE-78,CWE-78,1,0,1,0,0,0,1,0,0,0,825,0.00165,512,0.004096,22,0.000176,0.005921999999999999,6.973198652267456
BenchmarkTest00008.java,0,CWE-89,CWE-89,1,0,1,0,0,0,1,0,0,0,825,0.00165,64,0.000512,22,0.000176,0.002338,2.916872262954712
BenchmarkTest00009.java,0,CWE-328,,,,0,0,1,0,0,0,1,0,,,,,,,,
BenchmarkTest00010.java,0,CWE-330,,,,0,0,1,0,0,0,1,0,,,,,,,,
BenchmarkTest00011.java,0,CWE-22,CWE-23,0,1,1,0,0,0,0,0,0,1,1136,0.002272,640,0.00512,21,0.000168,0.007560000000000001,14.789581775665283
BenchmarkTest00012.java,0,CWE-90,CWE-90,1,0,1,0,0,0,1,0,0,0,1148,0.002296,128,0.001024,22,0.000176,0.003496,4.00881552696228
BenchmarkTest00013.java,0,CWE-79,CWE-79,1,0,1,0,0,0,1,0,0,0,1244,0.002488,320,0.00256,22,0.000176,0.005224,5.9343650341033936
BenchmarkTest00014.java,0,CWE-79,CWE-79,1,0,1,0,0,0,1,0,0,0,1241,0.002482,320,0.00256,22,0.000176,0.0052179999999999995,5.97507119178772
BenchmarkTest00015.java,0,CWE-78,CWE-78,1,0,1,0,0,0,1,0,0,0,926,0.001852,192,0.001536,22,0.000176,0.003564,5.911419630050659
BenchmarkTest00016.java,0,CWE-614,,,,0,0,1,0,0,0,1,0,,,,,,,,
BenchmarkTest00017.java,0,CWE-78,CWE-78,1,0,1,0,0,0,1,0,0,0,894,0.001788,448,0.003584,22,0.000176,0.005548,11.43002462387085
BenchmarkTest00018.java,0,CWE-89,CWE-89,1,0,1,0,0,0,1,0,0,0,832,0.001664,64,0.000512,22,0.000176,0.002352,2.3982107639312744
BenchmarkTest00019.java,0,CWE-327,CWE-327,1,0,1,0,0,0,1,0,0,0,1143,0.002286,192,0.001536,22,0.000176,0.003998,4.348775386810303
BenchmarkTest00020.java,0,CWE-327,CWE-327,1,0,1,0,0,0,1,0,0,0,1525,0.00305,64,0.000512,22,0.000176,0.003738,3.7097702026367188
BenchmarkTest00021.java,0,CWE-90,CWE-90,1,0,1,0,0,0,1,0,0,0,1089,0.002178,320,0.00256,22,0.000176,0.004914,8.691112995147705
BenchmarkTest00022.java,0,CWE-328,,,,0,0,1,0,0,0,1,0,,,,,,,,
BenchmarkTest00023.java,0,CWE-330,CWE-330,1,0,1,0,0,0,1,0,0,0,1168,0.002336,128,0.001024,22,0.000176,0.003536,2.981182098388672
BenchmarkTest00024.java,0,CWE-89,CWE-89,1,0,1,0,0,0,1,0,0,0,847,0.001694,128,0.001024,22,0.000176,0.002894,5.441742420196533
BenchmarkTest00025.java,0,CWE-89,,,,0,0,0,1,0,0,0,1,,,,,,,,
BenchmarkTest00026.java,0,CWE-89,,,,0,0,0,1,0,0,0,1,,,,,,,,
BenchmarkTest00027.java,0,CWE-89,CWE-89,1,0,1,0,0,0,1,0,0,0,795,0.00159,64,0.000512,22,0.000176,0.002278,2.721193552017212
BenchmarkTest00028.java,0,CWE-22,CWE-23,0,0,1,0,0,0,1,0,0,0,1173,0.002346,192,0.001536,22,0.000176,0.004058,3.9931869506835938
BenchmarkTest00029.java,0,CWE-328,,,,0,0,0,1,0,0,0,1,,,,,,,,
BenchmarkTest00030.java,0,CWE-79,CWE-79,1,0,1,0,0,0,1,0,0,0,1234,0.002468,192,0.001536,22,0.000176,0.0041800000000000006,6.051602840423584
BenchmarkTest00032.java,0,CWE-89,,,,0,0,0,1,0,0,0,1,,,,,,,,
BenchmarkTest00033.java,0,CWE-89,,,,0,0,0,1,0,0,0,1,,,,,,,,
BenchmarkTest00034.java,0,CWE-89,CWE-89,1,0,1,0,0,0,1,0,0,0,833,0.001666,64,0.000512,22,0.000176,0.0023539999999999998,2.7411928176879883
BenchmarkTest00035.java,0,CWE-327,CWE-327,1,0,1,0,0,0,1,0,0,0,1257,0.002514,192,0.001536,22,0.000176,0.004226,5.184422016143799
BenchmarkTest00036.java,0,CWE-79,CWE-79,1,0,1,0,0,0,1,0,0,0,1319,0.002638,448,0.003584,22,0.000176,0.006398,11.930718660354614
BenchmarkTest00037.java,0,CWE-89,CWE-89,1,0,1,0,0,0,1,0,0,0,947,0.001894,192,0.001536,22,0.000176,0.003606,4.001057386398315
BenchmarkTest00038.java,0,CWE-89,CWE-89,1,0,1,0,0,0,1,0,0,0,1079,0.002158,320,0.00256,22,0.000176,0.004894,8.503655433654785
BenchmarkTest00039.java,0,CWE-89,,,,0,0,0,1,0,0,0,1,,,,,,,,
BenchmarkTest00040.java,0,CWE-22,,,,0,0,0,1,0,0,0,1,,,,,,,,
BenchmarkTest00041.java,0,CWE-79,,,,0,0,0,1,0,0,0,1,,,,,,,,
BenchmarkTest00042.java,0,CWE-330,,,,0,0,1,0,0,0,1,0,,,,,,,,
BenchmarkTest00043.java,0,CWE-89,,,,0,0,0,1,0,0,0,1,,,,,,,,
BenchmarkTest00044.java,0,CWE-90,CWE-90,1,0,1,0,0,0,1,0,0,0,1088,0.002176,128,0.001024,22,0.000176,0.0033759999999999997,3.774195432662964
BenchmarkTest00045.java,0,CWE-22,CWE-23,0,0,1,0,0,0,1,0,0,0,1123,0.002246,448,0.003584,22,0.000176,0.006006,8.051203966140747
BenchmarkTest00046.java,0,CWE-328,CWE-916,0,0,1,0,0,0,1,0,0,0,1114,0.002228,64,0.000512,22,0.000176,0.0029159999999999998,2.95959734916687
BenchmarkTest00047.java,0,CWE-79,CWE-79,1,0,1,0,0,0,1,0,0,0,1362,0.002724,384,0.003072,22,0.000176,0.005972,5.924274682998657
BenchmarkTest00048.java,0,CWE-79,CWE-79,1,0,1,0,0,0,1,0,0,0,1357,0.002714,192,0.001536,22,0.000176,0.004426,4.333192586898804
BenchmarkTest00049.java,0,CWE-79,CWE-79,1,0,1,0,0,0,1,0,0,0,1355,0.00271,128,0.001024,22,0.000176,0.00391,3.993224859237671
BenchmarkTest00050.java,0,CWE-327,CWE-327,1,0,1,0,0,0,1,0,0,0,1541,0.003082,0,0.0,22,0.000176,0.003258,1.8439695835113525
BenchmarkTest00051.java,0,CWE-78,,,,0,0,1,0,0,0,1,0,,,,,,,,
BenchmarkTest00052.java,0,CWE-89,,,,0,0,1,0,0,0,1,0,,,,,,,,
BenchmarkTest00053.java,0,CWE-327,CWE-327,1,0,1,0,0,0,1,0,0,0,1676,0.003352,64,0.000512,22,0.000176,0.00404,3.997462749481201
BenchmarkTest00054.java,0,CWE-327,,,,0,0,1,0,0,0,1,0,,,,,,,,
BenchmarkTest00055.java,0,CWE-327,CWE-327,1,0,1,0,0,0,1,0,0,0,1705,0.00341,64,0.000512,22,0.000176,0.004098,4.471928834915161
BenchmarkTest00056.java,0,CWE-327,CWE-327,1,0,1,0,0,0,1,0,0,0,1772,0.003544,64,0.000512,22,0.000176,0.004232,4.494596719741821
BenchmarkTest00057.java,0,CWE-327,CWE-327,1,0,1,0,0,0,1,0,0,0,1382,0.002764,0,0.0,22,0.000176,0.00294,1.8451941013336182
BenchmarkTest00058.java,0,CWE-327,,,,0,0,1,0,0,0,1,0,,,,,,,,
BenchmarkTest00059.java,0,CWE-327,,,,0,0,1,0,0,0,1,0,,,,,,,,
BenchmarkTest00060.java,0,CWE-22,CWE-23,0,0,1,0,0,0,1,0,0,0,1335,0.00267,384,0.003072,22,0.000176,0.0059180000000000005,8.81477165222168
BenchmarkTest00061.java,0,CWE-22,CWE-23,0,1,1,0,0,0,0,0,0,1,1322,0.002644,832,0.006656,21,0.000168,0.009467999999999999,11.432591199874878
BenchmarkTest00062.java,0,CWE-22,CWE-23,0,0,1,0,0,0,1,0,0,0,1511,0.003022,128,0.001024,22,0.000176,0.004222,5.41715145111084
BenchmarkTest00063.java,0,CWE-22,,,,0,0,1,0,0,0,1,0,,,,,,,,
BenchmarkTest00064.java,0,CWE-22,,,,0,0,1,0,0,0,1,0,,,,,,,,
BenchmarkTest00065.java,0,CWE-22,CWE-23,0,0,1,0,0,0,1,0,0,0,1482,0.002964,320,0.00256,22,0.000176,0.0057,8.869145393371582
BenchmarkTest00066.java,0,CWE-330,CWE-330,1,0,1,0,0,0,1,0,0,0,1374,0.002748,256,0.002048,22,0.000176,0.004972,5.226406097412109
BenchmarkTest00067.java,0,CWE-330,CWE-330,1,0,1,0,0,0,1,0,0,0,1573,0.003146,64,0.000512,22,0.000176,0.0038339999999999997,4.466415882110596
BenchmarkTest00068.java,0,CWE-330,CWE-330,1,0,1,0,0,0,1,0,0,0,1368,0.002736,128,0.001024,22,0.000176,0.003936,4.939626932144165
BenchmarkTest00069.java,0,CWE-328,,,,0,0,1,0,0,0,1,0,,,,,,,,
BenchmarkTest00070.java,0,CWE-328,CWE-916,0,0,1,0,0,0,1,0,0,0,1367,0.002734,64,0.000512,22,0.000176,0.0034219999999999997,2.389934778213501
BenchmarkTest00071.java,0,CWE-328,CWE-916,0,0,1,0,0,0,1,0,0,0,1371,0.002742,64,0.000512,22,0.000176,0.00343,3.3179447650909424
BenchmarkTest00072.java,0,CWE-328,,,,0,0,1,0,0,0,1,0,,,,,,,,
BenchmarkTest00073.java,0,CWE-328,CWE-916,0,0,1,0,0,0,1,0,0,0,1354,0.002708,64,0.000512,22,0.000176,0.0033959999999999997,2.7461929321289062
BenchmarkTest00074.java,0,CWE-328,,,,0,0,0,1,0,0,0,1,,,,,,,,
BenchmarkTest00075.java,0,CWE-328,,,,0,0,1,0,0,0,1,0,,,,,,,,
BenchmarkTest00076.java,0,CWE-328,,,,0,0,1,0,0,0,1,0,,,,,,,,
BenchmarkTest00077.java,0,CWE-78,CWE-78,1,0,1,0,0,0,1,0,0,0,1159,0.002318,384,0.003072,22,0.000176,0.005566000000000001,5.747020721435547
BenchmarkTest00078.java,0,CWE-330,CWE-330,1,0,1,0,0,0,1,0,0,0,1387,0.002774,64,0.000512,22,0.000176,0.003462,3.490406036376953
BenchmarkTest00079.java,0,CWE-330,CWE-330,1,0,1,0,0,0,1,0,0,0,1437,0.002874,64,0.000512,22,0.000176,0.0035619999999999996,4.471177101135254
BenchmarkTest00080.java,0,CWE-330,CWE-330,1,0,1,0,0,0,1,0,0,0,1350,0.0027,192,0.001536,22,0.000176,0.004412,3.4914095401763916
BenchmarkTest00081.java,0,CWE-330,CWE-330,1,0,1,0,0,0,1,0,0,0,1335,0.00267,512,0.004096,22,0.000176,0.006941999999999999,6.01673150062561
BenchmarkTest00082.java,0,CWE-330,CWE-330,1,0,1,0,0,0,1,0,0,0,1346,0.002692,64,0.000512,22,0.000176,0.0033799999999999998,2.960747241973877
BenchmarkTest00083.java,0,CWE-330,CWE-330,1,0,1,0,0,0,1,0,0,0,1362,0.002724,128,0.001024,22,0.000176,0.0039239999999999995,3.545896053314209
BenchmarkTest00084.java,0,CWE-330,CWE-330,1,0,1,0,0,0,1,0,0,0,1344,0.002688,128,0.001024,22,0.000176,0.003888,3.2463016510009766
BenchmarkTest00085.java,0,CWE-330,CWE-330,1,0,1,0,0,0,1,0,0,0,1403,0.002806,256,0.002048,22,0.000176,0.00503,6.782657861709595
BenchmarkTest00086.java,0,CWE-330,CWE-330,1,0,1,0,0,0,1,0,0,0,1359,0.002718,64,0.000512,22,0.000176,0.0034059999999999997,3.494415283203125
BenchmarkTest00087.java,0,CWE-614,CWE-614,1,0,1,0,0,0,1,0,0,0,1150,0.0023,64,0.000512,22,0.000176,0.0029879999999999998,2.9518890380859375
BenchmarkTest00088.java,0,CWE-614,,,,0,0,1,0,0,0,1,0,,,,,,,,
BenchmarkTest00089.java,0,CWE-614,,,,0,0,1,0,0,0,1,0,,,,,,,,
BenchmarkTest00090.java,0,CWE-78,,,,0,0,1,0,0,0,1,0,,,,,,,,
BenchmarkTest00091.java,0,CWE-78,CWE-78,1,0,1,0,0,0,1,0,0,0,984,0.001968,1152,0.009216,22,0.000176,0.01136,13.378904819488525
BenchmarkTest00092.java,0,CWE-78,CWE-78,1,0,1,0,0,0,1,0,0,0,1076,0.002152,640,0.00512,22,0.000176,0.007448000000000001,8.887191534042358
BenchmarkTest00093.java,0,CWE-78,CWE-78,1,1,0,1,0,0,0,0,1,0,1125,0.00225,384,0.003072,21,0.000168,0.00549,10.325683832168579
BenchmarkTest00094.java,0,CWE-330,,,,0,0,1,0,0,0,1,0,,,,,,,,
BenchmarkTest00095.java,0,CWE-330,,,,0,0,1,0,0,0,1,0,,,,,,,,
BenchmarkTest00096.java,0,CWE-330,,,,0,0,1,0,0,0,1,0,,,,,,,,
BenchmarkTest00100.java,0,CWE-89,CWE-89,1,0,1,0,0,0,1,0,0,0,1109,0.002218,128,0.001024,22,0.000176,0.003418,5.826592922210693
BenchmarkTest00101.java,0,CWE-89,CWE-89,1,0,1,0,0,0,1,0,0,0,1063,0.002126,192,0.001536,22,0.000176,0.003838,4.285002946853638
BenchmarkTest00102.java,0,CWE-89,,,,0,0,0,1,0,0,0,1,,,,,,,,
BenchmarkTest00103.java,0,CWE-89,,,,0,0,0,1,0,0,0,1,,,,,,,,
BenchmarkTest00104.java,0,CWE-89,,,,0,0,1,0,0,0,1,0,,,,,,,,
BenchmarkTest00105.java,0,CWE-89,,,,0,0,1,0,0,0,1,0,,,,,,,,
BenchmarkTest00106.java,0,CWE-89,CWE-89,1,0,1,0,0,0,1,0,0,0,1046,0.002092,0,0.0,22,0.000176,0.002268,2.4094691276550293
BenchmarkTest00107.java,0,CWE-89,,,,0,0,1,0,0,0,1,0,,,,,,,,
BenchmarkTest00108.java,0,CWE-89,CWE-89,1,0,1,0,0,0,1,0,0,0,1079,0.002158,192,0.001536,22,0.000176,0.00387,3.5341219902038574
BenchmarkTest00109.java,0,CWE-89,CWE-89,1,0,1,0,0,0,1,0,0,0,1025,0.00205,64,0.000512,22,0.000176,0.002738,2.3941125869750977
BenchmarkTest00110.java,0,CWE-89,,,,0,0,1,0,0,0,1,0,,,,,,,,
BenchmarkTest00111.java,0,CWE-89,CWE-89,1,0,1,0,0,0,1,0,0,0,1041,0.002082,192,0.001536,22,0.000176,0.003794,6.121038436889648
BenchmarkTest00112.java,0,CWE-89,CWE-89,1,0,1,0,0,0,1,0,0,0,998,0.001996,64,0.000512,22,0.000176,0.0026839999999999998,4.443778991699219
BenchmarkTest00113.java,0,CWE-89,CWE-89,1,1,0,1,0,0,0,0,1,0,1072,0.002144,192,0.001536,21,0.000168,0.0038480000000000003,4.000223636627197
BenchmarkTest00114.java,0,CWE-89,,,,0,0,1,0,0,0,1,0,,,,,,,,
BenchmarkTest00115.java,0,CWE-89,CWE-89,1,0,1,0,0,0,1,0,0,0,1066,0.002132,128,0.001024,22,0.000176,0.003332,5.31891942024231
BenchmarkTest00116.java,0,CWE-643,CWE-643,1,1,0,1,0,0,0,0,1,0,1233,0.002466,384,0.003072,21,0.000168,0.005705999999999999,6.572012186050415
BenchmarkTest00117.java,0,CWE-643,,,,0,0,1,0,0,0,1,0,,,,,,,,
BenchmarkTest00118.java,0,CWE-643,,,,0,0,1,0,0,0,1,0,,,,,,,,
BenchmarkTest00119.java,0,CWE-327,CWE-327,1,0,1,0,0,0,1,0,0,0,1716,0.003432,64,0.000512,22,0.000176,0.00412,3.997225284576416
BenchmarkTest00120.java,0,CWE-327,CWE-327,1,0,1,0,0,0,1,0,0,0,1552,0.003104,64,0.000512,22,0.000176,0.003792,2.977012872695923
BenchmarkTest00121.java,0,CWE-327,,,,0,0,1,0,0,0,1,0,,,,,,,,
BenchmarkTest00122.java,0,CWE-327,,,,0,0,1,0,0,0,1,0,,,,,,,,
BenchmarkTest00123.java,0,CWE-327,CWE-327,1,0,1,0,0,0,1,0,0,0,1212,0.002424,64,0.000512,22,0.000176,0.0031119999999999997,2.958131790161133
BenchmarkTest00124.java,0,CWE-327,CWE-327,1,0,1,0,0,0,1,0,0,0,1231,0.002462,0,0.0,22,0.000176,0.002638,1.8346021175384521
BenchmarkTest00125.java,0,CWE-327,CWE-327,1,0,1,0,0,0,1,0,0,0,1214,0.002428,64,0.000512,22,0.000176,0.003116,2.974452257156372
BenchmarkTest00126.java,0,CWE-327,,,,0,0,1,0,0,0,1,0,,,,,,,,
BenchmarkTest00127.java,0,CWE-327,,,,0,0,1,0,0,0,1,0,,,,,,,,
BenchmarkTest00128.java,0,CWE-327,,,,0,0,1,0,0,0,1,0,,,,,,,,
BenchmarkTest00129.java,0,CWE-327,,,,0,0,1,0,0,0,1,0,,,,,,,,
BenchmarkTest00130.java,0,CWE-327,,,,0,0,1,0,0,0,1,0,,,,,,,,
BenchmarkTest00131.java,0,CWE-22,CWE-23,0,1,0,1,0,0,0,0,1,0,1211,0.002422,320,0.00256,21,0.000168,0.00515,7.9756855964660645
BenchmarkTest00132.java,0,CWE-22,CWE-23,0,1,0,1,0,0,0,0,1,0,1364,0.002728,576,0.004608,21,0.000168,0.007504,13.709638595581055
BenchmarkTest00133.java,0,CWE-22,CWE-23,0,0,1,0,0,0,1,0,0,0,1252,0.002504,256,0.002048,22,0.000176,0.004728,4.278343200683594
BenchmarkTest00134.java,0,CWE-22,CWE-23,0,1,0,1,0,0,0,0,1,0,1200,0.0024,384,0.003072,21,0.000168,0.005639999999999999,8.045199632644653
BenchmarkTest00135.java,0,CWE-22,CWE-23,0,1,0,1,0,0,0,0,1,0,1218,0.002436,320,0.00256,21,0.000168,0.005164,9.374085664749146
BenchmarkTest00136.java,0,CWE-22,CWE-23,0,1,0,1,0,0,0,0,1,0,1256,0.002512,448,0.003584,21,0.000168,0.006264,11.32501769065857
BenchmarkTest00137.java,0,CWE-22,CWE-23,0,1,0,1,0,0,0,0,1,0,1390,0.00278,192,0.001536,21,0.000168,0.004484,4.625922441482544
BenchmarkTest00138.java,0,CWE-90,,,,0,0,1,0,0,0,1,0,,,,,,,,
BenchmarkTest00139.java,0,CWE-90,,,,0,0,1,0,0,0,1,0,,,,,,,,
BenchmarkTest00140.java,0,CWE-330,CWE-330,1,0,1,0,0,0,1,0,0,0,1254,0.002508,64,0.000512,22,0.000176,0.0031959999999999996,2.9485063552856445
BenchmarkTest00141.java,0,CWE-328,CWE-916,0,0,1,0,0,0,1,0,0,0,1267,0.002534,64,0.000512,22,0.000176,0.0032219999999999996,3.955869436264038
BenchmarkTest00142.java,0,CWE-328,,,,0,0,1,0,0,0,1,0,,,,,,,,
BenchmarkTest00143.java,0,CWE-328,,,,0,0,0,1,0,0,0,1,,,,,,,,
BenchmarkTest00144.java,0,CWE-79,CWE-79,1,0,1,0,0,0,1,0,0,0,1300,0.0026,448,0.003584,22,0.000176,0.00636,6.759687900543213
BenchmarkTest00145.java,0,CWE-79,CWE-79,1,0,1,0,0,0,1,0,0,0,1322,0.002644,192,0.001536,22,0.000176,0.004356,4.280224084854126
BenchmarkTest00146.java,0,CWE-79,CWE-79,1,0,1,0,0,0,1,0,0,0,1293,0.002586,768,0.006144,22,0.000176,0.008906,11.901769161224365
BenchmarkTest00147.java,0,CWE-79,CWE-79,1,1,0,1,0,0,0,0,1,0,1308,0.002616,512,0.004096,21,0.000168,0.006879999999999999,7.597690582275391
BenchmarkTest00148.java,0,CWE-79,CWE-79,1,0,1,0,0,0,1,0,0,0,1274,0.002548,256,0.002048,22,0.000176,0.004771999999999999,7.169445276260376
BenchmarkTest00149.java,0,CWE-79,CWE-79,1,0,1,0,0,0,1,0,0,0,1269,0.002538,256,0.002048,22,0.000176,0.004762,5.681046962738037
BenchmarkTest00150.java,0,CWE-79,CWE-79,1,0,1,0,0,0,1,0,0,0,1279,0.002558,384,0.003072,22,0.000176,0.0058059999999999995,6.572141408920288
BenchmarkTest00151.java,0,CWE-79,CWE-79,1,1,0,1,0,0,0,0,1,0,1301,0.002602,384,0.003072,21,0.000168,0.005842,5.003371000289917
BenchmarkTest00152.java,0,CWE-79,CWE-79,1,0,1,0,0,0,1,0,0,0,1314,0.002628,256,0.002048,22,0.000176,0.0048519999999999995,11.655971765518188
BenchmarkTest00153.java,0,CWE-79,CWE-79,1,0,1,0,0,0,1,0,0,0,1304,0.002608,128,0.001024,22,0.000176,0.0038079999999999998,4.7429420948028564
BenchmarkTest00154.java,0,CWE-79,CWE-79,1,0,1,0,0,0,1,0,0,0,1312,0.002624,128,0.001024,22,0.000176,0.003824,5.487551689147949
BenchmarkTest00155.java,0,CWE-79,CWE-79,1,0,1,0,0,0,1,0,0,0,1250,0.0025,128,0.001024,22,0.000176,0.0037,3.0161173343658447
BenchmarkTest00156.java,0,CWE-79,CWE-79,1,0,1,0,0,0,1,0,0,0,1288,0.002576,128,0.001024,22,0.000176,0.003776,2.9767260551452637
BenchmarkTest00157.java,0,CWE-79,CWE-79,1,0,1,0,0,0,1,0,0,0,1248,0.002496,192,0.001536,22,0.000176,0.004208,3.48641037940979
BenchmarkTest00158.java,0,CWE-78,,,,0,0,1,0,0,0,1,0,,,,,,,,
BenchmarkTest00159.java,0,CWE-78,CWE-78,1,0,1,0,0,0,1,0,0,0,948,0.001896,192,0.001536,22,0.000176,0.003608,3.998444080352783
BenchmarkTest00160.java,0,CWE-330,CWE-330,1,0,1,0,0,0,1,0,0,0,1255,0.00251,128,0.001024,22,0.000176,0.0037099999999999998,4.125283479690552
BenchmarkTest00161.java,0,CWE-330,CWE-330,1,0,1,0,0,0,1,0,0,0,1326,0.002652,256,0.002048,22,0.000176,0.004875999999999999,6.092380046844482
BenchmarkTest00162.java,0,CWE-330,CWE-330,1,0,1,0,0,0,1,0,0,0,1183,0.002366,320,0.00256,22,0.000176,0.005102,5.857074737548828
BenchmarkTest00163.java,0,CWE-330,CWE-330,1,0,1,0,0,0,1,0,0,0,1200,0.0024,128,0.001024,22,0.000176,0.0036,4.015757083892822
BenchmarkTest00164.java,0,CWE-330,CWE-330,1,0,1,0,0,0,1,0,0,0,1203,0.002406,64,0.000512,22,0.000176,0.003094,2.9278016090393066
BenchmarkTest00165.java,0,CWE-330,CWE-330,1,0,1,0,0,0,1,0,0,0,1200,0.0024,192,0.001536,22,0.000176,0.004112,4.366816282272339
BenchmarkTest00166.java,0,CWE-330,CWE-330,1,0,1,0,0,0,1,0,0,0,1168,0.002336,320,0.00256,22,0.000176,0.005072,6.024245262145996
BenchmarkTest00167.java,0,CWE-330,CWE-330,1,0,1,0,0,0,1,0,0,0,1216,0.002432,320,0.00256,22,0.000176,0.005168,5.671602249145508
BenchmarkTest00168.java,0,CWE-330,CWE-330,1,0,1,0,0,0,1,0,0,0,1202,0.002404,128,0.001024,22,0.000176,0.0036039999999999996,4.191671848297119
BenchmarkTest00169.java,0,CWE-614,CWE-614,1,0,1,0,0,0,1,0,0,0,1024,0.002048,64,0.000512,22,0.000176,0.0027359999999999997,3.6409804821014404
BenchmarkTest00170.java,0,CWE-614,CWE-614,1,0,1,0,0,0,1,0,0,0,1196,0.002392,64,0.000512,22,0.000176,0.00308,3.64987850189209
BenchmarkTest00171.java,0,CWE-78,CWE-78,1,1,0,1,0,0,0,0,1,0,1103,0.002206,256,0.002048,21,0.000168,0.004422,5.285482883453369
BenchmarkTest00172.java,0,CWE-78,CWE-78,1,0,1,0,0,0,1,0,0,0,927,0.001854,1088,0.008704,22,0.000176,0.010734,13.267993211746216
BenchmarkTest00173.java,0,CWE-78,CWE-78,1,0,1,0,0,0,1,0,0,0,908,0.001816,448,0.003584,22,0.000176,0.005576,11.792052745819092
BenchmarkTest00174.java,0,CWE-78,CWE-78,1,0,1,0,0,0,1,0,0,0,854,0.001708,704,0.005632,22,0.000176,0.007516,9.758238554000854
BenchmarkTest00175.java,0,CWE-78,CWE-78,1,1,0,1,0,0,0,0,1,0,923,0.001846,384,0.003072,21,0.000168,0.005086,6.54503870010376
BenchmarkTest00176.java,0,CWE-78,CWE-78,1,0,1,0,0,0,1,0,0,0,914,0.001828,320,0.00256,22,0.000176,0.004564,5.3874170780181885
BenchmarkTest00177.java,0,CWE-78,,,,0,0,1,0,0,0,1,0,,,,,,,,
BenchmarkTest00178.java,0,CWE-330,,,,0,0,1,0,0,0,1,0,,,,,,,,
BenchmarkTest00179.java,0,CWE-330,,,,0,0,1,0,0,0,1,0,,,,,,,,
BenchmarkTest00180.java,0,CWE-330,,,,0,0,1,0,0,0,1,0,,,,,,,,
BenchmarkTest00181.java,0,CWE-330,,,,0,0,1,0,0,0,1,0,,,,,,,,
BenchmarkTest00182.java,0,CWE-330,,,,0,0,1,0,0,0,1,0,,,,,,,,
BenchmarkTest00183.java,0,CWE-330,,,,0,0,1,0,0,0,1,0,,,,,,,,
BenchmarkTest00184.java,0,CWE-330,,,,0,0,1,0,0,0,1,0,,,,,,,,
BenchmarkTest00185.java,0,CWE-330,,,,0,0,1,0,0,0,1,0,,,,,,,,
BenchmarkTest00186.java,0,CWE-330,,,,0,0,1,0,0,0,1,0,,,,,,,,
BenchmarkTest00187.java,0,CWE-330,,,,0,0,1,0,0,0,1,0,,,,,,,,
BenchmarkTest00188.java,0,CWE-330,,,,0,0,1,0,0,0,1,0,,,,,,,,
BenchmarkTest00190.java,0,CWE-89,CWE-89,1,1,0,1,0,0,0,0,1,0,925,0.00185,320,0.00256,21,0.000168,0.0045780000000000005,4.840304851531982
BenchmarkTest00191.java,0,CWE-89,CWE-89,1,1,0,1,0,0,0,0,1,0,938,0.001876,192,0.001536,21,0.000168,0.0035800000000000003,4.226713180541992
BenchmarkTest00192.java,0,CWE-89,CWE-89,1,0,1,0,0,0,1,0,0,0,934,0.001868,192,0.001536,22,0.000176,0.00358,4.199082136154175
BenchmarkTest00193.java,0,CWE-89,CWE-89,1,0,1,0,0,0,1,0,0,0,887,0.001774,128,0.001024,22,0.000176,0.002974,3.447838306427002
BenchmarkTest00194.java,0,CWE-89,CWE-89,1,0,1,0,0,0,1,0,0,0,913,0.001826,192,0.001536,22,0.000176,0.003538,4.399957180023193
BenchmarkTest00195.java,0,CWE-89,,,,0,0,0,1,0,0,0,1,,,,,,,,
BenchmarkTest00196.java,0,CWE-89,,,,0,0,0,1,0,0,0,1,,,,,,,,
BenchmarkTest00197.java,0,CWE-89,CWE-89,1,0,0,1,0,0,0,1,0,0,1080,0.00216,128,0.001024,22,0.000176,0.00336,4.8953588008880615
BenchmarkTest00198.java,0,CWE-89,,,,0,0,0,1,0,0,0,1,,,,,,,,
BenchmarkTest00199.java,0,CWE-89,,,,0,0,0,1,0,0,0,1,,,,,,,,
BenchmarkTest00200.java,0,CWE-89,CWE-89,1,1,0,1,0,0,0,0,1,0,933,0.001866,320,0.00256,21,0.000168,0.004594,6.191289663314819
BenchmarkTest00201.java,0,CWE-89,,,,0,0,1,0,0,0,1,0,,,,,,,,
BenchmarkTest00202.java,0,CWE-89,,,,0,0,1,0,0,0,1,0,,,,,,,,
BenchmarkTest00203.java,0,CWE-89,CWE-89,1,0,1,0,0,0,1,0,0,0,864,0.001728,64,0.000512,22,0.000176,0.0024159999999999997,2.721985101699829
BenchmarkTest00204.java,0,CWE-89,CWE-89,1,0,1,0,0,0,1,0,0,0,862,0.001724,128,0.001024,22,0.000176,0.002924,3.92647123336792
BenchmarkTest00205.java,0,CWE-89,CWE-89,1,1,0,1,0,0,0,0,1,0,902,0.001804,320,0.00256,21,0.000168,0.004532,5.545473098754883
BenchmarkTest00206.java,0,CWE-89,,,,0,0,1,0,0,0,1,0,,,,,,,,
BenchmarkTest00207.java,0,CWE-643,CWE-643,1,0,1,0,0,0,1,0,0,0,937,0.001874,256,0.002048,22,0.000176,0.004098,4.4942946434021
BenchmarkTest00208.java,0,CWE-327,CWE-327,1,0,1,0,0,0,1,0,0,0,1644,0.003288,64,0.000512,22,0.000176,0.003976,2.2946054935455322
BenchmarkTest00209.java,0,CWE-327,,,,0,0,1,0,0,0,1,0,,,,,,,,
BenchmarkTest00210.java,0,CWE-327,CWE-327,1,0,1,0,0,0,1,0,0,0,1284,0.002568,64,0.000512,22,0.000176,0.0032559999999999998,2.4762630462646484
BenchmarkTest00211.java,0,CWE-327,,,,0,0,1,0,0,0,1,0,,,,,,,,
BenchmarkTest00212.java,0,CWE-327,,,,0,0,1,0,0,0,1,0,,,,,,,,
BenchmarkTest00213.java,0,CWE-327,,,,0,0,1,0,0,0,1,0,,,,,,,,
BenchmarkTest00214.java,0,CWE-327,,,,0,0,1,0,0,0,1,0,,,,,,,,
BenchmarkTest00215.java,0,CWE-22,CWE-23,0,0,1,0,0,0,1,0,0,0,1195,0.00239,1216,0.009728,22,0.000176,0.012294000000000001,14.92603611946106
BenchmarkTest00216.java,0,CWE-22,CWE-23,0,1,1,0,0,0,0,0,0,1,1222,0.002444,576,0.004608,21,0.000168,0.00722,6.664765119552612
BenchmarkTest00217.java,0,CWE-22,,,,0,0,1,0,0,0,1,0,,,,,,,,
BenchmarkTest00218.java,0,CWE-22,CWE-23,0,0,1,0,0,0,1,0,0,0,1422,0.002844,832,0.006656,22,0.000176,0.009676,10.636425495147705
BenchmarkTest00219.java,0,CWE-22,CWE-23,0,1,1,0,0,0,0,0,0,1,1360,0.00272,768,0.006144,21,0.000168,0.009032,10.737691879272461
BenchmarkTest00220.java,0,CWE-22,,,,0,0,1,0,0,0,1,0,,,,,,,,
BenchmarkTest00221.java,0,CWE-22,,,,0,0,1,0,0,0,1,0,,,,,,,,
BenchmarkTest00222.java,0,CWE-22,CWE-23,0,1,1,0,0,0,0,0,0,1,1313,0.002626,768,0.006144,21,0.000168,0.008938,10.082002401351929
BenchmarkTest00223.java,0,CWE-328,CWE-916,0,0,1,0,0,0,1,0,0,0,1375,0.00275,128,0.001024,22,0.000176,0.0039499999999999995,2.585477113723755
BenchmarkTest00224.java,0,CWE-328,,,,0,0,1,0,0,0,1,0,,,,,,,,
BenchmarkTest00225.java,0,CWE-328,,,,0,0,1,0,0,0,1,0,,,,,,,,
BenchmarkTest00226.java,0,CWE-328,,,,0,0,0,1,0,0,0,1,,,,,,,,
BenchmarkTest00227.java,0,CWE-328,,,,0,0,0,1,0,0,0,1,,,,,,,,
BenchmarkTest00228.java,0,CWE-328,,,,0,0,1,0,0,0,1,0,,,,,,,,
BenchmarkTest00229.java,0,CWE-328,,,,0,0,1,0,0,0,1,0,,,,,,,,
BenchmarkTest00230.java,0,CWE-330,CWE-330,1,0,1,0,0,0,1,0,0,0,1297,0.002594,128,0.001024,22,0.000176,0.0037939999999999996,3.4441633224487305
BenchmarkTest00231.java,0,CWE-330,CWE-330,1,0,1,0,0,0,1,0,0,0,1314,0.002628,128,0.001024,22,0.000176,0.003828,2.6652092933654785
BenchmarkTest00232.java,0,CWE-330,CWE-330,1,0,1,0,0,0,1,0,0,0,1329,0.002658,64,0.000512,22,0.000176,0.003346,2.102067232131958
BenchmarkTest00233.java,0,CWE-330,CWE-330,1,0,1,0,0,0,1,0,0,0,1251,0.002502,128,0.001024,22,0.000176,0.0037019999999999996,2.756821870803833
BenchmarkTest00234.java,0,CWE-330,CWE-330,1,0,1,0,0,0,1,0,0,0,1327,0.002654,64,0.000512,22,0.000176,0.003342,2.183950424194336
BenchmarkTest00235.java,0,CWE-330,CWE-330,1,0,1,0,0,0,1,0,0,0,1251,0.002502,64,0.000512,22,0.000176,0.0031899999999999997,2.2508952617645264
BenchmarkTest00236.java,0,CWE-330,CWE-330,1,0,1,0,0,0,1,0,0,0,1260,0.00252,576,0.004608,22,0.000176,0.007304000000000001,7.8180601596832275
BenchmarkTest00237.java,0,CWE-330,CWE-330,1,0,1,0,0,0,1,0,0,0,1312,0.002624,320,0.00256,22,0.000176,0.00536,8.520162343978882
BenchmarkTest00238.java,0,CWE-330,CWE-330,1,0,1,0,0,0,1,0,0,0,1267,0.002534,64,0.000512,22,0.000176,0.0032219999999999996,2.428982734680176
BenchmarkTest00239.java,0,CWE-330,CWE-330,1,0,1,0,0,0,1,0,0,0,1440,0.00288,128,0.001024,22,0.000176,0.00408,2.682297945022583
BenchmarkTest00240.java,0,CWE-330,CWE-330,1,0,1,0,0,0,1,0,0,0,1253,0.002506,64,0.000512,22,0.000176,0.003194,2.407808303833008
BenchmarkTest00241.java,0,CWE-614,CWE-614,1,0,1,0,0,0,1,0,0,0,1047,0.002094,64,0.000512,22,0.000176,0.0027819999999999998,1.9259045124053955
BenchmarkTest00242.java,0,CWE-614,,,,0,0,1,0,0,0,1,0,,,,,,,,
BenchmarkTest00243.java,0,CWE-330,,,,0,0,1,0,0,0,1,0,,,,,,,,
BenchmarkTest00244.java,0,CWE-330,,,,0,0,1,0,0,0,1,0,,,,,,,,
BenchmarkTest00245.java,0,CWE-330,CWE-330,1,1,0,1,0,0,0,0,1,0,1556,0.003112,448,0.003584,21,0.000168,0.006864,6.070177316665649
BenchmarkTest00246.java,0,CWE-330,,,,0,0,1,0,0,0,1,0,,,,,,,,
BenchmarkTest00247.java,0,CWE-330,,,,0,0,1,0,0,0,1,0,,,,,,,,
BenchmarkTest00248.java,0,CWE-330,,,,0,0,1,0,0,0,1,0,,,,,,,,
BenchmarkTest00249.java,0,CWE-330,,,,0,0,1,0,0,0,1,0,,,,,,,,
BenchmarkTest00254.java,0,CWE-327,CWE-327,1,0,1,0,0,0,1,0,0,0,1553,0.003106,64,0.000512,22,0.000176,0.0037939999999999996,1.9525952339172363
BenchmarkTest00255.java,0,CWE-327,,,,0,0,1,0,0,0,1,0,,,,,,,,
BenchmarkTest00256.java,0,CWE-327,CWE-327,1,0,1,0,0,0,1,0,0,0,1631,0.003262,64,0.000512,22,0.000176,0.00395,2.2100424766540527
BenchmarkTest00257.java,0,CWE-327,CWE-327,1,0,1,0,0,0,1,0,0,0,1596,0.003192,64,0.000512,22,0.000176,0.0038799999999999998,1.5700647830963135
BenchmarkTest00258.java,0,CWE-327,CWE-327,1,0,1,0,0,0,1,0,0,0,1577,0.003154,64,0.000512,22,0.000176,0.003842,2.140857458114624
BenchmarkTest00259.java,0,CWE-327,,,,0,0,1,0,0,0,1,0,,,,,,,,
BenchmarkTest00260.java,0,CWE-327,,,,0,0,1,0,0,0,1,0,,,,,,,,
BenchmarkTest00261.java,0,CWE-22,,,,0,0,1,0,0,0,1,0,,,,,,,,
BenchmarkTest00262.java,0,CWE-22,CWE-23,0,0,1,0,0,0,1,0,0,0,1230,0.00246,384,0.003072,22,0.000176,0.005708,5.1019415855407715
BenchmarkTest00263.java,0,CWE-22,CWE-23,0,1,0,1,0,0,0,0,1,0,1376,0.002752,192,0.001536,21,0.000168,0.004456,2.683049440383911
BenchmarkTest00264.java,0,CWE-22,CWE-23,0,0,1,0,0,0,1,0,0,0,1324,0.002648,192,0.001536,22,0.000176,0.00436,2.7495360374450684
BenchmarkTest00265.java,0,CWE-22,CWE-23,0,1,0,1,0,0,0,0,1,0,1251,0.002502,448,0.003584,21,0.000168,0.006253999999999999,5.9852294921875
BenchmarkTest00266.java,0,CWE-328,CWE-916,0,0,1,0,0,0,1,0,0,0,1338,0.002676,64,0.000512,22,0.000176,0.003364,4.280148029327393
BenchmarkTest00267.java,0,CWE-328,CWE-916,0,0,1,0,0,0,1,0,0,0,1273,0.002546,128,0.001024,22,0.000176,0.003746,2.7143280506134033
BenchmarkTest00268.java,0,CWE-328,CWE-916,0,0,1,0,0,0,1,0,0,0,1230,0.00246,256,0.002048,22,0.000176,0.004684,4.865510940551758
BenchmarkTest00269.java,0,CWE-328,CWE-916,0,0,1,0,0,0,1,0,0,0,1236,0.002472,64,0.000512,22,0.000176,0.0031599999999999996,1.955263376235962
BenchmarkTest00270.java,0,CWE-328,,,,0,0,1,0,0,0,1,0,,,,,,,,
BenchmarkTest00271.java,0,CWE-328,,,,0,0,1,0,0,0,1,0,,,,,,,,
BenchmarkTest00272.java,0,CWE-328,CWE-916,0,0,1,0,0,0,1,0,0,0,1227,0.002454,64,0.000512,22,0.000176,0.003142,1.9242422580718994
BenchmarkTest00273.java,0,CWE-328,,,,0,0,0,1,0,0,0,1,,,,,,,,
BenchmarkTest00274.java,0,CWE-328,,,,0,0,0,1,0,0,0,1,,,,,,,,
BenchmarkTest00275.java,0,CWE-79,,,,0,0,1,0,0,0,1,0,,,,,,,,
BenchmarkTest00276.java,0,CWE-79,CWE-79,1,0,1,0,0,0,1,0,0,0,1260,0.00252,64,0.000512,22,0.000176,0.003208,2.824007987976074
BenchmarkTest00277.java,0,CWE-79,,,,0,0,1,0,0,0,1,0,,,,,,,,
BenchmarkTest00278.java,0,CWE-79,,,,0,0,1,0,0,0,1,0,,,,,,,,
BenchmarkTest00279.java,0,CWE-79,CWE-79,1,0,1,0,0,0,1,0,0,0,1294,0.002588,128,0.001024,22,0.000176,0.0037879999999999997,4.502574682235718
BenchmarkTest00280.java,0,CWE-79,CWE-79,1,0,1,0,0,0,1,0,0,0,1323,0.002646,192,0.001536,22,0.000176,0.004358,5.704387426376343
BenchmarkTest00281.java,0,CWE-79,,,,0,0,1,0,0,0,1,0,,,,,,,,
BenchmarkTest00282.java,0,CWE-79,,,,0,0,1,0,0,0,1,0,,,,,,,,
BenchmarkTest00283.java,0,CWE-79,,,,0,0,1,0,0,0,1,0,,,,,,,,
BenchmarkTest00284.java,0,CWE-79,CWE-79,1,0,1,0,0,0,1,0,0,0,1231,0.002462,128,0.001024,22,0.000176,0.0036620000000000003,2.5314908027648926
BenchmarkTest00285.java,0,CWE-79,,,,0,0,1,0,0,0,1,0,,,,,,,,
BenchmarkTest00286.java,0,CWE-79,,,,0,0,1,0,0,0,1,0,,,,,,,,
BenchmarkTest00287.java,0,CWE-79,CWE-79,1,0,1,0,0,0,1,0,0,0,1262,0.002524,128,0.001024,22,0.000176,0.003724,2.6913435459136963
BenchmarkTest00288.java,0,CWE-79,CWE-79,1,1,0,1,0,0,0,0,1,0,1362,0.002724,320,0.00256,21,0.000168,0.005452,6.0359015464782715
BenchmarkTest00289.java,0,CWE-79,,,,0,0,1,0,0,0,1,0,,,,,,,,
BenchmarkTest00290.java,0,CWE-79,CWE-79,1,0,1,0,0,0,1,0,0,0,1254,0.002508,256,0.002048,22,0.000176,0.004731999999999999,6.372301340103149
BenchmarkTest00291.java,0,CWE-79,CWE-79,1,0,1,0,0,0,1,0,0,0,1263,0.002526,128,0.001024,22,0.000176,0.003726,2.7521541118621826
BenchmarkTest00292.java,0,CWE-79,CWE-79,1,0,1,0,0,0,1,0,0,0,1291,0.002582,1920,0.01536,22,0.000176,0.018118,22.00345492362976
BenchmarkTest00293.java,0,CWE-78,CWE-78,1,0,1,0,0,0,1,0,0,0,977,0.001954,192,0.001536,22,0.000176,0.003666,3.9504354000091553
BenchmarkTest00294.java,0,CWE-78,CWE-78,1,0,1,0,0,0,1,0,0,0,960,0.00192,320,0.00256,22,0.000176,0.004656,5.720228910446167
BenchmarkTest00295.java,0,CWE-78,CWE-78,1,0,1,0,0,0,1,0,0,0,963,0.001926,256,0.002048,22,0.000176,0.00415,5.884389877319336
BenchmarkTest00296.java,0,CWE-330,CWE-330,1,0,1,0,0,0,1,0,0,0,1218,0.002436,128,0.001024,22,0.000176,0.0036359999999999995,2.7727744579315186
BenchmarkTest00297.java,0,CWE-330,CWE-330,1,0,1,0,0,0,1,0,0,0,1215,0.00243,128,0.001024,22,0.000176,0.0036299999999999995,2.4566493034362793
BenchmarkTest00298.java,0,CWE-330,CWE-330,1,0,1,0,0,0,1,0,0,0,1219,0.002438,128,0.001024,22,0.000176,0.0036379999999999997,3.1149892807006836
BenchmarkTest00299.java,0,CWE-330,CWE-330,1,0,1,0,0,0,1,0,0,0,1209,0.002418,512,0.004096,22,0.000176,0.00669,6.991475343704224
BenchmarkTest00300.java,0,CWE-614,CWE-614,1,0,1,0,0,0,1,0,0,0,1014,0.002028,64,0.000512,22,0.000176,0.0027159999999999997,2.9152183532714844
BenchmarkTest00301.java,0,CWE-79,CWE-79,1,0,1,0,0,0,1,0,0,0,1322,0.002644,128,0.001024,22,0.000176,0.003844,2.6954658031463623
BenchmarkTest00302.java,0,CWE-78,CWE-78,1,0,1,0,0,0,1,0,0,0,929,0.001858,704,0.005632,22,0.000176,0.007666,9.486211061477661
BenchmarkTest00303.java,0,CWE-78,CWE-78,1,0,1,0,0,0,1,0,0,0,1048,0.002096,576,0.004608,22,0.000176,0.00688,8.459452629089355
BenchmarkTest00304.java,0,CWE-78,CWE-78,1,0,1,0,0,0,1,0,0,0,1078,0.002156,576,0.004608,22,0.000176,0.00694,11.688324451446533
BenchmarkTest00305.java,0,CWE-78,,,,0,0,1,0,0,0,1,0,,,,,,,,
BenchmarkTest00306.java,0,CWE-78,CWE-78,1,0,1,0,0,0,1,0,0,0,887,0.001774,576,0.004608,22,0.000176,0.0065580000000000005,7.092206716537476
BenchmarkTest00307.java,0,CWE-78,CWE-78,1,1,0,1,0,0,0,0,1,0,984,0.001968,448,0.003584,21,0.000168,0.005719999999999999,9.354295253753662
BenchmarkTest00308.java,0,CWE-78,,,,0,0,1,0,0,0,1,0,,,,,,,,
BenchmarkTest00309.java,0,CWE-78,CWE-78,1,1,0,1,0,0,0,0,1,0,940,0.00188,448,0.003584,21,0.000168,0.005632,9.847867250442505
BenchmarkTest00310.java,0,CWE-78,CWE-78,1,1,0,1,0,0,0,0,1,0,1012,0.002024,448,0.003584,21,0.000168,0.005776,9.442649364471436
BenchmarkTest00311.java,0,CWE-78,CWE-78,1,0,1,0,0,0,1,0,0,0,941,0.001882,256,0.002048,22,0.000176,0.004105999999999999,4.4671311378479
BenchmarkTest00312.java,0,CWE-330,,,,0,0,1,0,0,0,1,0,,,,,,,,
BenchmarkTest00313.java,0,CWE-330,CWE-330,1,1,0,1,0,0,0,0,1,0,1308,0.002616,192,0.001536,21,0.000168,0.004319999999999999,3.8141677379608154
BenchmarkTest00314.java,0,CWE-330,CWE-330,1,1,0,1,0,0,0,0,1,0,1317,0.002634,448,0.003584,21,0.000168,0.006385999999999999,6.698580503463745
BenchmarkTest00315.java,0,CWE-330,,,,0,0,1,0,0,0,1,0,,,,,,,,
BenchmarkTest00316.java,0,CWE-330,,,,0,0,1,0,0,0,1,0,,,,,,,,
BenchmarkTest00317.java,0,CWE-330,,,,0,0,1,0,0,0,1,0,,,,,,,,
BenchmarkTest00318.java,0,CWE-330,,,,0,0,1,0,0,0,1,0,,,,,,,,
BenchmarkTest00319.java,0,CWE-330,,,,0,0,1,0,0,0,1,0,,,,,,,,
BenchmarkTest00320.java,0,CWE-330,,,,0,0,1,0,0,0,1,0,,,,,,,,
BenchmarkTest00328.java,0,CWE-89,CWE-89,1,0,1,0,0,0,1,0,0,0,872,0.001744,256,0.002048,22,0.000176,0.003968,4.234895706176758
BenchmarkTest00329.java,0,CWE-89,,,,0,0,1,0,0,0,1,0,,,,,,,,
BenchmarkTest00330.java,0,CWE-89,,,,0,0,1,0,0,0,1,0,,,,,,,,
BenchmarkTest00331.java,0,CWE-89,CWE-89,1,1,0,1,0,0,0,0,1,0,954,0.001908,384,0.003072,21,0.000168,0.005148,4.313920974731445
BenchmarkTest00332.java,0,CWE-89,,,,0,0,1,0,0,0,1,0,,,,,,,,
BenchmarkTest00333.java,0,CWE-89,,,,0,0,1,0,0,0,1,0,,,,,,,,
BenchmarkTest00334.java,0,CWE-89,,,,0,0,1,0,0,0,1,0,,,,,,,,
BenchmarkTest00335.java,0,CWE-89,CWE-89,1,0,1,0,0,0,1,0,0,0,902,0.001804,128,0.001024,22,0.000176,0.0030039999999999997,2.5964126586914062
BenchmarkTest00336.java,0,CWE-89,,,,0,0,1,0,0,0,1,0,,,,,,,,
BenchmarkTest00337.java,0,CWE-89,,,,0,0,0,1,0,0,0,1,,,,,,,,
BenchmarkTest00338.java,0,CWE-89,,,,0,0,1,0,0,0,1,0,,,,,,,,
BenchmarkTest00339.java,0,CWE-89,,,,0,0,0,1,0,0,0,1,,,,,,,,
BenchmarkTest00340.java,0,CWE-89,CWE-89,1,1,0,1,0,0,0,0,1,0,963,0.001926,320,0.00256,21,0.000168,0.004654,4.214430093765259
BenchmarkTest00341.java,0,CWE-89,CWE-89,1,0,1,0,0,0,1,0,0,0,908,0.001816,64,0.000512,22,0.000176,0.0025039999999999997,3.538356304168701
BenchmarkTest00342.java,0,CWE-89,CWE-89,1,0,1,0,0,0,1,0,0,0,906,0.001812,128,0.001024,22,0.000176,0.003012,2.5133676528930664
BenchmarkTest00343.java,0,CWE-89,,,,0,0,1,0,0,0,1,0,,,,,,,,
BenchmarkTest00344.java,0,CWE-89,,,,0,0,1,0,0,0,1,0,,,,,,,,
BenchmarkTest00345.java,0,CWE-327,,,,0,0,1,0,0,0,1,0,,,,,,,,
BenchmarkTest00346.java,0,CWE-328,CWE-916,0,0,1,0,0,0,1,0,0,0,1207,0.002414,192,0.001536,22,0.000176,0.004126,5.325704336166382
BenchmarkTest00347.java,0,CWE-330,CWE-330,1,0,1,0,0,0,1,0,0,0,1139,0.002278,128,0.001024,22,0.000176,0.003478,2.8734683990478516
BenchmarkTest00348.java,0,CWE-614,CWE-614,1,0,1,0,0,0,1,0,0,0,926,0.001852,64,0.000512,22,0.000176,0.0025399999999999997,2.521862745285034
BenchmarkTest00349.java,0,CWE-330,,,,0,0,1,0,0,0,1,0,,,,,,,,
BenchmarkTest00350.java,0,CWE-327,,,,0,0,1,0,0,0,1,0,,,,,,,,
BenchmarkTest00351.java,0,CWE-327,,,,0,0,1,0,0,0,1,0,,,,,,,,
BenchmarkTest00352.java,0,CWE-327,,,,0,0,1,0,0,0,1,0,,,,,,,,
BenchmarkTest00353.java,0,CWE-327,,,,0,0,1,0,0,0,1,0,,,,,,,,
BenchmarkTest00354.java,0,CWE-327,CWE-327,1,0,1,0,0,0,1,0,0,0,1203,0.002406,192,0.001536,22,0.000176,0.004118,3.6282713413238525
BenchmarkTest00355.java,0,CWE-327,CWE-327,1,0,1,0,0,0,1,0,0,0,1378,0.002756,384,0.003072,22,0.000176,0.006004,8.638451337814331
BenchmarkTest00356.java,0,CWE-327,CWE-327,1,0,1,0,0,0,1,0,0,0,1191,0.002382,64,0.000512,22,0.000176,0.00307,1.7127318382263184
BenchmarkTest00357.java,0,CWE-327,,,,0,0,1,0,0,0,1,0,,,,,,,,
BenchmarkTest00358.java,0,CWE-327,,,,0,0,1,0,0,0,1,0,,,,,,,,
BenchmarkTest00359.java,0,CWE-22,CWE-23,0,0,1,0,0,0,1,0,0,0,1134,0.002268,320,0.00256,22,0.000176,0.005004000000000001,4.23893666267395
BenchmarkTest00360.java,0,CWE-22,CWE-23,0,0,1,0,0,0,1,0,0,0,1299,0.002598,256,0.002048,22,0.000176,0.004822,4.22620415687561
BenchmarkTest00361.java,0,CWE-22,CWE-23,0,1,0,1,0,0,0,0,1,0,1283,0.002566,320,0.00256,21,0.000168,0.005294,8.137340068817139
BenchmarkTest00362.java,0,CWE-22,CWE-23,0,0,1,0,0,0,1,0,0,0,1148,0.002296,256,0.002048,22,0.000176,0.00452,4.442639112472534
BenchmarkTest00363.java,0,CWE-22,CWE-23,0,0,1,0,0,0,1,0,0,0,1109,0.002218,640,0.00512,22,0.000176,0.007514000000000001,12.08034086227417
BenchmarkTest00364.java,0,CWE-22,CWE-23,0,1,0,1,0,0,0,0,1,0,1216,0.002432,320,0.00256,21,0.000168,0.00516,4.8272528648376465
BenchmarkTest00365.java,0,CWE-22,CWE-23,0,1,0,1,0,0,0,0,1,0,1370,0.00274,256,0.002048,21,0.000168,0.0049559999999999995,3.759338140487671
BenchmarkTest00366.java,0,CWE-22,CWE-23,0,1,0,1,0,0,0,0,1,0,1350,0.0027,192,0.001536,21,0.000168,0.004404,2.8848676681518555
BenchmarkTest00367.java,0,CWE-90,,,,0,0,1,0,0,0,1,0,,,,,,,,
BenchmarkTest00368.java,0,CWE-330,CWE-330,1,0,1,0,0,0,1,0,0,0,1174,0.002348,128,0.001024,22,0.000176,0.003548,3.913656234741211
BenchmarkTest00369.java,0,CWE-330,CWE-330,1,0,1,0,0,0,1,0,0,0,1199,0.002398,128,0.001024,22,0.000176,0.0035979999999999996,3.6788394451141357
BenchmarkTest00370.java,0,CWE-328,,,,0,0,1,0,0,0,1,0,,,,,,,,
BenchmarkTest00371.java,0,CWE-328,CWE-916,0,0,1,0,0,0,1,0,0,0,1197,0.002394,128,0.001024,22,0.000176,0.003594,2.794569492340088
BenchmarkTest00372.java,0,CWE-328,CWE-916,0,0,1,0,0,0,1,0,0,0,1124,0.002248,64,0.000512,22,0.000176,0.002936,2.7560231685638428
BenchmarkTest00373.java,0,CWE-328,,,,0,0,1,0,0,0,1,0,,,,,,,,
BenchmarkTest00374.java,0,CWE-328,,,,0,0,0,1,0,0,0,1,,,,,,,,
BenchmarkTest00375.java,0,CWE-79,CWE-79,1,0,1,0,0,0,1,0,0,0,1226,0.002452,320,0.00256,22,0.000176,0.005188000000000001,4.457714319229126
BenchmarkTest00376.java,0,CWE-79,CWE-79,1,0,1,0,0,0,1,0,0,0,1246,0.002492,192,0.001536,22,0.000176,0.004204,3.346742868423462
BenchmarkTest00377.java,0,CWE-79,CWE-79,1,1,0,1,0,0,0,0,1,0,1283,0.002566,256,0.002048,21,0.000168,0.004782,7.0106401443481445
BenchmarkTest00378.java,0,CWE-79,CWE-79,1,0,1,0,0,0,1,0,0,0,1230,0.00246,320,0.00256,22,0.000176,0.005196,4.928346157073975
BenchmarkTest00379.java,0,CWE-79,,,,0,0,1,0,0,0,1,0,,,,,,,,
BenchmarkTest00380.java,0,CWE-79,CWE-79,1,0,1,0,0,0,1,0,0,0,1286,0.002572,128,0.001024,22,0.000176,0.003772,2.5152437686920166
BenchmarkTest00381.java,0,CWE-79,,,,0,0,1,0,0,0,1,0,,,,,,,,
BenchmarkTest00382.java,0,CWE-79,CWE-79,1,0,1,0,0,0,1,0,0,0,1275,0.00255,256,0.002048,22,0.000176,0.004774,4.345454931259155
BenchmarkTest00383.java,0,CWE-79,CWE-79,1,0,1,0,0,0,1,0,0,0,1432,0.002864,960,0.00768,22,0.000176,0.01072,11.93958306312561
BenchmarkTest00384.java,0,CWE-79,CWE-79,1,0,1,0,0,0,1,0,0,0,1238,0.002476,256,0.002048,22,0.000176,0.0047,5.810246706008911
BenchmarkTest00385.java,0,CWE-79,CWE-79,1,0,1,0,0,0,1,0,0,0,1437,0.002874,192,0.001536,22,0.000176,0.004586,5.127252578735352
BenchmarkTest00386.java,0,CWE-79,CWE-79,1,1,0,1,0,0,0,0,1,0,1317,0.002634,256,0.002048,21,0.000168,0.00485,6.098796367645264
BenchmarkTest00387.java,0,CWE-79,CWE-79,1,0,1,0,0,0,1,0,0,0,1226,0.002452,128,0.001024,22,0.000176,0.003652,2.358896017074585
BenchmarkTest00388.java,0,CWE-79,CWE-79,1,0,1,0,0,0,1,0,0,0,1220,0.00244,192,0.001536,22,0.000176,0.004152,4.48401665687561
BenchmarkTest00389.java,0,CWE-79,,,,0,0,1,0,0,0,1,0,,,,,,,,
BenchmarkTest00390.java,0,CWE-79,CWE-79,1,0,1,0,0,0,1,0,0,0,1242,0.002484,192,0.001536,22,0.000176,0.004196,3.4781618118286133
BenchmarkTest00391.java,0,CWE-79,,,,0,0,1,0,0,0,1,0,,,,,,,,
BenchmarkTest00392.java,0,CWE-79,CWE-79,1,0,1,0,0,0,1,0,0,0,1281,0.002562,192,0.001536,22,0.000176,0.004274,3.334676742553711
BenchmarkTest00393.java,0,CWE-79,,,,0,0,1,0,0,0,1,0,,,,,,,,
BenchmarkTest00394.java,0,CWE-79,CWE-79,1,1,0,1,0,0,0,0,1,0,1294,0.002588,256,0.002048,21,0.000168,0.004803999999999999,5.467422723770142
BenchmarkTest00395.java,0,CWE-79,CWE-79,1,0,1,0,0,0,1,0,0,0,1236,0.002472,192,0.001536,22,0.000176,0.004183999999999999,3.371974468231201
BenchmarkTest00396.java,0,CWE-78,,,,0,0,1,0,0,0,1,0,,,,,,,,
BenchmarkTest00397.java,0,CWE-330,CWE-330,1,0,1,0,0,0,1,0,0,0,1204,0.002408,128,0.001024,22,0.000176,0.003608,2.410043954849243
BenchmarkTest00398.java,0,CWE-330,CWE-330,1,0,1,0,0,0,1,0,0,0,1268,0.002536,320,0.00256,22,0.000176,0.005272,4.779567241668701
BenchmarkTest00399.java,0,CWE-330,CWE-330,1,0,1,0,0,0,1,0,0,0,1402,0.002804,128,0.001024,22,0.000176,0.004004,2.772310733795166
BenchmarkTest00400.java,0,CWE-330,CWE-330,1,0,1,0,0,0,1,0,0,0,1264,0.002528,192,0.001536,22,0.000176,0.00424,3.1612823009490967
BenchmarkTest00401.java,0,CWE-330,CWE-330,1,0,1,0,0,0,1,0,0,0,1199,0.002398,64,0.000512,22,0.000176,0.0030859999999999998,2.366825580596924
BenchmarkTest00402.java,0,CWE-330,CWE-330,1,0,1,0,0,0,1,0,0,0,1201,0.002402,128,0.001024,22,0.000176,0.003602,2.2586727142333984
BenchmarkTest00403.java,0,CWE-614,CWE-614,1,0,1,0,0,0,1,0,0,0,963,0.001926,128,0.001024,22,0.000176,0.003126,2.6951675415039062
BenchmarkTest00404.java,0,CWE-614,,,,0,0,1,0,0,0,1,0,,,,,,,,
BenchmarkTest00405.java,0,CWE-614,,,,0,0,1,0,0,0,1,0,,,,,,,,
BenchmarkTest00406.java,0,CWE-78,,,,0,0,1,0,0,0,1,0,,,,,,,,
BenchmarkTest00407.java,0,CWE-78,CWE-78,1,0,1,0,0,0,1,0,0,0,1030,0.00206,576,0.004608,22,0.000176,0.006844,7.453368425369263
BenchmarkTest00408.java,0,CWE-78,,,,0,0,1,0,0,0,1,0,,,,,,,,
BenchmarkTest00409.java,0,CWE-78,CWE-78,1,0,1,0,0,0,1,0,0,0,1070,0.00214,704,0.005632,22,0.000176,0.007948,8.807026386260986
BenchmarkTest00410.java,0,CWE-78,CWE-78,1,1,0,1,0,0,0,0,1,0,898,0.001796,320,0.00256,21,0.000168,0.004524,6.032925605773926
BenchmarkTest00411.java,0,CWE-78,,,,0,0,1,0,0,0,1,0,,,,,,,,
BenchmarkTest00412.java,0,CWE-78,CWE-78,1,0,0,1,0,0,0,1,0,0,878,0.001756,384,0.003072,22,0.000176,0.005004,5.4459474086761475
BenchmarkTest00413.java,0,CWE-330,,,,0,0,1,0,0,0,1,0,,,,,,,,
BenchmarkTest00414.java,0,CWE-330,,,,0,0,1,0,0,0,1,0,,,,,,,,
BenchmarkTest00415.java,0,CWE-330,,,,0,0,1,0,0,0,1,0,,,,,,,,
BenchmarkTest00416.java,0,CWE-330,,,,0,0,1,0,0,0,1,0,,,,,,,,
BenchmarkTest00417.java,0,CWE-330,,,,0,0,1,0,0,0,1,0,,,,,,,,
BenchmarkTest00418.java,0,CWE-330,,,,0,0,1,0,0,0,1,0,,,,,,,,
BenchmarkTest00419.java,0,CWE-330,,,,0,0,1,0,0,0,1,0,,,,,,,,
BenchmarkTest00420.java,0,CWE-330,,,,0,0,1,0,0,0,1,0,,,,,,,,
BenchmarkTest00421.java,0,CWE-330,,,,0,0,1,0,0,0,1,0,,,,,,,,
BenchmarkTest00422.java,0,CWE-330,,,,0,0,1,0,0,0,1,0,,,,,,,,
BenchmarkTest00423.java,0,CWE-330,,,,0,0,1,0,0,0,1,0,,,,,,,,
BenchmarkTest00428.java,0,CWE-89,CWE-89,1,0,1,0,0,0,1,0,0,0,882,0.001764,128,0.001024,22,0.000176,0.0029639999999999996,2.4859018325805664
BenchmarkTest00429.java,0,CWE-89,CWE-89,1,0,1,0,0,0,1,0,0,0,887,0.001774,192,0.001536,22,0.000176,0.003486,4.2032904624938965
BenchmarkTest00430.java,0,CWE-89,,,,0,0,1,0,0,0,1,0,,,,,,,,
BenchmarkTest00431.java,0,CWE-89,CWE-89,1,0,1,0,0,0,1,0,0,0,1014,0.002028,128,0.001024,22,0.000176,0.003228,3.0432848930358887
BenchmarkTest00432.java,0,CWE-89,,,,0,0,1,0,0,0,1,0,,,,,,,,
BenchmarkTest00433.java,0,CWE-89,,,,0,0,0,1,0,0,0,1,,,,,,,,
BenchmarkTest00434.java,0,CWE-89,CWE-89,1,0,1,0,0,0,1,0,0,0,864,0.001728,128,0.001024,22,0.000176,0.002928,3.0481579303741455
BenchmarkTest00435.java,0,CWE-89,CWE-89,1,0,1,0,0,0,1,0,0,0,893,0.001786,64,0.000512,22,0.000176,0.002474,1.8152930736541748
BenchmarkTest00436.java,0,CWE-89,,,,0,0,1,0,0,0,1,0,,,,,,,,
BenchmarkTest00437.java,0,CWE-89,,,,0,0,1,0,0,0,1,0,,,,,,,,
BenchmarkTest00438.java,0,CWE-89,CWE-89,1,0,1,0,0,0,1,0,0,0,835,0.00167,192,0.001536,22,0.000176,0.003382,3.2990877628326416
BenchmarkTest00439.java,0,CWE-89,CWE-89,1,0,1,0,0,0,1,0,0,0,805,0.00161,64,0.000512,22,0.000176,0.002298,1.5193297863006592
BenchmarkTest00440.java,0,CWE-89,CWE-89,1,1,0,1,0,0,0,0,1,0,913,0.001826,192,0.001536,21,0.000168,0.00353,3.5504469871520996
BenchmarkTest00441.java,0,CWE-89,CWE-89,1,0,1,0,0,0,1,0,0,0,836,0.001672,128,0.001024,22,0.000176,0.002872,2.5372474193573
BenchmarkTest00442.java,0,CWE-643,CWE-643,1,0,1,0,0,0,1,0,0,0,901,0.001802,192,0.001536,22,0.000176,0.0035139999999999998,3.5139293670654297
BenchmarkTest00443.java,0,CWE-327,,,,0,0,1,0,0,0,1,0,,,,,,,,
BenchmarkTest00444.java,0,CWE-327,,,,0,0,1,0,0,0,1,0,,,,,,,,
BenchmarkTest00445.java,0,CWE-327,CWE-327,1,0,1,0,0,0,1,0,0,0,1428,0.002856,64,0.000512,22,0.000176,0.003544,1.850008249282837
BenchmarkTest00446.java,0,CWE-327,CWE-327,1,0,1,0,0,0,1,0,0,0,1244,0.002488,64,0.000512,22,0.000176,0.003176,2.381889581680298
BenchmarkTest00447.java,0,CWE-327,,,,0,0,1,0,0,0,1,0,,,,,,,,
BenchmarkTest00448.java,0,CWE-327,CWE-327,1,0,1,0,0,0,1,0,0,0,1226,0.002452,256,0.002048,22,0.000176,0.0046760000000000005,3.4330999851226807
BenchmarkTest00449.java,0,CWE-327,CWE-327,1,0,1,0,0,0,1,0,0,0,1223,0.002446,64,0.000512,22,0.000176,0.0031339999999999996,2.366905450820923
BenchmarkTest00450.java,0,CWE-327,,,,0,0,1,0,0,0,1,0,,,,,,,,
BenchmarkTest00451.java,0,CWE-327,,,,0,0,1,0,0,0,1,0,,,,,,,,
BenchmarkTest00452.java,0,CWE-22,CWE-23,0,0,1,0,0,0,1,0,0,0,1196,0.002392,384,0.003072,22,0.000176,0.00564,6.0653235912323
BenchmarkTest00453.java,0,CWE-22,CWE-23,0,0,1,0,0,0,1,0,0,0,1331,0.002662,576,0.004608,22,0.000176,0.007446,7.475145578384399
BenchmarkTest00454.java,0,CWE-22,,,,0,0,1,0,0,0,1,0,,,,,,,,
BenchmarkTest00455.java,0,CWE-22,CWE-23,0,0,1,0,0,0,1,0,0,0,1276,0.002552,256,0.002048,22,0.000176,0.004776,4.1279706954956055
BenchmarkTest00456.java,0,CWE-22,CWE-23,0,0,1,0,0,0,1,0,0,0,1316,0.002632,128,0.001024,22,0.000176,0.0038319999999999995,2.813983678817749
BenchmarkTest00457.java,0,CWE-22,CWE-23,0,0,1,0,0,0,1,0,0,0,1246,0.002492,256,0.002048,22,0.000176,0.004716,3.7123210430145264
BenchmarkTest00458.java,0,CWE-22,CWE-23,0,1,0,1,0,0,0,0,1,0,1267,0.002534,320,0.00256,21,0.000168,0.005261999999999999,4.905400037765503
BenchmarkTest00459.java,0,CWE-22,CWE-23,0,0,1,0,0,0,1,0,0,0,1222,0.002444,128,0.001024,22,0.000176,0.0036439999999999997,3.0502941608428955
BenchmarkTest00460.java,0,CWE-22,,,,0,0,1,0,0,0,1,0,,,,,,,,
BenchmarkTest00461.java,0,CWE-330,CWE-330,1,0,1,0,0,0,1,0,0,0,1213,0.002426,64,0.000512,22,0.000176,0.003114,1.9439997673034668
BenchmarkTest00462.java,0,CWE-328,CWE-916,0,0,1,0,0,0,1,0,0,0,1312,0.002624,64,0.000512,22,0.000176,0.003312,1.8518328666687012
BenchmarkTest00463.java,0,CWE-328,,,,0,0,1,0,0,0,1,0,,,,,,,,
BenchmarkTest00464.java,0,CWE-328,CWE-916,0,0,1,0,0,0,1,0,0,0,1229,0.002458,64,0.000512,22,0.000176,0.003146,2.3908815383911133
BenchmarkTest00465.java,0,CWE-328,CWE-916,0,0,1,0,0,0,1,0,0,0,1165,0.00233,64,0.000512,22,0.000176,0.003018,2.3640973567962646
BenchmarkTest00466.java,0,CWE-328,,,,0,0,1,0,0,0,1,0,,,,,,,,
BenchmarkTest00467.java,0,CWE-79,CWE-79,1,0,1,0,0,0,1,0,0,0,1330,0.00266,320,0.00256,22,0.000176,0.005396000000000001,6.024265289306641
BenchmarkTest00468.java,0,CWE-79,CWE-79,1,1,0,1,0,0,0,0,1,0,1345,0.00269,256,0.002048,21,0.000168,0.004906,6.172775506973267
BenchmarkTest00469.java,0,CWE-79,,,,0,0,1,0,0,0,1,0,,,,,,,,
BenchmarkTest00470.java,0,CWE-79,,,,0,0,1,0,0,0,1,0,,,,,,,,
BenchmarkTest00471.java,0,CWE-79,,,,0,0,1,0,0,0,1,0,,,,,,,,
BenchmarkTest00472.java,0,CWE-79,CWE-79,1,0,1,0,0,0,1,0,0,0,1283,0.002566,192,0.001536,22,0.000176,0.004278,5.249735116958618
BenchmarkTest00473.java,0,CWE-79,CWE-79,1,0,1,0,0,0,1,0,0,0,1288,0.002576,384,0.003072,22,0.000176,0.005824,5.286029100418091
BenchmarkTest00474.java,0,CWE-79,,,,0,0,1,0,0,0,1,0,,,,,,,,
BenchmarkTest00475.java,0,CWE-79,CWE-79,1,0,1,0,0,0,1,0,0,0,1260,0.00252,128,0.001024,22,0.000176,0.00372,3.0556254386901855
BenchmarkTest00476.java,0,CWE-79,,,,0,0,1,0,0,0,1,0,,,,,,,,
BenchmarkTest00477.java,0,CWE-79,CWE-79,1,0,1,0,0,0,1,0,0,0,1250,0.0025,64,0.000512,22,0.000176,0.003188,2.4257965087890625
BenchmarkTest00478.java,0,CWE-79,CWE-79,1,0,1,0,0,0,1,0,0,0,1278,0.002556,128,0.001024,22,0.000176,0.003756,4.310440540313721
BenchmarkTest00479.java,0,CWE-79,,,,0,0,1,0,0,0,1,0,,,,,,,,
BenchmarkTest00480.java,0,CWE-78,CWE-78,1,0,1,0,0,0,1,0,0,0,962,0.001924,256,0.002048,22,0.000176,0.004148,5.380247592926025
BenchmarkTest00481.java,0,CWE-78,,,,0,0,1,0,0,0,1,0,,,,,,,,
BenchmarkTest00482.java,0,CWE-330,CWE-330,1,0,1,0,0,0,1,0,0,0,1218,0.002436,64,0.000512,22,0.000176,0.0031239999999999996,3.2739176750183105
BenchmarkTest00483.java,0,CWE-330,CWE-330,1,0,1,0,0,0,1,0,0,0,1251,0.002502,512,0.004096,22,0.000176,0.006774,7.428011655807495
BenchmarkTest00484.java,0,CWE-330,CWE-330,1,0,1,0,0,0,1,0,0,0,1234,0.002468,256,0.002048,22,0.000176,0.004692,7.3985795974731445
BenchmarkTest00485.java,0,CWE-330,CWE-330,1,0,1,0,0,0,1,0,0,0,1209,0.002418,64,0.000512,22,0.000176,0.003106,3.1927506923675537
BenchmarkTest00486.java,0,CWE-330,CWE-330,1,0,1,0,0,0,1,0,0,0,1181,0.002362,192,0.001536,22,0.000176,0.004074,6.5490992069244385
BenchmarkTest00487.java,0,CWE-330,CWE-330,1,0,1,0,0,0,1,0,0,0,1263,0.002526,64,0.000512,22,0.000176,0.003214,3.176994562149048
BenchmarkTest00488.java,0,CWE-330,CWE-330,1,0,1,0,0,0,1,0,0,0,1241,0.002482,384,0.003072,22,0.000176,0.00573,6.670175313949585
BenchmarkTest00489.java,0,CWE-330,CWE-330,1,0,1,0,0,0,1,0,0,0,1268,0.002536,64,0.000512,22,0.000176,0.003224,3.8335108757019043
BenchmarkTest00490.java,0,CWE-330,CWE-330,1,0,1,0,0,0,1,0,0,0,1248,0.002496,256,0.002048,22,0.000176,0.004719999999999999,5.29157018661499
BenchmarkTest00491.java,0,CWE-614,CWE-614,1,0,1,0,0,0,1,0,0,0,1027,0.002054,128,0.001024,22,0.000176,0.003254,3.728663682937622
BenchmarkTest00492.java,0,CWE-79,CWE-79,1,0,1,0,0,0,1,0,0,0,1262,0.002524,128,0.001024,22,0.000176,0.003724,3.3416266441345215
BenchmarkTest00493.java,0,CWE-79,CWE-79,1,1,0,1,0,0,0,0,1,0,1336,0.002672,192,0.001536,21,0.000168,0.004376,4.117420434951782
BenchmarkTest00494.java,0,CWE-78,CWE-78,1,1,0,1,0,0,0,0,1,0,1066,0.002132,320,0.00256,21,0.000168,0.00486,6.78553318977356
BenchmarkTest00495.java,0,CWE-78,CWE-78,1,0,1,0,0,0,1,0,0,0,902,0.001804,832,0.006656,22,0.000176,0.008636,196.84995007514954
BenchmarkTest00496.java,0,CWE-78,CWE-78,1,0,1,0,0,0,1,0,0,0,884,0.001768,640,0.00512,22,0.000176,0.007064,9.90405797958374
BenchmarkTest00497.java,0,CWE-78,CWE-78,1,0,1,0,0,0,1,0,0,0,928,0.001856,1088,0.008704,22,0.000176,0.010736,16.27886414527893
BenchmarkTest00498.java,0,CWE-78,CWE-78,1,0,1,0,0,0,1,0,0,0,895,0.00179,512,0.004096,22,0.000176,0.006062,8.82390832901001
BenchmarkTest00499.java,0,CWE-78,CWE-78,1,0,1,0,0,0,1,0,0,0,910,0.00182,512,0.004096,22,0.000176,0.006091999999999999,8.246022462844849
BenchmarkTest00500.java,0,CWE-78,CWE-78,1,0,1,0,0,0,1,0,0,0,955,0.00191,448,0.003584,22,0.000176,0.00567,7.701322078704834
BenchmarkTest00501.java,0,CWE-330,,,,0,0,1,0,0,0,1,0,,,,,,,,
BenchmarkTest00502.java,0,CWE-330,,,,0,0,1,0,0,0,1,0,,,,,,,,
BenchmarkTest00503.java,0,CWE-330,,,,0,0,1,0,0,0,1,0,,,,,,,,
BenchmarkTest00504.java,0,CWE-330,,,,0,0,1,0,0,0,1,0,,,,,,,,
BenchmarkTest00505.java,0,CWE-330,,,,0,0,1,0,0,0,1,0,,,,,,,,
BenchmarkTest00506.java,0,CWE-330,,,,0,0,1,0,0,0,1,0,,,,,,,,
BenchmarkTest00507.java,0,CWE-330,,,,0,0,1,0,0,0,1,0,,,,,,,,
BenchmarkTest00509.java,0,CWE-89,CWE-89,1,1,0,1,0,0,0,0,1,0,964,0.001928,192,0.001536,21,0.000168,0.0036320000000000002,6.075404644012451
BenchmarkTest00510.java,0,CWE-89,CWE-89,1,0,1,0,0,0,1,0,0,0,967,0.001934,192,0.001536,22,0.000176,0.003646,5.309382915496826
BenchmarkTest00511.java,0,CWE-89,CWE-89,1,1,0,1,0,0,0,0,1,0,971,0.001942,128,0.001024,21,0.000168,0.003134,4.166484355926514
BenchmarkTest00512.java,0,CWE-89,CWE-89,1,0,1,0,0,0,1,0,0,0,833,0.001666,64,0.000512,22,0.000176,0.0023539999999999998,3.2250430583953857
BenchmarkTest00513.java,0,CWE-89,CWE-89,1,1,0,1,0,0,0,0,1,0,933,0.001866,128,0.001024,21,0.000168,0.0030580000000000004,4.521939754486084
BenchmarkTest00514.java,0,CWE-89,,,,0,0,1,0,0,0,1,0,,,,,,,,
BenchmarkTest00515.java,0,CWE-89,CWE-89,1,0,1,0,0,0,1,0,0,0,907,0.001814,192,0.001536,22,0.000176,0.003526,4.763361930847168
BenchmarkTest00516.java,0,CWE-89,CWE-89,1,0,1,0,0,0,1,0,0,0,934,0.001868,128,0.001024,22,0.000176,0.003068,4.422337293624878
BenchmarkTest00517.java,0,CWE-89,,,,0,0,1,0,0,0,1,0,,,,,,,,
BenchmarkTest00518.java,0,CWE-89,CWE-89,1,0,1,0,0,0,1,0,0,0,869,0.001738,128,0.001024,22,0.000176,0.0029379999999999996,3.677204132080078
BenchmarkTest00519.java,0,CWE-89,CWE-89,1,1,0,1,0,0,0,0,1,0,946,0.001892,192,0.001536,21,0.000168,0.0035960000000000002,4.177518844604492
BenchmarkTest00520.java,0,CWE-643,,,,0,0,1,0,0,0,1,0,,,,,,,,
BenchmarkTest00521.java,0,CWE-327,CWE-327,1,0,1,0,0,0,1,0,0,0,1600,0.0032,64,0.000512,22,0.000176,0.003888,3.428421974182129
BenchmarkTest00522.java,0,CWE-327,CWE-327,1,0,1,0,0,0,1,0,0,0,1665,0.00333,64,0.000512,22,0.000176,0.004018,3.653390884399414
BenchmarkTest00523.java,0,CWE-327,,,,0,0,1,0,0,0,1,0,,,,,,,,
BenchmarkTest00524.java,0,CWE-327,,,,0,0,1,0,0,0,1,0,,,,,,,,
BenchmarkTest00525.java,0,CWE-22,CWE-23,0,0,1,0,0,0,1,0,0,0,1275,0.00255,512,0.004096,22,0.000176,0.006822,7.302992343902588
BenchmarkTest00526.java,0,CWE-22,CWE-23,0,1,1,0,0,0,0,0,0,1,1208,0.002416,896,0.007168,21,0.000168,0.009752,193.11589670181274
BenchmarkTest00527.java,0,CWE-22,CWE-23,0,1,1,0,0,0,0,0,0,1,1231,0.002462,576,0.004608,21,0.000168,0.007238,7.9947896003723145
BenchmarkTest00528.java,0,CWE-22,CWE-23,0,0,1,0,0,0,1,0,0,0,1438,0.002876,640,0.00512,22,0.000176,0.008172,9.524310827255249
BenchmarkTest00529.java,0,CWE-22,CWE-23,0,0,1,0,0,0,1,0,0,0,1298,0.002596,512,0.004096,22,0.000176,0.006868,9.225776672363281
BenchmarkTest00530.java,0,CWE-90,CWE-90,1,1,0,1,0,0,0,0,1,0,1281,0.002562,320,0.00256,21,0.000168,0.0052899999999999996,6.7236855030059814
BenchmarkTest00531.java,0,CWE-328,CWE-916,0,0,1,0,0,0,1,0,0,0,1398,0.002796,128,0.001024,22,0.000176,0.0039959999999999996,3.9169552326202393
BenchmarkTest00532.java,0,CWE-328,CWE-916,0,0,1,0,0,0,1,0,0,0,1484,0.002968,128,0.001024,22,0.000176,0.004168,3.7223241329193115
BenchmarkTest00533.java,0,CWE-328,CWE-916,0,0,1,0,0,0,1,0,0,0,1334,0.002668,64,0.000512,22,0.000176,0.0033559999999999996,3.332507848739624
BenchmarkTest00534.java,0,CWE-328,CWE-916,0,0,1,0,0,0,1,0,0,0,1349,0.002698,64,0.000512,22,0.000176,0.0033859999999999997,3.6760246753692627
BenchmarkTest00535.java,0,CWE-328,,,,0,0,1,0,0,0,1,0,,,,,,,,
BenchmarkTest00536.java,0,CWE-328,CWE-916,0,0,1,0,0,0,1,0,0,0,1280,0.00256,128,0.001024,22,0.000176,0.0037600000000000003,3.3533999919891357
BenchmarkTest00537.java,0,CWE-328,CWE-916,0,0,1,0,0,0,1,0,0,0,1203,0.002406,128,0.001024,22,0.000176,0.003606,3.693533182144165
BenchmarkTest00538.java,0,CWE-328,,,,0,0,1,0,0,0,1,0,,,,,,,,
BenchmarkTest00539.java,0,CWE-328,,,,0,0,1,0,0,0,1,0,,,,,,,,
BenchmarkTest00540.java,0,CWE-328,,,,0,0,1,0,0,0,1,0,,,,,,,,
BenchmarkTest00541.java,0,CWE-79,CWE-79,1,0,1,0,0,0,1,0,0,0,1357,0.002714,576,0.004608,22,0.000176,0.007498,9.074297189712524
BenchmarkTest00542.java,0,CWE-79,CWE-79,1,0,1,0,0,0,1,0,0,0,1404,0.002808,576,0.004608,22,0.000176,0.007592000000000001,9.319512844085693
BenchmarkTest00543.java,0,CWE-79,CWE-79,1,0,1,0,0,0,1,0,0,0,1371,0.002742,512,0.004096,22,0.000176,0.007014,12.756370544433594
BenchmarkTest00544.java,0,CWE-79,CWE-79,1,1,0,1,0,0,0,0,1,0,1364,0.002728,576,0.004608,21,0.000168,0.007504,10.045925378799438
BenchmarkTest00545.java,0,CWE-79,,,,0,0,1,0,0,0,1,0,,,,,,,,
BenchmarkTest00546.java,0,CWE-79,CWE-79,1,1,0,1,0,0,0,0,1,0,1361,0.002722,512,0.004096,21,0.000168,0.006985999999999999,8.253690719604492
BenchmarkTest00547.java,0,CWE-79,CWE-79,1,0,1,0,0,0,1,0,0,0,1326,0.002652,512,0.004096,22,0.000176,0.006924,9.422127485275269
BenchmarkTest00548.java,0,CWE-79,,,,0,0,1,0,0,0,1,0,,,,,,,,
BenchmarkTest00549.java,0,CWE-79,CWE-79,1,0,1,0,0,0,1,0,0,0,1329,0.002658,256,0.002048,22,0.000176,0.004882,5.98031210899353
BenchmarkTest00550.java,0,CWE-79,CWE-79,1,1,0,1,0,0,0,0,1,0,1369,0.002738,512,0.004096,21,0.000168,0.0070019999999999995,8.792105197906494
BenchmarkTest00551.java,0,CWE-79,CWE-79,1,0,1,0,0,0,1,0,0,0,1294,0.002588,448,0.003584,22,0.000176,0.006348,7.611760854721069
BenchmarkTest00552.java,0,CWE-79,CWE-79,1,0,1,0,0,0,1,0,0,0,1379,0.002758,384,0.003072,22,0.000176,0.006006,6.741844654083252
BenchmarkTest00553.java,0,CWE-79,CWE-79,1,1,0,1,0,0,0,0,1,0,1379,0.002758,576,0.004608,21,0.000168,0.007534,9.680510759353638
BenchmarkTest00554.java,0,CWE-79,CWE-79,1,0,1,0,0,0,1,0,0,0,1327,0.002654,384,0.003072,22,0.000176,0.005902,6.810707330703735
BenchmarkTest00555.java,0,CWE-79,CWE-79,1,0,1,0,0,0,1,0,0,0,1326,0.002652,320,0.00256,22,0.000176,0.0053879999999999996,5.6845543384552
BenchmarkTest00556.java,0,CWE-79,CWE-79,1,1,0,1,0,0,0,0,1,0,1379,0.002758,640,0.00512,21,0.000168,0.008046,9.573902130126953
BenchmarkTest00557.java,0,CWE-79,CWE-79,1,0,1,0,0,0,1,0,0,0,1336,0.002672,512,0.004096,22,0.000176,0.006944,8.56323504447937
BenchmarkTest00558.java,0,CWE-78,CWE-78,1,1,0,1,0,0,0,0,1,0,1061,0.002122,512,0.004096,21,0.000168,0.006385999999999999,8.6145658493042
BenchmarkTest00559.java,0,CWE-78,,,,0,0,1,0,0,0,1,0,,,,,,,,
BenchmarkTest00560.java,0,CWE-330,CWE-330,1,0,1,0,0,0,1,0,0,0,1308,0.002616,576,0.004608,22,0.000176,0.0073999999999999995,8.572365999221802
BenchmarkTest00561.java,0,CWE-330,CWE-330,1,0,1,0,0,0,1,0,0,0,1336,0.002672,128,0.001024,22,0.000176,0.0038719999999999996,3.8625082969665527
BenchmarkTest00562.java,0,CWE-330,CWE-330,1,0,1,0,0,0,1,0,0,0,1352,0.002704,128,0.001024,22,0.000176,0.0039039999999999995,3.896108627319336
BenchmarkTest00563.java,0,CWE-330,CWE-330,1,0,1,0,0,0,1,0,0,0,1245,0.00249,192,0.001536,22,0.000176,0.004202,3.966233730316162
BenchmarkTest00564.java,0,CWE-330,CWE-330,1,0,1,0,0,0,1,0,0,0,1268,0.002536,64,0.000512,22,0.000176,0.003224,3.084623336791992
BenchmarkTest00565.java,0,CWE-614,CWE-614,1,0,1,0,0,0,1,0,0,0,1044,0.002088,64,0.000512,22,0.000176,0.002776,3.0624146461486816
BenchmarkTest00566.java,0,CWE-614,CWE-614,1,0,1,0,0,0,1,0,0,0,1061,0.002122,128,0.001024,22,0.000176,0.0033220000000000003,3.544539451599121
BenchmarkTest00567.java,0,CWE-78,CWE-78,1,0,1,0,0,0,1,0,0,0,1008,0.002016,832,0.006656,22,0.000176,0.008848,18.493589639663696
BenchmarkTest00568.java,0,CWE-78,CWE-78,1,0,1,0,0,0,1,0,0,0,1093,0.002186,960,0.00768,22,0.000176,0.010042,12.503530025482178
BenchmarkTest00569.java,0,CWE-78,,,,0,0,1,0,0,0,1,0,,,,,,,,
BenchmarkTest00570.java,0,CWE-78,CWE-78,1,1,0,1,0,0,0,0,1,0,984,0.001968,640,0.00512,21,0.000168,0.007256,9.342816591262817
BenchmarkTest00571.java,0,CWE-78,,,,0,0,1,0,0,0,1,0,,,,,,,,
BenchmarkTest00572.java,0,CWE-78,,,,0,0,1,0,0,0,1,0,,,,,,,,
BenchmarkTest00573.java,0,CWE-78,CWE-78,1,0,1,0,0,0,1,0,0,0,898,0.001796,768,0.006144,20,0.00016,0.008100000000000001,11.480474948883057
BenchmarkTest00574.java,0,CWE-78,CWE-78,1,0,1,0,0,0,1,0,0,0,932,0.001864,832,0.006656,22,0.000176,0.008696,10.905136823654175
BenchmarkTest00575.java,0,CWE-78,CWE-78,1,0,1,0,0,0,1,0,0,0,1059,0.002118,960,0.00768,22,0.000176,0.009974000000000002,12.515549182891846
BenchmarkTest00576.java,0,CWE-78,CWE-78,1,0,1,0,0,0,1,0,0,0,1015,0.00203,640,0.00512,22,0.000176,0.007326,8.584241151809692
BenchmarkTest00577.java,0,CWE-330,,,,0,0,1,0,0,0,1,0,,,,,,,,
BenchmarkTest00578.java,0,CWE-330,,,,0,0,1,0,0,0,1,0,,,,,,,,
BenchmarkTest00579.java,0,CWE-330,,,,0,0,1,0,0,0,1,0,,,,,,,,
BenchmarkTest00580.java,0,CWE-330,,,,0,0,1,0,0,0,1,0,,,,,,,,
BenchmarkTest00581.java,0,CWE-330,,,,0,0,1,0,0,0,1,0,,,,,,,,
BenchmarkTest00582.java,0,CWE-330,CWE-330,1,1,0,1,0,0,0,0,1,0,1381,0.002762,256,0.002048,21,0.000168,0.004978,4.883631944656372
BenchmarkTest00583.java,0,CWE-330,,,,0,0,1,0,0,0,1,0,,,,,,,,
BenchmarkTest00584.java,0,CWE-330,,,,0,0,1,0,0,0,1,0,,,,,,,,
BenchmarkTest00585.java,0,CWE-330,,,,0,0,1,0,0,0,1,0,,,,,,,,
BenchmarkTest00589.java,0,CWE-89,CWE-89,1,1,0,1,0,0,0,0,1,0,1016,0.002032,576,0.004608,21,0.000168,0.006808,8.096177816390991
BenchmarkTest00590.java,0,CWE-89,CWE-89,1,0,1,0,0,0,1,0,0,0,975,0.00195,192,0.001536,22,0.000176,0.003662,4.106945991516113
BenchmarkTest00591.java,0,CWE-89,CWE-89,1,0,1,0,0,0,1,0,0,0,953,0.001906,320,0.00256,22,0.000176,0.004642,5.066781282424927
BenchmarkTest00592.java,0,CWE-89,,,,0,0,1,0,0,0,1,0,,,,,,,,
BenchmarkTest00593.java,0,CWE-89,CWE-89,1,0,1,0,0,0,1,0,0,0,1045,0.00209,384,0.003072,22,0.000176,0.005338,5.617600440979004
BenchmarkTest00594.java,0,CWE-89,CWE-89,1,0,1,0,0,0,1,0,0,0,1017,0.002034,384,0.003072,22,0.000176,0.005281999999999999,5.604749441146851
BenchmarkTest00595.java,0,CWE-89,CWE-89,1,0,1,0,0,0,1,0,0,0,961,0.001922,384,0.003072,22,0.000176,0.00517,5.36851167678833
BenchmarkTest00596.java,0,CWE-89,,,,0,0,0,1,0,0,0,1,,,,,,,,
BenchmarkTest00597.java,0,CWE-89,,,,0,0,0,1,0,0,0,1,,,,,,,,
BenchmarkTest00598.java,0,CWE-89,,,,0,0,0,1,0,0,0,1,,,,,,,,
BenchmarkTest00599.java,0,CWE-89,,,,0,0,1,0,0,0,1,0,,,,,,,,
BenchmarkTest00600.java,0,CWE-89,CWE-89,1,0,1,0,0,0,1,0,0,0,1030,0.00206,448,0.003584,22,0.000176,0.00582,6.170359134674072
BenchmarkTest00601.java,0,CWE-89,,,,0,0,1,0,0,0,1,0,,,,,,,,
BenchmarkTest00602.java,0,CWE-89,CWE-89,1,1,0,1,0,0,0,0,1,0,964,0.001928,576,0.004608,21,0.000168,0.006704,8.380250930786133
BenchmarkTest00603.java,0,CWE-89,CWE-89,1,0,1,0,0,0,1,0,0,0,932,0.001864,192,0.001536,22,0.000176,0.003576,3.1489739418029785
BenchmarkTest00604.java,0,CWE-89,CWE-89,1,0,1,0,0,0,1,0,0,0,955,0.00191,256,0.002048,22,0.000176,0.004134,4.0522072315216064
BenchmarkTest00605.java,0,CWE-89,,,,0,0,1,0,0,0,1,0,,,,,,,,
BenchmarkTest00606.java,0,CWE-89,CWE-89,1,0,1,0,0,0,1,0,0,0,934,0.001868,384,0.003072,22,0.000176,0.005116,5.854466915130615
BenchmarkTest00607.java,0,CWE-643,CWE-643,1,0,1,0,0,0,1,0,0,0,993,0.001986,192,0.001536,22,0.000176,0.003698,3.3929100036621094
BenchmarkTest00608.java,0,CWE-327,CWE-327,1,0,1,0,0,0,1,0,0,0,1560,0.00312,128,0.001024,22,0.000176,0.00432,2.6948580741882324
BenchmarkTest00609.java,0,CWE-327,CWE-327,1,0,1,0,0,0,1,0,0,0,1523,0.003046,64,0.000512,22,0.000176,0.003734,2.029581308364868
BenchmarkTest00610.java,0,CWE-327,CWE-327,1,0,1,0,0,0,1,0,0,0,1731,0.003462,64,0.000512,22,0.000176,0.00415,1.8369040489196777
BenchmarkTest00611.java,0,CWE-327,CWE-327,1,0,1,0,0,0,1,0,0,0,1528,0.003056,64,0.000512,22,0.000176,0.003744,1.8267865180969238
BenchmarkTest00612.java,0,CWE-327,,,,0,0,1,0,0,0,1,0,,,,,,,,
BenchmarkTest00613.java,0,CWE-327,,,,0,0,1,0,0,0,1,0,,,,,,,,
BenchmarkTest00614.java,0,CWE-327,CWE-327,1,0,1,0,0,0,1,0,0,0,1264,0.002528,64,0.000512,22,0.000176,0.0032159999999999997,2.331490993499756
BenchmarkTest00615.java,0,CWE-327,CWE-327,1,0,1,0,0,0,1,0,0,0,1301,0.002602,64,0.000512,22,0.000176,0.00329,1.9477629661560059
BenchmarkTest00616.java,0,CWE-327,CWE-327,1,0,1,0,0,0,1,0,0,0,1196,0.002392,192,0.001536,22,0.000176,0.004104,2.8942456245422363
BenchmarkTest00617.java,0,CWE-327,CWE-327,1,0,1,0,0,0,1,0,0,0,1202,0.002404,320,0.00256,22,0.000176,0.00514,4.5477378368377686
BenchmarkTest00618.java,0,CWE-327,,,,0,0,1,0,0,0,1,0,,,,,,,,
BenchmarkTest00619.java,0,CWE-22,,,,0,0,0,1,0,0,0,1,,,,,,,,
BenchmarkTest00620.java,0,CWE-22,,,,0,0,1,0,0,0,1,0,,,,,,,,
BenchmarkTest00621.java,0,CWE-22,,,,0,0,1,0,0,0,1,0,,,,,,,,
BenchmarkTest00622.java,0,CWE-22,,,,0,0,1,0,0,0,1,0,,,,,,,,
BenchmarkTest00623.java,0,CWE-22,,,,0,0,0,1,0,0,0,1,,,,,,,,
BenchmarkTest00624.java,0,CWE-22,,,,0,0,0,1,0,0,0,1,,,,,,,,
BenchmarkTest00625.java,0,CWE-22,,,,0,0,1,0,0,0,1,0,,,,,,,,
BenchmarkTest00626.java,0,CWE-22,,,,0,0,1,0,0,0,1,0,,,,,,,,
BenchmarkTest00627.java,0,CWE-22,,,,0,0,0,1,0,0,0,1,,,,,,,,
BenchmarkTest00628.java,0,CWE-22,,,,0,0,1,0,0,0,1,0,,,,,,,,
BenchmarkTest00629.java,0,CWE-22,,,,0,0,0,1,0,0,0,1,,,,,,,,
BenchmarkTest00630.java,0,CWE-90,,,,0,0,0,1,0,0,0,1,,,,,,,,
BenchmarkTest00631.java,0,CWE-328,CWE-916,0,0,1,0,0,0,1,0,0,0,1262,0.002524,128,0.001024,22,0.000176,0.003724,2.6935160160064697
BenchmarkTest00632.java,0,CWE-328,,,,0,0,1,0,0,0,1,0,,,,,,,,
BenchmarkTest00633.java,0,CWE-328,,,,0,0,1,0,0,0,1,0,,,,,,,,
BenchmarkTest00634.java,0,CWE-328,CWE-916,0,0,1,0,0,0,1,0,0,0,1252,0.002504,64,0.000512,22,0.000176,0.003192,2.7789366245269775
BenchmarkTest00635.java,0,CWE-328,CWE-916,0,0,1,0,0,0,1,0,0,0,1202,0.002404,192,0.001536,22,0.000176,0.004116,3.202998638153076
BenchmarkTest00636.java,0,CWE-328,CWE-916,0,0,1,0,0,0,1,0,0,0,1199,0.002398,128,0.001024,22,0.000176,0.0035979999999999996,2.0691137313842773
BenchmarkTest00637.java,0,CWE-328,CWE-916,0,0,1,0,0,0,1,0,0,0,1158,0.002316,0,0.0,22,0.000176,0.002492,1.3138313293457031
BenchmarkTest00638.java,0,CWE-328,,,,0,0,0,1,0,0,0,1,,,,,,,,
BenchmarkTest00639.java,0,CWE-328,,,,0,0,1,0,0,0,1,0,,,,,,,,
BenchmarkTest00640.java,0,CWE-328,,,,0,0,1,0,0,0,1,0,,,,,,,,
BenchmarkTest00641.java,0,CWE-328,,,,0,0,1,0,0,0,1,0,,,,,,,,
BenchmarkTest00642.java,0,CWE-79,,,,0,0,0,1,0,0,0,1,,,,,,,,
BenchmarkTest00643.java,0,CWE-79,,,,0,0,0,1,0,0,0,1,,,,,,,,
BenchmarkTest00644.java,0,CWE-79,,,,0,0,0,1,0,0,0,1,,,,,,,,
BenchmarkTest00645.java,0,CWE-79,,,,0,0,0,1,0,0,0,1,,,,,,,,
BenchmarkTest00646.java,0,CWE-79,,,,0,0,1,0,0,0,1,0,,,,,,,,
BenchmarkTest00647.java,0,CWE-79,,,,0,0,1,0,0,0,1,0,,,,,,,,
BenchmarkTest00648.java,0,CWE-79,,,,0,0,1,0,0,0,1,0,,,,,,,,
BenchmarkTest00649.java,0,CWE-79,,,,0,0,1,0,0,0,1,0,,,,,,,,
BenchmarkTest00650.java,0,CWE-79,,,,0,0,1,0,0,0,1,0,,,,,,,,
BenchmarkTest00651.java,0,CWE-79,,,,0,0,0,1,0,0,0,1,,,,,,,,
BenchmarkTest00652.java,0,CWE-330,CWE-330,1,0,1,0,0,0,1,0,0,0,1235,0.00247,64,0.000512,22,0.000176,0.0031579999999999998,2.1820104122161865
BenchmarkTest00653.java,0,CWE-330,CWE-330,1,0,1,0,0,0,1,0,0,0,1200,0.0024,192,0.001536,22,0.000176,0.004112,2.42153000831604
BenchmarkTest00654.java,0,CWE-330,CWE-330,1,0,1,0,0,0,1,0,0,0,1237,0.002474,64,0.000512,22,0.000176,0.003162,2.2116713523864746
BenchmarkTest00655.java,0,CWE-614,,,,0,0,1,0,0,0,1,0,,,,,,,,
BenchmarkTest00656.java,0,CWE-79,,,,0,0,0,1,0,0,0,1,,,,,,,,
BenchmarkTest00657.java,0,CWE-78,,,,0,0,1,0,0,0,1,0,,,,,,,,
BenchmarkTest00658.java,0,CWE-78,,,,0,0,1,0,0,0,1,0,,,,,,,,
BenchmarkTest00659.java,0,CWE-78,,,,0,0,1,0,0,0,1,0,,,,,,,,
BenchmarkTest00660.java,0,CWE-330,CWE-330,1,1,0,1,0,0,0,0,1,0,1279,0.002558,256,0.002048,21,0.000168,0.004774,3.995819330215454
BenchmarkTest00661.java,0,CWE-330,,,,0,0,1,0,0,0,1,0,,,,,,,,
BenchmarkTest00662.java,0,CWE-330,,,,0,0,1,0,0,0,1,0,,,,,,,,
BenchmarkTest00663.java,0,CWE-330,,,,0,0,1,0,0,0,1,0,,,,,,,,
BenchmarkTest00664.java,0,CWE-330,,,,0,0,1,0,0,0,1,0,,,,,,,,
BenchmarkTest00665.java,0,CWE-330,,,,0,0,1,0,0,0,1,0,,,,,,,,
BenchmarkTest00666.java,0,CWE-330,,,,0,0,1,0,0,0,1,0,,,,,,,,
BenchmarkTest00667.java,0,CWE-330,,,,0,0,1,0,0,0,1,0,,,,,,,,
BenchmarkTest00672.java,0,CWE-89,,,,0,0,1,0,0,0,1,0,,,,,,,,
BenchmarkTest00673.java,0,CWE-89,,,,0,0,0,1,0,0,0,1,,,,,,,,
BenchmarkTest00674.java,0,CWE-89,,,,0,0,1,0,0,0,1,0,,,,,,,,
BenchmarkTest00675.java,0,CWE-89,,,,0,0,1,0,0,0,1,0,,,,,,,,
BenchmarkTest00676.java,0,CWE-89,,,,0,0,1,0,0,0,1,0,,,,,,,,
BenchmarkTest00677.java,0,CWE-89,,,,0,0,0,1,0,0,0,1,,,,,,,,
BenchmarkTest00678.java,0,CWE-89,,,,0,0,0,1,0,0,0,1,,,,,,,,
BenchmarkTest00679.java,0,CWE-89,,,,0,0,0,1,0,0,0,1,,,,,,,,
BenchmarkTest00680.java,0,CWE-89,,,,0,0,1,0,0,0,1,0,,,,,,,,
BenchmarkTest00681.java,0,CWE-89,,,,0,0,0,1,0,0,0,1,,,,,,,,
BenchmarkTest00682.java,0,CWE-89,,,,0,0,1,0,0,0,1,0,,,,,,,,
BenchmarkTest00683.java,0,CWE-643,,,,0,0,1,0,0,0,1,0,,,,,,,,
BenchmarkTest00684.java,0,CWE-327,CWE-327,1,0,1,0,0,0,1,0,0,0,1503,0.003006,64,0.000512,22,0.000176,0.003694,1.7188630104064941
BenchmarkTest00685.java,0,CWE-327,CWE-327,1,0,1,0,0,0,1,0,0,0,1549,0.003098,64,0.000512,22,0.000176,0.003786,2.235966920852661
BenchmarkTest00686.java,0,CWE-327,,,,0,0,1,0,0,0,1,0,,,,,,,,
BenchmarkTest00687.java,0,CWE-327,,,,0,0,1,0,0,0,1,0,,,,,,,,
BenchmarkTest00688.java,0,CWE-327,CWE-327,1,0,1,0,0,0,1,0,0,0,1596,0.003192,64,0.000512,22,0.000176,0.0038799999999999998,1.9344878196716309
BenchmarkTest00689.java,0,CWE-327,,,,0,0,1,0,0,0,1,0,,,,,,,,
BenchmarkTest00690.java,0,CWE-327,,,,0,0,1,0,0,0,1,0,,,,,,,,
BenchmarkTest00691.java,0,CWE-327,CWE-327,1,0,1,0,0,0,1,0,0,0,1258,0.002516,64,0.000512,22,0.000176,0.003204,2.520329713821411
BenchmarkTest00692.java,0,CWE-327,CWE-327,1,0,1,0,0,0,1,0,0,0,1204,0.002408,64,0.000512,22,0.000176,0.003096,2.007760763168335
BenchmarkTest00693.java,0,CWE-327,CWE-327,1,0,1,0,0,0,1,0,0,0,1229,0.002458,64,0.000512,22,0.000176,0.003146,2.0562057495117188
BenchmarkTest00694.java,0,CWE-90,CWE-90,1,0,1,0,0,0,1,0,0,0,1089,0.002178,64,0.000512,22,0.000176,0.0028659999999999996,2.070765972137451
BenchmarkTest00695.java,0,CWE-90,CWE-90,1,0,1,0,0,0,1,0,0,0,1174,0.002348,192,0.001536,22,0.000176,0.00406,2.857407808303833
BenchmarkTest00696.java,0,CWE-22,CWE-23,0,0,1,0,0,0,1,0,0,0,1224,0.002448,192,0.001536,22,0.000176,0.00416,3.7907798290252686
BenchmarkTest00697.java,0,CWE-22,CWE-23,0,0,1,0,0,0,1,0,0,0,1166,0.002332,256,0.002048,22,0.000176,0.004556,3.8793442249298096
BenchmarkTest00698.java,0,CWE-22,CWE-23,0,0,1,0,0,0,1,0,0,0,1151,0.002302,256,0.002048,22,0.000176,0.004526,4.485631227493286
BenchmarkTest00699.java,0,CWE-22,CWE-23,0,1,0,1,0,0,0,0,1,0,1210,0.00242,512,0.004096,21,0.000168,0.006683999999999999,5.686121463775635
BenchmarkTest00700.java,0,CWE-22,CWE-23,0,0,1,0,0,0,1,0,0,0,1213,0.002426,448,0.003584,22,0.000176,0.006186,6.783514738082886
BenchmarkTest00701.java,0,CWE-90,,,,0,0,1,0,0,0,1,0,,,,,,,,
BenchmarkTest00702.java,0,CWE-330,CWE-330,1,0,1,0,0,0,1,0,0,0,1238,0.002476,448,0.003584,22,0.000176,0.006235999999999999,4.481324672698975
BenchmarkTest00703.java,0,CWE-328,CWE-916,0,0,1,0,0,0,1,0,0,0,1296,0.002592,64,0.000512,22,0.000176,0.00328,1.59712553024292
BenchmarkTest00704.java,0,CWE-328,CWE-916,0,0,1,0,0,0,1,0,0,0,1265,0.00253,128,0.001024,22,0.000176,0.00373,2.8225855827331543
BenchmarkTest00705.java,0,CWE-328,CWE-916,0,0,1,0,0,0,1,0,0,0,1284,0.002568,64,0.000512,22,0.000176,0.0032559999999999998,2.5380804538726807
BenchmarkTest00706.java,0,CWE-328,,,,0,0,1,0,0,0,1,0,,,,,,,,
BenchmarkTest00707.java,0,CWE-328,,,,0,0,1,0,0,0,1,0,,,,,,,,
BenchmarkTest00708.java,0,CWE-328,CWE-916,0,0,1,0,0,0,1,0,0,0,1141,0.002282,128,0.001024,22,0.000176,0.003482,3.019658088684082
BenchmarkTest00709.java,0,CWE-328,,,,0,0,1,0,0,0,1,0,,,,,,,,
BenchmarkTest00710.java,0,CWE-328,,,,0,0,0,1,0,0,0,1,,,,,,,,
BenchmarkTest00711.java,0,CWE-79,CWE-79,1,0,1,0,0,0,1,0,0,0,1345,0.00269,256,0.002048,22,0.000176,0.004914,2.73856520652771
BenchmarkTest00712.java,0,CWE-79,,,,0,0,1,0,0,0,1,0,,,,,,,,
BenchmarkTest00713.java,0,CWE-79,,,,0,0,1,0,0,0,1,0,,,,,,,,
BenchmarkTest00714.java,0,CWE-79,,,,0,0,1,0,0,0,1,0,,,,,,,,
BenchmarkTest00715.java,0,CWE-79,CWE-79,1,0,1,0,0,0,1,0,0,0,1228,0.002456,128,0.001024,22,0.000176,0.0036559999999999995,8.066478967666626
BenchmarkTest00716.java,0,CWE-79,,,,0,0,1,0,0,0,1,0,,,,,,,,
BenchmarkTest00717.java,0,CWE-79,,,,0,0,1,0,0,0,1,0,,,,,,,,
BenchmarkTest00718.java,0,CWE-79,,,,0,0,1,0,0,0,1,0,,,,,,,,
BenchmarkTest00719.java,0,CWE-79,CWE-79,1,0,1,0,0,0,1,0,0,0,1258,0.002516,256,0.002048,22,0.000176,0.00474,3.690462112426758
BenchmarkTest00720.java,0,CWE-79,CWE-79,1,0,1,0,0,0,1,0,0,0,1324,0.002648,320,0.00256,22,0.000176,0.005384000000000001,4.535304307937622
BenchmarkTest00721.java,0,CWE-79,CWE-79,1,0,1,0,0,0,1,0,0,0,1305,0.00261,192,0.001536,22,0.000176,0.004322,4.019033670425415
BenchmarkTest00722.java,0,CWE-79,CWE-79,1,1,0,1,0,0,0,0,1,0,1327,0.002654,128,0.001024,21,0.000168,0.003846,2.151280164718628
BenchmarkTest00723.java,0,CWE-79,,,,0,0,1,0,0,0,1,0,,,,,,,,
BenchmarkTest00724.java,0,CWE-79,CWE-79,1,0,1,0,0,0,1,0,0,0,1306,0.002612,128,0.001024,22,0.000176,0.0038120000000000003,3.923790454864502
BenchmarkTest00725.java,0,CWE-79,CWE-79,1,0,1,0,0,0,1,0,0,0,1434,0.002868,640,0.00512,22,0.000176,0.008164000000000001,7.13048243522644
BenchmarkTest00726.java,0,CWE-79,,,,0,0,1,0,0,0,1,0,,,,,,,,
BenchmarkTest00727.java,0,CWE-79,CWE-79,1,0,1,0,0,0,1,0,0,0,1246,0.002492,64,0.000512,22,0.000176,0.0031799999999999997,2.197282552719116
BenchmarkTest00728.java,0,CWE-79,CWE-79,1,0,1,0,0,0,1,0,0,0,1247,0.002494,128,0.001024,22,0.000176,0.0036940000000000002,2.9086902141571045
BenchmarkTest00729.java,0,CWE-79,CWE-79,1,0,1,0,0,0,1,0,0,0,1243,0.002486,128,0.001024,22,0.000176,0.003686,2.1319429874420166
BenchmarkTest00730.java,0,CWE-79,CWE-79,1,1,0,1,0,0,0,0,1,0,1322,0.002644,128,0.001024,21,0.000168,0.0038360000000000004,3.088581085205078
BenchmarkTest00731.java,0,CWE-78,CWE-78,1,0,1,0,0,0,1,0,0,0,914,0.001828,192,0.001536,22,0.000176,0.0035399999999999997,3.2247583866119385
BenchmarkTest00732.java,0,CWE-78,CWE-78,1,1,0,1,0,0,0,0,1,0,1017,0.002034,192,0.001536,21,0.000168,0.003738,3.2891042232513428
BenchmarkTest00733.java,0,CWE-330,CWE-330,1,0,1,0,0,0,1,0,0,0,1216,0.002432,64,0.000512,22,0.000176,0.00312,2.154183864593506
BenchmarkTest00734.java,0,CWE-330,CWE-330,1,0,1,0,0,0,1,0,0,0,1255,0.00251,64,0.000512,22,0.000176,0.003198,2.9756979942321777
BenchmarkTest00735.java,0,CWE-330,CWE-330,1,0,1,0,0,0,1,0,0,0,1234,0.002468,64,0.000512,22,0.000176,0.003156,2.420673370361328
BenchmarkTest00736.java,0,CWE-614,CWE-614,1,0,1,0,0,0,1,0,0,0,989,0.001978,64,0.000512,22,0.000176,0.002666,1.6802434921264648
BenchmarkTest00737.java,0,CWE-79,CWE-79,1,0,1,0,0,0,1,0,0,0,1443,0.002886,576,0.004608,22,0.000176,0.007670000000000001,11.524396896362305
BenchmarkTest00738.java,0,CWE-78,,,,0,0,1,0,0,0,1,0,,,,,,,,
BenchmarkTest00739.java,0,CWE-78,,,,0,0,1,0,0,0,1,0,,,,,,,,
BenchmarkTest00740.java,0,CWE-78,CWE-78,1,0,1,0,0,0,1,0,0,0,916,0.001832,640,0.00512,22,0.000176,0.007128000000000001,7.9831953048706055
BenchmarkTest00741.java,0,CWE-78,CWE-78,1,1,0,1,0,0,0,0,1,0,966,0.001932,512,0.004096,21,0.000168,0.006195999999999999,8.244747877120972
BenchmarkTest00742.java,0,CWE-78,CWE-78,1,1,0,1,0,0,0,0,1,0,1014,0.002028,320,0.00256,21,0.000168,0.004756,5.1426050662994385
BenchmarkTest00743.java,0,CWE-78,CWE-78,1,1,0,1,0,0,0,0,1,0,916,0.001832,320,0.00256,21,0.000168,0.00456,5.076878547668457
BenchmarkTest00744.java,0,CWE-330,,,,0,0,1,0,0,0,1,0,,,,,,,,
BenchmarkTest00745.java,0,CWE-330,,,,0,0,1,0,0,0,1,0,,,,,,,,
BenchmarkTest00746.java,0,CWE-330,,,,0,0,1,0,0,0,1,0,,,,,,,,
BenchmarkTest00747.java,0,CWE-330,,,,0,0,1,0,0,0,1,0,,,,,,,,
BenchmarkTest00748.java,0,CWE-330,,,,0,0,1,0,0,0,1,0,,,,,,,,
BenchmarkTest00749.java,0,CWE-330,CWE-330,1,1,0,1,0,0,0,0,1,0,1286,0.002572,384,0.003072,21,0.000168,0.0058119999999999995,8.729048252105713
BenchmarkTest00750.java,0,CWE-330,,,,0,0,1,0,0,0,1,0,,,,,,,,
BenchmarkTest00751.java,0,CWE-330,,,,0,0,1,0,0,0,1,0,,,,,,,,
BenchmarkTest00752.java,0,CWE-330,,,,0,0,1,0,0,0,1,0,,,,,,,,
BenchmarkTest00753.java,0,CWE-330,,,,0,0,1,0,0,0,1,0,,,,,,,,
BenchmarkTest00760.java,0,CWE-89,CWE-89,1,0,1,0,0,0,1,0,0,0,916,0.001832,128,0.001024,22,0.000176,0.003032,3.7316906452178955
BenchmarkTest00761.java,0,CWE-89,CWE-89,1,0,1,0,0,0,1,0,0,0,918,0.001836,128,0.001024,22,0.000176,0.0030359999999999996,3.149808883666992
BenchmarkTest00762.java,0,CWE-89,CWE-89,1,0,1,0,0,0,1,0,0,0,895,0.00179,128,0.001024,22,0.000176,0.0029899999999999996,4.1592137813568115
BenchmarkTest00763.java,0,CWE-89,CWE-89,1,1,0,1,0,0,0,0,1,0,938,0.001876,256,0.002048,21,0.000168,0.004092,4.15920877456665
BenchmarkTest00764.java,0,CWE-89,,,,0,0,0,1,0,0,0,1,,,,,,,,
BenchmarkTest00765.java,0,CWE-89,,,,0,0,0,1,0,0,0,1,,,,,,,,
BenchmarkTest00766.java,0,CWE-89,,,,0,0,1,0,0,0,1,0,,,,,,,,
BenchmarkTest00767.java,0,CWE-89,,,,0,0,0,1,0,0,0,1,,,,,,,,
BenchmarkTest00768.java,0,CWE-89,,,,0,0,0,1,0,0,0,1,,,,,,,,
BenchmarkTest00769.java,0,CWE-89,CWE-89,1,0,1,0,0,0,1,0,0,0,944,0.001888,128,0.001024,22,0.000176,0.0030879999999999996,2.8818037509918213
BenchmarkTest00770.java,0,CWE-89,CWE-89,1,0,1,0,0,0,1,0,0,0,898,0.001796,128,0.001024,22,0.000176,0.002996,3.6009724140167236
BenchmarkTest00771.java,0,CWE-89,CWE-89,1,0,1,0,0,0,1,0,0,0,902,0.001804,64,0.000512,22,0.000176,0.002492,1.8252782821655273
BenchmarkTest00772.java,0,CWE-89,CWE-89,1,1,0,1,0,0,0,0,1,0,902,0.001804,256,0.002048,21,0.000168,0.00402,5.055427551269531
BenchmarkTest00773.java,0,CWE-89,CWE-89,1,1,0,1,0,0,0,0,1,0,890,0.00178,192,0.001536,21,0.000168,0.003484,4.463900089263916
BenchmarkTest00774.java,0,CWE-89,CWE-89,1,1,0,1,0,0,0,0,1,0,916,0.001832,448,0.003584,21,0.000168,0.0055839999999999996,9.375470161437988
BenchmarkTest00775.java,0,CWE-327,,,,0,0,1,0,0,0,1,0,,,,,,,,
BenchmarkTest00776.java,0,CWE-327,,,,0,0,1,0,0,0,1,0,,,,,,,,
BenchmarkTest00777.java,0,CWE-327,,,,0,0,1,0,0,0,1,0,,,,,,,,
BenchmarkTest00778.java,0,CWE-327,,,,0,0,1,0,0,0,1,0,,,,,,,,
BenchmarkTest00779.java,0,CWE-327,CWE-327,1,0,1,0,0,0,1,0,0,0,1692,0.003384,64,0.000512,22,0.000176,0.004072,1.67169189453125
BenchmarkTest00780.java,0,CWE-327,,,,0,0,1,0,0,0,1,0,,,,,,,,
BenchmarkTest00781.java,0,CWE-327,CWE-327,1,0,1,0,0,0,1,0,0,0,1348,0.002696,64,0.000512,22,0.000176,0.003384,1.9450836181640625
BenchmarkTest00782.java,0,CWE-327,,,,0,0,1,0,0,0,1,0,,,,,,,,
BenchmarkTest00783.java,0,CWE-22,CWE-23,0,0,1,0,0,0,1,0,0,0,1500,0.003,256,0.002048,22,0.000176,0.005224,3.922434091567993
BenchmarkTest00784.java,0,CWE-22,CWE-23,0,1,0,1,0,0,0,0,1,0,1444,0.002888,256,0.002048,21,0.000168,0.005103999999999999,4.358801603317261
BenchmarkTest00785.java,0,CWE-22,CWE-23,0,0,1,0,0,0,1,0,0,0,1392,0.002784,256,0.002048,22,0.000176,0.005007999999999999,4.303586959838867
BenchmarkTest00786.java,0,CWE-22,CWE-23,0,1,0,1,0,0,0,0,1,0,1407,0.002814,192,0.001536,21,0.000168,0.0045179999999999994,3.8006012439727783
BenchmarkTest00787.java,0,CWE-22,CWE-23,0,0,1,0,0,0,1,0,0,0,1350,0.0027,256,0.002048,22,0.000176,0.004924,4.231074094772339
BenchmarkTest00788.java,0,CWE-22,CWE-23,0,0,1,0,0,0,1,0,0,0,1331,0.002662,256,0.002048,22,0.000176,0.004886,4.667945623397827
BenchmarkTest00789.java,0,CWE-328,CWE-916,0,0,1,0,0,0,1,0,0,0,1375,0.00275,64,0.000512,22,0.000176,0.0034379999999999997,2.4208953380584717
BenchmarkTest00790.java,0,CWE-328,CWE-916,0,0,1,0,0,0,1,0,0,0,1342,0.002684,64,0.000512,22,0.000176,0.003372,1.6333870887756348
BenchmarkTest00791.java,0,CWE-328,,,,0,0,1,0,0,0,1,0,,,,,,,,
BenchmarkTest00792.java,0,CWE-328,,,,0,0,1,0,0,0,1,0,,,,,,,,
BenchmarkTest00793.java,0,CWE-328,,,,0,0,1,0,0,0,1,0,,,,,,,,
BenchmarkTest00794.java,0,CWE-328,CWE-916,0,0,1,0,0,0,1,0,0,0,1288,0.002576,64,0.000512,22,0.000176,0.003264,2.046229124069214
BenchmarkTest00795.java,0,CWE-328,,,,0,0,1,0,0,0,1,0,,,,,,,,
BenchmarkTest00796.java,0,CWE-328,,,,0,0,0,1,0,0,0,1,,,,,,,,
BenchmarkTest00797.java,0,CWE-328,,,,0,0,0,1,0,0,0,1,,,,,,,,
BenchmarkTest00798.java,0,CWE-328,,,,0,0,1,0,0,0,1,0,,,,,,,,
BenchmarkTest00799.java,0,CWE-79,CWE-79,1,0,0,1,0,0,0,1,0,0,1490,0.00298,256,0.002048,22,0.000176,0.005203999999999999,4.550517797470093
BenchmarkTest00800.java,0,CWE-79,CWE-79,1,0,1,0,0,0,1,0,0,0,1469,0.002938,192,0.001536,22,0.000176,0.0046500000000000005,3.477989435195923
BenchmarkTest00801.java,0,CWE-79,CWE-79,1,0,1,0,0,0,1,0,0,0,1368,0.002736,448,0.003584,22,0.000176,0.006496,5.368326663970947
BenchmarkTest00802.java,0,CWE-79,CWE-79,1,0,1,0,0,0,1,0,0,0,1403,0.002806,320,0.00256,22,0.000176,0.005542,6.91214656829834
BenchmarkTest00803.java,0,CWE-79,CWE-79,1,0,1,0,0,0,1,0,0,0,1355,0.00271,192,0.001536,22,0.000176,0.004422,5.304198503494263
BenchmarkTest00804.java,0,CWE-79,CWE-79,1,0,1,0,0,0,1,0,0,0,1379,0.002758,256,0.002048,22,0.000176,0.0049819999999999994,3.4693219661712646
BenchmarkTest00805.java,0,CWE-79,CWE-79,1,0,1,0,0,0,1,0,0,0,1575,0.00315,448,0.003584,22,0.000176,0.00691,6.0225372314453125
BenchmarkTest00806.java,0,CWE-79,CWE-79,1,0,1,0,0,0,1,0,0,0,1439,0.002878,384,0.003072,22,0.000176,0.006126,5.539224624633789
BenchmarkTest00807.java,0,CWE-79,CWE-79,1,0,1,0,0,0,1,0,0,0,1387,0.002774,192,0.001536,22,0.000176,0.0044859999999999995,3.821549415588379
BenchmarkTest00808.java,0,CWE-79,CWE-79,1,1,0,1,0,0,0,0,1,0,1435,0.00287,256,0.002048,21,0.000168,0.005086,3.6660637855529785
BenchmarkTest00809.java,0,CWE-79,CWE-79,1,0,1,0,0,0,1,0,0,0,1401,0.002802,320,0.00256,22,0.000176,0.005538,11.38416337966919
BenchmarkTest00810.java,0,CWE-79,CWE-79,1,0,1,0,0,0,1,0,0,0,1381,0.002762,256,0.002048,22,0.000176,0.004986,4.211080312728882
BenchmarkTest00811.java,0,CWE-79,CWE-79,1,0,1,0,0,0,1,0,0,0,1453,0.002906,256,0.002048,22,0.000176,0.00513,3.618989944458008
BenchmarkTest00812.java,0,CWE-79,,,,0,0,1,0,0,0,1,0,,,,,,,,
BenchmarkTest00813.java,0,CWE-79,,,,0,0,1,0,0,0,1,0,,,,,,,,
BenchmarkTest00814.java,0,CWE-78,,,,0,0,1,0,0,0,1,0,,,,,,,,
BenchmarkTest00815.java,0,CWE-78,CWE-78,1,0,1,0,0,0,1,0,0,0,1059,0.002118,256,0.002048,22,0.000176,0.0043419999999999995,4.093341112136841
BenchmarkTest00816.java,0,CWE-78,CWE-78,1,0,1,0,0,0,1,0,0,0,1144,0.002288,256,0.002048,22,0.000176,0.0045119999999999995,5.760700702667236
BenchmarkTest00817.java,0,CWE-330,CWE-330,1,0,1,0,0,0,1,0,0,0,1552,0.003104,64,0.000512,22,0.000176,0.003792,1.871044635772705
BenchmarkTest00818.java,0,CWE-330,CWE-330,1,0,1,0,0,0,1,0,0,0,1365,0.00273,320,0.00256,22,0.000176,0.0054659999999999995,4.0363380908966064
BenchmarkTest00819.java,0,CWE-330,CWE-330,1,0,1,0,0,0,1,0,0,0,1335,0.00267,64,0.000512,22,0.000176,0.003358,6.395674705505371
BenchmarkTest00820.java,0,CWE-614,CWE-614,1,0,1,0,0,0,1,0,0,0,1093,0.002186,64,0.000512,22,0.000176,0.002874,1.8699476718902588
BenchmarkTest00821.java,0,CWE-614,CWE-614,1,0,1,0,0,0,1,0,0,0,1107,0.002214,64,0.000512,22,0.000176,0.0029019999999999996,2.324289083480835
BenchmarkTest00822.java,0,CWE-79,CWE-79,1,0,1,0,0,0,1,0,0,0,1394,0.002788,320,0.00256,22,0.000176,0.005524,7.028028964996338
BenchmarkTest00823.java,0,CWE-78,CWE-78,1,0,1,0,0,0,1,0,0,0,1030,0.00206,576,0.004608,22,0.000176,0.006844,7.668948411941528
BenchmarkTest00824.java,0,CWE-78,CWE-78,1,0,1,0,0,0,1,0,0,0,1224,0.002448,512,0.004096,22,0.000176,0.006719999999999999,7.324001312255859
BenchmarkTest00825.java,0,CWE-78,CWE-78,1,0,1,0,0,0,1,0,0,0,1009,0.002018,448,0.003584,22,0.000176,0.005777999999999999,5.215149879455566
BenchmarkTest00826.java,0,CWE-78,,,,0,0,1,0,0,0,1,0,,,,,,,,
BenchmarkTest00827.java,0,CWE-78,CWE-78,1,0,0,1,0,0,0,1,0,0,1042,0.002084,512,0.004096,22,0.000176,0.006356,6.4434709548950195
BenchmarkTest00828.java,0,CWE-330,,,,0,0,1,0,0,0,1,0,,,,,,,,
BenchmarkTest00829.java,0,CWE-330,,,,0,0,1,0,0,0,1,0,,,,,,,,
BenchmarkTest00830.java,0,CWE-330,,,,0,0,1,0,0,0,1,0,,,,,,,,
BenchmarkTest00831.java,0,CWE-330,,,,0,0,1,0,0,0,1,0,,,,,,,,
BenchmarkTest00832.java,0,CWE-330,,,,0,0,1,0,0,0,1,0,,,,,,,,
BenchmarkTest00837.java,0,CWE-89,CWE-89,1,1,0,1,0,0,0,0,1,0,1108,0.002216,256,0.002048,21,0.000168,0.004432,6.5666797161102295
BenchmarkTest00838.java,0,CWE-89,CWE-89,1,1,0,1,0,0,0,0,1,0,1099,0.002198,192,0.001536,21,0.000168,0.003902,5.211186408996582
BenchmarkTest00839.java,0,CWE-89,CWE-89,1,0,1,0,0,0,1,0,0,0,1024,0.002048,192,0.001536,22,0.000176,0.00376,3.378087282180786
BenchmarkTest00840.java,0,CWE-89,CWE-89,1,0,1,0,0,0,1,0,0,0,1028,0.002056,128,0.001024,22,0.000176,0.003256,3.3259475231170654
BenchmarkTest00841.java,0,CWE-89,CWE-89,1,0,1,0,0,0,1,0,0,0,1094,0.002188,192,0.001536,22,0.000176,0.0039,2.786935806274414
BenchmarkTest00842.java,0,CWE-89,,,,0,0,0,1,0,0,0,1,,,,,,,,
BenchmarkTest00843.java,0,CWE-89,,,,0,0,0,1,0,0,0,1,,,,,,,,
BenchmarkTest00844.java,0,CWE-89,,,,0,0,1,0,0,0,1,0,,,,,,,,
BenchmarkTest00845.java,0,CWE-89,,,,0,0,0,1,0,0,0,1,,,,,,,,
BenchmarkTest00846.java,0,CWE-89,CWE-89,1,0,1,0,0,0,1,0,0,0,999,0.001998,128,0.001024,22,0.000176,0.0031980000000000003,2.682129144668579
BenchmarkTest00847.java,0,CWE-89,CWE-89,1,0,1,0,0,0,1,0,0,0,1032,0.002064,64,0.000512,22,0.000176,0.0027519999999999997,2.001027822494507
BenchmarkTest00848.java,0,CWE-89,CWE-89,1,0,1,0,0,0,1,0,0,0,969,0.001938,64,0.000512,22,0.000176,0.002626,3.14530348777771
BenchmarkTest00849.java,0,CWE-89,CWE-89,1,0,1,0,0,0,1,0,0,0,1035,0.00207,128,0.001024,22,0.000176,0.0032699999999999995,3.586921453475952
BenchmarkTest00850.java,0,CWE-89,CWE-89,1,0,1,0,0,0,1,0,0,0,1032,0.002064,192,0.001536,22,0.000176,0.003776,4.662145614624023
BenchmarkTest00851.java,0,CWE-89,,,,0,0,1,0,0,0,1,0,,,,,,,,
BenchmarkTest00852.java,0,CWE-643,CWE-643,1,1,0,1,0,0,0,0,1,0,1128,0.002256,256,0.002048,21,0.000168,0.004472,4.56644606590271
BenchmarkTest00853.java,0,CWE-327,CWE-327,1,0,1,0,0,0,1,0,0,0,1510,0.00302,64,0.000512,22,0.000176,0.003708,1.9390208721160889
BenchmarkTest00854.java,0,CWE-327,,,,0,0,1,0,0,0,1,0,,,,,,,,
BenchmarkTest00855.java,0,CWE-327,CWE-327,1,0,1,0,0,0,1,0,0,0,1610,0.00322,0,0.0,22,0.000176,0.003396,1.7538783550262451
BenchmarkTest00856.java,0,CWE-327,CWE-327,1,0,1,0,0,0,1,0,0,0,1411,0.002822,64,0.000512,22,0.000176,0.0035099999999999997,1.7255380153656006
BenchmarkTest00857.java,0,CWE-327,CWE-327,1,0,1,0,0,0,1,0,0,0,1277,0.002554,64,0.000512,22,0.000176,0.0032419999999999997,2.1681196689605713
BenchmarkTest00858.java,0,CWE-327,,,,0,0,1,0,0,0,1,0,,,,,,,,
BenchmarkTest00859.java,0,CWE-327,CWE-327,1,0,1,0,0,0,1,0,0,0,1259,0.002518,192,0.001536,22,0.000176,0.00423,3.245872735977173
BenchmarkTest00860.java,0,CWE-90,,,,0,0,1,0,0,0,1,0,,,,,,,,
BenchmarkTest00861.java,0,CWE-90,,,,0,0,1,0,0,0,1,0,,,,,,,,
BenchmarkTest00862.java,0,CWE-22,,,,0,0,1,0,0,0,1,0,,,,,,,,
BenchmarkTest00863.java,0,CWE-22,,,,0,0,1,0,0,0,1,0,,,,,,,,
BenchmarkTest00864.java,0,CWE-22,,,,0,0,1,0,0,0,1,0,,,,,,,,
BenchmarkTest00865.java,0,CWE-22,,,,0,0,1,0,0,0,1,0,,,,,,,,
BenchmarkTest00866.java,0,CWE-22,,,,0,0,1,0,0,0,1,0,,,,,,,,
BenchmarkTest00867.java,0,CWE-22,,,,0,0,1,0,0,0,1,0,,,,,,,,
BenchmarkTest00868.java,0,CWE-328,CWE-916,0,0,1,0,0,0,1,0,0,0,1449,0.002898,64,0.000512,22,0.000176,0.0035859999999999998,3.230872869491577
BenchmarkTest00869.java,0,CWE-328,CWE-916,0,0,1,0,0,0,1,0,0,0,1321,0.002642,0,0.0,22,0.000176,0.0028179999999999998,2.2206809520721436
BenchmarkTest00870.java,0,CWE-328,CWE-916,0,0,1,0,0,0,1,0,0,0,1197,0.002394,128,0.001024,22,0.000176,0.003594,2.704821825027466
BenchmarkTest00871.java,0,CWE-328,CWE-916,0,0,1,0,0,0,1,0,0,0,1265,0.00253,64,0.000512,22,0.000176,0.003218,2.515068531036377
BenchmarkTest00872.java,0,CWE-328,CWE-916,0,0,1,0,0,0,1,0,0,0,1194,0.002388,192,0.001536,22,0.000176,0.0041,4.012535333633423
BenchmarkTest00873.java,0,CWE-328,,,,0,0,1,0,0,0,1,0,,,,,,,,
BenchmarkTest00874.java,0,CWE-328,,,,0,0,1,0,0,0,1,0,,,,,,,,
BenchmarkTest00875.java,0,CWE-328,,,,0,0,0,1,0,0,0,1,,,,,,,,
BenchmarkTest00876.java,0,CWE-328,,,,0,0,0,1,0,0,0,1,,,,,,,,
BenchmarkTest00877.java,0,CWE-328,,,,0,0,1,0,0,0,1,0,,,,,,,,
BenchmarkTest00878.java,0,CWE-328,,,,0,0,1,0,0,0,1,0,,,,,,,,
BenchmarkTest00879.java,0,CWE-79,,,,0,0,1,0,0,0,1,0,,,,,,,,
BenchmarkTest00880.java,0,CWE-79,,,,0,0,1,0,0,0,1,0,,,,,,,,
BenchmarkTest00881.java,0,CWE-79,,,,0,0,1,0,0,0,1,0,,,,,,,,
BenchmarkTest00882.java,0,CWE-79,,,,0,0,1,0,0,0,1,0,,,,,,,,
BenchmarkTest00883.java,0,CWE-79,,,,0,0,1,0,0,0,1,0,,,,,,,,
BenchmarkTest00884.java,0,CWE-79,,,,0,0,1,0,0,0,1,0,,,,,,,,
BenchmarkTest00885.java,0,CWE-79,,,,0,0,1,0,0,0,1,0,,,,,,,,
BenchmarkTest00886.java,0,CWE-79,,,,0,0,1,0,0,0,1,0,,,,,,,,
BenchmarkTest00887.java,0,CWE-79,,,,0,0,1,0,0,0,1,0,,,,,,,,
BenchmarkTest00888.java,0,CWE-79,,,,0,0,1,0,0,0,1,0,,,,,,,,
BenchmarkTest00889.java,0,CWE-79,,,,0,0,1,0,0,0,1,0,,,,,,,,
BenchmarkTest00890.java,0,CWE-79,,,,0,0,1,0,0,0,1,0,,,,,,,,
BenchmarkTest00891.java,0,CWE-79,,,,0,0,1,0,0,0,1,0,,,,,,,,
BenchmarkTest00892.java,0,CWE-79,,,,0,0,1,0,0,0,1,0,,,,,,,,
BenchmarkTest00893.java,0,CWE-79,,,,0,0,1,0,0,0,1,0,,,,,,,,
BenchmarkTest00894.java,0,CWE-79,,,,0,0,1,0,0,0,1,0,,,,,,,,
BenchmarkTest00895.java,0,CWE-78,,,,0,0,1,0,0,0,1,0,,,,,,,,
BenchmarkTest00896.java,0,CWE-78,,,,0,0,1,0,0,0,1,0,,,,,,,,
BenchmarkTest00897.java,0,CWE-78,,,,0,0,1,0,0,0,1,0,,,,,,,,
BenchmarkTest00898.java,0,CWE-330,CWE-330,1,0,1,0,0,0,1,0,0,0,1247,0.002494,128,0.001024,22,0.000176,0.0036940000000000002,2.439330577850342
BenchmarkTest00899.java,0,CWE-330,CWE-330,1,0,1,0,0,0,1,0,0,0,1269,0.002538,192,0.001536,22,0.000176,0.0042499999999999994,2.9020702838897705
BenchmarkTest00900.java,0,CWE-330,CWE-330,1,0,1,0,0,0,1,0,0,0,1260,0.00252,640,0.00512,22,0.000176,0.007816000000000002,8.545557498931885
BenchmarkTest00901.java,0,CWE-330,CWE-330,1,0,1,0,0,0,1,0,0,0,1261,0.002522,64,0.000512,22,0.000176,0.0032099999999999997,2.364190101623535
BenchmarkTest00902.java,0,CWE-330,CWE-330,1,0,1,0,0,0,1,0,0,0,1246,0.002492,320,0.00256,22,0.000176,0.005228,4.950061559677124
BenchmarkTest00903.java,0,CWE-614,CWE-614,1,0,1,0,0,0,1,0,0,0,1033,0.002066,64,0.000512,22,0.000176,0.002754,3.7859654426574707
BenchmarkTest00904.java,0,CWE-614,,,,0,0,1,0,0,0,1,0,,,,,,,,
BenchmarkTest00905.java,0,CWE-78,,,,0,0,1,0,0,0,1,0,,,,,,,,
BenchmarkTest00906.java,0,CWE-78,,,,0,0,1,0,0,0,1,0,,,,,,,,
BenchmarkTest00907.java,0,CWE-78,,,,0,0,1,0,0,0,1,0,,,,,,,,
BenchmarkTest00908.java,0,CWE-78,,,,0,0,1,0,0,0,1,0,,,,,,,,
BenchmarkTest00909.java,0,CWE-78,,,,0,0,1,0,0,0,1,0,,,,,,,,
BenchmarkTest00910.java,0,CWE-78,,,,0,0,1,0,0,0,1,0,,,,,,,,
BenchmarkTest00911.java,0,CWE-330,,,,0,0,1,0,0,0,1,0,,,,,,,,
BenchmarkTest00912.java,0,CWE-330,,,,0,0,1,0,0,0,1,0,,,,,,,,
BenchmarkTest00913.java,0,CWE-330,,,,0,0,1,0,0,0,1,0,,,,,,,,
BenchmarkTest00914.java,0,CWE-330,,,,0,0,1,0,0,0,1,0,,,,,,,,
BenchmarkTest00915.java,0,CWE-330,,,,0,0,1,0,0,0,1,0,,,,,,,,
BenchmarkTest00916.java,0,CWE-330,,,,0,0,1,0,0,0,1,0,,,,,,,,
BenchmarkTest00917.java,0,CWE-330,,,,0,0,1,0,0,0,1,0,,,,,,,,
BenchmarkTest00918.java,0,CWE-330,,,,0,0,1,0,0,0,1,0,,,,,,,,
BenchmarkTest00919.java,0,CWE-330,,,,0,0,1,0,0,0,1,0,,,,,,,,
BenchmarkTest00920.java,0,CWE-330,,,,0,0,1,0,0,0,1,0,,,,,,,,
BenchmarkTest00921.java,0,CWE-330,,,,0,0,1,0,0,0,1,0,,,,,,,,
BenchmarkTest00924.java,0,CWE-89,,,,0,0,1,0,0,0,1,0,,,,,,,,
BenchmarkTest00925.java,0,CWE-89,,,,0,0,1,0,0,0,1,0,,,,,,,,
BenchmarkTest00926.java,0,CWE-89,,,,0,0,1,0,0,0,1,0,,,,,,,,
BenchmarkTest00927.java,0,CWE-89,,,,0,0,1,0,0,0,1,0,,,,,,,,
BenchmarkTest00928.java,0,CWE-89,,,,0,0,1,0,0,0,1,0,,,,,,,,
BenchmarkTest00929.java,0,CWE-89,,,,0,0,1,0,0,0,1,0,,,,,,,,
BenchmarkTest00930.java,0,CWE-89,,,,0,0,1,0,0,0,1,0,,,,,,,,
BenchmarkTest00931.java,0,CWE-89,,,,0,0,1,0,0,0,1,0,,,,,,,,
BenchmarkTest00932.java,0,CWE-89,,,,0,0,1,0,0,0,1,0,,,,,,,,
BenchmarkTest00933.java,0,CWE-89,,,,0,0,1,0,0,0,1,0,,,,,,,,
BenchmarkTest00934.java,0,CWE-89,,,,0,0,1,0,0,0,1,0,,,,,,,,
BenchmarkTest00935.java,0,CWE-89,,,,0,0,1,0,0,0,1,0,,,,,,,,
BenchmarkTest00936.java,0,CWE-89,,,,0,0,1,0,0,0,1,0,,,,,,,,
BenchmarkTest00937.java,0,CWE-89,,,,0,0,1,0,0,0,1,0,,,,,,,,
BenchmarkTest00938.java,0,CWE-89,,,,0,0,1,0,0,0,1,0,,,,,,,,
BenchmarkTest00939.java,0,CWE-89,,,,0,0,1,0,0,0,1,0,,,,,,,,
BenchmarkTest00940.java,0,CWE-89,,,,0,0,1,0,0,0,1,0,,,,,,,,
BenchmarkTest00941.java,0,CWE-643,,,,0,0,1,0,0,0,1,0,,,,,,,,
BenchmarkTest00942.java,0,CWE-327,,,,0,0,1,0,0,0,1,0,,,,,,,,
BenchmarkTest00943.java,0,CWE-327,,,,0,0,1,0,0,0,1,0,,,,,,,,
BenchmarkTest00944.java,0,CWE-327,,,,0,0,1,0,0,0,1,0,,,,,,,,
BenchmarkTest00945.java,0,CWE-327,CWE-327,1,0,1,0,0,0,1,0,0,0,1453,0.002906,448,0.003584,22,0.000176,0.006666,8.866653442382812
BenchmarkTest00946.java,0,CWE-327,CWE-327,1,0,1,0,0,0,1,0,0,0,1410,0.00282,192,0.001536,22,0.000176,0.0045320000000000004,3.7777600288391113
BenchmarkTest00947.java,0,CWE-90,CWE-90,1,0,1,0,0,0,1,0,0,0,1340,0.00268,320,0.00256,22,0.000176,0.005416,5.49709153175354
BenchmarkTest00948.java,0,CWE-90,CWE-90,1,1,0,1,0,0,0,0,1,0,1388,0.002776,448,0.003584,21,0.000168,0.006527999999999999,7.529592037200928
BenchmarkTest00949.java,0,CWE-22,CWE-23,0,0,1,0,0,0,1,0,0,0,1334,0.002668,256,0.002048,22,0.000176,0.004892,5.426784515380859
BenchmarkTest00950.java,0,CWE-22,CWE-23,0,1,1,0,0,0,0,0,0,1,1323,0.002646,832,0.006656,21,0.000168,0.00947,12.46209979057312
BenchmarkTest00951.java,0,CWE-22,CWE-23,0,1,0,1,0,0,0,0,1,0,1490,0.00298,320,0.00256,21,0.000168,0.0057079999999999995,7.889029502868652
BenchmarkTest00952.java,0,CWE-22,CWE-23,0,0,1,0,0,0,1,0,0,0,1573,0.003146,768,0.006144,22,0.000176,0.009466,10.322458982467651
BenchmarkTest00953.java,0,CWE-22,CWE-23,0,0,1,0,0,0,1,0,0,0,1393,0.002786,128,0.001024,22,0.000176,0.003986,7.055731296539307
BenchmarkTest00954.java,0,CWE-22,CWE-23,0,1,0,1,0,0,0,0,1,0,1426,0.002852,320,0.00256,21,0.000168,0.00558,7.381920337677002
BenchmarkTest00955.java,0,CWE-22,CWE-23,0,1,0,1,0,0,0,0,1,0,1361,0.002722,320,0.00256,21,0.000168,0.00545,5.356574058532715
BenchmarkTest00956.java,0,CWE-22,CWE-23,0,0,1,0,0,0,1,0,0,0,1359,0.002718,384,0.003072,22,0.000176,0.005966,7.61552095413208
BenchmarkTest00957.java,0,CWE-22,CWE-23,0,1,0,1,0,0,0,0,1,0,1550,0.0031,192,0.001536,21,0.000168,0.004803999999999999,6.058462142944336
BenchmarkTest00958.java,0,CWE-22,CWE-23,0,1,0,1,0,0,0,0,1,0,1589,0.003178,320,0.00256,21,0.000168,0.005906,5.531773090362549
BenchmarkTest00959.java,0,CWE-90,CWE-90,1,0,1,0,0,0,1,0,0,0,1369,0.002738,128,0.001024,22,0.000176,0.003938,4.283720970153809
BenchmarkTest00960.java,0,CWE-330,CWE-330,1,0,1,0,0,0,1,0,0,0,1495,0.00299,64,0.000512,22,0.000176,0.003678,4.837088108062744
BenchmarkTest00961.java,0,CWE-328,CWE-916,0,0,1,0,0,0,1,0,0,0,1490,0.00298,256,0.002048,22,0.000176,0.005203999999999999,6.33672571182251
BenchmarkTest00962.java,0,CWE-328,,,,0,0,1,0,0,0,1,0,,,,,,,,
BenchmarkTest00963.java,0,CWE-328,CWE-916,0,0,1,0,0,0,1,0,0,0,1337,0.002674,128,0.001024,22,0.000176,0.003874,4.56446647644043
BenchmarkTest00964.java,0,CWE-328,,,,0,0,1,0,0,0,1,0,,,,,,,,
BenchmarkTest00965.java,0,CWE-328,,,,0,0,1,0,0,0,1,0,,,,,,,,
BenchmarkTest00966.java,0,CWE-328,,,,0,0,1,0,0,0,1,0,,,,,,,,
BenchmarkTest00967.java,0,CWE-328,,,,0,0,1,0,0,0,1,0,,,,,,,,
BenchmarkTest00968.java,0,CWE-78,CWE-78,1,0,1,0,0,0,1,0,0,0,1119,0.002238,320,0.00256,22,0.000176,0.004974,9.219428777694702
BenchmarkTest00969.java,0,CWE-78,CWE-78,1,1,0,1,0,0,0,0,1,0,1347,0.002694,384,0.003072,21,0.000168,0.005934,7.123133182525635
BenchmarkTest00970.java,0,CWE-78,CWE-78,1,1,0,1,0,0,0,0,1,0,1144,0.002288,448,0.003584,21,0.000168,0.00604,7.983940362930298
BenchmarkTest00971.java,0,CWE-330,CWE-330,1,0,1,0,0,0,1,0,0,0,1435,0.00287,128,0.001024,22,0.000176,0.00407,4.561792612075806
BenchmarkTest00972.java,0,CWE-330,CWE-330,1,0,1,0,0,0,1,0,0,0,1488,0.002976,320,0.00256,22,0.000176,0.005712,8.203065633773804
BenchmarkTest00973.java,0,CWE-330,CWE-330,1,0,1,0,0,0,1,0,0,0,1379,0.002758,512,0.004096,22,0.000176,0.00703,9.561914205551147
BenchmarkTest00974.java,0,CWE-330,CWE-330,1,0,1,0,0,0,1,0,0,0,1418,0.002836,128,0.001024,22,0.000176,0.004036,4.447901487350464
BenchmarkTest00975.java,0,CWE-330,CWE-330,1,0,1,0,0,0,1,0,0,0,1388,0.002776,448,0.003584,22,0.000176,0.006535999999999999,10.668820142745972
BenchmarkTest00976.java,0,CWE-330,CWE-330,1,0,1,0,0,0,1,0,0,0,1400,0.0028,192,0.001536,22,0.000176,0.0045119999999999995,4.547684669494629
BenchmarkTest00977.java,0,CWE-614,CWE-614,1,0,1,0,0,0,1,0,0,0,1180,0.00236,128,0.001024,22,0.000176,0.00356,3.833991527557373
BenchmarkTest00978.java,0,CWE-78,CWE-78,1,1,0,1,0,0,0,0,1,0,1417,0.002834,448,0.003584,21,0.000168,0.006586,7.472031116485596
BenchmarkTest00979.java,0,CWE-78,CWE-78,1,0,1,0,0,0,1,0,0,0,1274,0.002548,576,0.004608,22,0.000176,0.007332,193.02819919586182
BenchmarkTest00980.java,0,CWE-78,CWE-78,1,1,0,1,0,0,0,0,1,0,1097,0.002194,512,0.004096,21,0.000168,0.006458,13.008138179779053
BenchmarkTest00981.java,0,CWE-78,CWE-78,1,0,1,0,0,0,1,0,0,0,1222,0.002444,896,0.007168,22,0.000176,0.009788,19.304166316986084
BenchmarkTest00982.java,0,CWE-78,CWE-78,1,1,0,1,0,0,0,0,1,0,1145,0.00229,320,0.00256,21,0.000168,0.005018,6.474618196487427
BenchmarkTest00983.java,0,CWE-78,CWE-78,1,0,1,0,0,0,1,0,0,0,1055,0.00211,768,0.006144,22,0.000176,0.008430000000000002,10.746254205703735
BenchmarkTest00984.java,0,CWE-330,CWE-330,1,1,0,1,0,0,0,0,1,0,1698,0.003396,448,0.003584,21,0.000168,0.007148,6.514133930206299
BenchmarkTest00985.java,0,CWE-330,CWE-330,1,1,0,1,0,0,0,0,1,0,1529,0.003058,384,0.003072,21,0.000168,0.006298,7.445032358169556
BenchmarkTest00986.java,0,CWE-330,CWE-330,1,1,0,1,0,0,0,0,1,0,1496,0.002992,576,0.004608,21,0.000168,0.007768,7.555549144744873
BenchmarkTest00987.java,0,CWE-330,,,,0,0,1,0,0,0,1,0,,,,,,,,
BenchmarkTest00988.java,0,CWE-330,,,,0,0,1,0,0,0,1,0,,,,,,,,
BenchmarkTest00989.java,0,CWE-330,,,,0,0,1,0,0,0,1,0,,,,,,,,
BenchmarkTest00990.java,0,CWE-330,,,,0,0,1,0,0,0,1,0,,,,,,,,
BenchmarkTest00996.java,0,CWE-89,CWE-89,1,0,1,0,0,0,1,0,0,0,1091,0.002182,320,0.00256,22,0.000176,0.004918,6.506131410598755
BenchmarkTest00997.java,0,CWE-89,CWE-89,1,0,1,0,0,0,1,0,0,0,1129,0.002258,384,0.003072,22,0.000176,0.005506,6.480384349822998
BenchmarkTest00998.java,0,CWE-89,CWE-89,1,0,1,0,0,0,1,0,0,0,1095,0.00219,192,0.001536,22,0.000176,0.003902,4.351498603820801
BenchmarkTest00999.java,0,CWE-89,CWE-89,1,1,0,1,0,0,0,0,1,0,1107,0.002214,320,0.00256,21,0.000168,0.004942,5.507049083709717
BenchmarkTest01000.java,0,CWE-89,CWE-89,1,0,1,0,0,0,1,0,0,0,1125,0.00225,320,0.00256,22,0.000176,0.004986,5.799761056900024
BenchmarkTest01001.java,0,CWE-89,CWE-89,1,1,0,1,0,0,0,0,1,0,1065,0.00213,192,0.001536,21,0.000168,0.003834,4.846917390823364
BenchmarkTest01002.java,0,CWE-89,CWE-89,1,0,1,0,0,0,1,0,0,0,1073,0.002146,192,0.001536,22,0.000176,0.003858,4.396798133850098
BenchmarkTest01003.java,0,CWE-89,CWE-89,1,0,1,0,0,0,1,0,0,0,1109,0.002218,128,0.001024,22,0.000176,0.003418,5.487322568893433
BenchmarkTest01004.java,0,CWE-89,CWE-89,1,0,1,0,0,0,1,0,0,0,1138,0.002276,128,0.001024,22,0.000176,0.003476,3.6765146255493164
BenchmarkTest01005.java,0,CWE-89,CWE-89,1,0,1,0,0,0,1,0,0,0,1118,0.002236,256,0.002048,22,0.000176,0.0044599999999999996,8.634126663208008
BenchmarkTest01006.java,0,CWE-89,,,,0,0,0,1,0,0,0,1,,,,,,,,
BenchmarkTest01007.java,0,CWE-89,,,,0,0,0,1,0,0,0,1,,,,,,,,
BenchmarkTest01008.java,0,CWE-89,,,,0,0,0,1,0,0,0,1,,,,,,,,
BenchmarkTest01009.java,0,CWE-89,,,,0,0,0,1,0,0,0,1,,,,,,,,
BenchmarkTest01010.java,0,CWE-89,CWE-89,1,1,0,1,0,0,0,0,1,0,1128,0.002256,384,0.003072,21,0.000168,0.005496,7.109738349914551
BenchmarkTest01011.java,0,CWE-89,CWE-89,1,0,1,0,0,0,1,0,0,0,1064,0.002128,64,0.000512,22,0.000176,0.002816,4.3853418827056885
BenchmarkTest01012.java,0,CWE-89,CWE-89,1,1,0,1,0,0,0,0,1,0,1092,0.002184,384,0.003072,21,0.000168,0.005424,6.942161321640015
BenchmarkTest01013.java,0,CWE-643,CWE-643,1,1,0,1,0,0,0,0,1,0,1200,0.0024,192,0.001536,21,0.000168,0.004104,3.675248622894287
BenchmarkTest01014.java,0,CWE-643,CWE-643,1,1,0,1,0,0,0,0,1,0,1170,0.00234,448,0.003584,21,0.000168,0.006092,6.516537427902222
BenchmarkTest01015.java,0,CWE-327,CWE-327,1,0,1,0,0,0,1,0,0,0,1574,0.003148,64,0.000512,22,0.000176,0.003836,3.948076009750366
BenchmarkTest01016.java,0,CWE-327,CWE-327,1,0,1,0,0,0,1,0,0,0,1715,0.00343,64,0.000512,22,0.000176,0.004118,2.8535044193267822
BenchmarkTest01017.java,0,CWE-327,CWE-327,1,0,1,0,0,0,1,0,0,0,1836,0.003672,64,0.000512,22,0.000176,0.00436,2.5104825496673584
BenchmarkTest01018.java,0,CWE-327,CWE-327,1,0,1,0,0,0,1,0,0,0,1259,0.002518,64,0.000512,22,0.000176,0.0032059999999999996,2.723554849624634
BenchmarkTest01019.java,0,CWE-327,,,,0,0,1,0,0,0,1,0,,,,,,,,
BenchmarkTest01020.java,0,CWE-327,CWE-327,1,0,1,0,0,0,1,0,0,0,1261,0.002522,64,0.000512,22,0.000176,0.0032099999999999997,2.5636110305786133
BenchmarkTest01021.java,0,CWE-327,,,,0,0,1,0,0,0,1,0,,,,,,,,
BenchmarkTest01022.java,0,CWE-327,,,,0,0,1,0,0,0,1,0,,,,,,,,
BenchmarkTest01023.java,0,CWE-90,CWE-90,1,0,1,0,0,0,1,0,0,0,1195,0.00239,128,0.001024,22,0.000176,0.0035900000000000003,3.3812851905822754
BenchmarkTest01024.java,0,CWE-90,CWE-90,1,1,0,1,0,0,0,0,1,0,1206,0.002412,192,0.001536,21,0.000168,0.004116,3.984537124633789
BenchmarkTest01025.java,0,CWE-22,CWE-23,0,0,1,0,0,0,1,0,0,0,1209,0.002418,192,0.001536,22,0.000176,0.00413,3.905078649520874
BenchmarkTest01026.java,0,CWE-22,CWE-23,0,1,0,1,0,0,0,0,1,0,1406,0.002812,320,0.00256,21,0.000168,0.00554,6.048569917678833
BenchmarkTest01027.java,0,CWE-22,CWE-23,0,1,0,1,0,0,0,0,1,0,1203,0.002406,256,0.002048,21,0.000168,0.004621999999999999,4.317979574203491
BenchmarkTest01028.java,0,CWE-22,CWE-23,0,1,0,1,0,0,0,0,1,0,1382,0.002764,512,0.004096,21,0.000168,0.0070279999999999995,7.877711534500122
BenchmarkTest01029.java,0,CWE-22,CWE-23,0,0,1,0,0,0,1,0,0,0,1355,0.00271,384,0.003072,22,0.000176,0.005958000000000001,5.521031618118286
BenchmarkTest01030.java,0,CWE-22,CWE-23,0,1,0,1,0,0,0,0,1,0,1409,0.002818,256,0.002048,21,0.000168,0.005034,4.726968765258789
BenchmarkTest01031.java,0,CWE-22,CWE-23,0,1,0,1,0,0,0,0,1,0,1336,0.002672,512,0.004096,21,0.000168,0.0069359999999999995,7.835586786270142
BenchmarkTest01032.java,0,CWE-22,CWE-23,0,0,1,0,0,0,1,0,0,0,1254,0.002508,128,0.001024,22,0.000176,0.0037079999999999995,4.809952259063721
BenchmarkTest01033.java,0,CWE-22,CWE-23,0,0,1,0,0,0,1,0,0,0,1248,0.002496,256,0.002048,22,0.000176,0.004719999999999999,4.771967649459839
BenchmarkTest01034.java,0,CWE-22,CWE-23,0,0,1,0,0,0,1,0,0,0,1260,0.00252,192,0.001536,22,0.000176,0.0042320000000000005,5.518388271331787
BenchmarkTest01035.java,0,CWE-22,CWE-23,0,1,0,1,0,0,0,0,1,0,1250,0.0025,128,0.001024,21,0.000168,0.0036920000000000004,4.274130344390869
BenchmarkTest01036.java,0,CWE-22,CWE-23,0,1,0,1,0,0,0,0,1,0,1436,0.002872,256,0.002048,21,0.000168,0.005088,5.386685848236084
BenchmarkTest01037.java,0,CWE-328,,,,0,0,1,0,0,0,1,0,,,,,,,,
BenchmarkTest01038.java,0,CWE-328,CWE-916,0,0,1,0,0,0,1,0,0,0,1211,0.002422,64,0.000512,22,0.000176,0.00311,1.913578987121582
BenchmarkTest01039.java,0,CWE-328,,,,0,0,1,0,0,0,1,0,,,,,,,,
BenchmarkTest01040.java,0,CWE-328,,,,0,0,1,0,0,0,1,0,,,,,,,,
BenchmarkTest01041.java,0,CWE-328,,,,0,0,0,1,0,0,0,1,,,,,,,,
BenchmarkTest01042.java,0,CWE-328,,,,0,0,0,1,0,0,0,1,,,,,,,,
BenchmarkTest01043.java,0,CWE-328,,,,0,0,0,1,0,0,0,1,,,,,,,,
BenchmarkTest01044.java,0,CWE-328,,,,0,0,0,1,0,0,0,1,,,,,,,,
BenchmarkTest01045.java,0,CWE-328,,,,0,0,1,0,0,0,1,0,,,,,,,,
BenchmarkTest01046.java,0,CWE-79,CWE-79,1,0,1,0,0,0,1,0,0,0,1428,0.002856,192,0.001536,22,0.000176,0.004568,3.7961997985839844
BenchmarkTest01047.java,0,CWE-79,CWE-79,1,0,1,0,0,0,1,0,0,0,1395,0.00279,1664,0.013312,22,0.000176,0.016277999999999997,22.429844617843628
BenchmarkTest01048.java,0,CWE-79,CWE-79,1,1,0,1,0,0,0,0,1,0,1291,0.002582,832,0.006656,21,0.000168,0.009406,11.31149172782898
BenchmarkTest01049.java,0,CWE-79,CWE-79,1,0,1,0,0,0,1,0,0,0,1350,0.0027,192,0.001536,22,0.000176,0.004412,2.5908010005950928
BenchmarkTest01050.java,0,CWE-79,CWE-79,1,0,1,0,0,0,1,0,0,0,1288,0.002576,128,0.001024,22,0.000176,0.003776,2.344193458557129
BenchmarkTest01051.java,0,CWE-79,CWE-79,1,1,0,1,0,0,0,0,1,0,1319,0.002638,256,0.002048,21,0.000168,0.004854,3.967784881591797
BenchmarkTest01052.java,0,CWE-79,CWE-79,1,1,0,1,0,0,0,0,1,0,1345,0.00269,448,0.003584,21,0.000168,0.006442,14.142674922943115
BenchmarkTest01053.java,0,CWE-79,CWE-79,1,1,0,1,0,0,0,0,1,0,1296,0.002592,192,0.001536,21,0.000168,0.0042959999999999995,3.2236733436584473
BenchmarkTest01054.java,0,CWE-79,CWE-79,1,1,0,1,0,0,0,0,1,0,1273,0.002546,192,0.001536,21,0.000168,0.00425,5.347721099853516
BenchmarkTest01055.java,0,CWE-79,CWE-79,1,0,1,0,0,0,1,0,0,0,1328,0.002656,192,0.001536,22,0.000176,0.0043679999999999995,3.4616286754608154
BenchmarkTest01056.java,0,CWE-79,CWE-79,1,0,1,0,0,0,1,0,0,0,1325,0.00265,192,0.001536,22,0.000176,0.004362,3.648080348968506
BenchmarkTest01057.java,0,CWE-79,CWE-79,1,0,1,0,0,0,1,0,0,0,1294,0.002588,128,0.001024,22,0.000176,0.0037879999999999997,2.327484130859375
BenchmarkTest01058.java,0,CWE-330,CWE-330,1,0,1,0,0,0,1,0,0,0,1280,0.00256,320,0.00256,22,0.000176,0.005296,6.495661735534668
BenchmarkTest01059.java,0,CWE-330,CWE-330,1,0,1,0,0,0,1,0,0,0,1275,0.00255,128,0.001024,22,0.000176,0.00375,2.178197145462036
BenchmarkTest01060.java,0,CWE-330,CWE-330,1,0,1,0,0,0,1,0,0,0,1307,0.002614,128,0.001024,22,0.000176,0.0038139999999999997,2.5646684169769287
BenchmarkTest01061.java,0,CWE-614,CWE-614,1,0,1,0,0,0,1,0,0,0,1068,0.002136,64,0.000512,22,0.000176,0.0028239999999999997,2.2653682231903076
BenchmarkTest01062.java,0,CWE-614,,,,0,0,1,0,0,0,1,0,,,,,,,,
BenchmarkTest01063.java,0,CWE-79,CWE-79,1,0,1,0,0,0,1,0,0,0,1491,0.002982,768,0.006144,22,0.000176,0.009302000000000001,9.359583616256714
BenchmarkTest01064.java,0,CWE-78,CWE-78,1,0,1,0,0,0,1,0,0,0,1024,0.002048,256,0.002048,22,0.000176,0.004272,4.8950676918029785
BenchmarkTest01065.java,0,CWE-78,CWE-78,1,1,0,1,0,0,0,0,1,0,1072,0.002144,256,0.002048,21,0.000168,0.004359999999999999,3.913353204727173
BenchmarkTest01066.java,0,CWE-78,CWE-78,1,0,1,0,0,0,1,0,0,0,922,0.001844,512,0.004096,22,0.000176,0.006116,6.8327765464782715
BenchmarkTest01067.java,0,CWE-78,CWE-78,1,1,0,1,0,0,0,0,1,0,936,0.001872,512,0.004096,21,0.000168,0.006135999999999999,6.250490427017212
BenchmarkTest01068.java,0,CWE-78,CWE-78,1,1,0,1,0,0,0,0,1,0,991,0.001982,384,0.003072,21,0.000168,0.005221999999999999,5.627800941467285
BenchmarkTest01069.java,0,CWE-330,,,,0,0,1,0,0,0,1,0,,,,,,,,
BenchmarkTest01070.java,0,CWE-330,,,,0,0,1,0,0,0,1,0,,,,,,,,
BenchmarkTest01071.java,0,CWE-330,,,,0,0,1,0,0,0,1,0,,,,,,,,
BenchmarkTest01072.java,0,CWE-330,CWE-330,1,1,0,1,0,0,0,0,1,0,1362,0.002724,192,0.001536,21,0.000168,0.004428,3.8407928943634033
BenchmarkTest01073.java,0,CWE-330,,,,0,0,1,0,0,0,1,0,,,,,,,,
BenchmarkTest01074.java,0,CWE-330,,,,0,0,1,0,0,0,1,0,,,,,,,,
BenchmarkTest01075.java,0,CWE-330,,,,0,0,1,0,0,0,1,0,,,,,,,,
BenchmarkTest01076.java,0,CWE-330,,,,0,0,1,0,0,0,1,0,,,,,,,,
BenchmarkTest01077.java,0,CWE-330,,,,0,0,1,0,0,0,1,0,,,,,,,,
BenchmarkTest01078.java,0,CWE-330,,,,0,0,1,0,0,0,1,0,,,,,,,,
BenchmarkTest01079.java,0,CWE-330,,,,0,0,1,0,0,0,1,0,,,,,,,,
BenchmarkTest01083.java,0,CWE-89,CWE-89,1,0,1,0,0,0,1,0,0,0,910,0.00182,128,0.001024,22,0.000176,0.00302,2.8573923110961914
BenchmarkTest01084.java,0,CWE-89,CWE-89,1,0,1,0,0,0,1,0,0,0,938,0.001876,64,0.000512,22,0.000176,0.002564,2.3321738243103027
BenchmarkTest01085.java,0,CWE-89,,,,0,0,1,0,0,0,1,0,,,,,,,,
BenchmarkTest01086.java,0,CWE-89,,,,0,0,1,0,0,0,1,0,,,,,,,,
BenchmarkTest01087.java,0,CWE-89,,,,0,0,0,1,0,0,0,1,,,,,,,,
BenchmarkTest01088.java,0,CWE-89,,,,0,0,0,1,0,0,0,1,,,,,,,,
BenchmarkTest01089.java,0,CWE-89,,,,0,0,1,0,0,0,1,0,,,,,,,,
BenchmarkTest01090.java,0,CWE-89,CWE-89,1,0,1,0,0,0,1,0,0,0,964,0.001928,128,0.001024,22,0.000176,0.0031279999999999997,2.4649860858917236
BenchmarkTest01091.java,0,CWE-89,CWE-89,1,0,1,0,0,0,1,0,0,0,931,0.001862,192,0.001536,22,0.000176,0.003574,3.121302604675293
BenchmarkTest01092.java,0,CWE-89,CWE-89,1,1,0,1,0,0,0,0,1,0,908,0.001816,256,0.002048,21,0.000168,0.004032,3.524345874786377
BenchmarkTest01093.java,0,CWE-89,CWE-89,1,0,1,0,0,0,1,0,0,0,962,0.001924,64,0.000512,22,0.000176,0.0026119999999999997,2.128696918487549
BenchmarkTest01094.java,0,CWE-89,CWE-89,1,0,1,0,0,0,1,0,0,0,877,0.001754,128,0.001024,22,0.000176,0.002954,2.736971139907837
BenchmarkTest01095.java,0,CWE-89,CWE-89,1,1,0,1,0,0,0,0,1,0,912,0.001824,128,0.001024,21,0.000168,0.003016,3.5464587211608887
BenchmarkTest01096.java,0,CWE-89,CWE-89,1,1,0,1,0,0,0,0,1,0,957,0.001914,192,0.001536,21,0.000168,0.003618,3.5668604373931885
BenchmarkTest01097.java,0,CWE-89,CWE-89,1,0,1,0,0,0,1,0,0,0,910,0.00182,128,0.001024,22,0.000176,0.00302,2.4487454891204834
BenchmarkTest01098.java,0,CWE-89,CWE-89,1,1,0,1,0,0,0,0,1,0,948,0.001896,320,0.00256,21,0.000168,0.004624,4.296274900436401
BenchmarkTest01099.java,0,CWE-327,CWE-327,1,0,1,0,0,0,1,0,0,0,1694,0.003388,64,0.000512,22,0.000176,0.004076,1.9510607719421387
BenchmarkTest01100.java,0,CWE-327,,,,0,0,1,0,0,0,1,0,,,,,,,,
BenchmarkTest01101.java,0,CWE-327,,,,0,0,1,0,0,0,1,0,,,,,,,,
BenchmarkTest01102.java,0,CWE-327,CWE-327,1,0,1,0,0,0,1,0,0,0,1386,0.002772,64,0.000512,22,0.000176,0.00346,1.7887461185455322
BenchmarkTest01103.java,0,CWE-327,CWE-327,1,0,1,0,0,0,1,0,0,0,1395,0.00279,64,0.000512,22,0.000176,0.0034779999999999998,1.840447187423706
BenchmarkTest01104.java,0,CWE-327,,,,0,0,1,0,0,0,1,0,,,,,,,,
BenchmarkTest01105.java,0,CWE-327,CWE-327,1,0,1,0,0,0,1,0,0,0,1281,0.002562,256,0.002048,22,0.000176,0.0047859999999999995,3.8512582778930664
BenchmarkTest01106.java,0,CWE-327,CWE-327,1,0,1,0,0,0,1,0,0,0,1292,0.002584,128,0.001024,22,0.000176,0.003784,2.6808040142059326
BenchmarkTest01107.java,0,CWE-327,CWE-327,1,0,1,0,0,0,1,0,0,0,1321,0.002642,256,0.002048,22,0.000176,0.004866,3.665459156036377
BenchmarkTest01108.java,0,CWE-327,,,,0,0,1,0,0,0,1,0,,,,,,,,
BenchmarkTest01109.java,0,CWE-22,CWE-23,0,1,0,1,0,0,0,0,1,0,1462,0.002924,896,0.007168,21,0.000168,0.01026,13.809097290039062
BenchmarkTest01110.java,0,CWE-22,CWE-23,0,1,0,1,0,0,0,0,1,0,1449,0.002898,448,0.003584,21,0.000168,0.00665,15.15173888206482
BenchmarkTest01111.java,0,CWE-22,CWE-23,0,1,1,0,0,0,0,0,0,1,1354,0.002708,768,0.006144,21,0.000168,0.00902,9.357663869857788
BenchmarkTest01112.java,0,CWE-22,CWE-23,0,1,1,0,0,0,0,0,0,1,1418,0.002836,1088,0.008704,21,0.000168,0.011708,13.60549807548523
BenchmarkTest01113.java,0,CWE-22,CWE-23,0,1,0,1,0,0,0,0,1,0,1373,0.002746,192,0.001536,21,0.000168,0.00445,3.1092660427093506
BenchmarkTest01114.java,0,CWE-22,CWE-23,0,1,0,1,0,0,0,0,1,0,1510,0.00302,640,0.00512,21,0.000168,0.008308000000000001,6.907716751098633
BenchmarkTest01115.java,0,CWE-22,CWE-23,0,1,0,1,0,0,0,0,1,0,1505,0.00301,960,0.00768,21,0.000168,0.010858,13.738166332244873
BenchmarkTest01116.java,0,CWE-22,CWE-23,0,0,1,0,0,0,1,0,0,0,1294,0.002588,832,0.006656,22,0.000176,0.00942,17.762380123138428
BenchmarkTest01117.java,0,CWE-22,CWE-23,0,1,1,0,0,0,0,0,0,1,1276,0.002552,640,0.00512,21,0.000168,0.00784,8.127046823501587
BenchmarkTest01118.java,0,CWE-22,CWE-23,0,1,0,1,0,0,0,0,1,0,1488,0.002976,320,0.00256,21,0.000168,0.005704,5.006302118301392
BenchmarkTest01119.java,0,CWE-330,CWE-330,1,0,1,0,0,0,1,0,0,0,1386,0.002772,640,0.00512,22,0.000176,0.008068,13.51992130279541
BenchmarkTest01120.java,0,CWE-328,,,,0,0,1,0,0,0,1,0,,,,,,,,
BenchmarkTest01121.java,0,CWE-328,,,,0,0,1,0,0,0,1,0,,,,,,,,
BenchmarkTest01122.java,0,CWE-328,,,,0,0,1,0,0,0,1,0,,,,,,,,
BenchmarkTest01123.java,0,CWE-328,CWE-916,0,0,1,0,0,0,1,0,0,0,1332,0.002664,128,0.001024,22,0.000176,0.0038640000000000002,2.8326478004455566
BenchmarkTest01124.java,0,CWE-328,,,,0,0,0,1,0,0,0,1,,,,,,,,
BenchmarkTest01125.java,0,CWE-328,,,,0,0,1,0,0,0,1,0,,,,,,,,
BenchmarkTest01126.java,0,CWE-328,,,,0,0,1,0,0,0,1,0,,,,,,,,
BenchmarkTest01127.java,0,CWE-330,CWE-330,1,0,1,0,0,0,1,0,0,0,1327,0.002654,128,0.001024,22,0.000176,0.003854,2.902982473373413
BenchmarkTest01128.java,0,CWE-330,CWE-330,1,0,1,0,0,0,1,0,0,0,1337,0.002674,64,0.000512,22,0.000176,0.003362,2.409332275390625
BenchmarkTest01129.java,0,CWE-330,CWE-330,1,0,1,0,0,0,1,0,0,0,1302,0.002604,128,0.001024,22,0.000176,0.003804,2.5619540214538574
BenchmarkTest01130.java,0,CWE-330,CWE-330,1,0,1,0,0,0,1,0,0,0,1313,0.002626,128,0.001024,22,0.000176,0.0038259999999999995,7.937785625457764
BenchmarkTest01131.java,0,CWE-330,CWE-330,1,0,1,0,0,0,1,0,0,0,1298,0.002596,128,0.001024,22,0.000176,0.003796,2.8308820724487305
BenchmarkTest01132.java,0,CWE-330,CWE-330,1,0,1,0,0,0,1,0,0,0,1365,0.00273,64,0.000512,22,0.000176,0.0034179999999999996,2.2458229064941406
BenchmarkTest01133.java,0,CWE-330,CWE-330,1,0,1,0,0,0,1,0,0,0,1280,0.00256,384,0.003072,22,0.000176,0.005808,5.876523971557617
BenchmarkTest01134.java,0,CWE-614,CWE-614,1,0,1,0,0,0,1,0,0,0,1140,0.00228,128,0.001024,22,0.000176,0.0034799999999999996,3.1842668056488037
BenchmarkTest01135.java,0,CWE-330,,,,0,0,1,0,0,0,1,0,,,,,,,,
BenchmarkTest01136.java,0,CWE-330,,,,0,0,1,0,0,0,1,0,,,,,,,,
BenchmarkTest01137.java,0,CWE-330,,,,0,0,1,0,0,0,1,0,,,,,,,,
BenchmarkTest01138.java,0,CWE-330,,,,0,0,1,0,0,0,1,0,,,,,,,,
BenchmarkTest01139.java,0,CWE-330,,,,0,0,1,0,0,0,1,0,,,,,,,,
BenchmarkTest01140.java,0,CWE-330,,,,0,0,1,0,0,0,1,0,,,,,,,,
BenchmarkTest01141.java,0,CWE-330,,,,0,0,1,0,0,0,1,0,,,,,,,,
BenchmarkTest01147.java,0,CWE-327,,,,0,0,1,0,0,0,1,0,,,,,,,,
BenchmarkTest01148.java,0,CWE-327,CWE-327,1,0,1,0,0,0,1,0,0,0,1649,0.003298,64,0.000512,22,0.000176,0.003986,2.0242514610290527
BenchmarkTest01149.java,0,CWE-327,CWE-327,1,0,1,0,0,0,1,0,0,0,1706,0.003412,64,0.000512,22,0.000176,0.0041,2.7743685245513916
BenchmarkTest01150.java,0,CWE-327,CWE-327,1,0,1,0,0,0,1,0,0,0,1324,0.002648,128,0.001024,22,0.000176,0.003848,3.0656909942626953
BenchmarkTest01151.java,0,CWE-327,,,,0,0,1,0,0,0,1,0,,,,,,,,
BenchmarkTest01152.java,0,CWE-327,,,,0,0,1,0,0,0,1,0,,,,,,,,
BenchmarkTest01153.java,0,CWE-327,,,,0,0,1,0,0,0,1,0,,,,,,,,
BenchmarkTest01154.java,0,CWE-90,CWE-90,1,1,0,1,0,0,0,0,1,0,1263,0.002526,320,0.00256,21,0.000168,0.005254,5.679209470748901
BenchmarkTest01155.java,0,CWE-22,CWE-23,0,0,1,0,0,0,1,0,0,0,1252,0.002504,256,0.002048,22,0.000176,0.004728,3.971588373184204
BenchmarkTest01156.java,0,CWE-22,CWE-23,0,0,1,0,0,0,1,0,0,0,1412,0.002824,576,0.004608,22,0.000176,0.007608,7.144118785858154
BenchmarkTest01157.java,0,CWE-22,CWE-23,0,0,1,0,0,0,1,0,0,0,1416,0.002832,512,0.004096,22,0.000176,0.007104,11.351058959960938
BenchmarkTest01158.java,0,CWE-22,CWE-23,0,1,0,1,0,0,0,0,1,0,1351,0.002702,256,0.002048,21,0.000168,0.004918,5.275749921798706
BenchmarkTest01159.java,0,CWE-22,CWE-23,0,1,0,1,0,0,0,0,1,0,1518,0.003036,768,0.006144,21,0.000168,0.009348,9.08949065208435
BenchmarkTest01160.java,0,CWE-22,CWE-23,0,1,0,1,0,0,0,0,1,0,1268,0.002536,320,0.00256,21,0.000168,0.005264,5.121816873550415
BenchmarkTest01161.java,0,CWE-22,CWE-23,0,0,1,0,0,0,1,0,0,0,1292,0.002584,320,0.00256,22,0.000176,0.00532,4.039324998855591
BenchmarkTest01162.java,0,CWE-330,CWE-330,1,0,1,0,0,0,1,0,0,0,1347,0.002694,256,0.002048,22,0.000176,0.004918,3.9381234645843506
BenchmarkTest01163.java,0,CWE-330,CWE-330,1,0,1,0,0,0,1,0,0,0,1287,0.002574,128,0.001024,22,0.000176,0.0037739999999999996,3.493948221206665
BenchmarkTest01164.java,0,CWE-328,,,,0,0,1,0,0,0,1,0,,,,,,,,
BenchmarkTest01165.java,0,CWE-328,CWE-916,0,0,1,0,0,0,1,0,0,0,1481,0.002962,128,0.001024,22,0.000176,0.004162,4.927546501159668
BenchmarkTest01166.java,0,CWE-328,CWE-916,0,0,1,0,0,0,1,0,0,0,1309,0.002618,128,0.001024,22,0.000176,0.003818,2.007021427154541
BenchmarkTest01167.java,0,CWE-328,CWE-916,0,0,1,0,0,0,1,0,0,0,1263,0.002526,128,0.001024,22,0.000176,0.003726,2.6510818004608154
BenchmarkTest01168.java,0,CWE-328,,,,0,0,0,1,0,0,0,1,,,,,,,,
BenchmarkTest01169.java,0,CWE-328,,,,0,0,1,0,0,0,1,0,,,,,,,,
BenchmarkTest01170.java,0,CWE-328,,,,0,0,1,0,0,0,1,0,,,,,,,,
BenchmarkTest01171.java,0,CWE-79,CWE-79,1,0,1,0,0,0,1,0,0,0,1357,0.002714,384,0.003072,22,0.000176,0.005961999999999999,5.6773903369903564
BenchmarkTest01172.java,0,CWE-79,CWE-79,1,0,1,0,0,0,1,0,0,0,1384,0.002768,192,0.001536,23,0.000184,0.004488000000000001,4.737518787384033
BenchmarkTest01173.java,0,CWE-79,CWE-79,1,0,1,0,0,0,1,0,0,0,1340,0.00268,128,0.001024,22,0.000176,0.0038799999999999998,3.3392226696014404
BenchmarkTest01174.java,0,CWE-79,CWE-79,1,0,1,0,0,0,1,0,0,0,1309,0.002618,128,0.001024,22,0.000176,0.003818,3.111876964569092
BenchmarkTest01175.java,0,CWE-79,CWE-79,1,1,0,1,0,0,0,0,1,0,1319,0.002638,384,0.003072,21,0.000168,0.0058779999999999995,6.34386944770813
BenchmarkTest01176.java,0,CWE-79,CWE-79,1,1,0,1,0,0,0,0,1,0,1389,0.002778,320,0.00256,21,0.000168,0.0055060000000000005,5.261012554168701
BenchmarkTest01177.java,0,CWE-79,CWE-79,1,0,1,0,0,0,1,0,0,0,1396,0.002792,320,0.00256,22,0.000176,0.005528000000000001,5.228196620941162
BenchmarkTest01178.java,0,CWE-79,CWE-79,1,0,1,0,0,0,1,0,0,0,1303,0.002606,192,0.001536,22,0.000176,0.004318,3.4126052856445312
BenchmarkTest01179.java,0,CWE-79,CWE-79,1,0,1,0,0,0,1,0,0,0,1291,0.002582,64,0.000512,22,0.000176,0.00327,2.4626893997192383
BenchmarkTest01180.java,0,CWE-79,CWE-79,1,1,0,1,0,0,0,0,1,0,1362,0.002724,320,0.00256,21,0.000168,0.005452,5.446018218994141
BenchmarkTest01181.java,0,CWE-79,CWE-79,1,0,1,0,0,0,1,0,0,0,1325,0.00265,192,0.001536,22,0.000176,0.004362,3.2870891094207764
BenchmarkTest01182.java,0,CWE-78,CWE-78,1,1,0,1,0,0,0,0,1,0,1049,0.002098,384,0.003072,21,0.000168,0.005338,4.521649360656738
BenchmarkTest01183.java,0,CWE-330,CWE-330,1,0,1,0,0,0,1,0,0,0,1347,0.002694,64,0.000512,22,0.000176,0.003382,2.0281641483306885
BenchmarkTest01184.java,0,CWE-330,CWE-330,1,0,1,0,0,0,1,0,0,0,1259,0.002518,256,0.002048,22,0.000176,0.004742,4.3672099113464355
BenchmarkTest01185.java,0,CWE-614,CWE-614,1,0,1,0,0,0,1,0,0,0,1078,0.002156,64,0.000512,22,0.000176,0.0028439999999999997,2.075277328491211
BenchmarkTest01186.java,0,CWE-614,CWE-614,1,0,1,0,0,0,1,0,0,0,1023,0.002046,128,0.001024,22,0.000176,0.0032459999999999998,3.1746315956115723
BenchmarkTest01187.java,0,CWE-614,CWE-614,1,0,1,0,0,0,1,0,0,0,1024,0.002048,128,0.001024,22,0.000176,0.003248,2.707941770553589
BenchmarkTest01188.java,0,CWE-79,CWE-79,1,1,0,1,0,0,0,0,1,0,1295,0.00259,256,0.002048,21,0.000168,0.0048059999999999995,4.299013376235962
BenchmarkTest01189.java,0,CWE-78,CWE-78,1,1,0,1,0,0,0,0,1,0,1084,0.002168,256,0.002048,21,0.000168,0.004383999999999999,6.556420564651489
BenchmarkTest01190.java,0,CWE-78,CWE-78,1,0,1,0,0,0,1,0,0,0,923,0.001846,384,0.003072,22,0.000176,0.0050940000000000004,4.162635326385498
BenchmarkTest01191.java,0,CWE-78,CWE-78,1,0,1,0,0,0,1,0,0,0,920,0.00184,1216,0.009728,22,0.000176,0.011744000000000001,13.874805927276611
BenchmarkTest01192.java,0,CWE-78,CWE-78,1,0,1,0,0,0,1,0,0,0,925,0.00185,576,0.004608,22,0.000176,0.006634,12.253581762313843
BenchmarkTest01193.java,0,CWE-78,CWE-78,1,1,0,1,0,0,0,0,1,0,1097,0.002194,448,0.003584,21,0.000168,0.005946,5.926162481307983
BenchmarkTest01194.java,0,CWE-78,CWE-78,1,0,1,0,0,0,1,0,0,0,1052,0.002104,320,0.00256,22,0.000176,0.00484,4.89723539352417
BenchmarkTest01195.java,0,CWE-330,,,,0,0,1,0,0,0,1,0,,,,,,,,
BenchmarkTest01196.java,0,CWE-330,CWE-330,1,1,0,1,0,0,0,0,1,0,1339,0.002678,448,0.003584,21,0.000168,0.00643,5.981584787368774
BenchmarkTest01197.java,0,CWE-330,,,,0,0,1,0,0,0,1,0,,,,,,,,
BenchmarkTest01198.java,0,CWE-330,,,,0,0,1,0,0,0,1,0,,,,,,,,
BenchmarkTest01199.java,0,CWE-330,,,,0,0,1,0,0,0,1,0,,,,,,,,
BenchmarkTest01200.java,0,CWE-330,,,,0,0,1,0,0,0,1,0,,,,,,,,
BenchmarkTest01201.java,0,CWE-330,,,,0,0,1,0,0,0,1,0,,,,,,,,
BenchmarkTest01202.java,0,CWE-330,,,,0,0,1,0,0,0,1,0,,,,,,,,
BenchmarkTest01208.java,0,CWE-89,CWE-89,1,0,1,0,0,0,1,0,0,0,954,0.001908,256,0.002048,22,0.000176,0.004131999999999999,6.2601752281188965
BenchmarkTest01209.java,0,CWE-89,CWE-89,1,0,1,0,0,0,1,0,0,0,973,0.001946,320,0.00256,22,0.000176,0.004682,4.77534294128418
BenchmarkTest01210.java,0,CWE-89,CWE-89,1,0,1,0,0,0,1,0,0,0,1007,0.002014,128,0.001024,22,0.000176,0.003214,3.6668128967285156
BenchmarkTest01211.java,0,CWE-89,CWE-89,1,0,1,0,0,0,1,0,0,0,936,0.001872,128,0.001024,22,0.000176,0.003072,4.249022722244263
BenchmarkTest01212.java,0,CWE-89,CWE-89,1,1,0,1,0,0,0,0,1,0,982,0.001964,384,0.003072,21,0.000168,0.005204,5.278832674026489
BenchmarkTest01213.java,0,CWE-89,CWE-89,1,1,0,1,0,0,0,0,1,0,947,0.001894,256,0.002048,21,0.000168,0.00411,3.688917636871338
BenchmarkTest01214.java,0,CWE-89,CWE-89,1,0,1,0,0,0,1,0,0,0,984,0.001968,192,0.001536,22,0.000176,0.00368,3.593723773956299
BenchmarkTest01215.java,0,CWE-89,,,,0,0,1,0,0,0,1,0,,,,,,,,
BenchmarkTest01216.java,0,CWE-89,CWE-89,1,1,0,1,0,0,0,0,1,0,958,0.001916,448,0.003584,21,0.000168,0.005667999999999999,7.507837295532227
BenchmarkTest01217.java,0,CWE-89,CWE-89,1,1,0,1,0,0,0,0,1,0,1125,0.00225,512,0.004096,21,0.000168,0.006513999999999999,5.229459524154663
BenchmarkTest01218.java,0,CWE-89,CWE-89,1,1,0,1,0,0,0,0,1,0,927,0.001854,192,0.001536,21,0.000168,0.003558,3.499152898788452
BenchmarkTest01219.java,0,CWE-89,CWE-89,1,1,0,1,0,0,0,0,1,0,988,0.001976,320,0.00256,21,0.000168,0.004704,4.4944586753845215
BenchmarkTest01220.java,0,CWE-89,CWE-89,1,1,0,1,0,0,0,0,1,0,915,0.00183,128,0.001024,21,0.000168,0.003022,3.3675718307495117
BenchmarkTest01221.java,0,CWE-89,CWE-89,1,0,1,0,0,0,1,0,0,0,938,0.001876,128,0.001024,22,0.000176,0.0030759999999999997,3.3638710975646973
BenchmarkTest01222.java,0,CWE-89,CWE-89,1,0,1,0,0,0,1,0,0,0,978,0.001956,192,0.001536,22,0.000176,0.003668,3.821113348007202
BenchmarkTest01223.java,0,CWE-643,CWE-643,1,0,1,0,0,0,1,0,0,0,1131,0.002262,192,0.001536,22,0.000176,0.003974,3.6098711490631104
BenchmarkTest01224.java,0,CWE-643,CWE-643,1,0,1,0,0,0,1,0,0,0,1013,0.002026,128,0.001024,22,0.000176,0.0032259999999999997,4.219887018203735
BenchmarkTest01225.java,0,CWE-643,CWE-643,1,1,0,1,0,0,0,0,1,0,981,0.001962,128,0.001024,21,0.000168,0.003154,3.1103355884552
BenchmarkTest01226.java,0,CWE-327,,,,0,0,1,0,0,0,1,0,,,,,,,,
BenchmarkTest01227.java,0,CWE-327,,,,0,0,1,0,0,0,1,0,,,,,,,,
BenchmarkTest01228.java,0,CWE-327,CWE-327,1,0,1,0,0,0,1,0,0,0,1221,0.002442,64,0.000512,22,0.000176,0.00313,5.094780445098877
BenchmarkTest01229.java,0,CWE-327,CWE-327,1,0,1,0,0,0,1,0,0,0,1253,0.002506,0,0.0,22,0.000176,0.002682,2.9749810695648193
BenchmarkTest01230.java,0,CWE-327,CWE-327,1,0,1,0,0,0,1,0,0,0,1227,0.002454,256,0.002048,22,0.000176,0.004678,6.0046727657318115
BenchmarkTest01231.java,0,CWE-22,CWE-23,0,0,1,0,0,0,1,0,0,0,1249,0.002498,192,0.001536,22,0.000176,0.004209999999999999,4.675732612609863
BenchmarkTest01232.java,0,CWE-22,CWE-23,0,0,1,0,0,0,1,0,0,0,1190,0.00238,256,0.002048,22,0.000176,0.004604,4.520535707473755
BenchmarkTest01233.java,0,CWE-22,CWE-23,0,1,0,1,0,0,0,0,1,0,1249,0.002498,192,0.001536,21,0.000168,0.004201999999999999,3.6134467124938965
BenchmarkTest01234.java,0,CWE-22,CWE-23,0,0,1,0,0,0,1,0,0,0,1184,0.002368,256,0.002048,22,0.000176,0.004592,4.446611642837524
BenchmarkTest01235.java,0,CWE-22,CWE-23,0,0,1,0,0,0,1,0,0,0,1372,0.002744,576,0.004608,22,0.000176,0.007528,13.887947797775269
BenchmarkTest01236.java,0,CWE-22,CWE-23,0,0,1,0,0,0,1,0,0,0,1313,0.002626,320,0.00256,22,0.000176,0.005362,4.378397703170776
BenchmarkTest01237.java,0,CWE-22,CWE-23,0,1,0,1,0,0,0,0,1,0,1322,0.002644,256,0.002048,21,0.000168,0.00486,4.321911334991455
BenchmarkTest01238.java,0,CWE-22,CWE-23,0,0,1,0,0,0,1,0,0,0,1259,0.002518,128,0.001024,22,0.000176,0.003718,3.452169895172119
BenchmarkTest01239.java,0,CWE-22,CWE-23,0,1,0,1,0,0,0,0,1,0,1222,0.002444,384,0.003072,21,0.000168,0.005684,9.133503675460815
BenchmarkTest01240.java,0,CWE-22,CWE-23,0,1,0,1,0,0,0,0,1,0,1262,0.002524,512,0.004096,21,0.000168,0.006788,10.742555379867554
BenchmarkTest01241.java,0,CWE-90,CWE-90,1,0,1,0,0,0,1,0,0,0,1213,0.002426,128,0.001024,22,0.000176,0.003626,3.0358119010925293
BenchmarkTest01242.java,0,CWE-90,CWE-90,1,0,1,0,0,0,1,0,0,0,1189,0.002378,192,0.001536,22,0.000176,0.00409,3.4488651752471924
BenchmarkTest01243.java,0,CWE-90,CWE-90,1,0,1,0,0,0,1,0,0,0,1169,0.002338,128,0.001024,22,0.000176,0.0035379999999999995,2.893582344055176
BenchmarkTest01244.java,0,CWE-328,CWE-916,0,0,1,0,0,0,1,0,0,0,1267,0.002534,128,0.001024,22,0.000176,0.0037339999999999995,3.986480951309204
BenchmarkTest01245.java,0,CWE-328,,,,0,0,1,0,0,0,1,0,,,,,,,,
BenchmarkTest01246.java,0,CWE-328,CWE-916,0,0,1,0,0,0,1,0,0,0,1302,0.002604,192,0.001536,22,0.000176,0.0043159999999999995,3.301543951034546
BenchmarkTest01247.java,0,CWE-328,CWE-916,0,0,1,0,0,0,1,0,0,0,1181,0.002362,0,0.0,22,0.000176,0.002538,2.2348005771636963
BenchmarkTest01248.java,0,CWE-328,,,,0,0,0,1,0,0,0,1,,,,,,,,
BenchmarkTest01249.java,0,CWE-328,,,,0,0,1,0,0,0,1,0,,,,,,,,
BenchmarkTest01250.java,0,CWE-328,,,,0,0,1,0,0,0,1,0,,,,,,,,
BenchmarkTest01251.java,0,CWE-79,CWE-79,1,1,0,1,0,0,0,0,1,0,1320,0.00264,320,0.00256,21,0.000168,0.0053679999999999995,4.885856628417969
BenchmarkTest01252.java,0,CWE-79,CWE-79,1,1,0,1,0,0,0,0,1,0,1348,0.002696,320,0.00256,21,0.000168,0.005424,6.996255159378052
BenchmarkTest01253.java,0,CWE-79,CWE-79,1,0,1,0,0,0,1,0,0,0,1338,0.002676,320,0.00256,22,0.000176,0.005412,7.173868179321289
BenchmarkTest01254.java,0,CWE-79,CWE-79,1,0,1,0,0,0,1,0,0,0,1463,0.002926,704,0.005632,22,0.000176,0.008734,16.751582145690918
BenchmarkTest01255.java,0,CWE-79,CWE-79,1,1,0,1,0,0,0,0,1,0,1257,0.002514,320,0.00256,21,0.000168,0.005242,6.9742138385772705
BenchmarkTest01256.java,0,CWE-79,CWE-79,1,1,0,1,0,0,0,0,1,0,1328,0.002656,320,0.00256,21,0.000168,0.005384,5.804096698760986
BenchmarkTest01257.java,0,CWE-79,CWE-79,1,0,1,0,0,0,1,0,0,0,1266,0.002532,128,0.001024,22,0.000176,0.003732,3.8054137229919434
BenchmarkTest01258.java,0,CWE-79,CWE-79,1,0,1,0,0,0,1,0,0,0,1312,0.002624,320,0.00256,22,0.000176,0.00536,187.30755829811096
BenchmarkTest01259.java,0,CWE-79,CWE-79,1,0,1,0,0,0,1,0,0,0,1348,0.002696,256,0.002048,22,0.000176,0.00492,6.503833770751953
BenchmarkTest01260.java,0,CWE-79,CWE-79,1,0,1,0,0,0,1,0,0,0,1280,0.00256,384,0.003072,22,0.000176,0.005808,7.266031980514526
BenchmarkTest01261.java,0,CWE-79,CWE-79,1,0,1,0,0,0,1,0,0,0,1463,0.002926,512,0.004096,22,0.000176,0.007198,14.246898889541626
BenchmarkTest01262.java,0,CWE-79,CWE-79,1,0,1,0,0,0,1,0,0,0,1277,0.002554,128,0.001024,22,0.000176,0.0037539999999999995,6.532537221908569
BenchmarkTest01263.java,0,CWE-79,CWE-79,1,0,1,0,0,0,1,0,0,0,1335,0.00267,192,0.001536,22,0.000176,0.004382,4.780923366546631
BenchmarkTest01264.java,0,CWE-79,CWE-79,1,1,0,1,0,0,0,0,1,0,1252,0.002504,192,0.001536,21,0.000168,0.004208,5.717005014419556
BenchmarkTest01265.java,0,CWE-79,CWE-79,1,1,0,1,0,0,0,0,1,0,1306,0.002612,320,0.00256,21,0.000168,0.00534,187.12456798553467
BenchmarkTest01266.java,0,CWE-79,CWE-79,1,0,1,0,0,0,1,0,0,0,1285,0.00257,192,0.001536,22,0.000176,0.004282,5.6857500076293945
BenchmarkTest01267.java,0,CWE-79,CWE-79,1,0,1,0,0,0,1,0,0,0,1325,0.00265,128,0.001024,22,0.000176,0.00385,5.550128698348999
BenchmarkTest01268.java,0,CWE-79,CWE-79,1,0,1,0,0,0,1,0,0,0,1488,0.002976,512,0.004096,22,0.000176,0.007248,8.695207357406616
BenchmarkTest01269.java,0,CWE-78,CWE-78,1,1,0,1,0,0,0,0,1,0,979,0.001958,192,0.001536,21,0.000168,0.0036620000000000003,5.087244749069214
BenchmarkTest01270.java,0,CWE-78,CWE-78,1,0,1,0,0,0,1,0,0,0,972,0.001944,320,0.00256,22,0.000176,0.00468,6.156554937362671
BenchmarkTest01271.java,0,CWE-330,CWE-330,1,0,1,0,0,0,1,0,0,0,1449,0.002898,128,0.001024,22,0.000176,0.004098,5.601907730102539
BenchmarkTest01272.java,0,CWE-330,CWE-330,1,0,1,0,0,0,1,0,0,0,1208,0.002416,576,0.004608,22,0.000176,0.007200000000000001,8.27867078781128
BenchmarkTest01273.java,0,CWE-330,CWE-330,1,0,1,0,0,0,1,0,0,0,1231,0.002462,128,0.001024,22,0.000176,0.0036620000000000003,3.1233646869659424
BenchmarkTest01274.java,0,CWE-330,CWE-330,1,0,1,0,0,0,1,0,0,0,1196,0.002392,64,0.000512,22,0.000176,0.00308,3.0936520099639893
BenchmarkTest01275.java,0,CWE-330,CWE-330,1,0,1,0,0,0,1,0,0,0,1219,0.002438,0,0.0,22,0.000176,0.002614,1.892289638519287
BenchmarkTest01276.java,0,CWE-330,CWE-330,1,0,1,0,0,0,1,0,0,0,1411,0.002822,384,0.003072,22,0.000176,0.00607,7.299717664718628
BenchmarkTest01277.java,0,CWE-330,CWE-330,1,0,1,0,0,0,1,0,0,0,1221,0.002442,128,0.001024,22,0.000176,0.0036420000000000003,4.430211305618286
BenchmarkTest01278.java,0,CWE-330,CWE-330,1,0,1,0,0,0,1,0,0,0,1222,0.002444,128,0.001024,22,0.000176,0.0036439999999999997,3.2087583541870117
BenchmarkTest01279.java,0,CWE-330,CWE-330,1,0,1,0,0,0,1,0,0,0,1229,0.002458,192,0.001536,22,0.000176,0.00417,5.748306035995483
BenchmarkTest01280.java,0,CWE-614,CWE-614,1,0,1,0,0,0,1,0,0,0,1021,0.002042,128,0.001024,22,0.000176,0.003242,3.455758571624756
BenchmarkTest01281.java,0,CWE-614,CWE-614,1,0,1,0,0,0,1,0,0,0,992,0.001984,128,0.001024,22,0.000176,0.003184,2.917072296142578
BenchmarkTest01282.java,0,CWE-614,CWE-614,1,0,1,0,0,0,1,0,0,0,1013,0.002026,0,0.0,22,0.000176,0.002202,2.323469877243042
BenchmarkTest01283.java,0,CWE-614,CWE-614,1,0,1,0,0,0,1,0,0,0,1011,0.002022,128,0.001024,22,0.000176,0.003222,2.8740947246551514
BenchmarkTest01284.java,0,CWE-79,CWE-79,1,0,1,0,0,0,1,0,0,0,1312,0.002624,128,0.001024,22,0.000176,0.003824,3.0865061283111572
BenchmarkTest01285.java,0,CWE-78,CWE-78,1,0,1,0,0,0,1,0,0,0,975,0.00195,512,0.004096,22,0.000176,0.006221999999999999,12.299562215805054
BenchmarkTest01286.java,0,CWE-78,CWE-78,1,0,1,0,0,0,1,0,0,0,1080,0.00216,384,0.003072,22,0.000176,0.0054080000000000005,5.788644075393677
BenchmarkTest01287.java,0,CWE-78,CWE-78,1,0,1,0,0,0,1,0,0,0,897,0.001794,320,0.00256,22,0.000176,0.00453,6.166996479034424
BenchmarkTest01288.java,0,CWE-78,CWE-78,1,0,1,0,0,0,1,0,0,0,948,0.001896,512,0.004096,22,0.000176,0.006168,8.529675006866455
BenchmarkTest01289.java,0,CWE-78,CWE-78,1,1,0,1,0,0,0,0,1,0,990,0.00198,320,0.00256,21,0.000168,0.004708,5.6276140213012695
BenchmarkTest01290.java,0,CWE-78,CWE-78,1,1,0,1,0,0,0,0,1,0,878,0.001756,320,0.00256,21,0.000168,0.004484,5.518152952194214
BenchmarkTest01291.java,0,CWE-330,,,,0,0,1,0,0,0,1,0,,,,,,,,
BenchmarkTest01292.java,0,CWE-330,,,,0,0,1,0,0,0,1,0,,,,,,,,
BenchmarkTest01293.java,0,CWE-330,,,,0,0,1,0,0,0,1,0,,,,,,,,
BenchmarkTest01294.java,0,CWE-330,,,,0,0,1,0,0,0,1,0,,,,,,,,
BenchmarkTest01295.java,0,CWE-330,,,,0,0,1,0,0,0,1,0,,,,,,,,
BenchmarkTest01296.java,0,CWE-330,,,,0,0,1,0,0,0,1,0,,,,,,,,
BenchmarkTest01297.java,0,CWE-330,,,,0,0,1,0,0,0,1,0,,,,,,,,
BenchmarkTest01298.java,0,CWE-330,,,,0,0,1,0,0,0,1,0,,,,,,,,
BenchmarkTest01301.java,0,CWE-89,CWE-89,1,1,0,1,0,0,0,0,1,0,1111,0.002222,512,0.004096,21,0.000168,0.006486,7.739327430725098
BenchmarkTest01302.java,0,CWE-89,CWE-89,1,0,1,0,0,0,1,0,0,0,938,0.001876,128,0.001024,22,0.000176,0.0030759999999999997,3.065638780593872
BenchmarkTest01303.java,0,CWE-89,CWE-89,1,1,0,1,0,0,0,0,1,0,940,0.00188,320,0.00256,21,0.000168,0.004608,4.9673171043396
BenchmarkTest01304.java,0,CWE-89,CWE-89,1,0,1,0,0,0,1,0,0,0,962,0.001924,128,0.001024,22,0.000176,0.003124,2.7165963649749756
BenchmarkTest01305.java,0,CWE-89,CWE-89,1,1,0,1,0,0,0,0,1,0,910,0.00182,192,0.001536,21,0.000168,0.0035240000000000002,3.6953930854797363
BenchmarkTest01306.java,0,CWE-89,CWE-89,1,0,1,0,0,0,1,0,0,0,920,0.00184,128,0.001024,22,0.000176,0.00304,2.9079620838165283
BenchmarkTest01307.java,0,CWE-89,CWE-89,1,1,0,1,0,0,0,0,1,0,910,0.00182,256,0.002048,21,0.000168,0.004036,3.6086511611938477
BenchmarkTest01308.java,0,CWE-89,,,,0,0,0,1,0,0,0,1,,,,,,,,
BenchmarkTest01309.java,0,CWE-89,,,,0,0,1,0,0,0,1,0,,,,,,,,
BenchmarkTest01310.java,0,CWE-89,CWE-89,1,1,0,1,0,0,0,0,1,0,910,0.00182,320,0.00256,21,0.000168,0.004548,7.8010735511779785
BenchmarkTest01311.java,0,CWE-89,CWE-89,1,0,1,0,0,0,1,0,0,0,876,0.001752,128,0.001024,22,0.000176,0.0029519999999999998,2.3538599014282227
BenchmarkTest01312.java,0,CWE-89,CWE-89,1,0,1,0,0,0,1,0,0,0,966,0.001932,256,0.002048,22,0.000176,0.004156,3.125473737716675
BenchmarkTest01313.java,0,CWE-89,CWE-89,1,0,1,0,0,0,1,0,0,0,910,0.00182,192,0.001536,22,0.000176,0.003532,3.3085124492645264
BenchmarkTest01314.java,0,CWE-89,CWE-89,1,0,1,0,0,0,1,0,0,0,880,0.00176,64,0.000512,22,0.000176,0.002448,1.9376094341278076
BenchmarkTest01315.java,0,CWE-89,CWE-89,1,1,0,1,0,0,0,0,1,0,887,0.001774,192,0.001536,21,0.000168,0.003478,2.934086561203003
BenchmarkTest01316.java,0,CWE-643,CWE-643,1,0,1,0,0,0,1,0,0,0,946,0.001892,256,0.002048,22,0.000176,0.004116,3.640615940093994
BenchmarkTest01317.java,0,CWE-327,CWE-327,1,0,1,0,0,0,1,0,0,0,1613,0.003226,64,0.000512,22,0.000176,0.003914,1.972461462020874
BenchmarkTest01318.java,0,CWE-327,CWE-327,1,0,1,0,0,0,1,0,0,0,1784,0.003568,64,0.000512,22,0.000176,0.004256,1.4950554370880127
BenchmarkTest01319.java,0,CWE-327,,,,0,0,1,0,0,0,1,0,,,,,,,,
BenchmarkTest01320.java,0,CWE-327,CWE-327,1,0,1,0,0,0,1,0,0,0,1655,0.00331,64,0.000512,22,0.000176,0.003998,2.7461791038513184
BenchmarkTest01321.java,0,CWE-327,,,,0,0,1,0,0,0,1,0,,,,,,,,
BenchmarkTest01322.java,0,CWE-327,CWE-327,1,0,1,0,0,0,1,0,0,0,1254,0.002508,64,0.000512,22,0.000176,0.0031959999999999996,1.9978368282318115
BenchmarkTest01323.java,0,CWE-327,CWE-327,1,0,1,0,0,0,1,0,0,0,1344,0.002688,64,0.000512,22,0.000176,0.0033759999999999997,1.551591157913208
BenchmarkTest01324.java,0,CWE-327,,,,0,0,1,0,0,0,1,0,,,,,,,,
BenchmarkTest01325.java,0,CWE-327,CWE-327,1,0,1,0,0,0,1,0,0,0,1364,0.002728,64,0.000512,22,0.000176,0.0034159999999999998,1.7153759002685547
BenchmarkTest01326.java,0,CWE-90,CWE-90,1,0,1,0,0,0,1,0,0,0,1219,0.002438,256,0.002048,22,0.000176,0.004662,3.943058967590332
BenchmarkTest01327.java,0,CWE-90,CWE-90,1,1,0,1,0,0,0,0,1,0,1274,0.002548,256,0.002048,21,0.000168,0.004763999999999999,4.845382213592529
BenchmarkTest01328.java,0,CWE-22,CWE-23,0,1,0,1,0,0,0,0,1,0,1554,0.003108,512,0.004096,21,0.000168,0.007372,7.209083318710327
BenchmarkTest01329.java,0,CWE-22,CWE-23,0,0,1,0,0,0,1,0,0,0,1395,0.00279,512,0.004096,22,0.000176,0.007062,6.423709392547607
BenchmarkTest01330.java,0,CWE-22,CWE-23,0,0,1,0,0,0,1,0,0,0,1260,0.00252,320,0.00256,22,0.000176,0.005256,4.991864442825317
BenchmarkTest01331.java,0,CWE-22,CWE-23,0,1,0,1,0,0,0,0,1,0,1290,0.00258,320,0.00256,21,0.000168,0.005308,4.78739857673645
BenchmarkTest01332.java,0,CWE-328,,,,0,0,1,0,0,0,1,0,,,,,,,,
BenchmarkTest01333.java,0,CWE-328,CWE-916,0,0,1,0,0,0,1,0,0,0,1191,0.002382,64,0.000512,22,0.000176,0.00307,2.134164571762085
BenchmarkTest01334.java,0,CWE-328,CWE-916,0,0,1,0,0,0,1,0,0,0,1241,0.002482,64,0.000512,22,0.000176,0.0031699999999999996,14.182596683502197
BenchmarkTest01335.java,0,CWE-79,CWE-79,1,0,1,0,0,0,1,0,0,0,1427,0.002854,128,0.001024,22,0.000176,0.004054,3.3698244094848633
BenchmarkTest01336.java,0,CWE-79,CWE-79,1,1,0,1,0,0,0,0,1,0,1322,0.002644,384,0.003072,21,0.000168,0.005884,5.967120170593262
BenchmarkTest01337.java,0,CWE-79,CWE-79,1,0,1,0,0,0,1,0,0,0,1309,0.002618,320,0.00256,22,0.000176,0.005354,4.726708650588989
BenchmarkTest01338.java,0,CWE-79,CWE-79,1,1,0,1,0,0,0,0,1,0,1348,0.002696,384,0.003072,21,0.000168,0.005936,5.902251720428467
BenchmarkTest01339.java,0,CWE-79,CWE-79,1,1,0,1,0,0,0,0,1,0,1284,0.002568,256,0.002048,21,0.000168,0.004784,3.170098066329956
BenchmarkTest01340.java,0,CWE-79,CWE-79,1,1,0,1,0,0,0,0,1,0,1373,0.002746,128,0.001024,21,0.000168,0.003938,4.737063646316528
BenchmarkTest01341.java,0,CWE-79,CWE-79,1,1,0,1,0,0,0,0,1,0,1549,0.003098,320,0.00256,21,0.000168,0.005826,6.22770881652832
BenchmarkTest01342.java,0,CWE-79,CWE-79,1,1,0,1,0,0,0,0,1,0,1308,0.002616,256,0.002048,21,0.000168,0.0048319999999999995,5.977562665939331
BenchmarkTest01343.java,0,CWE-79,CWE-79,1,1,0,1,0,0,0,0,1,0,1358,0.002716,448,0.003584,21,0.000168,0.006468,7.139491558074951
BenchmarkTest01344.java,0,CWE-79,CWE-79,1,1,0,1,0,0,0,0,1,0,1381,0.002762,320,0.00256,21,0.000168,0.00549,5.112163543701172
BenchmarkTest01345.java,0,CWE-79,CWE-79,1,1,0,1,0,0,0,0,1,0,1308,0.002616,256,0.002048,21,0.000168,0.0048319999999999995,4.40311861038208
BenchmarkTest01346.java,0,CWE-79,CWE-79,1,0,1,0,0,0,1,0,0,0,1368,0.002736,192,0.001536,22,0.000176,0.004448,3.04776668548584
BenchmarkTest01347.java,0,CWE-79,CWE-79,1,0,1,0,0,0,1,0,0,0,1493,0.002986,768,0.006144,22,0.000176,0.009306,9.48729681968689
BenchmarkTest01348.java,0,CWE-79,CWE-79,1,1,0,1,0,0,0,0,1,0,1281,0.002562,256,0.002048,21,0.000168,0.004777999999999999,4.094608306884766
BenchmarkTest01349.java,0,CWE-79,CWE-79,1,0,1,0,0,0,1,0,0,0,1299,0.002598,128,0.001024,22,0.000176,0.003798,2.517688274383545
BenchmarkTest01350.java,0,CWE-79,CWE-79,1,0,1,0,0,0,1,0,0,0,1330,0.00266,128,0.001024,22,0.000176,0.0038599999999999997,2.5974419116973877
BenchmarkTest01351.java,0,CWE-79,CWE-79,1,1,0,1,0,0,0,0,1,0,1315,0.00263,256,0.002048,21,0.000168,0.004846,6.634091377258301
BenchmarkTest01352.java,0,CWE-79,CWE-79,1,1,0,1,0,0,0,0,1,0,1284,0.002568,384,0.003072,21,0.000168,0.005808,5.334684610366821
BenchmarkTest01353.java,0,CWE-78,CWE-78,1,1,0,1,0,0,0,0,1,0,1059,0.002118,320,0.00256,21,0.000168,0.004846,16.294898509979248
BenchmarkTest01354.java,0,CWE-330,CWE-330,1,0,1,0,0,0,1,0,0,0,1266,0.002532,320,0.00256,22,0.000176,0.005268,5.079041242599487
BenchmarkTest01355.java,0,CWE-330,CWE-330,1,0,1,0,0,0,1,0,0,0,1264,0.002528,320,0.00256,22,0.000176,0.0052640000000000004,3.854700803756714
BenchmarkTest01356.java,0,CWE-330,CWE-330,1,0,1,0,0,0,1,0,0,0,1284,0.002568,64,0.000512,22,0.000176,0.0032559999999999998,1.7600946426391602
BenchmarkTest01357.java,0,CWE-330,CWE-330,1,0,1,0,0,0,1,0,0,0,1274,0.002548,128,0.001024,22,0.000176,0.0037479999999999996,2.693690538406372
BenchmarkTest01358.java,0,CWE-330,CWE-330,1,0,1,0,0,0,1,0,0,0,1294,0.002588,128,0.001024,22,0.000176,0.0037879999999999997,2.6771745681762695
BenchmarkTest01359.java,0,CWE-614,,,,0,0,1,0,0,0,1,0,,,,,,,,
BenchmarkTest01360.java,0,CWE-78,CWE-78,1,0,1,0,0,0,1,0,0,0,1039,0.002078,256,0.002048,22,0.000176,0.004301999999999999,3.7748820781707764
BenchmarkTest01361.java,0,CWE-78,CWE-78,1,0,1,0,0,0,1,0,0,0,885,0.00177,256,0.002048,22,0.000176,0.003994,5.32863450050354
BenchmarkTest01362.java,0,CWE-78,CWE-78,1,0,1,0,0,0,1,0,0,0,1154,0.002308,320,0.00256,22,0.000176,0.005044000000000001,4.5973594188690186
BenchmarkTest01363.java,0,CWE-78,CWE-78,1,0,1,0,0,0,1,0,0,0,922,0.001844,384,0.003072,22,0.000176,0.005092,5.879986763000488
BenchmarkTest01364.java,0,CWE-78,CWE-78,1,1,0,1,0,0,0,0,1,0,917,0.001834,256,0.002048,21,0.000168,0.00405,6.290202379226685
BenchmarkTest01365.java,0,CWE-78,CWE-78,1,1,0,1,0,0,0,0,1,0,1008,0.002016,384,0.003072,21,0.000168,0.005256,8.39206337928772
BenchmarkTest01366.java,0,CWE-330,,,,0,0,1,0,0,0,1,0,,,,,,,,
BenchmarkTest01367.java,0,CWE-330,,,,0,0,1,0,0,0,1,0,,,,,,,,
BenchmarkTest01368.java,0,CWE-330,,,,0,0,1,0,0,0,1,0,,,,,,,,
BenchmarkTest01369.java,0,CWE-330,,,,0,0,1,0,0,0,1,0,,,,,,,,
BenchmarkTest01370.java,0,CWE-330,,,,0,0,1,0,0,0,1,0,,,,,,,,
BenchmarkTest01371.java,0,CWE-330,,,,0,0,1,0,0,0,1,0,,,,,,,,
BenchmarkTest01372.java,0,CWE-330,,,,0,0,1,0,0,0,1,0,,,,,,,,
BenchmarkTest01373.java,0,CWE-330,,,,0,0,1,0,0,0,1,0,,,,,,,,
BenchmarkTest01378.java,0,CWE-89,CWE-89,1,1,0,1,0,0,0,0,1,0,1146,0.002292,320,0.00256,21,0.000168,0.00502,4.704313516616821
BenchmarkTest01379.java,0,CWE-89,CWE-89,1,0,1,0,0,0,1,0,0,0,987,0.001974,256,0.002048,22,0.000176,0.0041979999999999995,3.816650152206421
BenchmarkTest01380.java,0,CWE-89,CWE-89,1,1,0,1,0,0,0,0,1,0,955,0.00191,256,0.002048,21,0.000168,0.0041259999999999995,4.09748101234436
BenchmarkTest01381.java,0,CWE-89,CWE-89,1,0,1,0,0,0,1,0,0,0,935,0.00187,192,0.001536,22,0.000176,0.003582,3.325420618057251
BenchmarkTest01382.java,0,CWE-89,CWE-89,1,0,1,0,0,0,1,0,0,0,939,0.001878,128,0.001024,22,0.000176,0.003078,3.0181121826171875
BenchmarkTest01383.java,0,CWE-89,CWE-89,1,0,1,0,0,0,1,0,0,0,944,0.001888,128,0.001024,22,0.000176,0.0030879999999999996,3.1091482639312744
BenchmarkTest01384.java,0,CWE-89,CWE-89,1,0,1,0,0,0,1,0,0,0,938,0.001876,192,0.001536,22,0.000176,0.003588,3.307453155517578
BenchmarkTest01385.java,0,CWE-89,CWE-89,1,0,0,1,0,0,0,1,0,0,998,0.001996,64,0.000512,22,0.000176,0.0026839999999999998,1.7470953464508057
BenchmarkTest01386.java,0,CWE-89,,,,0,0,1,0,0,0,1,0,,,,,,,,
BenchmarkTest01387.java,0,CWE-89,,,,0,0,1,0,0,0,1,0,,,,,,,,
BenchmarkTest01388.java,0,CWE-89,,,,0,0,0,1,0,0,0,1,,,,,,,,
BenchmarkTest01389.java,0,CWE-89,,,,0,0,1,0,0,0,1,0,,,,,,,,
BenchmarkTest01390.java,0,CWE-89,,,,0,0,0,1,0,0,0,1,,,,,,,,
BenchmarkTest01391.java,0,CWE-89,CWE-89,1,0,1,0,0,0,1,0,0,0,969,0.001938,192,0.001536,22,0.000176,0.00365,3.1102824211120605
BenchmarkTest01392.java,0,CWE-89,CWE-89,1,1,0,1,0,0,0,0,1,0,918,0.001836,128,0.001024,21,0.000168,0.003028,3.1382927894592285
BenchmarkTest01393.java,0,CWE-89,CWE-89,1,1,0,1,0,0,0,0,1,0,1123,0.002246,192,0.001536,21,0.000168,0.00395,2.7989895343780518
BenchmarkTest01394.java,0,CWE-89,CWE-89,1,0,1,0,0,0,1,0,0,0,988,0.001976,128,0.001024,22,0.000176,0.003176,3.3777880668640137
BenchmarkTest01395.java,0,CWE-89,CWE-89,1,0,1,0,0,0,1,0,0,0,918,0.001836,128,0.001024,22,0.000176,0.0030359999999999996,2.659057378768921
BenchmarkTest01396.java,0,CWE-89,CWE-89,1,0,1,0,0,0,1,0,0,0,915,0.00183,128,0.001024,22,0.000176,0.0030299999999999997,2.664726972579956
BenchmarkTest01397.java,0,CWE-643,CWE-643,1,1,0,1,0,0,0,0,1,0,981,0.001962,320,0.00256,21,0.000168,0.00469,3.860598087310791
BenchmarkTest01398.java,0,CWE-327,CWE-327,1,0,1,0,0,0,1,0,0,0,1911,0.003822,64,0.000512,22,0.000176,0.00451,1.9553422927856445
BenchmarkTest01399.java,0,CWE-327,,,,0,0,1,0,0,0,1,0,,,,,,,,
BenchmarkTest01400.java,0,CWE-327,,,,0,0,1,0,0,0,1,0,,,,,,,,
BenchmarkTest01401.java,0,CWE-327,,,,0,0,1,0,0,0,1,0,,,,,,,,
BenchmarkTest01402.java,0,CWE-90,CWE-90,1,1,0,1,0,0,0,0,1,0,1267,0.002534,320,0.00256,21,0.000168,0.005261999999999999,3.3427393436431885
BenchmarkTest01403.java,0,CWE-22,CWE-23,0,0,1,0,0,0,1,0,0,0,1290,0.00258,256,0.002048,22,0.000176,0.004804,3.888352394104004
BenchmarkTest01404.java,0,CWE-22,CWE-23,0,1,0,1,0,0,0,0,1,0,1485,0.00297,1152,0.009216,21,0.000168,0.012354,14.86789321899414
BenchmarkTest01405.java,0,CWE-22,CWE-23,0,0,1,0,0,0,1,0,0,0,1410,0.00282,320,0.00256,22,0.000176,0.005556,5.1831443309783936
BenchmarkTest01406.java,0,CWE-22,CWE-23,0,1,0,1,0,0,0,0,1,0,1429,0.002858,384,0.003072,21,0.000168,0.006097999999999999,6.321253538131714
BenchmarkTest01407.java,0,CWE-22,CWE-23,0,1,0,1,0,0,0,0,1,0,1290,0.00258,256,0.002048,21,0.000168,0.004796,6.630626916885376
BenchmarkTest01408.java,0,CWE-22,CWE-23,0,0,1,0,0,0,1,0,0,0,1318,0.002636,384,0.003072,22,0.000176,0.0058839999999999995,5.581554889678955
BenchmarkTest01409.java,0,CWE-22,CWE-23,0,1,0,1,0,0,0,0,1,0,1511,0.003022,384,0.003072,21,0.000168,0.006262,7.682121515274048
BenchmarkTest01410.java,0,CWE-328,,,,0,0,1,0,0,0,1,0,,,,,,,,
BenchmarkTest01411.java,0,CWE-328,CWE-916,0,0,1,0,0,0,1,0,0,0,1345,0.00269,192,0.001536,22,0.000176,0.0044020000000000005,3.3984463214874268
BenchmarkTest01412.java,0,CWE-328,,,,0,0,1,0,0,0,1,0,,,,,,,,
BenchmarkTest01413.java,0,CWE-328,,,,0,0,1,0,0,0,1,0,,,,,,,,
BenchmarkTest01414.java,0,CWE-328,,,,0,0,0,1,0,0,0,1,,,,,,,,
BenchmarkTest01415.java,0,CWE-328,,,,0,0,0,1,0,0,0,1,,,,,,,,
BenchmarkTest01416.java,0,CWE-328,,,,0,0,0,1,0,0,0,1,,,,,,,,
BenchmarkTest01417.java,0,CWE-79,CWE-79,1,0,1,0,0,0,1,0,0,0,1411,0.002822,384,0.003072,22,0.000176,0.00607,4.898576736450195
BenchmarkTest01418.java,0,CWE-79,CWE-79,1,0,1,0,0,0,1,0,0,0,1408,0.002816,384,0.003072,22,0.000176,0.006064,4.381800651550293
BenchmarkTest01419.java,0,CWE-79,CWE-79,1,1,0,1,0,0,0,0,1,0,1402,0.002804,576,0.004608,21,0.000168,0.00758,5.8609232902526855
BenchmarkTest01420.java,0,CWE-79,CWE-79,1,1,0,1,0,0,0,0,1,0,1356,0.002712,320,0.00256,21,0.000168,0.00544,5.165793180465698
BenchmarkTest01421.java,0,CWE-79,CWE-79,1,1,0,1,0,0,0,0,1,0,1402,0.002804,512,0.004096,21,0.000168,0.007068,10.422513484954834
BenchmarkTest01422.java,0,CWE-79,CWE-79,1,1,0,1,0,0,0,0,1,0,1463,0.002926,448,0.003584,21,0.000168,0.006678,9.193986415863037
BenchmarkTest01423.java,0,CWE-79,CWE-79,1,0,1,0,0,0,1,0,0,0,1363,0.002726,512,0.004096,22,0.000176,0.006998,6.614438772201538
BenchmarkTest01424.java,0,CWE-79,CWE-79,1,0,1,0,0,0,1,0,0,0,1391,0.002782,576,0.004608,22,0.000176,0.007566000000000001,9.30407977104187
BenchmarkTest01425.java,0,CWE-79,CWE-79,1,1,0,1,0,0,0,0,1,0,1425,0.00285,448,0.003584,21,0.000168,0.006602,7.660539388656616
BenchmarkTest01426.java,0,CWE-79,CWE-79,1,0,1,0,0,0,1,0,0,0,1432,0.002864,384,0.003072,22,0.000176,0.006112,8.345942974090576
BenchmarkTest01427.java,0,CWE-79,CWE-79,1,0,1,0,0,0,1,0,0,0,1340,0.00268,256,0.002048,22,0.000176,0.0049039999999999995,4.323034048080444
BenchmarkTest01428.java,0,CWE-79,CWE-79,1,0,1,0,0,0,1,0,0,0,1346,0.002692,320,0.00256,22,0.000176,0.005428,5.729798078536987
BenchmarkTest01429.java,0,CWE-79,CWE-79,1,0,1,0,0,0,1,0,0,0,1435,0.00287,384,0.003072,22,0.000176,0.006118,6.169197082519531
BenchmarkTest01430.java,0,CWE-78,CWE-78,1,0,1,0,0,0,1,0,0,0,1093,0.002186,320,0.00256,22,0.000176,0.004922,5.606529951095581
BenchmarkTest01431.java,0,CWE-330,CWE-330,1,0,1,0,0,0,1,0,0,0,1310,0.00262,192,0.001536,22,0.000176,0.004332,3.496290922164917
BenchmarkTest01432.java,0,CWE-330,CWE-330,1,0,1,0,0,0,1,0,0,0,1369,0.002738,128,0.001024,22,0.000176,0.003938,2.30612850189209
BenchmarkTest01433.java,0,CWE-330,CWE-330,1,0,1,0,0,0,1,0,0,0,1328,0.002656,64,0.000512,22,0.000176,0.0033439999999999998,3.3447537422180176
BenchmarkTest01434.java,0,CWE-330,CWE-330,1,0,1,0,0,0,1,0,0,0,1324,0.002648,128,0.001024,22,0.000176,0.003848,3.1748151779174805
BenchmarkTest01435.java,0,CWE-330,CWE-330,1,0,1,0,0,0,1,0,0,0,1305,0.00261,64,0.000512,22,0.000176,0.0032979999999999997,1.973252534866333
BenchmarkTest01436.java,0,CWE-614,,,,0,0,1,0,0,0,1,0,,,,,,,,
BenchmarkTest01437.java,0,CWE-79,CWE-79,1,0,1,0,0,0,1,0,0,0,1414,0.002828,576,0.004608,22,0.000176,0.007612,7.809962749481201
BenchmarkTest01438.java,0,CWE-79,CWE-79,1,0,1,0,0,0,1,0,0,0,1566,0.003132,832,0.006656,22,0.000176,0.009964,11.396050453186035
BenchmarkTest01439.java,0,CWE-79,CWE-79,1,1,0,1,0,0,0,0,1,0,1449,0.002898,320,0.00256,21,0.000168,0.005626,6.021657705307007
BenchmarkTest01440.java,0,CWE-78,CWE-78,1,1,0,1,0,0,0,0,1,0,1040,0.00208,256,0.002048,21,0.000168,0.0042959999999999995,6.5827789306640625
BenchmarkTest01441.java,0,CWE-78,CWE-78,1,0,1,0,0,0,1,0,0,0,1138,0.002276,896,0.007168,22,0.000176,0.00962,8.964386463165283
BenchmarkTest01442.java,0,CWE-78,CWE-78,1,0,1,0,0,0,1,0,0,0,1047,0.002094,576,0.004608,22,0.000176,0.0068779999999999996,5.959585428237915
BenchmarkTest01443.java,0,CWE-78,CWE-78,1,1,0,1,0,0,0,0,1,0,1054,0.002108,256,0.002048,21,0.000168,0.004324,6.098599910736084
BenchmarkTest01444.java,0,CWE-78,CWE-78,1,1,0,1,0,0,0,0,1,0,1011,0.002022,448,0.003584,21,0.000168,0.005774,6.177446603775024
BenchmarkTest01445.java,0,CWE-78,CWE-78,1,1,0,1,0,0,0,0,1,0,1044,0.002088,384,0.003072,21,0.000168,0.005327999999999999,5.707321643829346
BenchmarkTest01446.java,0,CWE-78,CWE-78,1,0,1,0,0,0,1,0,0,0,1080,0.00216,384,0.003072,22,0.000176,0.0054080000000000005,5.769964933395386
BenchmarkTest01447.java,0,CWE-330,,,,0,0,1,0,0,0,1,0,,,,,,,,
BenchmarkTest01448.java,0,CWE-330,,,,0,0,1,0,0,0,1,0,,,,,,,,
BenchmarkTest01449.java,0,CWE-330,CWE-330,1,1,0,1,0,0,0,0,1,0,1436,0.002872,704,0.005632,21,0.000168,0.008672,8.588005065917969
BenchmarkTest01450.java,0,CWE-330,,,,0,0,1,0,0,0,1,0,,,,,,,,
BenchmarkTest01451.java,0,CWE-330,,,,0,0,1,0,0,0,1,0,,,,,,,,
BenchmarkTest01452.java,0,CWE-330,,,,0,0,1,0,0,0,1,0,,,,,,,,
BenchmarkTest01453.java,0,CWE-330,,,,0,0,1,0,0,0,1,0,,,,,,,,
BenchmarkTest01459.java,0,CWE-89,CWE-89,1,1,0,1,0,0,0,0,1,0,1024,0.002048,576,0.004608,21,0.000168,0.006824,7.346729040145874
BenchmarkTest01460.java,0,CWE-89,CWE-89,1,0,1,0,0,0,1,0,0,0,1059,0.002118,256,0.002048,22,0.000176,0.0043419999999999995,4.183313846588135
BenchmarkTest01461.java,0,CWE-89,CWE-89,1,1,0,1,0,0,0,0,1,0,1074,0.002148,256,0.002048,21,0.000168,0.004364,3.539451837539673
BenchmarkTest01462.java,0,CWE-89,CWE-89,1,0,1,0,0,0,1,0,0,0,989,0.001978,192,0.001536,22,0.000176,0.00369,5.123639345169067
BenchmarkTest01463.java,0,CWE-89,CWE-89,1,0,1,0,0,0,1,0,0,0,1020,0.00204,320,0.00256,22,0.000176,0.004776,6.800098657608032
BenchmarkTest01464.java,0,CWE-89,CWE-89,1,0,1,0,0,0,1,0,0,0,1091,0.002182,384,0.003072,22,0.000176,0.00543,6.007835149765015
BenchmarkTest01465.java,0,CWE-89,,,,0,0,0,1,0,0,0,1,,,,,,,,
BenchmarkTest01466.java,0,CWE-89,CWE-89,1,0,1,0,0,0,1,0,0,0,1199,0.002398,384,0.003072,22,0.000176,0.005646,4.527764558792114
BenchmarkTest01467.java,0,CWE-89,,,,0,0,1,0,0,0,1,0,,,,,,,,
BenchmarkTest01468.java,0,CWE-89,,,,0,0,1,0,0,0,1,0,,,,,,,,
BenchmarkTest01469.java,0,CWE-89,,,,0,0,1,0,0,0,1,0,,,,,,,,
BenchmarkTest01470.java,0,CWE-89,,,,0,0,0,1,0,0,0,1,,,,,,,,
BenchmarkTest01471.java,0,CWE-89,CWE-89,1,0,1,0,0,0,1,0,0,0,1056,0.002112,640,0.00512,22,0.000176,0.0074080000000000005,12.91363787651062
BenchmarkTest01472.java,0,CWE-89,CWE-89,1,1,0,1,0,0,0,0,1,0,1188,0.002376,704,0.005632,21,0.000168,0.008176,8.254322052001953
BenchmarkTest01473.java,0,CWE-89,CWE-89,1,0,1,0,0,0,1,0,0,0,981,0.001962,448,0.003584,22,0.000176,0.0057220000000000005,6.152488946914673
BenchmarkTest01474.java,0,CWE-89,CWE-89,1,0,1,0,0,0,1,0,0,0,1004,0.002008,192,0.001536,22,0.000176,0.0037199999999999998,3.404095411300659
BenchmarkTest01475.java,0,CWE-89,CWE-89,1,0,1,0,0,0,1,0,0,0,982,0.001964,320,0.00256,22,0.000176,0.0047,5.059716463088989
BenchmarkTest01476.java,0,CWE-89,CWE-89,1,0,1,0,0,0,1,0,0,0,987,0.001974,256,0.002048,22,0.000176,0.0041979999999999995,4.208314418792725
BenchmarkTest01477.java,0,CWE-89,CWE-89,1,0,1,0,0,0,1,0,0,0,1048,0.002096,256,0.002048,22,0.000176,0.00432,4.5359787940979
BenchmarkTest01478.java,0,CWE-643,CWE-643,1,0,1,0,0,0,1,0,0,0,1126,0.002252,384,0.003072,22,0.000176,0.0055000000000000005,5.50332498550415
BenchmarkTest01479.java,0,CWE-643,CWE-643,1,1,0,1,0,0,0,0,1,0,1137,0.002274,192,0.001536,21,0.000168,0.003978,4.466469049453735
BenchmarkTest01480.java,0,CWE-327,CWE-327,1,0,1,0,0,0,1,0,0,0,1763,0.003526,128,0.001024,22,0.000176,0.004726,3.0009610652923584
BenchmarkTest01481.java,0,CWE-327,,,,0,0,1,0,0,0,1,0,,,,,,,,
BenchmarkTest01482.java,0,CWE-327,,,,0,0,1,0,0,0,1,0,,,,,,,,
BenchmarkTest01483.java,0,CWE-327,CWE-327,1,0,1,0,0,0,1,0,0,0,1670,0.00334,64,0.000512,22,0.000176,0.004028,1.849010944366455
BenchmarkTest01484.java,0,CWE-327,CWE-327,1,0,1,0,0,0,1,0,0,0,1617,0.003234,64,0.000512,22,0.000176,0.003922,2.908677339553833
BenchmarkTest01485.java,0,CWE-327,,,,0,0,1,0,0,0,1,0,,,,,,,,
BenchmarkTest01486.java,0,CWE-327,CWE-327,1,0,1,0,0,0,1,0,0,0,1279,0.002558,128,0.001024,22,0.000176,0.003758,3.838151216506958
BenchmarkTest01487.java,0,CWE-327,,,,0,0,1,0,0,0,1,0,,,,,,,,
BenchmarkTest01488.java,0,CWE-327,,,,0,0,1,0,0,0,1,0,,,,,,,,
BenchmarkTest01489.java,0,CWE-327,CWE-327,1,0,1,0,0,0,1,0,0,0,1264,0.002528,128,0.001024,22,0.000176,0.0037279999999999995,3.849402666091919
BenchmarkTest01490.java,0,CWE-90,,,,0,0,0,1,0,0,0,1,,,,,,,,
BenchmarkTest01491.java,0,CWE-90,,,,0,0,1,0,0,0,1,0,,,,,,,,
BenchmarkTest01492.java,0,CWE-90,,,,0,0,1,0,0,0,1,0,,,,,,,,
BenchmarkTest01493.java,0,CWE-22,,,,0,0,1,0,0,0,1,0,,,,,,,,
BenchmarkTest01494.java,0,CWE-22,,,,0,0,0,1,0,0,0,1,,,,,,,,
BenchmarkTest01495.java,0,CWE-22,,,,0,0,0,1,0,0,0,1,,,,,,,,
BenchmarkTest01496.java,0,CWE-22,,,,0,0,0,1,0,0,0,1,,,,,,,,
BenchmarkTest01497.java,0,CWE-22,,,,0,0,0,1,0,0,0,1,,,,,,,,
BenchmarkTest01498.java,0,CWE-22,,,,0,0,0,1,0,0,0,1,,,,,,,,
BenchmarkTest01499.java,0,CWE-22,,,,0,0,1,0,0,0,1,0,,,,,,,,
BenchmarkTest01500.java,0,CWE-22,,,,0,0,0,1,0,0,0,1,,,,,,,,
BenchmarkTest01501.java,0,CWE-90,,,,0,0,0,1,0,0,0,1,,,,,,,,
BenchmarkTest01502.java,0,CWE-330,CWE-330,1,0,1,0,0,0,1,0,0,0,1472,0.002944,128,0.001024,22,0.000176,0.004144,3.3598666191101074
BenchmarkTest01503.java,0,CWE-328,CWE-916,0,0,1,0,0,0,1,0,0,0,1370,0.00274,128,0.001024,22,0.000176,0.00394,3.242173433303833
BenchmarkTest01504.java,0,CWE-328,CWE-916,0,0,1,0,0,0,1,0,0,0,1196,0.002392,64,0.000512,22,0.000176,0.00308,2.0793981552124023
BenchmarkTest01505.java,0,CWE-79,,,,0,0,0,1,0,0,0,1,,,,,,,,
BenchmarkTest01506.java,0,CWE-79,,,,0,0,0,1,0,0,0,1,,,,,,,,
BenchmarkTest01507.java,0,CWE-79,,,,0,0,0,1,0,0,0,1,,,,,,,,
BenchmarkTest01508.java,0,CWE-79,,,,0,0,1,0,0,0,1,0,,,,,,,,
BenchmarkTest01509.java,0,CWE-79,,,,0,0,0,1,0,0,0,1,,,,,,,,
BenchmarkTest01510.java,0,CWE-79,,,,0,0,0,1,0,0,0,1,,,,,,,,
BenchmarkTest01511.java,0,CWE-79,,,,0,0,0,1,0,0,0,1,,,,,,,,
BenchmarkTest01512.java,0,CWE-79,,,,0,0,0,1,0,0,0,1,,,,,,,,
BenchmarkTest01513.java,0,CWE-79,,,,0,0,1,0,0,0,1,0,,,,,,,,
BenchmarkTest01514.java,0,CWE-79,,,,0,0,1,0,0,0,1,0,,,,,,,,
BenchmarkTest01515.java,0,CWE-79,,,,0,0,1,0,0,0,1,0,,,,,,,,
BenchmarkTest01516.java,0,CWE-78,,,,0,0,1,0,0,0,1,0,,,,,,,,
BenchmarkTest01517.java,0,CWE-78,,,,0,0,0,1,0,0,0,1,,,,,,,,
BenchmarkTest01518.java,0,CWE-330,CWE-330,1,0,1,0,0,0,1,0,0,0,1462,0.002924,640,0.00512,22,0.000176,0.008220000000000002,9.132853984832764
BenchmarkTest01519.java,0,CWE-330,CWE-330,1,0,1,0,0,0,1,0,0,0,1303,0.002606,192,0.001536,22,0.000176,0.004318,4.665940761566162
BenchmarkTest01520.java,0,CWE-330,CWE-330,1,0,1,0,0,0,1,0,0,0,1317,0.002634,128,0.001024,22,0.000176,0.0038339999999999997,2.5501441955566406
BenchmarkTest01521.java,0,CWE-614,CWE-614,1,0,1,0,0,0,1,0,0,0,1018,0.002036,64,0.000512,22,0.000176,0.002724,2.337209701538086
BenchmarkTest01522.java,0,CWE-614,,,,0,0,1,0,0,0,1,0,,,,,,,,
BenchmarkTest01523.java,0,CWE-614,,,,0,0,1,0,0,0,1,0,,,,,,,,
BenchmarkTest01524.java,0,CWE-614,,,,0,0,1,0,0,0,1,0,,,,,,,,
BenchmarkTest01525.java,0,CWE-79,,,,0,0,0,1,0,0,0,1,,,,,,,,
BenchmarkTest01526.java,0,CWE-78,,,,0,0,1,0,0,0,1,0,,,,,,,,
BenchmarkTest01527.java,0,CWE-78,,,,0,0,1,0,0,0,1,0,,,,,,,,
BenchmarkTest01528.java,0,CWE-78,,,,0,0,1,0,0,0,1,0,,,,,,,,
BenchmarkTest01529.java,0,CWE-78,,,,0,0,1,0,0,0,1,0,,,,,,,,
BenchmarkTest01530.java,0,CWE-78,,,,0,0,1,0,0,0,1,0,,,,,,,,
BenchmarkTest01531.java,0,CWE-78,,,,0,0,0,1,0,0,0,1,,,,,,,,
BenchmarkTest01532.java,0,CWE-78,,,,0,0,1,0,0,0,1,0,,,,,,,,
BenchmarkTest01533.java,0,CWE-78,,,,0,0,0,1,0,0,0,1,,,,,,,,
BenchmarkTest01534.java,0,CWE-330,,,,0,0,1,0,0,0,1,0,,,,,,,,
BenchmarkTest01535.java,0,CWE-330,,,,0,0,1,0,0,0,1,0,,,,,,,,
BenchmarkTest01536.java,0,CWE-330,,,,0,0,1,0,0,0,1,0,,,,,,,,
BenchmarkTest01537.java,0,CWE-330,CWE-330,1,1,0,1,0,0,0,0,1,0,1417,0.002834,320,0.00256,21,0.000168,0.005562,6.631137132644653
BenchmarkTest01538.java,0,CWE-330,,,,0,0,1,0,0,0,1,0,,,,,,,,
BenchmarkTest01539.java,0,CWE-330,,,,0,0,1,0,0,0,1,0,,,,,,,,
BenchmarkTest01540.java,0,CWE-330,,,,0,0,1,0,0,0,1,0,,,,,,,,
BenchmarkTest01541.java,0,CWE-330,,,,0,0,1,0,0,0,1,0,,,,,,,,
BenchmarkTest01542.java,0,CWE-330,,,,0,0,1,0,0,0,1,0,,,,,,,,
BenchmarkTest01543.java,0,CWE-330,,,,0,0,1,0,0,0,1,0,,,,,,,,
BenchmarkTest01544.java,0,CWE-330,,,,0,0,1,0,0,0,1,0,,,,,,,,
BenchmarkTest01545.java,0,CWE-330,,,,0,0,1,0,0,0,1,0,,,,,,,,
BenchmarkTest01552.java,0,CWE-89,,,,0,0,0,1,0,0,0,1,,,,,,,,
BenchmarkTest01553.java,0,CWE-89,,,,0,0,1,0,0,0,1,0,,,,,,,,
BenchmarkTest01554.java,0,CWE-89,,,,0,0,0,1,0,0,0,1,,,,,,,,
BenchmarkTest01555.java,0,CWE-89,,,,0,0,1,0,0,0,1,0,,,,,,,,
BenchmarkTest01556.java,0,CWE-89,,,,0,0,1,0,0,0,1,0,,,,,,,,
BenchmarkTest01557.java,0,CWE-89,,,,0,0,0,1,0,0,0,1,,,,,,,,
BenchmarkTest01558.java,0,CWE-89,,,,0,0,0,1,0,0,0,1,,,,,,,,
BenchmarkTest01559.java,0,CWE-89,,,,0,0,0,1,0,0,0,1,,,,,,,,
BenchmarkTest01560.java,0,CWE-89,,,,0,0,0,1,0,0,0,1,,,,,,,,
BenchmarkTest01561.java,0,CWE-643,,,,0,0,0,1,0,0,0,1,,,,,,,,
BenchmarkTest01562.java,0,CWE-643,,,,0,0,1,0,0,0,1,0,,,,,,,,
BenchmarkTest01563.java,0,CWE-327,,,,0,0,1,0,0,0,1,0,,,,,,,,
BenchmarkTest01564.java,0,CWE-327,,,,0,0,1,0,0,0,1,0,,,,,,,,
BenchmarkTest01565.java,0,CWE-327,CWE-327,1,0,1,0,0,0,1,0,0,0,1253,0.002506,64,0.000512,22,0.000176,0.003194,2.352930784225464
BenchmarkTest01566.java,0,CWE-327,CWE-327,1,0,1,0,0,0,1,0,0,0,1291,0.002582,128,0.001024,22,0.000176,0.0037819999999999998,2.845879077911377
BenchmarkTest01567.java,0,CWE-327,,,,0,0,1,0,0,0,1,0,,,,,,,,
BenchmarkTest01568.java,0,CWE-90,CWE-90,1,0,1,0,0,0,1,0,0,0,1180,0.00236,192,0.001536,23,0.000184,0.00408,3.3423869609832764
BenchmarkTest01569.java,0,CWE-90,CWE-90,1,1,0,1,0,0,0,0,1,0,1389,0.002778,576,0.004608,21,0.000168,0.007554,7.943769693374634
BenchmarkTest01570.java,0,CWE-22,CWE-23,0,1,0,1,0,0,0,0,1,0,1215,0.00243,192,0.001536,21,0.000168,0.004134,4.224219799041748
BenchmarkTest01571.java,0,CWE-22,CWE-23,0,1,1,0,0,0,0,0,0,1,1266,0.002532,384,0.003072,21,0.000168,0.005771999999999999,7.26558256149292
BenchmarkTest01572.java,0,CWE-22,CWE-23,0,0,1,0,0,0,1,0,0,0,1346,0.002692,256,0.002048,22,0.000176,0.004915999999999999,5.4774041175842285
BenchmarkTest01573.java,0,CWE-22,CWE-23,0,1,0,1,0,0,0,0,1,0,1387,0.002774,256,0.002048,21,0.000168,0.00499,5.661819696426392
BenchmarkTest01574.java,0,CWE-22,CWE-23,0,1,0,1,0,0,0,0,1,0,1312,0.002624,128,0.001024,21,0.000168,0.0038160000000000004,4.128165006637573
BenchmarkTest01575.java,0,CWE-330,CWE-330,1,0,1,0,0,0,1,0,0,0,1325,0.00265,192,0.001536,22,0.000176,0.004362,4.613563776016235
BenchmarkTest01576.java,0,CWE-328,,,,0,0,1,0,0,0,1,0,,,,,,,,
BenchmarkTest01577.java,0,CWE-328,CWE-916,0,0,1,0,0,0,1,0,0,0,1173,0.002346,64,0.000512,22,0.000176,0.003034,3.487919569015503
BenchmarkTest01578.java,0,CWE-328,,,,0,0,1,0,0,0,1,0,,,,,,,,
BenchmarkTest01579.java,0,CWE-328,,,,0,0,0,1,0,0,0,1,,,,,,,,
BenchmarkTest01580.java,0,CWE-328,,,,0,0,0,1,0,0,0,1,,,,,,,,
BenchmarkTest01581.java,0,CWE-328,,,,0,0,1,0,0,0,1,0,,,,,,,,
BenchmarkTest01582.java,0,CWE-328,,,,0,0,1,0,0,0,1,0,,,,,,,,
BenchmarkTest01583.java,0,CWE-79,CWE-79,1,0,1,0,0,0,1,0,0,0,1351,0.002702,384,0.003072,22,0.000176,0.0059499999999999996,6.075585126876831
BenchmarkTest01584.java,0,CWE-79,CWE-79,1,0,1,0,0,0,1,0,0,0,1311,0.002622,256,0.002048,22,0.000176,0.0048460000000000005,5.132944583892822
BenchmarkTest01585.java,0,CWE-79,CWE-79,1,1,0,1,0,0,0,0,1,0,1282,0.002564,384,0.003072,21,0.000168,0.005804,7.219813823699951
BenchmarkTest01586.java,0,CWE-79,CWE-79,1,1,0,1,0,0,0,0,1,0,1273,0.002546,192,0.001536,21,0.000168,0.00425,3.533403158187866
BenchmarkTest01587.java,0,CWE-79,CWE-79,1,0,1,0,0,0,1,0,0,0,1307,0.002614,320,0.00256,22,0.000176,0.00535,5.246512174606323
BenchmarkTest01588.java,0,CWE-79,CWE-79,1,1,0,1,0,0,0,0,1,0,1313,0.002626,384,0.003072,21,0.000168,0.005866,5.009347200393677
BenchmarkTest01589.java,0,CWE-79,CWE-79,1,0,1,0,0,0,1,0,0,0,1381,0.002762,192,0.001536,22,0.000176,0.004474,6.074384689331055
BenchmarkTest01590.java,0,CWE-79,CWE-79,1,0,1,0,0,0,1,0,0,0,1273,0.002546,256,0.002048,22,0.000176,0.00477,4.983470916748047
BenchmarkTest01591.java,0,CWE-79,CWE-79,1,1,0,1,0,0,0,0,1,0,1508,0.003016,512,0.004096,21,0.000168,0.00728,7.5662126541137695
BenchmarkTest01592.java,0,CWE-79,CWE-79,1,0,1,0,0,0,1,0,0,0,1289,0.002578,128,0.001024,22,0.000176,0.003778,3.381967306137085
BenchmarkTest01593.java,0,CWE-79,CWE-79,1,1,0,1,0,0,0,0,1,0,1295,0.00259,192,0.001536,21,0.000168,0.004293999999999999,4.431219816207886
BenchmarkTest01594.java,0,CWE-79,CWE-79,1,0,1,0,0,0,1,0,0,0,1283,0.002566,128,0.001024,22,0.000176,0.0037660000000000003,3.5168216228485107
BenchmarkTest01595.java,0,CWE-79,CWE-79,1,1,0,1,0,0,0,0,1,0,1272,0.002544,320,0.00256,21,0.000168,0.005272,6.715666055679321
BenchmarkTest01596.java,0,CWE-79,CWE-79,1,0,1,0,0,0,1,0,0,0,1305,0.00261,192,0.001536,22,0.000176,0.004322,4.112960577011108
BenchmarkTest01597.java,0,CWE-79,CWE-79,1,0,1,0,0,0,1,0,0,0,1314,0.002628,192,0.001536,22,0.000176,0.00434,4.947236776351929
BenchmarkTest01598.java,0,CWE-79,CWE-79,1,0,1,0,0,0,1,0,0,0,1480,0.00296,576,0.004608,22,0.000176,0.007744,8.368301630020142
BenchmarkTest01599.java,0,CWE-79,CWE-79,1,1,0,1,0,0,0,0,1,0,1363,0.002726,128,0.001024,21,0.000168,0.003918,5.011968374252319
BenchmarkTest01600.java,0,CWE-78,CWE-78,1,1,0,1,0,0,0,0,1,0,1028,0.002056,384,0.003072,21,0.000168,0.005296,7.046563386917114
BenchmarkTest01601.java,0,CWE-78,CWE-78,1,0,1,0,0,0,1,0,0,0,1028,0.002056,320,0.00256,22,0.000176,0.004792,5.772099494934082
BenchmarkTest01602.java,0,CWE-330,CWE-330,1,0,1,0,0,0,1,0,0,0,1320,0.00264,192,0.001536,22,0.000176,0.004352,5.754284620285034
BenchmarkTest01603.java,0,CWE-330,CWE-330,1,0,1,0,0,0,1,0,0,0,1445,0.00289,128,0.001024,22,0.000176,0.00409,4.319098711013794
BenchmarkTest01604.java,0,CWE-614,,,,0,0,1,0,0,0,1,0,,,,,,,,
BenchmarkTest01605.java,0,CWE-614,,,,0,0,1,0,0,0,1,0,,,,,,,,
BenchmarkTest01606.java,0,CWE-78,CWE-78,1,1,0,1,0,0,0,0,1,0,969,0.001938,256,0.002048,21,0.000168,0.004154,6.724333047866821
BenchmarkTest01607.java,0,CWE-78,CWE-78,1,1,0,1,0,0,0,0,1,0,1122,0.002244,192,0.001536,21,0.000168,0.003948,4.554719924926758
BenchmarkTest01608.java,0,CWE-78,CWE-78,1,1,0,1,0,0,0,0,1,0,983,0.001966,192,0.001536,21,0.000168,0.00367,5.29198956489563
BenchmarkTest01609.java,0,CWE-78,CWE-78,1,0,1,0,0,0,1,0,0,0,1023,0.002046,320,0.00256,22,0.000176,0.004782000000000001,6.750797986984253
BenchmarkTest01610.java,0,CWE-78,CWE-78,1,0,1,0,0,0,1,0,0,0,1002,0.002004,192,0.001536,22,0.000176,0.003716,4.9728684425354
BenchmarkTest01611.java,0,CWE-330,,,,0,0,1,0,0,0,1,0,,,,,,,,
BenchmarkTest01612.java,0,CWE-330,,,,0,0,1,0,0,0,1,0,,,,,,,,
BenchmarkTest01613.java,0,CWE-330,,,,0,0,1,0,0,0,1,0,,,,,,,,
BenchmarkTest01614.java,0,CWE-330,,,,0,0,1,0,0,0,1,0,,,,,,,,
BenchmarkTest01620.java,0,CWE-89,CWE-89,1,0,1,0,0,0,1,0,0,0,964,0.001928,128,0.001024,22,0.000176,0.0031279999999999997,4.633000135421753
BenchmarkTest01621.java,0,CWE-89,CWE-89,1,0,1,0,0,0,1,0,0,0,923,0.001846,128,0.001024,22,0.000176,0.003046,3.6181209087371826
BenchmarkTest01622.java,0,CWE-89,CWE-89,1,1,0,1,0,0,0,0,1,0,975,0.00195,320,0.00256,21,0.000168,0.004678,5.89239501953125
BenchmarkTest01623.java,0,CWE-89,CWE-89,1,0,1,0,0,0,1,0,0,0,941,0.001882,192,0.001536,22,0.000176,0.003594,4.235118627548218
BenchmarkTest01624.java,0,CWE-89,CWE-89,1,0,1,0,0,0,1,0,0,0,970,0.00194,192,0.001536,22,0.000176,0.003652,3.922440528869629
BenchmarkTest01625.java,0,CWE-89,,,,0,0,0,1,0,0,0,1,,,,,,,,
BenchmarkTest01626.java,0,CWE-89,CWE-89,1,0,1,0,0,0,1,0,0,0,966,0.001932,128,0.001024,22,0.000176,0.003132,3.9019763469696045
BenchmarkTest01627.java,0,CWE-89,CWE-89,1,0,1,0,0,0,1,0,0,0,872,0.001744,192,0.001536,22,0.000176,0.003456,4.059625864028931
BenchmarkTest01628.java,0,CWE-89,CWE-89,1,1,0,1,0,0,0,0,1,0,957,0.001914,448,0.003584,21,0.000168,0.005665999999999999,7.418792724609375
BenchmarkTest01629.java,0,CWE-89,CWE-89,1,1,0,1,0,0,0,0,1,0,911,0.001822,192,0.001536,21,0.000168,0.003526,4.075199842453003
BenchmarkTest01630.java,0,CWE-89,CWE-89,1,0,1,0,0,0,1,0,0,0,921,0.001842,128,0.001024,22,0.000176,0.003042,12.620031118392944
BenchmarkTest01631.java,0,CWE-89,CWE-89,1,0,1,0,0,0,1,0,0,0,909,0.001818,128,0.001024,22,0.000176,0.003018,3.92299485206604
BenchmarkTest01632.java,0,CWE-643,CWE-643,1,1,0,1,0,0,0,0,1,0,1102,0.002204,192,0.001536,21,0.000168,0.003908,4.527168273925781
BenchmarkTest01633.java,0,CWE-643,CWE-643,1,1,0,1,0,0,0,0,1,0,1172,0.002344,384,0.003072,21,0.000168,0.005584,6.656625509262085
BenchmarkTest01634.java,0,CWE-327,CWE-327,1,0,1,0,0,0,1,0,0,0,1917,0.003834,64,0.000512,22,0.000176,0.004522,2.8107752799987793
BenchmarkTest01635.java,0,CWE-327,,,,0,0,1,0,0,0,1,0,,,,,,,,
BenchmarkTest01636.java,0,CWE-327,,,,0,0,1,0,0,0,1,0,,,,,,,,
BenchmarkTest01637.java,0,CWE-327,CWE-327,1,0,1,0,0,0,1,0,0,0,1823,0.003646,128,0.001024,22,0.000176,0.004846,2.8872272968292236
BenchmarkTest01638.java,0,CWE-327,CWE-327,1,0,1,0,0,0,1,0,0,0,1605,0.00321,64,0.000512,22,0.000176,0.003898,2.2728025913238525
BenchmarkTest01639.java,0,CWE-327,CWE-327,1,0,1,0,0,0,1,0,0,0,1487,0.002974,64,0.000512,22,0.000176,0.003662,11.823185920715332
BenchmarkTest01640.java,0,CWE-327,,,,0,0,1,0,0,0,1,0,,,,,,,,
BenchmarkTest01641.java,0,CWE-327,CWE-327,1,0,1,0,0,0,1,0,0,0,1465,0.00293,128,0.001024,22,0.000176,0.00413,12.590073585510254
BenchmarkTest01642.java,0,CWE-22,CWE-23,0,0,1,0,0,0,1,0,0,0,1345,0.00269,384,0.003072,22,0.000176,0.005938,13.323947191238403
BenchmarkTest01643.java,0,CWE-22,CWE-23,0,0,1,0,0,0,1,0,0,0,1477,0.002954,640,0.00512,22,0.000176,0.008250000000000002,15.453882455825806
BenchmarkTest01644.java,0,CWE-22,CWE-23,0,1,0,1,0,0,0,0,1,0,1492,0.002984,192,0.001536,21,0.000168,0.0046879999999999995,13.851142644882202
BenchmarkTest01645.java,0,CWE-22,CWE-23,0,0,1,0,0,0,1,0,0,0,1497,0.002994,256,0.002048,22,0.000176,0.0052179999999999995,16.948421955108643
BenchmarkTest01646.java,0,CWE-22,CWE-23,0,1,0,1,0,0,0,0,1,0,1460,0.00292,192,0.001536,21,0.000168,0.004624,13.37074089050293
BenchmarkTest01647.java,0,CWE-22,CWE-23,0,0,1,0,0,0,1,0,0,0,1382,0.002764,192,0.001536,22,0.000176,0.004476,14.658682346343994
BenchmarkTest01648.java,0,CWE-330,CWE-330,1,0,1,0,0,0,1,0,0,0,1381,0.002762,256,0.002048,22,0.000176,0.004986,14.665649175643921
BenchmarkTest01649.java,0,CWE-328,CWE-916,0,0,1,0,0,0,1,0,0,0,1471,0.002942,192,0.001536,22,0.000176,0.004654,15.067681550979614
BenchmarkTest01650.java,0,CWE-328,CWE-916,0,0,1,0,0,0,1,0,0,0,1407,0.002814,128,0.001024,22,0.000176,0.004014,13.416030168533325
BenchmarkTest01651.java,0,CWE-328,CWE-916,0,0,1,0,0,0,1,0,0,0,1380,0.00276,192,0.001536,22,0.000176,0.004471999999999999,11.282312631607056
BenchmarkTest01652.java,0,CWE-328,,,,0,0,1,0,0,0,1,0,,,,,,,,
BenchmarkTest01653.java,0,CWE-328,CWE-916,0,0,1,0,0,0,1,0,0,0,1337,0.002674,64,0.000512,22,0.000176,0.003362,9.65321397781372
BenchmarkTest01654.java,0,CWE-328,,,,0,0,0,1,0,0,0,1,,,,,,,,
BenchmarkTest01655.java,0,CWE-328,,,,0,0,1,0,0,0,1,0,,,,,,,,
BenchmarkTest01656.java,0,CWE-328,,,,0,0,1,0,0,0,1,0,,,,,,,,
BenchmarkTest01657.java,0,CWE-79,CWE-79,1,0,1,0,0,0,1,0,0,0,1469,0.002938,192,0.001536,22,0.000176,0.0046500000000000005,11.234768390655518
BenchmarkTest01658.java,0,CWE-79,CWE-79,1,0,1,0,0,0,1,0,0,0,1423,0.002846,256,0.002048,22,0.000176,0.00507,13.470791339874268
BenchmarkTest01659.java,0,CWE-79,CWE-79,1,1,0,1,0,0,0,0,1,0,1409,0.002818,192,0.001536,21,0.000168,0.004522,11.190223217010498
BenchmarkTest01660.java,0,CWE-79,CWE-79,1,0,1,0,0,0,1,0,0,0,1427,0.002854,192,0.001536,22,0.000176,0.004566,12.049819231033325
BenchmarkTest01661.java,0,CWE-79,CWE-79,1,1,0,1,0,0,0,0,1,0,1436,0.002872,384,0.003072,21,0.000168,0.006111999999999999,16.126893520355225
BenchmarkTest01662.java,0,CWE-79,CWE-79,1,0,1,0,0,0,1,0,0,0,1469,0.002938,320,0.00256,22,0.000176,0.005674,11.293330430984497
BenchmarkTest01663.java,0,CWE-79,CWE-79,1,1,0,1,0,0,0,0,1,0,1514,0.003028,384,0.003072,21,0.000168,0.006267999999999999,15.89116907119751
BenchmarkTest01664.java,0,CWE-79,CWE-79,1,1,0,1,0,0,0,0,1,0,1416,0.002832,384,0.003072,21,0.000168,0.006071999999999999,11.463082313537598
BenchmarkTest01665.java,0,CWE-79,CWE-79,1,0,1,0,0,0,1,0,0,0,1427,0.002854,128,0.001024,22,0.000176,0.004054,9.507797479629517
BenchmarkTest01666.java,0,CWE-79,CWE-79,1,0,1,0,0,0,1,0,0,0,1466,0.002932,1088,0.008704,22,0.000176,0.011812000000000001,18.333252906799316
BenchmarkTest01667.java,0,CWE-79,CWE-79,1,0,1,0,0,0,1,0,0,0,1489,0.002978,128,0.001024,22,0.000176,0.004178,11.378721475601196
BenchmarkTest01668.java,0,CWE-79,CWE-79,1,1,0,1,0,0,0,0,1,0,1504,0.003008,256,0.002048,21,0.000168,0.0052239999999999995,13.970378398895264
BenchmarkTest01669.java,0,CWE-79,CWE-79,1,1,0,1,0,0,0,0,1,0,1413,0.002826,320,0.00256,21,0.000168,0.005554,15.574140787124634
BenchmarkTest01670.java,0,CWE-79,CWE-79,1,0,1,0,0,0,1,0,0,0,1409,0.002818,128,0.001024,22,0.000176,0.004018,12.617208242416382
BenchmarkTest01671.java,0,CWE-79,CWE-79,1,1,0,1,0,0,0,0,1,0,1416,0.002832,256,0.002048,21,0.000168,0.0050479999999999995,11.884591579437256
BenchmarkTest01672.java,0,CWE-78,CWE-78,1,1,0,1,0,0,0,0,1,0,1140,0.00228,256,0.002048,21,0.000168,0.004496,12.535462617874146
BenchmarkTest01673.java,0,CWE-78,CWE-78,1,0,1,0,0,0,1,0,0,0,1104,0.002208,192,0.001536,22,0.000176,0.00392,12.917280197143555
BenchmarkTest01674.java,0,CWE-78,CWE-78,1,0,1,0,0,0,1,0,0,0,1130,0.00226,256,0.002048,22,0.000176,0.004483999999999999,12.907610654830933
BenchmarkTest01675.java,0,CWE-330,CWE-330,1,0,1,0,0,0,1,0,0,0,1460,0.00292,64,0.000512,22,0.000176,0.0036079999999999997,11.013233423233032
BenchmarkTest01676.java,0,CWE-330,CWE-330,1,0,1,0,0,0,1,0,0,0,1407,0.002814,192,0.001536,22,0.000176,0.004526,12.259788036346436
BenchmarkTest01677.java,0,CWE-330,CWE-330,1,0,1,0,0,0,1,0,0,0,1439,0.002878,128,0.001024,22,0.000176,0.004078,9.722620964050293
BenchmarkTest01678.java,0,CWE-330,CWE-330,1,0,1,0,0,0,1,0,0,0,1594,0.003188,128,0.001024,22,0.000176,0.0043879999999999995,9.68713116645813
BenchmarkTest01679.java,0,CWE-330,CWE-330,1,0,1,0,0,0,1,0,0,0,1384,0.002768,64,0.000512,22,0.000176,0.003456,8.138713836669922
BenchmarkTest01680.java,0,CWE-330,CWE-330,1,0,1,0,0,0,1,0,0,0,1390,0.00278,128,0.001024,22,0.000176,0.00398,10.879195928573608
BenchmarkTest01681.java,0,CWE-330,CWE-330,1,0,1,0,0,0,1,0,0,0,1450,0.0029,384,0.003072,22,0.000176,0.006148,19.905590057373047
BenchmarkTest01682.java,0,CWE-614,CWE-614,1,0,1,0,0,0,1,0,0,0,1139,0.002278,64,0.000512,22,0.000176,0.002966,9.834327936172485
BenchmarkTest01683.java,0,CWE-614,CWE-614,1,0,1,0,0,0,1,0,0,0,1165,0.00233,128,0.001024,22,0.000176,0.00353,12.41389799118042
BenchmarkTest01684.java,0,CWE-614,,,,0,0,1,0,0,0,1,0,,,,,,,,
BenchmarkTest01685.java,0,CWE-78,CWE-78,1,0,1,0,0,0,1,0,0,0,1212,0.002424,576,0.004608,22,0.000176,0.007208,13.903368473052979
BenchmarkTest01686.java,0,CWE-78,CWE-78,1,1,0,1,0,0,0,0,1,0,1044,0.002088,384,0.003072,21,0.000168,0.005327999999999999,12.742126941680908
BenchmarkTest01687.java,0,CWE-78,CWE-78,1,1,0,1,0,0,0,0,1,0,1225,0.00245,320,0.00256,21,0.000168,0.005178,12.96849274635315
BenchmarkTest01688.java,0,CWE-78,CWE-78,1,1,0,1,0,0,0,0,1,0,1120,0.00224,320,0.00256,21,0.000168,0.004968,12.95667314529419
BenchmarkTest01689.java,0,CWE-78,CWE-78,1,0,1,0,0,0,1,0,0,0,1122,0.002244,384,0.003072,22,0.000176,0.0054919999999999995,13.018197298049927
BenchmarkTest01690.java,0,CWE-78,CWE-78,1,0,1,0,0,0,1,0,0,0,1010,0.00202,832,0.006656,22,0.000176,0.008852,15.602401494979858
BenchmarkTest01691.java,0,CWE-78,CWE-78,1,0,1,0,0,0,1,0,0,0,1100,0.0022,448,0.003584,22,0.000176,0.00596,15.930530309677124
BenchmarkTest01692.java,0,CWE-78,CWE-78,1,1,0,1,0,0,0,0,1,0,1330,0.00266,384,0.003072,21,0.000168,0.0059,15.205824613571167
BenchmarkTest01693.java,0,CWE-78,CWE-78,1,1,0,1,0,0,0,0,1,0,1127,0.002254,256,0.002048,21,0.000168,0.00447,16.74371337890625
BenchmarkTest01694.java,0,CWE-330,,,,0,0,1,0,0,0,1,0,,,,,,,,
BenchmarkTest01695.java,0,CWE-330,,,,0,0,1,0,0,0,1,0,,,,,,,,
BenchmarkTest01696.java,0,CWE-330,,,,0,0,1,0,0,0,1,0,,,,,,,,
BenchmarkTest01697.java,0,CWE-330,,,,0,0,1,0,0,0,1,0,,,,,,,,
BenchmarkTest01698.java,0,CWE-330,CWE-330,1,1,0,1,0,0,0,0,1,0,1687,0.003374,576,0.004608,21,0.000168,0.00815,13.726011991500854
BenchmarkTest01699.java,0,CWE-330,CWE-330,1,1,0,1,0,0,0,0,1,0,1459,0.002918,256,0.002048,21,0.000168,0.005134,11.139896631240845
BenchmarkTest01700.java,0,CWE-330,CWE-330,1,1,0,1,0,0,0,0,1,0,1535,0.00307,512,0.004096,21,0.000168,0.007333999999999999,12.443763494491577
BenchmarkTest01701.java,0,CWE-330,,,,0,0,1,0,0,0,1,0,,,,,,,,
BenchmarkTest01702.java,0,CWE-330,,,,0,0,1,0,0,0,1,0,,,,,,,,
BenchmarkTest01703.java,0,CWE-330,,,,0,0,1,0,0,0,1,0,,,,,,,,
BenchmarkTest01704.java,0,CWE-330,,,,0,0,1,0,0,0,1,0,,,,,,,,
BenchmarkTest01705.java,0,CWE-330,,,,0,0,1,0,0,0,1,0,,,,,,,,
BenchmarkTest01706.java,0,CWE-330,,,,0,0,1,0,0,0,1,0,,,,,,,,
BenchmarkTest01707.java,0,CWE-330,,,,0,0,1,0,0,0,1,0,,,,,,,,
BenchmarkTest01712.java,0,CWE-89,CWE-89,1,0,1,0,0,0,1,0,0,0,1098,0.002196,128,0.001024,22,0.000176,0.0033959999999999997,8.030883550643921
BenchmarkTest01713.java,0,CWE-89,CWE-89,1,1,0,1,0,0,0,0,1,0,1113,0.002226,192,0.001536,21,0.000168,0.00393,9.431875228881836
BenchmarkTest01714.java,0,CWE-89,CWE-89,1,1,0,1,0,0,0,0,1,0,1066,0.002132,256,0.002048,21,0.000168,0.0043479999999999994,12.709704637527466
BenchmarkTest01715.java,0,CWE-89,CWE-89,1,0,1,0,0,0,1,0,0,0,1077,0.002154,128,0.001024,22,0.000176,0.003354,8.569557905197144
BenchmarkTest01716.java,0,CWE-89,CWE-89,1,0,1,0,0,0,1,0,0,0,1082,0.002164,128,0.001024,22,0.000176,0.003364,9.386161088943481
BenchmarkTest01717.java,0,CWE-89,CWE-89,1,1,0,1,0,0,0,0,1,0,1127,0.002254,512,0.004096,21,0.000168,0.0065179999999999995,194.87634706497192
BenchmarkTest01718.java,0,CWE-89,CWE-89,1,0,1,0,0,0,1,0,0,0,1096,0.002192,64,0.000512,22,0.000176,0.0028799999999999997,8.513176202774048
BenchmarkTest01719.java,0,CWE-89,CWE-89,1,1,0,1,0,0,0,0,1,0,1106,0.002212,576,0.004608,21,0.000168,0.006987999999999999,13.722729444503784
BenchmarkTest01720.java,0,CWE-89,,,,0,0,0,1,0,0,0,1,,,,,,,,
BenchmarkTest01721.java,0,CWE-89,CWE-89,1,0,1,0,0,0,1,0,0,0,1218,0.002436,192,0.001536,22,0.000176,0.004148,8.444575309753418
BenchmarkTest01722.java,0,CWE-89,CWE-89,1,1,0,1,0,0,0,0,1,0,1292,0.002584,256,0.002048,21,0.000168,0.0048,11.736908674240112
BenchmarkTest01723.java,0,CWE-89,,,,0,0,0,1,0,0,0,1,,,,,,,,
BenchmarkTest01724.java,0,CWE-89,,,,0,0,0,1,0,0,0,1,,,,,,,,
BenchmarkTest01725.java,0,CWE-89,,,,0,0,0,1,0,0,0,1,,,,,,,,
BenchmarkTest01726.java,0,CWE-89,,,,0,0,0,1,0,0,0,1,,,,,,,,
BenchmarkTest01727.java,0,CWE-89,CWE-89,1,0,1,0,0,0,1,0,0,0,1078,0.002156,192,0.001536,22,0.000176,0.003868,9.637675523757935
BenchmarkTest01728.java,0,CWE-89,CWE-89,1,0,1,0,0,0,1,0,0,0,1044,0.002088,192,0.001536,22,0.000176,0.0038,9.880469560623169
BenchmarkTest01729.java,0,CWE-89,CWE-89,1,1,0,1,0,0,0,0,1,0,1103,0.002206,320,0.00256,21,0.000168,0.004934,13.340362787246704
BenchmarkTest01730.java,0,CWE-89,CWE-89,1,0,1,0,0,0,1,0,0,0,1076,0.002152,192,0.001536,22,0.000176,0.003864,9.268843173980713
BenchmarkTest01731.java,0,CWE-89,CWE-89,1,0,1,0,0,0,1,0,0,0,1105,0.00221,128,0.001024,22,0.000176,0.00341,7.701288461685181
BenchmarkTest01732.java,0,CWE-89,CWE-89,1,1,0,1,0,0,0,0,1,0,1043,0.002086,192,0.001536,21,0.000168,0.0037900000000000004,8.096346855163574
BenchmarkTest01733.java,0,CWE-89,CWE-89,1,0,1,0,0,0,1,0,0,0,1043,0.002086,192,0.001536,22,0.000176,0.003798,8.116551160812378
BenchmarkTest01734.java,0,CWE-643,CWE-643,1,0,1,0,0,0,1,0,0,0,1187,0.002374,128,0.001024,22,0.000176,0.003574,10.727429628372192
BenchmarkTest01735.java,0,CWE-643,CWE-643,1,1,0,1,0,0,0,0,1,0,1189,0.002378,256,0.002048,21,0.000168,0.004593999999999999,9.175000190734863
BenchmarkTest01736.java,0,CWE-643,CWE-643,1,0,1,0,0,0,1,0,0,0,1137,0.002274,192,0.001536,22,0.000176,0.003986,8.498592376708984
BenchmarkTest01737.java,0,CWE-327,,,,0,0,1,0,0,0,1,0,,,,,,,,
BenchmarkTest01738.java,0,CWE-327,,,,0,0,1,0,0,0,1,0,,,,,,,,
BenchmarkTest01739.java,0,CWE-327,,,,0,0,1,0,0,0,1,0,,,,,,,,
BenchmarkTest01740.java,0,CWE-327,CWE-327,1,0,1,0,0,0,1,0,0,0,1234,0.002468,448,0.003584,20,0.00016,0.0062120000000000005,10.163570165634155
BenchmarkTest01741.java,0,CWE-327,CWE-327,1,0,1,0,0,0,1,0,0,0,1287,0.002574,192,0.001536,22,0.000176,0.004286,8.629704236984253
BenchmarkTest01742.java,0,CWE-327,CWE-327,1,0,1,0,0,0,1,0,0,0,1229,0.002458,192,0.001536,22,0.000176,0.00417,8.657548666000366
BenchmarkTest01743.java,0,CWE-90,,,,0,0,1,0,0,0,1,0,,,,,,,,
BenchmarkTest01744.java,0,CWE-22,,,,0,0,1,0,0,0,1,0,,,,,,,,
BenchmarkTest01745.java,0,CWE-22,,,,0,0,1,0,0,0,1,0,,,,,,,,
BenchmarkTest01746.java,0,CWE-22,,,,0,0,1,0,0,0,1,0,,,,,,,,
BenchmarkTest01747.java,0,CWE-22,,,,0,0,1,0,0,0,1,0,,,,,,,,
BenchmarkTest01748.java,0,CWE-22,,,,0,0,1,0,0,0,1,0,,,,,,,,
BenchmarkTest01749.java,0,CWE-22,,,,0,0,1,0,0,0,1,0,,,,,,,,
BenchmarkTest01750.java,0,CWE-22,,,,0,0,1,0,0,0,1,0,,,,,,,,
BenchmarkTest01751.java,0,CWE-22,,,,0,0,1,0,0,0,1,0,,,,,,,,
BenchmarkTest01752.java,0,CWE-22,,,,0,0,1,0,0,0,1,0,,,,,,,,
BenchmarkTest01753.java,0,CWE-90,,,,0,0,1,0,0,0,1,0,,,,,,,,
BenchmarkTest01754.java,0,CWE-90,,,,0,0,1,0,0,0,1,0,,,,,,,,
BenchmarkTest01755.java,0,CWE-90,,,,0,0,1,0,0,0,1,0,,,,,,,,
BenchmarkTest01756.java,0,CWE-90,,,,0,0,1,0,0,0,1,0,,,,,,,,
BenchmarkTest01757.java,0,CWE-328,CWE-916,0,0,1,0,0,0,1,0,0,0,1320,0.00264,128,0.001024,22,0.000176,0.0038399999999999997,7.775912523269653
BenchmarkTest01758.java,0,CWE-328,,,,0,0,1,0,0,0,1,0,,,,,,,,
BenchmarkTest01759.java,0,CWE-328,,,,0,0,1,0,0,0,1,0,,,,,,,,
BenchmarkTest01760.java,0,CWE-328,,,,0,0,1,0,0,0,1,0,,,,,,,,
BenchmarkTest01761.java,0,CWE-328,CWE-916,0,0,1,0,0,0,1,0,0,0,1252,0.002504,64,0.000512,22,0.000176,0.003192,7.188264846801758
BenchmarkTest01762.java,0,CWE-328,,,,0,0,1,0,0,0,1,0,,,,,,,,
BenchmarkTest01763.java,0,CWE-328,,,,0,0,1,0,0,0,1,0,,,,,,,,
BenchmarkTest01764.java,0,CWE-328,,,,0,0,1,0,0,0,1,0,,,,,,,,
BenchmarkTest01765.java,0,CWE-328,,,,0,0,0,1,0,0,0,1,,,,,,,,
BenchmarkTest01766.java,0,CWE-328,,,,0,0,0,1,0,0,0,1,,,,,,,,
BenchmarkTest01767.java,0,CWE-79,,,,0,0,1,0,0,0,1,0,,,,,,,,
BenchmarkTest01768.java,0,CWE-79,,,,0,0,1,0,0,0,1,0,,,,,,,,
BenchmarkTest01769.java,0,CWE-79,,,,0,0,1,0,0,0,1,0,,,,,,,,
BenchmarkTest01770.java,0,CWE-79,,,,0,0,1,0,0,0,1,0,,,,,,,,
BenchmarkTest01771.java,0,CWE-79,,,,0,0,1,0,0,0,1,0,,,,,,,,
BenchmarkTest01772.java,0,CWE-79,,,,0,0,1,0,0,0,1,0,,,,,,,,
BenchmarkTest01773.java,0,CWE-79,,,,0,0,1,0,0,0,1,0,,,,,,,,
BenchmarkTest01774.java,0,CWE-79,,,,0,0,1,0,0,0,1,0,,,,,,,,
BenchmarkTest01775.java,0,CWE-79,,,,0,0,1,0,0,0,1,0,,,,,,,,
BenchmarkTest01776.java,0,CWE-79,,,,0,0,1,0,0,0,1,0,,,,,,,,
BenchmarkTest01777.java,0,CWE-79,,,,0,0,1,0,0,0,1,0,,,,,,,,
BenchmarkTest01778.java,0,CWE-78,,,,0,0,1,0,0,0,1,0,,,,,,,,
BenchmarkTest01779.java,0,CWE-78,,,,0,0,1,0,0,0,1,0,,,,,,,,
BenchmarkTest01780.java,0,CWE-78,,,,0,0,1,0,0,0,1,0,,,,,,,,
BenchmarkTest01781.java,0,CWE-330,CWE-330,1,0,1,0,0,0,1,0,0,0,1295,0.00259,128,0.001024,22,0.000176,0.00379,8.102594375610352
BenchmarkTest01782.java,0,CWE-330,CWE-330,1,0,1,0,0,0,1,0,0,0,1277,0.002554,64,0.000512,22,0.000176,0.0032419999999999997,7.025625228881836
BenchmarkTest01783.java,0,CWE-330,CWE-330,1,0,1,0,0,0,1,0,0,0,1243,0.002486,320,0.00256,22,0.000176,0.005222,11.461483478546143
BenchmarkTest01784.java,0,CWE-330,CWE-330,1,0,1,0,0,0,1,0,0,0,1271,0.002542,128,0.001024,22,0.000176,0.0037419999999999997,8.628793716430664
BenchmarkTest01785.java,0,CWE-330,CWE-330,1,0,1,0,0,0,1,0,0,0,1233,0.002466,128,0.001024,22,0.000176,0.003666,6.719898700714111
BenchmarkTest01786.java,0,CWE-330,CWE-330,1,0,1,0,0,0,1,0,0,0,1274,0.002548,192,0.001536,22,0.000176,0.00426,8.222336053848267
BenchmarkTest01787.java,0,CWE-330,CWE-330,1,0,1,0,0,0,1,0,0,0,1213,0.002426,192,0.001536,22,0.000176,0.004138,9.116919994354248
BenchmarkTest01788.java,0,CWE-330,CWE-330,1,0,1,0,0,0,1,0,0,0,1238,0.002476,384,0.003072,22,0.000176,0.005724,8.953206539154053
BenchmarkTest01789.java,0,CWE-614,CWE-614,1,0,1,0,0,0,1,0,0,0,1023,0.002046,128,0.001024,22,0.000176,0.0032459999999999998,6.522449254989624
BenchmarkTest01790.java,0,CWE-79,,,,0,0,1,0,0,0,1,0,,,,,,,,
BenchmarkTest01791.java,0,CWE-78,,,,0,0,1,0,0,0,1,0,,,,,,,,
BenchmarkTest01792.java,0,CWE-78,,,,0,0,1,0,0,0,1,0,,,,,,,,
BenchmarkTest01793.java,0,CWE-78,,,,0,0,1,0,0,0,1,0,,,,,,,,
BenchmarkTest01794.java,0,CWE-78,,,,0,0,1,0,0,0,1,0,,,,,,,,
BenchmarkTest01795.java,0,CWE-78,,,,0,0,1,0,0,0,1,0,,,,,,,,
BenchmarkTest01796.java,0,CWE-78,,,,0,0,1,0,0,0,1,0,,,,,,,,
BenchmarkTest01797.java,0,CWE-330,,,,0,0,1,0,0,0,1,0,,,,,,,,
BenchmarkTest01798.java,0,CWE-330,,,,0,0,1,0,0,0,1,0,,,,,,,,
BenchmarkTest01799.java,0,CWE-330,,,,0,0,1,0,0,0,1,0,,,,,,,,
BenchmarkTest01800.java,0,CWE-330,,,,0,0,1,0,0,0,1,0,,,,,,,,
BenchmarkTest01801.java,0,CWE-330,,,,0,0,1,0,0,0,1,0,,,,,,,,
BenchmarkTest01803.java,0,CWE-89,,,,0,0,1,0,0,0,1,0,,,,,,,,
BenchmarkTest01804.java,0,CWE-89,,,,0,0,1,0,0,0,1,0,,,,,,,,
BenchmarkTest01805.java,0,CWE-89,,,,0,0,1,0,0,0,1,0,,,,,,,,
BenchmarkTest01806.java,0,CWE-89,,,,0,0,1,0,0,0,1,0,,,,,,,,
BenchmarkTest01807.java,0,CWE-89,,,,0,0,1,0,0,0,1,0,,,,,,,,
BenchmarkTest01808.java,0,CWE-89,,,,0,0,1,0,0,0,1,0,,,,,,,,
BenchmarkTest01809.java,0,CWE-89,,,,0,0,1,0,0,0,1,0,,,,,,,,
BenchmarkTest01810.java,0,CWE-89,,,,0,0,1,0,0,0,1,0,,,,,,,,
BenchmarkTest01811.java,0,CWE-89,,,,0,0,1,0,0,0,1,0,,,,,,,,
BenchmarkTest01812.java,0,CWE-89,,,,0,0,1,0,0,0,1,0,,,,,,,,
BenchmarkTest01813.java,0,CWE-89,,,,0,0,1,0,0,0,1,0,,,,,,,,
BenchmarkTest01814.java,0,CWE-89,,,,0,0,1,0,0,0,1,0,,,,,,,,
BenchmarkTest01815.java,0,CWE-89,,,,0,0,1,0,0,0,1,0,,,,,,,,
BenchmarkTest01816.java,0,CWE-89,,,,0,0,1,0,0,0,1,0,,,,,,,,
BenchmarkTest01817.java,0,CWE-89,,,,0,0,1,0,0,0,1,0,,,,,,,,
BenchmarkTest01818.java,0,CWE-89,,,,0,0,1,0,0,0,1,0,,,,,,,,
BenchmarkTest01819.java,0,CWE-89,,,,0,0,1,0,0,0,1,0,,,,,,,,
BenchmarkTest01820.java,0,CWE-89,,,,0,0,1,0,0,0,1,0,,,,,,,,
BenchmarkTest01821.java,0,CWE-643,,,,0,0,1,0,0,0,1,0,,,,,,,,
BenchmarkTest01822.java,0,CWE-327,CWE-327,1,0,1,0,0,0,1,0,0,0,1767,0.003534,64,0.000512,22,0.000176,0.004222,6.4652698040008545
BenchmarkTest01823.java,0,CWE-327,CWE-327,1,0,1,0,0,0,1,0,0,0,1717,0.003434,64,0.000512,22,0.000176,0.004122,5.846848964691162
BenchmarkTest01824.java,0,CWE-327,,,,0,0,1,0,0,0,1,0,,,,,,,,
BenchmarkTest01825.java,0,CWE-327,,,,0,0,1,0,0,0,1,0,,,,,,,,
BenchmarkTest01826.java,0,CWE-327,,,,0,0,1,0,0,0,1,0,,,,,,,,
BenchmarkTest01827.java,0,CWE-327,,,,0,0,1,0,0,0,1,0,,,,,,,,
BenchmarkTest01828.java,0,CWE-327,,,,0,0,1,0,0,0,1,0,,,,,,,,
BenchmarkTest01829.java,0,CWE-327,CWE-327,1,0,1,0,0,0,1,0,0,0,1589,0.003178,64,0.000512,22,0.000176,0.0038659999999999996,5.692020654678345
BenchmarkTest01830.java,0,CWE-327,CWE-327,1,0,1,0,0,0,1,0,0,0,1406,0.002812,64,0.000512,22,0.000176,0.0034999999999999996,4.917816877365112
BenchmarkTest01831.java,0,CWE-90,CWE-90,1,0,1,0,0,0,1,0,0,0,1350,0.0027,256,0.002048,22,0.000176,0.004924,5.512126922607422
BenchmarkTest01832.java,0,CWE-90,CWE-90,1,0,1,0,0,0,1,0,0,0,1348,0.002696,128,0.001024,22,0.000176,0.003896,5.038601636886597
BenchmarkTest01833.java,0,CWE-22,CWE-23,0,0,1,0,0,0,1,0,0,0,1406,0.002812,384,0.003072,22,0.000176,0.00606,6.7750403881073
BenchmarkTest01834.java,0,CWE-22,CWE-23,0,1,0,1,0,0,0,0,1,0,1406,0.002812,256,0.002048,21,0.000168,0.0050279999999999995,5.9879984855651855
BenchmarkTest01835.java,0,CWE-22,CWE-23,0,0,1,0,0,0,1,0,0,0,1354,0.002708,320,0.00256,22,0.000176,0.005444,6.387305021286011
BenchmarkTest01836.java,0,CWE-22,CWE-23,0,0,1,0,0,0,1,0,0,0,1535,0.00307,448,0.003584,22,0.000176,0.00683,7.136153221130371
BenchmarkTest01837.java,0,CWE-22,CWE-23,0,1,0,1,0,0,0,0,1,0,1493,0.002986,512,0.004096,21,0.000168,0.0072499999999999995,6.420164108276367
BenchmarkTest01838.java,0,CWE-22,CWE-23,0,1,0,1,0,0,0,0,1,0,1548,0.003096,192,0.001536,21,0.000168,0.0048,4.257059335708618
BenchmarkTest01839.java,0,CWE-22,CWE-23,0,0,1,0,0,0,1,0,0,0,1388,0.002776,192,0.001536,22,0.000176,0.004488,3.466646432876587
BenchmarkTest01840.java,0,CWE-22,CWE-23,0,0,1,0,0,0,1,0,0,0,1357,0.002714,128,0.001024,22,0.000176,0.003914,2.7229716777801514
BenchmarkTest01841.java,0,CWE-22,CWE-23,0,1,0,1,0,0,0,0,1,0,1552,0.003104,832,0.006656,21,0.000168,0.009928,10.0640709400177
BenchmarkTest01842.java,0,CWE-330,CWE-330,1,0,1,0,0,0,1,0,0,0,1376,0.002752,192,0.001536,22,0.000176,0.004464,3.203108549118042
BenchmarkTest01843.java,0,CWE-330,CWE-330,1,0,1,0,0,0,1,0,0,0,1443,0.002886,192,0.001536,22,0.000176,0.0045980000000000005,3.1415843963623047
BenchmarkTest01844.java,0,CWE-328,CWE-916,0,0,1,0,0,0,1,0,0,0,1658,0.003316,64,0.000512,22,0.000176,0.004004,2.404448986053467
BenchmarkTest01845.java,0,CWE-328,CWE-916,0,0,1,0,0,0,1,0,0,0,1455,0.00291,256,0.002048,22,0.000176,0.005134,4.279897928237915
BenchmarkTest01846.java,0,CWE-328,CWE-916,0,0,1,0,0,0,1,0,0,0,1433,0.002866,128,0.001024,22,0.000176,0.004066,2.879664897918701
BenchmarkTest01847.java,0,CWE-328,,,,0,0,1,0,0,0,1,0,,,,,,,,
BenchmarkTest01848.java,0,CWE-328,,,,0,0,1,0,0,0,1,0,,,,,,,,
BenchmarkTest01849.java,0,CWE-328,,,,0,0,1,0,0,0,1,0,,,,,,,,
BenchmarkTest01850.java,0,CWE-78,CWE-78,1,0,1,0,0,0,1,0,0,0,1133,0.002266,576,0.004608,22,0.000176,0.00705,6.8281190395355225
BenchmarkTest01851.java,0,CWE-78,CWE-78,1,0,1,0,0,0,1,0,0,0,1196,0.002392,320,0.00256,22,0.000176,0.005128,7.3675901889801025
BenchmarkTest01852.java,0,CWE-78,CWE-78,1,0,1,0,0,0,1,0,0,0,1142,0.002284,384,0.003072,22,0.000176,0.005532,4.954126358032227
BenchmarkTest01853.java,0,CWE-330,CWE-330,1,0,1,0,0,0,1,0,0,0,1428,0.002856,192,0.001536,22,0.000176,0.004568,3.2711007595062256
BenchmarkTest01854.java,0,CWE-330,CWE-330,1,0,1,0,0,0,1,0,0,0,1613,0.003226,128,0.001024,22,0.000176,0.004426,3.237921953201294
BenchmarkTest01855.java,0,CWE-330,CWE-330,1,0,1,0,0,0,1,0,0,0,1418,0.002836,64,0.000512,22,0.000176,0.003524,2.130737781524658
BenchmarkTest01856.java,0,CWE-330,CWE-330,1,0,1,0,0,0,1,0,0,0,1355,0.00271,64,0.000512,22,0.000176,0.003398,2.9695117473602295
BenchmarkTest01857.java,0,CWE-330,CWE-330,1,0,1,0,0,0,1,0,0,0,1401,0.002802,192,0.001536,22,0.000176,0.004514,3.1277003288269043
BenchmarkTest01858.java,0,CWE-330,CWE-330,1,0,1,0,0,0,1,0,0,0,1453,0.002906,256,0.002048,22,0.000176,0.00513,4.332634210586548
BenchmarkTest01859.java,0,CWE-330,CWE-330,1,0,1,0,0,0,1,0,0,0,1368,0.002736,448,0.003584,22,0.000176,0.006496,9.573130369186401
BenchmarkTest01860.java,0,CWE-330,CWE-330,1,0,1,0,0,0,1,0,0,0,1364,0.002728,192,0.001536,22,0.000176,0.00444,3.4141860008239746
BenchmarkTest01861.java,0,CWE-614,CWE-614,1,0,1,0,0,0,1,0,0,0,1180,0.00236,128,0.001024,22,0.000176,0.00356,2.34098219871521
BenchmarkTest01862.java,0,CWE-614,,,,0,0,1,0,0,0,1,0,,,,,,,,
BenchmarkTest01863.java,0,CWE-614,,,,0,0,1,0,0,0,1,0,,,,,,,,
BenchmarkTest01864.java,0,CWE-78,CWE-78,1,0,1,0,0,0,1,0,0,0,1114,0.002228,384,0.003072,22,0.000176,0.005476,9.007437944412231
BenchmarkTest01865.java,0,CWE-78,CWE-78,1,1,0,1,0,0,0,0,1,0,1162,0.002324,448,0.003584,21,0.000168,0.006076,6.006796360015869
BenchmarkTest01866.java,0,CWE-330,CWE-330,1,1,0,1,0,0,0,0,1,0,1487,0.002974,320,0.00256,21,0.000168,0.0057020000000000005,6.692951679229736
BenchmarkTest01867.java,0,CWE-330,CWE-330,1,1,0,1,0,0,0,0,1,0,1559,0.003118,512,0.004096,21,0.000168,0.007382,10.376726627349854
BenchmarkTest01868.java,0,CWE-330,,,,0,0,1,0,0,0,1,0,,,,,,,,
BenchmarkTest01869.java,0,CWE-330,,,,0,0,1,0,0,0,1,0,,,,,,,,
BenchmarkTest01870.java,0,CWE-330,,,,0,0,1,0,0,0,1,0,,,,,,,,
BenchmarkTest01871.java,0,CWE-330,,,,0,0,1,0,0,0,1,0,,,,,,,,
BenchmarkTest01877.java,0,CWE-89,CWE-89,1,1,0,1,0,0,0,0,1,0,1152,0.002304,192,0.001536,21,0.000168,0.004008,3.906787872314453
BenchmarkTest01878.java,0,CWE-89,CWE-89,1,1,0,1,0,0,0,0,1,0,1066,0.002132,256,0.002048,21,0.000168,0.0043479999999999994,4.250905752182007
BenchmarkTest01879.java,0,CWE-89,CWE-89,1,1,0,1,0,0,0,0,1,0,1120,0.00224,320,0.00256,21,0.000168,0.004968,7.212691307067871
BenchmarkTest01880.java,0,CWE-89,CWE-89,1,1,0,1,0,0,0,0,1,0,1161,0.002322,256,0.002048,21,0.000168,0.0045379999999999995,4.761462926864624
BenchmarkTest01881.java,0,CWE-89,CWE-89,1,0,1,0,0,0,1,0,0,0,1131,0.002262,128,0.001024,22,0.000176,0.003462,3.380558490753174
BenchmarkTest01882.java,0,CWE-89,CWE-89,1,0,1,0,0,0,1,0,0,0,1278,0.002556,192,0.001536,22,0.000176,0.004268,3.026563882827759
BenchmarkTest01883.java,0,CWE-89,,,,0,0,0,1,0,0,0,1,,,,,,,,
BenchmarkTest01884.java,0,CWE-89,CWE-89,1,1,0,1,0,0,0,0,1,0,1077,0.002154,128,0.001024,21,0.000168,0.0033460000000000004,2.5645194053649902
BenchmarkTest01885.java,0,CWE-89,CWE-89,1,1,0,1,0,0,0,0,1,0,1081,0.002162,320,0.00256,21,0.000168,0.00489,5.0790746212005615
BenchmarkTest01886.java,0,CWE-89,CWE-89,1,1,0,1,0,0,0,0,1,0,1248,0.002496,320,0.00256,21,0.000168,0.0052239999999999995,5.770231246948242
BenchmarkTest01887.java,0,CWE-89,CWE-89,1,0,1,0,0,0,1,0,0,0,1009,0.002018,64,0.000512,22,0.000176,0.0027059999999999996,2.1368563175201416
BenchmarkTest01888.java,0,CWE-89,CWE-89,1,0,1,0,0,0,1,0,0,0,1052,0.002104,192,0.001536,22,0.000176,0.003816,3.1220333576202393
BenchmarkTest01889.java,0,CWE-89,CWE-89,1,0,1,0,0,0,1,0,0,0,1018,0.002036,64,0.000512,22,0.000176,0.002724,2.3229048252105713
BenchmarkTest01890.java,0,CWE-89,CWE-89,1,0,1,0,0,0,1,0,0,0,1018,0.002036,192,0.001536,22,0.000176,0.003748,5.165557861328125
BenchmarkTest01891.java,0,CWE-89,CWE-89,1,0,1,0,0,0,1,0,0,0,1057,0.002114,256,0.002048,22,0.000176,0.004338,5.06501030921936
BenchmarkTest01892.java,0,CWE-643,CWE-643,1,0,1,0,0,0,1,0,0,0,1245,0.00249,256,0.002048,22,0.000176,0.004714,3.8056626319885254
BenchmarkTest01893.java,0,CWE-643,CWE-643,1,1,0,1,0,0,0,0,1,0,1201,0.002402,320,0.00256,21,0.000168,0.00513,5.140317678451538
BenchmarkTest01894.java,0,CWE-643,CWE-643,1,0,1,0,0,0,1,0,0,0,1105,0.00221,128,0.001024,22,0.000176,0.00341,3.320483446121216
BenchmarkTest01895.java,0,CWE-327,CWE-327,1,0,1,0,0,0,1,0,0,0,1628,0.003256,64,0.000512,22,0.000176,0.0039440000000000005,2.074315071105957
BenchmarkTest01896.java,0,CWE-327,,,,0,0,1,0,0,0,1,0,,,,,,,,
BenchmarkTest01897.java,0,CWE-327,CWE-327,1,0,1,0,0,0,1,0,0,0,1304,0.002608,128,0.001024,22,0.000176,0.0038079999999999998,2.6136298179626465
BenchmarkTest01898.java,0,CWE-327,CWE-327,1,0,1,0,0,0,1,0,0,0,1329,0.002658,64,0.000512,22,0.000176,0.003346,1.6069331169128418
BenchmarkTest01899.java,0,CWE-327,,,,0,0,1,0,0,0,1,0,,,,,,,,
BenchmarkTest01900.java,0,CWE-327,CWE-327,1,0,1,0,0,0,1,0,0,0,1251,0.002502,128,0.001024,22,0.000176,0.0037019999999999996,2.055168390274048
BenchmarkTest01901.java,0,CWE-327,,,,0,0,1,0,0,0,1,0,,,,,,,,
BenchmarkTest01902.java,0,CWE-90,CWE-90,1,0,1,0,0,0,1,0,0,0,1194,0.002388,192,0.001536,22,0.000176,0.0041,2.973397970199585
BenchmarkTest01903.java,0,CWE-90,CWE-90,1,1,0,1,0,0,0,0,1,0,1171,0.002342,320,0.00256,21,0.000168,0.00507,4.595027446746826
BenchmarkTest01904.java,0,CWE-22,CWE-23,0,0,1,0,0,0,1,0,0,0,1251,0.002502,256,0.002048,22,0.000176,0.004726,4.418504953384399
BenchmarkTest01905.java,0,CWE-22,CWE-23,0,1,0,1,0,0,0,0,1,0,1360,0.00272,256,0.002048,21,0.000168,0.004935999999999999,3.7962772846221924
BenchmarkTest01906.java,0,CWE-22,CWE-23,0,0,1,0,0,0,1,0,0,0,1273,0.002546,256,0.002048,22,0.000176,0.00477,5.465965986251831
BenchmarkTest01907.java,0,CWE-22,CWE-23,0,0,1,0,0,0,1,0,0,0,1239,0.002478,320,0.00256,22,0.000176,0.005214000000000001,8.054005146026611
BenchmarkTest01908.java,0,CWE-22,CWE-23,0,0,1,0,0,0,1,0,0,0,1395,0.00279,320,0.00256,22,0.000176,0.0055260000000000005,3.952458620071411
BenchmarkTest01909.java,0,CWE-90,CWE-90,1,1,0,1,0,0,0,0,1,0,1258,0.002516,192,0.001536,21,0.000168,0.00422,3.0885086059570312
BenchmarkTest01910.java,0,CWE-330,CWE-330,1,0,1,0,0,0,1,0,0,0,1317,0.002634,192,0.001536,22,0.000176,0.004346,4.8112428188323975
BenchmarkTest01911.java,0,CWE-328,CWE-916,0,0,1,0,0,0,1,0,0,0,1360,0.00272,64,0.000512,22,0.000176,0.003408,1.783259630203247
BenchmarkTest01912.java,0,CWE-328,,,,0,0,1,0,0,0,1,0,,,,,,,,
BenchmarkTest01913.java,0,CWE-328,,,,0,0,1,0,0,0,1,0,,,,,,,,
BenchmarkTest01914.java,0,CWE-79,CWE-79,1,1,0,1,0,0,0,0,1,0,1359,0.002718,384,0.003072,21,0.000168,0.005958,5.455592155456543
BenchmarkTest01915.java,0,CWE-79,CWE-79,1,1,0,1,0,0,0,0,1,0,1312,0.002624,320,0.00256,21,0.000168,0.005352,7.617281436920166
BenchmarkTest01916.java,0,CWE-79,CWE-79,1,0,1,0,0,0,1,0,0,0,1278,0.002556,128,0.001024,22,0.000176,0.003756,3.098997116088867
BenchmarkTest01917.java,0,CWE-79,CWE-79,1,1,0,1,0,0,0,0,1,0,1273,0.002546,256,0.002048,21,0.000168,0.004762,4.378121852874756
BenchmarkTest01918.java,0,CWE-79,CWE-79,1,1,0,1,0,0,0,0,1,0,1314,0.002628,128,0.001024,21,0.000168,0.00382,2.91662859916687
BenchmarkTest01919.java,0,CWE-79,CWE-79,1,0,1,0,0,0,1,0,0,0,1308,0.002616,192,0.001536,22,0.000176,0.004327999999999999,3.8842225074768066
BenchmarkTest01920.java,0,CWE-79,CWE-79,1,0,1,0,0,0,1,0,0,0,1342,0.002684,192,0.001536,22,0.000176,0.004396,3.814067840576172
BenchmarkTest01921.java,0,CWE-79,CWE-79,1,0,1,0,0,0,1,0,0,0,1376,0.002752,256,0.002048,23,0.000184,0.004984000000000001,4.627555847167969
BenchmarkTest01922.java,0,CWE-79,CWE-79,1,0,1,0,0,0,1,0,0,0,1338,0.002676,384,0.003072,22,0.000176,0.005924,6.264556884765625
BenchmarkTest01923.java,0,CWE-79,CWE-79,1,0,1,0,0,0,1,0,0,0,1296,0.002592,192,0.001536,22,0.000176,0.004304,4.563094854354858
BenchmarkTest01924.java,0,CWE-79,CWE-79,1,1,0,1,0,0,0,0,1,0,1280,0.00256,1088,0.008704,21,0.000168,0.011432,14.091160774230957
BenchmarkTest01925.java,0,CWE-79,CWE-79,1,0,1,0,0,0,1,0,0,0,1312,0.002624,704,0.005632,22,0.000176,0.008432,10.890979051589966
BenchmarkTest01926.java,0,CWE-79,CWE-79,1,0,1,0,0,0,1,0,0,0,1292,0.002584,128,0.001024,22,0.000176,0.003784,2.222719669342041
BenchmarkTest01927.java,0,CWE-79,CWE-79,1,0,1,0,0,0,1,0,0,0,1301,0.002602,128,0.001024,22,0.000176,0.003802,2.4384074211120605
BenchmarkTest01928.java,0,CWE-78,CWE-78,1,0,1,0,0,0,1,0,0,0,1052,0.002104,256,0.002048,23,0.000184,0.004336,4.312068223953247
BenchmarkTest01929.java,0,CWE-78,CWE-78,1,0,1,0,0,0,1,0,0,0,1036,0.002072,192,0.001536,22,0.000176,0.003784,3.6774117946624756
BenchmarkTest01930.java,0,CWE-330,CWE-330,1,0,1,0,0,0,1,0,0,0,1251,0.002502,256,0.002048,22,0.000176,0.004726,3.2933404445648193
BenchmarkTest01931.java,0,CWE-330,CWE-330,1,0,1,0,0,0,1,0,0,0,1452,0.002904,128,0.001024,22,0.000176,0.004104,3.5073893070220947
BenchmarkTest01932.java,0,CWE-330,CWE-330,1,0,1,0,0,0,1,0,0,0,1277,0.002554,128,0.001024,22,0.000176,0.0037539999999999995,2.669633388519287
BenchmarkTest01933.java,0,CWE-330,CWE-330,1,0,1,0,0,0,1,0,0,0,1222,0.002444,128,0.001024,22,0.000176,0.0036439999999999997,2.6472277641296387
BenchmarkTest01934.java,0,CWE-330,CWE-330,1,0,1,0,0,0,1,0,0,0,1216,0.002432,64,0.000512,22,0.000176,0.00312,1.9901273250579834
BenchmarkTest01935.java,0,CWE-614,,,,0,0,1,0,0,0,1,0,,,,,,,,
BenchmarkTest01936.java,0,CWE-78,CWE-78,1,0,1,0,0,0,1,0,0,0,993,0.001986,256,0.002048,22,0.000176,0.004209999999999999,4.051103115081787
BenchmarkTest01937.java,0,CWE-78,CWE-78,1,1,0,1,0,0,0,0,1,0,995,0.00199,384,0.003072,21,0.000168,0.00523,5.422379970550537
BenchmarkTest01938.java,0,CWE-78,CWE-78,1,0,1,0,0,0,1,0,0,0,1108,0.002216,704,0.005632,22,0.000176,0.008024000000000002,9.62387990951538
BenchmarkTest01939.java,0,CWE-78,CWE-78,1,1,0,1,0,0,0,0,1,0,914,0.001828,320,0.00256,21,0.000168,0.004556,4.660389423370361
BenchmarkTest01940.java,0,CWE-78,CWE-78,1,0,1,0,0,0,1,0,0,0,985,0.00197,320,0.00256,22,0.000176,0.004706,3.639439344406128
BenchmarkTest01941.java,0,CWE-78,CWE-78,1,1,0,1,0,0,0,0,1,0,1094,0.002188,448,0.003584,21,0.000168,0.005939999999999999,8.518265724182129
BenchmarkTest01942.java,0,CWE-78,CWE-78,1,0,1,0,0,0,1,0,0,0,951,0.001902,640,0.00512,22,0.000176,0.007198,7.825050115585327
BenchmarkTest01943.java,0,CWE-78,CWE-78,1,1,0,1,0,0,0,0,1,0,1051,0.002102,448,0.003584,21,0.000168,0.005854,7.851816654205322
BenchmarkTest01944.java,0,CWE-78,CWE-78,1,0,1,0,0,0,1,0,0,0,1043,0.002086,704,0.005632,22,0.000176,0.007894,8.037798881530762
BenchmarkTest01945.java,0,CWE-330,,,,0,0,1,0,0,0,1,0,,,,,,,,
BenchmarkTest01946.java,0,CWE-330,,,,0,0,1,0,0,0,1,0,,,,,,,,
BenchmarkTest01947.java,0,CWE-330,,,,0,0,1,0,0,0,1,0,,,,,,,,
BenchmarkTest01948.java,0,CWE-330,,,,0,0,1,0,0,0,1,0,,,,,,,,
BenchmarkTest01949.java,0,CWE-330,,,,0,0,1,0,0,0,1,0,,,,,,,,
BenchmarkTest01950.java,0,CWE-330,,,,0,0,1,0,0,0,1,0,,,,,,,,
BenchmarkTest01951.java,0,CWE-330,,,,0,0,1,0,0,0,1,0,,,,,,,,
BenchmarkTest01952.java,0,CWE-330,,,,0,0,1,0,0,0,1,0,,,,,,,,
BenchmarkTest01953.java,0,CWE-330,,,,0,0,1,0,0,0,1,0,,,,,,,,
BenchmarkTest01954.java,0,CWE-330,,,,0,0,1,0,0,0,1,0,,,,,,,,
BenchmarkTest01961.java,0,CWE-89,CWE-89,1,1,0,1,0,0,0,0,1,0,1123,0.002246,384,0.003072,21,0.000168,0.0054859999999999996,5.925549030303955
BenchmarkTest01962.java,0,CWE-89,CWE-89,1,0,1,0,0,0,1,0,0,0,936,0.001872,192,0.001536,22,0.000176,0.003584,4.223944664001465
BenchmarkTest01963.java,0,CWE-89,CWE-89,1,0,1,0,0,0,1,0,0,0,900,0.0018,128,0.001024,22,0.000176,0.003,2.903364419937134
BenchmarkTest01964.java,0,CWE-89,CWE-89,1,0,1,0,0,0,1,0,0,0,1139,0.002278,192,0.001536,22,0.000176,0.0039900000000000005,4.209336280822754
BenchmarkTest01965.java,0,CWE-89,,,,0,0,1,0,0,0,1,0,,,,,,,,
BenchmarkTest01966.java,0,CWE-89,,,,0,0,1,0,0,0,1,0,,,,,,,,
BenchmarkTest01967.java,0,CWE-89,,,,0,0,1,0,0,0,1,0,,,,,,,,
BenchmarkTest01968.java,0,CWE-89,CWE-89,1,1,0,1,0,0,0,0,1,0,967,0.001934,384,0.003072,21,0.000168,0.005174,5.170214653015137
BenchmarkTest01969.java,0,CWE-89,CWE-89,1,1,0,1,0,0,0,0,1,0,902,0.001804,128,0.001024,21,0.000168,0.002996,4.036590099334717
BenchmarkTest01970.java,0,CWE-89,CWE-89,1,0,1,0,0,0,1,0,0,0,965,0.00193,128,0.001024,22,0.000176,0.00313,2.883373737335205
BenchmarkTest01971.java,0,CWE-89,CWE-89,1,0,1,0,0,0,1,0,0,0,965,0.00193,128,0.001024,22,0.000176,0.00313,2.4356725215911865
BenchmarkTest01972.java,0,CWE-89,CWE-89,1,0,1,0,0,0,1,0,0,0,868,0.001736,192,0.001536,22,0.000176,0.0034479999999999997,3.9240245819091797
BenchmarkTest01973.java,0,CWE-89,CWE-89,1,1,0,1,0,0,0,0,1,0,948,0.001896,320,0.00256,21,0.000168,0.004624,6.804561614990234
BenchmarkTest01974.java,0,CWE-643,CWE-643,1,0,1,0,0,0,1,0,0,0,1098,0.002196,128,0.001024,22,0.000176,0.0033959999999999997,2.777967929840088
BenchmarkTest01975.java,0,CWE-327,,,,0,0,1,0,0,0,1,0,,,,,,,,
BenchmarkTest01976.java,0,CWE-327,,,,0,0,1,0,0,0,1,0,,,,,,,,
BenchmarkTest01977.java,0,CWE-327,,,,0,0,1,0,0,0,1,0,,,,,,,,
BenchmarkTest01978.java,0,CWE-327,CWE-327,1,0,1,0,0,0,1,0,0,0,1345,0.00269,64,0.000512,22,0.000176,0.003378,1.9437315464019775
BenchmarkTest01979.java,0,CWE-327,,,,0,0,1,0,0,0,1,0,,,,,,,,
BenchmarkTest01980.java,0,CWE-327,CWE-327,1,0,1,0,0,0,1,0,0,0,1300,0.0026,128,0.001024,22,0.000176,0.0037999999999999996,3.1467514038085938
BenchmarkTest01981.java,0,CWE-327,CWE-327,1,0,1,0,0,0,1,0,0,0,1310,0.00262,128,0.001024,22,0.000176,0.0038199999999999996,2.602808952331543
BenchmarkTest01982.java,0,CWE-327,,,,0,0,1,0,0,0,1,0,,,,,,,,
BenchmarkTest01983.java,0,CWE-22,CWE-23,0,0,1,0,0,0,1,0,0,0,1258,0.002516,1216,0.009728,22,0.000176,0.012420000000000002,15.624205350875854
BenchmarkTest01984.java,0,CWE-22,CWE-23,0,1,0,1,0,0,0,0,1,0,1326,0.002652,256,0.002048,21,0.000168,0.004867999999999999,6.195438623428345
BenchmarkTest01985.java,0,CWE-22,CWE-23,0,1,1,0,0,0,0,0,0,1,1264,0.002528,1152,0.009216,21,0.000168,0.011912,14.157743215560913
BenchmarkTest01986.java,0,CWE-22,CWE-23,0,1,0,1,0,0,0,0,1,0,1467,0.002934,320,0.00256,21,0.000168,0.005662,5.042113780975342
BenchmarkTest01987.java,0,CWE-22,CWE-23,0,1,1,0,0,0,0,0,0,1,1459,0.002918,1088,0.008704,21,0.000168,0.01179,14.695396423339844
BenchmarkTest01988.java,0,CWE-22,CWE-23,0,1,1,0,0,0,0,0,0,1,1413,0.002826,1344,0.010752,21,0.000168,0.013746,16.974364042282104
BenchmarkTest01989.java,0,CWE-22,CWE-23,0,0,1,0,0,0,1,0,0,0,1289,0.002578,768,0.006144,22,0.000176,0.008898000000000001,9.502629041671753
BenchmarkTest01990.java,0,CWE-22,CWE-23,0,1,0,1,0,0,0,0,1,0,1346,0.002692,384,0.003072,21,0.000168,0.005932,5.91525411605835
BenchmarkTest01991.java,0,CWE-22,CWE-23,0,1,0,1,0,0,0,0,1,0,1613,0.003226,384,0.003072,21,0.000168,0.0064659999999999995,6.649378299713135
BenchmarkTest01992.java,0,CWE-330,CWE-330,1,0,1,0,0,0,1,0,0,0,1503,0.003006,128,0.001024,22,0.000176,0.004206,1.961165428161621
BenchmarkTest01993.java,0,CWE-328,,,,0,0,1,0,0,0,1,0,,,,,,,,
BenchmarkTest01994.java,0,CWE-328,,,,0,0,1,0,0,0,1,0,,,,,,,,
BenchmarkTest01995.java,0,CWE-328,,,,0,0,1,0,0,0,1,0,,,,,,,,
BenchmarkTest01996.java,0,CWE-328,,,,0,0,0,1,0,0,0,1,,,,,,,,
BenchmarkTest01997.java,0,CWE-328,,,,0,0,0,1,0,0,0,1,,,,,,,,
BenchmarkTest01998.java,0,CWE-328,,,,0,0,1,0,0,0,1,0,,,,,,,,
BenchmarkTest01999.java,0,CWE-330,CWE-330,1,0,1,0,0,0,1,0,0,0,1387,0.002774,64,0.000512,22,0.000176,0.003462,1.8488783836364746
BenchmarkTest02000.java,0,CWE-330,CWE-330,1,0,1,0,0,0,1,0,0,0,1307,0.002614,64,0.000512,22,0.000176,0.003302,2.3871190547943115
BenchmarkTest02001.java,0,CWE-330,CWE-330,1,0,1,0,0,0,1,0,0,0,1292,0.002584,128,0.001024,22,0.000176,0.003784,3.1036739349365234
BenchmarkTest02002.java,0,CWE-330,CWE-330,1,0,1,0,0,0,1,0,0,0,1302,0.002604,128,0.001024,22,0.000176,0.003804,2.480659246444702
BenchmarkTest02003.java,0,CWE-330,CWE-330,1,0,1,0,0,0,1,0,0,0,1493,0.002986,128,0.001024,22,0.000176,0.004186,3.5419280529022217
BenchmarkTest02004.java,0,CWE-330,CWE-330,1,0,1,0,0,0,1,0,0,0,1259,0.002518,448,0.003584,22,0.000176,0.006278,5.635444164276123
BenchmarkTest02005.java,0,CWE-614,CWE-614,1,0,1,0,0,0,1,0,0,0,1131,0.002262,128,0.001024,22,0.000176,0.003462,4.015103101730347
BenchmarkTest02006.java,0,CWE-614,,,,0,0,1,0,0,0,1,0,,,,,,,,
BenchmarkTest02007.java,0,CWE-330,,,,0,0,1,0,0,0,1,0,,,,,,,,
BenchmarkTest02008.java,0,CWE-330,,,,0,0,1,0,0,0,1,0,,,,,,,,
BenchmarkTest02009.java,0,CWE-330,,,,0,0,1,0,0,0,1,0,,,,,,,,
BenchmarkTest02010.java,0,CWE-330,,,,0,0,1,0,0,0,1,0,,,,,,,,
BenchmarkTest02011.java,0,CWE-330,,,,0,0,1,0,0,0,1,0,,,,,,,,
BenchmarkTest02012.java,0,CWE-330,,,,0,0,1,0,0,0,1,0,,,,,,,,
BenchmarkTest02013.java,0,CWE-330,,,,0,0,1,0,0,0,1,0,,,,,,,,
BenchmarkTest02014.java,0,CWE-330,,,,0,0,1,0,0,0,1,0,,,,,,,,
BenchmarkTest02017.java,0,CWE-327,CWE-327,1,0,1,0,0,0,1,0,0,0,1590,0.00318,64,0.000512,22,0.000176,0.003868,1.5685853958129883
BenchmarkTest02018.java,0,CWE-327,CWE-327,1,0,1,0,0,0,1,0,0,0,1765,0.00353,64,0.000512,22,0.000176,0.004218,3.1154239177703857
BenchmarkTest02019.java,0,CWE-327,CWE-327,1,0,1,0,0,0,1,0,0,0,1577,0.003154,64,0.000512,22,0.000176,0.003842,1.8911540508270264
BenchmarkTest02020.java,0,CWE-327,CWE-327,1,0,1,0,0,0,1,0,0,0,1708,0.003416,128,0.001024,22,0.000176,0.004616,3.640162944793701
BenchmarkTest02021.java,0,CWE-327,,,,0,0,1,0,0,0,1,0,,,,,,,,
BenchmarkTest02022.java,0,CWE-327,CWE-327,1,0,1,0,0,0,1,0,0,0,1264,0.002528,128,0.001024,22,0.000176,0.0037279999999999995,3.036308765411377
BenchmarkTest02023.java,0,CWE-327,CWE-327,1,0,1,0,0,0,1,0,0,0,1265,0.00253,192,0.001536,22,0.000176,0.004242,3.0107944011688232
BenchmarkTest02024.java,0,CWE-327,,,,0,0,1,0,0,0,1,0,,,,,,,,
BenchmarkTest02025.java,0,CWE-90,CWE-90,1,1,0,1,0,0,0,0,1,0,1174,0.002348,320,0.00256,21,0.000168,0.005076,6.627597808837891
BenchmarkTest02026.java,0,CWE-22,CWE-23,0,1,0,1,0,0,0,0,1,0,1264,0.002528,576,0.004608,21,0.000168,0.007304,7.846449136734009
BenchmarkTest02027.java,0,CWE-22,CWE-23,0,0,1,0,0,0,1,0,0,0,1215,0.00243,256,0.002048,22,0.000176,0.004653999999999999,4.472208261489868
BenchmarkTest02028.java,0,CWE-22,CWE-23,0,1,0,1,0,0,0,0,1,0,1271,0.002542,256,0.002048,21,0.000168,0.004758,3.378070116043091
BenchmarkTest02029.java,0,CWE-22,CWE-23,0,1,0,1,0,0,0,0,1,0,1275,0.00255,320,0.00256,21,0.000168,0.005278,6.129873514175415
BenchmarkTest02030.java,0,CWE-22,CWE-23,0,1,0,1,0,0,0,0,1,0,1561,0.003122,512,0.004096,21,0.000168,0.007386,8.476070404052734
BenchmarkTest02031.java,0,CWE-22,CWE-23,0,1,0,1,0,0,0,0,1,0,1347,0.002694,256,0.002048,21,0.000168,0.0049099999999999994,4.303302049636841
BenchmarkTest02032.java,0,CWE-22,CWE-23,0,0,1,0,0,0,1,0,0,0,1305,0.00261,128,0.001024,22,0.000176,0.00381,3.5548274517059326
BenchmarkTest02033.java,0,CWE-22,CWE-23,0,1,0,1,0,0,0,0,1,0,1309,0.002618,320,0.00256,21,0.000168,0.005346,6.025694131851196
BenchmarkTest02034.java,0,CWE-22,CWE-23,0,0,1,0,0,0,1,0,0,0,1215,0.00243,512,0.004096,22,0.000176,0.006702,7.4082512855529785
BenchmarkTest02035.java,0,CWE-22,CWE-23,0,1,0,1,0,0,0,0,1,0,1371,0.002742,320,0.00256,21,0.000168,0.00547,4.902587175369263
BenchmarkTest02036.java,0,CWE-90,CWE-90,1,0,1,0,0,0,1,0,0,0,1254,0.002508,384,0.003072,22,0.000176,0.005756,4.948517322540283
BenchmarkTest02037.java,0,CWE-90,CWE-90,1,0,1,0,0,0,1,0,0,0,1215,0.00243,192,0.001536,22,0.000176,0.004142,3.771735429763794
BenchmarkTest02038.java,0,CWE-330,CWE-330,1,0,1,0,0,0,1,0,0,0,1306,0.002612,448,0.003584,22,0.000176,0.006372,7.272830486297607
BenchmarkTest02039.java,0,CWE-330,CWE-330,1,0,1,0,0,0,1,0,0,0,1250,0.0025,128,0.001024,22,0.000176,0.0037,2.5990686416625977
BenchmarkTest02040.java,0,CWE-330,CWE-330,1,0,1,0,0,0,1,0,0,0,1325,0.00265,128,0.001024,22,0.000176,0.00385,3.1219520568847656
BenchmarkTest02041.java,0,CWE-328,,,,0,0,1,0,0,0,1,0,,,,,,,,
BenchmarkTest02042.java,0,CWE-328,CWE-916,0,0,1,0,0,0,1,0,0,0,1288,0.002576,128,0.001024,22,0.000176,0.003776,3.547142505645752
BenchmarkTest02043.java,0,CWE-328,,,,0,0,1,0,0,0,1,0,,,,,,,,
BenchmarkTest02044.java,0,CWE-328,,,,0,0,1,0,0,0,1,0,,,,,,,,
BenchmarkTest02045.java,0,CWE-79,CWE-79,1,1,0,1,0,0,0,0,1,0,1371,0.002742,256,0.002048,21,0.000168,0.004958,4.974790096282959
BenchmarkTest02046.java,0,CWE-79,CWE-79,1,0,1,0,0,0,1,0,0,0,1356,0.002712,192,0.001536,22,0.000176,0.004424,4.067747592926025
BenchmarkTest02047.java,0,CWE-79,CWE-79,1,0,1,0,0,0,1,0,0,0,1306,0.002612,512,0.004096,22,0.000176,0.006884,8.319427251815796
BenchmarkTest02048.java,0,CWE-79,CWE-79,1,1,0,1,0,0,0,0,1,0,1529,0.003058,448,0.003584,21,0.000168,0.00681,6.000053882598877
BenchmarkTest02049.java,0,CWE-79,CWE-79,1,1,0,1,0,0,0,0,1,0,1307,0.002614,320,0.00256,21,0.000168,0.0053419999999999995,5.141438722610474
BenchmarkTest02050.java,0,CWE-79,CWE-79,1,0,1,0,0,0,1,0,0,0,1328,0.002656,256,0.002048,22,0.000176,0.00488,4.925502777099609
BenchmarkTest02051.java,0,CWE-79,CWE-79,1,0,1,0,0,0,1,0,0,0,1320,0.00264,256,0.002048,22,0.000176,0.004863999999999999,5.4911651611328125
BenchmarkTest02052.java,0,CWE-79,CWE-79,1,1,0,1,0,0,0,0,1,0,1391,0.002782,256,0.002048,21,0.000168,0.004998,4.218815803527832
BenchmarkTest02053.java,0,CWE-79,CWE-79,1,1,0,1,0,0,0,0,1,0,1326,0.002652,128,0.001024,21,0.000168,0.0038439999999999998,2.9716074466705322
BenchmarkTest02054.java,0,CWE-79,CWE-79,1,0,1,0,0,0,1,0,0,0,1295,0.00259,448,0.003584,22,0.000176,0.00635,5.798479795455933
BenchmarkTest02055.java,0,CWE-79,CWE-79,1,0,1,0,0,0,1,0,0,0,1297,0.002594,320,0.00256,22,0.000176,0.0053300000000000005,4.729560852050781
BenchmarkTest02056.java,0,CWE-79,CWE-79,1,0,1,0,0,0,1,0,0,0,1353,0.002706,64,0.000512,22,0.000176,0.003394,2.347416639328003
BenchmarkTest02057.java,0,CWE-79,CWE-79,1,0,1,0,0,0,1,0,0,0,1388,0.002776,256,0.002048,22,0.000176,0.005,4.653587341308594
BenchmarkTest02058.java,0,CWE-78,CWE-78,1,1,0,1,0,0,0,0,1,0,1035,0.00207,256,0.002048,21,0.000168,0.004286,4.518604040145874
BenchmarkTest02059.java,0,CWE-78,CWE-78,1,0,1,0,0,0,1,0,0,0,1056,0.002112,256,0.002048,22,0.000176,0.0043360000000000004,5.44346809387207
BenchmarkTest02060.java,0,CWE-330,CWE-330,1,0,1,0,0,0,1,0,0,0,1287,0.002574,128,0.001024,22,0.000176,0.0037739999999999996,5.969247579574585
BenchmarkTest02061.java,0,CWE-330,CWE-330,1,0,1,0,0,0,1,0,0,0,1251,0.002502,64,0.000512,22,0.000176,0.0031899999999999997,5.706117868423462
BenchmarkTest02062.java,0,CWE-330,CWE-330,1,0,1,0,0,0,1,0,0,0,1453,0.002906,128,0.001024,22,0.000176,0.004106,3.394078493118286
BenchmarkTest02063.java,0,CWE-330,CWE-330,1,0,1,0,0,0,1,0,0,0,1233,0.002466,64,0.000512,22,0.000176,0.0031539999999999997,3.7894411087036133
BenchmarkTest02064.java,0,CWE-614,,,,0,0,1,0,0,0,1,0,,,,,,,,
BenchmarkTest02065.java,0,CWE-614,,,,0,0,1,0,0,0,1,0,,,,,,,,
BenchmarkTest02066.java,0,CWE-614,,,,0,0,1,0,0,0,1,0,,,,,,,,
BenchmarkTest02067.java,0,CWE-78,CWE-78,1,1,0,1,0,0,0,0,1,0,1126,0.002252,256,0.002048,21,0.000168,0.004468,5.043964862823486
BenchmarkTest02068.java,0,CWE-78,CWE-78,1,1,0,1,0,0,0,0,1,0,922,0.001844,256,0.002048,21,0.000168,0.004059999999999999,4.185913562774658
BenchmarkTest02069.java,0,CWE-78,CWE-78,1,1,0,1,0,0,0,0,1,0,1036,0.002072,448,0.003584,21,0.000168,0.005823999999999999,4.725388288497925
BenchmarkTest02070.java,0,CWE-78,CWE-78,1,0,1,0,0,0,1,0,0,0,917,0.001834,1088,0.008704,22,0.000176,0.010714000000000001,14.3850998878479
BenchmarkTest02071.java,0,CWE-330,,,,0,0,1,0,0,0,1,0,,,,,,,,
BenchmarkTest02072.java,0,CWE-330,,,,0,0,1,0,0,0,1,0,,,,,,,,
BenchmarkTest02073.java,0,CWE-330,,,,0,0,1,0,0,0,1,0,,,,,,,,
BenchmarkTest02074.java,0,CWE-330,,,,0,0,1,0,0,0,1,0,,,,,,,,
BenchmarkTest02075.java,0,CWE-330,CWE-330,1,0,0,1,0,0,0,1,0,0,1367,0.002734,960,0.00768,22,0.000176,0.01059,15.019615888595581
BenchmarkTest02076.java,0,CWE-330,CWE-330,1,1,0,1,0,0,0,0,1,0,1407,0.002814,320,0.00256,21,0.000168,0.005542,6.014927625656128
BenchmarkTest02077.java,0,CWE-330,,,,0,0,1,0,0,0,1,0,,,,,,,,
BenchmarkTest02078.java,0,CWE-330,,,,0,0,1,0,0,0,1,0,,,,,,,,
BenchmarkTest02079.java,0,CWE-330,,,,0,0,1,0,0,0,1,0,,,,,,,,
BenchmarkTest02080.java,0,CWE-330,,,,0,0,1,0,0,0,1,0,,,,,,,,
BenchmarkTest02081.java,0,CWE-330,,,,0,0,1,0,0,0,1,0,,,,,,,,
BenchmarkTest02082.java,0,CWE-330,,,,0,0,1,0,0,0,1,0,,,,,,,,
BenchmarkTest02083.java,0,CWE-330,,,,0,0,1,0,0,0,1,0,,,,,,,,
BenchmarkTest02087.java,0,CWE-89,CWE-89,1,0,1,0,0,0,1,0,0,0,927,0.001854,128,0.001024,22,0.000176,0.003054,3.404606580734253
BenchmarkTest02088.java,0,CWE-89,CWE-89,1,0,1,0,0,0,1,0,0,0,944,0.001888,64,0.000512,22,0.000176,0.0025759999999999997,3.5877275466918945
BenchmarkTest02089.java,0,CWE-89,CWE-89,1,1,0,1,0,0,0,0,1,0,948,0.001896,256,0.002048,21,0.000168,0.004111999999999999,7.606589078903198
BenchmarkTest02090.java,0,CWE-89,,,,0,0,0,1,0,0,0,1,,,,,,,,
BenchmarkTest02091.java,0,CWE-89,CWE-89,1,0,1,0,0,0,1,0,0,0,1059,0.002118,128,0.001024,22,0.000176,0.0033179999999999998,4.476473093032837
BenchmarkTest02092.java,0,CWE-89,CWE-89,1,0,1,0,0,0,1,0,0,0,937,0.001874,128,0.001024,22,0.000176,0.003074,3.6468963623046875
BenchmarkTest02093.java,0,CWE-89,CWE-89,1,1,0,1,0,0,0,0,1,0,959,0.001918,256,0.002048,21,0.000168,0.004134,5.152549743652344
BenchmarkTest02094.java,0,CWE-89,CWE-89,1,0,1,0,0,0,1,0,0,0,904,0.001808,64,0.000512,22,0.000176,0.002496,4.387728691101074
BenchmarkTest02095.java,0,CWE-89,CWE-89,1,1,0,1,0,0,0,0,1,0,983,0.001966,192,0.001536,21,0.000168,0.00367,5.092434883117676
BenchmarkTest02096.java,0,CWE-89,CWE-89,1,0,1,0,0,0,1,0,0,0,925,0.00185,128,0.001024,22,0.000176,0.0030499999999999998,4.074303388595581
BenchmarkTest02097.java,0,CWE-89,CWE-89,1,1,0,1,0,0,0,0,1,0,979,0.001958,320,0.00256,21,0.000168,0.004686,5.92282247543335
BenchmarkTest02098.java,0,CWE-89,CWE-89,1,1,0,1,0,0,0,0,1,0,967,0.001934,256,0.002048,21,0.000168,0.004149999999999999,4.43634033203125
BenchmarkTest02099.java,0,CWE-89,CWE-89,1,0,1,0,0,0,1,0,0,0,925,0.00185,128,0.001024,22,0.000176,0.0030499999999999998,4.62690281867981
BenchmarkTest02100.java,0,CWE-643,CWE-643,1,0,1,0,0,0,1,0,0,0,1117,0.002234,192,0.001536,22,0.000176,0.003946,3.44626522064209
BenchmarkTest02101.java,0,CWE-327,CWE-327,1,0,1,0,0,0,1,0,0,0,1600,0.0032,128,0.001024,22,0.000176,0.0044,3.3365225791931152
BenchmarkTest02102.java,0,CWE-327,,,,0,0,1,0,0,0,1,0,,,,,,,,
BenchmarkTest02103.java,0,CWE-327,,,,0,0,1,0,0,0,1,0,,,,,,,,
BenchmarkTest02104.java,0,CWE-90,CWE-90,1,1,0,1,0,0,0,0,1,0,1199,0.002398,320,0.00256,21,0.000168,0.005126,7.237507581710815
BenchmarkTest02105.java,0,CWE-22,CWE-23,0,0,1,0,0,0,1,0,0,0,1212,0.002424,192,0.001536,22,0.000176,0.004136,4.640627145767212
BenchmarkTest02106.java,0,CWE-22,CWE-23,0,0,1,0,0,0,1,0,0,0,1183,0.002366,320,0.00256,22,0.000176,0.005102,5.244164228439331
BenchmarkTest02107.java,0,CWE-22,CWE-23,0,1,0,1,0,0,0,0,1,0,1176,0.002352,320,0.00256,21,0.000168,0.0050799999999999994,6.851327419281006
BenchmarkTest02108.java,0,CWE-22,CWE-23,0,1,0,1,0,0,0,0,1,0,1292,0.002584,256,0.002048,21,0.000168,0.0048,4.5393455028533936
BenchmarkTest02109.java,0,CWE-22,CWE-23,0,0,1,0,0,0,1,0,0,0,1230,0.00246,192,0.001536,22,0.000176,0.0041719999999999995,5.684514045715332
BenchmarkTest02110.java,0,CWE-22,CWE-23,0,1,0,1,0,0,0,0,1,0,1252,0.002504,256,0.002048,21,0.000168,0.00472,5.569205045700073
BenchmarkTest02111.java,0,CWE-22,CWE-23,0,1,0,1,0,0,0,0,1,0,1213,0.002426,320,0.00256,21,0.000168,0.005154000000000001,6.7556939125061035
BenchmarkTest02112.java,0,CWE-22,CWE-23,0,0,1,0,0,0,1,0,0,0,1276,0.002552,192,0.001536,22,0.000176,0.0042639999999999996,4.961974859237671
BenchmarkTest02113.java,0,CWE-22,CWE-23,0,0,1,0,0,0,1,0,0,0,1399,0.002798,320,0.00256,22,0.000176,0.005534,6.0428173542022705
BenchmarkTest02114.java,0,CWE-90,CWE-90,1,1,0,1,0,0,0,0,1,0,1221,0.002442,256,0.002048,21,0.000168,0.004658,14.75577688217163
BenchmarkTest02115.java,0,CWE-90,CWE-90,1,1,0,1,0,0,0,0,1,0,1254,0.002508,448,0.003584,21,0.000168,0.00626,6.08091139793396
BenchmarkTest02116.java,0,CWE-90,CWE-90,1,1,0,1,0,0,0,0,1,0,1213,0.002426,256,0.002048,21,0.000168,0.004642,5.768558979034424
BenchmarkTest02117.java,0,CWE-330,CWE-330,1,0,1,0,0,0,1,0,0,0,1293,0.002586,128,0.001024,22,0.000176,0.0037860000000000003,3.4786012172698975
BenchmarkTest02118.java,0,CWE-328,CWE-916,0,0,1,0,0,0,1,0,0,0,1284,0.002568,64,0.000512,22,0.000176,0.0032559999999999998,3.510128974914551
BenchmarkTest02119.java,0,CWE-328,,,,0,0,1,0,0,0,1,0,,,,,,,,
BenchmarkTest02120.java,0,CWE-328,,,,0,0,1,0,0,0,1,0,,,,,,,,
BenchmarkTest02121.java,0,CWE-328,,,,0,0,0,1,0,0,0,1,,,,,,,,
BenchmarkTest02122.java,0,CWE-79,CWE-79,1,1,0,1,0,0,0,0,1,0,1366,0.002732,256,0.002048,21,0.000168,0.004947999999999999,5.731713533401489
BenchmarkTest02123.java,0,CWE-79,CWE-79,1,0,1,0,0,0,1,0,0,0,1282,0.002564,128,0.001024,22,0.000176,0.003764,3.2575292587280273
BenchmarkTest02124.java,0,CWE-79,CWE-79,1,0,1,0,0,0,1,0,0,0,1290,0.00258,128,0.001024,22,0.000176,0.0037799999999999995,3.8300015926361084
BenchmarkTest02125.java,0,CWE-79,CWE-79,1,1,0,1,0,0,0,0,1,0,1243,0.002486,320,0.00256,21,0.000168,0.005214,5.890397787094116
BenchmarkTest02126.java,0,CWE-79,CWE-79,1,0,1,0,0,0,1,0,0,0,1451,0.002902,576,0.004608,22,0.000176,0.007686,8.681982278823853
BenchmarkTest02127.java,0,CWE-79,CWE-79,1,0,1,0,0,0,1,0,0,0,1264,0.002528,128,0.001024,22,0.000176,0.0037279999999999995,4.117798089981079
BenchmarkTest02128.java,0,CWE-79,CWE-79,1,0,1,0,0,0,1,0,0,0,1266,0.002532,128,0.001024,22,0.000176,0.003732,2.825899362564087
BenchmarkTest02129.java,0,CWE-79,CWE-79,1,0,1,0,0,0,1,0,0,0,1272,0.002544,256,0.002048,22,0.000176,0.004768,4.00002908706665
BenchmarkTest02130.java,0,CWE-79,CWE-79,1,0,1,0,0,0,1,0,0,0,1281,0.002562,192,0.001536,22,0.000176,0.004274,3.9155969619750977
BenchmarkTest02131.java,0,CWE-79,CWE-79,1,0,1,0,0,0,1,0,0,0,1281,0.002562,192,0.001536,22,0.000176,0.004274,3.816368818283081
BenchmarkTest02132.java,0,CWE-79,CWE-79,1,0,1,0,0,0,1,0,0,0,1451,0.002902,384,0.003072,22,0.000176,0.00615,6.959490537643433
BenchmarkTest02133.java,0,CWE-79,CWE-79,1,0,1,0,0,0,1,0,0,0,1260,0.00252,192,0.001536,22,0.000176,0.0042320000000000005,3.086101770401001
BenchmarkTest02134.java,0,CWE-79,CWE-79,1,0,1,0,0,0,1,0,0,0,1268,0.002536,128,0.001024,22,0.000176,0.0037359999999999997,3.840602397918701
BenchmarkTest02135.java,0,CWE-79,CWE-79,1,1,0,1,0,0,0,0,1,0,1465,0.00293,256,0.002048,21,0.000168,0.0051459999999999995,4.276415109634399
BenchmarkTest02136.java,0,CWE-79,CWE-79,1,0,1,0,0,0,1,0,0,0,1288,0.002576,128,0.001024,22,0.000176,0.003776,3.8600146770477295
BenchmarkTest02137.java,0,CWE-78,CWE-78,1,0,1,0,0,0,1,0,0,0,965,0.00193,320,0.00256,22,0.000176,0.004666,5.568108797073364
BenchmarkTest02138.java,0,CWE-330,CWE-330,1,0,1,0,0,0,1,0,0,0,1251,0.002502,128,0.001024,22,0.000176,0.0037019999999999996,2.4582180976867676
BenchmarkTest02139.java,0,CWE-330,CWE-330,1,0,1,0,0,0,1,0,0,0,1217,0.002434,192,0.001536,22,0.000176,0.0041459999999999995,3.237090587615967
BenchmarkTest02140.java,0,CWE-330,CWE-330,1,0,1,0,0,0,1,0,0,0,1225,0.00245,192,0.001536,22,0.000176,0.004162,3.325709104537964
BenchmarkTest02141.java,0,CWE-330,CWE-330,1,0,1,0,0,0,1,0,0,0,1187,0.002374,128,0.001024,22,0.000176,0.003574,2.500345230102539
BenchmarkTest02142.java,0,CWE-614,CWE-614,1,0,1,0,0,0,1,0,0,0,1045,0.00209,64,0.000512,22,0.000176,0.0027779999999999997,1.9444639682769775
BenchmarkTest02143.java,0,CWE-614,,,,0,0,1,0,0,0,1,0,,,,,,,,
BenchmarkTest02144.java,0,CWE-614,,,,0,0,1,0,0,0,1,0,,,,,,,,
BenchmarkTest02145.java,0,CWE-79,CWE-79,1,0,1,0,0,0,1,0,0,0,1457,0.002914,512,0.004096,22,0.000176,0.007186,7.039057016372681
BenchmarkTest02146.java,0,CWE-78,CWE-78,1,0,1,0,0,0,1,0,0,0,963,0.001926,640,0.00512,22,0.000176,0.007222,8.486124753952026
BenchmarkTest02147.java,0,CWE-78,CWE-78,1,0,1,0,0,0,1,0,0,0,903,0.001806,192,0.001536,22,0.000176,0.0035180000000000003,2.5274202823638916
BenchmarkTest02148.java,0,CWE-78,CWE-78,1,1,0,1,0,0,0,0,1,0,1238,0.002476,640,0.00512,21,0.000168,0.007764,11.69705605506897
BenchmarkTest02149.java,0,CWE-78,CWE-78,1,1,0,1,0,0,0,0,1,0,1040,0.00208,384,0.003072,21,0.000168,0.00532,5.405053377151489
BenchmarkTest02150.java,0,CWE-78,CWE-78,1,0,1,0,0,0,1,0,0,0,1101,0.002202,768,0.006144,22,0.000176,0.008522,9.103877305984497
BenchmarkTest02151.java,0,CWE-78,CWE-78,1,0,1,0,0,0,1,0,0,0,1078,0.002156,1088,0.008704,22,0.000176,0.011036,18.923779010772705
BenchmarkTest02152.java,0,CWE-78,CWE-78,1,0,1,0,0,0,1,0,0,0,1060,0.00212,512,0.004096,22,0.000176,0.006391999999999999,8.389263391494751
BenchmarkTest02153.java,0,CWE-78,CWE-78,1,1,0,1,0,0,0,0,1,0,1088,0.002176,704,0.005632,21,0.000168,0.007976,9.478398323059082
BenchmarkTest02154.java,0,CWE-78,CWE-78,1,0,1,0,0,0,1,0,0,0,955,0.00191,512,0.004096,22,0.000176,0.006182,7.33769416809082
BenchmarkTest02155.java,0,CWE-78,CWE-78,1,0,1,0,0,0,1,0,0,0,909,0.001818,704,0.005632,22,0.000176,0.007626,10.688713073730469
BenchmarkTest02156.java,0,CWE-78,CWE-78,1,1,0,1,0,0,0,0,1,0,881,0.001762,320,0.00256,21,0.000168,0.00449,5.461107969284058
BenchmarkTest02157.java,0,CWE-330,,,,0,0,1,0,0,0,1,0,,,,,,,,
BenchmarkTest02158.java,0,CWE-330,,,,0,0,1,0,0,0,1,0,,,,,,,,
BenchmarkTest02159.java,0,CWE-330,,,,0,0,1,0,0,0,1,0,,,,,,,,
BenchmarkTest02160.java,0,CWE-330,CWE-330,1,1,0,1,0,0,0,0,1,0,1380,0.00276,576,0.004608,21,0.000168,0.007535999999999999,8.10870099067688
BenchmarkTest02161.java,0,CWE-330,,,,0,0,1,0,0,0,1,0,,,,,,,,
BenchmarkTest02162.java,0,CWE-330,,,,0,0,1,0,0,0,1,0,,,,,,,,
BenchmarkTest02163.java,0,CWE-330,,,,0,0,1,0,0,0,1,0,,,,,,,,
BenchmarkTest02164.java,0,CWE-330,,,,0,0,1,0,0,0,1,0,,,,,,,,
BenchmarkTest02169.java,0,CWE-89,CWE-89,1,0,1,0,0,0,1,0,0,0,898,0.001796,192,0.001536,22,0.000176,0.003508,2.997582197189331
BenchmarkTest02170.java,0,CWE-89,CWE-89,1,0,1,0,0,0,1,0,0,0,927,0.001854,128,0.001024,22,0.000176,0.003054,3.3244481086730957
BenchmarkTest02171.java,0,CWE-89,CWE-89,1,0,1,0,0,0,1,0,0,0,922,0.001844,192,0.001536,22,0.000176,0.003556,3.7206051349639893
BenchmarkTest02172.java,0,CWE-89,CWE-89,1,1,0,1,0,0,0,0,1,0,907,0.001814,256,0.002048,21,0.000168,0.00403,4.397557973861694
BenchmarkTest02173.java,0,CWE-89,CWE-89,1,1,0,1,0,0,0,0,1,0,966,0.001932,320,0.00256,21,0.000168,0.00466,5.159620046615601
BenchmarkTest02174.java,0,CWE-89,CWE-89,1,1,0,1,0,0,0,0,1,0,906,0.001812,192,0.001536,21,0.000168,0.0035160000000000005,3.7141315937042236
BenchmarkTest02175.java,0,CWE-89,,,,0,0,1,0,0,0,1,0,,,,,,,,
BenchmarkTest02176.java,0,CWE-89,,,,0,0,1,0,0,0,1,0,,,,,,,,
BenchmarkTest02177.java,0,CWE-89,CWE-89,1,0,1,0,0,0,1,0,0,0,1114,0.002228,128,0.001024,22,0.000176,0.0034279999999999996,2.3538930416107178
BenchmarkTest02178.java,0,CWE-89,,,,0,0,0,1,0,0,0,1,,,,,,,,
BenchmarkTest02179.java,0,CWE-89,,,,0,0,0,1,0,0,0,1,,,,,,,,
BenchmarkTest02180.java,0,CWE-89,,,,0,0,1,0,0,0,1,0,,,,,,,,
BenchmarkTest02181.java,0,CWE-89,,,,0,0,0,1,0,0,0,1,,,,,,,,
BenchmarkTest02182.java,0,CWE-89,,,,0,0,0,1,0,0,0,1,,,,,,,,
BenchmarkTest02183.java,0,CWE-89,,,,0,0,1,0,0,0,1,0,,,,,,,,
BenchmarkTest02184.java,0,CWE-89,,,,0,0,1,0,0,0,1,0,,,,,,,,
BenchmarkTest02185.java,0,CWE-89,CWE-89,1,1,0,1,0,0,0,0,1,0,912,0.001824,192,0.001536,21,0.000168,0.0035280000000000003,2.871889591217041
BenchmarkTest02186.java,0,CWE-89,CWE-89,1,0,1,0,0,0,1,0,0,0,860,0.00172,128,0.001024,22,0.000176,0.00292,2.441335916519165
BenchmarkTest02187.java,0,CWE-89,CWE-89,1,0,1,0,0,0,1,0,0,0,929,0.001858,64,0.000512,22,0.000176,0.002546,2.281186819076538
BenchmarkTest02188.java,0,CWE-89,CWE-89,1,1,0,1,0,0,0,0,1,0,1081,0.002162,192,0.001536,21,0.000168,0.003866,2.5700199604034424
BenchmarkTest02189.java,0,CWE-643,CWE-643,1,0,1,0,0,0,1,0,0,0,993,0.001986,128,0.001024,22,0.000176,0.0031859999999999996,2.7843849658966064
BenchmarkTest02190.java,0,CWE-327,,,,0,0,1,0,0,0,1,0,,,,,,,,
BenchmarkTest02191.java,0,CWE-327,,,,0,0,1,0,0,0,1,0,,,,,,,,
BenchmarkTest02192.java,0,CWE-327,CWE-327,1,0,1,0,0,0,1,0,0,0,1664,0.003328,64,0.000512,22,0.000176,0.004016,2.268130302429199
BenchmarkTest02193.java,0,CWE-327,CWE-327,1,0,1,0,0,0,1,0,0,0,1686,0.003372,64,0.000512,22,0.000176,0.00406,1.8109383583068848
BenchmarkTest02194.java,0,CWE-327,CWE-327,1,0,1,0,0,0,1,0,0,0,1254,0.002508,0,0.0,22,0.000176,0.0026839999999999998,1.3852207660675049
BenchmarkTest02195.java,0,CWE-327,CWE-327,1,0,1,0,0,0,1,0,0,0,1278,0.002556,64,0.000512,22,0.000176,0.003244,2.280132532119751
BenchmarkTest02196.java,0,CWE-90,CWE-90,1,0,1,0,0,0,1,0,0,0,1231,0.002462,192,0.001536,22,0.000176,0.004174,3.1066274642944336
BenchmarkTest02197.java,0,CWE-22,CWE-23,0,0,1,0,0,0,1,0,0,0,1273,0.002546,128,0.001024,22,0.000176,0.003746,2.9752278327941895
BenchmarkTest02198.java,0,CWE-22,CWE-23,0,0,1,0,0,0,1,0,0,0,1274,0.002548,256,0.002048,22,0.000176,0.004771999999999999,4.049968004226685
BenchmarkTest02199.java,0,CWE-22,CWE-23,0,0,1,0,0,0,1,0,0,0,1171,0.002342,256,0.002048,22,0.000176,0.004566,4.136674404144287
BenchmarkTest02200.java,0,CWE-22,CWE-23,0,1,0,1,0,0,0,0,1,0,1202,0.002404,192,0.001536,21,0.000168,0.004108,3.2714455127716064
BenchmarkTest02201.java,0,CWE-22,CWE-23,0,1,0,1,0,0,0,0,1,0,1409,0.002818,256,0.002048,21,0.000168,0.005034,4.020141839981079
BenchmarkTest02202.java,0,CWE-22,CWE-23,0,1,0,1,0,0,0,0,1,0,1255,0.00251,192,0.001536,21,0.000168,0.004214,3.6457343101501465
BenchmarkTest02203.java,0,CWE-22,CWE-23,0,1,0,1,0,0,0,0,1,0,1452,0.002904,576,0.004608,21,0.000168,0.007679999999999999,8.003506183624268
BenchmarkTest02204.java,0,CWE-22,CWE-23,0,1,0,1,0,0,0,0,1,0,1249,0.002498,320,0.00256,21,0.000168,0.005226,4.594972372055054
BenchmarkTest02205.java,0,CWE-22,CWE-23,0,0,1,0,0,0,1,0,0,0,1247,0.002494,192,0.001536,22,0.000176,0.0042060000000000005,3.4752862453460693
BenchmarkTest02206.java,0,CWE-22,CWE-23,0,1,0,1,0,0,0,0,1,0,1373,0.002746,256,0.002048,21,0.000168,0.004961999999999999,4.352844715118408
BenchmarkTest02207.java,0,CWE-22,CWE-23,0,1,0,1,0,0,0,0,1,0,1425,0.00285,192,0.001536,21,0.000168,0.004554,2.779109477996826
BenchmarkTest02208.java,0,CWE-90,CWE-90,1,0,1,0,0,0,1,0,0,0,1301,0.002602,192,0.001536,22,0.000176,0.004314,3.3672688007354736
BenchmarkTest02209.java,0,CWE-330,CWE-330,1,0,1,0,0,0,1,0,0,0,1321,0.002642,128,0.001024,22,0.000176,0.003842,2.632232904434204
BenchmarkTest02210.java,0,CWE-328,,,,0,0,1,0,0,0,1,0,,,,,,,,
BenchmarkTest02211.java,0,CWE-328,CWE-916,0,0,1,0,0,0,1,0,0,0,1246,0.002492,64,0.000512,22,0.000176,0.0031799999999999997,2.238358974456787
BenchmarkTest02212.java,0,CWE-328,CWE-916,0,0,1,0,0,0,1,0,0,0,1264,0.002528,64,0.000512,22,0.000176,0.0032159999999999997,2.0300450325012207
BenchmarkTest02213.java,0,CWE-328,CWE-916,0,0,1,0,0,0,1,0,0,0,1260,0.00252,64,0.000512,22,0.000176,0.003208,2.2917964458465576
BenchmarkTest02214.java,0,CWE-328,,,,0,0,1,0,0,0,1,0,,,,,,,,
BenchmarkTest02215.java,0,CWE-328,,,,0,0,1,0,0,0,1,0,,,,,,,,
BenchmarkTest02216.java,0,CWE-328,,,,0,0,1,0,0,0,1,0,,,,,,,,
BenchmarkTest02217.java,0,CWE-328,CWE-916,0,0,1,0,0,0,1,0,0,0,1196,0.002392,128,0.001024,22,0.000176,0.0035919999999999997,2.3556838035583496
BenchmarkTest02218.java,0,CWE-328,,,,0,0,1,0,0,0,1,0,,,,,,,,
BenchmarkTest02219.java,0,CWE-328,,,,0,0,0,1,0,0,0,1,,,,,,,,
BenchmarkTest02220.java,0,CWE-328,,,,0,0,1,0,0,0,1,0,,,,,,,,
BenchmarkTest02221.java,0,CWE-79,CWE-79,1,0,1,0,0,0,1,0,0,0,1389,0.002778,256,0.002048,22,0.000176,0.005002,3.659717559814453
BenchmarkTest02222.java,0,CWE-79,CWE-79,1,1,0,1,0,0,0,0,1,0,1367,0.002734,256,0.002048,21,0.000168,0.0049499999999999995,4.417963266372681
BenchmarkTest02223.java,0,CWE-79,CWE-79,1,0,1,0,0,0,1,0,0,0,1309,0.002618,320,0.00256,22,0.000176,0.005354,5.164726495742798
BenchmarkTest02224.java,0,CWE-79,CWE-79,1,0,1,0,0,0,1,0,0,0,1320,0.00264,128,0.001024,22,0.000176,0.0038399999999999997,2.9976158142089844
BenchmarkTest02225.java,0,CWE-79,CWE-79,1,0,1,0,0,0,1,0,0,0,1362,0.002724,256,0.002048,22,0.000176,0.004948,4.453651189804077
BenchmarkTest02226.java,0,CWE-79,CWE-79,1,1,0,1,0,0,0,0,1,0,1298,0.002596,128,0.001024,21,0.000168,0.003788,2.979275703430176
BenchmarkTest02227.java,0,CWE-79,CWE-79,1,0,1,0,0,0,1,0,0,0,1291,0.002582,192,0.001536,22,0.000176,0.004294,2.948137044906616
BenchmarkTest02228.java,0,CWE-79,CWE-79,1,0,1,0,0,0,1,0,0,0,1288,0.002576,128,0.001024,22,0.000176,0.003776,2.979905366897583
BenchmarkTest02229.java,0,CWE-79,CWE-79,1,1,0,1,0,0,0,0,1,0,1391,0.002782,320,0.00256,21,0.000168,0.00551,4.696269273757935
BenchmarkTest02230.java,0,CWE-79,CWE-79,1,0,1,0,0,0,1,0,0,0,1350,0.0027,320,0.00256,22,0.000176,0.005436000000000001,5.264205694198608
BenchmarkTest02231.java,0,CWE-79,CWE-79,1,1,0,1,0,0,0,0,1,0,1521,0.003042,192,0.001536,21,0.000168,0.004746,3.419323682785034
BenchmarkTest02232.java,0,CWE-79,CWE-79,1,0,1,0,0,0,1,0,0,0,1277,0.002554,256,0.002048,22,0.000176,0.004778,4.241826057434082
BenchmarkTest02233.java,0,CWE-79,CWE-79,1,1,0,1,0,0,0,0,1,0,1349,0.002698,576,0.004608,21,0.000168,0.007474,8.14566707611084
BenchmarkTest02234.java,0,CWE-79,CWE-79,1,0,1,0,0,0,1,0,0,0,1300,0.0026,320,0.00256,22,0.000176,0.005336,4.037176609039307
BenchmarkTest02235.java,0,CWE-79,CWE-79,1,1,0,1,0,0,0,0,1,0,1302,0.002604,192,0.001536,21,0.000168,0.004307999999999999,3.6520345211029053
BenchmarkTest02236.java,0,CWE-79,CWE-79,1,1,0,1,0,0,0,0,1,0,1304,0.002608,320,0.00256,21,0.000168,0.0053360000000000005,3.8436505794525146
BenchmarkTest02237.java,0,CWE-79,CWE-79,1,1,0,1,0,0,0,0,1,0,1276,0.002552,448,0.003584,21,0.000168,0.006304,6.545029163360596
BenchmarkTest02238.java,0,CWE-79,CWE-79,1,1,0,1,0,0,0,0,1,0,1498,0.002996,256,0.002048,21,0.000168,0.005212,3.6472814083099365
BenchmarkTest02239.java,0,CWE-79,CWE-79,1,1,0,1,0,0,0,0,1,0,1334,0.002668,576,0.004608,21,0.000168,0.007443999999999999,7.932408332824707
BenchmarkTest02240.java,0,CWE-79,CWE-79,1,1,0,1,0,0,0,0,1,0,1349,0.002698,320,0.00256,21,0.000168,0.005426,5.323117017745972
BenchmarkTest02241.java,0,CWE-79,CWE-79,1,0,1,0,0,0,1,0,0,0,1356,0.002712,128,0.001024,22,0.000176,0.003912,3.8786540031433105
BenchmarkTest02242.java,0,CWE-78,CWE-78,1,1,0,1,0,0,0,0,1,0,1202,0.002404,384,0.003072,21,0.000168,0.005644,6.90640115737915
BenchmarkTest02243.java,0,CWE-78,CWE-78,1,0,1,0,0,0,1,0,0,0,1049,0.002098,256,0.002048,22,0.000176,0.004322,4.233523368835449
BenchmarkTest02244.java,0,CWE-78,CWE-78,1,0,1,0,0,0,1,0,0,0,991,0.001982,256,0.002048,22,0.000176,0.004206,4.76276421546936
BenchmarkTest02245.java,0,CWE-330,CWE-330,1,0,1,0,0,0,1,0,0,0,1265,0.00253,128,0.001024,22,0.000176,0.00373,3.135162115097046
BenchmarkTest02246.java,0,CWE-330,CWE-330,1,0,1,0,0,0,1,0,0,0,1308,0.002616,128,0.001024,22,0.000176,0.003816,2.4543328285217285
BenchmarkTest02247.java,0,CWE-614,,,,0,0,1,0,0,0,1,0,,,,,,,,
BenchmarkTest02248.java,0,CWE-614,,,,0,0,1,0,0,0,1,0,,,,,,,,
BenchmarkTest02249.java,0,CWE-78,CWE-78,1,0,1,0,0,0,1,0,0,0,996,0.001992,320,0.00256,22,0.000176,0.004728,10.955942869186401
BenchmarkTest02250.java,0,CWE-78,CWE-78,1,0,1,0,0,0,1,0,0,0,1018,0.002036,384,0.003072,22,0.000176,0.005284,4.627317667007446
BenchmarkTest02251.java,0,CWE-78,CWE-78,1,0,1,0,0,0,1,0,0,0,1069,0.002138,448,0.003584,22,0.000176,0.005898,6.673650741577148
BenchmarkTest02252.java,0,CWE-78,CWE-78,1,1,0,1,0,0,0,0,1,0,1083,0.002166,320,0.00256,21,0.000168,0.004894,5.890076160430908
BenchmarkTest02253.java,0,CWE-78,CWE-78,1,1,0,1,0,0,0,0,1,0,1133,0.002266,1024,0.008192,21,0.000168,0.010625999999999998,9.79536247253418
BenchmarkTest02254.java,0,CWE-330,,,,0,0,1,0,0,0,1,0,,,,,,,,
BenchmarkTest02255.java,0,CWE-330,,,,0,0,1,0,0,0,1,0,,,,,,,,
BenchmarkTest02256.java,0,CWE-330,,,,0,0,1,0,0,0,1,0,,,,,,,,
BenchmarkTest02257.java,0,CWE-330,,,,0,0,1,0,0,0,1,0,,,,,,,,
BenchmarkTest02258.java,0,CWE-330,CWE-330,1,1,0,1,0,0,0,0,1,0,1339,0.002678,512,0.004096,21,0.000168,0.006941999999999999,7.331076383590698
BenchmarkTest02259.java,0,CWE-330,,,,0,0,1,0,0,0,1,0,,,,,,,,
BenchmarkTest02260.java,0,CWE-330,,,,0,0,1,0,0,0,1,0,,,,,,,,
BenchmarkTest02264.java,0,CWE-89,CWE-89,1,0,1,0,0,0,1,0,0,0,939,0.001878,192,0.001536,22,0.000176,0.00359,2.639888048171997
BenchmarkTest02265.java,0,CWE-89,CWE-89,1,1,0,1,0,0,0,0,1,0,965,0.00193,512,0.004096,21,0.000168,0.006194,7.373224496841431
BenchmarkTest02266.java,0,CWE-89,CWE-89,1,1,0,1,0,0,0,0,1,0,997,0.001994,256,0.002048,21,0.000168,0.00421,4.1268298625946045
BenchmarkTest02267.java,0,CWE-89,CWE-89,1,0,0,1,0,0,0,1,0,0,954,0.001908,128,0.001024,22,0.000176,0.0031079999999999997,3.211393117904663
BenchmarkTest02268.java,0,CWE-89,CWE-89,1,1,0,1,0,0,0,0,1,0,1023,0.002046,448,0.003584,21,0.000168,0.005797999999999999,5.076160192489624
BenchmarkTest02269.java,0,CWE-89,CWE-89,1,0,1,0,0,0,1,0,0,0,956,0.001912,192,0.001536,22,0.000176,0.003624,3.1900720596313477
BenchmarkTest02270.java,0,CWE-89,CWE-89,1,0,1,0,0,0,1,0,0,0,1040,0.00208,192,0.001536,22,0.000176,0.003792,3.107501745223999
BenchmarkTest02271.java,0,CWE-89,CWE-89,1,1,0,1,0,0,0,0,1,0,928,0.001856,128,0.001024,21,0.000168,0.003048,3.7883241176605225
BenchmarkTest02272.java,0,CWE-89,CWE-89,1,0,1,0,0,0,1,0,0,0,941,0.001882,128,0.001024,22,0.000176,0.0030819999999999997,3.814584970474243
BenchmarkTest02273.java,0,CWE-89,CWE-89,1,0,1,0,0,0,1,0,0,0,1000,0.002,64,0.000512,22,0.000176,0.002688,2.8932435512542725
BenchmarkTest02274.java,0,CWE-89,CWE-89,1,1,0,1,0,0,0,0,1,0,1143,0.002286,256,0.002048,21,0.000168,0.004501999999999999,4.264205455780029
BenchmarkTest02275.java,0,CWE-89,,,,0,0,0,1,0,0,0,1,,,,,,,,
BenchmarkTest02276.java,0,CWE-89,,,,0,0,1,0,0,0,1,0,,,,,,,,
BenchmarkTest02277.java,0,CWE-89,,,,0,0,0,1,0,0,0,1,,,,,,,,
BenchmarkTest02278.java,0,CWE-89,,,,0,0,1,0,0,0,1,0,,,,,,,,
BenchmarkTest02279.java,0,CWE-89,,,,0,0,1,0,0,0,1,0,,,,,,,,
BenchmarkTest02280.java,0,CWE-89,,,,0,0,1,0,0,0,1,0,,,,,,,,
BenchmarkTest02281.java,0,CWE-89,,,,0,0,0,1,0,0,0,1,,,,,,,,
BenchmarkTest02282.java,0,CWE-89,CWE-89,1,1,0,1,0,0,0,0,1,0,944,0.001888,128,0.001024,21,0.000168,0.00308,8.152594327926636
BenchmarkTest02283.java,0,CWE-89,CWE-89,1,1,0,1,0,0,0,0,1,0,943,0.001886,512,0.004096,21,0.000168,0.006149999999999999,6.789570093154907
BenchmarkTest02284.java,0,CWE-89,CWE-89,1,0,1,0,0,0,1,0,0,0,905,0.00181,128,0.001024,22,0.000176,0.0030099999999999997,2.9320714473724365
BenchmarkTest02285.java,0,CWE-89,CWE-89,1,1,0,1,0,0,0,0,1,0,908,0.001816,192,0.001536,21,0.000168,0.00352,3.600421190261841
BenchmarkTest02286.java,0,CWE-89,CWE-89,1,0,1,0,0,0,1,0,0,0,916,0.001832,192,0.001536,22,0.000176,0.0035440000000000003,5.15626335144043
BenchmarkTest02287.java,0,CWE-89,CWE-89,1,0,1,0,0,0,1,0,0,0,909,0.001818,128,0.001024,22,0.000176,0.003018,8.320800304412842
BenchmarkTest02288.java,0,CWE-89,CWE-89,1,0,1,0,0,0,1,0,0,0,913,0.001826,64,0.000512,22,0.000176,0.0025139999999999997,2.31917405128479
BenchmarkTest02289.java,0,CWE-327,,,,0,0,1,0,0,0,1,0,,,,,,,,
BenchmarkTest02290.java,0,CWE-327,CWE-327,1,0,1,0,0,0,1,0,0,0,1713,0.003426,64,0.000512,22,0.000176,0.004114,1.8169901371002197
BenchmarkTest02291.java,0,CWE-327,CWE-327,1,0,1,0,0,0,1,0,0,0,1905,0.00381,128,0.001024,22,0.000176,0.00501,2.3529465198516846
BenchmarkTest02292.java,0,CWE-327,CWE-327,1,0,1,0,0,0,1,0,0,0,1677,0.003354,128,0.001024,22,0.000176,0.004554,2.6420929431915283
BenchmarkTest02293.java,0,CWE-327,CWE-327,1,0,1,0,0,0,1,0,0,0,1532,0.003064,64,0.000512,22,0.000176,0.0037519999999999997,1.9043099880218506
BenchmarkTest02294.java,0,CWE-327,CWE-327,1,0,1,0,0,0,1,0,0,0,1341,0.002682,64,0.000512,22,0.000176,0.0033699999999999997,2.2495288848876953
BenchmarkTest02295.java,0,CWE-327,CWE-327,1,0,1,0,0,0,1,0,0,0,1347,0.002694,64,0.000512,22,0.000176,0.003382,1.8038876056671143
BenchmarkTest02296.java,0,CWE-327,,,,0,0,1,0,0,0,1,0,,,,,,,,
BenchmarkTest02297.java,0,CWE-327,,,,0,0,1,0,0,0,1,0,,,,,,,,
BenchmarkTest02298.java,0,CWE-327,,,,0,0,1,0,0,0,1,0,,,,,,,,
BenchmarkTest02299.java,0,CWE-90,CWE-90,1,0,1,0,0,0,1,0,0,0,1251,0.002502,192,0.001536,22,0.000176,0.004214,4.031797170639038
BenchmarkTest02300.java,0,CWE-22,CWE-23,0,1,0,1,0,0,0,0,1,0,1502,0.003004,256,0.002048,21,0.000168,0.00522,3.987177848815918
BenchmarkTest02301.java,0,CWE-22,CWE-23,0,1,0,1,0,0,0,0,1,0,1308,0.002616,448,0.003584,21,0.000168,0.0063679999999999995,6.078953266143799
BenchmarkTest02302.java,0,CWE-22,CWE-23,0,1,1,0,0,0,0,0,0,1,1269,0.002538,448,0.003584,21,0.000168,0.00629,9.082510948181152
BenchmarkTest02303.java,0,CWE-22,CWE-23,0,0,1,0,0,0,1,0,0,0,1483,0.002966,448,0.003584,22,0.000176,0.006726,5.990963935852051
BenchmarkTest02304.java,0,CWE-22,CWE-23,0,0,1,0,0,0,1,0,0,0,1398,0.002796,512,0.004096,22,0.000176,0.007068,10.010824203491211
BenchmarkTest02305.java,0,CWE-90,CWE-90,1,0,1,0,0,0,1,0,0,0,1317,0.002634,768,0.006144,22,0.000176,0.008954000000000002,16.771015644073486
BenchmarkTest02306.java,0,CWE-90,CWE-90,1,0,1,0,0,0,1,0,0,0,1259,0.002518,320,0.00256,22,0.000176,0.005254,3.9222917556762695
BenchmarkTest02307.java,0,CWE-328,CWE-916,0,0,1,0,0,0,1,0,0,0,1442,0.002884,128,0.001024,22,0.000176,0.004084,3.3275487422943115
BenchmarkTest02308.java,0,CWE-328,CWE-916,0,0,1,0,0,0,1,0,0,0,1301,0.002602,128,0.001024,22,0.000176,0.003802,3.8736324310302734
BenchmarkTest02309.java,0,CWE-328,,,,0,0,1,0,0,0,1,0,,,,,,,,
BenchmarkTest02310.java,0,CWE-328,,,,0,0,1,0,0,0,1,0,,,,,,,,
BenchmarkTest02311.java,0,CWE-328,CWE-916,0,0,1,0,0,0,1,0,0,0,1264,0.002528,64,0.000512,22,0.000176,0.0032159999999999997,1.561795949935913
BenchmarkTest02312.java,0,CWE-328,,,,0,0,1,0,0,0,1,0,,,,,,,,
BenchmarkTest02313.java,0,CWE-79,CWE-79,1,1,0,1,0,0,0,0,1,0,1633,0.003266,704,0.005632,21,0.000168,0.009066,8.659024953842163
BenchmarkTest02314.java,0,CWE-79,CWE-79,1,0,1,0,0,0,1,0,0,0,1379,0.002758,576,0.004608,22,0.000176,0.007542,6.337953090667725
BenchmarkTest02315.java,0,CWE-79,CWE-79,1,0,1,0,0,0,1,0,0,0,1354,0.002708,320,0.00256,22,0.000176,0.005444,6.55577826499939
BenchmarkTest02316.java,0,CWE-79,CWE-79,1,0,1,0,0,0,1,0,0,0,1370,0.00274,512,0.004096,22,0.000176,0.007012,7.660370588302612
BenchmarkTest02317.java,0,CWE-79,CWE-79,1,0,1,0,0,0,1,0,0,0,1378,0.002756,576,0.004608,22,0.000176,0.007540000000000001,7.75219202041626
BenchmarkTest02318.java,0,CWE-79,CWE-79,1,1,0,1,0,0,0,0,1,0,1343,0.002686,512,0.004096,21,0.000168,0.00695,7.211238861083984
BenchmarkTest02319.java,0,CWE-79,CWE-79,1,1,0,1,0,0,0,0,1,0,1366,0.002732,384,0.003072,21,0.000168,0.005972,4.986370086669922
BenchmarkTest02320.java,0,CWE-79,CWE-79,1,1,0,1,0,0,0,0,1,0,1372,0.002744,576,0.004608,21,0.000168,0.00752,14.412372827529907
BenchmarkTest02321.java,0,CWE-79,CWE-79,1,0,1,0,0,0,1,0,0,0,1574,0.003148,704,0.005632,22,0.000176,0.008956,13.000375986099243
BenchmarkTest02322.java,0,CWE-79,CWE-79,1,0,1,0,0,0,1,0,0,0,1384,0.002768,512,0.004096,22,0.000176,0.00704,6.518025159835815
BenchmarkTest02323.java,0,CWE-79,CWE-79,1,0,1,0,0,0,1,0,0,0,1380,0.00276,512,0.004096,22,0.000176,0.007031999999999999,6.810072183609009
BenchmarkTest02324.java,0,CWE-79,CWE-79,1,0,1,0,0,0,1,0,0,0,1410,0.00282,384,0.003072,22,0.000176,0.006068,8.231627225875854
BenchmarkTest02325.java,0,CWE-79,CWE-79,1,1,0,1,0,0,0,0,1,0,1362,0.002724,192,0.001536,21,0.000168,0.004428,4.547384738922119
BenchmarkTest02326.java,0,CWE-79,CWE-79,1,0,1,0,0,0,1,0,0,0,1380,0.00276,384,0.003072,22,0.000176,0.006008,6.305799245834351
BenchmarkTest02327.java,0,CWE-79,CWE-79,1,0,1,0,0,0,1,0,0,0,1430,0.00286,320,0.00256,22,0.000176,0.005596,4.319537878036499
BenchmarkTest02328.java,0,CWE-79,CWE-79,1,0,1,0,0,0,1,0,0,0,1362,0.002724,448,0.003584,22,0.000176,0.006483999999999999,8.977828979492188
BenchmarkTest02329.java,0,CWE-79,CWE-79,1,1,0,1,0,0,0,0,1,0,1402,0.002804,256,0.002048,21,0.000168,0.00502,3.079555034637451
BenchmarkTest02330.java,0,CWE-79,CWE-79,1,1,0,1,0,0,0,0,1,0,1394,0.002788,192,0.001536,21,0.000168,0.0044919999999999995,4.082400560379028
BenchmarkTest02331.java,0,CWE-79,CWE-79,1,1,0,1,0,0,0,0,1,0,1346,0.002692,384,0.003072,21,0.000168,0.005932,11.839476585388184
BenchmarkTest02332.java,0,CWE-79,CWE-79,1,0,1,0,0,0,1,0,0,0,1363,0.002726,192,0.001536,22,0.000176,0.004438,3.7309935092926025
BenchmarkTest02333.java,0,CWE-78,CWE-78,1,0,1,0,0,0,1,0,0,0,1058,0.002116,448,0.003584,22,0.000176,0.005876,7.044546842575073
BenchmarkTest02334.java,0,CWE-78,CWE-78,1,0,1,0,0,0,1,0,0,0,1124,0.002248,512,0.004096,22,0.000176,0.00652,8.157286882400513
BenchmarkTest02335.java,0,CWE-78,CWE-78,1,1,0,1,0,0,0,0,1,0,1102,0.002204,448,0.003584,21,0.000168,0.0059559999999999995,11.501768112182617
BenchmarkTest02336.java,0,CWE-78,CWE-78,1,1,0,1,0,0,0,0,1,0,1269,0.002538,896,0.007168,21,0.000168,0.009873999999999999,9.999916553497314
BenchmarkTest02337.java,0,CWE-330,CWE-330,1,0,1,0,0,0,1,0,0,0,1380,0.00276,320,0.00256,22,0.000176,0.005496,5.905897617340088
BenchmarkTest02338.java,0,CWE-330,CWE-330,1,0,1,0,0,0,1,0,0,0,1318,0.002636,64,0.000512,22,0.000176,0.0033239999999999997,2.157256603240967
BenchmarkTest02339.java,0,CWE-614,CWE-614,1,0,1,0,0,0,1,0,0,0,1136,0.002272,64,0.000512,22,0.000176,0.00296,3.655688762664795
BenchmarkTest02340.java,0,CWE-78,CWE-78,1,1,0,1,0,0,0,0,1,0,1189,0.002378,320,0.00256,21,0.000168,0.005105999999999999,8.17303729057312
BenchmarkTest02341.java,0,CWE-78,CWE-78,1,1,0,1,0,0,0,0,1,0,1042,0.002084,704,0.005632,21,0.000168,0.007884,13.926419258117676
BenchmarkTest02342.java,0,CWE-78,CWE-78,1,0,1,0,0,0,1,0,0,0,1015,0.00203,704,0.005632,22,0.000176,0.007838000000000001,14.366239547729492
BenchmarkTest02343.java,0,CWE-78,CWE-78,1,0,1,0,0,0,1,0,0,0,1052,0.002104,512,0.004096,22,0.000176,0.006376,12.77177357673645
BenchmarkTest02344.java,0,CWE-78,CWE-78,1,0,1,0,0,0,1,0,0,0,975,0.00195,640,0.00512,22,0.000176,0.007246,192.7282259464264
BenchmarkTest02345.java,0,CWE-330,,,,0,0,1,0,0,0,1,0,,,,,,,,
BenchmarkTest02346.java,0,CWE-330,,,,0,0,1,0,0,0,1,0,,,,,,,,
BenchmarkTest02347.java,0,CWE-330,,,,0,0,1,0,0,0,1,0,,,,,,,,
BenchmarkTest02348.java,0,CWE-330,,,,0,0,1,0,0,0,1,0,,,,,,,,
BenchmarkTest02349.java,0,CWE-330,,,,0,0,1,0,0,0,1,0,,,,,,,,
BenchmarkTest02350.java,0,CWE-330,,,,0,0,1,0,0,0,1,0,,,,,,,,
BenchmarkTest02351.java,0,CWE-330,,,,0,0,1,0,0,0,1,0,,,,,,,,
BenchmarkTest02353.java,0,CWE-89,CWE-89,1,1,0,1,0,0,0,0,1,0,999,0.001998,320,0.00256,21,0.000168,0.004726,7.948212385177612
BenchmarkTest02354.java,0,CWE-89,CWE-89,1,0,1,0,0,0,1,0,0,0,996,0.001992,320,0.00256,22,0.000176,0.004728,8.283990144729614
BenchmarkTest02355.java,0,CWE-89,CWE-89,1,0,1,0,0,0,1,0,0,0,1029,0.002058,768,0.006144,22,0.000176,0.008378000000000002,12.104728698730469
BenchmarkTest02356.java,0,CWE-89,,,,0,0,0,1,0,0,0,1,,,,,,,,
BenchmarkTest02357.java,0,CWE-89,CWE-89,1,0,1,0,0,0,1,0,0,0,1185,0.00237,384,0.003072,22,0.000176,0.005618000000000001,7.129707336425781
BenchmarkTest02358.java,0,CWE-89,,,,0,0,0,1,0,0,0,1,,,,,,,,
BenchmarkTest02359.java,0,CWE-89,,,,0,0,0,1,0,0,0,1,,,,,,,,
BenchmarkTest02360.java,0,CWE-89,,,,0,0,0,1,0,0,0,1,,,,,,,,
BenchmarkTest02361.java,0,CWE-89,,,,0,0,1,0,0,0,1,0,,,,,,,,
BenchmarkTest02362.java,0,CWE-89,,,,0,0,0,1,0,0,0,1,,,,,,,,
BenchmarkTest02363.java,0,CWE-89,CWE-89,1,1,0,1,0,0,0,0,1,0,1209,0.002418,576,0.004608,21,0.000168,0.007194,9.370656251907349
BenchmarkTest02364.java,0,CWE-89,CWE-89,1,0,1,0,0,0,1,0,0,0,963,0.001926,448,0.003584,22,0.000176,0.005686,7.287807941436768
BenchmarkTest02365.java,0,CWE-89,CWE-89,1,1,0,1,0,0,0,0,1,0,1010,0.00202,384,0.003072,21,0.000168,0.00526,6.927417278289795
BenchmarkTest02366.java,0,CWE-89,CWE-89,1,1,0,1,0,0,0,0,1,0,974,0.001948,320,0.00256,21,0.000168,0.004676,7.321912527084351
BenchmarkTest02367.java,0,CWE-89,CWE-89,1,1,0,1,0,0,0,0,1,0,1177,0.002354,448,0.003584,21,0.000168,0.006106,190.49689936637878
BenchmarkTest02368.java,0,CWE-89,CWE-89,1,1,0,1,0,0,0,0,1,0,978,0.001956,256,0.002048,21,0.000168,0.0041719999999999995,7.085833787918091
BenchmarkTest02369.java,0,CWE-89,CWE-89,1,0,1,0,0,0,1,0,0,0,976,0.001952,320,0.00256,22,0.000176,0.004688,4.910260200500488
BenchmarkTest02370.java,0,CWE-643,CWE-643,1,1,0,1,0,0,0,0,1,0,1158,0.002316,448,0.003584,21,0.000168,0.006068,7.372792959213257
BenchmarkTest02371.java,0,CWE-327,,,,0,0,1,0,0,0,1,0,,,,,,,,
BenchmarkTest02372.java,0,CWE-327,,,,0,0,1,0,0,0,1,0,,,,,,,,
BenchmarkTest02373.java,0,CWE-327,CWE-327,1,0,1,0,0,0,1,0,0,0,1272,0.002544,64,0.000512,22,0.000176,0.0032319999999999996,3.932732582092285
BenchmarkTest02374.java,0,CWE-327,CWE-327,1,0,1,0,0,0,1,0,0,0,1305,0.00261,128,0.001024,22,0.000176,0.00381,5.225021600723267
BenchmarkTest02375.java,0,CWE-327,CWE-327,1,0,1,0,0,0,1,0,0,0,1250,0.0025,320,0.00256,22,0.000176,0.005236,6.181612253189087
BenchmarkTest02376.java,0,CWE-90,,,,0,0,1,0,0,0,1,0,,,,,,,,
BenchmarkTest02377.java,0,CWE-22,,,,0,0,0,1,0,0,0,1,,,,,,,,
BenchmarkTest02378.java,0,CWE-22,,,,0,0,0,1,0,0,0,1,,,,,,,,
BenchmarkTest02379.java,0,CWE-22,,,,0,0,1,0,0,0,1,0,,,,,,,,
BenchmarkTest02380.java,0,CWE-22,,,,0,0,1,0,0,0,1,0,,,,,,,,
BenchmarkTest02381.java,0,CWE-22,,,,0,0,1,0,0,0,1,0,,,,,,,,
BenchmarkTest02382.java,0,CWE-22,,,,0,0,1,0,0,0,1,0,,,,,,,,
BenchmarkTest02383.java,0,CWE-22,,,,0,0,0,1,0,0,0,1,,,,,,,,
BenchmarkTest02384.java,0,CWE-90,,,,0,0,1,0,0,0,1,0,,,,,,,,
BenchmarkTest02385.java,0,CWE-328,CWE-916,0,0,1,0,0,0,1,0,0,0,1307,0.002614,64,0.000512,22,0.000176,0.003302,3.499020576477051
BenchmarkTest02386.java,0,CWE-328,CWE-916,0,0,1,0,0,0,1,0,0,0,1259,0.002518,64,0.000512,22,0.000176,0.0032059999999999996,3.7301714420318604
BenchmarkTest02387.java,0,CWE-328,CWE-916,0,0,1,0,0,0,1,0,0,0,1243,0.002486,0,0.0,22,0.000176,0.002662,3.2459452152252197
BenchmarkTest02388.java,0,CWE-328,CWE-916,0,0,1,0,0,0,1,0,0,0,1258,0.002516,128,0.001024,22,0.000176,0.0037159999999999997,4.076167583465576
BenchmarkTest02389.java,0,CWE-328,,,,0,0,1,0,0,0,1,0,,,,,,,,
BenchmarkTest02390.java,0,CWE-328,,,,0,0,1,0,0,0,1,0,,,,,,,,
BenchmarkTest02391.java,0,CWE-328,,,,0,0,0,1,0,0,0,1,,,,,,,,
BenchmarkTest02392.java,0,CWE-328,,,,0,0,0,1,0,0,0,1,,,,,,,,
BenchmarkTest02393.java,0,CWE-328,,,,0,0,0,1,0,0,0,1,,,,,,,,
BenchmarkTest02394.java,0,CWE-79,,,,0,0,1,0,0,0,1,0,,,,,,,,
BenchmarkTest02395.java,0,CWE-79,,,,0,0,0,1,0,0,0,1,,,,,,,,
BenchmarkTest02396.java,0,CWE-79,,,,0,0,0,1,0,0,0,1,,,,,,,,
BenchmarkTest02397.java,0,CWE-79,,,,0,0,0,1,0,0,0,1,,,,,,,,
BenchmarkTest02398.java,0,CWE-79,,,,0,0,1,0,0,0,1,0,,,,,,,,
BenchmarkTest02399.java,0,CWE-79,,,,0,0,0,1,0,0,0,1,,,,,,,,
BenchmarkTest02400.java,0,CWE-79,,,,0,0,0,1,0,0,0,1,,,,,,,,
BenchmarkTest02401.java,0,CWE-79,,,,0,0,1,0,0,0,1,0,,,,,,,,
BenchmarkTest02402.java,0,CWE-79,,,,0,0,0,1,0,0,0,1,,,,,,,,
BenchmarkTest02403.java,0,CWE-79,,,,0,0,0,1,0,0,0,1,,,,,,,,
BenchmarkTest02404.java,0,CWE-79,,,,0,0,1,0,0,0,1,0,,,,,,,,
BenchmarkTest02405.java,0,CWE-79,,,,0,0,0,1,0,0,0,1,,,,,,,,
BenchmarkTest02406.java,0,CWE-79,,,,0,0,1,0,0,0,1,0,,,,,,,,
BenchmarkTest02407.java,0,CWE-79,,,,0,0,0,1,0,0,0,1,,,,,,,,
BenchmarkTest02408.java,0,CWE-79,,,,0,0,1,0,0,0,1,0,,,,,,,,
BenchmarkTest02409.java,0,CWE-79,,,,0,0,0,1,0,0,0,1,,,,,,,,
BenchmarkTest02410.java,0,CWE-79,,,,0,0,0,1,0,0,0,1,,,,,,,,
BenchmarkTest02411.java,0,CWE-78,,,,0,0,0,1,0,0,0,1,,,,,,,,
BenchmarkTest02412.java,0,CWE-78,,,,0,0,0,1,0,0,0,1,,,,,,,,
BenchmarkTest02413.java,0,CWE-78,,,,0,0,1,0,0,0,1,0,,,,,,,,
BenchmarkTest02414.java,0,CWE-78,,,,0,0,0,1,0,0,0,1,,,,,,,,
BenchmarkTest02415.java,0,CWE-330,CWE-330,1,0,1,0,0,0,1,0,0,0,1260,0.00252,64,0.000512,22,0.000176,0.003208,3.2033822536468506
BenchmarkTest02416.java,0,CWE-330,CWE-330,1,0,1,0,0,0,1,0,0,0,1331,0.002662,64,0.000512,22,0.000176,0.0033499999999999997,3.479203701019287
BenchmarkTest02417.java,0,CWE-330,CWE-330,1,0,1,0,0,0,1,0,0,0,1262,0.002524,128,0.001024,22,0.000176,0.003724,5.211483478546143
BenchmarkTest02418.java,0,CWE-330,CWE-330,1,0,1,0,0,0,1,0,0,0,1316,0.002632,192,0.001536,22,0.000176,0.004344,5.526791095733643
BenchmarkTest02419.java,0,CWE-330,CWE-330,1,0,1,0,0,0,1,0,0,0,1486,0.002972,128,0.001024,22,0.000176,0.0041719999999999995,4.562011957168579
BenchmarkTest02420.java,0,CWE-330,CWE-330,1,0,1,0,0,0,1,0,0,0,1244,0.002488,128,0.001024,22,0.000176,0.0036880000000000003,4.64618706703186
BenchmarkTest02421.java,0,CWE-330,CWE-330,1,0,1,0,0,0,1,0,0,0,1316,0.002632,128,0.001024,22,0.000176,0.0038319999999999995,4.266241788864136
BenchmarkTest02422.java,0,CWE-330,CWE-330,1,0,1,0,0,0,1,0,0,0,1300,0.0026,64,0.000512,22,0.000176,0.0032879999999999997,3.855919361114502
BenchmarkTest02423.java,0,CWE-330,CWE-330,1,0,1,0,0,0,1,0,0,0,1433,0.002866,64,0.000512,22,0.000176,0.003554,3.3767640590667725
BenchmarkTest02424.java,0,CWE-330,CWE-330,1,0,1,0,0,0,1,0,0,0,1258,0.002516,192,0.001536,22,0.000176,0.004228,5.188469886779785
BenchmarkTest02425.java,0,CWE-330,CWE-330,1,0,1,0,0,0,1,0,0,0,1220,0.00244,128,0.001024,22,0.000176,0.00364,4.1305999755859375
BenchmarkTest02426.java,0,CWE-330,CWE-330,1,0,1,0,0,0,1,0,0,0,1237,0.002474,64,0.000512,22,0.000176,0.003162,3.7786214351654053
BenchmarkTest02427.java,0,CWE-614,CWE-614,1,0,1,0,0,0,1,0,0,0,1027,0.002054,64,0.000512,22,0.000176,0.0027419999999999996,3.572087287902832
BenchmarkTest02428.java,0,CWE-78,,,,0,0,1,0,0,0,1,0,,,,,,,,
BenchmarkTest02429.java,0,CWE-78,,,,0,0,0,1,0,0,0,1,,,,,,,,
BenchmarkTest02430.java,0,CWE-78,,,,0,0,0,1,0,0,0,1,,,,,,,,
BenchmarkTest02431.java,0,CWE-78,,,,0,0,0,1,0,0,0,1,,,,,,,,
BenchmarkTest02432.java,0,CWE-78,,,,0,0,0,1,0,0,0,1,,,,,,,,
BenchmarkTest02433.java,0,CWE-78,,,,0,0,0,1,0,0,0,1,,,,,,,,
BenchmarkTest02434.java,0,CWE-330,,,,0,0,1,0,0,0,1,0,,,,,,,,
BenchmarkTest02435.java,0,CWE-330,,,,0,0,1,0,0,0,1,0,,,,,,,,
BenchmarkTest02436.java,0,CWE-330,,,,0,0,1,0,0,0,1,0,,,,,,,,
BenchmarkTest02437.java,0,CWE-330,,,,0,0,1,0,0,0,1,0,,,,,,,,
BenchmarkTest02438.java,0,CWE-330,,,,0,0,1,0,0,0,1,0,,,,,,,,
BenchmarkTest02439.java,0,CWE-330,,,,0,0,1,0,0,0,1,0,,,,,,,,
BenchmarkTest02440.java,0,CWE-330,,,,0,0,1,0,0,0,1,0,,,,,,,,
BenchmarkTest02441.java,0,CWE-330,,,,0,0,1,0,0,0,1,0,,,,,,,,
BenchmarkTest02442.java,0,CWE-330,,,,0,0,1,0,0,0,1,0,,,,,,,,
BenchmarkTest02443.java,0,CWE-330,,,,0,0,1,0,0,0,1,0,,,,,,,,
BenchmarkTest02444.java,0,CWE-330,,,,0,0,1,0,0,0,1,0,,,,,,,,
BenchmarkTest02445.java,0,CWE-330,,,,0,0,1,0,0,0,1,0,,,,,,,,
BenchmarkTest02449.java,0,CWE-89,,,,0,0,0,1,0,0,0,1,,,,,,,,
BenchmarkTest02450.java,0,CWE-89,,,,0,0,1,0,0,0,1,0,,,,,,,,
BenchmarkTest02451.java,0,CWE-89,,,,0,0,0,1,0,0,0,1,,,,,,,,
BenchmarkTest02452.java,0,CWE-89,,,,0,0,1,0,0,0,1,0,,,,,,,,
BenchmarkTest02453.java,0,CWE-89,,,,0,0,0,1,0,0,0,1,,,,,,,,
BenchmarkTest02454.java,0,CWE-89,,,,0,0,0,1,0,0,0,1,,,,,,,,
BenchmarkTest02455.java,0,CWE-89,,,,0,0,0,1,0,0,0,1,,,,,,,,
BenchmarkTest02456.java,0,CWE-89,,,,0,0,1,0,0,0,1,0,,,,,,,,
BenchmarkTest02457.java,0,CWE-643,,,,0,0,1,0,0,0,1,0,,,,,,,,
BenchmarkTest02458.java,0,CWE-327,CWE-327,1,0,1,0,0,0,1,0,0,0,1573,0.003146,64,0.000512,22,0.000176,0.0038339999999999997,2.7206430435180664
BenchmarkTest02459.java,0,CWE-327,,,,0,0,1,0,0,0,1,0,,,,,,,,
BenchmarkTest02460.java,0,CWE-327,,,,0,0,1,0,0,0,1,0,,,,,,,,
BenchmarkTest02461.java,0,CWE-327,,,,0,0,1,0,0,0,1,0,,,,,,,,
BenchmarkTest02462.java,0,CWE-22,CWE-23,0,1,0,1,0,0,0,0,1,0,1260,0.00252,192,0.001536,21,0.000168,0.004224,3.880035877227783
BenchmarkTest02463.java,0,CWE-22,CWE-23,0,0,1,0,0,0,1,0,0,0,1202,0.002404,320,0.00256,22,0.000176,0.00514,5.483805894851685
BenchmarkTest02464.java,0,CWE-22,CWE-23,0,1,0,1,0,0,0,0,1,0,1245,0.00249,256,0.002048,21,0.000168,0.004706,5.19000244140625
BenchmarkTest02465.java,0,CWE-22,CWE-23,0,0,1,0,0,0,1,0,0,0,1340,0.00268,320,0.00256,22,0.000176,0.005416,5.406391382217407
BenchmarkTest02466.java,0,CWE-22,CWE-23,0,0,1,0,0,0,1,0,0,0,1403,0.002806,256,0.002048,22,0.000176,0.00503,5.469685077667236
BenchmarkTest02467.java,0,CWE-22,CWE-23,0,1,0,1,0,0,0,0,1,0,1489,0.002978,448,0.003584,21,0.000168,0.00673,6.733259916305542
BenchmarkTest02468.java,0,CWE-22,CWE-23,0,1,0,1,0,0,0,0,1,0,1233,0.002466,384,0.003072,21,0.000168,0.005705999999999999,6.105821847915649
BenchmarkTest02469.java,0,CWE-22,CWE-23,0,0,1,0,0,0,1,0,0,0,1248,0.002496,192,0.001536,22,0.000176,0.004208,4.736918210983276
BenchmarkTest02470.java,0,CWE-22,CWE-23,0,1,0,1,0,0,0,0,1,0,1238,0.002476,192,0.001536,21,0.000168,0.00418,4.1998374462127686
BenchmarkTest02471.java,0,CWE-22,CWE-23,0,1,0,1,0,0,0,0,1,0,1360,0.00272,320,0.00256,21,0.000168,0.005448,6.397518634796143
BenchmarkTest02472.java,0,CWE-90,CWE-90,1,0,1,0,0,0,1,0,0,0,1219,0.002438,320,0.00256,22,0.000176,0.005174000000000001,5.678617000579834
BenchmarkTest02473.java,0,CWE-330,CWE-330,1,0,1,0,0,0,1,0,0,0,1315,0.00263,64,0.000512,22,0.000176,0.0033179999999999998,3.1097397804260254
BenchmarkTest02474.java,0,CWE-328,CWE-916,0,0,1,0,0,0,1,0,0,0,1293,0.002586,64,0.000512,22,0.000176,0.003274,1.6037859916687012
BenchmarkTest02475.java,0,CWE-328,CWE-916,0,0,1,0,0,0,1,0,0,0,1237,0.002474,64,0.000512,22,0.000176,0.003162,2.282090425491333
BenchmarkTest02476.java,0,CWE-328,CWE-916,0,0,1,0,0,0,1,0,0,0,1166,0.002332,128,0.001024,22,0.000176,0.0035319999999999995,3.0052649974823
BenchmarkTest02477.java,0,CWE-328,,,,0,0,1,0,0,0,1,0,,,,,,,,
BenchmarkTest02478.java,0,CWE-328,,,,0,0,0,1,0,0,0,1,,,,,,,,
BenchmarkTest02479.java,0,CWE-328,,,,0,0,1,0,0,0,1,0,,,,,,,,
BenchmarkTest02480.java,0,CWE-79,CWE-79,1,0,1,0,0,0,1,0,0,0,1283,0.002566,128,0.001024,22,0.000176,0.0037660000000000003,2.7302699089050293
BenchmarkTest02481.java,0,CWE-79,CWE-79,1,1,0,1,0,0,0,0,1,0,1324,0.002648,256,0.002048,21,0.000168,0.004864,3.9587435722351074
BenchmarkTest02482.java,0,CWE-79,CWE-79,1,1,0,1,0,0,0,0,1,0,1339,0.002678,448,0.003584,21,0.000168,0.00643,5.952196836471558
BenchmarkTest02483.java,0,CWE-79,CWE-79,1,0,1,0,0,0,1,0,0,0,1252,0.002504,128,0.001024,22,0.000176,0.003704,2.1009111404418945
BenchmarkTest02484.java,0,CWE-79,CWE-79,1,1,0,1,0,0,0,0,1,0,1351,0.002702,192,0.001536,21,0.000168,0.004406,4.105535268783569
BenchmarkTest02485.java,0,CWE-79,CWE-79,1,0,0,1,0,0,0,1,0,0,1346,0.002692,192,0.001536,22,0.000176,0.004404,3.0331130027770996
BenchmarkTest02486.java,0,CWE-79,CWE-79,1,0,1,0,0,0,1,0,0,0,1334,0.002668,768,0.006144,22,0.000176,0.008988000000000001,11.325192928314209
BenchmarkTest02487.java,0,CWE-79,CWE-79,1,0,1,0,0,0,1,0,0,0,1300,0.0026,192,0.001536,22,0.000176,0.004312,3.73048996925354
BenchmarkTest02488.java,0,CWE-79,CWE-79,1,1,0,1,0,0,0,0,1,0,1286,0.002572,512,0.004096,21,0.000168,0.006836,7.166954278945923
BenchmarkTest02489.java,0,CWE-79,CWE-79,1,0,1,0,0,0,1,0,0,0,1264,0.002528,192,0.001536,22,0.000176,0.00424,4.839209079742432
BenchmarkTest02490.java,0,CWE-79,CWE-79,1,1,0,1,0,0,0,0,1,0,1503,0.003006,512,0.004096,21,0.000168,0.0072699999999999996,7.142542839050293
BenchmarkTest02491.java,0,CWE-79,CWE-79,1,1,0,1,0,0,0,0,1,0,1488,0.002976,192,0.001536,21,0.000168,0.00468,3.4006924629211426
BenchmarkTest02492.java,0,CWE-79,CWE-79,1,1,0,1,0,0,0,0,1,0,1266,0.002532,256,0.002048,21,0.000168,0.004748,3.552227735519409
BenchmarkTest02493.java,0,CWE-79,CWE-79,1,0,1,0,0,0,1,0,0,0,1367,0.002734,128,0.001024,22,0.000176,0.003934,2.4668128490448
BenchmarkTest02494.java,0,CWE-79,CWE-79,1,0,1,0,0,0,1,0,0,0,1307,0.002614,1280,0.01024,22,0.000176,0.013030000000000002,19.698615312576294
BenchmarkTest02495.java,0,CWE-79,CWE-79,1,1,0,1,0,0,0,0,1,0,1364,0.002728,256,0.002048,21,0.000168,0.004944,6.368554592132568
BenchmarkTest02496.java,0,CWE-78,CWE-78,1,0,1,0,0,0,1,0,0,0,988,0.001976,384,0.003072,22,0.000176,0.005224,6.312450408935547
BenchmarkTest02497.java,0,CWE-330,CWE-330,1,0,1,0,0,0,1,0,0,0,1474,0.002948,384,0.003072,22,0.000176,0.006196,6.281851053237915
BenchmarkTest02498.java,0,CWE-330,CWE-330,1,0,1,0,0,0,1,0,0,0,1258,0.002516,128,0.001024,22,0.000176,0.0037159999999999997,3.2236249446868896
BenchmarkTest02499.java,0,CWE-330,CWE-330,1,0,1,0,0,0,1,0,0,0,1271,0.002542,128,0.001024,22,0.000176,0.0037419999999999997,2.369554042816162
BenchmarkTest02500.java,0,CWE-330,CWE-330,1,0,1,0,0,0,1,0,0,0,1247,0.002494,128,0.001024,22,0.000176,0.0036940000000000002,2.736224889755249
BenchmarkTest02501.java,0,CWE-330,CWE-330,1,0,1,0,0,0,1,0,0,0,1231,0.002462,128,0.001024,22,0.000176,0.0036620000000000003,4.037975788116455
BenchmarkTest02502.java,0,CWE-330,CWE-330,1,0,1,0,0,0,1,0,0,0,1273,0.002546,64,0.000512,22,0.000176,0.003234,2.427340507507324
BenchmarkTest02503.java,0,CWE-330,CWE-330,1,0,1,0,0,0,1,0,0,0,1434,0.002868,64,0.000512,22,0.000176,0.0035559999999999997,2.279431104660034
BenchmarkTest02504.java,0,CWE-330,CWE-330,1,0,1,0,0,0,1,0,0,0,1234,0.002468,0,0.0,22,0.000176,0.002644,1.6065690517425537
BenchmarkTest02505.java,0,CWE-330,CWE-330,1,0,1,0,0,0,1,0,0,0,1261,0.002522,64,0.000512,22,0.000176,0.0032099999999999997,1.8643124103546143
BenchmarkTest02506.java,0,CWE-330,CWE-330,1,0,1,0,0,0,1,0,0,0,1245,0.00249,192,0.001536,22,0.000176,0.004202,4.211232662200928
BenchmarkTest02507.java,0,CWE-614,CWE-614,1,0,1,0,0,0,1,0,0,0,1018,0.002036,64,0.000512,22,0.000176,0.002724,1.4910063743591309
BenchmarkTest02508.java,0,CWE-614,,,,0,0,1,0,0,0,1,0,,,,,,,,
BenchmarkTest02509.java,0,CWE-79,CWE-79,1,1,0,1,0,0,0,0,1,0,1289,0.002578,256,0.002048,21,0.000168,0.004794,2.850282669067383
BenchmarkTest02510.java,0,CWE-78,CWE-78,1,1,0,1,0,0,0,0,1,0,1097,0.002194,512,0.004096,21,0.000168,0.006458,13.980775833129883
BenchmarkTest02511.java,0,CWE-78,CWE-78,1,0,1,0,0,0,1,0,0,0,896,0.001792,896,0.007168,22,0.000176,0.009136,10.951165199279785
BenchmarkTest02512.java,0,CWE-78,CWE-78,1,0,1,0,0,0,1,0,0,0,937,0.001874,576,0.004608,22,0.000176,0.006658,8.4735107421875
BenchmarkTest02513.java,0,CWE-78,CWE-78,1,1,0,1,0,0,0,0,1,0,959,0.001918,320,0.00256,21,0.000168,0.004646,3.8722047805786133
BenchmarkTest02514.java,0,CWE-78,CWE-78,1,0,1,0,0,0,1,0,0,0,900,0.0018,704,0.005632,22,0.000176,0.007607999999999999,6.71621036529541
BenchmarkTest02515.java,0,CWE-78,CWE-78,1,0,1,0,0,0,1,0,0,0,886,0.001772,384,0.003072,22,0.000176,0.00502,5.570679426193237
BenchmarkTest02516.java,0,CWE-78,CWE-78,1,0,1,0,0,0,1,0,0,0,956,0.001912,704,0.005632,22,0.000176,0.00772,8.77568531036377
BenchmarkTest02517.java,0,CWE-78,CWE-78,1,0,1,0,0,0,1,0,0,0,892,0.001784,640,0.00512,22,0.000176,0.00708,8.225244283676147
BenchmarkTest02518.java,0,CWE-78,CWE-78,1,1,0,1,0,0,0,0,1,0,958,0.001916,576,0.004608,21,0.000168,0.006692,16.280529975891113
BenchmarkTest02519.java,0,CWE-330,,,,0,0,1,0,0,0,1,0,,,,,,,,
BenchmarkTest02520.java,0,CWE-330,,,,0,0,1,0,0,0,1,0,,,,,,,,
BenchmarkTest02521.java,0,CWE-330,,,,0,0,1,0,0,0,1,0,,,,,,,,
BenchmarkTest02522.java,0,CWE-330,,,,0,0,1,0,0,0,1,0,,,,,,,,
BenchmarkTest02528.java,0,CWE-89,CWE-89,1,0,1,0,0,0,1,0,0,0,926,0.001852,128,0.001024,22,0.000176,0.003052,2.576836109161377
BenchmarkTest02529.java,0,CWE-89,CWE-89,1,1,0,1,0,0,0,0,1,0,963,0.001926,192,0.001536,21,0.000168,0.00363,4.815514326095581
BenchmarkTest02530.java,0,CWE-89,CWE-89,1,0,1,0,0,0,1,0,0,0,932,0.001864,256,0.002048,22,0.000176,0.004088,4.776022672653198
BenchmarkTest02531.java,0,CWE-89,CWE-89,1,0,1,0,0,0,1,0,0,0,913,0.001826,192,0.001536,22,0.000176,0.003538,3.485551118850708
BenchmarkTest02532.java,0,CWE-89,CWE-89,1,0,1,0,0,0,1,0,0,0,941,0.001882,128,0.001024,22,0.000176,0.0030819999999999997,2.7042758464813232
BenchmarkTest02533.java,0,CWE-89,CWE-89,1,0,1,0,0,0,1,0,0,0,976,0.001952,128,0.001024,22,0.000176,0.003152,3.353996992111206
BenchmarkTest02534.java,0,CWE-89,CWE-89,1,0,1,0,0,0,1,0,0,0,910,0.00182,128,0.001024,22,0.000176,0.00302,2.285456418991089
BenchmarkTest02535.java,0,CWE-89,CWE-89,1,0,1,0,0,0,1,0,0,0,955,0.00191,448,0.003584,22,0.000176,0.00567,6.156262397766113
BenchmarkTest02536.java,0,CWE-89,CWE-89,1,1,0,1,0,0,0,0,1,0,980,0.00196,256,0.002048,21,0.000168,0.004175999999999999,4.564587831497192
BenchmarkTest02537.java,0,CWE-89,CWE-89,1,0,1,0,0,0,1,0,0,0,931,0.001862,192,0.001536,22,0.000176,0.003574,2.717406988143921
BenchmarkTest02538.java,0,CWE-89,,,,0,0,1,0,0,0,1,0,,,,,,,,
BenchmarkTest02539.java,0,CWE-89,,,,0,0,1,0,0,0,1,0,,,,,,,,
BenchmarkTest02540.java,0,CWE-89,CWE-89,1,1,0,1,0,0,0,0,1,0,933,0.001866,192,0.001536,21,0.000168,0.0035700000000000003,3.1156632900238037
BenchmarkTest02541.java,0,CWE-89,CWE-89,1,1,0,1,0,0,0,0,1,0,899,0.001798,128,0.001024,21,0.000168,0.00299,7.0755250453948975
BenchmarkTest02542.java,0,CWE-89,CWE-89,1,0,1,0,0,0,1,0,0,0,880,0.00176,128,0.001024,22,0.000176,0.00296,2.250183343887329
BenchmarkTest02543.java,0,CWE-89,CWE-89,1,0,1,0,0,0,1,0,0,0,896,0.001792,64,0.000512,22,0.000176,0.00248,2.0781967639923096
BenchmarkTest02544.java,0,CWE-89,CWE-89,1,1,0,1,0,0,0,0,1,0,948,0.001896,256,0.002048,21,0.000168,0.004111999999999999,4.094358921051025
BenchmarkTest02545.java,0,CWE-89,CWE-89,1,0,1,0,0,0,1,0,0,0,887,0.001774,128,0.001024,22,0.000176,0.002974,2.601618528366089
BenchmarkTest02546.java,0,CWE-89,CWE-89,1,1,0,1,0,0,0,0,1,0,952,0.001904,256,0.002048,21,0.000168,0.0041199999999999995,3.965714693069458
BenchmarkTest02547.java,0,CWE-327,,,,0,0,1,0,0,0,1,0,,,,,,,,
BenchmarkTest02548.java,0,CWE-327,CWE-327,1,0,1,0,0,0,1,0,0,0,1760,0.00352,64,0.000512,22,0.000176,0.004208,2.0600342750549316
BenchmarkTest02549.java,0,CWE-327,CWE-327,1,0,1,0,0,0,1,0,0,0,1757,0.003514,64,0.000512,22,0.000176,0.004202,1.7271077632904053
BenchmarkTest02550.java,0,CWE-327,CWE-327,1,0,1,0,0,0,1,0,0,0,1383,0.002766,64,0.000512,22,0.000176,0.0034539999999999996,1.829432487487793
BenchmarkTest02551.java,0,CWE-327,,,,0,0,1,0,0,0,1,0,,,,,,,,
BenchmarkTest02552.java,0,CWE-327,,,,0,0,1,0,0,0,1,0,,,,,,,,
BenchmarkTest02553.java,0,CWE-90,CWE-90,1,1,0,1,0,0,0,0,1,0,1393,0.002786,320,0.00256,21,0.000168,0.005514,6.787244081497192
BenchmarkTest02554.java,0,CWE-22,CWE-23,0,1,0,1,0,0,0,0,1,0,1352,0.002704,256,0.002048,21,0.000168,0.004919999999999999,4.670306205749512
BenchmarkTest02555.java,0,CWE-22,CWE-23,0,0,1,0,0,0,1,0,0,0,1344,0.002688,192,0.001536,22,0.000176,0.0044,3.5868029594421387
BenchmarkTest02556.java,0,CWE-22,CWE-23,0,0,1,0,0,0,1,0,0,0,1332,0.002664,128,0.001024,22,0.000176,0.0038640000000000002,3.4193994998931885
BenchmarkTest02557.java,0,CWE-22,CWE-23,0,1,0,1,0,0,0,0,1,0,1370,0.00274,448,0.003584,21,0.000168,0.0064919999999999995,6.072782754898071
BenchmarkTest02558.java,0,CWE-22,CWE-23,0,1,0,1,0,0,0,0,1,0,1338,0.002676,704,0.005632,21,0.000168,0.008476,9.248418807983398
BenchmarkTest02559.java,0,CWE-22,CWE-23,0,0,1,0,0,0,1,0,0,0,1465,0.00293,256,0.002048,22,0.000176,0.005154,4.423389196395874
BenchmarkTest02560.java,0,CWE-22,CWE-23,0,0,1,0,0,0,1,0,0,0,1481,0.002962,384,0.003072,22,0.000176,0.006209999999999999,5.436892747879028
BenchmarkTest02561.java,0,CWE-22,CWE-23,0,0,1,0,0,0,1,0,0,0,1459,0.002918,256,0.002048,22,0.000176,0.005142,3.57843279838562
BenchmarkTest02562.java,0,CWE-22,CWE-23,0,0,1,0,0,0,1,0,0,0,1430,0.00286,256,0.002048,22,0.000176,0.005084,4.2730793952941895
BenchmarkTest02563.java,0,CWE-22,CWE-23,0,1,0,1,0,0,0,0,1,0,1582,0.003164,960,0.00768,21,0.000168,0.011012,12.597992420196533
BenchmarkTest02564.java,0,CWE-22,CWE-23,0,0,1,0,0,0,1,0,0,0,1440,0.00288,192,0.001536,22,0.000176,0.004592,3.6386852264404297
BenchmarkTest02565.java,0,CWE-22,CWE-23,0,0,1,0,0,0,1,0,0,0,1352,0.002704,320,0.00256,22,0.000176,0.0054399999999999995,5.39531946182251
BenchmarkTest02566.java,0,CWE-22,CWE-23,0,1,0,1,0,0,0,0,1,0,1392,0.002784,320,0.00256,21,0.000168,0.0055119999999999995,5.484978675842285
BenchmarkTest02567.java,0,CWE-22,CWE-23,0,0,1,0,0,0,1,0,0,0,1347,0.002694,64,0.000512,22,0.000176,0.003382,2.7609076499938965
BenchmarkTest02568.java,0,CWE-22,CWE-23,0,1,0,1,0,0,0,0,1,0,1427,0.002854,256,0.002048,21,0.000168,0.00507,3.636631488800049
BenchmarkTest02569.java,0,CWE-22,CWE-23,0,0,1,0,0,0,1,0,0,0,1434,0.002868,256,0.002048,22,0.000176,0.005092,4.296594858169556
BenchmarkTest02570.java,0,CWE-22,CWE-23,0,1,0,1,0,0,0,0,1,0,1530,0.00306,256,0.002048,21,0.000168,0.0052759999999999994,4.6674964427948
BenchmarkTest02571.java,0,CWE-90,CWE-90,1,1,0,1,0,0,0,0,1,0,1403,0.002806,256,0.002048,21,0.000168,0.0050219999999999996,3.771606922149658
BenchmarkTest02572.java,0,CWE-90,CWE-90,1,1,0,1,0,0,0,0,1,0,1356,0.002712,512,0.004096,21,0.000168,0.0069759999999999996,6.618956565856934
BenchmarkTest02573.java,0,CWE-328,CWE-916,0,0,1,0,0,0,1,0,0,0,1429,0.002858,64,0.000512,22,0.000176,0.0035459999999999997,2.397231101989746
BenchmarkTest02574.java,0,CWE-328,CWE-916,0,0,1,0,0,0,1,0,0,0,1394,0.002788,128,0.001024,22,0.000176,0.003988,2.895833730697632
BenchmarkTest02575.java,0,CWE-328,CWE-916,0,0,1,0,0,0,1,0,0,0,1328,0.002656,64,0.000512,22,0.000176,0.0033439999999999998,10.26107120513916
BenchmarkTest02576.java,0,CWE-328,,,,0,0,1,0,0,0,1,0,,,,,,,,
BenchmarkTest02577.java,0,CWE-328,,,,0,0,0,1,0,0,0,1,,,,,,,,
BenchmarkTest02578.java,0,CWE-79,CWE-79,1,0,1,0,0,0,1,0,0,0,1439,0.002878,192,0.001536,22,0.000176,0.0045899999999999995,4.00049901008606
BenchmarkTest02579.java,0,CWE-79,CWE-79,1,0,1,0,0,0,1,0,0,0,1419,0.002838,192,0.001536,22,0.000176,0.004549999999999999,4.064176797866821
BenchmarkTest02580.java,0,CWE-79,CWE-79,1,0,1,0,0,0,1,0,0,0,1428,0.002856,320,0.00256,22,0.000176,0.005592000000000001,5.519444465637207
BenchmarkTest02581.java,0,CWE-79,CWE-79,1,1,0,1,0,0,0,0,1,0,1414,0.002828,512,0.004096,21,0.000168,0.007091999999999999,7.599682331085205
BenchmarkTest02582.java,0,CWE-79,CWE-79,1,0,1,0,0,0,1,0,0,0,1421,0.002842,128,0.001024,22,0.000176,0.004042,2.7581963539123535
BenchmarkTest02583.java,0,CWE-79,CWE-79,1,0,1,0,0,0,1,0,0,0,1392,0.002784,128,0.001024,22,0.000176,0.003984,3.2806177139282227
BenchmarkTest02584.java,0,CWE-79,CWE-79,1,0,1,0,0,0,1,0,0,0,1415,0.00283,192,0.001536,22,0.000176,0.004542,4.700216054916382
BenchmarkTest02585.java,0,CWE-79,CWE-79,1,0,1,0,0,0,1,0,0,0,1424,0.002848,576,0.004608,22,0.000176,0.007632,9.85073471069336
BenchmarkTest02586.java,0,CWE-79,CWE-79,1,0,1,0,0,0,1,0,0,0,1484,0.002968,128,0.001024,22,0.000176,0.004168,3.064401388168335
BenchmarkTest02587.java,0,CWE-79,CWE-79,1,0,1,0,0,0,1,0,0,0,1639,0.003278,640,0.00512,22,0.000176,0.008574000000000002,10.105183839797974
BenchmarkTest02588.java,0,CWE-79,CWE-79,1,0,1,0,0,0,1,0,0,0,1635,0.00327,1344,0.010752,23,0.000184,0.014206,16.003135919570923
BenchmarkTest02589.java,0,CWE-79,CWE-79,1,1,0,1,0,0,0,0,1,0,1477,0.002954,448,0.003584,21,0.000168,0.006706,6.223962306976318
BenchmarkTest02590.java,0,CWE-79,CWE-79,1,1,0,1,0,0,0,0,1,0,1513,0.003026,192,0.001536,21,0.000168,0.00473,4.062705993652344
BenchmarkTest02591.java,0,CWE-79,CWE-79,1,0,1,0,0,0,1,0,0,0,1438,0.002876,128,0.001024,22,0.000176,0.004076,2.92576265335083
BenchmarkTest02592.java,0,CWE-79,CWE-79,1,0,1,0,0,0,1,0,0,0,1474,0.002948,384,0.003072,22,0.000176,0.006196,8.385166883468628
BenchmarkTest02593.java,0,CWE-79,CWE-79,1,1,0,1,0,0,0,0,1,0,1436,0.002872,256,0.002048,21,0.000168,0.005088,4.306122541427612
BenchmarkTest02594.java,0,CWE-79,CWE-79,1,1,0,1,0,0,0,0,1,0,1431,0.002862,192,0.001536,21,0.000168,0.004566,12.288827657699585
BenchmarkTest02595.java,0,CWE-79,CWE-79,1,0,1,0,0,0,1,0,0,0,1487,0.002974,192,0.001536,22,0.000176,0.004686,12.292765378952026
BenchmarkTest02596.java,0,CWE-79,CWE-79,1,1,0,1,0,0,0,0,1,0,1407,0.002814,128,0.001024,21,0.000168,0.004006,4.528000831604004
BenchmarkTest02597.java,0,CWE-79,CWE-79,1,0,1,0,0,0,1,0,0,0,1448,0.002896,320,0.00256,23,0.000184,0.005640000000000001,7.66440224647522
BenchmarkTest02598.java,0,CWE-79,CWE-79,1,0,1,0,0,0,1,0,0,0,1421,0.002842,192,0.001536,22,0.000176,0.004554,4.531998634338379
BenchmarkTest02599.java,0,CWE-79,CWE-79,1,1,0,1,0,0,0,0,1,0,1430,0.00286,384,0.003072,21,0.000168,0.0060999999999999995,8.574437141418457
BenchmarkTest02600.java,0,CWE-79,CWE-79,1,0,1,0,0,0,1,0,0,0,1455,0.00291,128,0.001024,22,0.000176,0.00411,5.056664228439331
BenchmarkTest02601.java,0,CWE-79,CWE-79,1,1,0,1,0,0,0,0,1,0,1432,0.002864,256,0.002048,21,0.000168,0.0050799999999999994,5.517830848693848
BenchmarkTest02602.java,0,CWE-330,CWE-330,1,0,1,0,0,0,1,0,0,0,1603,0.003206,128,0.001024,22,0.000176,0.004406,5.035558700561523
BenchmarkTest02603.java,0,CWE-330,CWE-330,1,0,1,0,0,0,1,0,0,0,1415,0.00283,128,0.001024,22,0.000176,0.00403,4.431664228439331
BenchmarkTest02604.java,0,CWE-330,CWE-330,1,0,1,0,0,0,1,0,0,0,1586,0.003172,64,0.000512,22,0.000176,0.0038599999999999997,3.8935108184814453
BenchmarkTest02605.java,0,CWE-330,CWE-330,1,0,1,0,0,0,1,0,0,0,1399,0.002798,128,0.001024,22,0.000176,0.003998,2.6472296714782715
BenchmarkTest02606.java,0,CWE-330,CWE-330,1,0,1,0,0,0,1,0,0,0,1435,0.00287,128,0.001024,22,0.000176,0.00407,3.153637170791626
BenchmarkTest02607.java,0,CWE-614,,,,0,0,1,0,0,0,1,0,,,,,,,,
BenchmarkTest02608.java,0,CWE-79,CWE-79,1,0,1,0,0,0,1,0,0,0,1398,0.002796,128,0.001024,22,0.000176,0.0039959999999999996,2.6318511962890625
BenchmarkTest02609.java,0,CWE-79,CWE-79,1,1,0,1,0,0,0,0,1,0,1415,0.00283,256,0.002048,21,0.000168,0.005046,4.5550031661987305
BenchmarkTest02610.java,0,CWE-78,CWE-78,1,1,0,1,0,0,0,0,1,0,1233,0.002466,448,0.003584,21,0.000168,0.006218,8.197688102722168
BenchmarkTest02611.java,0,CWE-78,CWE-78,1,0,1,0,0,0,1,0,0,0,1202,0.002404,512,0.004096,22,0.000176,0.006676,6.333848237991333
BenchmarkTest02612.java,0,CWE-78,CWE-78,1,0,1,0,0,0,1,0,0,0,1041,0.002082,576,0.004608,22,0.000176,0.006866,7.1989569664001465
BenchmarkTest02613.java,0,CWE-78,CWE-78,1,0,1,0,0,0,1,0,0,0,1099,0.002198,576,0.004608,22,0.000176,0.0069819999999999995,7.405375719070435
BenchmarkTest02614.java,0,CWE-330,,,,0,0,1,0,0,0,1,0,,,,,,,,
BenchmarkTest02615.java,0,CWE-330,,,,0,0,1,0,0,0,1,0,,,,,,,,
BenchmarkTest02616.java,0,CWE-330,CWE-330,1,1,0,1,0,0,0,0,1,0,1488,0.002976,512,0.004096,21,0.000168,0.00724,6.495085954666138
BenchmarkTest02617.java,0,CWE-330,,,,0,0,1,0,0,0,1,0,,,,,,,,
BenchmarkTest02618.java,0,CWE-330,,,,0,0,1,0,0,0,1,0,,,,,,,,
BenchmarkTest02619.java,0,CWE-330,,,,0,0,1,0,0,0,1,0,,,,,,,,
BenchmarkTest02620.java,0,CWE-330,,,,0,0,1,0,0,0,1,0,,,,,,,,
BenchmarkTest02621.java,0,CWE-330,,,,0,0,1,0,0,0,1,0,,,,,,,,
BenchmarkTest02625.java,0,CWE-89,CWE-89,1,0,1,0,0,0,1,0,0,0,1089,0.002178,128,0.001024,22,0.000176,0.003378,2.1231918334960938
BenchmarkTest02626.java,0,CWE-89,CWE-89,1,1,0,1,0,0,0,0,1,0,1035,0.00207,128,0.001024,21,0.000168,0.0032619999999999997,3.8663365840911865
BenchmarkTest02627.java,0,CWE-89,CWE-89,1,0,1,0,0,0,1,0,0,0,1076,0.002152,128,0.001024,22,0.000176,0.003352,4.071032524108887
BenchmarkTest02628.java,0,CWE-89,CWE-89,1,0,1,0,0,0,1,0,0,0,1111,0.002222,128,0.001024,22,0.000176,0.0034219999999999997,4.5023064613342285
BenchmarkTest02629.java,0,CWE-89,CWE-89,1,1,0,1,0,0,0,0,1,0,1098,0.002196,512,0.004096,21,0.000168,0.00646,5.94340443611145
BenchmarkTest02630.java,0,CWE-89,CWE-89,1,0,1,0,0,0,1,0,0,0,1045,0.00209,256,0.002048,22,0.000176,0.004313999999999999,4.806816339492798
BenchmarkTest02631.java,0,CWE-89,CWE-89,1,1,0,1,0,0,0,0,1,0,1050,0.0021,320,0.00256,21,0.000168,0.004828,6.234602689743042
BenchmarkTest02632.java,0,CWE-89,CWE-89,1,0,1,0,0,0,1,0,0,0,1107,0.002214,256,0.002048,22,0.000176,0.004438,5.2211525440216064
BenchmarkTest02633.java,0,CWE-89,CWE-89,1,1,0,1,0,0,0,0,1,0,1257,0.002514,384,0.003072,21,0.000168,0.0057540000000000004,6.529019117355347
BenchmarkTest02634.java,0,CWE-89,CWE-89,1,1,0,1,0,0,0,0,1,0,1107,0.002214,320,0.00256,21,0.000168,0.004942,6.434061527252197
BenchmarkTest02635.java,0,CWE-89,CWE-89,1,0,1,0,0,0,1,0,0,0,1148,0.002296,128,0.001024,22,0.000176,0.003496,4.372095108032227
BenchmarkTest02636.java,0,CWE-89,CWE-89,1,1,0,1,0,0,0,0,1,0,1094,0.002188,384,0.003072,21,0.000168,0.005428,7.795655965805054
BenchmarkTest02637.java,0,CWE-89,CWE-89,1,1,0,1,0,0,0,0,1,0,1061,0.002122,192,0.001536,21,0.000168,0.0038260000000000004,5.062446117401123
BenchmarkTest02638.java,0,CWE-89,CWE-89,1,0,1,0,0,0,1,0,0,0,1041,0.002082,64,0.000512,22,0.000176,0.00277,3.6135294437408447
BenchmarkTest02639.java,0,CWE-89,,,,0,0,1,0,0,0,1,0,,,,,,,,
BenchmarkTest02640.java,0,CWE-89,,,,0,0,1,0,0,0,1,0,,,,,,,,
BenchmarkTest02641.java,0,CWE-89,CWE-89,1,0,1,0,0,0,1,0,0,0,1183,0.002366,192,0.001536,22,0.000176,0.004078,3.879242181777954
BenchmarkTest02642.java,0,CWE-89,,,,0,0,0,1,0,0,0,1,,,,,,,,
BenchmarkTest02643.java,0,CWE-89,,,,0,0,0,1,0,0,0,1,,,,,,,,
BenchmarkTest02644.java,0,CWE-89,,,,0,0,0,1,0,0,0,1,,,,,,,,
BenchmarkTest02645.java,0,CWE-89,,,,0,0,0,1,0,0,0,1,,,,,,,,
BenchmarkTest02646.java,0,CWE-89,CWE-89,1,0,1,0,0,0,1,0,0,0,1062,0.002124,192,0.001536,22,0.000176,0.003836,4.583903789520264
BenchmarkTest02647.java,0,CWE-89,CWE-89,1,0,1,0,0,0,1,0,0,0,1054,0.002108,256,0.002048,22,0.000176,0.004332,5.079288482666016
BenchmarkTest02648.java,0,CWE-89,CWE-89,1,1,0,1,0,0,0,0,1,0,1104,0.002208,128,0.001024,21,0.000168,0.0034,4.8266026973724365
BenchmarkTest02649.java,0,CWE-89,CWE-89,1,0,1,0,0,0,1,0,0,0,1004,0.002008,128,0.001024,22,0.000176,0.003208,4.657660007476807
BenchmarkTest02650.java,0,CWE-89,CWE-89,1,0,1,0,0,0,1,0,0,0,1096,0.002192,192,0.001536,22,0.000176,0.003904,4.474807262420654
BenchmarkTest02651.java,0,CWE-89,CWE-89,1,0,1,0,0,0,1,0,0,0,1067,0.002134,192,0.001536,22,0.000176,0.003846,6.069253921508789
BenchmarkTest02652.java,0,CWE-89,CWE-89,1,1,0,1,0,0,0,0,1,0,1243,0.002486,320,0.00256,21,0.000168,0.005214,6.28318190574646
BenchmarkTest02653.java,0,CWE-89,CWE-89,1,0,1,0,0,0,1,0,0,0,1036,0.002072,64,0.000512,22,0.000176,0.00276,4.565213441848755
BenchmarkTest02654.java,0,CWE-89,CWE-89,1,0,1,0,0,0,1,0,0,0,1062,0.002124,192,0.001536,22,0.000176,0.003836,5.262607097625732
BenchmarkTest02655.java,0,CWE-89,CWE-89,1,0,1,0,0,0,1,0,0,0,999,0.001998,128,0.001024,22,0.000176,0.0031980000000000003,3.410022735595703
BenchmarkTest02656.java,0,CWE-89,CWE-89,1,0,1,0,0,0,1,0,0,0,1040,0.00208,64,0.000512,22,0.000176,0.0027679999999999996,4.433045387268066
BenchmarkTest02657.java,0,CWE-89,CWE-89,1,1,0,1,0,0,0,0,1,0,1039,0.002078,192,0.001536,21,0.000168,0.003782,4.221877813339233
BenchmarkTest02658.java,0,CWE-327,CWE-327,1,0,1,0,0,0,1,0,0,0,1563,0.003126,64,0.000512,22,0.000176,0.0038139999999999997,3.0929009914398193
BenchmarkTest02659.java,0,CWE-327,,,,0,0,1,0,0,0,1,0,,,,,,,,
BenchmarkTest02660.java,0,CWE-327,CWE-327,1,0,1,0,0,0,1,0,0,0,1448,0.002896,128,0.001024,22,0.000176,0.004096,4.369577169418335
BenchmarkTest02661.java,0,CWE-327,CWE-327,1,0,1,0,0,0,1,0,0,0,1260,0.00252,64,0.000512,22,0.000176,0.003208,3.56185245513916
BenchmarkTest02662.java,0,CWE-327,,,,0,0,1,0,0,0,1,0,,,,,,,,
BenchmarkTest02663.java,0,CWE-327,CWE-327,1,0,1,0,0,0,1,0,0,0,1220,0.00244,128,0.001024,22,0.000176,0.00364,5.336919069290161
BenchmarkTest02664.java,0,CWE-22,,,,0,0,1,0,0,0,1,0,,,,,,,,
BenchmarkTest02665.java,0,CWE-22,,,,0,0,1,0,0,0,1,0,,,,,,,,
BenchmarkTest02666.java,0,CWE-22,,,,0,0,1,0,0,0,1,0,,,,,,,,
BenchmarkTest02667.java,0,CWE-22,,,,0,0,1,0,0,0,1,0,,,,,,,,
BenchmarkTest02668.java,0,CWE-22,,,,0,0,1,0,0,0,1,0,,,,,,,,
BenchmarkTest02669.java,0,CWE-22,,,,0,0,1,0,0,0,1,0,,,,,,,,
BenchmarkTest02670.java,0,CWE-328,CWE-916,0,0,1,0,0,0,1,0,0,0,1329,0.002658,64,0.000512,22,0.000176,0.003346,3.993577718734741
BenchmarkTest02671.java,0,CWE-328,CWE-916,0,0,1,0,0,0,1,0,0,0,1356,0.002712,128,0.001024,22,0.000176,0.003912,3.288151979446411
BenchmarkTest02672.java,0,CWE-328,,,,0,0,1,0,0,0,1,0,,,,,,,,
BenchmarkTest02673.java,0,CWE-328,,,,0,0,1,0,0,0,1,0,,,,,,,,
BenchmarkTest02674.java,0,CWE-328,CWE-916,0,0,1,0,0,0,1,0,0,0,1382,0.002764,64,0.000512,22,0.000176,0.0034519999999999998,3.804405689239502
BenchmarkTest02675.java,0,CWE-328,CWE-916,0,0,1,0,0,0,1,0,0,0,1180,0.00236,0,0.0,22,0.000176,0.002536,9.078413248062134
BenchmarkTest02676.java,0,CWE-328,,,,0,0,1,0,0,0,1,0,,,,,,,,
BenchmarkTest02677.java,0,CWE-328,,,,0,0,0,1,0,0,0,1,,,,,,,,
BenchmarkTest02678.java,0,CWE-328,,,,0,0,1,0,0,0,1,0,,,,,,,,
BenchmarkTest02679.java,0,CWE-79,,,,0,0,1,0,0,0,1,0,,,,,,,,
BenchmarkTest02680.java,0,CWE-79,,,,0,0,1,0,0,0,1,0,,,,,,,,
BenchmarkTest02681.java,0,CWE-79,,,,0,0,1,0,0,0,1,0,,,,,,,,
BenchmarkTest02682.java,0,CWE-79,,,,0,0,1,0,0,0,1,0,,,,,,,,
BenchmarkTest02683.java,0,CWE-79,,,,0,0,1,0,0,0,1,0,,,,,,,,
BenchmarkTest02684.java,0,CWE-79,,,,0,0,1,0,0,0,1,0,,,,,,,,
BenchmarkTest02685.java,0,CWE-79,,,,0,0,1,0,0,0,1,0,,,,,,,,
BenchmarkTest02686.java,0,CWE-79,,,,0,0,1,0,0,0,1,0,,,,,,,,
BenchmarkTest02687.java,0,CWE-79,,,,0,0,1,0,0,0,1,0,,,,,,,,
BenchmarkTest02688.java,0,CWE-79,,,,0,0,1,0,0,0,1,0,,,,,,,,
BenchmarkTest02689.java,0,CWE-79,,,,0,0,1,0,0,0,1,0,,,,,,,,
BenchmarkTest02690.java,0,CWE-79,,,,0,0,1,0,0,0,1,0,,,,,,,,
BenchmarkTest02691.java,0,CWE-79,,,,0,0,1,0,0,0,1,0,,,,,,,,
BenchmarkTest02692.java,0,CWE-79,,,,0,0,1,0,0,0,1,0,,,,,,,,
BenchmarkTest02693.java,0,CWE-79,,,,0,0,1,0,0,0,1,0,,,,,,,,
BenchmarkTest02694.java,0,CWE-79,,,,0,0,1,0,0,0,1,0,,,,,,,,
BenchmarkTest02695.java,0,CWE-79,,,,0,0,1,0,0,0,1,0,,,,,,,,
BenchmarkTest02696.java,0,CWE-79,,,,0,0,1,0,0,0,1,0,,,,,,,,
BenchmarkTest02697.java,0,CWE-78,,,,0,0,1,0,0,0,1,0,,,,,,,,
BenchmarkTest02698.java,0,CWE-78,,,,0,0,1,0,0,0,1,0,,,,,,,,
BenchmarkTest02699.java,0,CWE-78,,,,0,0,1,0,0,0,1,0,,,,,,,,
BenchmarkTest02700.java,0,CWE-330,CWE-330,1,0,1,0,0,0,1,0,0,0,1283,0.002566,64,0.000512,22,0.000176,0.003254,3.5987751483917236
BenchmarkTest02701.java,0,CWE-330,CWE-330,1,0,1,0,0,0,1,0,0,0,1259,0.002518,64,0.000512,22,0.000176,0.0032059999999999996,4.413705825805664
BenchmarkTest02702.java,0,CWE-330,CWE-330,1,0,1,0,0,0,1,0,0,0,1251,0.002502,64,0.000512,22,0.000176,0.0031899999999999997,4.729627847671509
BenchmarkTest02703.java,0,CWE-330,CWE-330,1,0,1,0,0,0,1,0,0,0,1248,0.002496,192,0.001536,22,0.000176,0.004208,185.5003321170807
BenchmarkTest02704.java,0,CWE-330,CWE-330,1,0,1,0,0,0,1,0,0,0,1276,0.002552,64,0.000512,22,0.000176,0.00324,3.769092321395874
BenchmarkTest02705.java,0,CWE-330,CWE-330,1,0,1,0,0,0,1,0,0,0,1266,0.002532,128,0.001024,22,0.000176,0.003732,4.365066766738892
BenchmarkTest02706.java,0,CWE-330,CWE-330,1,0,1,0,0,0,1,0,0,0,1243,0.002486,256,0.002048,22,0.000176,0.00471,4.877987623214722
BenchmarkTest02707.java,0,CWE-330,CWE-330,1,0,1,0,0,0,1,0,0,0,1234,0.002468,192,0.001536,22,0.000176,0.0041800000000000006,4.729040622711182
BenchmarkTest02708.java,0,CWE-330,CWE-330,1,0,1,0,0,0,1,0,0,0,1209,0.002418,128,0.001024,22,0.000176,0.0036179999999999997,3.795387029647827
BenchmarkTest02709.java,0,CWE-614,CWE-614,1,0,1,0,0,0,1,0,0,0,1019,0.002038,64,0.000512,22,0.000176,0.0027259999999999997,3.1590607166290283
BenchmarkTest02710.java,0,CWE-614,CWE-614,1,0,1,0,0,0,1,0,0,0,993,0.001986,192,0.001536,22,0.000176,0.003698,4.704159498214722
BenchmarkTest02711.java,0,CWE-614,,,,0,0,1,0,0,0,1,0,,,,,,,,
BenchmarkTest02712.java,0,CWE-79,,,,0,0,1,0,0,0,1,0,,,,,,,,
BenchmarkTest02713.java,0,CWE-78,,,,0,0,1,0,0,0,1,0,,,,,,,,
BenchmarkTest02714.java,0,CWE-78,,,,0,0,1,0,0,0,1,0,,,,,,,,
BenchmarkTest02715.java,0,CWE-330,,,,0,0,1,0,0,0,1,0,,,,,,,,
BenchmarkTest02716.java,0,CWE-330,,,,0,0,1,0,0,0,1,0,,,,,,,,
BenchmarkTest02717.java,0,CWE-330,,,,0,0,1,0,0,0,1,0,,,,,,,,
BenchmarkTest02718.java,0,CWE-330,,,,0,0,1,0,0,0,1,0,,,,,,,,
BenchmarkTest02719.java,0,CWE-330,,,,0,0,1,0,0,0,1,0,,,,,,,,
BenchmarkTest02720.java,0,CWE-330,,,,0,0,1,0,0,0,1,0,,,,,,,,
BenchmarkTest02721.java,0,CWE-330,,,,0,0,1,0,0,0,1,0,,,,,,,,
BenchmarkTest02727.java,0,CWE-89,,,,0,0,1,0,0,0,1,0,,,,,,,,
BenchmarkTest02728.java,0,CWE-89,,,,0,0,1,0,0,0,1,0,,,,,,,,
BenchmarkTest02729.java,0,CWE-89,,,,0,0,1,0,0,0,1,0,,,,,,,,
BenchmarkTest02730.java,0,CWE-89,,,,0,0,1,0,0,0,1,0,,,,,,,,
BenchmarkTest02731.java,0,CWE-89,,,,0,0,1,0,0,0,1,0,,,,,,,,
BenchmarkTest02732.java,0,CWE-89,,,,0,0,1,0,0,0,1,0,,,,,,,,
BenchmarkTest02733.java,0,CWE-89,,,,0,0,1,0,0,0,1,0,,,,,,,,
BenchmarkTest02734.java,0,CWE-89,,,,0,0,1,0,0,0,1,0,,,,,,,,
BenchmarkTest02735.java,0,CWE-89,,,,0,0,1,0,0,0,1,0,,,,,,,,
BenchmarkTest02736.java,0,CWE-89,,,,0,0,1,0,0,0,1,0,,,,,,,,
BenchmarkTest02737.java,0,CWE-89,,,,0,0,1,0,0,0,1,0,,,,,,,,
BenchmarkTest02738.java,0,CWE-89,,,,0,0,1,0,0,0,1,0,,,,,,,,
BenchmarkTest02739.java,0,CWE-89,,,,0,0,1,0,0,0,1,0,,,,,,,,
BenchmarkTest02740.java,0,CWE-89,,,,0,0,1,0,0,0,1,0,,,,,,,,
