file_name,is_real_vulnerability,error,correct_cwe,matched_cwe,direct_match,tp,fp,tn,fn,found_cwes,input_token,input_cost,reasoning_token,reasoning_cost,output_token,output_cost,total_cost,analysis_time
BenchmarkTest00001.java,1,0,CWE-22,CWE-22,1,1,0,0,0,CWE-22,945,0.000378,0,0.0,5,8e-06,0.000386,8.89370059967041
BenchmarkTest00002.java,1,0,CWE-22,CWE-22,1,1,0,0,0,CWE-22,853,0.0003412,0,0.0,5,8e-06,0.0003492,8.957473039627075
BenchmarkTest00003.java,1,0,CWE-328,,,0,0,0,1,"CWE-312,CWE-313,CWE-732",1105,0.000442,0,0.0,13,2.08e-05,0.0004628,9.033207178115845
BenchmarkTest00005.java,1,0,CWE-327,CWE-327,1,1,0,0,0,"CWE-327,CWE-321",1190,0.000476,0,0.0,9,1.44e-05,0.0004904,9.784308195114136
BenchmarkTest00006.java,1,0,CWE-78,CWE-78,1,1,0,0,0,CWE-78,696,0.0002784,0,0.0,5,8e-06,0.0002864,9.063985586166382
BenchmarkTest00007.java,1,0,CWE-78,CWE-78,1,1,0,0,0,CWE-78,663,0.0002652,0,0.0,5,8e-06,0.0002731999999999,8.854443073272705
BenchmarkTest00008.java,1,0,CWE-89,CWE-89,1,1,0,0,0,CWE-89,657,0.0002628,0,0.0,5,8e-06,0.0002707999999999,9.78329873085022
BenchmarkTest00009.java,0,0,CWE-328,,,0,0,1,0,Not vulnerable,1108,0.0004432,0,0.0,3,4.800000000000001e-06,0.000448,17.091389417648315
BenchmarkTest00010.java,0,0,CWE-330,CWE-330,1,0,1,0,0,CWE-330,1057,0.0004228,0,0.0,5,8e-06,0.0004308,8.88291597366333
BenchmarkTest00011.java,1,0,CWE-22,CWE-22,1,1,0,0,0,CWE-22,652,0.0002608,0,0.0,5,8e-06,0.0002688,8.827909469604492
BenchmarkTest00012.java,1,0,CWE-90,CWE-90,1,1,0,0,0,CWE-90,977,0.0003908,0,0.0,5,8e-06,0.0003988,8.789539813995361
BenchmarkTest00013.java,1,0,CWE-79,CWE-79,1,1,0,0,0,"CWE-74,CWE-79",580,0.000232,0,0.0,9,1.44e-05,0.0002464,9.095505952835085
BenchmarkTest00014.java,1,0,CWE-79,CWE-79,1,1,0,0,0,"CWE-74,CWE-79",575,0.00023,0,0.0,9,1.44e-05,0.0002444,9.131518363952637
BenchmarkTest00015.java,1,0,CWE-78,CWE-78,1,1,0,0,0,CWE-78,712,0.0002848,0,0.0,5,8e-06,0.0002928,8.765253782272339
BenchmarkTest00016.java,0,0,CWE-614,,,0,0,1,0,Not vulnerable,809,0.0003236,0,0.0,3,4.800000000000001e-06,0.0003284,8.723840236663818
BenchmarkTest00017.java,1,0,CWE-78,CWE-78,1,1,0,0,0,CWE-78,684,0.0002736,0,0.0,5,8e-06,0.0002816,8.889734029769897
BenchmarkTest00018.java,1,0,CWE-89,CWE-89,1,1,0,0,0,CWE-89,668,0.0002672,0,0.0,5,8e-06,0.0002751999999999,8.784101247787476
BenchmarkTest00019.java,1,0,CWE-327,CWE-327,1,1,0,0,0,"CWE-327,CWE-326,CWE-312",994,0.0003976,0,0.0,13,2.08e-05,0.0004184,9.122113943099976
BenchmarkTest00020.java,1,0,CWE-327,CWE-327,1,1,0,0,0,"CWE-327,CWE-321,CWE-276",1499,0.0005996,0,0.0,13,2.08e-05,0.0006204,8.916638374328613
BenchmarkTest00021.java,1,0,CWE-90,CWE-90,1,1,0,0,0,CWE-90,904,0.0003616,0,0.0,5,8e-06,0.0003696,8.88363242149353
BenchmarkTest00022.java,0,0,CWE-328,,,0,0,1,0,"CWE-276,CWE-732,CWE-200",865,0.000346,0,0.0,13,2.08e-05,0.0003668,9.120033264160156
BenchmarkTest00023.java,1,0,CWE-330,CWE-330,1,1,0,0,0,CWE-330,906,0.0003624,0,0.0,5,8e-06,0.0003704,8.810880899429321
BenchmarkTest00024.java,1,0,CWE-89,CWE-89,1,1,0,0,0,CWE-89,658,0.0002632,0,0.0,5,8e-06,0.0002712,8.735560655593872
BenchmarkTest00025.java,1,0,CWE-89,CWE-89,1,1,0,0,0,CWE-89,679,0.0002716,0,0.0,5,8e-06,0.0002796,8.68484616279602
BenchmarkTest00026.java,1,0,CWE-89,CWE-89,1,1,0,0,0,CWE-89,730,0.000292,0,0.0,5,8e-06,0.0003,8.735556364059448
BenchmarkTest00027.java,1,0,CWE-89,CWE-89,1,1,0,0,0,CWE-89,606,0.0002424,0,0.0,5,8e-06,0.0002504,8.863296270370483
BenchmarkTest00028.java,1,0,CWE-22,CWE-22,1,1,0,0,0,CWE-22,693,0.0002771999999999,0,0.0,5,8e-06,0.0002851999999999,8.867296695709229
BenchmarkTest00029.java,1,0,CWE-328,,,0,0,0,1,"CWE-321,CWE-276,CWE-532",947,0.0003788,0,0.0,13,2.08e-05,0.0003996,9.757688283920288
BenchmarkTest00030.java,1,0,CWE-79,CWE-79,1,1,0,0,0,"CWE-74,CWE-79",548,0.0002192,0,0.0,9,1.44e-05,0.0002336,9.765192747116089
BenchmarkTest00032.java,1,0,CWE-89,CWE-89,1,1,0,0,0,CWE-89,664,0.0002656,0,0.0,5,8e-06,0.0002736,8.752360343933105
BenchmarkTest00033.java,1,0,CWE-89,CWE-89,1,1,0,0,0,CWE-89,763,0.0003052,0,0.0,5,8e-06,0.0003131999999999,9.75729775428772
BenchmarkTest00034.java,1,0,CWE-89,CWE-89,1,1,0,0,0,CWE-89,645,0.000258,0,0.0,5,8e-06,0.0002659999999999,11.836998462677002
BenchmarkTest00035.java,1,0,CWE-327,CWE-327,1,1,0,0,0,"CWE-327,CWE-321,CWE-276",1105,0.000442,0,0.0,13,2.08e-05,0.0004628,9.000564813613892
BenchmarkTest00036.java,1,0,CWE-79,CWE-79,1,1,0,0,0,CWE-79,633,0.0002532,0,0.0,5,8e-06,0.0002612,8.804008483886719
BenchmarkTest00037.java,1,0,CWE-89,CWE-89,1,1,0,0,0,CWE-89,758,0.0003032,0,0.0,5,8e-06,0.0003112,8.633500337600708
BenchmarkTest00038.java,1,0,CWE-89,CWE-89,1,1,0,0,0,CWE-89,885,0.000354,0,0.0,5,8e-06,0.0003619999999999,9.045268774032593
BenchmarkTest00039.java,1,0,CWE-89,CWE-89,1,1,0,0,0,CWE-89,801,0.0003204,0,0.0,5,8e-06,0.0003284,8.881464719772339
BenchmarkTest00040.java,1,0,CWE-22,CWE-22,1,1,0,0,0,CWE-22,616,0.0002464,0,0.0,5,8e-06,0.0002544,8.798943996429443
BenchmarkTest00041.java,1,0,CWE-79,CWE-79,1,1,0,0,0,CWE-79,560,0.000224,0,0.0,5,8e-06,0.000232,8.704761981964111
BenchmarkTest00042.java,0,0,CWE-330,CWE-330,1,0,1,0,0,CWE-330,957,0.0003828,0,0.0,5,8e-06,0.0003908,17.6167471408844
BenchmarkTest00043.java,1,0,CWE-89,CWE-89,1,1,0,0,0,CWE-89,645,0.000258,0,0.0,5,8e-06,0.0002659999999999,8.80092716217041
BenchmarkTest00044.java,1,0,CWE-90,CWE-90,1,1,0,0,0,"CWE-90,CWE-74",898,0.0003592,0,0.0,9,1.44e-05,0.0003736,8.999123334884644
BenchmarkTest00045.java,1,0,CWE-22,CWE-22,1,1,0,0,0,CWE-22,732,0.0002928,0,0.0,5,8e-06,0.0003008,9.006019830703735
BenchmarkTest00046.java,1,0,CWE-328,CWE-327,0,1,0,0,0,"CWE-327,CWE-276",884,0.0003536,0,0.0,9,1.44e-05,0.000368,9.103054523468018
BenchmarkTest00047.java,1,0,CWE-79,CWE-79,1,1,0,0,0,"CWE-74,CWE-79",729,0.0002916,0,0.0,9,1.44e-05,0.000306,9.746875524520874
BenchmarkTest00048.java,1,0,CWE-79,CWE-79,1,1,0,0,0,CWE-79,719,0.0002876,0,0.0,5,8e-06,0.0002956,8.69193696975708
BenchmarkTest00049.java,1,0,CWE-79,CWE-79,1,1,0,0,0,CWE-79,722,0.0002888,0,0.0,5,8e-06,0.0002968,8.789896488189697
BenchmarkTest00050.java,1,0,CWE-327,CWE-327,1,1,0,0,0,"CWE-327,CWE-321",1519,0.0006076,0,0.0,9,1.44e-05,0.000622,8.798900127410889
BenchmarkTest00051.java,0,0,CWE-78,CWE-78,1,0,1,0,0,CWE-78,669,0.0002676,0,0.0,5,8e-06,0.0002756,8.87841796875
BenchmarkTest00052.java,0,0,CWE-89,CWE-89,1,0,1,0,0,CWE-89,667,0.0002668,0,0.0,5,8e-06,0.0002748,8.999989748001099
BenchmarkTest00053.java,1,0,CWE-327,CWE-327,1,1,0,0,0,"CWE-327,CWE-312",1683,0.0006732,0,0.0,9,1.44e-05,0.0006876,8.980949878692627
BenchmarkTest00054.java,0,0,CWE-327,CWE-327,1,0,1,0,0,"CWE-321,CWE-327,CWE-312",1687,0.0006748,0,0.0,13,2.08e-05,0.0006956,9.740727186203005
BenchmarkTest00055.java,1,0,CWE-327,CWE-327,1,1,0,0,0,"CWE-327,CWE-312",1691,0.0006764,0,0.0,9,1.44e-05,0.0006908,9.062463283538818
BenchmarkTest00056.java,1,0,CWE-327,CWE-327,1,1,0,0,0,"CWE-327,CWE-312",1776,0.0007104,0,0.0,9,1.44e-05,0.0007248,9.743714094161987
BenchmarkTest00057.java,1,0,CWE-327,CWE-327,1,1,0,0,0,"CWE-327,CWE-312",1383,0.0005532,0,0.0,9,1.44e-05,0.0005676,8.988272190093994
BenchmarkTest00058.java,0,0,CWE-327,CWE-327,1,0,1,0,0,"CWE-327,CWE-312,CWE-276",1188,0.0004752,0,0.0,13,2.08e-05,0.000496,8.86459755897522
BenchmarkTest00059.java,0,0,CWE-327,CWE-327,1,0,1,0,0,"CWE-327,CWE-326",1366,0.0005463999999999,0,0.0,9,1.44e-05,0.0005608,8.803709030151367
BenchmarkTest00060.java,1,0,CWE-22,CWE-22,1,1,0,0,0,CWE-22,844,0.0003376,0,0.0,5,8e-06,0.0003456,8.663547277450562
BenchmarkTest00061.java,1,0,CWE-22,CWE-22,1,1,0,0,0,CWE-22,829,0.0003316,0,0.0,5,8e-06,0.0003396,8.66763424873352
BenchmarkTest00062.java,1,0,CWE-22,CWE-22,1,1,0,0,0,CWE-22,1060,0.000424,0,0.0,5,8e-06,0.000432,9.733358144760132
BenchmarkTest00063.java,0,0,CWE-22,,,0,0,1,0,Not vulnerable,991,0.0003964,0,0.0,3,4.800000000000001e-06,0.0004012,8.963493585586548
BenchmarkTest00064.java,0,0,CWE-22,CWE-22,1,0,1,0,0,CWE-22,897,0.0003588,0,0.0,5,8e-06,0.0003667999999999,8.766583919525146
BenchmarkTest00065.java,1,0,CWE-22,CWE-22,1,1,0,0,0,CWE-22,1001,0.0004004,0,0.0,5,8e-06,0.0004084,9.710559129714966
BenchmarkTest00066.java,1,0,CWE-330,CWE-330,1,1,0,0,0,CWE-330,1142,0.0004568,0,0.0,5,8e-06,0.0004647999999999,15.52596378326416
BenchmarkTest00067.java,1,0,CWE-330,CWE-330,1,1,0,0,0,CWE-330,1414,0.0005656,0,0.0,5,8e-06,0.0005736,8.686078786849976
BenchmarkTest00068.java,1,0,CWE-330,CWE-330,1,1,0,0,0,CWE-330,1138,0.0004552,0,0.0,5,8e-06,0.0004632,8.750394344329834
BenchmarkTest00069.java,0,0,CWE-328,,,0,0,1,0,Not vulnerable,1221,0.0004884,0,0.0,3,4.800000000000001e-06,0.0004932,8.729396104812622
BenchmarkTest00070.java,1,0,CWE-328,CWE-327,0,1,0,0,0,"CWE-312,CWE-327,CWE-532,CWE-200",1168,0.0004672,0,0.0,17,2.7200000000000004e-05,0.0004944,9.714792013168337
BenchmarkTest00071.java,1,0,CWE-328,CWE-327,0,1,0,0,0,"CWE-312,CWE-327,CWE-532,CWE-200",1172,0.0004688,0,0.0,17,2.7200000000000004e-05,0.000496,9.091068029403688
BenchmarkTest00072.java,0,0,CWE-328,,,0,0,1,0,"CWE-312,CWE-313,CWE-732",1157,0.0004628,0,0.0,13,2.08e-05,0.0004836,9.09106707572937
BenchmarkTest00073.java,1,0,CWE-328,CWE-327,0,1,0,0,0,"CWE-327,CWE-276,CWE-200",1172,0.0004688,0,0.0,13,2.08e-05,0.0004896,8.772924423217773
BenchmarkTest00074.java,1,0,CWE-328,,,0,0,0,1,"CWE-22,CWE-200",1220,0.000488,0,0.0,9,1.44e-05,0.0005024,8.815922260284424
BenchmarkTest00075.java,0,0,CWE-328,CWE-327,0,0,1,0,0,"CWE-327,CWE-313,CWE-200",1149,0.0004596,0,0.0,13,2.08e-05,0.0004804,11.856070756912231
BenchmarkTest00076.java,0,0,CWE-328,CWE-327,0,0,1,0,0,"CWE-327,CWE-276",1220,0.000488,0,0.0,9,1.44e-05,0.0005024,8.960850238800049
BenchmarkTest00077.java,1,0,CWE-78,CWE-78,1,1,0,0,0,CWE-78,954,0.0003816,0,0.0,5,8e-06,0.0003896,8.637992858886719
BenchmarkTest00078.java,1,0,CWE-330,CWE-330,1,1,0,0,0,CWE-330,1143,0.0004572,0,0.0,5,8e-06,0.0004652,9.702086448669434
BenchmarkTest00079.java,1,0,CWE-330,CWE-330,1,1,0,0,0,CWE-330,1212,0.0004848,0,0.0,5,8e-06,0.0004928,8.969045400619507
BenchmarkTest00080.java,1,0,CWE-330,CWE-330,1,1,0,0,0,CWE-330,1106,0.0004424,0,0.0,5,8e-06,0.0004504,9.116192817687988
BenchmarkTest00081.java,1,0,CWE-330,CWE-330,1,1,0,0,0,CWE-330,1089,0.0004356,0,0.0,5,8e-06,0.0004436,8.65468692779541
BenchmarkTest00082.java,1,0,CWE-330,CWE-330,1,1,0,0,0,CWE-330,1091,0.0004364,0,0.0,5,8e-06,0.0004444,8.63107705116272
BenchmarkTest00083.java,1,0,CWE-330,CWE-330,1,1,0,0,0,CWE-330,1115,0.000446,0,0.0,5,8e-06,0.000454,8.703846454620361
BenchmarkTest00084.java,1,0,CWE-330,CWE-330,1,1,0,0,0,CWE-330,1093,0.0004372,0,0.0,5,8e-06,0.0004452,8.80897569656372
BenchmarkTest00085.java,1,0,CWE-330,CWE-338,0,1,0,0,0,CWE-338,1177,0.0004708,0,0.0,5,8e-06,0.0004788,8.692198276519775
BenchmarkTest00086.java,1,0,CWE-330,CWE-338,0,1,0,0,0,CWE-338,1112,0.0004448,0,0.0,5,8e-06,0.0004528,8.990495204925537
BenchmarkTest00087.java,1,0,CWE-614,CWE-614,1,1,0,0,0,"CWE-614,CWE-1004",984,0.0003936,0,0.0,10,1.6e-05,0.0004096,9.701424837112429
BenchmarkTest00088.java,0,0,CWE-614,,,0,0,1,0,Not vulnerable,953,0.0003812,0,0.0,3,4.800000000000001e-06,0.000386,8.697124242782593
BenchmarkTest00089.java,0,0,CWE-614,,,0,0,1,0,Not vulnerable,982,0.0003928,0,0.0,3,4.800000000000001e-06,0.0003976,8.620885372161865
BenchmarkTest00090.java,0,0,CWE-78,,,0,0,1,0,Not vulnerable,863,0.0003452,0,0.0,3,4.800000000000001e-06,0.00035,8.97952914237976
BenchmarkTest00091.java,1,0,CWE-78,CWE-78,1,1,0,0,0,CWE-78,816,0.0003264,0,0.0,5,8e-06,0.0003344,13.819903373718262
BenchmarkTest00092.java,1,0,CWE-78,CWE-78,1,1,0,0,0,"CWE-78,CWE-94",930,0.000372,0,0.0,9,1.44e-05,0.0003864,8.966688394546509
BenchmarkTest00093.java,0,0,CWE-78,CWE-78,1,0,1,0,0,CWE-78,913,0.0003652,0,0.0,5,8e-06,0.0003732,8.660163640975952
BenchmarkTest00094.java,0,0,CWE-330,CWE-330,1,0,1,0,0,CWE-330,1270,0.000508,0,0.0,5,8e-06,0.000516,9.081152439117432
BenchmarkTest00095.java,0,0,CWE-330,CWE-330,1,0,1,0,0,CWE-330,1250,0.0005,0,0.0,5,8e-06,0.000508,8.87863564491272
BenchmarkTest00096.java,0,0,CWE-330,CWE-330,1,0,1,0,0,CWE-330,1168,0.0004672,0,0.0,5,8e-06,0.0004752,9.702494621276855
BenchmarkTest00100.java,1,0,CWE-89,CWE-89,1,1,0,0,0,CWE-89,964,0.0003856,0,0.0,5,8e-06,0.0003936,17.013267993927002
BenchmarkTest00101.java,1,0,CWE-89,CWE-89,1,1,0,0,0,CWE-89,904,0.0003616,0,0.0,5,8e-06,0.0003696,8.810630321502686
BenchmarkTest00102.java,1,0,CWE-89,CWE-89,1,1,0,0,0,CWE-89,923,0.0003692,0,0.0,5,8e-06,0.0003772,8.799629211425781
BenchmarkTest00103.java,1,0,CWE-89,CWE-89,1,1,0,0,0,CWE-89,940,0.000376,0,0.0,5,8e-06,0.0003839999999999,8.749830961227417
BenchmarkTest00104.java,0,0,CWE-89,,,0,0,1,0,Not vulnerable,874,0.0003496,0,0.0,3,4.800000000000001e-06,0.0003544,8.682715654373169
BenchmarkTest00105.java,0,0,CWE-89,,,0,0,1,0,Not vulnerable,850,0.00034,0,0.0,3,4.800000000000001e-06,0.0003448,9.013468980789185
BenchmarkTest00106.java,1,0,CWE-89,CWE-89,1,1,0,0,0,CWE-89,882,0.0003528,0,0.0,5,8e-06,0.0003608,8.891778230667114
BenchmarkTest00107.java,0,0,CWE-89,,,0,0,1,0,Not vulnerable,1125,0.00045,0,0.0,3,4.800000000000001e-06,0.0004548,6.88394832611084
BenchmarkTest00108.java,1,0,CWE-89,CWE-89,1,1,0,0,0,CWE-89,918,0.0003672,0,0.0,5,8e-06,0.0003752,8.402577877044678
BenchmarkTest00109.java,1,0,CWE-89,CWE-89,1,1,0,0,0,CWE-89,849,0.0003396,0,0.0,5,8e-06,0.0003476,8.384943962097168
BenchmarkTest00110.java,0,0,CWE-89,,,0,0,1,0,Not vulnerable,1125,0.00045,0,0.0,3,4.800000000000001e-06,0.0004548,8.682098865509033
BenchmarkTest00111.java,1,0,CWE-89,CWE-89,1,1,0,0,0,CWE-89,876,0.0003504,0,0.0,5,8e-06,0.0003584,8.48154902458191
BenchmarkTest00112.java,1,0,CWE-89,CWE-89,1,1,0,0,0,CWE-89,828,0.0003312,0,0.0,5,8e-06,0.0003392,8.71411657333374
BenchmarkTest00113.java,0,0,CWE-89,,,0,0,1,0,Not vulnerable,934,0.0003736,0,0.0,3,4.800000000000001e-06,0.0003784,8.3596932888031
BenchmarkTest00114.java,0,0,CWE-89,,,0,0,1,0,Not vulnerable,856,0.0003424,0,0.0,3,4.800000000000001e-06,0.0003472,7.352694988250732
BenchmarkTest00115.java,1,0,CWE-89,CWE-89,1,1,0,0,0,CWE-89,921,0.0003684,0,0.0,5,8e-06,0.0003764,6.84786581993103
BenchmarkTest00116.java,0,0,CWE-643,CWE-643,1,0,1,0,0,CWE-643,1171,0.0004684,0,0.0,5,8e-06,0.0004764,8.426921367645264
BenchmarkTest00117.java,0,0,CWE-643,CWE-643,1,0,1,0,0,CWE-643,1084,0.0004336,0,0.0,5,8e-06,0.0004416,8.35476803779602
BenchmarkTest00118.java,0,0,CWE-643,CWE-643,1,0,1,0,0,CWE-643,1000,0.0004,0,0.0,5,8e-06,0.000408,6.840883493423462
BenchmarkTest00119.java,1,0,CWE-327,CWE-327,1,1,0,0,0,"CWE-327,CWE-321,CWE-276",1788,0.0007152,0,0.0,13,2.08e-05,0.000736,6.853968143463135
BenchmarkTest00120.java,1,0,CWE-327,CWE-327,1,1,0,0,0,CWE-327,1549,0.0006196,0,0.0,5,8e-06,0.0006276,8.347769021987915
BenchmarkTest00121.java,0,0,CWE-327,CWE-327,1,0,1,0,0,"CWE-327,CWE-276",1620,0.000648,0,0.0,9,1.44e-05,0.0006624,8.950658798217773
BenchmarkTest00122.java,0,0,CWE-327,CWE-327,1,0,1,0,0,"CWE-327,CWE-321",1542,0.0006168,0,0.0,9,1.44e-05,0.0006312,8.410048723220825
BenchmarkTest00123.java,1,0,CWE-327,CWE-327,1,1,0,0,0,"CWE-327,CWE-321",1205,0.000482,0,0.0,9,1.44e-05,0.0004964,6.817660808563232
BenchmarkTest00124.java,1,0,CWE-327,CWE-327,1,1,0,0,0,"CWE-327,CWE-321",1236,0.0004944,0,0.0,9,1.44e-05,0.0005088,8.411054134368896
BenchmarkTest00125.java,1,0,CWE-327,CWE-327,1,1,0,0,0,"CWE-327,CWE-321",1200,0.00048,0,0.0,9,1.44e-05,0.0004944,8.356549739837646
BenchmarkTest00126.java,0,0,CWE-327,CWE-327,1,0,1,0,0,"CWE-327,CWE-321",1128,0.0004512,0,0.0,9,1.44e-05,0.0004656,8.335702180862427
BenchmarkTest00127.java,0,0,CWE-327,CWE-327,1,0,1,0,0,"CWE-321,CWE-327,CWE-312",1283,0.0005132,0,0.0,13,2.08e-05,0.000534,8.364084959030151
BenchmarkTest00128.java,0,0,CWE-327,CWE-327,1,0,1,0,0,"CWE-327,CWE-321",1247,0.0004988,0,0.0,9,1.44e-05,0.0005132,6.748836755752564
BenchmarkTest00129.java,0,0,CWE-327,CWE-327,1,0,1,0,0,"CWE-327,CWE-321",1206,0.0004824,0,0.0,9,1.44e-05,0.0004968,8.353951930999756
BenchmarkTest00130.java,0,0,CWE-327,CWE-327,1,0,1,0,0,"CWE-327,CWE-321",1314,0.0005256,0,0.0,9,1.44e-05,0.00054,8.289650917053223
BenchmarkTest00131.java,0,0,CWE-22,CWE-22,1,0,1,0,0,CWE-22,749,0.0002996,0,0.0,5,8e-06,0.0003076,6.741498947143555
BenchmarkTest00132.java,0,0,CWE-22,CWE-22,1,0,1,0,0,CWE-22,915,0.000366,0,0.0,5,8e-06,0.000374,8.460606336593628
BenchmarkTest00133.java,1,0,CWE-22,CWE-22,1,1,0,0,0,CWE-22,805,0.000322,0,0.0,5,8e-06,0.00033,8.278116464614868
BenchmarkTest00134.java,0,0,CWE-22,CWE-22,1,0,1,0,0,CWE-22,842,0.0003368,0,0.0,5,8e-06,0.0003448,8.886332750320435
BenchmarkTest00135.java,0,0,CWE-22,CWE-22,1,0,1,0,0,CWE-22,873,0.0003492,0,0.0,5,8e-06,0.0003572,8.243947744369507
BenchmarkTest00136.java,0,0,CWE-22,CWE-22,1,0,1,0,0,CWE-22,823,0.0003292,0,0.0,5,8e-06,0.0003372,8.699567794799805
BenchmarkTest00137.java,0,0,CWE-22,CWE-22,1,0,1,0,0,CWE-22,945,0.000378,0,0.0,5,8e-06,0.000386,6.738500356674194
BenchmarkTest00138.java,0,0,CWE-90,,,0,0,1,0,Not vulnerable,1007,0.0004028,0,0.0,3,4.800000000000001e-06,0.0004076,8.641189575195312
BenchmarkTest00139.java,0,0,CWE-90,CWE-90,1,0,1,0,0,CWE-90,1257,0.0005028,0,0.0,5,8e-06,0.0005108,8.649023056030273
BenchmarkTest00140.java,1,0,CWE-330,CWE-330,1,1,0,0,0,CWE-330,1026,0.0004104,0,0.0,5,8e-06,0.0004184,6.709600210189819
BenchmarkTest00141.java,1,0,CWE-328,CWE-327,0,1,0,0,0,"CWE-327,CWE-276,CWE-532",1072,0.0004288,0,0.0,13,2.08e-05,0.0004496,6.71612024307251
BenchmarkTest00142.java,0,0,CWE-328,,,0,0,1,0,Not vulnerable,961,0.0003844,0,0.0,3,4.800000000000001e-06,0.0003892,8.664145231246948
BenchmarkTest00143.java,1,0,CWE-328,,,0,0,0,1,"CWE-732,CWE-276,CWE-200",1075,0.00043,0,0.0,13,2.08e-05,0.0004508,8.298202514648438
BenchmarkTest00144.java,1,0,CWE-79,CWE-79,1,1,0,0,0,CWE-79,641,0.0002564,0,0.0,5,8e-06,0.0002644,6.692731142044067
BenchmarkTest00145.java,1,0,CWE-79,CWE-74,0,1,0,0,0,"CWE-81,CWE-74",677,0.0002708,0,0.0,9,1.44e-05,0.0002852,8.163077354431152
BenchmarkTest00146.java,1,0,CWE-79,CWE-79,1,1,0,0,0,CWE-79,619,0.0002476,0,0.0,5,8e-06,0.0002556,8.193922996520996
BenchmarkTest00147.java,0,0,CWE-79,CWE-80,0,0,1,0,0,CWE-80,652,0.0002608,0,0.0,5,8e-06,0.0002688,6.66986346244812
BenchmarkTest00148.java,1,0,CWE-79,CWE-79,1,1,0,0,0,CWE-79,614,0.0002456,0,0.0,5,8e-06,0.0002536,6.669037818908691
BenchmarkTest00149.java,1,0,CWE-79,CWE-79,1,1,0,0,0,CWE-79,595,0.000238,0,0.0,5,8e-06,0.000246,8.279115438461304
BenchmarkTest00150.java,1,0,CWE-79,CWE-79,1,1,0,0,0,CWE-79,619,0.0002476,0,0.0,5,8e-06,0.0002556,6.665757656097412
BenchmarkTest00151.java,0,0,CWE-79,CWE-79,1,0,1,0,0,"CWE-74,CWE-79",643,0.0002571999999999,0,0.0,9,1.44e-05,0.0002716,8.199647665023804
BenchmarkTest00152.java,1,0,CWE-79,CWE-79,1,1,0,0,0,CWE-79,662,0.0002648,0,0.0,5,8e-06,0.0002727999999999,9.11379885673523
BenchmarkTest00153.java,1,0,CWE-79,CWE-79,1,1,0,0,0,CWE-79,659,0.0002636,0,0.0,5,8e-06,0.0002716,8.16479229927063
BenchmarkTest00154.java,1,0,CWE-79,CWE-79,1,1,0,0,0,CWE-79,659,0.0002636,0,0.0,5,8e-06,0.0002716,8.55305004119873
BenchmarkTest00155.java,1,0,CWE-79,CWE-79,1,1,0,0,0,CWE-79,575,0.00023,0,0.0,5,8e-06,0.000238,8.155295848846436
BenchmarkTest00156.java,1,0,CWE-79,CWE-79,1,1,0,0,0,CWE-79,626,0.0002504,0,0.0,5,8e-06,0.0002584,8.573466539382935
BenchmarkTest00157.java,1,0,CWE-79,CWE-79,1,1,0,0,0,CWE-79,588,0.0002352,0,0.0,5,8e-06,0.0002432,8.07683777809143
BenchmarkTest00158.java,0,0,CWE-78,,,0,0,1,0,Not vulnerable,742,0.0002968,0,0.0,3,4.800000000000001e-06,0.0003016,8.178162336349487
BenchmarkTest00159.java,1,0,CWE-78,CWE-78,1,1,0,0,0,CWE-78,726,0.0002904,0,0.0,5,8e-06,0.0002984,8.048962116241455
BenchmarkTest00160.java,1,0,CWE-330,CWE-330,1,1,0,0,0,CWE-330,1005,0.000402,0,0.0,5,8e-06,0.00041,6.542290925979614
BenchmarkTest00161.java,1,0,CWE-330,CWE-330,1,1,0,0,0,CWE-330,1088,0.0004352,0,0.0,5,8e-06,0.0004432,8.04087233543396
BenchmarkTest00162.java,1,0,CWE-330,CWE-330,1,1,0,0,0,CWE-330,944,0.0003776,0,0.0,5,8e-06,0.0003856,8.46837830543518
BenchmarkTest00163.java,1,0,CWE-330,CWE-330,1,1,0,0,0,CWE-330,959,0.0003836,0,0.0,5,8e-06,0.0003916,8.060415744781494
BenchmarkTest00164.java,1,0,CWE-330,CWE-330,1,1,0,0,0,CWE-330,967,0.0003868,0,0.0,5,8e-06,0.0003948,8.148204565048218
BenchmarkTest00165.java,1,0,CWE-330,CWE-330,1,1,0,0,0,CWE-330,950,0.00038,0,0.0,5,8e-06,0.000388,8.081963062286377
BenchmarkTest00166.java,1,0,CWE-330,CWE-338,0,1,0,0,0,CWE-338,918,0.0003672,0,0.0,5,8e-06,0.0003752,8.139459133148193
BenchmarkTest00167.java,1,0,CWE-330,CWE-338,0,1,0,0,0,CWE-338,963,0.0003852,0,0.0,5,8e-06,0.0003932,8.139614582061768
BenchmarkTest00168.java,1,0,CWE-330,CWE-330,1,1,0,0,0,CWE-330,961,0.0003844,0,0.0,5,8e-06,0.0003924,8.645854234695435
BenchmarkTest00169.java,1,0,CWE-614,CWE-614,1,1,0,0,0,"CWE-614,CWE-614",879,0.0003516,0,0.0,9,1.44e-05,0.000366,8.152183771133423
BenchmarkTest00170.java,1,0,CWE-614,CWE-614,1,1,0,0,0,"CWE-614,CWE-1004",1115,0.000446,0,0.0,10,1.6e-05,0.000462,6.536385774612427
BenchmarkTest00171.java,0,0,CWE-78,CWE-78,1,0,1,0,0,CWE-78,920,0.000368,0,0.0,5,8e-06,0.000376,8.450629711151123
BenchmarkTest00172.java,1,0,CWE-78,CWE-78,1,1,0,0,0,CWE-78,789,0.0003156,0,0.0,5,8e-06,0.0003236,8.128460884094238
BenchmarkTest00173.java,1,0,CWE-78,CWE-78,1,1,0,0,0,CWE-78,770,0.000308,0,0.0,5,8e-06,0.000316,8.48142147064209
BenchmarkTest00174.java,1,0,CWE-78,CWE-78,1,1,0,0,0,CWE-78,686,0.0002744,0,0.0,5,8e-06,0.0002824,8.103079557418823
BenchmarkTest00175.java,0,0,CWE-78,CWE-78,1,0,1,0,0,CWE-78,792,0.0003168,0,0.0,5,8e-06,0.0003248,8.064936876296997
BenchmarkTest00176.java,1,0,CWE-78,CWE-78,1,1,0,0,0,CWE-78,695,0.000278,0,0.0,5,8e-06,0.0002859999999999,8.355742692947388
BenchmarkTest00177.java,0,0,CWE-78,,,0,0,1,0,Not vulnerable,744,0.0002976,0,0.0,3,4.800000000000001e-06,0.0003024,8.071568727493286
BenchmarkTest00178.java,0,0,CWE-330,,,0,0,1,0,CWE-327,1059,0.0004236,0,0.0,5,8e-06,0.0004316,8.062065362930298
BenchmarkTest00179.java,0,0,CWE-330,CWE-330,1,0,1,0,0,CWE-330,998,0.0003992,0,0.0,5,8e-06,0.0004072,8.595484733581543
BenchmarkTest00180.java,0,0,CWE-330,CWE-330,1,0,1,0,0,CWE-330,1067,0.0004268,0,0.0,5,8e-06,0.0004348,8.591641426086426
BenchmarkTest00181.java,0,0,CWE-330,CWE-330,1,0,1,0,0,CWE-330,997,0.0003988,0,0.0,5,8e-06,0.0004067999999999,8.387001752853394
BenchmarkTest00182.java,0,0,CWE-330,CWE-330,1,0,1,0,0,CWE-330,1312,0.0005248,0,0.0,5,8e-06,0.0005328,6.4183549880981445
BenchmarkTest00183.java,0,0,CWE-330,CWE-330,1,0,1,0,0,CWE-330,1107,0.0004428,0,0.0,5,8e-06,0.0004508,8.023574352264404
BenchmarkTest00184.java,0,0,CWE-330,CWE-330,1,0,1,0,0,CWE-330,1094,0.0004376,0,0.0,5,8e-06,0.0004456,7.819722175598144
BenchmarkTest00185.java,0,0,CWE-330,CWE-330,1,0,1,0,0,CWE-330,1116,0.0004464,0,0.0,5,8e-06,0.0004544,7.4045751094818115
BenchmarkTest00186.java,0,0,CWE-330,CWE-330,1,0,1,0,0,CWE-330,1301,0.0005204,0,0.0,5,8e-06,0.0005283999999999,7.760283231735229
BenchmarkTest00187.java,0,0,CWE-330,CWE-330,1,0,1,0,0,CWE-330,1052,0.0004208,0,0.0,5,8e-06,0.0004288,7.708154678344727
BenchmarkTest00188.java,0,0,CWE-330,,,0,0,1,0,Not vulnerable,1021,0.0004084,0,0.0,3,4.800000000000001e-06,0.0004132,7.301769971847534
BenchmarkTest00190.java,0,0,CWE-89,,,0,0,1,0,"CWE-77,CWE-94",765,0.000306,0,0.0,9,1.44e-05,0.0003204,7.928991079330444
BenchmarkTest00191.java,0,0,CWE-89,,,0,0,1,0,Not vulnerable,796,0.0003184,0,0.0,3,4.800000000000001e-06,0.0003232,7.757277250289917
BenchmarkTest00192.java,1,0,CWE-89,CWE-89,1,1,0,0,0,CWE-89,783,0.0003132,0,0.0,5,8e-06,0.0003212,7.760290861129761
BenchmarkTest00193.java,1,0,CWE-89,CWE-89,1,1,0,0,0,CWE-89,728,0.0002912,0,0.0,5,8e-06,0.0002991999999999,7.939751386642456
BenchmarkTest00194.java,1,0,CWE-89,CWE-89,1,1,0,0,0,CWE-89,755,0.000302,0,0.0,5,8e-06,0.00031,7.704155683517456
BenchmarkTest00195.java,1,0,CWE-89,CWE-89,1,1,0,0,0,CWE-89,721,0.0002884,0,0.0,5,8e-06,0.0002964,7.6348748207092285
BenchmarkTest00196.java,1,0,CWE-89,CWE-89,1,1,0,0,0,CWE-89,725,0.00029,0,0.0,5,8e-06,0.000298,7.71948504447937
BenchmarkTest00197.java,0,0,CWE-89,CWE-89,1,0,1,0,0,CWE-89,917,0.0003668,0,0.0,5,8e-06,0.0003748,7.305052757263184
BenchmarkTest00198.java,1,0,CWE-89,CWE-89,1,1,0,0,0,CWE-89,768,0.0003072,0,0.0,5,8e-06,0.0003152,6.2970945835113525
BenchmarkTest00199.java,1,0,CWE-89,CWE-89,1,1,0,0,0,CWE-89,785,0.000314,0,0.0,5,8e-06,0.0003219999999999,7.75628924369812
BenchmarkTest00200.java,0,0,CWE-89,CWE-89,1,0,1,0,0,CWE-89,765,0.000306,0,0.0,5,8e-06,0.000314,5.634774446487427
BenchmarkTest00201.java,0,0,CWE-89,,,0,0,1,0,Not vulnerable,1001,0.0004004,0,0.0,3,4.800000000000001e-06,0.0004052,5.24300479888916
BenchmarkTest00202.java,0,0,CWE-89,,,0,0,1,0,Not vulnerable,983,0.0003932,0,0.0,3,4.800000000000001e-06,0.000398,3.582817554473877
BenchmarkTest00203.java,1,0,CWE-89,CWE-89,1,1,0,0,0,CWE-89,705,0.000282,0,0.0,5,8e-06,0.00029,2.187949180603028
BenchmarkTest00204.java,1,0,CWE-89,CWE-89,1,1,0,0,0,CWE-89,692,0.0002768,0,0.0,5,8e-06,0.0002848,2.185631036758423
BenchmarkTest00205.java,0,0,CWE-89,CWE-89,1,0,1,0,0,CWE-89,747,0.0002988,0,0.0,5,8e-06,0.0003068,2.127821445465088
BenchmarkTest00206.java,0,0,CWE-89,,,0,0,1,0,Not vulnerable,983,0.0003932,0,0.0,3,4.800000000000001e-06,0.000398,2.014554738998413
BenchmarkTest00207.java,1,0,CWE-643,CWE-643,1,1,0,0,0,CWE-643,850,0.00034,0,0.0,5,8e-06,0.000348,2.1395792961120605
BenchmarkTest00208.java,1,0,CWE-327,CWE-327,1,1,0,0,0,CWE-327,1669,0.0006676,0,0.0,5,8e-06,0.0006756,2.011554479598999
BenchmarkTest00209.java,0,0,CWE-327,,,0,0,1,0,"CWE-276,CWE-732,CWE-312",1144,0.0004576,0,0.0,13,2.08e-05,0.0004784,2.260826587677002
BenchmarkTest00210.java,1,0,CWE-327,CWE-327,1,1,0,0,0,"CWE-327,CWE-321",1301,0.0005204,0,0.0,9,1.44e-05,0.0005348,2.1823890209198
BenchmarkTest00211.java,0,0,CWE-327,CWE-327,1,0,1,0,0,"CWE-276,CWE-321,CWE-327,CWE-532",1206,0.0004824,0,0.0,17,2.7200000000000004e-05,0.0005096,2.2770886421203613
BenchmarkTest00212.java,0,0,CWE-327,,,0,0,1,0,Not vulnerable,1170,0.000468,0,0.0,3,4.800000000000001e-06,0.0004728,2.000469446182251
BenchmarkTest00213.java,0,0,CWE-327,CWE-327,1,0,1,0,0,"CWE-327,CWE-321",1354,0.0005416,0,0.0,9,1.44e-05,0.000556,2.122093915939331
BenchmarkTest00214.java,0,0,CWE-327,CWE-327,1,0,1,0,0,"CWE-327,CWE-321,CWE-276",1276,0.0005104,0,0.0,13,2.08e-05,0.0005312,2.1313681602478027
BenchmarkTest00215.java,1,0,CWE-22,CWE-22,1,1,0,0,0,CWE-22,730,0.000292,0,0.0,5,8e-06,0.0003,2.001148223876953
BenchmarkTest00216.java,1,0,CWE-22,CWE-22,1,1,0,0,0,CWE-22,771,0.0003084,0,0.0,5,8e-06,0.0003164,2.038853883743286
BenchmarkTest00217.java,0,0,CWE-22,,,0,0,1,0,Not vulnerable,1036,0.0004144,0,0.0,3,4.800000000000001e-06,0.0004192,2.0372679233551025
BenchmarkTest00218.java,1,0,CWE-22,CWE-22,1,1,0,0,0,CWE-22,1015,0.000406,0,0.0,5,8e-06,0.000414,1.9908812046051023
BenchmarkTest00219.java,1,0,CWE-22,CWE-22,1,1,0,0,0,CWE-22,920,0.000368,0,0.0,5,8e-06,0.000376,2.155294895172119
BenchmarkTest00220.java,0,0,CWE-22,,,0,0,1,0,Not vulnerable,1106,0.0004424,0,0.0,3,4.800000000000001e-06,0.0004472,1.9924356937408447
BenchmarkTest00221.java,0,0,CWE-22,,,0,0,1,0,Not vulnerable,830,0.000332,0,0.0,3,4.800000000000001e-06,0.0003368,1.5170273780822754
BenchmarkTest00222.java,1,0,CWE-22,CWE-22,1,1,0,0,0,CWE-22,897,0.0003588,0,0.0,5,8e-06,0.0003667999999999,1.5522723197937012
BenchmarkTest00223.java,1,0,CWE-328,CWE-327,0,1,0,0,0,"CWE-327,CWE-276",1221,0.0004884,0,0.0,9,1.44e-05,0.0005028,7.275838613510132
BenchmarkTest00224.java,0,0,CWE-328,,,0,0,1,0,"CWE-732,CWE-276,CWE-532",1109,0.0004436,0,0.0,13,2.08e-05,0.0004644,7.513819694519043
BenchmarkTest00225.java,0,0,CWE-328,,,0,0,1,0,Not vulnerable,1109,0.0004436,0,0.0,3,4.800000000000001e-06,0.0004484,6.408367156982422
BenchmarkTest00226.java,1,0,CWE-328,,,0,0,0,1,"CWE-732,CWE-276,CWE-312",1175,0.00047,0,0.0,13,2.08e-05,0.0004908,7.565304040908813
BenchmarkTest00227.java,1,0,CWE-328,,,0,0,0,1,Not vulnerable,1360,0.000544,0,0.0,3,4.800000000000001e-06,0.0005488,7.510352373123169
BenchmarkTest00228.java,0,0,CWE-328,CWE-327,0,0,1,0,0,"CWE-327,CWE-276,CWE-532",1117,0.0004468,0,0.0,13,2.08e-05,0.0004676,7.544813871383667
BenchmarkTest00229.java,0,0,CWE-328,CWE-327,0,0,1,0,0,"CWE-327,CWE-276",1053,0.0004212,0,0.0,9,1.44e-05,0.0004356,6.770905494689941
BenchmarkTest00230.java,1,0,CWE-330,CWE-330,1,1,0,0,0,CWE-330,1070,0.000428,0,0.0,5,8e-06,0.0004359999999999,6.385448932647705
BenchmarkTest00231.java,1,0,CWE-330,CWE-338,0,1,0,0,0,CWE-338,1128,0.0004512,0,0.0,5,8e-06,0.0004592,6.753884792327881
BenchmarkTest00232.java,1,0,CWE-330,CWE-330,1,1,0,0,0,CWE-330,1150,0.00046,0,0.0,5,8e-06,0.000468,6.215037345886231
BenchmarkTest00233.java,1,0,CWE-330,CWE-330,1,1,0,0,0,CWE-330,1031,0.0004124,0,0.0,5,8e-06,0.0004204,6.3575475215911865
BenchmarkTest00234.java,1,0,CWE-330,CWE-330,1,1,0,0,0,CWE-330,1137,0.0004548,0,0.0,5,8e-06,0.0004628,6.59064507484436
BenchmarkTest00235.java,1,0,CWE-330,CWE-330,1,1,0,0,0,CWE-330,1026,0.0004104,0,0.0,5,8e-06,0.0004184,6.069779396057129
BenchmarkTest00236.java,1,0,CWE-330,CWE-330,1,1,0,0,0,CWE-330,1045,0.000418,0,0.0,5,8e-06,0.000426,7.286553621292114
BenchmarkTest00237.java,1,0,CWE-330,CWE-330,1,1,0,0,0,CWE-330,1110,0.000444,0,0.0,5,8e-06,0.000452,6.635050296783447
BenchmarkTest00238.java,1,0,CWE-330,CWE-330,1,1,0,0,0,CWE-330,1041,0.0004164,0,0.0,5,8e-06,0.0004244,6.295345306396484
BenchmarkTest00239.java,1,0,CWE-330,CWE-330,1,1,0,0,0,CWE-330,1291,0.0005164,0,0.0,5,8e-06,0.0005244,7.48694920539856
BenchmarkTest00240.java,1,0,CWE-330,CWE-330,1,1,0,0,0,CWE-330,1026,0.0004104,0,0.0,5,8e-06,0.0004184,6.829923391342163
BenchmarkTest00241.java,1,0,CWE-614,CWE-614,1,1,0,0,0,"CWE-1004,CWE-614",921,0.0003684,0,0.0,10,1.6e-05,0.0003844,7.505990028381348
BenchmarkTest00242.java,0,0,CWE-614,,,0,0,1,0,Not vulnerable,950,0.00038,0,0.0,3,4.800000000000001e-06,0.0003848,6.300788879394531
BenchmarkTest00243.java,0,0,CWE-330,,,0,0,1,0,Not vulnerable,1243,0.0004972,0,0.0,3,4.800000000000001e-06,0.000502,6.20503044128418
BenchmarkTest00244.java,0,0,CWE-330,CWE-330,1,0,1,0,0,CWE-330,1176,0.0004704,0,0.0,5,8e-06,0.0004784,7.445015668869018
BenchmarkTest00245.java,0,0,CWE-330,CWE-338,0,0,1,0,0,CWE-338,1419,0.0005676,0,0.0,5,8e-06,0.0005756,6.475667715072632
BenchmarkTest00246.java,0,0,CWE-330,,,0,0,1,0,Not vulnerable,1155,0.000462,0,0.0,3,4.800000000000001e-06,0.0004668,7.254113435745239
BenchmarkTest00247.java,0,0,CWE-330,CWE-330,1,0,1,0,0,CWE-330,1123,0.0004492,0,0.0,5,8e-06,0.0004572,6.575068712234497
BenchmarkTest00248.java,0,0,CWE-330,CWE-330,1,0,1,0,0,CWE-330,1060,0.000424,0,0.0,5,8e-06,0.000432,7.418723821640015
BenchmarkTest00249.java,0,0,CWE-330,CWE-330,1,0,1,0,0,CWE-330,1061,0.0004244,0,0.0,5,8e-06,0.0004324,7.412115335464477
BenchmarkTest00254.java,1,0,CWE-327,CWE-327,1,1,0,0,0,"CWE-327,CWE-330,CWE-276",1554,0.0006216,0,0.0,13,2.08e-05,0.0006424,7.461290836334228
BenchmarkTest00255.java,0,0,CWE-327,CWE-327,1,0,1,0,0,"CWE-321,CWE-327,CWE-276",1590,0.000636,0,0.0,13,2.08e-05,0.0006567999999999,7.4068849086761475
BenchmarkTest00256.java,1,0,CWE-327,CWE-327,1,1,0,0,0,"CWE-327,CWE-321",1640,0.000656,0,0.0,9,1.44e-05,0.0006704,7.404412508010864
BenchmarkTest00257.java,1,0,CWE-327,CWE-327,1,1,0,0,0,CWE-327,1585,0.000634,0,0.0,5,8e-06,0.000642,7.370318174362183
BenchmarkTest00258.java,1,0,CWE-327,CWE-327,1,1,0,0,0,"CWE-327,CWE-321",1571,0.0006284,0,0.0,9,1.44e-05,0.0006428,7.2397685050964355
BenchmarkTest00259.java,0,0,CWE-327,CWE-327,1,0,1,0,0,"CWE-327,CWE-276",1059,0.0004236,0,0.0,9,1.44e-05,0.000438,7.379027843475342
BenchmarkTest00260.java,0,0,CWE-327,,,0,0,1,0,"CWE-276,CWE-200",1067,0.0004268,0,0.0,9,1.44e-05,0.0004412,7.440011262893677
BenchmarkTest00261.java,0,0,CWE-22,,,0,0,1,0,Not vulnerable,989,0.0003956,0,0.0,3,4.800000000000001e-06,0.0004004,7.279409170150757
BenchmarkTest00262.java,1,0,CWE-22,CWE-22,1,1,0,0,0,CWE-22,763,0.0003052,0,0.0,5,8e-06,0.0003131999999999,7.387550354003906
BenchmarkTest00263.java,0,0,CWE-22,CWE-22,1,0,1,0,0,CWE-22,931,0.0003724,0,0.0,5,8e-06,0.0003804,7.328311204910278
BenchmarkTest00264.java,1,0,CWE-22,CWE-22,1,1,0,0,0,CWE-22,862,0.0003448,0,0.0,5,8e-06,0.0003528,7.241389513015747
BenchmarkTest00265.java,0,0,CWE-22,CWE-22,1,0,1,0,0,CWE-22,806,0.0003224,0,0.0,5,8e-06,0.0003304,7.325708389282227
BenchmarkTest00266.java,1,0,CWE-328,,,0,0,0,1,"CWE-276,CWE-732,CWE-312",1159,0.0004636,0,0.0,13,2.08e-05,0.0004844,7.379178285598755
BenchmarkTest00267.java,1,0,CWE-328,CWE-327,0,1,0,0,0,"CWE-327,CWE-276,CWE-532",1068,0.0004272,0,0.0,13,2.08e-05,0.000448,7.359060525894165
BenchmarkTest00268.java,1,0,CWE-328,CWE-327,0,1,0,0,0,"CWE-327,CWE-276,CWE-117",1039,0.0004156,0,0.0,13,2.08e-05,0.0004364,7.218499183654785
BenchmarkTest00269.java,1,0,CWE-328,,,0,0,0,1,Not vulnerable,1045,0.000418,0,0.0,3,4.800000000000001e-06,0.0004228,7.271525382995605
BenchmarkTest00270.java,0,0,CWE-328,,,0,0,1,0,"CWE-732,CWE-276,CWE-200",1076,0.0004304,0,0.0,13,2.08e-05,0.0004512,7.361016750335693
BenchmarkTest00271.java,0,0,CWE-328,,,0,0,1,0,"CWE-22,CWE-377",1293,0.0005172,0,0.0,9,1.44e-05,0.0005316,7.356497526168823
BenchmarkTest00272.java,1,0,CWE-328,CWE-327,0,1,0,0,0,"CWE-327,CWE-276,CWE-532",1041,0.0004164,0,0.0,13,2.08e-05,0.0004372,7.294114828109741
BenchmarkTest00273.java,1,0,CWE-328,,,0,0,0,1,"CWE-321,CWE-276,CWE-532",1055,0.000422,0,0.0,13,2.08e-05,0.0004428,7.276025295257568
BenchmarkTest00274.java,1,0,CWE-328,CWE-327,0,1,0,0,0,"CWE-327,CWE-276,CWE-532",985,0.000394,0,0.0,13,2.08e-05,0.0004148,7.206400632858276
BenchmarkTest00275.java,0,0,CWE-79,,,0,0,1,0,Not vulnerable,887,0.0003548,0,0.0,3,4.800000000000001e-06,0.0003596,6.066241025924683
BenchmarkTest00276.java,1,0,CWE-79,CWE-79,1,1,0,0,0,CWE-79,606,0.0002424,0,0.0,5,8e-06,0.0002504,7.148262023925781
BenchmarkTest00277.java,0,0,CWE-79,,,0,0,1,0,Not vulnerable,884,0.0003536,0,0.0,3,4.800000000000001e-06,0.0003584,6.021588087081909
BenchmarkTest00278.java,0,0,CWE-79,,,0,0,1,0,Not vulnerable,571,0.0002284,0,0.0,3,4.800000000000001e-06,0.0002332,6.0031211376190186
BenchmarkTest00279.java,1,0,CWE-79,CWE-79,1,1,0,0,0,CWE-79,641,0.0002564,0,0.0,5,8e-06,0.0002644,7.141844987869263
BenchmarkTest00280.java,1,0,CWE-79,CWE-79,1,1,0,0,0,CWE-79,677,0.0002708,0,0.0,5,8e-06,0.0002788,7.1007630825042725
BenchmarkTest00281.java,0,0,CWE-79,CWE-74,0,0,1,0,0,"CWE-81,CWE-74",626,0.0002504,0,0.0,9,1.44e-05,0.0002648,6.990906000137329
BenchmarkTest00282.java,0,0,CWE-79,,,0,0,1,0,Not vulnerable,600,0.00024,0,0.0,3,4.800000000000001e-06,0.0002448,7.089190483093262
BenchmarkTest00283.java,0,0,CWE-79,,,0,0,1,0,Not vulnerable,580,0.000232,0,0.0,3,4.800000000000001e-06,0.0002368,7.08812952041626
BenchmarkTest00284.java,1,0,CWE-79,CWE-79,1,1,0,0,0,CWE-79,563,0.0002252,0,0.0,5,8e-06,0.0002332,7.13191294670105
BenchmarkTest00285.java,0,0,CWE-79,CWE-79,1,0,1,0,0,CWE-79,577,0.0002308,0,0.0,5,8e-06,0.0002388,7.095369338989258
BenchmarkTest00286.java,0,0,CWE-79,CWE-79,1,0,1,0,0,CWE-79,575,0.00023,0,0.0,5,8e-06,0.000238,6.856645584106445
BenchmarkTest00287.java,1,0,CWE-79,CWE-79,1,1,0,0,0,CWE-79,594,0.0002376,0,0.0,5,8e-06,0.0002456,7.055101156234741
BenchmarkTest00288.java,0,0,CWE-79,CWE-79,1,0,1,0,0,CWE-79,730,0.000292,0,0.0,5,8e-06,0.0003,7.10255765914917
BenchmarkTest00289.java,0,0,CWE-79,,,0,0,1,0,Not vulnerable,577,0.0002308,0,0.0,3,4.800000000000001e-06,0.0002356,5.924807071685791
BenchmarkTest00290.java,1,0,CWE-79,CWE-79,1,1,0,0,0,CWE-79,586,0.0002344,0,0.0,5,8e-06,0.0002424,6.959141731262207
BenchmarkTest00291.java,1,0,CWE-79,CWE-79,1,1,0,0,0,CWE-79,595,0.000238,0,0.0,5,8e-06,0.000246,7.093108892440796
BenchmarkTest00292.java,1,0,CWE-79,CWE-79,1,1,0,0,0,CWE-79,623,0.0002492,0,0.0,5,8e-06,0.0002572,6.871042013168335
BenchmarkTest00293.java,1,0,CWE-78,CWE-78,1,1,0,0,0,CWE-78,758,0.0003032,0,0.0,5,8e-06,0.0003112,7.060987949371338
BenchmarkTest00294.java,1,0,CWE-78,CWE-78,1,1,0,0,0,CWE-78,752,0.0003008,0,0.0,5,8e-06,0.0003087999999999,7.089587926864624
BenchmarkTest00295.java,1,0,CWE-78,CWE-78,1,1,0,0,0,CWE-78,755,0.000302,0,0.0,5,8e-06,0.00031,7.055633783340454
BenchmarkTest00296.java,1,0,CWE-330,CWE-330,1,1,0,0,0,CWE-330,995,0.000398,0,0.0,5,8e-06,0.000406,5.883395671844482
BenchmarkTest00297.java,1,0,CWE-330,CWE-330,1,1,0,0,0,CWE-330,982,0.0003928,0,0.0,5,8e-06,0.0004008,5.876164197921753
BenchmarkTest00298.java,1,0,CWE-330,CWE-330,1,1,0,0,0,CWE-330,982,0.0003928,0,0.0,5,8e-06,0.0004008,6.569730281829834
BenchmarkTest00299.java,1,0,CWE-330,CWE-330,1,1,0,0,0,CWE-330,977,0.0003908,0,0.0,5,8e-06,0.0003988,5.887509346008301
BenchmarkTest00300.java,1,0,CWE-614,CWE-614,1,1,0,0,0,"CWE-614,CWE-614",855,0.000342,0,0.0,9,1.44e-05,0.0003564,7.042388439178467
BenchmarkTest00301.java,1,0,CWE-79,CWE-79,1,1,0,0,0,CWE-79,683,0.0002731999999999,0,0.0,5,8e-06,0.0002811999999999,5.887507200241089
BenchmarkTest00302.java,1,0,CWE-78,CWE-78,1,1,0,0,0,CWE-78,728,0.0002912,0,0.0,5,8e-06,0.0002991999999999,5.87216329574585
BenchmarkTest00303.java,1,0,CWE-78,CWE-78,1,1,0,0,0,CWE-78,835,0.000334,0,0.0,5,8e-06,0.0003419999999999,5.893982410430908
BenchmarkTest00304.java,1,0,CWE-78,CWE-78,1,1,0,0,0,CWE-78,878,0.0003512,0,0.0,5,8e-06,0.0003592,6.695663213729858
BenchmarkTest00305.java,0,0,CWE-78,,,0,0,1,0,Not vulnerable,1121,0.0004484,0,0.0,3,4.800000000000001e-06,0.0004532,6.884338617324829
BenchmarkTest00306.java,1,0,CWE-78,CWE-78,1,1,0,0,0,CWE-78,738,0.0002951999999999,0,0.0,5,8e-06,0.0003031999999999,6.64137601852417
BenchmarkTest00307.java,0,0,CWE-78,CWE-78,1,0,1,0,0,CWE-78,784,0.0003136,0,0.0,5,8e-06,0.0003216,6.462349891662598
BenchmarkTest00308.java,0,0,CWE-78,,,0,0,1,0,Not vulnerable,748,0.0002992,0,0.0,3,4.800000000000001e-06,0.000304,6.892415761947632
BenchmarkTest00309.java,0,0,CWE-78,CWE-78,1,0,1,0,0,CWE-78,808,0.0003232,0,0.0,5,8e-06,0.0003312,5.756263732910156
BenchmarkTest00310.java,0,0,CWE-78,CWE-78,1,0,1,0,0,CWE-78,827,0.0003308,0,0.0,5,8e-06,0.0003388,6.194401502609253
BenchmarkTest00311.java,1,0,CWE-78,CWE-78,1,1,0,0,0,CWE-78,797,0.0003188,0,0.0,5,8e-06,0.0003268,5.7412192821502686
BenchmarkTest00312.java,0,0,CWE-330,CWE-330,1,0,1,0,0,CWE-330,1035,0.000414,0,0.0,5,8e-06,0.0004219999999999,6.867685794830322
BenchmarkTest00313.java,0,0,CWE-330,CWE-330,1,0,1,0,0,CWE-330,1066,0.0004264,0,0.0,5,8e-06,0.0004344,6.881916522979736
BenchmarkTest00314.java,0,0,CWE-330,CWE-330,1,0,1,0,0,CWE-330,1068,0.0004272,0,0.0,5,8e-06,0.0004352,6.8290605545043945
BenchmarkTest00315.java,0,0,CWE-330,,,0,0,1,0,Not vulnerable,1180,0.000472,0,0.0,3,4.800000000000001e-06,0.0004768,5.758510589599609
BenchmarkTest00316.java,0,0,CWE-330,CWE-330,1,0,1,0,0,CWE-330,1300,0.00052,0,0.0,5,8e-06,0.0005279999999999,6.745030164718628
BenchmarkTest00317.java,0,0,CWE-330,CWE-330,1,0,1,0,0,CWE-330,1035,0.000414,0,0.0,5,8e-06,0.0004219999999999,6.703286409378052
BenchmarkTest00318.java,0,0,CWE-330,CWE-330,1,0,1,0,0,CWE-330,1327,0.0005308,0,0.0,5,8e-06,0.0005388,6.834484100341797
BenchmarkTest00319.java,0,0,CWE-330,CWE-330,1,0,1,0,0,CWE-330,1104,0.0004416,0,0.0,5,8e-06,0.0004496,6.8643670082092285
BenchmarkTest00320.java,0,0,CWE-330,CWE-330,1,0,1,0,0,CWE-330,1033,0.0004132,0,0.0,5,8e-06,0.0004212,6.70472526550293
BenchmarkTest00328.java,1,0,CWE-89,,,0,0,0,1,"CWE-77,CWE-94",717,0.0002868,0,0.0,9,1.44e-05,0.0003012,6.86494779586792
BenchmarkTest00329.java,0,0,CWE-89,,,0,0,1,0,Not vulnerable,723,0.0002892,0,0.0,3,4.800000000000001e-06,0.000294,5.714195251464844
BenchmarkTest00330.java,0,0,CWE-89,,,0,0,1,0,Not vulnerable,995,0.000398,0,0.0,3,4.800000000000001e-06,0.0004028,5.646260499954224
BenchmarkTest00331.java,0,0,CWE-89,CWE-89,1,0,1,0,0,CWE-89,821,0.0003284,0,0.0,5,8e-06,0.0003364,5.899316549301148
BenchmarkTest00332.java,0,0,CWE-89,,,0,0,1,0,Not vulnerable,1006,0.0004024,0,0.0,3,4.800000000000001e-06,0.0004072,5.606769561767578
BenchmarkTest00333.java,0,0,CWE-89,CWE-89,1,0,1,0,0,CWE-89,730,0.000292,0,0.0,5,8e-06,0.0003,6.583289861679077
BenchmarkTest00334.java,0,0,CWE-89,CWE-89,1,0,1,0,0,CWE-89,1028,0.0004112,0,0.0,5,8e-06,0.0004192,1.4143438339233398
BenchmarkTest00335.java,1,0,CWE-89,CWE-89,1,1,0,0,0,CWE-89,742,0.0002968,0,0.0,5,8e-06,0.0003048,1.360644817352295
BenchmarkTest00336.java,0,0,CWE-89,,,0,0,1,0,Not vulnerable,791,0.0003164,0,0.0,3,4.800000000000001e-06,0.0003212,3.8281033039093018
BenchmarkTest00337.java,1,0,CWE-89,CWE-89,1,1,0,0,0,CWE-89,846,0.0003384,0,0.0,5,8e-06,0.0003464,3.883594274520874
BenchmarkTest00338.java,0,0,CWE-89,CWE-89,1,0,1,0,0,CWE-89,817,0.0003268,0,0.0,5,8e-06,0.0003348,4.089460849761963
BenchmarkTest00339.java,1,0,CWE-89,CWE-89,1,1,0,0,0,CWE-89,836,0.0003344,0,0.0,5,8e-06,0.0003424,3.8072214126586914
BenchmarkTest00340.java,0,0,CWE-89,CWE-89,1,0,1,0,0,CWE-89,812,0.0003248,0,0.0,5,8e-06,0.0003328,4.085926294326782
BenchmarkTest00341.java,1,0,CWE-89,CWE-89,1,1,0,0,0,CWE-89,743,0.0002972,0,0.0,5,8e-06,0.0003052,4.045937538146973
BenchmarkTest00342.java,1,0,CWE-89,CWE-89,1,1,0,0,0,CWE-89,753,0.0003012,0,0.0,5,8e-06,0.0003092,4.028380632400513
BenchmarkTest00343.java,0,0,CWE-89,,,0,0,1,0,Not vulnerable,724,0.0002896,0,0.0,3,4.800000000000001e-06,0.0002944,4.025383710861206
BenchmarkTest00344.java,0,0,CWE-89,,,0,0,1,0,Not vulnerable,722,0.0002888,0,0.0,3,4.800000000000001e-06,0.0002936,3.993002653121948
BenchmarkTest00345.java,0,0,CWE-327,CWE-327,1,0,1,0,0,"CWE-321,CWE-327,CWE-276,CWE-532",989,0.0003956,0,0.0,17,2.7200000000000004e-05,0.0004228,4.075117349624634
BenchmarkTest00346.java,1,0,CWE-328,CWE-327,0,1,0,0,0,"CWE-327,CWE-276",975,0.00039,0,0.0,9,1.44e-05,0.0004044,4.063306093215942
BenchmarkTest00347.java,1,0,CWE-330,CWE-330,1,1,0,0,0,CWE-330,864,0.0003456,0,0.0,5,8e-06,0.0003536,4.078146696090698
BenchmarkTest00348.java,1,0,CWE-614,CWE-614,1,1,0,0,0,"CWE-614,CWE-614",740,0.000296,0,0.0,9,1.44e-05,0.0003104,4.051411151885986
BenchmarkTest00349.java,0,0,CWE-330,CWE-330,1,0,1,0,0,CWE-330,935,0.000374,0,0.0,5,8e-06,0.0003819999999999,3.7875185012817374
BenchmarkTest00350.java,0,0,CWE-327,,,0,0,1,0,"CWE-276,CWE-532",1133,0.0004532,0,0.0,9,1.44e-05,0.0004676,3.876263380050659
BenchmarkTest00351.java,0,0,CWE-327,,,0,0,1,0,Not vulnerable,1042,0.0004168,0,0.0,3,4.800000000000001e-06,0.0004216,3.88227915763855
BenchmarkTest00352.java,0,0,CWE-327,,,0,0,1,0,Not vulnerable,1292,0.0005168,0,0.0,3,4.800000000000001e-06,0.0005216,4.070109605789185
BenchmarkTest00353.java,0,0,CWE-327,CWE-327,1,0,1,0,0,"CWE-327,CWE-276,CWE-532",1133,0.0004532,0,0.0,13,2.08e-05,0.000474,4.080251216888428
BenchmarkTest00354.java,1,0,CWE-327,CWE-327,1,1,0,0,0,"CWE-327,CWE-321,CWE-276",1051,0.0004204,0,0.0,13,2.08e-05,0.0004412,4.078250408172607
BenchmarkTest00355.java,1,0,CWE-327,CWE-327,1,1,0,0,0,"CWE-327,CWE-321,CWE-276,CWE-532",1301,0.0005204,0,0.0,17,2.7200000000000004e-05,0.0005476,4.0740485191345215
BenchmarkTest00356.java,1,0,CWE-327,CWE-327,1,1,0,0,0,"CWE-327,CWE-321,CWE-276",1053,0.0004212,0,0.0,13,2.08e-05,0.000442,5.714715719223023
BenchmarkTest00357.java,0,0,CWE-327,CWE-327,1,0,1,0,0,"CWE-327,CWE-321,CWE-532",1152,0.0004608,0,0.0,13,2.08e-05,0.0004816,8.517722368240356
BenchmarkTest00358.java,0,0,CWE-327,CWE-327,1,0,1,0,0,"CWE-327,CWE-321",1166,0.0004664,0,0.0,9,1.44e-05,0.0004808,3.147671937942505
BenchmarkTest00359.java,1,0,CWE-22,CWE-22,1,1,0,0,0,CWE-22,634,0.0002536,0,0.0,5,8e-06,0.0002616,3.096485376358032
BenchmarkTest00360.java,1,0,CWE-22,CWE-22,1,1,0,0,0,CWE-22,798,0.0003192,0,0.0,5,8e-06,0.0003272,3.097813129425049
BenchmarkTest00361.java,0,0,CWE-22,CWE-22,1,0,1,0,0,CWE-22,832,0.0003328,0,0.0,5,8e-06,0.0003408,5.073443412780762
BenchmarkTest00362.java,1,0,CWE-22,CWE-22,1,1,0,0,0,CWE-22,663,0.0002652,0,0.0,5,8e-06,0.0002731999999999,5.4236674308776855
BenchmarkTest00363.java,1,0,CWE-22,CWE-22,1,1,0,0,0,CWE-22,711,0.0002844,0,0.0,5,8e-06,0.0002924,5.222032785415649
BenchmarkTest00364.java,0,0,CWE-22,CWE-22,1,0,1,0,0,CWE-22,746,0.0002984,0,0.0,5,8e-06,0.0003064,5.398545742034912
BenchmarkTest00365.java,0,0,CWE-22,,,0,0,1,0,Not vulnerable,899,0.0003596,0,0.0,3,4.800000000000001e-06,0.0003644,3.1084275245666504
BenchmarkTest00366.java,0,0,CWE-22,CWE-22,1,0,1,0,0,CWE-22,879,0.0003516,0,0.0,5,8e-06,0.0003596,5.488295316696167
BenchmarkTest00367.java,0,0,CWE-90,,,0,0,1,0,Not vulnerable,1237,0.0004948,0,0.0,3,4.800000000000001e-06,0.0004996,4.514832019805908
BenchmarkTest00368.java,1,0,CWE-330,CWE-330,1,1,0,0,0,CWE-330,910,0.000364,0,0.0,5,8e-06,0.000372,4.220226287841797
BenchmarkTest00369.java,1,0,CWE-330,CWE-330,1,1,0,0,0,CWE-330,934,0.0003736,0,0.0,5,8e-06,0.0003816,3.069603681564331
BenchmarkTest00370.java,0,0,CWE-328,CWE-327,0,0,1,0,0,"CWE-327,CWE-276,CWE-532",1032,0.0004128,0,0.0,13,2.08e-05,0.0004336,5.563086748123169
BenchmarkTest00371.java,1,0,CWE-328,CWE-326,0,1,0,0,0,"CWE-326,CWE-276,CWE-732",981,0.0003924,0,0.0,13,2.08e-05,0.0004132,5.582034349441528
BenchmarkTest00372.java,1,0,CWE-328,CWE-327,0,1,0,0,0,"CWE-327,CWE-276,CWE-532",908,0.0003632,0,0.0,13,2.08e-05,0.000384,4.70649528503418
BenchmarkTest00373.java,0,0,CWE-328,,,0,0,1,0,Not vulnerable,915,0.000366,0,0.0,3,4.800000000000001e-06,0.0003708,5.272935390472412
BenchmarkTest00374.java,1,0,CWE-328,CWE-327,0,1,0,0,0,"CWE-327,CWE-276,CWE-532",945,0.000378,0,0.0,13,2.08e-05,0.0003988,4.4483795166015625
BenchmarkTest00375.java,1,0,CWE-79,CWE-79,1,1,0,0,0,"CWE-74,CWE-79",535,0.000214,0,0.0,9,1.44e-05,0.0002284,5.560073137283325
BenchmarkTest00376.java,1,0,CWE-79,CWE-80,0,1,0,0,0,CWE-80,568,0.0002272,0,0.0,5,8e-06,0.0002352,5.367082118988037
BenchmarkTest00377.java,0,0,CWE-79,CWE-80,0,0,1,0,0,CWE-80,610,0.000244,0,0.0,5,8e-06,0.000252,5.160773038864136
BenchmarkTest00378.java,1,0,CWE-79,CWE-79,1,1,0,0,0,CWE-79,539,0.0002156,0,0.0,5,8e-06,0.0002236,5.513808012008667
BenchmarkTest00379.java,0,0,CWE-79,,,0,0,1,0,Not vulnerable,827,0.0003308,0,0.0,3,4.800000000000001e-06,0.0003356,4.903611421585083
BenchmarkTest00380.java,1,0,CWE-79,CWE-79,1,1,0,0,0,CWE-79,617,0.0002468,0,0.0,5,8e-06,0.0002548,3.1141881942749023
BenchmarkTest00381.java,0,0,CWE-79,,,0,0,1,0,Not vulnerable,544,0.0002176,0,0.0,3,4.800000000000001e-06,0.0002224,5.666448593139648
BenchmarkTest00382.java,1,0,CWE-79,CWE-79,1,1,0,0,0,"CWE-74,CWE-79",599,0.0002396,0,0.0,9,1.44e-05,0.000254,5.495867729187012
BenchmarkTest00383.java,1,0,CWE-79,CWE-79,1,1,0,0,0,CWE-79,816,0.0003264,0,0.0,5,8e-06,0.0003344,5.575353622436523
BenchmarkTest00384.java,1,0,CWE-79,CWE-79,1,1,0,0,0,CWE-79,551,0.0002204,0,0.0,5,8e-06,0.0002284,5.184637546539307
BenchmarkTest00385.java,1,0,CWE-79,CWE-79,1,1,0,0,0,CWE-79,821,0.0003284,0,0.0,5,8e-06,0.0003364,5.610603332519531
BenchmarkTest00386.java,0,0,CWE-79,,,0,0,1,0,Not vulnerable,662,0.0002648,0,0.0,3,4.800000000000001e-06,0.0002696,7.204974412918091
BenchmarkTest00387.java,1,0,CWE-79,CWE-79,1,1,0,0,0,CWE-79,549,0.0002196,0,0.0,5,8e-06,0.0002276,7.24325704574585
BenchmarkTest00388.java,1,0,CWE-79,CWE-79,1,1,0,0,0,CWE-79,529,0.0002116,0,0.0,5,8e-06,0.0002196,6.662719488143921
BenchmarkTest00389.java,0,0,CWE-79,CWE-79,1,0,1,0,0,CWE-79,512,0.0002048,0,0.0,5,8e-06,0.0002128,7.971969366073608
BenchmarkTest00390.java,1,0,CWE-79,CWE-79,1,1,0,0,0,CWE-79,548,0.0002192,0,0.0,5,8e-06,0.0002272,5.444730997085571
BenchmarkTest00391.java,0,0,CWE-79,,,0,0,1,0,Not vulnerable,517,0.0002068,0,0.0,3,4.800000000000001e-06,0.0002116,7.941542148590088
BenchmarkTest00392.java,1,0,CWE-79,CWE-80,0,1,0,0,0,CWE-80,590,0.000236,0,0.0,5,8e-06,0.000244,7.97667646408081
BenchmarkTest00393.java,0,0,CWE-79,CWE-80,0,0,1,0,0,CWE-80,548,0.0002192,0,0.0,5,8e-06,0.0002272,5.878574848175049
BenchmarkTest00394.java,0,0,CWE-79,CWE-80,0,0,1,0,0,CWE-80,616,0.0002464,0,0.0,5,8e-06,0.0002544,6.156840562820435
BenchmarkTest00395.java,1,0,CWE-79,CWE-79,1,1,0,0,0,CWE-79,545,0.000218,0,0.0,5,8e-06,0.000226,8.028743505477905
BenchmarkTest00396.java,0,0,CWE-78,,,0,0,1,0,Not vulnerable,703,0.0002812,0,0.0,3,4.800000000000001e-06,0.000286,7.977341175079346
BenchmarkTest00397.java,1,0,CWE-330,CWE-338,0,1,0,0,0,CWE-338,928,0.0003712,0,0.0,5,8e-06,0.0003792,7.985320329666138
BenchmarkTest00398.java,1,0,CWE-330,CWE-338,0,1,0,0,0,CWE-338,1042,0.0004168,0,0.0,5,8e-06,0.0004247999999999,5.542092084884644
BenchmarkTest00399.java,1,0,CWE-330,CWE-330,1,1,0,0,0,CWE-330,1227,0.0004908,0,0.0,5,8e-06,0.0004988,8.02440094947815
BenchmarkTest00400.java,1,0,CWE-330,CWE-330,1,1,0,0,0,CWE-330,1021,0.0004084,0,0.0,5,8e-06,0.0004164,5.543100595474243
BenchmarkTest00401.java,1,0,CWE-330,CWE-338,0,1,0,0,0,CWE-338,922,0.0003688,0,0.0,5,8e-06,0.0003768,8.018950462341309
BenchmarkTest00402.java,1,0,CWE-330,CWE-338,0,1,0,0,0,CWE-338,928,0.0003712,0,0.0,5,8e-06,0.0003792,8.04756212234497
BenchmarkTest00403.java,1,0,CWE-614,CWE-614,1,1,0,0,0,"CWE-614,CWE-1004",793,0.0003172,0,0.0,10,1.6e-05,0.0003332,7.968076944351196
BenchmarkTest00404.java,0,0,CWE-614,,,0,0,1,0,Not vulnerable,793,0.0003172,0,0.0,3,4.800000000000001e-06,0.000322,8.04701042175293
BenchmarkTest00405.java,0,0,CWE-614,,,0,0,1,0,Not vulnerable,780,0.000312,0,0.0,3,4.800000000000001e-06,0.0003168,7.767162799835205
BenchmarkTest00406.java,0,0,CWE-78,CWE-78,1,0,1,0,0,CWE-78,777,0.0003108,0,0.0,5,8e-06,0.0003188,7.78313946723938
BenchmarkTest00407.java,1,0,CWE-78,CWE-78,1,1,0,0,0,CWE-78,805,0.000322,0,0.0,5,8e-06,0.00033,7.92219877243042
BenchmarkTest00408.java,0,0,CWE-78,CWE-78,1,0,1,0,0,CWE-78,776,0.0003104,0,0.0,5,8e-06,0.0003184,5.536157608032227
BenchmarkTest00409.java,1,0,CWE-78,CWE-78,1,1,0,0,0,CWE-78,852,0.0003408,0,0.0,5,8e-06,0.0003487999999999,8.014945983886719
BenchmarkTest00410.java,0,0,CWE-78,CWE-78,1,0,1,0,0,CWE-78,746,0.0002984,0,0.0,5,8e-06,0.0003064,8.048044443130493
BenchmarkTest00411.java,0,0,CWE-78,,,0,0,1,0,Not vulnerable,931,0.0003724,0,0.0,3,4.800000000000001e-06,0.0003772,5.407963275909424
BenchmarkTest00412.java,0,0,CWE-78,CWE-78,1,0,1,0,0,CWE-78,706,0.0002824,0,0.0,5,8e-06,0.0002904,5.534382104873657
BenchmarkTest00413.java,0,0,CWE-330,,,0,0,1,0,Not vulnerable,1096,0.0004384,0,0.0,3,4.800000000000001e-06,0.0004432,8.045101165771484
BenchmarkTest00414.java,0,0,CWE-330,,,0,0,1,0,Not vulnerable,1121,0.0004484,0,0.0,3,4.800000000000001e-06,0.0004532,5.550249099731445
BenchmarkTest00415.java,0,0,CWE-330,CWE-338,0,0,1,0,0,CWE-338,1021,0.0004084,0,0.0,5,8e-06,0.0004164,8.000962734222412
BenchmarkTest00416.java,0,0,CWE-330,,,0,0,1,0,Not vulnerable,1096,0.0004384,0,0.0,3,4.800000000000001e-06,0.0004432,8.03279995918274
BenchmarkTest00417.java,0,0,CWE-330,,,0,0,1,0,Not vulnerable,1027,0.0004108,0,0.0,3,4.800000000000001e-06,0.0004156,7.945625066757202
BenchmarkTest00418.java,0,0,CWE-330,,,0,0,1,0,Not vulnerable,990,0.000396,0,0.0,3,4.800000000000001e-06,0.0004008,7.998421430587768
BenchmarkTest00419.java,0,0,CWE-330,CWE-330,1,0,1,0,0,CWE-330,1023,0.0004092,0,0.0,5,8e-06,0.0004172,5.760904312133789
BenchmarkTest00420.java,0,0,CWE-330,CWE-338,0,0,1,0,0,CWE-338,994,0.0003976,0,0.0,5,8e-06,0.0004056,7.953104019165039
BenchmarkTest00421.java,0,0,CWE-330,CWE-330,1,0,1,0,0,CWE-330,934,0.0003736,0,0.0,5,8e-06,0.0003816,8.0325288772583
BenchmarkTest00422.java,0,0,CWE-330,CWE-330,1,0,1,0,0,CWE-330,971,0.0003884,0,0.0,5,8e-06,0.0003964,7.953901767730713
BenchmarkTest00423.java,0,0,CWE-330,CWE-330,1,0,1,0,0,CWE-330,958,0.0003832,0,0.0,5,8e-06,0.0003912,8.022550821304321
BenchmarkTest00428.java,1,0,CWE-89,CWE-89,1,1,0,0,0,CWE-89,701,0.0002804,0,0.0,5,8e-06,0.0002884,7.911663055419922
BenchmarkTest00429.java,1,0,CWE-89,CWE-89,1,1,0,0,0,CWE-89,702,0.0002808,0,0.0,5,8e-06,0.0002887999999999,7.996781349182129
BenchmarkTest00430.java,0,0,CWE-89,CWE-89,1,0,1,0,0,CWE-89,704,0.0002816,0,0.0,5,8e-06,0.0002896,7.985917329788208
BenchmarkTest00431.java,1,0,CWE-89,CWE-89,1,1,0,0,0,CWE-89,829,0.0003316,0,0.0,5,8e-06,0.0003396,7.95289158821106
BenchmarkTest00432.java,0,0,CWE-89,CWE-89,1,0,1,0,0,CWE-89,809,0.0003236,0,0.0,5,8e-06,0.0003316,8.022047281265259
BenchmarkTest00433.java,1,0,CWE-89,CWE-89,1,1,0,0,0,CWE-89,771,0.0003084,0,0.0,5,8e-06,0.0003164,5.505777597427368
BenchmarkTest00434.java,1,0,CWE-89,CWE-89,1,1,0,0,0,CWE-89,664,0.0002656,0,0.0,5,8e-06,0.0002736,7.968919277191162
BenchmarkTest00435.java,1,0,CWE-89,CWE-89,1,1,0,0,0,CWE-89,728,0.0002912,0,0.0,5,8e-06,0.0002991999999999,7.951465368270874
BenchmarkTest00436.java,0,0,CWE-89,CWE-89,1,0,1,0,0,CWE-89,653,0.0002612,0,0.0,5,8e-06,0.0002692,7.944713830947876
BenchmarkTest00437.java,0,0,CWE-89,,,0,0,1,0,Not vulnerable,662,0.0002648,0,0.0,3,4.800000000000001e-06,0.0002696,7.97709321975708
BenchmarkTest00438.java,1,0,CWE-89,CWE-89,1,1,0,0,0,CWE-89,656,0.0002624,0,0.0,5,8e-06,0.0002704,7.8684470653533936
BenchmarkTest00439.java,1,0,CWE-89,CWE-89,1,1,0,0,0,CWE-89,611,0.0002444,0,0.0,5,8e-06,0.0002524,6.499998331069946
BenchmarkTest00440.java,0,0,CWE-89,,,0,0,1,0,Not vulnerable,752,0.0003008,0,0.0,3,4.800000000000001e-06,0.0003056,4.934592247009277
BenchmarkTest00441.java,1,0,CWE-89,CWE-89,1,1,0,0,0,CWE-89,646,0.0002584,0,0.0,5,8e-06,0.0002664,4.913451910018921
BenchmarkTest00442.java,1,0,CWE-643,CWE-643,1,1,0,0,0,CWE-643,802,0.0003208,0,0.0,5,8e-06,0.0003287999999999,4.849058389663696
BenchmarkTest00443.java,0,0,CWE-327,,,0,0,1,0,"CWE-276,CWE-321,CWE-532",1572,0.0006288,0,0.0,13,2.08e-05,0.0006496,4.332157135009766
BenchmarkTest00444.java,0,0,CWE-327,CWE-327,1,0,1,0,0,"CWE-327,CWE-276,CWE-532",1030,0.000412,0,0.0,13,2.08e-05,0.0004328,4.9114415645599365
BenchmarkTest00445.java,1,0,CWE-327,CWE-327,1,1,0,0,0,"CWE-327,CWE-321",1473,0.0005892,0,0.0,9,1.44e-05,0.0006036,4.915458917617798
BenchmarkTest00446.java,1,0,CWE-327,CWE-327,1,1,0,0,0,"CWE-327,CWE-326",1223,0.0004892,0,0.0,9,1.44e-05,0.0005036,4.930577039718628
BenchmarkTest00447.java,0,0,CWE-327,,,0,0,1,0,Not vulnerable,1146,0.0004584,0,0.0,3,4.800000000000001e-06,0.0004632,4.907808303833008
BenchmarkTest00448.java,1,0,CWE-327,CWE-327,1,1,0,0,0,"CWE-327,CWE-321,CWE-276",1088,0.0004352,0,0.0,13,2.08e-05,0.000456,4.928951740264893
BenchmarkTest00449.java,1,0,CWE-327,CWE-327,1,1,0,0,0,"CWE-327,CWE-321,CWE-276",1071,0.0004284,0,0.0,13,2.08e-05,0.0004492,4.923758029937744
BenchmarkTest00450.java,0,0,CWE-327,CWE-327,1,0,1,0,0,"CWE-327,CWE-321,CWE-276",1480,0.000592,0,0.0,13,2.08e-05,0.0006127999999999,4.932965993881226
BenchmarkTest00451.java,0,0,CWE-327,CWE-327,1,0,1,0,0,"CWE-327,CWE-326",1232,0.0004928,0,0.0,9,1.44e-05,0.0005072,2.651859998703003
BenchmarkTest00452.java,1,0,CWE-22,CWE-22,1,1,0,0,0,CWE-22,684,0.0002736,0,0.0,5,8e-06,0.0002816,2.7537729740142822
BenchmarkTest00453.java,1,0,CWE-22,CWE-22,1,1,0,0,0,CWE-22,855,0.000342,0,0.0,5,8e-06,0.00035,4.909879922866821
BenchmarkTest00454.java,0,0,CWE-22,,,0,0,1,0,Not vulnerable,835,0.000334,0,0.0,3,4.800000000000001e-06,0.0003388,4.242069721221924
BenchmarkTest00455.java,1,0,CWE-22,CWE-22,1,1,0,0,0,CWE-22,794,0.0003176,0,0.0,5,8e-06,0.0003256,4.9202539920806885
BenchmarkTest00456.java,1,0,CWE-22,CWE-22,1,1,0,0,0,CWE-22,863,0.0003452,0,0.0,5,8e-06,0.0003532,4.928447723388672
BenchmarkTest00457.java,1,0,CWE-22,CWE-22,1,1,0,0,0,CWE-22,774,0.0003096,0,0.0,5,8e-06,0.0003176,4.902511835098267
BenchmarkTest00458.java,0,0,CWE-22,CWE-22,1,0,1,0,0,CWE-22,812,0.0003248,0,0.0,5,8e-06,0.0003328,4.1998467445373535
BenchmarkTest00459.java,1,0,CWE-22,CWE-22,1,1,0,0,0,CWE-22,737,0.0002948,0,0.0,5,8e-06,0.0003028,4.910358428955078
BenchmarkTest00460.java,0,0,CWE-22,,,0,0,1,0,Not vulnerable,1117,0.0004468,0,0.0,3,4.800000000000001e-06,0.0004516,4.548272132873535
BenchmarkTest00461.java,1,0,CWE-330,CWE-330,1,1,0,0,0,CWE-330,944,0.0003776,0,0.0,5,8e-06,0.0003856,4.929596900939941
BenchmarkTest00462.java,1,0,CWE-328,CWE-327,0,1,0,0,0,"CWE-327,CWE-276",1094,0.0004376,0,0.0,9,1.44e-05,0.000452,4.896826982498169
BenchmarkTest00463.java,0,0,CWE-328,,,0,0,1,0,"CWE-532,CWE-313",1032,0.0004128,0,0.0,9,1.44e-05,0.0004272,4.642545223236084
BenchmarkTest00464.java,1,0,CWE-328,CWE-327,0,1,0,0,0,"CWE-327,CWE-276,CWE-532",999,0.0003996,0,0.0,13,2.08e-05,0.0004204,4.8968260288238525
BenchmarkTest00465.java,1,0,CWE-328,CWE-327,0,1,0,0,0,"CWE-327,CWE-276",930,0.000372,0,0.0,9,1.44e-05,0.0003864,4.898834705352783
BenchmarkTest00466.java,0,0,CWE-328,CWE-327,0,0,1,0,0,"CWE-327,CWE-276,CWE-532",1062,0.0004248,0,0.0,13,2.08e-05,0.0004456,5.271636486053467
BenchmarkTest00467.java,1,0,CWE-79,CWE-80,0,1,0,0,0,CWE-80,668,0.0002672,0,0.0,5,8e-06,0.0002751999999999,2.671350717544556
BenchmarkTest00468.java,0,0,CWE-79,CWE-79,1,0,1,0,0,"CWE-74,CWE-79",690,0.000276,0,0.0,9,1.44e-05,0.0002904,2.601526021957397
BenchmarkTest00469.java,0,0,CWE-79,CWE-79,1,0,1,0,0,CWE-79,594,0.0002376,0,0.0,5,8e-06,0.0002456,2.583746194839477
BenchmarkTest00470.java,0,0,CWE-79,,,0,0,1,0,Not vulnerable,857,0.0003428,0,0.0,3,4.800000000000001e-06,0.0003476,4.977145671844482
BenchmarkTest00471.java,0,0,CWE-79,,,0,0,1,0,Not vulnerable,571,0.0002284,0,0.0,3,4.800000000000001e-06,0.0002332,4.983154296875
BenchmarkTest00472.java,1,0,CWE-79,CWE-79,1,1,0,0,0,CWE-79,606,0.0002424,0,0.0,5,8e-06,0.0002504,7.770805358886719
BenchmarkTest00473.java,1,0,CWE-79,CWE-79,1,1,0,0,0,"CWE-74,CWE-79",594,0.0002376,0,0.0,9,1.44e-05,0.000252,4.924382448196411
BenchmarkTest00474.java,0,0,CWE-79,,,0,0,1,0,Not vulnerable,544,0.0002176,0,0.0,3,4.800000000000001e-06,0.0002224,4.96424412727356
BenchmarkTest00475.java,1,0,CWE-79,CWE-79,1,1,0,0,0,CWE-79,583,0.0002332,0,0.0,5,8e-06,0.0002412,4.966247320175171
BenchmarkTest00476.java,0,0,CWE-79,,,0,0,1,0,Not vulnerable,581,0.0002324,0,0.0,3,4.800000000000001e-06,0.0002372,8.620411157608032
BenchmarkTest00477.java,1,0,CWE-79,CWE-79,1,1,0,0,0,CWE-79,559,0.0002236,0,0.0,5,8e-06,0.0002316,8.954967975616455
BenchmarkTest00478.java,1,0,CWE-79,CWE-79,1,1,0,0,0,CWE-79,584,0.0002336,0,0.0,5,8e-06,0.0002416,4.872942686080933
BenchmarkTest00479.java,0,0,CWE-79,,,0,0,1,0,Not vulnerable,581,0.0002324,0,0.0,3,4.800000000000001e-06,0.0002372,5.978019952774048
BenchmarkTest00480.java,1,0,CWE-78,CWE-78,1,1,0,0,0,CWE-78,727,0.0002908,0,0.0,5,8e-06,0.0002988,4.822197198867798
BenchmarkTest00481.java,0,0,CWE-78,CWE-78,1,0,1,0,0,CWE-78,729,0.0002916,0,0.0,5,8e-06,0.0002996,4.789310455322266
BenchmarkTest00482.java,1,0,CWE-330,CWE-338,0,1,0,0,0,CWE-338,947,0.0003788,0,0.0,5,8e-06,0.0003867999999999,5.9682135581970215
BenchmarkTest00483.java,1,0,CWE-330,CWE-330,1,1,0,0,0,CWE-330,996,0.0003984,0,0.0,5,8e-06,0.0004064,4.755443334579468
BenchmarkTest00484.java,1,0,CWE-330,CWE-330,1,1,0,0,0,CWE-330,988,0.0003952,0,0.0,5,8e-06,0.0004032,2.5241613388061523
BenchmarkTest00485.java,1,0,CWE-330,CWE-330,1,1,0,0,0,CWE-330,940,0.000376,0,0.0,5,8e-06,0.0003839999999999,4.542144060134888
BenchmarkTest00486.java,1,0,CWE-330,CWE-330,1,1,0,0,0,CWE-330,905,0.000362,0,0.0,5,8e-06,0.00037,4.927985668182373
BenchmarkTest00487.java,1,0,CWE-330,CWE-330,1,1,0,0,0,CWE-330,1019,0.0004076,0,0.0,5,8e-06,0.0004156,5.030184507369995
BenchmarkTest00488.java,1,0,CWE-330,CWE-330,1,1,0,0,0,CWE-330,983,0.0003932,0,0.0,5,8e-06,0.0004012,2.34486722946167
BenchmarkTest00489.java,1,0,CWE-330,CWE-338,0,1,0,0,0,CWE-338,1019,0.0004076,0,0.0,5,8e-06,0.0004156,4.956247091293335
BenchmarkTest00490.java,1,0,CWE-330,CWE-330,1,1,0,0,0,CWE-330,990,0.000396,0,0.0,5,8e-06,0.0004039999999999,4.790635108947754
BenchmarkTest00491.java,1,0,CWE-614,CWE-614,1,1,0,0,0,"CWE-1004,CWE-614",837,0.0003348,0,0.0,10,1.6e-05,0.0003508,7.920699834823608
BenchmarkTest00492.java,1,0,CWE-79,CWE-79,1,1,0,0,0,CWE-79,572,0.0002288,0,0.0,5,8e-06,0.0002368,4.649190187454224
BenchmarkTest00493.java,0,0,CWE-79,CWE-79,1,0,1,0,0,CWE-79,678,0.0002712,0,0.0,5,8e-06,0.0002791999999999,8.829230546951294
BenchmarkTest00494.java,0,0,CWE-78,CWE-78,1,0,1,0,0,CWE-78,846,0.0003384,0,0.0,5,8e-06,0.0003464,7.419908046722412
BenchmarkTest00495.java,1,0,CWE-78,CWE-78,1,1,0,0,0,CWE-78,729,0.0002916,0,0.0,5,8e-06,0.0002996,7.3327484130859375
BenchmarkTest00496.java,1,0,CWE-78,CWE-78,1,1,0,0,0,CWE-78,696,0.0002784,0,0.0,5,8e-06,0.0002864,5.180181503295898
BenchmarkTest00497.java,1,0,CWE-78,CWE-78,1,1,0,0,0,CWE-78,765,0.000306,0,0.0,5,8e-06,0.000314,6.967156171798706
BenchmarkTest00498.java,1,0,CWE-78,CWE-78,1,1,0,0,0,"CWE-78,CWE-94",707,0.0002828,0,0.0,9,1.44e-05,0.0002972,7.476849317550659
BenchmarkTest00499.java,1,0,CWE-78,CWE-78,1,1,0,0,0,CWE-78,670,0.000268,0,0.0,5,8e-06,0.000276,3.955927848815918
BenchmarkTest00500.java,1,0,CWE-78,CWE-78,1,1,0,0,0,CWE-78,729,0.0002916,0,0.0,5,8e-06,0.0002996,3.9498486518859854
BenchmarkTest00501.java,0,0,CWE-330,CWE-330,1,0,1,0,0,CWE-330,1093,0.0004372,0,0.0,5,8e-06,0.0004452,8.644864082336426
BenchmarkTest00502.java,0,0,CWE-330,,,0,0,1,0,CWE-327,1068,0.0004272,0,0.0,5,8e-06,0.0004352,3.937944173812866
BenchmarkTest00503.java,0,0,CWE-330,CWE-330,1,0,1,0,0,CWE-330,1061,0.0004244,0,0.0,5,8e-06,0.0004324,6.184765815734863
BenchmarkTest00504.java,0,0,CWE-330,CWE-338,0,0,1,0,0,CWE-338,991,0.0003964,0,0.0,5,8e-06,0.0004044,8.431098222732544
BenchmarkTest00505.java,0,0,CWE-330,,,0,0,1,0,Not vulnerable,1081,0.0004324,0,0.0,3,4.800000000000001e-06,0.0004372,8.103500127792358
BenchmarkTest00506.java,0,0,CWE-330,CWE-330,1,0,1,0,0,CWE-330,1282,0.0005128,0,0.0,5,8e-06,0.0005208,8.47975206375122
BenchmarkTest00507.java,0,0,CWE-330,CWE-330,1,0,1,0,0,CWE-330,975,0.00039,0,0.0,5,8e-06,0.0003979999999999,6.356730937957764
BenchmarkTest00509.java,0,0,CWE-89,,,0,0,1,0,Not vulnerable,803,0.0003212,0,0.0,3,4.800000000000001e-06,0.000326,8.105873107910156
BenchmarkTest00510.java,1,0,CWE-89,,,0,0,0,1,CWE-77,795,0.000318,0,0.0,5,8e-06,0.0003259999999999,3.7835094928741455
BenchmarkTest00511.java,0,0,CWE-89,,,0,0,1,0,Not vulnerable,803,0.0003212,0,0.0,3,4.800000000000001e-06,0.000326,8.116321086883545
BenchmarkTest00512.java,1,0,CWE-89,CWE-89,1,1,0,0,0,CWE-89,637,0.0002548,0,0.0,5,8e-06,0.0002628,8.082317352294922
BenchmarkTest00513.java,0,0,CWE-89,,,0,0,1,0,Not vulnerable,773,0.0003092,0,0.0,3,4.800000000000001e-06,0.000314,3.790018320083618
BenchmarkTest00514.java,0,0,CWE-89,,,0,0,1,0,Not vulnerable,682,0.0002728,0,0.0,3,4.800000000000001e-06,0.0002776,7.222163915634155
BenchmarkTest00515.java,1,0,CWE-89,CWE-89,1,1,0,0,0,CWE-89,724,0.0002896,0,0.0,5,8e-06,0.0002976,6.018854141235352
BenchmarkTest00516.java,1,0,CWE-89,CWE-89,1,1,0,0,0,CWE-89,760,0.000304,0,0.0,5,8e-06,0.000312,5.982661008834839
BenchmarkTest00517.java,0,0,CWE-89,,,0,0,1,0,Not vulnerable,691,0.0002764,0,0.0,3,4.800000000000001e-06,0.0002812,8.489164590835571
BenchmarkTest00518.java,1,0,CWE-89,CWE-89,1,1,0,0,0,CWE-89,679,0.0002716,0,0.0,5,8e-06,0.0002796,7.619477033615112
BenchmarkTest00519.java,0,0,CWE-89,CWE-89,1,0,1,0,0,CWE-89,785,0.000314,0,0.0,5,8e-06,0.0003219999999999,7.619461059570312
BenchmarkTest00520.java,0,0,CWE-643,,,0,0,1,0,Not vulnerable,837,0.0003348,0,0.0,3,4.800000000000001e-06,0.0003396,8.762105941772461
BenchmarkTest00521.java,1,0,CWE-327,CWE-327,1,1,0,0,0,"CWE-327,CWE-321,CWE-276",1590,0.000636,0,0.0,13,2.08e-05,0.0006567999999999,7.391027212142944
BenchmarkTest00522.java,1,0,CWE-327,CWE-327,1,1,0,0,0,"CWE-327,CWE-276",1645,0.000658,0,0.0,9,1.44e-05,0.0006724,6.114114761352539
BenchmarkTest00523.java,0,0,CWE-327,,,0,0,1,0,Not vulnerable,1418,0.0005672,0,0.0,3,4.800000000000001e-06,0.000572,7.181526184082031
BenchmarkTest00524.java,0,0,CWE-327,CWE-327,1,0,1,0,0,"CWE-327,CWE-321,CWE-276",1547,0.0006188,0,0.0,13,2.08e-05,0.0006396,8.679296255111694
BenchmarkTest00525.java,1,0,CWE-22,CWE-22,1,1,0,0,0,CWE-22,778,0.0003112,0,0.0,5,8e-06,0.0003192,7.188010931015015
BenchmarkTest00526.java,1,0,CWE-22,CWE-22,1,1,0,0,0,CWE-22,691,0.0002764,0,0.0,5,8e-06,0.0002844,8.269595384597778
BenchmarkTest00527.java,1,0,CWE-22,CWE-22,1,1,0,0,0,CWE-22,721,0.0002884,0,0.0,5,8e-06,0.0002964,7.148187637329102
BenchmarkTest00528.java,1,0,CWE-22,CWE-22,1,1,0,0,0,CWE-22,991,0.0003964,0,0.0,5,8e-06,0.0004044,7.30669093132019
BenchmarkTest00529.java,1,0,CWE-22,CWE-22,1,1,0,0,0,CWE-22,816,0.0003264,0,0.0,5,8e-06,0.0003344,8.728474617004395
BenchmarkTest00530.java,0,0,CWE-90,CWE-90,1,0,1,0,0,CWE-90,1106,0.0004424,0,0.0,5,8e-06,0.0004504,8.458316802978516
BenchmarkTest00531.java,1,0,CWE-328,,,0,0,0,1,"CWE-276,CWE-732,CWE-532",1197,0.0004788,0,0.0,13,2.08e-05,0.0004996,7.587510347366333
BenchmarkTest00532.java,1,0,CWE-328,,,0,0,0,1,"CWE-78,CWE-20",1329,0.0005316,0,0.0,9,1.44e-05,0.000546,8.08128809928894
BenchmarkTest00533.java,1,0,CWE-328,CWE-327,0,1,0,0,0,"CWE-327,CWE-276,CWE-532",1119,0.0004476,0,0.0,13,2.08e-05,0.0004684,7.339664459228516
BenchmarkTest00534.java,1,0,CWE-328,,,0,0,0,1,"CWE-732,CWE-276,CWE-312",1150,0.00046,0,0.0,13,2.08e-05,0.0004808,8.661471605300903
BenchmarkTest00535.java,0,0,CWE-328,,,0,0,1,0,"CWE-732,CWE-276,CWE-532",1079,0.0004316,0,0.0,13,2.08e-05,0.0004524,8.09071159362793
BenchmarkTest00536.java,1,0,CWE-328,CWE-327,0,1,0,0,0,"CWE-327,CWE-276,CWE-532",1079,0.0004316,0,0.0,13,2.08e-05,0.0004524,8.081981658935547
BenchmarkTest00537.java,1,0,CWE-328,CWE-327,0,1,0,0,0,"CWE-327,CWE-276,CWE-532",973,0.0003892,0,0.0,13,2.08e-05,0.00041,6.494114398956299
BenchmarkTest00538.java,0,0,CWE-328,,,0,0,1,0,"CWE-78,CWE-74,CWE-502",1261,0.0005044,0,0.0,13,2.08e-05,0.0005252,6.181469202041626
BenchmarkTest00539.java,0,0,CWE-328,,,0,0,1,0,"CWE-22,CWE-377,CWE-732",980,0.000392,0,0.0,13,2.08e-05,0.0004128,6.1436944007873535
BenchmarkTest00540.java,0,0,CWE-328,CWE-327,0,0,1,0,0,"CWE-327,CWE-276,CWE-532",1058,0.0004232,0,0.0,13,2.08e-05,0.000444,8.621747732162476
BenchmarkTest00541.java,1,0,CWE-79,CWE-79,1,1,0,0,0,"CWE-74,CWE-79",666,0.0002664,0,0.0,9,1.44e-05,0.0002808,7.213258266448975
BenchmarkTest00542.java,1,0,CWE-79,CWE-79,1,1,0,0,0,"CWE-74,CWE-79",735,0.000294,0,0.0,9,1.44e-05,0.0003084,10.090800523757936
BenchmarkTest00543.java,1,0,CWE-79,CWE-79,1,1,0,0,0,"CWE-74,CWE-79",694,0.0002776,0,0.0,9,1.44e-05,0.000292,8.074891328811646
BenchmarkTest00544.java,0,0,CWE-79,CWE-80,0,0,1,0,0,CWE-80,691,0.0002764,0,0.0,5,8e-06,0.0002844,8.437411785125732
BenchmarkTest00545.java,0,0,CWE-79,,,0,0,1,0,Not vulnerable,927,0.0003708,0,0.0,3,4.800000000000001e-06,0.0003756,8.429404973983765
BenchmarkTest00546.java,0,0,CWE-79,CWE-79,1,0,1,0,0,CWE-79,688,0.0002751999999999,0,0.0,5,8e-06,0.0002831999999999,8.013335704803467
BenchmarkTest00547.java,1,0,CWE-79,CWE-79,1,1,0,0,0,"CWE-74,CWE-79",635,0.000254,0,0.0,9,1.44e-05,0.0002684,8.432410955429077
BenchmarkTest00548.java,0,0,CWE-79,,,0,0,1,0,Not vulnerable,947,0.0003788,0,0.0,3,4.800000000000001e-06,0.0003836,3.743596315383911
BenchmarkTest00549.java,1,0,CWE-79,CWE-80,0,1,0,0,0,CWE-80,649,0.0002596,0,0.0,5,8e-06,0.0002676,7.076279401779175
BenchmarkTest00550.java,0,0,CWE-79,CWE-80,0,0,1,0,0,CWE-80,691,0.0002764,0,0.0,5,8e-06,0.0002844,10.416661262512209
BenchmarkTest00551.java,1,0,CWE-79,CWE-79,1,1,0,0,0,CWE-79,603,0.0002412,0,0.0,5,8e-06,0.0002492,8.059203624725342
BenchmarkTest00552.java,1,0,CWE-79,CWE-80,0,1,0,0,0,CWE-80,717,0.0002868,0,0.0,5,8e-06,0.0002948,8.584885120391846
BenchmarkTest00553.java,0,0,CWE-79,CWE-79,1,0,1,0,0,CWE-79,719,0.0002876,0,0.0,5,8e-06,0.0002956,4.949923753738403
BenchmarkTest00554.java,1,0,CWE-79,CWE-79,1,1,0,0,0,CWE-79,650,0.00026,0,0.0,5,8e-06,0.0002679999999999,4.495156764984131
BenchmarkTest00555.java,1,0,CWE-79,CWE-80,0,1,0,0,0,CWE-80,649,0.0002596,0,0.0,5,8e-06,0.0002676,7.552635908126831
BenchmarkTest00556.java,0,0,CWE-79,CWE-79,1,0,1,0,0,CWE-79,719,0.0002876,0,0.0,5,8e-06,0.0002956,7.555635213851929
BenchmarkTest00557.java,1,0,CWE-79,CWE-79,1,1,0,0,0,CWE-79,645,0.000258,0,0.0,5,8e-06,0.0002659999999999,7.552680969238281
BenchmarkTest00558.java,0,0,CWE-78,CWE-78,1,0,1,0,0,CWE-78,832,0.0003328,0,0.0,5,8e-06,0.0003408,8.025152683258057
BenchmarkTest00559.java,0,0,CWE-78,,,0,0,1,0,Not vulnerable,1068,0.0004272,0,0.0,3,4.800000000000001e-06,0.000432,8.345703363418579
BenchmarkTest00560.java,1,0,CWE-330,CWE-330,1,1,0,0,0,CWE-330,1053,0.0004212,0,0.0,5,8e-06,0.0004292,7.548226356506348
BenchmarkTest00561.java,1,0,CWE-330,CWE-330,1,1,0,0,0,CWE-330,1085,0.000434,0,0.0,5,8e-06,0.0004419999999999,8.57195234298706
BenchmarkTest00562.java,1,0,CWE-330,CWE-338,0,1,0,0,0,CWE-338,1123,0.0004492,0,0.0,5,8e-06,0.0004572,5.419960975646973
BenchmarkTest00563.java,1,0,CWE-330,CWE-330,1,1,0,0,0,CWE-330,972,0.0003888,0,0.0,5,8e-06,0.0003968,7.321997880935669
BenchmarkTest00564.java,1,0,CWE-330,CWE-338,0,1,0,0,0,CWE-338,995,0.000398,0,0.0,5,8e-06,0.000406,8.602330923080444
BenchmarkTest00565.java,1,0,CWE-614,CWE-614,1,1,0,0,0,"CWE-312,CWE-614",862,0.0003448,0,0.0,9,1.44e-05,0.0003592,8.522942066192627
BenchmarkTest00566.java,1,0,CWE-614,CWE-614,1,1,0,0,0,"CWE-614,CWE-1004",878,0.0003512,0,0.0,10,1.6e-05,0.0003672,3.749671220779419
BenchmarkTest00567.java,1,0,CWE-78,CWE-78,1,1,0,0,0,CWE-78,768,0.0003072,0,0.0,5,8e-06,0.0003152,8.652190446853638
BenchmarkTest00568.java,1,0,CWE-78,CWE-78,1,1,0,0,0,CWE-78,857,0.0003428,0,0.0,5,8e-06,0.0003508,4.547788381576538
BenchmarkTest00569.java,0,0,CWE-78,,,0,0,1,0,Not vulnerable,1148,0.0004592,0,0.0,3,4.800000000000001e-06,0.000464,5.490288257598877
BenchmarkTest00570.java,0,0,CWE-78,CWE-78,1,0,1,0,0,CWE-78,814,0.0003256,0,0.0,5,8e-06,0.0003336,5.939418077468872
BenchmarkTest00571.java,0,0,CWE-78,CWE-78,1,0,1,0,0,CWE-78,778,0.0003112,0,0.0,5,8e-06,0.0003192,3.6822123527526855
BenchmarkTest00572.java,0,0,CWE-78,,,0,0,1,0,Not vulnerable,782,0.0003128,0,0.0,3,4.800000000000001e-06,0.0003176,5.351244926452637
BenchmarkTest00573.java,1,0,CWE-78,CWE-78,1,1,0,0,0,"CWE-78,CWE-88",710,0.000284,0,0.0,9,1.44e-05,0.0002984,5.215219497680664
BenchmarkTest00574.java,1,0,CWE-78,CWE-78,1,1,0,0,0,CWE-78,753,0.0003012,0,0.0,5,8e-06,0.0003092,5.149348020553589
BenchmarkTest00575.java,1,0,CWE-78,CWE-78,1,1,0,0,0,CWE-78,827,0.0003308,0,0.0,5,8e-06,0.0003388,4.961293697357178
BenchmarkTest00576.java,1,0,CWE-78,CWE-78,1,1,0,0,0,CWE-78,779,0.0003116,0,0.0,5,8e-06,0.0003196,5.001462697982788
BenchmarkTest00577.java,0,0,CWE-330,,,0,0,1,0,Not vulnerable,1127,0.0004508,0,0.0,3,4.800000000000001e-06,0.0004556,4.437230110168457
BenchmarkTest00578.java,0,0,CWE-330,CWE-330,1,0,1,0,0,CWE-330,1135,0.000454,0,0.0,5,8e-06,0.0004619999999999,4.364380598068237
BenchmarkTest00579.java,0,0,CWE-330,,,0,0,1,0,CWE-327,1152,0.0004608,0,0.0,5,8e-06,0.0004688,4.584994554519653
BenchmarkTest00580.java,0,0,CWE-330,CWE-330,1,0,1,0,0,CWE-330,1088,0.0004352,0,0.0,5,8e-06,0.0004432,4.325806856155396
BenchmarkTest00581.java,0,0,CWE-330,CWE-330,1,0,1,0,0,CWE-330,1052,0.0004208,0,0.0,5,8e-06,0.0004288,4.330053806304932
BenchmarkTest00582.java,0,0,CWE-330,CWE-330,1,0,1,0,0,CWE-330,1119,0.0004476,0,0.0,5,8e-06,0.0004556,4.5261311531066895
BenchmarkTest00583.java,0,0,CWE-330,,,0,0,1,0,Not vulnerable,1091,0.0004364,0,0.0,3,4.800000000000001e-06,0.0004412,4.084887504577637
BenchmarkTest00584.java,0,0,CWE-330,CWE-330,1,0,1,0,0,CWE-330,1179,0.0004716,0,0.0,5,8e-06,0.0004796,4.503570079803467
BenchmarkTest00585.java,0,0,CWE-330,CWE-330,1,0,1,0,0,CWE-330,1057,0.0004228,0,0.0,5,8e-06,0.0004308,4.360382556915283
BenchmarkTest00589.java,0,0,CWE-89,,,0,0,1,0,"CWE-77,CWE-94",833,0.0003332,0,0.0,9,1.44e-05,0.0003476,4.7687153816223145
BenchmarkTest00590.java,1,0,CWE-89,,,0,0,0,1,CWE-77,795,0.000318,0,0.0,5,8e-06,0.0003259999999999,4.638806819915772
BenchmarkTest00591.java,1,0,CWE-89,CWE-89,1,1,0,0,0,CWE-89,763,0.0003052,0,0.0,5,8e-06,0.0003131999999999,4.696208953857422
BenchmarkTest00592.java,0,0,CWE-89,CWE-89,1,0,1,0,0,CWE-89,1080,0.000432,0,0.0,5,8e-06,0.0004399999999999,4.72520923614502
BenchmarkTest00593.java,1,0,CWE-89,CWE-89,1,1,0,0,0,CWE-89,873,0.0003492,0,0.0,5,8e-06,0.0003572,4.625690221786499
BenchmarkTest00594.java,1,0,CWE-89,CWE-89,1,1,0,0,0,CWE-89,849,0.0003396,0,0.0,5,8e-06,0.0003476,4.646691083908081
BenchmarkTest00595.java,1,0,CWE-89,CWE-89,1,1,0,0,0,CWE-89,778,0.0003112,0,0.0,5,8e-06,0.0003192,4.640684604644775
BenchmarkTest00596.java,1,0,CWE-89,CWE-89,1,1,0,0,0,CWE-89,902,0.0003608,0,0.0,5,8e-06,0.0003687999999999,4.646685600280762
BenchmarkTest00597.java,1,0,CWE-89,CWE-89,1,1,0,0,0,CWE-89,854,0.0003416,0,0.0,5,8e-06,0.0003496,4.616682529449463
BenchmarkTest00598.java,1,0,CWE-89,CWE-89,1,1,0,0,0,CWE-89,847,0.0003388,0,0.0,5,8e-06,0.0003467999999999,4.174960613250732
BenchmarkTest00599.java,0,0,CWE-89,,,0,0,1,0,Not vulnerable,1055,0.000422,0,0.0,3,4.800000000000001e-06,0.0004268,3.1347081661224365
BenchmarkTest00600.java,1,0,CWE-89,CWE-89,1,1,0,0,0,CWE-89,848,0.0003392,0,0.0,5,8e-06,0.0003472,2.4558820724487305
BenchmarkTest00601.java,0,0,CWE-89,CWE-89,1,0,1,0,0,CWE-89,759,0.0003036,0,0.0,5,8e-06,0.0003116,2.9023683071136475
BenchmarkTest00602.java,0,0,CWE-89,CWE-89,1,0,1,0,0,CWE-89,789,0.0003156,0,0.0,5,8e-06,0.0003236,2.5276453495025635
BenchmarkTest00603.java,1,0,CWE-89,CWE-89,1,1,0,0,0,CWE-89,743,0.0002972,0,0.0,5,8e-06,0.0003052,2.8009047508239746
BenchmarkTest00604.java,1,0,CWE-89,CWE-89,1,1,0,0,0,CWE-89,756,0.0003024,0,0.0,5,8e-06,0.0003104,3.280280828475952
BenchmarkTest00605.java,0,0,CWE-89,,,0,0,1,0,Not vulnerable,752,0.0003008,0,0.0,3,4.800000000000001e-06,0.0003056,3.32630467414856
BenchmarkTest00606.java,1,0,CWE-89,CWE-89,1,1,0,0,0,CWE-89,754,0.0003016,0,0.0,5,8e-06,0.0003096,3.64247989654541
BenchmarkTest00607.java,1,0,CWE-643,CWE-643,1,1,0,0,0,CWE-643,889,0.0003556,0,0.0,5,8e-06,0.0003636,2.475130319595337
BenchmarkTest00608.java,1,0,CWE-327,CWE-327,1,1,0,0,0,"CWE-327,CWE-321",1555,0.000622,0,0.0,9,1.44e-05,0.0006364,2.693916082382202
BenchmarkTest00609.java,1,0,CWE-327,CWE-327,1,1,0,0,0,"CWE-327,CWE-321",1507,0.0006028,0,0.0,9,1.44e-05,0.0006172,3.525073528289795
BenchmarkTest00610.java,1,0,CWE-327,CWE-327,1,1,0,0,0,CWE-327,1798,0.0007192,0,0.0,5,8e-06,0.0007272,3.579131603240967
BenchmarkTest00611.java,1,0,CWE-327,CWE-327,1,1,0,0,0,"CWE-327,CWE-326",1522,0.0006088,0,0.0,9,1.44e-05,0.0006232,3.1882553100585938
BenchmarkTest00612.java,0,0,CWE-327,CWE-327,1,0,1,0,0,"CWE-327,CWE-276,CWE-532",1571,0.0006284,0,0.0,13,2.08e-05,0.0006492,3.625483274459839
BenchmarkTest00613.java,0,0,CWE-327,,,0,0,1,0,Not vulnerable,1163,0.0004652,0,0.0,3,4.800000000000001e-06,0.00047,3.582036018371582
BenchmarkTest00614.java,1,0,CWE-327,CWE-327,1,1,0,0,0,"CWE-327,CWE-321",1253,0.0005012,0,0.0,9,1.44e-05,0.0005156,2.8158679008483887
BenchmarkTest00615.java,1,0,CWE-327,CWE-327,1,1,0,0,0,"CWE-327,CWE-321",1311,0.0005244,0,0.0,9,1.44e-05,0.0005388,6.837634563446045
BenchmarkTest00616.java,1,0,CWE-327,CWE-327,1,1,0,0,0,"CWE-327,CWE-321,CWE-276",1050,0.00042,0,0.0,13,2.08e-05,0.0004408,6.833624601364136
BenchmarkTest00617.java,1,0,CWE-327,CWE-327,1,1,0,0,0,"CWE-327,CWE-326,CWE-321",1059,0.0004236,0,0.0,13,2.08e-05,0.0004444,2.889634847640991
BenchmarkTest00618.java,0,0,CWE-327,CWE-327,1,0,1,0,0,"CWE-327,CWE-321,CWE-276",1229,0.0004916,0,0.0,13,2.08e-05,0.0005124,6.842725992202759
BenchmarkTest00619.java,1,0,CWE-22,CWE-22,1,1,0,0,0,CWE-22,714,0.0002856,0,0.0,5,8e-06,0.0002936,6.716069459915161
BenchmarkTest00620.java,0,0,CWE-22,CWE-22,1,0,1,0,0,CWE-22,721,0.0002884,0,0.0,5,8e-06,0.0002964,6.770179033279419
BenchmarkTest00621.java,0,0,CWE-22,,,0,0,1,0,Not vulnerable,957,0.0003828,0,0.0,3,4.800000000000001e-06,0.0003876,6.839726686477661
BenchmarkTest00622.java,0,0,CWE-22,CWE-22,1,0,1,0,0,CWE-22,746,0.0002984,0,0.0,5,8e-06,0.0003064,6.842703819274902
BenchmarkTest00623.java,1,0,CWE-22,CWE-22,1,1,0,0,0,CWE-22,666,0.0002664,0,0.0,5,8e-06,0.0002744,3.89939022064209
BenchmarkTest00624.java,1,0,CWE-22,CWE-22,1,1,0,0,0,CWE-22,725,0.00029,0,0.0,5,8e-06,0.000298,6.833439350128174
BenchmarkTest00625.java,0,0,CWE-22,,,0,0,1,0,Not vulnerable,744,0.0002976,0,0.0,3,4.800000000000001e-06,0.0003024,6.829703330993652
BenchmarkTest00626.java,0,0,CWE-22,CWE-22,1,0,1,0,0,CWE-22,778,0.0003112,0,0.0,5,8e-06,0.0003192,6.823725700378418
BenchmarkTest00627.java,1,0,CWE-22,CWE-22,1,1,0,0,0,CWE-22,736,0.0002944,0,0.0,5,8e-06,0.0003024,4.985851287841797
BenchmarkTest00628.java,0,0,CWE-22,,,0,0,1,0,Not vulnerable,1010,0.000404,0,0.0,3,4.800000000000001e-06,0.0004088,6.722164869308472
BenchmarkTest00629.java,1,0,CWE-22,CWE-22,1,1,0,0,0,CWE-22,840,0.000336,0,0.0,5,8e-06,0.0003439999999999,4.02547287940979
BenchmarkTest00630.java,1,0,CWE-90,CWE-90,1,1,0,0,0,CWE-90,1034,0.0004136,0,0.0,5,8e-06,0.0004216,3.3824923038482666
BenchmarkTest00631.java,1,0,CWE-328,CWE-327,0,1,0,0,0,"CWE-327,CWE-276,CWE-532",1036,0.0004144,0,0.0,13,2.08e-05,0.0004352,3.8618199825286874
BenchmarkTest00632.java,0,0,CWE-328,,,0,0,1,0,Not vulnerable,1029,0.0004116,0,0.0,3,4.800000000000001e-06,0.0004164,4.26553750038147
BenchmarkTest00633.java,0,0,CWE-328,,,0,0,1,0,Not vulnerable,1131,0.0004524,0,0.0,3,4.800000000000001e-06,0.0004572,3.709186792373657
BenchmarkTest00634.java,1,0,CWE-328,CWE-327,0,1,0,0,0,"CWE-327,CWE-276",1042,0.0004168,0,0.0,9,1.44e-05,0.0004312,6.549284934997559
BenchmarkTest00635.java,1,0,CWE-328,CWE-327,0,1,0,0,0,"CWE-327,CWE-276",978,0.0003912,0,0.0,9,1.44e-05,0.0004056,6.568766117095947
BenchmarkTest00636.java,1,0,CWE-328,CWE-327,0,1,0,0,0,"CWE-327,CWE-276,CWE-532",972,0.0003888,0,0.0,13,2.08e-05,0.0004096,3.7571537494659424
BenchmarkTest00637.java,1,0,CWE-328,CWE-327,0,1,0,0,0,"CWE-327,CWE-276",944,0.0003776,0,0.0,9,1.44e-05,0.000392,5.907214879989624
BenchmarkTest00638.java,1,0,CWE-328,,,0,0,0,1,"CWE-321,CWE-276,CWE-532",954,0.0003816,0,0.0,13,2.08e-05,0.0004024,6.338684558868408
BenchmarkTest00639.java,0,0,CWE-328,CWE-327,0,0,1,0,0,"CWE-327,CWE-276,CWE-532",990,0.000396,0,0.0,13,2.08e-05,0.0004168,6.317995071411133
BenchmarkTest00640.java,0,0,CWE-328,CWE-327,0,0,1,0,0,"CWE-327,CWE-276",988,0.0003952,0,0.0,9,1.44e-05,0.0004096,5.718688249588013
BenchmarkTest00641.java,0,0,CWE-328,CWE-327,0,0,1,0,0,"CWE-327,CWE-276,CWE-532",992,0.0003968,0,0.0,13,2.08e-05,0.0004176,6.344494819641113
BenchmarkTest00642.java,1,0,CWE-79,CWE-80,0,1,0,0,0,CWE-80,614,0.0002456,0,0.0,5,8e-06,0.0002536,5.9349684715271
BenchmarkTest00643.java,1,0,CWE-79,CWE-79,1,1,0,0,0,CWE-79,559,0.0002236,0,0.0,5,8e-06,0.0002316,3.4777719974517822
BenchmarkTest00644.java,1,0,CWE-79,CWE-79,1,1,0,0,0,CWE-79,547,0.0002188,0,0.0,5,8e-06,0.0002268,2.3391361236572266
BenchmarkTest00645.java,1,0,CWE-79,CWE-79,1,1,0,0,0,CWE-79,581,0.0002324,0,0.0,5,8e-06,0.0002404,3.46708083152771
BenchmarkTest00646.java,0,0,CWE-79,CWE-80,0,0,1,0,0,CWE-80,621,0.0002484,0,0.0,5,8e-06,0.0002564,5.928429365158081
BenchmarkTest00647.java,0,0,CWE-79,,,0,0,1,0,Not vulnerable,547,0.0002188,0,0.0,3,4.800000000000001e-06,0.0002236,4.591865062713623
BenchmarkTest00648.java,0,0,CWE-79,,,0,0,1,0,Not vulnerable,547,0.0002188,0,0.0,3,4.800000000000001e-06,0.0002236,5.221054315567017
BenchmarkTest00649.java,0,0,CWE-79,,,0,0,1,0,Not vulnerable,550,0.00022,0,0.0,3,4.800000000000001e-06,0.0002248,4.828744649887085
BenchmarkTest00650.java,0,0,CWE-79,,,0,0,1,0,Not vulnerable,857,0.0003428,0,0.0,3,4.800000000000001e-06,0.0003476,6.063849687576294
BenchmarkTest00651.java,1,0,CWE-79,CWE-79,1,1,0,0,0,"CWE-80,CWE-79",608,0.0002432,0,0.0,9,1.44e-05,0.0002576,6.078066110610962
BenchmarkTest00652.java,1,0,CWE-330,CWE-330,1,1,0,0,0,CWE-330,974,0.0003896,0,0.0,5,8e-06,0.0003976,5.896797180175781
BenchmarkTest00653.java,1,0,CWE-330,CWE-330,1,1,0,0,0,CWE-330,945,0.000378,0,0.0,5,8e-06,0.000386,4.0664963722229
BenchmarkTest00654.java,1,0,CWE-330,CWE-330,1,1,0,0,0,CWE-330,980,0.000392,0,0.0,5,8e-06,0.0003999999999999,3.3203158378601074
BenchmarkTest00655.java,0,0,CWE-614,,,0,0,1,0,Not vulnerable,823,0.0003292,0,0.0,3,4.800000000000001e-06,0.000334,3.2678439617156982
BenchmarkTest00656.java,1,0,CWE-79,CWE-79,1,1,0,0,0,CWE-79,582,0.0002328,0,0.0,5,8e-06,0.0002408,3.430952310562134
BenchmarkTest00657.java,0,0,CWE-78,CWE-78,1,0,1,0,0,CWE-78,789,0.0003156,0,0.0,5,8e-06,0.0003236,4.451018810272217
BenchmarkTest00658.java,0,0,CWE-78,,,0,0,1,0,Not vulnerable,698,0.0002792,0,0.0,3,4.800000000000001e-06,0.000284,4.230241537094116
BenchmarkTest00659.java,0,0,CWE-78,CWE-78,1,0,1,0,0,CWE-78,795,0.000318,0,0.0,5,8e-06,0.0003259999999999,5.100721597671509
BenchmarkTest00660.java,0,0,CWE-330,CWE-330,1,0,1,0,0,CWE-330,1012,0.0004048,0,0.0,5,8e-06,0.0004128,5.587215423583984
BenchmarkTest00661.java,0,0,CWE-330,,,0,0,1,0,Not vulnerable,1012,0.0004048,0,0.0,3,4.800000000000001e-06,0.0004096,5.612895011901856
BenchmarkTest00662.java,0,0,CWE-330,CWE-338,0,0,1,0,0,CWE-338,1018,0.0004072,0,0.0,5,8e-06,0.0004152,5.690494060516357
BenchmarkTest00663.java,0,0,CWE-330,CWE-330,1,0,1,0,0,CWE-330,1087,0.0004348,0,0.0,5,8e-06,0.0004428,5.565663814544678
BenchmarkTest00664.java,0,0,CWE-330,CWE-330,1,0,1,0,0,CWE-330,1295,0.000518,0,0.0,5,8e-06,0.000526,6.718104600906372
BenchmarkTest00665.java,0,0,CWE-330,CWE-330,1,0,1,0,0,CWE-330,1018,0.0004072,0,0.0,5,8e-06,0.0004152,5.511989116668701
BenchmarkTest00666.java,0,0,CWE-330,CWE-330,1,0,1,0,0,CWE-330,1031,0.0004124,0,0.0,5,8e-06,0.0004204,6.594655275344849
BenchmarkTest00667.java,0,0,CWE-330,CWE-330,1,0,1,0,0,CWE-330,1007,0.0004028,0,0.0,5,8e-06,0.0004108,6.6878838539123535
BenchmarkTest00672.java,0,0,CWE-89,,,0,0,1,0,Not vulnerable,691,0.0002764,0,0.0,3,4.800000000000001e-06,0.0002812,6.650805234909058
BenchmarkTest00673.java,1,0,CWE-89,CWE-89,1,1,0,0,0,CWE-89,700,0.00028,0,0.0,5,8e-06,0.0002879999999999,5.366768598556519
BenchmarkTest00674.java,0,0,CWE-89,CWE-89,1,0,1,0,0,CWE-89,996,0.0003984,0,0.0,5,8e-06,0.0004064,7.205623149871826
BenchmarkTest00675.java,0,0,CWE-89,CWE-89,1,0,1,0,0,CWE-89,712,0.0002848,0,0.0,5,8e-06,0.0002928,7.089621067047119
BenchmarkTest00676.java,0,0,CWE-89,CWE-89,1,0,1,0,0,CWE-89,714,0.0002856,0,0.0,5,8e-06,0.0002936,7.43015193939209
BenchmarkTest00677.java,1,0,CWE-89,CWE-89,1,1,0,0,0,CWE-89,861,0.0003444,0,0.0,5,8e-06,0.0003524,6.041386842727661
BenchmarkTest00678.java,1,0,CWE-89,CWE-89,1,1,0,0,0,CWE-89,757,0.0003028,0,0.0,5,8e-06,0.0003107999999999,6.925303936004639
BenchmarkTest00679.java,1,0,CWE-89,CWE-89,1,1,0,0,0,CWE-89,762,0.0003048,0,0.0,5,8e-06,0.0003128,6.085638999938965
BenchmarkTest00680.java,0,0,CWE-89,,,0,0,1,0,Not vulnerable,779,0.0003116,0,0.0,3,4.800000000000001e-06,0.0003164,6.110868215560913
BenchmarkTest00681.java,1,0,CWE-89,CWE-89,1,1,0,0,0,CWE-89,641,0.0002564,0,0.0,5,8e-06,0.0002644,4.86783504486084
BenchmarkTest00682.java,0,0,CWE-89,CWE-89,1,0,1,0,0,CWE-89,753,0.0003012,0,0.0,5,8e-06,0.0003092,5.9976911544799805
BenchmarkTest00683.java,0,0,CWE-643,,,0,0,1,0,Not vulnerable,918,0.0003672,0,0.0,3,4.800000000000001e-06,0.000372,6.476671934127808
BenchmarkTest00684.java,1,0,CWE-327,CWE-327,1,1,0,0,0,"CWE-327,CWE-312",1481,0.0005924,0,0.0,9,1.44e-05,0.0006068,4.832023620605469
BenchmarkTest00685.java,1,0,CWE-327,CWE-327,1,1,0,0,0,"CWE-327,CWE-321",1523,0.0006092,0,0.0,9,1.44e-05,0.0006236,7.473795413970947
BenchmarkTest00686.java,0,0,CWE-327,CWE-327,1,0,1,0,0,"CWE-327,CWE-321,CWE-276",1561,0.0006244,0,0.0,13,2.08e-05,0.0006452,7.542139053344727
BenchmarkTest00687.java,0,0,CWE-327,CWE-327,1,0,1,0,0,"CWE-327,CWE-276",1559,0.0006236,0,0.0,9,1.44e-05,0.000638,5.803618669509888
BenchmarkTest00688.java,1,0,CWE-327,CWE-327,1,1,0,0,0,"CWE-327,CWE-330",1565,0.000626,0,0.0,9,1.44e-05,0.0006404,4.6550164222717285
BenchmarkTest00689.java,0,0,CWE-327,,,0,0,1,0,Not vulnerable,1338,0.0005352,0,0.0,3,4.800000000000001e-06,0.00054,5.747947692871094
BenchmarkTest00690.java,0,0,CWE-327,,,0,0,1,0,"CWE-276,CWE-532",1131,0.0004524,0,0.0,9,1.44e-05,0.0004668,5.7509849071502686
BenchmarkTest00691.java,1,0,CWE-327,CWE-327,1,1,0,0,0,"CWE-327,CWE-321",1243,0.0004972,0,0.0,9,1.44e-05,0.0005116,5.7207887172698975
BenchmarkTest00692.java,1,0,CWE-327,CWE-327,1,1,0,0,0,"CWE-327,CWE-321",1174,0.0004696,0,0.0,9,1.44e-05,0.000484,5.699787855148315
BenchmarkTest00693.java,1,0,CWE-327,CWE-327,1,1,0,0,0,"CWE-327,CWE-321",1197,0.0004788,0,0.0,9,1.44e-05,0.0004932,5.632264614105225
BenchmarkTest00694.java,1,0,CWE-90,CWE-90,1,1,0,0,0,CWE-90,899,0.0003596,0,0.0,5,8e-06,0.0003676,6.020666122436523
BenchmarkTest00695.java,1,0,CWE-90,CWE-90,1,1,0,0,0,CWE-90,1013,0.0004052,0,0.0,5,8e-06,0.0004132,5.53665828704834
BenchmarkTest00696.java,1,0,CWE-22,CWE-22,1,1,0,0,0,CWE-22,734,0.0002936,0,0.0,5,8e-06,0.0003016,5.324310064315796
BenchmarkTest00697.java,1,0,CWE-22,CWE-22,1,1,0,0,0,CWE-22,652,0.0002608,0,0.0,5,8e-06,0.0002688,5.053940296173096
BenchmarkTest00698.java,1,0,CWE-22,CWE-22,1,1,0,0,0,CWE-22,641,0.0002564,0,0.0,5,8e-06,0.0002644,4.522286653518677
BenchmarkTest00699.java,0,0,CWE-22,CWE-22,1,0,1,0,0,CWE-22,727,0.0002908,0,0.0,5,8e-06,0.0002988,4.237174034118652
BenchmarkTest00700.java,1,0,CWE-22,CWE-22,1,1,0,0,0,CWE-22,728,0.0002912,0,0.0,5,8e-06,0.0002991999999999,5.21671199798584
BenchmarkTest00701.java,0,0,CWE-90,,,0,0,1,0,CWE-74,1231,0.0004924,0,0.0,5,8e-06,0.0005004,5.214546203613281
BenchmarkTest00702.java,1,0,CWE-330,CWE-330,1,1,0,0,0,CWE-330,967,0.0003868,0,0.0,5,8e-06,0.0003948,5.635157823562622
BenchmarkTest00703.java,1,0,CWE-328,,,0,0,0,1,"CWE-276,CWE-732,CWE-312",1081,0.0004324,0,0.0,13,2.08e-05,0.0004532,5.255483865737915
BenchmarkTest00704.java,1,0,CWE-328,CWE-327,0,1,0,0,0,"CWE-327,CWE-276,CWE-532",1035,0.000414,0,0.0,13,2.08e-05,0.0004348,4.472088098526001
BenchmarkTest00705.java,1,0,CWE-328,,,0,0,0,1,Not vulnerable,1090,0.000436,0,0.0,3,4.800000000000001e-06,0.0004408,4.845271110534668
BenchmarkTest00706.java,0,0,CWE-328,,,0,0,1,0,"CWE-276,CWE-732,CWE-312",970,0.000388,0,0.0,13,2.08e-05,0.0004088,4.559545040130615
BenchmarkTest00707.java,0,0,CWE-328,,,0,0,1,0,Not vulnerable,1001,0.0004004,0,0.0,3,4.800000000000001e-06,0.0004052,4.044017791748047
BenchmarkTest00708.java,1,0,CWE-328,CWE-327,0,1,0,0,0,"CWE-327,CWE-276,CWE-532",915,0.000366,0,0.0,13,2.08e-05,0.0003868,5.32546591758728
BenchmarkTest00709.java,0,0,CWE-328,,,0,0,1,0,Not vulnerable,900,0.00036,0,0.0,3,4.800000000000001e-06,0.0003648,5.164659261703491
BenchmarkTest00710.java,1,0,CWE-328,,,0,0,0,1,"CWE-276,CWE-732,CWE-312",944,0.0003776,0,0.0,13,2.08e-05,0.0003984,5.1537840366363525
BenchmarkTest00711.java,1,0,CWE-79,CWE-79,1,1,0,0,0,CWE-79,669,0.0002676,0,0.0,5,8e-06,0.0002756,4.426443099975586
BenchmarkTest00712.java,0,0,CWE-79,CWE-80,0,0,1,0,0,CWE-80,640,0.000256,0,0.0,5,8e-06,0.0002639999999999,4.921279430389404
BenchmarkTest00713.java,0,0,CWE-79,CWE-79,1,0,1,0,0,CWE-79,550,0.00022,0,0.0,5,8e-06,0.000228,4.966752290725708
BenchmarkTest00714.java,0,0,CWE-79,,,0,0,1,0,Not vulnerable,559,0.0002236,0,0.0,3,4.800000000000001e-06,0.0002284,6.721883535385132
BenchmarkTest00715.java,1,0,CWE-79,CWE-79,1,1,0,0,0,CWE-79,537,0.0002148,0,0.0,5,8e-06,0.0002228,4.987690448760986
BenchmarkTest00716.java,0,0,CWE-79,,,0,0,1,0,Not vulnerable,564,0.0002256,0,0.0,3,4.800000000000001e-06,0.0002304,4.845654726028442
BenchmarkTest00717.java,0,0,CWE-79,,,0,0,1,0,Not vulnerable,871,0.0003484,0,0.0,3,4.800000000000001e-06,0.0003532,4.951391935348511
BenchmarkTest00718.java,0,0,CWE-79,CWE-79,1,0,1,0,0,CWE-79,559,0.0002236,0,0.0,5,8e-06,0.0002316,6.873384952545166
BenchmarkTest00719.java,1,0,CWE-79,CWE-79,1,1,0,0,0,CWE-79,571,0.0002284,0,0.0,5,8e-06,0.0002364,4.872759819030762
BenchmarkTest00720.java,1,0,CWE-79,CWE-79,1,1,0,0,0,"CWE-74,CWE-79",655,0.000262,0,0.0,9,1.44e-05,0.0002764,4.9583916664123535
BenchmarkTest00721.java,1,0,CWE-79,CWE-79,1,1,0,0,0,CWE-79,624,0.0002496,0,0.0,5,8e-06,0.0002576,7.072214841842651
BenchmarkTest00722.java,0,0,CWE-79,CWE-79,1,0,1,0,0,"CWE-74,CWE-79",672,0.0002688,0,0.0,9,1.44e-05,0.0002832,6.813399314880371
BenchmarkTest00723.java,0,0,CWE-79,CWE-74,0,0,1,0,0,"CWE-81,CWE-74",585,0.000234,0,0.0,9,1.44e-05,0.0002484,7.440185070037842
BenchmarkTest00724.java,1,0,CWE-79,CWE-79,1,1,0,0,0,CWE-79,637,0.0002548,0,0.0,5,8e-06,0.0002628,7.156771898269653
BenchmarkTest00725.java,1,0,CWE-79,CWE-79,1,1,0,0,0,CWE-79,818,0.0003272,0,0.0,5,8e-06,0.0003352,7.450922012329102
BenchmarkTest00726.java,0,0,CWE-79,,,0,0,1,0,Not vulnerable,531,0.0002124,0,0.0,3,4.800000000000001e-06,0.0002172,6.480681657791138
BenchmarkTest00727.java,1,0,CWE-79,CWE-79,1,1,0,0,0,CWE-79,555,0.000222,0,0.0,5,8e-06,0.00023,6.581762790679932
BenchmarkTest00728.java,1,0,CWE-79,CWE-79,1,1,0,0,0,CWE-79,570,0.000228,0,0.0,5,8e-06,0.000236,5.768670558929443
BenchmarkTest00729.java,1,0,CWE-79,CWE-80,0,1,0,0,0,CWE-80,556,0.0002224,0,0.0,5,8e-06,0.0002304,6.902949333190918
BenchmarkTest00730.java,0,0,CWE-79,CWE-79,1,0,1,0,0,CWE-79,662,0.0002648,0,0.0,5,8e-06,0.0002727999999999,5.691696405410767
BenchmarkTest00731.java,1,0,CWE-78,CWE-78,1,1,0,0,0,CWE-78,667,0.0002668,0,0.0,5,8e-06,0.0002748,6.720110893249512
BenchmarkTest00732.java,0,0,CWE-78,,,0,0,1,0,Not vulnerable,806,0.0003224,0,0.0,3,4.800000000000001e-06,0.0003272,6.402567148208618
BenchmarkTest00733.java,1,0,CWE-330,CWE-330,1,1,0,0,0,CWE-330,949,0.0003796,0,0.0,5,8e-06,0.0003876,6.873622894287109
BenchmarkTest00734.java,1,0,CWE-330,CWE-338,0,1,0,0,0,CWE-338,1026,0.0004104,0,0.0,5,8e-06,0.0004184,7.07880163192749
BenchmarkTest00735.java,1,0,CWE-330,CWE-330,1,1,0,0,0,CWE-330,970,0.000388,0,0.0,5,8e-06,0.000396,6.180170774459839
BenchmarkTest00736.java,1,0,CWE-614,CWE-614,1,1,0,0,0,"CWE-614,CWE-1004",813,0.0003252,0,0.0,10,1.6e-05,0.0003412,5.668531656265259
BenchmarkTest00737.java,1,0,CWE-79,CWE-79,1,1,0,0,0,CWE-79,824,0.0003296,0,0.0,5,8e-06,0.0003376,6.997617721557617
BenchmarkTest00738.java,0,0,CWE-78,,,0,0,1,0,Not vulnerable,796,0.0003184,0,0.0,3,4.800000000000001e-06,0.0003232,5.014064788818359
BenchmarkTest00739.java,0,0,CWE-78,CWE-78,1,0,1,0,0,CWE-78,792,0.0003168,0,0.0,5,8e-06,0.0003248,6.847095012664795
BenchmarkTest00740.java,1,0,CWE-78,CWE-78,1,1,0,0,0,CWE-78,752,0.0003008,0,0.0,5,8e-06,0.0003087999999999,5.510806322097778
BenchmarkTest00741.java,0,0,CWE-78,CWE-78,1,0,1,0,0,CWE-78,742,0.0002968,0,0.0,5,8e-06,0.0003048,7.005450963973999
BenchmarkTest00742.java,0,0,CWE-78,CWE-78,1,0,1,0,0,CWE-78,805,0.000322,0,0.0,5,8e-06,0.00033,6.661126136779785
BenchmarkTest00743.java,0,0,CWE-78,,,0,0,1,0,Not vulnerable,757,0.0003028,0,0.0,3,4.800000000000001e-06,0.0003076,6.518510818481445
BenchmarkTest00744.java,0,0,CWE-330,,,0,0,1,0,Not vulnerable,1080,0.000432,0,0.0,3,4.800000000000001e-06,0.0004368,6.539463520050049
BenchmarkTest00745.java,0,0,CWE-330,,,0,0,1,0,CWE-327,1011,0.0004044,0,0.0,5,8e-06,0.0004124,6.716676950454712
BenchmarkTest00746.java,0,0,CWE-330,,,0,0,1,0,Not vulnerable,1118,0.0004472,0,0.0,3,4.800000000000001e-06,0.000452,4.996562480926514
BenchmarkTest00747.java,0,0,CWE-330,,,0,0,1,0,Not vulnerable,1039,0.0004156,0,0.0,3,4.800000000000001e-06,0.0004204,6.311545848846436
BenchmarkTest00748.java,0,0,CWE-330,,,0,0,1,0,CWE-327,1346,0.0005384,0,0.0,5,8e-06,0.0005463999999999,8.435117721557617
BenchmarkTest00749.java,0,0,CWE-330,CWE-330,1,0,1,0,0,CWE-330,1017,0.0004068,0,0.0,5,8e-06,0.0004148,6.68932056427002
BenchmarkTest00750.java,0,0,CWE-330,CWE-330,1,0,1,0,0,CWE-330,1019,0.0004076,0,0.0,5,8e-06,0.0004156,9.158885717391968
BenchmarkTest00751.java,0,0,CWE-330,CWE-330,1,0,1,0,0,CWE-330,1010,0.000404,0,0.0,5,8e-06,0.000412,7.761316776275635
BenchmarkTest00752.java,0,0,CWE-330,CWE-330,1,0,1,0,0,CWE-330,1064,0.0004256,0,0.0,5,8e-06,0.0004336,6.376821994781494
BenchmarkTest00753.java,0,0,CWE-330,,,0,0,1,0,Not vulnerable,978,0.0003912,0,0.0,3,4.800000000000001e-06,0.000396,6.928334951400757
BenchmarkTest00760.java,1,0,CWE-89,CWE-89,1,1,0,0,0,CWE-89,746,0.0002984,0,0.0,5,8e-06,0.0003064,8.272789716720581
BenchmarkTest00761.java,1,0,CWE-89,CWE-89,1,1,0,0,0,"CWE-89,CWE-77",746,0.0002984,0,0.0,9,1.44e-05,0.0003128,6.859937429428101
BenchmarkTest00762.java,1,0,CWE-89,CWE-89,1,1,0,0,0,CWE-89,715,0.000286,0,0.0,5,8e-06,0.000294,6.715196371078491
BenchmarkTest00763.java,0,0,CWE-89,CWE-89,1,0,1,0,0,CWE-89,769,0.0003076,0,0.0,5,8e-06,0.0003156,7.153828144073486
BenchmarkTest00764.java,1,0,CWE-89,CWE-89,1,1,0,0,0,CWE-89,700,0.00028,0,0.0,5,8e-06,0.0002879999999999,7.135126352310181
BenchmarkTest00765.java,1,0,CWE-89,CWE-89,1,1,0,0,0,CWE-89,730,0.000292,0,0.0,5,8e-06,0.0003,6.575905799865723
BenchmarkTest00766.java,0,0,CWE-89,CWE-89,1,0,1,0,0,CWE-89,745,0.000298,0,0.0,5,8e-06,0.0003059999999999,7.0125720500946045
BenchmarkTest00767.java,1,0,CWE-89,CWE-89,1,1,0,0,0,CWE-89,814,0.0003256,0,0.0,5,8e-06,0.0003336,8.101565837860107
BenchmarkTest00768.java,1,0,CWE-89,CWE-89,1,1,0,0,0,CWE-89,752,0.0003008,0,0.0,5,8e-06,0.0003087999999999,6.848604917526245
BenchmarkTest00769.java,1,0,CWE-89,CWE-89,1,1,0,0,0,CWE-89,768,0.0003072,0,0.0,5,8e-06,0.0003152,6.859856843948364
BenchmarkTest00770.java,1,0,CWE-89,CWE-89,1,1,0,0,0,CWE-89,712,0.0002848,0,0.0,5,8e-06,0.0002928,6.501126289367676
BenchmarkTest00771.java,1,0,CWE-89,CWE-89,1,1,0,0,0,CWE-89,738,0.0002951999999999,0,0.0,5,8e-06,0.0003031999999999,7.1045989990234375
BenchmarkTest00772.java,0,0,CWE-89,CWE-89,1,0,1,0,0,CWE-89,740,0.000296,0,0.0,5,8e-06,0.0003039999999999,6.316817045211792
BenchmarkTest00773.java,0,0,CWE-89,CWE-89,1,0,1,0,0,CWE-89,712,0.0002848,0,0.0,5,8e-06,0.0002928,9.069666385650637
BenchmarkTest00774.java,0,0,CWE-89,CWE-89,1,0,1,0,0,CWE-89,752,0.0003008,0,0.0,5,8e-06,0.0003087999999999,8.746248722076416
BenchmarkTest00775.java,0,0,CWE-327,CWE-327,1,0,1,0,0,"CWE-321,CWE-327,CWE-330,CWE-312",1788,0.0007152,0,0.0,17,2.7200000000000004e-05,0.0007424,6.843374252319336
BenchmarkTest00776.java,0,0,CWE-327,CWE-327,1,0,1,0,0,"CWE-321,CWE-327,CWE-276,CWE-532",1755,0.000702,0,0.0,17,2.7200000000000004e-05,0.0007292,5.2277233600616455
BenchmarkTest00777.java,0,0,CWE-327,,,0,0,1,0,Not vulnerable,1846,0.0007384,0,0.0,3,4.800000000000001e-06,0.0007432,6.53957200050354
BenchmarkTest00778.java,0,0,CWE-327,,,0,0,1,0,"CWE-276,CWE-321,CWE-532",1759,0.0007036,0,0.0,13,2.08e-05,0.0007243999999999,6.879052639007568
BenchmarkTest00779.java,1,0,CWE-327,CWE-327,1,1,0,0,0,"CWE-327,CWE-321",1714,0.0006856,0,0.0,9,1.44e-05,0.0007,6.803221225738525
BenchmarkTest00780.java,0,0,CWE-327,CWE-326,0,0,1,0,0,"CWE-276,CWE-532,CWE-326",1325,0.00053,0,0.0,13,2.08e-05,0.0005507999999999,5.89620566368103
BenchmarkTest00781.java,1,0,CWE-327,CWE-327,1,1,0,0,0,"CWE-327,CWE-321",1373,0.0005492,0,0.0,9,1.44e-05,0.0005636,8.40885329246521
BenchmarkTest00782.java,0,0,CWE-327,,,0,0,1,0,Not vulnerable,1327,0.0005308,0,0.0,3,4.800000000000001e-06,0.0005356,5.7048749923706055
BenchmarkTest00783.java,1,0,CWE-22,CWE-22,1,1,0,0,0,CWE-22,1081,0.0004324,0,0.0,5,8e-06,0.0004404,6.222887992858887
BenchmarkTest00784.java,0,0,CWE-22,,,0,0,1,0,Not vulnerable,1046,0.0004184,0,0.0,3,4.800000000000001e-06,0.0004232,5.397369384765625
BenchmarkTest00785.java,1,0,CWE-22,CWE-22,1,1,0,0,0,CWE-22,989,0.0003956,0,0.0,5,8e-06,0.0004036,5.752542734146118
BenchmarkTest00786.java,0,0,CWE-22,CWE-22,1,0,1,0,0,CWE-22,1011,0.0004044,0,0.0,5,8e-06,0.0004124,5.928467512130737
BenchmarkTest00787.java,1,0,CWE-22,CWE-22,1,1,0,0,0,"CWE-22,CWE-73",918,0.0003672,0,0.0,9,1.44e-05,0.0003816,5.8107750415802
BenchmarkTest00788.java,1,0,CWE-22,CWE-22,1,1,0,0,0,CWE-22,903,0.0003612,0,0.0,5,8e-06,0.0003692,8.312337636947632
BenchmarkTest00789.java,1,0,CWE-328,,,0,0,0,1,"CWE-732,CWE-276,CWE-312",1193,0.0004772,0,0.0,13,2.08e-05,0.000498,5.809765815734863
BenchmarkTest00790.java,1,0,CWE-328,CWE-326,0,1,0,0,0,"CWE-732,CWE-276,CWE-326",1162,0.0004648,0,0.0,13,2.08e-05,0.0004856,7.702277421951294
BenchmarkTest00791.java,0,0,CWE-328,,,0,0,1,0,"CWE-200,CWE-276",1164,0.0004656,0,0.0,9,1.44e-05,0.00048,5.79892110824585
BenchmarkTest00792.java,0,0,CWE-328,,,0,0,1,0,Not vulnerable,1286,0.0005143999999999,0,0.0,3,4.800000000000001e-06,0.0005191999999999,8.332408428192139
BenchmarkTest00793.java,0,0,CWE-328,,,0,0,1,0,"CWE-200,CWE-276,CWE-532",1159,0.0004636,0,0.0,13,2.08e-05,0.0004844,5.834398508071899
BenchmarkTest00794.java,1,0,CWE-328,CWE-327,0,1,0,0,0,"CWE-327,CWE-276,CWE-532",1111,0.0004444,0,0.0,13,2.08e-05,0.0004652,8.184359788894653
BenchmarkTest00795.java,0,0,CWE-328,,,0,0,1,0,Not vulnerable,1112,0.0004448,0,0.0,3,4.800000000000001e-06,0.0004496,5.740234136581421
BenchmarkTest00796.java,1,0,CWE-328,,,0,0,0,1,"CWE-732,CWE-276,CWE-200",1243,0.0004972,0,0.0,13,2.08e-05,0.000518,8.209368228912354
BenchmarkTest00797.java,1,0,CWE-328,,,0,0,0,1,"CWE-321,CWE-276,CWE-532",1185,0.000474,0,0.0,13,2.08e-05,0.0004948,5.815416097640991
BenchmarkTest00798.java,0,0,CWE-328,CWE-327,0,0,1,0,0,"CWE-327,CWE-276,CWE-532",1185,0.000474,0,0.0,13,2.08e-05,0.0004948,8.341408014297485
BenchmarkTest00799.java,0,0,CWE-79,CWE-79,1,0,1,0,0,CWE-79,870,0.000348,0,0.0,5,8e-06,0.000356,8.132223844528198
BenchmarkTest00800.java,1,0,CWE-79,CWE-79,1,1,0,0,0,CWE-79,853,0.0003412,0,0.0,5,8e-06,0.0003492,8.110037565231323
BenchmarkTest00801.java,1,0,CWE-79,CWE-74,0,1,0,0,0,"CWE-81,CWE-74",730,0.000292,0,0.0,9,1.44e-05,0.0003064,8.28453254699707
BenchmarkTest00802.java,1,0,CWE-79,CWE-79,1,1,0,0,0,CWE-79,765,0.000306,0,0.0,5,8e-06,0.000314,8.191614151000977
BenchmarkTest00803.java,1,0,CWE-79,CWE-79,1,1,0,0,0,CWE-79,717,0.0002868,0,0.0,5,8e-06,0.0002948,8.154236555099487
BenchmarkTest00804.java,1,0,CWE-79,CWE-79,1,1,0,0,0,CWE-79,740,0.000296,0,0.0,5,8e-06,0.0003039999999999,8.158753871917725
BenchmarkTest00805.java,1,0,CWE-79,CWE-79,1,1,0,0,0,CWE-79,1012,0.0004048,0,0.0,5,8e-06,0.0004128,5.519099473953247
BenchmarkTest00806.java,1,0,CWE-79,CWE-79,1,1,0,0,0,"CWE-74,CWE-79",813,0.0003252,0,0.0,9,1.44e-05,0.0003396,8.176604747772217
BenchmarkTest00807.java,1,0,CWE-79,CWE-74,0,1,0,0,0,"CWE-81,CWE-74",749,0.0002996,0,0.0,9,1.44e-05,0.000314,5.508166551589966
BenchmarkTest00808.java,0,0,CWE-79,CWE-79,1,0,1,0,0,"CWE-74,CWE-79",815,0.000326,0,0.0,9,1.44e-05,0.0003404,5.394279003143311
BenchmarkTest00809.java,1,0,CWE-79,CWE-74,0,1,0,0,0,"CWE-81,CWE-74",777,0.0003108,0,0.0,9,1.44e-05,0.0003252,8.140248775482178
BenchmarkTest00810.java,1,0,CWE-79,CWE-79,1,1,0,0,0,CWE-79,743,0.0002972,0,0.0,5,8e-06,0.0003052,5.375568389892578
BenchmarkTest00811.java,1,0,CWE-79,CWE-79,1,1,0,0,0,CWE-79,834,0.0003336,0,0.0,5,8e-06,0.0003416,5.455469846725464
BenchmarkTest00812.java,0,0,CWE-79,CWE-79,1,0,1,0,0,CWE-79,762,0.0003048,0,0.0,5,8e-06,0.0003128,5.372358798980713
BenchmarkTest00813.java,0,0,CWE-79,CWE-79,1,0,1,0,0,CWE-79,790,0.000316,0,0.0,5,8e-06,0.0003239999999999,5.098874807357788
BenchmarkTest00814.java,0,0,CWE-78,,,0,0,1,0,Not vulnerable,910,0.000364,0,0.0,3,4.800000000000001e-06,0.0003688,4.874762773513794
BenchmarkTest00815.java,1,0,CWE-78,CWE-78,1,1,0,0,0,CWE-78,868,0.0003472,0,0.0,5,8e-06,0.0003552,5.373117685317993
BenchmarkTest00816.java,1,0,CWE-78,CWE-78,1,1,0,0,0,CWE-78,982,0.0003928,0,0.0,5,8e-06,0.0004008,6.171701908111572
BenchmarkTest00817.java,1,0,CWE-330,CWE-338,0,1,0,0,0,CWE-338,1415,0.000566,0,0.0,5,8e-06,0.000574,6.013553619384766
BenchmarkTest00818.java,1,0,CWE-330,CWE-330,1,1,0,0,0,CWE-330,1153,0.0004612,0,0.0,5,8e-06,0.0004692,5.883541822433472
BenchmarkTest00819.java,1,0,CWE-330,CWE-330,1,1,0,0,0,CWE-330,1129,0.0004516,0,0.0,5,8e-06,0.0004596,5.953543663024902
BenchmarkTest00820.java,1,0,CWE-614,CWE-614,1,1,0,0,0,"CWE-1004,CWE-614",962,0.0003848,0,0.0,10,1.6e-05,0.0004008,6.051554203033447
BenchmarkTest00821.java,1,0,CWE-614,CWE-614,1,1,0,0,0,"CWE-614,CWE-1004",976,0.0003904,0,0.0,10,1.6e-05,0.0004064,5.948037624359131
BenchmarkTest00822.java,1,0,CWE-79,CWE-79,1,1,0,0,0,CWE-79,770,0.000308,0,0.0,5,8e-06,0.000316,5.655482769012451
BenchmarkTest00823.java,1,0,CWE-78,CWE-78,1,1,0,0,0,CWE-78,910,0.000364,0,0.0,5,8e-06,0.000372,5.8085479736328125
BenchmarkTest00824.java,1,0,CWE-78,CWE-78,1,1,0,0,0,CWE-78,1066,0.0004264,0,0.0,5,8e-06,0.0004344,5.769528150558472
BenchmarkTest00825.java,1,0,CWE-78,CWE-78,1,1,0,0,0,"CWE-78,CWE-88",873,0.0003492,0,0.0,9,1.44e-05,0.0003636,5.775171518325806
BenchmarkTest00826.java,0,0,CWE-78,CWE-78,1,0,1,0,0,CWE-78,912,0.0003648,0,0.0,5,8e-06,0.0003728,5.537364482879639
BenchmarkTest00827.java,0,0,CWE-78,CWE-78,1,0,1,0,0,CWE-78,920,0.000368,0,0.0,5,8e-06,0.000376,4.304053783416748
BenchmarkTest00828.java,0,0,CWE-330,CWE-330,1,0,1,0,0,CWE-330,1251,0.0005004,0,0.0,5,8e-06,0.0005084,4.266278266906738
BenchmarkTest00829.java,0,0,CWE-330,,,0,0,1,0,Not vulnerable,1310,0.000524,0,0.0,3,4.800000000000001e-06,0.0005288,4.209148406982422
BenchmarkTest00830.java,0,0,CWE-330,CWE-338,0,0,1,0,0,CWE-338,1206,0.0004824,0,0.0,5,8e-06,0.0004904,1.7209913730621338
BenchmarkTest00831.java,0,0,CWE-330,CWE-330,1,0,1,0,0,CWE-330,1469,0.0005876,0,0.0,5,8e-06,0.0005956,4.109095573425293
BenchmarkTest00832.java,0,0,CWE-330,CWE-330,1,0,1,0,0,CWE-330,1142,0.0004568,0,0.0,5,8e-06,0.0004647999999999,3.5570333003997803
BenchmarkTest00837.java,0,0,CWE-89,,,0,0,1,0,Not vulnerable,998,0.0003992,0,0.0,3,4.800000000000001e-06,0.000404,3.431381225585937
BenchmarkTest00838.java,0,0,CWE-89,CWE-89,1,0,1,0,0,CWE-89,989,0.0003956,0,0.0,5,8e-06,0.0004036,3.3415515422821045
BenchmarkTest00839.java,1,0,CWE-89,CWE-89,1,1,0,0,0,CWE-89,892,0.0003568,0,0.0,5,8e-06,0.0003648,2.885254144668579
BenchmarkTest00840.java,1,0,CWE-89,CWE-89,1,1,0,0,0,CWE-89,921,0.0003684,0,0.0,5,8e-06,0.0003764,6.2912585735321045
BenchmarkTest00841.java,1,0,CWE-89,CWE-89,1,1,0,0,0,CWE-89,992,0.0003968,0,0.0,5,8e-06,0.0004048,6.12302827835083
BenchmarkTest00842.java,1,0,CWE-89,CWE-89,1,1,0,0,0,CWE-89,984,0.0003936,0,0.0,5,8e-06,0.0004016,2.811462879180908
BenchmarkTest00843.java,1,0,CWE-89,CWE-89,1,1,0,0,0,CWE-89,1008,0.0004032,0,0.0,5,8e-06,0.0004112,6.015829801559448
BenchmarkTest00844.java,0,0,CWE-89,CWE-89,1,0,1,0,0,CWE-89,1005,0.000402,0,0.0,5,8e-06,0.00041,6.127084016799927
BenchmarkTest00845.java,1,0,CWE-89,CWE-89,1,1,0,0,0,CWE-89,988,0.0003952,0,0.0,5,8e-06,0.0004032,2.658632040023804
BenchmarkTest00846.java,1,0,CWE-89,CWE-89,1,1,0,0,0,CWE-89,848,0.0003392,0,0.0,5,8e-06,0.0003472,6.211809873580933
BenchmarkTest00847.java,1,0,CWE-89,CWE-89,1,1,0,0,0,CWE-89,906,0.0003624,0,0.0,5,8e-06,0.0003704,5.999254465103149
BenchmarkTest00848.java,1,0,CWE-89,CWE-89,1,1,0,0,0,CWE-89,828,0.0003312,0,0.0,5,8e-06,0.0003392,2.642261505126953
BenchmarkTest00849.java,1,0,CWE-89,CWE-89,1,1,0,0,0,CWE-89,905,0.000362,0,0.0,5,8e-06,0.00037,6.316507577896118
BenchmarkTest00850.java,1,0,CWE-89,CWE-89,1,1,0,0,0,CWE-89,903,0.0003612,0,0.0,5,8e-06,0.0003692,2.7295212745666504
BenchmarkTest00851.java,0,0,CWE-89,,,0,0,1,0,Not vulnerable,879,0.0003516,0,0.0,3,4.800000000000001e-06,0.0003564,6.059594869613648
BenchmarkTest00852.java,0,0,CWE-643,CWE-643,1,0,1,0,0,CWE-643,1109,0.0004436,0,0.0,5,8e-06,0.0004516,6.236630916595459
BenchmarkTest00853.java,1,0,CWE-327,CWE-327,1,1,0,0,0,"CWE-327,CWE-321",1490,0.000596,0,0.0,9,1.44e-05,0.0006104,3.908347129821777
BenchmarkTest00854.java,0,0,CWE-327,CWE-327,1,0,1,0,0,"CWE-276,CWE-732,CWE-312,CWE-327,CWE-326,CWE-759",1559,0.0006236,0,0.0,25,4e-05,0.0006636,5.757807016372681
BenchmarkTest00855.java,1,0,CWE-327,CWE-327,1,1,0,0,0,"CWE-327,CWE-326",1598,0.0006392,0,0.0,9,1.44e-05,0.0006536,2.746126174926758
BenchmarkTest00856.java,1,0,CWE-327,CWE-327,1,1,0,0,0,"CWE-327,CWE-321,CWE-276",1460,0.000584,0,0.0,13,2.08e-05,0.0006048,2.639597654342652
BenchmarkTest00857.java,1,0,CWE-327,CWE-327,1,1,0,0,0,"CWE-327,CWE-321",1279,0.0005116,0,0.0,9,1.44e-05,0.000526,3.2807557582855225
BenchmarkTest00858.java,0,0,CWE-327,CWE-327,1,0,1,0,0,"CWE-327,CWE-276,CWE-532",1062,0.0004248,0,0.0,13,2.08e-05,0.0004456,3.447958707809448
BenchmarkTest00859.java,1,0,CWE-327,CWE-327,1,1,0,0,0,"CWE-327,CWE-321,CWE-276",1140,0.000456,0,0.0,13,2.08e-05,0.0004768,6.314969778060913
BenchmarkTest00860.java,0,0,CWE-90,CWE-90,1,0,1,0,0,CWE-90,1010,0.000404,0,0.0,5,8e-06,0.000412,2.6916489601135254
BenchmarkTest00861.java,0,0,CWE-90,CWE-90,1,0,1,0,0,CWE-90,1013,0.0004052,0,0.0,5,8e-06,0.0004132,6.273118257522583
BenchmarkTest00862.java,0,0,CWE-22,,,0,0,1,0,Not vulnerable,665,0.000266,0,0.0,3,4.800000000000001e-06,0.0002708,2.6661376953125
BenchmarkTest00863.java,0,0,CWE-22,CWE-22,1,0,1,0,0,CWE-22,641,0.0002564,0,0.0,5,8e-06,0.0002644,2.6279282569885254
BenchmarkTest00864.java,0,0,CWE-22,CWE-22,1,0,1,0,0,CWE-22,696,0.0002784,0,0.0,5,8e-06,0.0002864,3.490697145462036
BenchmarkTest00865.java,0,0,CWE-22,CWE-22,1,0,1,0,0,CWE-22,875,0.00035,0,0.0,5,8e-06,0.000358,5.679883718490601
BenchmarkTest00866.java,0,0,CWE-22,CWE-22,1,0,1,0,0,"CWE-22,CWE-73",713,0.0002852,0,0.0,9,1.44e-05,0.0002996,5.677733659744263
BenchmarkTest00867.java,0,0,CWE-22,CWE-22,1,0,1,0,0,CWE-22,861,0.0003444,0,0.0,5,8e-06,0.0003524,5.737546682357788
BenchmarkTest00868.java,1,0,CWE-328,,,0,0,0,1,"CWE-732,CWE-276,CWE-312",1298,0.0005192,0,0.0,13,2.08e-05,0.00054,6.281842947006226
BenchmarkTest00869.java,1,0,CWE-328,CWE-327,0,1,0,0,0,"CWE-327,CWE-276,CWE-532",1117,0.0004468,0,0.0,13,2.08e-05,0.0004676,5.998008966445923
BenchmarkTest00870.java,1,0,CWE-328,,,0,0,0,1,Not vulnerable,968,0.0003872,0,0.0,3,4.800000000000001e-06,0.000392,6.31700611114502
BenchmarkTest00871.java,1,0,CWE-328,,,0,0,0,1,"CWE-276,CWE-732,CWE-312",1068,0.0004272,0,0.0,13,2.08e-05,0.000448,6.348146915435791
BenchmarkTest00872.java,1,0,CWE-328,,,0,0,0,1,"CWE-732,CWE-276,CWE-200",968,0.0003872,0,0.0,13,2.08e-05,0.000408,6.277729272842407
BenchmarkTest00873.java,0,0,CWE-328,,,0,0,1,0,Not vulnerable,1092,0.0004368,0,0.0,3,4.800000000000001e-06,0.0004416,6.31052827835083
BenchmarkTest00874.java,0,0,CWE-328,,,0,0,1,0,Not vulnerable,964,0.0003856,0,0.0,3,4.800000000000001e-06,0.0003904,6.341258525848389
BenchmarkTest00875.java,1,0,CWE-328,,,0,0,0,1,"CWE-732,CWE-276,CWE-200",1020,0.000408,0,0.0,13,2.08e-05,0.0004288,6.334610223770142
BenchmarkTest00876.java,1,0,CWE-328,,,0,0,0,1,"CWE-321,CWE-276,CWE-532",980,0.000392,0,0.0,13,2.08e-05,0.0004128,3.0640199184417725
BenchmarkTest00877.java,0,0,CWE-328,CWE-327,0,0,1,0,0,"CWE-327,CWE-276,CWE-532",1230,0.000492,0,0.0,13,2.08e-05,0.0005128,6.308832168579102
BenchmarkTest00878.java,0,0,CWE-328,CWE-327,0,0,1,0,0,"CWE-327,CWE-276,CWE-532",967,0.0003868,0,0.0,13,2.08e-05,0.0004076,6.372616767883301
BenchmarkTest00879.java,0,0,CWE-79,CWE-79,1,0,1,0,0,"CWE-74,CWE-79",677,0.0002708,0,0.0,9,1.44e-05,0.0002852,6.315644264221191
BenchmarkTest00880.java,0,0,CWE-79,CWE-79,1,0,1,0,0,CWE-79,571,0.0002284,0,0.0,5,8e-06,0.0002364,6.284591197967529
BenchmarkTest00881.java,0,0,CWE-79,CWE-80,0,0,1,0,0,CWE-80,568,0.0002272,0,0.0,5,8e-06,0.0002352,6.294976234436035
BenchmarkTest00882.java,0,0,CWE-79,CWE-79,1,0,1,0,0,CWE-79,566,0.0002264,0,0.0,5,8e-06,0.0002344,2.6979825496673584
BenchmarkTest00883.java,0,0,CWE-79,CWE-79,1,0,1,0,0,CWE-79,845,0.000338,0,0.0,5,8e-06,0.0003459999999999,6.27422308921814
BenchmarkTest00884.java,0,0,CWE-79,CWE-80,0,0,1,0,0,CWE-80,686,0.0002744,0,0.0,5,8e-06,0.0002824,6.120031118392944
BenchmarkTest00885.java,0,0,CWE-79,CWE-80,0,0,1,0,0,CWE-80,597,0.0002388,0,0.0,5,8e-06,0.0002468,8.165844678878784
BenchmarkTest00886.java,0,0,CWE-79,CWE-79,1,0,1,0,0,CWE-79,682,0.0002728,0,0.0,5,8e-06,0.0002808,8.804580450057983
BenchmarkTest00887.java,0,0,CWE-79,CWE-79,1,0,1,0,0,"CWE-80,CWE-79",640,0.000256,0,0.0,9,1.44e-05,0.0002704,9.478292226791382
BenchmarkTest00888.java,0,0,CWE-79,,,0,0,1,0,Not vulnerable,534,0.0002136,0,0.0,3,4.800000000000001e-06,0.0002184,9.93054699897766
BenchmarkTest00889.java,0,0,CWE-79,CWE-79,1,0,1,0,0,CWE-79,570,0.000228,0,0.0,5,8e-06,0.000236,9.468944549560549
BenchmarkTest00890.java,0,0,CWE-79,CWE-79,1,0,1,0,0,"CWE-80,CWE-79",640,0.000256,0,0.0,9,1.44e-05,0.0002704,9.120076656341553
BenchmarkTest00891.java,0,0,CWE-79,CWE-79,1,0,1,0,0,CWE-79,670,0.000268,0,0.0,5,8e-06,0.000276,8.273633480072021
BenchmarkTest00892.java,0,0,CWE-79,CWE-79,1,0,1,0,0,CWE-79,551,0.0002204,0,0.0,5,8e-06,0.0002284,8.215020656585693
BenchmarkTest00893.java,0,0,CWE-79,CWE-80,0,0,1,0,0,CWE-80,600,0.00024,0,0.0,5,8e-06,0.000248,8.66921615600586
BenchmarkTest00894.java,0,0,CWE-79,CWE-79,1,0,1,0,0,CWE-79,583,0.0002332,0,0.0,5,8e-06,0.0002412,3.773574113845825
BenchmarkTest00895.java,0,0,CWE-78,CWE-78,1,0,1,0,0,CWE-78,745,0.000298,0,0.0,5,8e-06,0.0003059999999999,8.791760683059692
BenchmarkTest00896.java,0,0,CWE-78,CWE-78,1,0,1,0,0,CWE-78,716,0.0002864,0,0.0,5,8e-06,0.0002944,7.976369380950928
BenchmarkTest00897.java,0,0,CWE-78,CWE-78,1,0,1,0,0,CWE-78,784,0.0003136,0,0.0,5,8e-06,0.0003216,8.79285454750061
BenchmarkTest00898.java,1,0,CWE-330,CWE-330,1,1,0,0,0,CWE-330,979,0.0003916,0,0.0,5,8e-06,0.0003996,8.449067831039429
BenchmarkTest00899.java,1,0,CWE-330,CWE-330,1,1,0,0,0,CWE-330,1042,0.0004168,0,0.0,5,8e-06,0.0004247999999999,8.170710802078247
BenchmarkTest00900.java,1,0,CWE-330,CWE-338,0,1,0,0,0,CWE-338,1024,0.0004096,0,0.0,5,8e-06,0.0004176,8.296621084213257
BenchmarkTest00901.java,1,0,CWE-330,CWE-330,1,1,0,0,0,CWE-330,1011,0.0004044,0,0.0,5,8e-06,0.0004124,7.1389243602752686
BenchmarkTest00902.java,1,0,CWE-330,CWE-330,1,1,0,0,0,CWE-330,1006,0.0004024,0,0.0,5,8e-06,0.0004104,7.826344013214111
BenchmarkTest00903.java,1,0,CWE-614,CWE-614,1,1,0,0,0,"CWE-614,CWE-1004",884,0.0003536,0,0.0,10,1.6e-05,0.0003696,8.771655559539795
BenchmarkTest00904.java,0,0,CWE-614,,,0,0,1,0,Not vulnerable,813,0.0003252,0,0.0,3,4.800000000000001e-06,0.00033,8.774943590164185
BenchmarkTest00905.java,0,0,CWE-78,CWE-78,1,0,1,0,0,CWE-78,748,0.0002992,0,0.0,5,8e-06,0.0003072,5.424562215805054
BenchmarkTest00906.java,0,0,CWE-78,CWE-78,1,0,1,0,0,CWE-78,793,0.0003172,0,0.0,5,8e-06,0.0003252,8.363449573516846
BenchmarkTest00907.java,0,0,CWE-78,,,0,0,1,0,Not vulnerable,793,0.0003172,0,0.0,3,4.800000000000001e-06,0.000322,8.744419574737549
BenchmarkTest00908.java,0,0,CWE-78,CWE-78,1,0,1,0,0,CWE-78,754,0.0003016,0,0.0,5,8e-06,0.0003096,7.934159994125366
BenchmarkTest00909.java,0,0,CWE-78,CWE-78,1,0,1,0,0,CWE-78,698,0.0002792,0,0.0,5,8e-06,0.0002872,3.847544431686402
BenchmarkTest00910.java,0,0,CWE-78,,,0,0,1,0,Not vulnerable,714,0.0002856,0,0.0,3,4.800000000000001e-06,0.0002904,4.057870864868164
BenchmarkTest00911.java,0,0,CWE-330,,,0,0,1,0,CWE-327,1032,0.0004128,0,0.0,5,8e-06,0.0004208,3.834405660629273
BenchmarkTest00912.java,0,0,CWE-330,CWE-330,1,0,1,0,0,CWE-330,1051,0.0004204,0,0.0,5,8e-06,0.0004284,8.276212692260742
BenchmarkTest00913.java,0,0,CWE-330,,,0,0,1,0,Not vulnerable,1118,0.0004472,0,0.0,3,4.800000000000001e-06,0.000452,8.60698652267456
BenchmarkTest00914.java,0,0,CWE-330,CWE-330,1,0,1,0,0,CWE-330,1039,0.0004156,0,0.0,5,8e-06,0.0004236,6.642442226409912
BenchmarkTest00915.java,0,0,CWE-330,CWE-330,1,0,1,0,0,CWE-330,977,0.0003908,0,0.0,5,8e-06,0.0003988,8.528282880783081
BenchmarkTest00916.java,0,0,CWE-330,CWE-338,0,0,1,0,0,CWE-338,995,0.000398,0,0.0,5,8e-06,0.000406,6.74752950668335
BenchmarkTest00917.java,0,0,CWE-330,CWE-330,1,0,1,0,0,CWE-330,1138,0.0004552,0,0.0,5,8e-06,0.0004632,3.838033437728882
BenchmarkTest00918.java,0,0,CWE-330,,,0,0,1,0,CWE-521,1051,0.0004204,0,0.0,5,8e-06,0.0004284,8.698174715042114
BenchmarkTest00919.java,0,0,CWE-330,CWE-330,1,0,1,0,0,CWE-330,964,0.0003856,0,0.0,5,8e-06,0.0003936,4.327208757400513
BenchmarkTest00920.java,0,0,CWE-330,CWE-330,1,0,1,0,0,CWE-330,973,0.0003892,0,0.0,5,8e-06,0.0003972,4.158667087554932
BenchmarkTest00921.java,0,0,CWE-330,,,0,0,1,0,Not vulnerable,999,0.0003996,0,0.0,3,4.800000000000001e-06,0.0004044,4.7126007080078125
BenchmarkTest00924.java,0,0,CWE-89,CWE-89,1,0,1,0,0,CWE-89,739,0.0002956,0,0.0,5,8e-06,0.0003036,6.485600471496582
BenchmarkTest00925.java,0,0,CWE-89,CWE-89,1,0,1,0,0,CWE-89,673,0.0002692,0,0.0,5,8e-06,0.0002771999999999,4.748600006103516
BenchmarkTest00926.java,0,0,CWE-89,CWE-89,1,0,1,0,0,CWE-89,728,0.0002912,0,0.0,5,8e-06,0.0002991999999999,8.476743936538696
BenchmarkTest00927.java,0,0,CWE-89,CWE-89,1,0,1,0,0,CWE-89,731,0.0002924,0,0.0,5,8e-06,0.0003004,8.560284614562988
BenchmarkTest00928.java,0,0,CWE-89,CWE-89,1,0,1,0,0,CWE-89,696,0.0002784,0,0.0,5,8e-06,0.0002864,8.597039222717285
BenchmarkTest00929.java,0,0,CWE-89,CWE-89,1,0,1,0,0,CWE-89,779,0.0003116,0,0.0,5,8e-06,0.0003196,8.123253583908081
BenchmarkTest00930.java,0,0,CWE-89,CWE-89,1,0,1,0,0,CWE-89,729,0.0002916,0,0.0,5,8e-06,0.0002996,8.556159973144531
BenchmarkTest00931.java,0,0,CWE-89,CWE-89,1,0,1,0,0,CWE-89,737,0.0002948,0,0.0,5,8e-06,0.0003028,8.537281274795532
BenchmarkTest00932.java,0,0,CWE-89,CWE-89,1,0,1,0,0,CWE-89,922,0.0003688,0,0.0,5,8e-06,0.0003768,5.173593521118164
BenchmarkTest00933.java,0,0,CWE-89,CWE-89,1,0,1,0,0,CWE-89,774,0.0003096,0,0.0,5,8e-06,0.0003176,6.488584518432617
BenchmarkTest00934.java,0,0,CWE-89,CWE-89,1,0,1,0,0,CWE-89,816,0.0003264,0,0.0,5,8e-06,0.0003344,8.00964069366455
BenchmarkTest00935.java,0,0,CWE-89,CWE-89,1,0,1,0,0,CWE-89,838,0.0003352,0,0.0,5,8e-06,0.0003432,8.441335678100586
BenchmarkTest00936.java,0,0,CWE-89,CWE-89,1,0,1,0,0,CWE-89,701,0.0002804,0,0.0,5,8e-06,0.0002884,8.474160194396973
BenchmarkTest00937.java,0,0,CWE-89,CWE-89,1,0,1,0,0,CWE-89,749,0.0002996,0,0.0,5,8e-06,0.0003076,8.444278001785278
BenchmarkTest00938.java,0,0,CWE-89,CWE-89,1,0,1,0,0,CWE-89,678,0.0002712,0,0.0,5,8e-06,0.0002791999999999,8.437500953674316
BenchmarkTest00939.java,0,0,CWE-89,CWE-89,1,0,1,0,0,CWE-89,750,0.0003,0,0.0,5,8e-06,0.0003079999999999,8.422739028930664
BenchmarkTest00940.java,0,0,CWE-89,CWE-89,1,0,1,0,0,CWE-89,721,0.0002884,0,0.0,5,8e-06,0.0002964,8.489849090576172
BenchmarkTest00941.java,0,0,CWE-643,CWE-643,1,0,1,0,0,CWE-643,908,0.0003632,0,0.0,5,8e-06,0.0003712,8.788476705551147
BenchmarkTest00942.java,0,0,CWE-327,CWE-327,1,0,1,0,0,"CWE-327,CWE-312,CWE-313",1799,0.0007196,0,0.0,13,2.08e-05,0.0007404,8.760730981826782
BenchmarkTest00943.java,0,0,CWE-327,CWE-327,1,0,1,0,0,"CWE-312,CWE-327,CWE-326,CWE-276",1333,0.0005332,0,0.0,17,2.7200000000000004e-05,0.0005604,4.905048131942749
BenchmarkTest00944.java,0,0,CWE-327,CWE-327,1,0,1,0,0,"CWE-312,CWE-327,CWE-532",1263,0.0005052,0,0.0,13,2.08e-05,0.000526,4.200390100479126
BenchmarkTest00945.java,1,0,CWE-327,CWE-327,1,1,0,0,0,"CWE-327,CWE-327",1349,0.0005396,0,0.0,9,1.44e-05,0.000554,8.490851163864136
BenchmarkTest00946.java,1,0,CWE-327,CWE-327,1,1,0,0,0,"CWE-327,CWE-326,CWE-321,CWE-312",1296,0.0005184,0,0.0,17,2.7200000000000004e-05,0.0005456,8.52513861656189
BenchmarkTest00947.java,1,0,CWE-90,CWE-90,1,1,0,0,0,CWE-90,1195,0.000478,0,0.0,5,8e-06,0.000486,3.965848207473755
BenchmarkTest00948.java,0,0,CWE-90,CWE-90,1,0,1,0,0,CWE-90,1275,0.00051,0,0.0,5,8e-06,0.000518,8.730026960372925
BenchmarkTest00949.java,1,0,CWE-22,CWE-22,1,1,0,0,0,CWE-22,860,0.000344,0,0.0,5,8e-06,0.000352,8.72617483139038
BenchmarkTest00950.java,1,0,CWE-22,CWE-22,1,1,0,0,0,CWE-22,851,0.0003404,0,0.0,5,8e-06,0.0003484,8.70950961112976
BenchmarkTest00951.java,0,0,CWE-22,,,0,0,1,0,Not vulnerable,1070,0.000428,0,0.0,3,4.800000000000001e-06,0.0004328,3.776401281356812
BenchmarkTest00952.java,1,0,CWE-22,CWE-22,1,1,0,0,0,CWE-22,1151,0.0004604,0,0.0,5,8e-06,0.0004684,5.119333505630493
BenchmarkTest00953.java,1,0,CWE-22,CWE-22,1,1,0,0,0,CWE-22,1049,0.0004196,0,0.0,5,8e-06,0.0004276,5.051743268966675
BenchmarkTest00954.java,0,0,CWE-22,,,0,0,1,0,Not vulnerable,1107,0.0004428,0,0.0,3,4.800000000000001e-06,0.0004476,5.002391815185547
BenchmarkTest00955.java,0,0,CWE-22,,,0,0,1,0,Not vulnerable,1020,0.000408,0,0.0,3,4.800000000000001e-06,0.0004128,4.991911172866821
BenchmarkTest00956.java,1,0,CWE-22,CWE-22,1,1,0,0,0,CWE-22,1018,0.0004072,0,0.0,5,8e-06,0.0004152,5.022097587585449
BenchmarkTest00957.java,0,0,CWE-22,CWE-22,1,0,1,0,0,CWE-22,1108,0.0004432,0,0.0,5,8e-06,0.0004512,4.950281858444214
BenchmarkTest00958.java,0,0,CWE-22,CWE-22,1,0,1,0,0,CWE-22,1159,0.0004636,0,0.0,5,8e-06,0.0004716,4.941130876541138
BenchmarkTest00959.java,1,0,CWE-90,CWE-90,1,1,0,0,0,CWE-90,1223,0.0004892,0,0.0,5,8e-06,0.0004972,4.934282064437866
BenchmarkTest00960.java,1,0,CWE-330,CWE-330,1,1,0,0,0,CWE-330,1296,0.0005184,0,0.0,5,8e-06,0.0005264,4.821816921234131
BenchmarkTest00961.java,1,0,CWE-328,,,0,0,0,1,Not vulnerable,1328,0.0005312,0,0.0,3,4.800000000000001e-06,0.000536,7.9309983253479
BenchmarkTest00962.java,0,0,CWE-328,CWE-327,0,0,1,0,0,"CWE-312,CWE-327,CWE-532",1224,0.0004896,0,0.0,13,2.08e-05,0.0005103999999999,4.911546468734741
BenchmarkTest00963.java,1,0,CWE-328,CWE-327,0,1,0,0,0,"CWE-327,CWE-312,CWE-200",1137,0.0004548,0,0.0,13,2.08e-05,0.0004756,4.901703834533691
BenchmarkTest00964.java,0,0,CWE-328,CWE-327,0,0,1,0,0,"CWE-312,CWE-327,CWE-276,CWE-200",1173,0.0004692,0,0.0,17,2.7200000000000004e-05,0.0004964,4.891102313995361
BenchmarkTest00965.java,0,0,CWE-328,CWE-327,0,0,1,0,0,"CWE-327,CWE-313",1287,0.0005148,0,0.0,9,1.44e-05,0.0005292,9.0800039768219
BenchmarkTest00966.java,0,0,CWE-328,CWE-327,0,0,1,0,0,"CWE-327,CWE-276,CWE-200",1216,0.0004864,0,0.0,13,2.08e-05,0.0005072,7.910730600357056
BenchmarkTest00967.java,0,0,CWE-328,CWE-327,0,0,1,0,0,"CWE-327,CWE-276",1258,0.0005032,0,0.0,9,1.44e-05,0.0005176,8.202361583709717
BenchmarkTest00968.java,1,0,CWE-78,CWE-78,1,1,0,0,0,CWE-78,907,0.0003628,0,0.0,5,8e-06,0.0003708,8.114957332611084
BenchmarkTest00969.java,0,0,CWE-78,,,0,0,1,0,Not vulnerable,1228,0.0004912,0,0.0,3,4.800000000000001e-06,0.000496,7.723976373672485
BenchmarkTest00970.java,0,0,CWE-78,CWE-78,1,0,1,0,0,CWE-78,952,0.0003808,0,0.0,5,8e-06,0.0003887999999999,7.748749256134033
BenchmarkTest00971.java,1,0,CWE-330,CWE-330,1,1,0,0,0,CWE-330,1212,0.0004848,0,0.0,5,8e-06,0.0004928,8.059170961380005
BenchmarkTest00972.java,1,0,CWE-330,CWE-330,1,1,0,0,0,CWE-330,1303,0.0005212,0,0.0,5,8e-06,0.0005292,8.029358625411987
BenchmarkTest00973.java,1,0,CWE-330,CWE-330,1,1,0,0,0,CWE-330,1156,0.0004624,0,0.0,5,8e-06,0.0004704,8.13818907737732
BenchmarkTest00974.java,1,0,CWE-330,CWE-330,1,1,0,0,0,CWE-330,1180,0.000472,0,0.0,5,8e-06,0.0004799999999999,8.024989604949951
BenchmarkTest00975.java,1,0,CWE-330,CWE-330,1,1,0,0,0,CWE-330,1178,0.0004712,0,0.0,5,8e-06,0.0004792,4.8459792137146
BenchmarkTest00976.java,1,0,CWE-330,CWE-330,1,1,0,0,0,CWE-330,1162,0.0004648,0,0.0,5,8e-06,0.0004728,8.22974705696106
BenchmarkTest00977.java,1,0,CWE-614,CWE-614,1,1,0,0,0,"CWE-614,CWE-614",1049,0.0004196,0,0.0,9,1.44e-05,0.000434,8.157354593276978
BenchmarkTest00978.java,0,0,CWE-78,CWE-78,1,0,1,0,0,CWE-78,1307,0.0005228,0,0.0,5,8e-06,0.0005308,7.999729871749878
BenchmarkTest00979.java,1,0,CWE-78,CWE-78,1,1,0,0,0,CWE-78,1097,0.0004388,0,0.0,5,8e-06,0.0004467999999999,8.24584412574768
BenchmarkTest00980.java,0,0,CWE-78,CWE-78,1,0,1,0,0,CWE-78,968,0.0003872,0,0.0,5,8e-06,0.0003952,4.81358528137207
BenchmarkTest00981.java,1,0,CWE-78,CWE-78,1,1,0,0,0,CWE-78,1037,0.0004148,0,0.0,5,8e-06,0.0004228,7.623121738433838
BenchmarkTest00982.java,0,0,CWE-78,CWE-78,1,0,1,0,0,CWE-78,1030,0.000412,0,0.0,5,8e-06,0.0004199999999999,7.901979207992554
BenchmarkTest00983.java,1,0,CWE-78,CWE-78,1,1,0,0,0,CWE-78,922,0.0003688,0,0.0,5,8e-06,0.0003768,7.780043363571167
BenchmarkTest00984.java,0,0,CWE-330,,,0,0,1,0,Not vulnerable,1553,0.0006212,0,0.0,3,4.800000000000001e-06,0.000626,7.240504026412964
BenchmarkTest00985.java,0,0,CWE-330,,,0,0,1,0,Not vulnerable,1294,0.0005176,0,0.0,3,4.800000000000001e-06,0.0005224,7.912001371383667
BenchmarkTest00986.java,0,0,CWE-330,,,0,0,1,0,Not vulnerable,1264,0.0005056,0,0.0,3,4.800000000000001e-06,0.0005104,7.695966243743896
BenchmarkTest00987.java,0,0,CWE-330,CWE-330,1,0,1,0,0,CWE-330,1247,0.0004988,0,0.0,5,8e-06,0.0005068,4.189690589904785
BenchmarkTest00988.java,0,0,CWE-330,CWE-330,1,0,1,0,0,CWE-330,1246,0.0004984,0,0.0,5,8e-06,0.0005064,4.290048599243164
BenchmarkTest00989.java,0,0,CWE-330,,,0,0,1,0,Not vulnerable,1487,0.0005948,0,0.0,3,4.800000000000001e-06,0.0005996,7.440699815750122
BenchmarkTest00990.java,0,0,CWE-330,CWE-330,1,0,1,0,0,CWE-330,1194,0.0004776,0,0.0,5,8e-06,0.0004856,7.097585439682007
BenchmarkTest00996.java,1,0,CWE-89,CWE-89,1,1,0,0,0,CWE-89,936,0.0003744,0,0.0,5,8e-06,0.0003824,6.855266332626343
BenchmarkTest00997.java,1,0,CWE-89,CWE-89,1,1,0,0,0,CWE-89,991,0.0003964,0,0.0,5,8e-06,0.0004044,6.837235689163208
BenchmarkTest00998.java,1,0,CWE-89,CWE-89,1,1,0,0,0,CWE-89,956,0.0003824,0,0.0,5,8e-06,0.0003904,6.982816696166992
BenchmarkTest00999.java,0,0,CWE-89,CWE-89,1,0,1,0,0,CWE-89,962,0.0003848,0,0.0,5,8e-06,0.0003928,6.564312696456909
BenchmarkTest01000.java,1,0,CWE-89,CWE-89,1,1,0,0,0,CWE-89,972,0.0003888,0,0.0,5,8e-06,0.0003968,6.842351198196411
BenchmarkTest01001.java,0,0,CWE-89,CWE-89,1,0,1,0,0,CWE-89,926,0.0003704,0,0.0,5,8e-06,0.0003784,7.052411079406738
BenchmarkTest01002.java,1,0,CWE-89,CWE-89,1,1,0,0,0,CWE-89,934,0.0003736,0,0.0,5,8e-06,0.0003816,6.926067352294922
BenchmarkTest01003.java,1,0,CWE-89,CWE-89,1,1,0,0,0,CWE-89,971,0.0003884,0,0.0,5,8e-06,0.0003964,6.614822864532471
BenchmarkTest01004.java,1,0,CWE-89,CWE-89,1,1,0,0,0,CWE-89,1007,0.0004028,0,0.0,5,8e-06,0.0004108,6.200354814529419
BenchmarkTest01005.java,1,0,CWE-89,CWE-89,1,1,0,0,0,CWE-89,1000,0.0004,0,0.0,5,8e-06,0.000408,6.879347324371338
BenchmarkTest01006.java,1,0,CWE-89,CWE-89,1,1,0,0,0,CWE-89,1052,0.0004208,0,0.0,5,8e-06,0.0004288,3.190873861312866
BenchmarkTest01007.java,1,0,CWE-89,CWE-89,1,1,0,0,0,CWE-89,1074,0.0004296,0,0.0,5,8e-06,0.0004376,2.4421169757843018
BenchmarkTest01008.java,1,0,CWE-89,CWE-89,1,1,0,0,0,CWE-89,989,0.0003956,0,0.0,5,8e-06,0.0004036,5.421662092208862
BenchmarkTest01009.java,1,0,CWE-89,CWE-89,1,1,0,0,0,CWE-89,1034,0.0004136,0,0.0,5,8e-06,0.0004216,5.406953811645508
BenchmarkTest01010.java,0,0,CWE-89,CWE-89,1,0,1,0,0,CWE-89,977,0.0003908,0,0.0,5,8e-06,0.0003988,5.409076452255249
BenchmarkTest01011.java,1,0,CWE-89,CWE-89,1,1,0,0,0,CWE-89,919,0.0003676,0,0.0,5,8e-06,0.0003756,5.4498817920684814
BenchmarkTest01012.java,0,0,CWE-89,CWE-89,1,0,1,0,0,CWE-89,956,0.0003824,0,0.0,5,8e-06,0.0003904,4.6118810176849365
BenchmarkTest01013.java,0,0,CWE-643,CWE-643,1,0,1,0,0,CWE-643,1147,0.0004588,0,0.0,5,8e-06,0.0004667999999999,4.47127103805542
BenchmarkTest01014.java,0,0,CWE-643,CWE-643,1,0,1,0,0,CWE-643,1134,0.0004536,0,0.0,5,8e-06,0.0004616,4.0272216796875
BenchmarkTest01015.java,1,0,CWE-327,CWE-327,1,1,0,0,0,"CWE-327,CWE-321",1592,0.0006368,0,0.0,9,1.44e-05,0.0006512,4.189815521240234
BenchmarkTest01016.java,1,0,CWE-327,CWE-327,1,1,0,0,0,"CWE-327,CWE-321",1749,0.0006996,0,0.0,9,1.44e-05,0.000714,4.172574043273926
BenchmarkTest01017.java,1,0,CWE-327,CWE-327,1,1,0,0,0,CWE-327,1934,0.0007736,0,0.0,5,8e-06,0.0007816,4.096303462982178
BenchmarkTest01018.java,1,0,CWE-327,CWE-327,1,1,0,0,0,"CWE-327,CWE-321",1266,0.0005064,0,0.0,9,1.44e-05,0.0005208,4.184972047805786
BenchmarkTest01019.java,0,0,CWE-327,CWE-327,1,0,1,0,0,"CWE-327,CWE-276",1142,0.0004568,0,0.0,9,1.44e-05,0.0004712,4.153780937194824
BenchmarkTest01020.java,1,0,CWE-327,CWE-327,1,1,0,0,0,"CWE-327,CWE-326,CWE-321,CWE-312",1151,0.0004604,0,0.0,17,2.7200000000000004e-05,0.0004876,4.148670434951782
BenchmarkTest01021.java,0,0,CWE-327,CWE-327,1,0,1,0,0,"CWE-327,CWE-321",1401,0.0005604,0,0.0,9,1.44e-05,0.0005748,4.150377035140991
BenchmarkTest01022.java,0,0,CWE-327,CWE-327,1,0,1,0,0,"CWE-327,CWE-321",1314,0.0005256,0,0.0,9,1.44e-05,0.00054,4.1205785274505615
BenchmarkTest01023.java,1,0,CWE-90,CWE-90,1,1,0,0,0,CWE-90,1061,0.0004244,0,0.0,5,8e-06,0.0004324,4.098958015441895
BenchmarkTest01024.java,0,0,CWE-90,,,0,0,1,0,Not vulnerable,1067,0.0004268,0,0.0,3,4.800000000000001e-06,0.0004316,3.990964651107788
BenchmarkTest01025.java,1,0,CWE-22,CWE-22,1,1,0,0,0,CWE-22,743,0.0002972,0,0.0,5,8e-06,0.0003052,4.096444368362427
BenchmarkTest01026.java,0,0,CWE-22,,,0,0,1,0,Not vulnerable,1021,0.0004084,0,0.0,3,4.800000000000001e-06,0.0004132,4.099446535110474
BenchmarkTest01027.java,0,0,CWE-22,,,0,0,1,0,Not vulnerable,745,0.000298,0,0.0,3,4.800000000000001e-06,0.0003028,4.028804540634155
BenchmarkTest01028.java,0,0,CWE-22,CWE-22,1,0,1,0,0,CWE-22,963,0.0003852,0,0.0,5,8e-06,0.0003932,3.9878861904144287
BenchmarkTest01029.java,1,0,CWE-22,CWE-22,1,1,0,0,0,CWE-22,920,0.000368,0,0.0,5,8e-06,0.000376,4.071953058242798
BenchmarkTest01030.java,0,0,CWE-22,CWE-22,1,0,1,0,0,CWE-22,1006,0.0004024,0,0.0,5,8e-06,0.0004104,4.038998603820801
BenchmarkTest01031.java,0,0,CWE-22,CWE-22,1,0,1,0,0,CWE-22,914,0.0003656,0,0.0,5,8e-06,0.0003736,3.9846537113189697
BenchmarkTest01032.java,1,0,CWE-22,CWE-22,1,1,0,0,0,CWE-22,825,0.00033,0,0.0,5,8e-06,0.000338,4.098511934280396
BenchmarkTest01033.java,1,0,CWE-22,CWE-22,1,1,0,0,0,CWE-22,806,0.0003224,0,0.0,5,8e-06,0.0003304,3.977143049240112
BenchmarkTest01034.java,1,0,CWE-22,CWE-22,1,1,0,0,0,CWE-22,817,0.0003268,0,0.0,5,8e-06,0.0003348,4.016359806060791
BenchmarkTest01035.java,0,0,CWE-22,,,0,0,1,0,Not vulnerable,821,0.0003284,0,0.0,3,4.800000000000001e-06,0.0003332,3.963908672332764
BenchmarkTest01036.java,0,0,CWE-22,,,0,0,1,0,Not vulnerable,1012,0.0004048,0,0.0,3,4.800000000000001e-06,0.0004096,3.968979358673096
BenchmarkTest01037.java,0,0,CWE-328,,,0,0,1,0,Not vulnerable,1163,0.0004652,0,0.0,3,4.800000000000001e-06,0.00047,3.981578826904297
BenchmarkTest01038.java,1,0,CWE-328,CWE-327,0,1,0,0,0,"CWE-327,CWE-276",1023,0.0004092,0,0.0,9,1.44e-05,0.0004236,4.369808912277222
BenchmarkTest01039.java,0,0,CWE-328,,,0,0,1,0,Not vulnerable,1024,0.0004096,0,0.0,3,4.800000000000001e-06,0.0004144,3.980077981948853
BenchmarkTest01040.java,0,0,CWE-328,,,0,0,1,0,Not vulnerable,1002,0.0004008,0,0.0,3,4.800000000000001e-06,0.0004056,3.9548778533935542
BenchmarkTest01041.java,1,0,CWE-328,,,0,0,0,1,Not vulnerable,1042,0.0004168,0,0.0,3,4.800000000000001e-06,0.0004216,3.957897186279297
BenchmarkTest01042.java,1,0,CWE-328,,,0,0,0,1,"CWE-276,CWE-732,CWE-312",1051,0.0004204,0,0.0,13,2.08e-05,0.0004412,6.653922319412232
BenchmarkTest01043.java,1,0,CWE-328,,,0,0,0,1,Not vulnerable,1075,0.00043,0,0.0,3,4.800000000000001e-06,0.0004348,7.20129132270813
BenchmarkTest01044.java,1,0,CWE-328,,,0,0,0,1,"CWE-276,CWE-732,CWE-532",1142,0.0004568,0,0.0,13,2.08e-05,0.0004776,6.501188516616821
BenchmarkTest01045.java,0,0,CWE-328,CWE-327,0,0,1,0,0,"CWE-327,CWE-276,CWE-532",1073,0.0004292,0,0.0,13,2.08e-05,0.00045,6.991156578063965
BenchmarkTest01046.java,1,0,CWE-79,CWE-79,1,1,0,0,0,CWE-79,794,0.0003176,0,0.0,5,8e-06,0.0003256,4.129706382751465
BenchmarkTest01047.java,1,0,CWE-79,CWE-79,1,1,0,0,0,CWE-79,742,0.0002968,0,0.0,5,8e-06,0.0003048,6.935556650161743
BenchmarkTest01048.java,0,0,CWE-79,CWE-79,1,0,1,0,0,CWE-79,638,0.0002552,0,0.0,5,8e-06,0.0002632,6.950974702835083
BenchmarkTest01049.java,1,0,CWE-79,CWE-79,1,1,0,0,0,CWE-79,712,0.0002848,0,0.0,5,8e-06,0.0002928,7.187539339065552
BenchmarkTest01050.java,1,0,CWE-79,CWE-79,1,1,0,0,0,CWE-79,635,0.000254,0,0.0,5,8e-06,0.0002619999999999,6.307369232177734
BenchmarkTest01051.java,0,0,CWE-79,CWE-79,1,0,1,0,0,CWE-79,680,0.000272,0,0.0,5,8e-06,0.00028,7.190931558609009
BenchmarkTest01052.java,0,0,CWE-79,CWE-79,1,0,1,0,0,"CWE-74,CWE-79",710,0.000284,0,0.0,9,1.44e-05,0.0002984,8.90410852432251
BenchmarkTest01053.java,0,0,CWE-79,CWE-79,1,0,1,0,0,CWE-79,657,0.0002628,0,0.0,5,8e-06,0.0002707999999999,6.608879327774048
BenchmarkTest01054.java,0,0,CWE-79,CWE-79,1,0,1,0,0,CWE-79,620,0.000248,0,0.0,5,8e-06,0.000256,7.150668382644653
BenchmarkTest01055.java,1,0,CWE-79,CWE-79,1,1,0,0,0,CWE-79,690,0.000276,0,0.0,5,8e-06,0.0002839999999999,6.126676082611084
BenchmarkTest01056.java,1,0,CWE-79,CWE-79,1,1,0,0,0,CWE-79,686,0.0002744,0,0.0,5,8e-06,0.0002824,8.735326528549194
BenchmarkTest01057.java,1,0,CWE-79,CWE-79,1,1,0,0,0,CWE-79,655,0.000262,0,0.0,5,8e-06,0.00027,6.918284177780151
BenchmarkTest01058.java,1,0,CWE-330,CWE-330,1,1,0,0,0,CWE-330,1050,0.00042,0,0.0,5,8e-06,0.000428,6.389418125152588
BenchmarkTest01059.java,1,0,CWE-330,CWE-338,0,1,0,0,0,CWE-338,1062,0.0004248,0,0.0,5,8e-06,0.0004328,7.209430456161499
BenchmarkTest01060.java,1,0,CWE-330,CWE-330,1,1,0,0,0,CWE-330,1105,0.000442,0,0.0,5,8e-06,0.00045,6.200861215591431
BenchmarkTest01061.java,1,0,CWE-614,CWE-614,1,1,0,0,0,"CWE-614,CWE-614",923,0.0003692,0,0.0,9,1.44e-05,0.0003836,6.267381191253662
BenchmarkTest01062.java,0,0,CWE-614,,,0,0,1,0,Not vulnerable,906,0.0003624,0,0.0,3,4.800000000000001e-06,0.0003672,6.210916042327881
BenchmarkTest01063.java,1,0,CWE-79,CWE-79,1,1,0,0,0,CWE-79,913,0.0003652,0,0.0,5,8e-06,0.0003732,6.37225604057312
BenchmarkTest01064.java,1,0,CWE-78,CWE-78,1,1,0,0,0,CWE-78,850,0.00034,0,0.0,5,8e-06,0.000348,7.148789882659912
BenchmarkTest01065.java,0,0,CWE-78,CWE-78,1,0,1,0,0,CWE-78,890,0.000356,0,0.0,5,8e-06,0.0003639999999999,8.761393547058105
BenchmarkTest01066.java,1,0,CWE-78,CWE-78,1,1,0,0,0,CWE-78,776,0.0003104,0,0.0,5,8e-06,0.0003184,6.52844500541687
BenchmarkTest01067.java,0,0,CWE-78,CWE-78,1,0,1,0,0,CWE-78,808,0.0003232,0,0.0,5,8e-06,0.0003312,6.632720947265625
BenchmarkTest01068.java,0,0,CWE-78,CWE-78,1,0,1,0,0,CWE-78,807,0.0003228,0,0.0,5,8e-06,0.0003307999999999,7.092176675796509
BenchmarkTest01069.java,0,0,CWE-330,,,0,0,1,0,Not vulnerable,1104,0.0004416,0,0.0,3,4.800000000000001e-06,0.0004464,4.786870241165161
BenchmarkTest01070.java,0,0,CWE-330,CWE-330,1,0,1,0,0,CWE-330,1413,0.0005652,0,0.0,5,8e-06,0.0005732,6.392024517059326
BenchmarkTest01071.java,0,0,CWE-330,,,0,0,1,0,Not vulnerable,1150,0.00046,0,0.0,3,4.800000000000001e-06,0.0004648,6.30803370475769
BenchmarkTest01072.java,0,0,CWE-330,,,0,0,1,0,Not vulnerable,1132,0.0004528,0,0.0,3,4.800000000000001e-06,0.0004576,6.1749348640441895
BenchmarkTest01073.java,0,0,CWE-330,,,0,0,1,0,Not vulnerable,1211,0.0004844,0,0.0,3,4.800000000000001e-06,0.0004892,5.203326463699341
BenchmarkTest01074.java,0,0,CWE-330,CWE-330,1,0,1,0,0,CWE-330,1071,0.0004284,0,0.0,5,8e-06,0.0004364,4.156768560409546
BenchmarkTest01075.java,0,0,CWE-330,CWE-330,1,0,1,0,0,CWE-330,1072,0.0004288,0,0.0,5,8e-06,0.0004368,5.420092105865479
BenchmarkTest01076.java,0,0,CWE-330,CWE-338,0,0,1,0,0,CWE-338,1174,0.0004696,0,0.0,5,8e-06,0.0004776,3.347975015640259
BenchmarkTest01077.java,0,0,CWE-330,CWE-330,1,0,1,0,0,CWE-330,1092,0.0004368,0,0.0,5,8e-06,0.0004447999999999,4.965094327926636
BenchmarkTest01078.java,0,0,CWE-330,CWE-330,1,0,1,0,0,CWE-330,1070,0.000428,0,0.0,5,8e-06,0.0004359999999999,5.6327292919158936
BenchmarkTest01079.java,0,0,CWE-330,CWE-330,1,0,1,0,0,CWE-330,1071,0.0004284,0,0.0,5,8e-06,0.0004364,4.947590827941895
BenchmarkTest01083.java,1,0,CWE-89,CWE-89,1,1,0,0,0,CWE-89,758,0.0003032,0,0.0,5,8e-06,0.0003112,3.2708635330200195
BenchmarkTest01084.java,1,0,CWE-89,CWE-89,1,1,0,0,0,CWE-89,795,0.000318,0,0.0,5,8e-06,0.0003259999999999,5.16978907585144
BenchmarkTest01085.java,0,0,CWE-89,CWE-89,1,0,1,0,0,CWE-89,830,0.000332,0,0.0,5,8e-06,0.0003399999999999,5.189226388931274
BenchmarkTest01086.java,0,0,CWE-89,CWE-89,1,0,1,0,0,CWE-89,790,0.000316,0,0.0,5,8e-06,0.0003239999999999,6.443783521652222
BenchmarkTest01087.java,1,0,CWE-89,CWE-89,1,1,0,0,0,CWE-89,848,0.0003392,0,0.0,5,8e-06,0.0003472,6.451942443847656
BenchmarkTest01088.java,1,0,CWE-89,CWE-89,1,1,0,0,0,CWE-89,840,0.000336,0,0.0,5,8e-06,0.0003439999999999,5.053399324417114
BenchmarkTest01089.java,0,0,CWE-89,,,0,0,1,0,Not vulnerable,955,0.000382,0,0.0,3,4.800000000000001e-06,0.0003868,2.9498114585876465
BenchmarkTest01090.java,1,0,CWE-89,CWE-89,1,1,0,0,0,CWE-89,841,0.0003364,0,0.0,5,8e-06,0.0003444,4.871938943862915
BenchmarkTest01091.java,1,0,CWE-89,CWE-89,1,1,0,0,0,CWE-89,795,0.000318,0,0.0,5,8e-06,0.0003259999999999,4.908750057220459
BenchmarkTest01092.java,0,0,CWE-89,CWE-89,1,0,1,0,0,CWE-89,766,0.0003064,0,0.0,5,8e-06,0.0003144,3.2153329849243164
BenchmarkTest01093.java,1,0,CWE-89,CWE-89,1,1,0,0,0,CWE-89,840,0.000336,0,0.0,5,8e-06,0.0003439999999999,5.0197484493255615
BenchmarkTest01094.java,1,0,CWE-89,CWE-89,1,1,0,0,0,CWE-89,726,0.0002904,0,0.0,5,8e-06,0.0002984,4.777385473251343
BenchmarkTest01095.java,0,0,CWE-89,CWE-89,1,0,1,0,0,CWE-89,775,0.00031,0,0.0,5,8e-06,0.000318,3.1984081268310547
BenchmarkTest01096.java,0,0,CWE-89,CWE-89,1,0,1,0,0,CWE-89,836,0.0003344,0,0.0,5,8e-06,0.0003424,5.498418092727661
BenchmarkTest01097.java,1,0,CWE-89,CWE-89,1,1,0,0,0,CWE-89,767,0.0003068,0,0.0,5,8e-06,0.0003148,4.80976414680481
BenchmarkTest01098.java,0,0,CWE-89,CWE-89,1,0,1,0,0,CWE-89,814,0.0003256,0,0.0,5,8e-06,0.0003336,2.8493032455444336
BenchmarkTest01099.java,1,0,CWE-327,CWE-327,1,1,0,0,0,"CWE-327,CWE-321",1774,0.0007096,0,0.0,9,1.44e-05,0.000724,5.917200565338135
BenchmarkTest01100.java,0,0,CWE-327,,,0,0,1,0,"CWE-321,CWE-276,CWE-532",1250,0.0005,0,0.0,13,2.08e-05,0.0005208,5.831359386444092
BenchmarkTest01101.java,0,0,CWE-327,,,0,0,1,0,"CWE-276,CWE-532",1197,0.0004788,0,0.0,9,1.44e-05,0.0004932,6.206429481506348
BenchmarkTest01102.java,1,0,CWE-327,CWE-327,1,1,0,0,0,"CWE-327,CWE-321",1450,0.00058,0,0.0,9,1.44e-05,0.0005944,4.970695972442627
BenchmarkTest01103.java,1,0,CWE-327,CWE-327,1,1,0,0,0,"CWE-327,CWE-321",1450,0.00058,0,0.0,9,1.44e-05,0.0005944,5.931153774261475
BenchmarkTest01104.java,0,0,CWE-327,,,0,0,1,0,Not vulnerable,1304,0.0005216,0,0.0,3,4.800000000000001e-06,0.0005264,5.825763463973999
BenchmarkTest01105.java,1,0,CWE-327,CWE-327,1,1,0,0,0,"CWE-327,CWE-321,CWE-276",1197,0.0004788,0,0.0,13,2.08e-05,0.0004996,5.437545537948608
BenchmarkTest01106.java,1,0,CWE-327,CWE-327,1,1,0,0,0,"CWE-327,CWE-321",1211,0.0004844,0,0.0,9,1.44e-05,0.0004988,6.394210577011108
BenchmarkTest01107.java,1,0,CWE-327,CWE-327,1,1,0,0,0,"CWE-327,CWE-321",1246,0.0004984,0,0.0,9,1.44e-05,0.0005128,4.972806215286255
BenchmarkTest01108.java,0,0,CWE-327,CWE-327,1,0,1,0,0,"CWE-327,CWE-321,CWE-276",1388,0.0005552,0,0.0,13,2.08e-05,0.000576,6.332200765609741
BenchmarkTest01109.java,0,0,CWE-22,,,0,0,1,0,Not vulnerable,1103,0.0004412,0,0.0,3,4.800000000000001e-06,0.000446,5.796691417694092
BenchmarkTest01110.java,0,0,CWE-22,CWE-22,1,0,1,0,0,CWE-22,1072,0.0004288,0,0.0,5,8e-06,0.0004368,5.400750160217285
BenchmarkTest01111.java,1,0,CWE-22,CWE-22,1,1,0,0,0,CWE-22,954,0.0003816,0,0.0,5,8e-06,0.0003896,4.772632837295532
BenchmarkTest01112.java,1,0,CWE-22,CWE-22,1,1,0,0,0,CWE-22,1021,0.0004084,0,0.0,5,8e-06,0.0004164,6.2304863929748535
BenchmarkTest01113.java,0,0,CWE-22,CWE-22,1,0,1,0,0,CWE-22,992,0.0003968,0,0.0,5,8e-06,0.0004048,5.711262941360474
BenchmarkTest01114.java,0,0,CWE-22,,,0,0,1,0,Not vulnerable,1177,0.0004708,0,0.0,3,4.800000000000001e-06,0.0004756,5.553966045379639
BenchmarkTest01115.java,0,0,CWE-22,,,0,0,1,0,Not vulnerable,1175,0.00047,0,0.0,3,4.800000000000001e-06,0.0004748,8.186681509017944
BenchmarkTest01116.java,1,0,CWE-22,CWE-22,1,1,0,0,0,CWE-22,980,0.000392,0,0.0,5,8e-06,0.0003999999999999,8.17706823348999
BenchmarkTest01117.java,1,0,CWE-22,CWE-22,1,1,0,0,0,CWE-22,947,0.0003788,0,0.0,5,8e-06,0.0003867999999999,8.155444622039795
BenchmarkTest01118.java,0,0,CWE-22,,,0,0,1,0,Not vulnerable,1090,0.000436,0,0.0,3,4.800000000000001e-06,0.0004408,8.126285314559937
BenchmarkTest01119.java,1,0,CWE-330,CWE-330,1,1,0,0,0,CWE-330,1207,0.0004828,0,0.0,5,8e-06,0.0004908,7.228932380676269
BenchmarkTest01120.java,0,0,CWE-328,,,0,0,1,0,Not vulnerable,1471,0.0005884,0,0.0,3,4.800000000000001e-06,0.0005932,9.112256050109863
BenchmarkTest01121.java,0,0,CWE-328,,,0,0,1,0,Not vulnerable,1199,0.0004796,0,0.0,3,4.800000000000001e-06,0.0004844,7.708868741989136
BenchmarkTest01122.java,0,0,CWE-328,,,0,0,1,0,"CWE-276,CWE-732,CWE-532",1290,0.000516,0,0.0,13,2.08e-05,0.0005367999999999,5.082786560058594
BenchmarkTest01123.java,1,0,CWE-328,CWE-327,0,1,0,0,0,"CWE-327,CWE-276",1170,0.000468,0,0.0,9,1.44e-05,0.0004824,7.345509767532349
BenchmarkTest01124.java,1,0,CWE-328,,,0,0,0,1,Not vulnerable,1242,0.0004968,0,0.0,3,4.800000000000001e-06,0.0005016,7.864229917526245
BenchmarkTest01125.java,0,0,CWE-328,CWE-327,0,0,1,0,0,"CWE-327,CWE-276",1136,0.0004544,0,0.0,9,1.44e-05,0.0004688,8.911381959915161
BenchmarkTest01126.java,0,0,CWE-328,CWE-327,0,0,1,0,0,"CWE-327,CWE-276",1151,0.0004604,0,0.0,9,1.44e-05,0.0004748,7.841718435287476
BenchmarkTest01127.java,1,0,CWE-330,CWE-330,1,1,0,0,0,CWE-330,1144,0.0004576,0,0.0,5,8e-06,0.0004656,7.748369693756103
BenchmarkTest01128.java,1,0,CWE-330,CWE-330,1,1,0,0,0,CWE-330,1143,0.0004572,0,0.0,5,8e-06,0.0004652,4.940477609634399
BenchmarkTest01129.java,1,0,CWE-330,CWE-330,1,1,0,0,0,CWE-330,1111,0.0004444,0,0.0,5,8e-06,0.0004524,7.660948753356934
BenchmarkTest01130.java,1,0,CWE-330,CWE-330,1,1,0,0,0,CWE-330,1108,0.0004432,0,0.0,5,8e-06,0.0004512,7.562833786010742
BenchmarkTest01131.java,1,0,CWE-330,CWE-330,1,1,0,0,0,CWE-330,1095,0.000438,0,0.0,5,8e-06,0.000446,7.62505292892456
BenchmarkTest01132.java,1,0,CWE-330,CWE-330,1,1,0,0,0,CWE-330,1177,0.0004708,0,0.0,5,8e-06,0.0004788,7.097085952758789
BenchmarkTest01133.java,1,0,CWE-330,CWE-330,1,1,0,0,0,CWE-330,1077,0.0004308,0,0.0,5,8e-06,0.0004388,6.15132999420166
BenchmarkTest01134.java,1,0,CWE-614,CWE-614,1,1,0,0,0,"CWE-614,CWE-614",1053,0.0004212,0,0.0,9,1.44e-05,0.0004356,4.817294359207153
BenchmarkTest01135.java,0,0,CWE-330,CWE-330,1,0,1,0,0,CWE-330,1196,0.0004784,0,0.0,5,8e-06,0.0004864,8.822542905807495
BenchmarkTest01136.java,0,0,CWE-330,,,0,0,1,0,Not vulnerable,1494,0.0005976,0,0.0,3,4.800000000000001e-06,0.0006024,4.773167133331299
BenchmarkTest01137.java,0,0,CWE-330,CWE-330,1,0,1,0,0,CWE-330,1157,0.0004628,0,0.0,5,8e-06,0.0004708,7.519193887710571
BenchmarkTest01138.java,0,0,CWE-330,CWE-330,1,0,1,0,0,CWE-330,1197,0.0004788,0,0.0,5,8e-06,0.0004868,7.065516710281372
BenchmarkTest01139.java,0,0,CWE-330,CWE-330,1,0,1,0,0,CWE-330,1198,0.0004792,0,0.0,5,8e-06,0.0004872,7.0207390785217285
BenchmarkTest01140.java,0,0,CWE-330,CWE-330,1,0,1,0,0,CWE-330,1440,0.000576,0,0.0,5,8e-06,0.000584,4.393190860748291
BenchmarkTest01141.java,0,0,CWE-330,CWE-330,1,0,1,0,0,CWE-330,1181,0.0004724,0,0.0,5,8e-06,0.0004804,6.941118001937866
BenchmarkTest01147.java,0,0,CWE-327,CWE-327,1,0,1,0,0,"CWE-327,CWE-330,CWE-276",1687,0.0006748,0,0.0,13,2.08e-05,0.0006956,8.258636236190796
BenchmarkTest01148.java,1,0,CWE-327,CWE-327,1,1,0,0,0,"CWE-327,CWE-321",1678,0.0006712,0,0.0,9,1.44e-05,0.0006856,8.801917552947998
BenchmarkTest01149.java,1,0,CWE-327,CWE-327,1,1,0,0,0,"CWE-327,CWE-321",1743,0.0006972,0,0.0,9,1.44e-05,0.0007116,5.938040494918823
BenchmarkTest01150.java,1,0,CWE-327,CWE-327,1,1,0,0,0,"CWE-327,CWE-321",1352,0.0005408,0,0.0,9,1.44e-05,0.0005552,3.960254192352295
BenchmarkTest01151.java,0,0,CWE-327,CWE-327,1,0,1,0,0,"CWE-327,CWE-276,CWE-532",1126,0.0004504,0,0.0,13,2.08e-05,0.0004712,3.3188018798828125
BenchmarkTest01152.java,0,0,CWE-327,CWE-327,1,0,1,0,0,"CWE-327,CWE-276",1173,0.0004692,0,0.0,9,1.44e-05,0.0004836,3.904987573623657
BenchmarkTest01153.java,0,0,CWE-327,CWE-327,1,0,1,0,0,"CWE-327,CWE-326",1602,0.0006408,0,0.0,9,1.44e-05,0.0006552,8.537418842315674
BenchmarkTest01154.java,0,0,CWE-90,CWE-90,1,0,1,0,0,CWE-90,1150,0.00046,0,0.0,5,8e-06,0.000468,3.736365795135498
BenchmarkTest01155.java,1,0,CWE-22,CWE-22,1,1,0,0,0,CWE-22,794,0.0003176,0,0.0,5,8e-06,0.0003256,3.1910994052886963
BenchmarkTest01156.java,1,0,CWE-22,CWE-22,1,1,0,0,0,CWE-22,1008,0.0004032,0,0.0,5,8e-06,0.0004112,5.004364490509033
BenchmarkTest01157.java,1,0,CWE-22,CWE-22,1,1,0,0,0,CWE-22,1008,0.0004032,0,0.0,5,8e-06,0.0004112,4.900688171386719
BenchmarkTest01158.java,0,0,CWE-22,CWE-22,1,0,1,0,0,CWE-22,930,0.000372,0,0.0,5,8e-06,0.0003799999999999,5.657158374786377
BenchmarkTest01159.java,0,0,CWE-22,,,0,0,1,0,Not vulnerable,1166,0.0004664,0,0.0,3,4.800000000000001e-06,0.0004712,5.119109630584717
BenchmarkTest01160.java,0,0,CWE-22,,,0,0,1,0,Not vulnerable,843,0.0003372,0,0.0,3,4.800000000000001e-06,0.000342,5.572579383850098
BenchmarkTest01161.java,1,0,CWE-22,CWE-22,1,1,0,0,0,CWE-22,868,0.0003472,0,0.0,5,8e-06,0.0003552,5.220594167709351
BenchmarkTest01162.java,1,0,CWE-330,CWE-330,1,1,0,0,0,CWE-330,1167,0.0004668,0,0.0,5,8e-06,0.0004748,8.067687273025513
BenchmarkTest01163.java,1,0,CWE-330,CWE-338,0,1,0,0,0,CWE-338,1078,0.0004312,0,0.0,5,8e-06,0.0004392,7.969177961349487
BenchmarkTest01164.java,0,0,CWE-328,,,0,0,1,0,Not vulnerable,1159,0.0004636,0,0.0,3,4.800000000000001e-06,0.0004684,7.94701075553894
BenchmarkTest01165.java,1,0,CWE-328,,,0,0,0,1,Not vulnerable,1384,0.0005536,0,0.0,3,4.800000000000001e-06,0.0005584,7.985698699951172
BenchmarkTest01166.java,1,0,CWE-328,,,0,0,0,1,"CWE-321,CWE-276,CWE-532",1125,0.00045,0,0.0,13,2.08e-05,0.0004708,8.20093560218811
BenchmarkTest01167.java,1,0,CWE-328,,,0,0,0,1,Not vulnerable,1108,0.0004432,0,0.0,3,4.800000000000001e-06,0.000448,7.436337947845459
BenchmarkTest01168.java,1,0,CWE-328,,,0,0,0,1,"CWE-276,CWE-732,CWE-732",1160,0.000464,0,0.0,13,2.08e-05,0.0004848,5.62816333770752
BenchmarkTest01169.java,0,0,CWE-328,CWE-327,0,0,1,0,0,"CWE-327,CWE-276,CWE-200",1044,0.0004176,0,0.0,13,2.08e-05,0.0004384,8.10619831085205
BenchmarkTest01170.java,0,0,CWE-328,CWE-327,0,0,1,0,0,"CWE-327,CWE-276",1093,0.0004372,0,0.0,9,1.44e-05,0.0004516,8.013316631317139
BenchmarkTest01171.java,1,0,CWE-79,CWE-74,0,1,0,0,0,"CWE-80,CWE-74",710,0.000284,0,0.0,9,1.44e-05,0.0002984,7.970178604125977
BenchmarkTest01172.java,1,0,CWE-79,CWE-79,1,1,0,0,0,CWE-79,766,0.0003064,0,0.0,5,8e-06,0.0003144,7.881145000457764
BenchmarkTest01173.java,1,0,CWE-79,CWE-79,1,1,0,0,0,CWE-79,708,0.0002832,0,0.0,5,8e-06,0.0002912,8.276927471160889
BenchmarkTest01174.java,1,0,CWE-79,CWE-79,1,1,0,0,0,CWE-79,662,0.0002648,0,0.0,5,8e-06,0.0002727999999999,7.918761253356934
BenchmarkTest01175.java,0,0,CWE-79,CWE-79,1,0,1,0,0,CWE-79,671,0.0002684,0,0.0,5,8e-06,0.0002764,4.763482093811035
BenchmarkTest01176.java,0,0,CWE-79,CWE-79,1,0,1,0,0,CWE-79,773,0.0003092,0,0.0,5,8e-06,0.0003172,6.339594125747681
BenchmarkTest01177.java,1,0,CWE-79,CWE-79,1,1,0,0,0,CWE-79,771,0.0003084,0,0.0,5,8e-06,0.0003164,6.674964427947998
BenchmarkTest01178.java,1,0,CWE-79,CWE-79,1,1,0,0,0,CWE-79,656,0.0002624,0,0.0,5,8e-06,0.0002704,6.513162612915039
BenchmarkTest01179.java,1,0,CWE-79,CWE-79,1,1,0,0,0,CWE-79,644,0.0002576,0,0.0,5,8e-06,0.0002656,5.914673566818237
BenchmarkTest01180.java,0,0,CWE-79,CWE-79,1,0,1,0,0,CWE-79,746,0.0002984,0,0.0,5,8e-06,0.0003064,5.816177845001221
BenchmarkTest01181.java,1,0,CWE-79,CWE-79,1,1,0,0,0,CWE-79,678,0.0002712,0,0.0,5,8e-06,0.0002791999999999,6.136047840118408
BenchmarkTest01182.java,0,0,CWE-78,CWE-78,1,0,1,0,0,CWE-78,861,0.0003444,0,0.0,5,8e-06,0.0003524,6.536491394042969
BenchmarkTest01183.java,1,0,CWE-330,CWE-330,1,1,0,0,0,CWE-330,1150,0.00046,0,0.0,5,8e-06,0.000468,6.101995229721069
BenchmarkTest01184.java,1,0,CWE-330,CWE-330,1,1,0,0,0,CWE-330,1049,0.0004196,0,0.0,5,8e-06,0.0004276,6.061268091201782
BenchmarkTest01185.java,1,0,CWE-614,CWE-614,1,1,0,0,0,"CWE-614,CWE-614",955,0.000382,0,0.0,9,1.44e-05,0.0003964,5.085523366928101
BenchmarkTest01186.java,1,0,CWE-614,CWE-614,1,1,0,0,0,"CWE-614,CWE-614",885,0.000354,0,0.0,9,1.44e-05,0.0003684,6.116753339767456
BenchmarkTest01187.java,1,0,CWE-614,CWE-614,1,1,0,0,0,"CWE-614,CWE-1004",886,0.0003544,0,0.0,10,1.6e-05,0.0003704,5.969131708145142
BenchmarkTest01188.java,0,0,CWE-79,CWE-79,1,0,1,0,0,CWE-79,650,0.00026,0,0.0,5,8e-06,0.0002679999999999,6.129560708999634
BenchmarkTest01189.java,0,0,CWE-78,CWE-78,1,0,1,0,0,CWE-78,906,0.0003624,0,0.0,5,8e-06,0.0003704,5.687413454055786
BenchmarkTest01190.java,1,0,CWE-78,CWE-78,1,1,0,0,0,CWE-78,790,0.000316,0,0.0,5,8e-06,0.0003239999999999,5.858604669570923
BenchmarkTest01191.java,1,0,CWE-78,CWE-78,1,1,0,0,0,CWE-78,777,0.0003108,0,0.0,5,8e-06,0.0003188,5.823409080505371
BenchmarkTest01192.java,1,0,CWE-78,CWE-78,1,1,0,0,0,CWE-78,794,0.0003176,0,0.0,5,8e-06,0.0003256,5.891826868057251
BenchmarkTest01193.java,0,0,CWE-78,CWE-78,1,0,1,0,0,CWE-78,916,0.0003664,0,0.0,5,8e-06,0.0003744,5.857604503631592
BenchmarkTest01194.java,1,0,CWE-78,CWE-78,1,1,0,0,0,CWE-78,880,0.000352,0,0.0,5,8e-06,0.0003599999999999,5.875510454177856
BenchmarkTest01195.java,0,0,CWE-330,CWE-330,1,0,1,0,0,CWE-330,1117,0.0004468,0,0.0,5,8e-06,0.0004548,5.95643162727356
BenchmarkTest01196.java,0,0,CWE-330,,,0,0,1,0,Not vulnerable,1111,0.0004444,0,0.0,3,4.800000000000001e-06,0.0004492,5.49132251739502
BenchmarkTest01197.java,0,0,CWE-330,,,0,0,1,0,Not vulnerable,1134,0.0004536,0,0.0,3,4.800000000000001e-06,0.0004584,5.927251100540161
BenchmarkTest01198.java,0,0,CWE-330,CWE-330,1,0,1,0,0,CWE-330,1081,0.0004324,0,0.0,5,8e-06,0.0004404,5.833259344100952
BenchmarkTest01199.java,0,0,CWE-330,CWE-330,1,0,1,0,0,CWE-330,1087,0.0004348,0,0.0,5,8e-06,0.0004428,5.774073600769043
BenchmarkTest01200.java,0,0,CWE-330,CWE-330,1,0,1,0,0,CWE-330,1105,0.000442,0,0.0,5,8e-06,0.00045,5.86161208152771
BenchmarkTest01201.java,0,0,CWE-330,CWE-330,1,0,1,0,0,CWE-330,1117,0.0004468,0,0.0,5,8e-06,0.0004548,5.5517659187316895
BenchmarkTest01202.java,0,0,CWE-330,CWE-330,1,0,1,0,0,CWE-330,1083,0.0004332,0,0.0,5,8e-06,0.0004412,5.66436767578125
BenchmarkTest01208.java,1,0,CWE-89,CWE-89,1,1,0,0,0,CWE-89,820,0.000328,0,0.0,5,8e-06,0.000336,5.684878826141357
BenchmarkTest01209.java,1,0,CWE-89,CWE-89,1,1,0,0,0,CWE-89,840,0.000336,0,0.0,5,8e-06,0.0003439999999999,5.528940916061401
BenchmarkTest01210.java,1,0,CWE-89,CWE-89,1,1,0,0,0,CWE-89,888,0.0003552,0,0.0,5,8e-06,0.0003632,5.854076862335205
BenchmarkTest01211.java,1,0,CWE-89,CWE-89,1,1,0,0,0,CWE-89,788,0.0003152,0,0.0,5,8e-06,0.0003232,5.738352298736572
BenchmarkTest01212.java,0,0,CWE-89,CWE-89,1,0,1,0,0,CWE-89,847,0.0003388,0,0.0,5,8e-06,0.0003467999999999,4.838283538818359
BenchmarkTest01213.java,0,0,CWE-89,CWE-89,1,0,1,0,0,CWE-89,813,0.0003252,0,0.0,5,8e-06,0.0003332,4.919578313827515
BenchmarkTest01214.java,1,0,CWE-89,CWE-89,1,1,0,0,0,CWE-89,871,0.0003484,0,0.0,5,8e-06,0.0003564,4.881407976150513
BenchmarkTest01215.java,0,0,CWE-89,CWE-89,1,0,1,0,0,CWE-89,925,0.00037,0,0.0,5,8e-06,0.0003779999999999,4.766765594482422
BenchmarkTest01216.java,0,0,CWE-89,CWE-89,1,0,1,0,0,CWE-89,828,0.0003312,0,0.0,5,8e-06,0.0003392,4.931592702865601
BenchmarkTest01217.java,0,0,CWE-89,,,0,0,1,0,Not vulnerable,1064,0.0004256,0,0.0,3,4.800000000000001e-06,0.0004304,4.777765274047852
BenchmarkTest01218.java,0,0,CWE-89,CWE-89,1,0,1,0,0,CWE-89,788,0.0003152,0,0.0,5,8e-06,0.0003232,4.9305925369262695
BenchmarkTest01219.java,0,0,CWE-89,CWE-89,1,0,1,0,0,CWE-89,876,0.0003504,0,0.0,5,8e-06,0.0003584,4.729663610458374
BenchmarkTest01220.java,0,0,CWE-89,CWE-89,1,0,1,0,0,CWE-89,781,0.0003124,0,0.0,5,8e-06,0.0003204,4.71666145324707
BenchmarkTest01221.java,1,0,CWE-89,CWE-89,1,1,0,0,0,CWE-89,790,0.000316,0,0.0,5,8e-06,0.0003239999999999,4.701340675354004
BenchmarkTest01222.java,1,0,CWE-89,CWE-89,1,1,0,0,0,CWE-89,859,0.0003436,0,0.0,5,8e-06,0.0003516,4.873622179031372
BenchmarkTest01223.java,1,0,CWE-643,CWE-643,1,1,0,0,0,CWE-643,1086,0.0004344,0,0.0,5,8e-06,0.0004424,5.063503980636597
BenchmarkTest01224.java,1,0,CWE-643,CWE-643,1,1,0,0,0,CWE-643,966,0.0003864,0,0.0,5,8e-06,0.0003944,5.0485053062438965
BenchmarkTest01225.java,0,0,CWE-643,,,0,0,1,0,Not vulnerable,933,0.0003732,0,0.0,3,4.800000000000001e-06,0.000378,5.015505075454712
BenchmarkTest01226.java,0,0,CWE-327,CWE-327,1,0,1,0,0,"CWE-321,CWE-327,CWE-312",1577,0.0006308,0,0.0,13,2.08e-05,0.0006516,4.928923845291138
BenchmarkTest01227.java,0,0,CWE-327,CWE-327,1,0,1,0,0,"CWE-327,CWE-321,CWE-312",1625,0.00065,0,0.0,13,2.08e-05,0.0006707999999999,4.765163421630859
BenchmarkTest01228.java,1,0,CWE-327,CWE-327,1,1,0,0,0,"CWE-327,CWE-326",1212,0.0004848,0,0.0,9,1.44e-05,0.0004992,4.751364707946777
BenchmarkTest01229.java,1,0,CWE-327,CWE-327,1,1,0,0,0,"CWE-327,CWE-321",1244,0.0004976,0,0.0,9,1.44e-05,0.000512,4.81828498840332
BenchmarkTest01230.java,1,0,CWE-327,CWE-327,1,1,0,0,0,"CWE-327,CWE-327",1096,0.0004384,0,0.0,9,1.44e-05,0.0004528,4.655900239944458
BenchmarkTest01231.java,1,0,CWE-22,CWE-22,1,1,0,0,0,CWE-22,787,0.0003148,0,0.0,5,8e-06,0.0003228,4.833284616470337
BenchmarkTest01232.java,1,0,CWE-22,CWE-22,1,1,0,0,0,CWE-22,703,0.0002812,0,0.0,5,8e-06,0.0002892,3.068609952926636
BenchmarkTest01233.java,0,0,CWE-22,,,0,0,1,0,Not vulnerable,789,0.0003156,0,0.0,3,4.800000000000001e-06,0.0003204,2.3588666915893555
BenchmarkTest01234.java,1,0,CWE-22,CWE-22,1,1,0,0,0,CWE-22,697,0.0002788,0,0.0,5,8e-06,0.0002868,4.927332878112793
BenchmarkTest01235.java,1,0,CWE-22,CWE-22,1,1,0,0,0,CWE-22,946,0.0003784,0,0.0,5,8e-06,0.0003864,2.3970210552215576
BenchmarkTest01236.java,1,0,CWE-22,CWE-22,1,1,0,0,0,CWE-22,862,0.0003448,0,0.0,5,8e-06,0.0003528,2.4184627532958984
BenchmarkTest01237.java,0,0,CWE-22,,,0,0,1,0,Not vulnerable,881,0.0003524,0,0.0,3,4.800000000000001e-06,0.0003572,2.351022958755493
BenchmarkTest01238.java,1,0,CWE-22,CWE-22,1,1,0,0,0,CWE-22,810,0.000324,0,0.0,5,8e-06,0.000332,5.979384660720825
BenchmarkTest01239.java,0,0,CWE-22,CWE-22,1,0,1,0,0,CWE-22,863,0.0003452,0,0.0,5,8e-06,0.0003532,2.4316680431365967
BenchmarkTest01240.java,0,0,CWE-22,CWE-22,1,0,1,0,0,CWE-22,811,0.0003244,0,0.0,5,8e-06,0.0003324,2.337827444076538
BenchmarkTest01241.java,1,0,CWE-90,CWE-90,1,1,0,0,0,CWE-90,1028,0.0004112,0,0.0,5,8e-06,0.0004192,5.212425231933594
BenchmarkTest01242.java,1,0,CWE-90,CWE-90,1,1,0,0,0,CWE-90,1013,0.0004052,0,0.0,5,8e-06,0.0004132,6.070503234863281
BenchmarkTest01243.java,1,0,CWE-90,CWE-90,1,1,0,0,0,CWE-90,1000,0.0004,0,0.0,5,8e-06,0.000408,2.37917160987854
BenchmarkTest01244.java,1,0,CWE-328,CWE-327,0,1,0,0,0,"CWE-327,CWE-276",1058,0.0004232,0,0.0,9,1.44e-05,0.0004376,6.395413398742676
BenchmarkTest01245.java,0,0,CWE-328,,,0,0,1,0,"CWE-276,CWE-732,CWE-732",1095,0.000438,0,0.0,13,2.08e-05,0.0004588,6.446933746337891
BenchmarkTest01246.java,1,0,CWE-328,CWE-327,0,1,0,0,0,"CWE-327,CWE-276",1115,0.000446,0,0.0,9,1.44e-05,0.0004604,2.7546169757843018
BenchmarkTest01247.java,1,0,CWE-328,CWE-327,0,1,0,0,0,"CWE-327,CWE-276",964,0.0003856,0,0.0,9,1.44e-05,0.0004,6.209406614303589
BenchmarkTest01248.java,1,0,CWE-328,,,0,0,0,1,"CWE-732,CWE-276,CWE-532",1014,0.0004056,0,0.0,13,2.08e-05,0.0004264,5.472591638565064
BenchmarkTest01249.java,0,0,CWE-328,CWE-327,0,0,1,0,0,"CWE-327,CWE-276,CWE-532",982,0.0003928,0,0.0,13,2.08e-05,0.0004136,6.796392917633057
BenchmarkTest01250.java,0,0,CWE-328,CWE-327,0,0,1,0,0,"CWE-327,CWE-276,CWE-532",1012,0.0004048,0,0.0,13,2.08e-05,0.0004256,2.3456053733825684
BenchmarkTest01251.java,0,0,CWE-79,,,0,0,1,0,Not vulnerable,652,0.0002608,0,0.0,3,4.800000000000001e-06,0.0002656,5.799046277999878
BenchmarkTest01252.java,0,0,CWE-79,CWE-79,1,0,1,0,0,"CWE-74,CWE-79",704,0.0002816,0,0.0,9,1.44e-05,0.000296,6.177903652191162
BenchmarkTest01253.java,1,0,CWE-79,CWE-80,0,1,0,0,0,CWE-80,697,0.0002788,0,0.0,5,8e-06,0.0002868,5.487538576126099
BenchmarkTest01254.java,1,0,CWE-79,CWE-79,1,1,0,0,0,CWE-79,868,0.0003472,0,0.0,5,8e-06,0.0003552,5.265847444534302
BenchmarkTest01255.java,0,0,CWE-79,,,0,0,1,0,Not vulnerable,582,0.0002328,0,0.0,3,4.800000000000001e-06,0.0002376,6.727596044540405
BenchmarkTest01256.java,0,0,CWE-79,CWE-79,1,0,1,0,0,CWE-79,689,0.0002756,0,0.0,5,8e-06,0.0002836,6.117676258087158
BenchmarkTest01257.java,1,0,CWE-79,CWE-79,1,1,0,0,0,CWE-79,600,0.00024,0,0.0,5,8e-06,0.000248,6.255999565124512
BenchmarkTest01258.java,1,0,CWE-79,CWE-79,1,1,0,0,0,CWE-79,642,0.0002568,0,0.0,5,8e-06,0.0002648,6.227508306503296
BenchmarkTest01259.java,1,0,CWE-79,CWE-79,1,1,0,0,0,CWE-79,707,0.0002828,0,0.0,5,8e-06,0.0002907999999999,5.0496931076049805
BenchmarkTest01260.java,1,0,CWE-79,CWE-79,1,1,0,0,0,CWE-79,607,0.0002428,0,0.0,5,8e-06,0.0002508,6.495746374130249
BenchmarkTest01261.java,1,0,CWE-79,CWE-79,1,1,0,0,0,CWE-79,868,0.0003472,0,0.0,5,8e-06,0.0003552,6.496751070022583
BenchmarkTest01262.java,1,0,CWE-79,CWE-79,1,1,0,0,0,CWE-79,605,0.000242,0,0.0,5,8e-06,0.00025,6.449234485626221
BenchmarkTest01263.java,1,0,CWE-79,CWE-79,1,1,0,0,0,CWE-79,687,0.0002748,0,0.0,5,8e-06,0.0002828,5.431560277938843
BenchmarkTest01264.java,0,0,CWE-79,CWE-79,1,0,1,0,0,CWE-79,584,0.0002336,0,0.0,5,8e-06,0.0002416,5.394368886947632
BenchmarkTest01265.java,0,0,CWE-79,CWE-79,1,0,1,0,0,CWE-79,650,0.00026,0,0.0,5,8e-06,0.0002679999999999,4.228370904922485
BenchmarkTest01266.java,1,0,CWE-79,CWE-79,1,1,0,0,0,CWE-79,615,0.000246,0,0.0,5,8e-06,0.000254,5.483324766159058
BenchmarkTest01267.java,1,0,CWE-79,CWE-79,1,1,0,0,0,CWE-79,684,0.0002736,0,0.0,5,8e-06,0.0002816,5.427658557891846
BenchmarkTest01268.java,1,0,CWE-79,CWE-79,1,1,0,0,0,CWE-79,893,0.0003572,0,0.0,5,8e-06,0.0003652,5.184027433395386
BenchmarkTest01269.java,0,0,CWE-78,CWE-78,1,0,1,0,0,CWE-78,770,0.000308,0,0.0,5,8e-06,0.000316,5.494911193847656
BenchmarkTest01270.java,1,0,CWE-78,CWE-78,1,1,0,0,0,CWE-78,760,0.000304,0,0.0,5,8e-06,0.000312,5.507150650024414
BenchmarkTest01271.java,1,0,CWE-330,CWE-330,1,1,0,0,0,CWE-330,1295,0.000518,0,0.0,5,8e-06,0.000526,5.478641748428345
BenchmarkTest01272.java,1,0,CWE-330,CWE-330,1,1,0,0,0,CWE-330,966,0.0003864,0,0.0,5,8e-06,0.0003944,4.946391582489014
BenchmarkTest01273.java,1,0,CWE-330,CWE-330,1,1,0,0,0,CWE-330,989,0.0003956,0,0.0,5,8e-06,0.0004036,4.9479897022247314
BenchmarkTest01274.java,1,0,CWE-330,CWE-330,1,1,0,0,0,CWE-330,944,0.0003776,0,0.0,5,8e-06,0.0003856,5.346305847167969
BenchmarkTest01275.java,1,0,CWE-330,CWE-330,1,1,0,0,0,CWE-330,967,0.0003868,0,0.0,5,8e-06,0.0003948,5.365049600601196
BenchmarkTest01276.java,1,0,CWE-330,CWE-338,0,1,0,0,0,CWE-338,1234,0.0004936,0,0.0,5,8e-06,0.0005016,4.846665382385254
BenchmarkTest01277.java,1,0,CWE-330,CWE-330,1,1,0,0,0,CWE-330,982,0.0003928,0,0.0,5,8e-06,0.0004008,6.905751943588257
BenchmarkTest01278.java,1,0,CWE-330,CWE-330,1,1,0,0,0,CWE-330,969,0.0003876,0,0.0,5,8e-06,0.0003956,6.774523973464966
BenchmarkTest01279.java,1,0,CWE-330,CWE-338,0,1,0,0,0,CWE-338,988,0.0003952,0,0.0,5,8e-06,0.0004032,8.73367714881897
BenchmarkTest01280.java,1,0,CWE-614,CWE-614,1,1,0,0,0,"CWE-614,CWE-614",864,0.0003456,0,0.0,9,1.44e-05,0.00036,6.907223224639893
BenchmarkTest01281.java,1,0,CWE-614,CWE-614,1,1,0,0,0,"CWE-614,CWE-614",829,0.0003316,0,0.0,9,1.44e-05,0.000346,6.885051250457764
BenchmarkTest01282.java,1,0,CWE-614,CWE-614,1,1,0,0,0,"CWE-614,CWE-614",847,0.0003388,0,0.0,9,1.44e-05,0.0003532,5.25360369682312
BenchmarkTest01283.java,1,0,CWE-614,CWE-614,1,1,0,0,0,"CWE-614,CWE-614",862,0.0003448,0,0.0,9,1.44e-05,0.0003592,7.971359729766846
BenchmarkTest01284.java,1,0,CWE-79,CWE-79,1,1,0,0,0,CWE-79,654,0.0002616,0,0.0,5,8e-06,0.0002696,5.274983406066895
BenchmarkTest01285.java,1,0,CWE-78,CWE-78,1,1,0,0,0,CWE-78,768,0.0003072,0,0.0,5,8e-06,0.0003152,4.613731384277344
BenchmarkTest01286.java,1,0,CWE-78,CWE-78,1,1,0,0,0,CWE-78,873,0.0003492,0,0.0,5,8e-06,0.0003572,6.870671510696411
BenchmarkTest01287.java,1,0,CWE-78,CWE-78,1,1,0,0,0,CWE-78,730,0.000292,0,0.0,5,8e-06,0.0003,5.487159490585327
BenchmarkTest01288.java,1,0,CWE-78,CWE-78,1,1,0,0,0,CWE-78,810,0.000324,0,0.0,5,8e-06,0.000332,7.786564588546753
BenchmarkTest01289.java,0,0,CWE-78,CWE-78,1,0,1,0,0,CWE-78,789,0.0003156,0,0.0,5,8e-06,0.0003236,6.734539985656738
BenchmarkTest01290.java,0,0,CWE-78,CWE-78,1,0,1,0,0,CWE-78,722,0.0002888,0,0.0,5,8e-06,0.0002968,6.663118600845337
BenchmarkTest01291.java,0,0,CWE-330,,,0,0,1,0,Not vulnerable,1111,0.0004444,0,0.0,3,4.800000000000001e-06,0.0004492,6.744252920150757
BenchmarkTest01292.java,0,0,CWE-330,,,0,0,1,0,Not vulnerable,1150,0.00046,0,0.0,3,4.800000000000001e-06,0.0004648,5.2748754024505615
BenchmarkTest01293.java,0,0,CWE-330,,,0,0,1,0,Not vulnerable,1127,0.0004508,0,0.0,3,4.800000000000001e-06,0.0004556,5.526942014694214
BenchmarkTest01294.java,0,0,CWE-330,CWE-330,1,0,1,0,0,CWE-330,1056,0.0004224,0,0.0,5,8e-06,0.0004304,6.836092710494995
BenchmarkTest01295.java,0,0,CWE-330,CWE-338,0,0,1,0,0,CWE-338,1332,0.0005328,0,0.0,5,8e-06,0.0005408,6.212668180465698
BenchmarkTest01296.java,0,0,CWE-330,CWE-330,1,0,1,0,0,CWE-330,1055,0.000422,0,0.0,5,8e-06,0.00043,6.183751821517944
BenchmarkTest01297.java,0,0,CWE-330,CWE-330,1,0,1,0,0,CWE-330,1009,0.0004036,0,0.0,5,8e-06,0.0004116,6.752105712890625
BenchmarkTest01298.java,0,0,CWE-330,,,0,0,1,0,Not vulnerable,1003,0.0004012,0,0.0,3,4.800000000000001e-06,0.000406,6.762131214141846
BenchmarkTest01301.java,0,0,CWE-89,,,0,0,1,0,Not vulnerable,1022,0.0004088,0,0.0,3,4.800000000000001e-06,0.0004136,5.303247928619385
BenchmarkTest01302.java,1,0,CWE-89,CWE-89,1,1,0,0,0,CWE-89,760,0.000304,0,0.0,5,8e-06,0.000312,6.928447008132935
BenchmarkTest01303.java,0,0,CWE-89,CWE-89,1,0,1,0,0,CWE-89,785,0.000314,0,0.0,5,8e-06,0.0003219999999999,6.751662015914917
BenchmarkTest01304.java,1,0,CWE-89,CWE-89,1,1,0,0,0,CWE-89,804,0.0003216,0,0.0,5,8e-06,0.0003296,6.813410997390747
BenchmarkTest01305.java,0,0,CWE-89,,,0,0,1,0,Not vulnerable,749,0.0002996,0,0.0,3,4.800000000000001e-06,0.0003044,7.043282985687256
BenchmarkTest01306.java,1,0,CWE-89,CWE-89,1,1,0,0,0,CWE-89,747,0.0002988,0,0.0,5,8e-06,0.0003068,6.761071443557739
BenchmarkTest01307.java,0,0,CWE-89,CWE-89,1,0,1,0,0,CWE-89,751,0.0003004,0,0.0,5,8e-06,0.0003084,6.88309907913208
BenchmarkTest01308.java,1,0,CWE-89,CWE-89,1,1,0,0,0,CWE-89,790,0.000316,0,0.0,5,8e-06,0.0003239999999999,4.715712308883667
BenchmarkTest01309.java,0,0,CWE-89,CWE-89,1,0,1,0,0,CWE-89,1094,0.0004376,0,0.0,5,8e-06,0.0004456,6.706048965454102
BenchmarkTest01310.java,0,0,CWE-89,CWE-89,1,0,1,0,0,CWE-89,756,0.0003024,0,0.0,5,8e-06,0.0003104,6.766367673873901
BenchmarkTest01311.java,1,0,CWE-89,CWE-89,1,1,0,0,0,CWE-89,718,0.0002872,0,0.0,5,8e-06,0.0002951999999999,7.176902770996094
BenchmarkTest01312.java,1,0,CWE-89,CWE-89,1,1,0,0,0,CWE-89,794,0.0003176,0,0.0,5,8e-06,0.0003256,6.738129138946533
BenchmarkTest01313.java,1,0,CWE-89,CWE-89,1,1,0,0,0,CWE-89,752,0.0003008,0,0.0,5,8e-06,0.0003087999999999,7.021543025970459
BenchmarkTest01314.java,1,0,CWE-89,CWE-89,1,1,0,0,0,CWE-89,721,0.0002884,0,0.0,5,8e-06,0.0002964,6.788059949874878
BenchmarkTest01315.java,0,0,CWE-89,CWE-89,1,0,1,0,0,CWE-89,728,0.0002912,0,0.0,5,8e-06,0.0002991999999999,7.006903648376465
BenchmarkTest01316.java,1,0,CWE-643,CWE-643,1,1,0,0,0,CWE-643,873,0.0003492,0,0.0,5,8e-06,0.0003572,5.684406042098999
BenchmarkTest01317.java,1,0,CWE-327,CWE-327,1,1,0,0,0,"CWE-327,CWE-321",1625,0.00065,0,0.0,9,1.44e-05,0.0006644,5.244783878326416
BenchmarkTest01318.java,1,0,CWE-327,CWE-327,1,1,0,0,0,"CWE-327,CWE-326",1868,0.0007472,0,0.0,9,1.44e-05,0.0007616,7.200409650802612
BenchmarkTest01319.java,0,0,CWE-327,CWE-327,1,0,1,0,0,"CWE-327,CWE-330,CWE-312",1626,0.0006504,0,0.0,13,2.08e-05,0.0006712,7.396203994750977
BenchmarkTest01320.java,1,0,CWE-327,CWE-327,1,1,0,0,0,"CWE-327,CWE-321",1645,0.000658,0,0.0,9,1.44e-05,0.0006724,4.61859941482544
BenchmarkTest01321.java,0,0,CWE-327,CWE-327,1,0,1,0,0,"CWE-327,CWE-276,CWE-532",1142,0.0004568,0,0.0,13,2.08e-05,0.0004776,7.719923973083496
BenchmarkTest01322.java,1,0,CWE-327,CWE-327,1,1,0,0,0,"CWE-327,CWE-321",1245,0.000498,0,0.0,9,1.44e-05,0.0005124,7.194397211074829
BenchmarkTest01323.java,1,0,CWE-327,CWE-327,1,1,0,0,0,"CWE-327,CWE-321",1359,0.0005436,0,0.0,9,1.44e-05,0.000558,5.162793159484863
BenchmarkTest01324.java,0,0,CWE-327,,,0,0,1,0,Not vulnerable,1146,0.0004584,0,0.0,3,4.800000000000001e-06,0.0004632,12.030992269515991
BenchmarkTest01325.java,1,0,CWE-327,CWE-327,1,1,0,0,0,"CWE-327,CWE-321",1242,0.0004968,0,0.0,9,1.44e-05,0.0005112,6.760026454925537
BenchmarkTest01326.java,1,0,CWE-90,CWE-90,1,1,0,0,0,CWE-90,1050,0.00042,0,0.0,5,8e-06,0.000428,6.8289995193481445
BenchmarkTest01327.java,0,0,CWE-90,,,0,0,1,0,Not vulnerable,1141,0.0004564,0,0.0,3,4.800000000000001e-06,0.0004612,7.026721239089966
BenchmarkTest01328.java,0,0,CWE-22,,,0,0,1,0,Not vulnerable,1186,0.0004744,0,0.0,3,4.800000000000001e-06,0.0004792,5.986613750457764
BenchmarkTest01329.java,1,0,CWE-22,CWE-22,1,1,0,0,0,CWE-22,955,0.000382,0,0.0,5,8e-06,0.00039,6.612961530685425
BenchmarkTest01330.java,1,0,CWE-22,CWE-22,1,1,0,0,0,CWE-22,810,0.000324,0,0.0,5,8e-06,0.000332,6.688323974609375
BenchmarkTest01331.java,0,0,CWE-22,CWE-22,1,0,1,0,0,CWE-22,844,0.0003376,0,0.0,5,8e-06,0.0003456,6.570340633392334
BenchmarkTest01332.java,0,0,CWE-328,,,0,0,1,0,"CWE-276,CWE-732,CWE-732",1059,0.0004236,0,0.0,13,2.08e-05,0.0004444,6.688323974609375
BenchmarkTest01333.java,1,0,CWE-328,CWE-327,0,1,0,0,0,"CWE-327,CWE-276",979,0.0003916,0,0.0,9,1.44e-05,0.000406,6.608973264694214
BenchmarkTest01334.java,1,0,CWE-328,CWE-327,0,1,0,0,0,"CWE-327,CWE-276",1050,0.00042,0,0.0,9,1.44e-05,0.0004344,6.765094757080078
BenchmarkTest01335.java,1,0,CWE-79,CWE-79,1,1,0,0,0,CWE-79,785,0.000314,0,0.0,5,8e-06,0.0003219999999999,7.007148265838623
BenchmarkTest01336.java,0,0,CWE-79,,,0,0,1,0,Not vulnerable,666,0.0002664,0,0.0,3,4.800000000000001e-06,0.0002712,7.051888465881348
BenchmarkTest01337.java,1,0,CWE-79,CWE-79,1,1,0,0,0,CWE-79,639,0.0002556,0,0.0,5,8e-06,0.0002636,7.060368537902832
BenchmarkTest01338.java,0,0,CWE-79,CWE-80,0,0,1,0,0,CWE-80,691,0.0002764,0,0.0,5,8e-06,0.0002844,7.008454084396362
BenchmarkTest01339.java,0,0,CWE-79,CWE-79,1,0,1,0,0,CWE-79,614,0.0002456,0,0.0,5,8e-06,0.0002536,6.962692022323608
BenchmarkTest01340.java,0,0,CWE-79,CWE-79,1,0,1,0,0,CWE-79,739,0.0002956,0,0.0,5,8e-06,0.0003036,7.11362361907959
BenchmarkTest01341.java,0,0,CWE-79,,,0,0,1,0,Not vulnerable,951,0.0003804,0,0.0,3,4.800000000000001e-06,0.0003852,6.542798757553101
BenchmarkTest01342.java,0,0,CWE-79,CWE-79,1,0,1,0,0,CWE-79,638,0.0002552,0,0.0,5,8e-06,0.0002632,3.552912473678589
BenchmarkTest01343.java,0,0,CWE-79,CWE-79,1,0,1,0,0,"CWE-74,CWE-79",706,0.0002824,0,0.0,9,1.44e-05,0.0002968,4.786468267440796
BenchmarkTest01344.java,0,0,CWE-79,CWE-79,1,0,1,0,0,CWE-79,737,0.0002948,0,0.0,5,8e-06,0.0003028,7.107558012008667
BenchmarkTest01345.java,0,0,CWE-79,CWE-80,0,0,1,0,0,CWE-80,652,0.0002608,0,0.0,5,8e-06,0.0002688,4.201744556427002
BenchmarkTest01346.java,1,0,CWE-79,CWE-79,1,1,0,0,0,CWE-79,717,0.0002868,0,0.0,5,8e-06,0.0002948,5.791769981384277
BenchmarkTest01347.java,1,0,CWE-79,CWE-79,1,1,0,0,0,CWE-79,898,0.0003592,0,0.0,5,8e-06,0.0003672,3.4146947860717773
BenchmarkTest01348.java,0,0,CWE-79,CWE-79,1,0,1,0,0,CWE-79,611,0.0002444,0,0.0,5,8e-06,0.0002524,3.2286391258239746
BenchmarkTest01349.java,1,0,CWE-79,CWE-79,1,1,0,0,0,CWE-79,626,0.0002504,0,0.0,5,8e-06,0.0002584,7.40885591506958
BenchmarkTest01350.java,1,0,CWE-79,CWE-79,1,1,0,0,0,CWE-79,664,0.0002656,0,0.0,5,8e-06,0.0002736,3.223186492919922
BenchmarkTest01351.java,0,0,CWE-79,CWE-79,1,0,1,0,0,CWE-79,642,0.0002568,0,0.0,5,8e-06,0.0002648,3.2650022506713867
BenchmarkTest01352.java,0,0,CWE-79,CWE-79,1,0,1,0,0,CWE-79,611,0.0002444,0,0.0,5,8e-06,0.0002524,4.1824610233306885
BenchmarkTest01353.java,0,0,CWE-78,CWE-78,1,0,1,0,0,CWE-78,867,0.0003468,0,0.0,5,8e-06,0.0003548,7.760919094085693
BenchmarkTest01354.java,1,0,CWE-330,CWE-330,1,1,0,0,0,CWE-330,1021,0.0004084,0,0.0,5,8e-06,0.0004164,7.725087404251099
BenchmarkTest01355.java,1,0,CWE-330,CWE-330,1,1,0,0,0,CWE-330,1016,0.0004064,0,0.0,5,8e-06,0.0004144,4.126000881195068
BenchmarkTest01356.java,1,0,CWE-330,CWE-330,1,1,0,0,0,CWE-330,1054,0.0004216,0,0.0,5,8e-06,0.0004296,7.201081275939941
BenchmarkTest01357.java,1,0,CWE-330,CWE-330,1,1,0,0,0,CWE-330,1017,0.0004068,0,0.0,5,8e-06,0.0004148,7.612642765045166
BenchmarkTest01358.java,1,0,CWE-330,CWE-330,1,1,0,0,0,CWE-330,1057,0.0004228,0,0.0,5,8e-06,0.0004308,6.893726587295532
BenchmarkTest01359.java,0,0,CWE-614,,,0,0,1,0,Not vulnerable,857,0.0003428,0,0.0,3,4.800000000000001e-06,0.0003476,2.9064269065856934
BenchmarkTest01360.java,1,0,CWE-78,CWE-78,1,1,0,0,0,CWE-78,837,0.0003348,0,0.0,5,8e-06,0.0003428,7.658172845840454
BenchmarkTest01361.java,1,0,CWE-78,CWE-78,1,1,0,0,0,CWE-78,718,0.0002872,0,0.0,5,8e-06,0.0002951999999999,4.073930263519287
BenchmarkTest01362.java,1,0,CWE-78,CWE-78,1,1,0,0,0,CWE-78,952,0.0003808,0,0.0,5,8e-06,0.0003887999999999,7.533576011657715
BenchmarkTest01363.java,1,0,CWE-78,CWE-78,1,1,0,0,0,CWE-78,755,0.000302,0,0.0,5,8e-06,0.00031,7.212294816970825
BenchmarkTest01364.java,0,0,CWE-78,,,0,0,1,0,Not vulnerable,759,0.0003036,0,0.0,3,4.800000000000001e-06,0.0003084,4.139814138412476
BenchmarkTest01365.java,0,0,CWE-78,CWE-78,1,0,1,0,0,CWE-78,798,0.0003192,0,0.0,5,8e-06,0.0003272,4.129266023635864
BenchmarkTest01366.java,0,0,CWE-330,,,0,0,1,0,Not vulnerable,1125,0.00045,0,0.0,3,4.800000000000001e-06,0.0004548,7.100098371505737
BenchmarkTest01367.java,0,0,CWE-330,,,0,0,1,0,Not vulnerable,1167,0.0004668,0,0.0,3,4.800000000000001e-06,0.0004716,2.6823172569274902
BenchmarkTest01368.java,0,0,CWE-330,,,0,0,1,0,Not vulnerable,1096,0.0004384,0,0.0,3,4.800000000000001e-06,0.0004432,6.142765998840332
BenchmarkTest01369.java,0,0,CWE-330,,,0,0,1,0,Not vulnerable,1400,0.00056,0,0.0,3,4.800000000000001e-06,0.0005648,6.499807596206665
BenchmarkTest01370.java,0,0,CWE-330,,,0,0,1,0,Not vulnerable,1052,0.0004208,0,0.0,3,4.800000000000001e-06,0.0004256,4.174658298492432
BenchmarkTest01371.java,0,0,CWE-330,CWE-330,1,0,1,0,0,CWE-330,1106,0.0004424,0,0.0,5,8e-06,0.0004504,7.637386798858643
BenchmarkTest01372.java,0,0,CWE-330,CWE-330,1,0,1,0,0,CWE-330,1071,0.0004284,0,0.0,5,8e-06,0.0004364,7.135592222213745
BenchmarkTest01373.java,0,0,CWE-330,CWE-330,1,0,1,0,0,CWE-330,1042,0.0004168,0,0.0,5,8e-06,0.0004247999999999,5.9931721687316895
BenchmarkTest01378.java,0,0,CWE-89,,,0,0,1,0,Not vulnerable,1055,0.000422,0,0.0,3,4.800000000000001e-06,0.0004268,5.940021991729736
BenchmarkTest01379.java,1,0,CWE-89,CWE-89,1,1,0,0,0,CWE-89,826,0.0003304,0,0.0,5,8e-06,0.0003384,3.422253131866455
BenchmarkTest01380.java,0,0,CWE-89,,,0,0,1,0,CWE-88,793,0.0003172,0,0.0,5,8e-06,0.0003252,6.9112842082977295
BenchmarkTest01381.java,1,0,CWE-89,CWE-89,1,1,0,0,0,CWE-89,776,0.0003104,0,0.0,5,8e-06,0.0003184,6.584349632263184
BenchmarkTest01382.java,1,0,CWE-89,CWE-89,1,1,0,0,0,CWE-89,780,0.000312,0,0.0,5,8e-06,0.0003199999999999,6.650713920593262
BenchmarkTest01383.java,1,0,CWE-89,CWE-89,1,1,0,0,0,CWE-89,775,0.00031,0,0.0,5,8e-06,0.000318,6.424624443054199
BenchmarkTest01384.java,1,0,CWE-89,CWE-89,1,1,0,0,0,CWE-89,776,0.0003104,0,0.0,5,8e-06,0.0003184,5.909042596817017
BenchmarkTest01385.java,0,0,CWE-89,CWE-89,1,0,1,0,0,CWE-89,851,0.0003404,0,0.0,5,8e-06,0.0003484,6.618731260299683
BenchmarkTest01386.java,0,0,CWE-89,CWE-89,1,0,1,0,0,CWE-89,877,0.0003508,0,0.0,5,8e-06,0.0003588,6.789948225021362
BenchmarkTest01387.java,0,0,CWE-89,CWE-89,1,0,1,0,0,CWE-89,841,0.0003364,0,0.0,5,8e-06,0.0003444,3.69461989402771
BenchmarkTest01388.java,1,0,CWE-89,CWE-89,1,1,0,0,0,CWE-89,906,0.0003624,0,0.0,5,8e-06,0.0003704,5.608282089233398
BenchmarkTest01389.java,0,0,CWE-89,CWE-89,1,0,1,0,0,CWE-89,940,0.000376,0,0.0,5,8e-06,0.0003839999999999,6.797414064407349
BenchmarkTest01390.java,1,0,CWE-89,CWE-89,1,1,0,0,0,CWE-89,810,0.000324,0,0.0,5,8e-06,0.000332,6.411248922348023
BenchmarkTest01391.java,1,0,CWE-89,CWE-89,1,1,0,0,0,CWE-89,825,0.00033,0,0.0,5,8e-06,0.000338,6.867618083953857
BenchmarkTest01392.java,0,0,CWE-89,CWE-89,1,0,1,0,0,CWE-89,756,0.0003024,0,0.0,5,8e-06,0.0003104,6.848517656326294
BenchmarkTest01393.java,0,0,CWE-89,,,0,0,1,0,Not vulnerable,1037,0.0004148,0,0.0,3,4.800000000000001e-06,0.0004196,5.701226472854614
BenchmarkTest01394.java,1,0,CWE-89,CWE-89,1,1,0,0,0,CWE-89,830,0.000332,0,0.0,5,8e-06,0.0003399999999999,2.368840217590332
BenchmarkTest01395.java,1,0,CWE-89,CWE-89,1,1,0,0,0,CWE-89,759,0.0003036,0,0.0,5,8e-06,0.0003116,5.962332010269165
BenchmarkTest01396.java,1,0,CWE-89,CWE-89,1,1,0,0,0,CWE-89,746,0.0002984,0,0.0,5,8e-06,0.0003064,2.221306085586548
BenchmarkTest01397.java,0,0,CWE-643,,,0,0,1,0,Not vulnerable,908,0.0003632,0,0.0,3,4.800000000000001e-06,0.000368,2.4376065731048584
BenchmarkTest01398.java,1,0,CWE-327,,,0,0,0,1,Not vulnerable,1988,0.0007952,0,0.0,3,4.800000000000001e-06,0.0008,3.889225959777832
BenchmarkTest01399.java,0,0,CWE-327,CWE-327,1,0,1,0,0,"CWE-321,CWE-327,CWE-276,CWE-532",1178,0.0004712,0,0.0,17,2.7200000000000004e-05,0.0004984,5.2191925048828125
BenchmarkTest01400.java,0,0,CWE-327,CWE-327,1,0,1,0,0,"CWE-532,CWE-327,CWE-276",1178,0.0004712,0,0.0,13,2.08e-05,0.000492,2.628537178039551
BenchmarkTest01401.java,0,0,CWE-327,CWE-327,1,0,1,0,0,"CWE-327,CWE-326,CWE-321",1364,0.0005456,0,0.0,13,2.08e-05,0.0005664,5.247533082962036
BenchmarkTest01402.java,0,0,CWE-90,,,0,0,1,0,Not vulnerable,1117,0.0004468,0,0.0,3,4.800000000000001e-06,0.0004516,5.347616195678711
BenchmarkTest01403.java,1,0,CWE-22,CWE-22,1,1,0,0,0,CWE-22,803,0.0003212,0,0.0,5,8e-06,0.0003292,5.204814434051514
BenchmarkTest01404.java,0,0,CWE-22,,,0,0,1,0,Not vulnerable,1079,0.0004316,0,0.0,3,4.800000000000001e-06,0.0004364,5.145174741744995
BenchmarkTest01405.java,1,0,CWE-22,CWE-22,1,1,0,0,0,CWE-22,920,0.000368,0,0.0,5,8e-06,0.000376,5.0934343338012695
BenchmarkTest01406.java,0,0,CWE-22,CWE-22,1,0,1,0,0,CWE-22,999,0.0003996,0,0.0,5,8e-06,0.0004076,4.625240802764893
BenchmarkTest01407.java,0,0,CWE-22,,,0,0,1,0,Not vulnerable,927,0.0003708,0,0.0,3,4.800000000000001e-06,0.0003756,5.121049165725708
BenchmarkTest01408.java,1,0,CWE-22,CWE-22,1,1,0,0,0,CWE-22,858,0.0003432,0,0.0,5,8e-06,0.0003512,5.0947325229644775
BenchmarkTest01409.java,0,0,CWE-22,,,0,0,1,0,Not vulnerable,1066,0.0004264,0,0.0,3,4.800000000000001e-06,0.0004312,4.099436044692993
BenchmarkTest01410.java,0,0,CWE-328,,,0,0,1,0,"CWE-732,CWE-276,CWE-532",1195,0.000478,0,0.0,13,2.08e-05,0.0004988,5.1700439453125
BenchmarkTest01411.java,1,0,CWE-328,CWE-327,0,1,0,0,0,"CWE-327,CWE-276",1150,0.00046,0,0.0,9,1.44e-05,0.0004744,5.173047304153442
BenchmarkTest01412.java,0,0,CWE-328,,,0,0,1,0,Not vulnerable,1152,0.0004608,0,0.0,3,4.800000000000001e-06,0.0004656,5.078155994415283
BenchmarkTest01413.java,0,0,CWE-328,,,0,0,1,0,"CWE-732,CWE-276,CWE-312",1217,0.0004868,0,0.0,13,2.08e-05,0.0005076,5.141107797622681
BenchmarkTest01414.java,1,0,CWE-328,,,0,0,0,1,"CWE-732,CWE-276,CWE-312,CWE-200",1125,0.00045,0,0.0,17,2.7200000000000004e-05,0.0004772,5.118064403533936
BenchmarkTest01415.java,1,0,CWE-328,,,0,0,0,1,"CWE-732,CWE-276,CWE-312",1096,0.0004384,0,0.0,13,2.08e-05,0.0004592,5.143133163452148
BenchmarkTest01416.java,1,0,CWE-328,CWE-327,0,1,0,0,0,"CWE-732,CWE-276,CWE-312,CWE-327",1129,0.0004516,0,0.0,17,2.7200000000000004e-05,0.0004788,5.089617967605591
BenchmarkTest01417.java,1,0,CWE-79,CWE-79,1,1,0,0,0,CWE-79,738,0.0002951999999999,0,0.0,5,8e-06,0.0003031999999999,7.580556869506836
BenchmarkTest01418.java,1,0,CWE-79,CWE-74,0,1,0,0,0,"CWE-80,CWE-74",733,0.0002931999999999,0,0.0,9,1.44e-05,0.0003076,5.062563419342041
BenchmarkTest01419.java,0,0,CWE-79,CWE-79,1,0,1,0,0,CWE-79,741,0.0002964,0,0.0,5,8e-06,0.0003044,5.184023857116699
BenchmarkTest01420.java,0,0,CWE-79,CWE-79,1,0,1,0,0,CWE-79,687,0.0002748,0,0.0,5,8e-06,0.0002828,5.198358535766602
BenchmarkTest01421.java,0,0,CWE-79,,,0,0,1,0,Not vulnerable,746,0.0002984,0,0.0,3,4.800000000000001e-06,0.0003032,5.0135791301727295
BenchmarkTest01422.java,0,0,CWE-79,,,0,0,1,0,Not vulnerable,824,0.0003296,0,0.0,3,4.800000000000001e-06,0.0003344,5.012571811676025
BenchmarkTest01423.java,1,0,CWE-79,CWE-80,0,1,0,0,0,CWE-80,693,0.0002771999999999,0,0.0,5,8e-06,0.0002851999999999,5.080231666564941
BenchmarkTest01424.java,1,0,CWE-79,CWE-79,1,1,0,0,0,CWE-79,716,0.0002864,0,0.0,5,8e-06,0.0002944,5.480254173278809
BenchmarkTest01425.java,0,0,CWE-79,CWE-80,0,0,1,0,0,CWE-80,786,0.0003144,0,0.0,5,8e-06,0.0003224,5.017406940460205
BenchmarkTest01426.java,1,0,CWE-79,CWE-80,0,1,0,0,0,CWE-80,784,0.0003136,0,0.0,5,8e-06,0.0003216,5.080359935760498
BenchmarkTest01427.java,1,0,CWE-79,CWE-79,1,1,0,0,0,CWE-79,670,0.000268,0,0.0,5,8e-06,0.000276,5.020334720611572
BenchmarkTest01428.java,1,0,CWE-79,CWE-80,0,1,0,0,0,CWE-80,673,0.0002692,0,0.0,5,8e-06,0.0002771999999999,3.793217182159424
BenchmarkTest01429.java,1,0,CWE-79,CWE-79,1,1,0,0,0,CWE-79,787,0.0003148,0,0.0,5,8e-06,0.0003228,4.980450391769409
BenchmarkTest01430.java,1,0,CWE-78,CWE-78,1,1,0,0,0,CWE-78,862,0.0003448,0,0.0,5,8e-06,0.0003528,5.959029912948608
BenchmarkTest01431.java,1,0,CWE-330,CWE-330,1,1,0,0,0,CWE-330,1065,0.000426,0,0.0,5,8e-06,0.000434,5.976866722106934
BenchmarkTest01432.java,1,0,CWE-330,CWE-330,1,1,0,0,0,CWE-330,1119,0.0004476,0,0.0,5,8e-06,0.0004556,6.14701771736145
BenchmarkTest01433.java,1,0,CWE-330,CWE-330,1,1,0,0,0,CWE-330,1087,0.0004348,0,0.0,5,8e-06,0.0004428,5.916015148162842
BenchmarkTest01434.java,1,0,CWE-330,CWE-338,0,1,0,0,0,CWE-338,1088,0.0004352,0,0.0,5,8e-06,0.0004432,5.909827947616577
BenchmarkTest01435.java,1,0,CWE-330,CWE-338,0,1,0,0,0,CWE-338,1053,0.0004212,0,0.0,5,8e-06,0.0004292,3.772700071334839
BenchmarkTest01436.java,0,0,CWE-614,,,0,0,1,0,Not vulnerable,958,0.0003832,0,0.0,3,4.800000000000001e-06,0.000388,6.148083448410034
BenchmarkTest01437.java,1,0,CWE-79,CWE-79,1,1,0,0,0,CWE-79,754,0.0003016,0,0.0,5,8e-06,0.0003096,5.4188666343688965
BenchmarkTest01438.java,1,0,CWE-79,CWE-79,1,1,0,0,0,CWE-79,971,0.0003884,0,0.0,5,8e-06,0.0003964,3.712390661239624
BenchmarkTest01439.java,0,0,CWE-79,,,0,0,1,0,Not vulnerable,812,0.0003248,0,0.0,3,4.800000000000001e-06,0.0003296,5.179125308990479
BenchmarkTest01440.java,0,0,CWE-78,CWE-78,1,0,1,0,0,CWE-78,835,0.000334,0,0.0,5,8e-06,0.0003419999999999,3.523457765579224
BenchmarkTest01441.java,1,0,CWE-78,CWE-78,1,1,0,0,0,CWE-78,925,0.00037,0,0.0,5,8e-06,0.0003779999999999,3.5945675373077397
BenchmarkTest01442.java,1,0,CWE-78,CWE-78,1,1,0,0,0,CWE-78,899,0.0003596,0,0.0,5,8e-06,0.0003676,3.5214476585388184
BenchmarkTest01443.java,0,0,CWE-78,CWE-78,1,0,1,0,0,CWE-78,849,0.0003396,0,0.0,5,8e-06,0.0003476,5.954793691635132
BenchmarkTest01444.java,0,0,CWE-78,CWE-78,1,0,1,0,0,CWE-78,862,0.0003448,0,0.0,5,8e-06,0.0003528,6.145198106765747
BenchmarkTest01445.java,0,0,CWE-78,CWE-78,1,0,1,0,0,CWE-78,913,0.0003652,0,0.0,5,8e-06,0.0003732,3.766701221466065
BenchmarkTest01446.java,1,0,CWE-78,CWE-78,1,1,0,0,0,CWE-78,861,0.0003444,0,0.0,5,8e-06,0.0003524,5.952172994613648
BenchmarkTest01447.java,0,0,CWE-330,,,0,0,1,0,Not vulnerable,1250,0.0005,0,0.0,3,4.800000000000001e-06,0.0005048,5.2652904987335205
BenchmarkTest01448.java,0,0,CWE-330,CWE-330,1,0,1,0,0,CWE-330,1157,0.0004628,0,0.0,5,8e-06,0.0004708,5.955904960632324
BenchmarkTest01449.java,0,0,CWE-330,CWE-330,1,0,1,0,0,CWE-330,1186,0.0004744,0,0.0,5,8e-06,0.0004824,5.977866172790527
BenchmarkTest01450.java,0,0,CWE-330,,,0,0,1,0,Not vulnerable,1285,0.000514,0,0.0,3,4.800000000000001e-06,0.0005188,6.026981353759766
BenchmarkTest01451.java,0,0,CWE-330,CWE-330,1,0,1,0,0,CWE-330,1225,0.00049,0,0.0,5,8e-06,0.000498,3.4148669242858887
BenchmarkTest01452.java,0,0,CWE-330,CWE-330,1,0,1,0,0,CWE-330,1142,0.0004568,0,0.0,5,8e-06,0.0004647999999999,5.956029176712036
BenchmarkTest01453.java,0,0,CWE-330,CWE-330,1,0,1,0,0,CWE-330,1101,0.0004404,0,0.0,5,8e-06,0.0004484,3.520448923110962
BenchmarkTest01459.java,0,0,CWE-89,CWE-89,1,0,1,0,0,CWE-89,864,0.0003456,0,0.0,5,8e-06,0.0003536,3.388325929641724
BenchmarkTest01460.java,1,0,CWE-89,,,0,0,0,1,CWE-77,915,0.000366,0,0.0,5,8e-06,0.000374,3.563344955444336
BenchmarkTest01461.java,0,0,CWE-89,,,0,0,1,0,Not vulnerable,937,0.0003748,0,0.0,3,4.800000000000001e-06,0.0003796,5.861754655838013
BenchmarkTest01462.java,1,0,CWE-89,CWE-89,1,1,0,0,0,CWE-89,815,0.000326,0,0.0,5,8e-06,0.000334,5.916016817092896
BenchmarkTest01463.java,1,0,CWE-89,CWE-89,1,1,0,0,0,CWE-89,858,0.0003432,0,0.0,5,8e-06,0.0003512,3.4948363304138184
BenchmarkTest01464.java,1,0,CWE-89,CWE-89,1,1,0,0,0,CWE-89,940,0.000376,0,0.0,5,8e-06,0.0003839999999999,5.866755962371826
BenchmarkTest01465.java,1,0,CWE-89,CWE-89,1,1,0,0,0,CWE-89,877,0.0003508,0,0.0,5,8e-06,0.0003588,3.554148435592652
BenchmarkTest01466.java,1,0,CWE-89,CWE-89,1,1,0,0,0,CWE-89,1031,0.0004124,0,0.0,5,8e-06,0.0004204,5.462188243865967
BenchmarkTest01467.java,0,0,CWE-89,CWE-89,1,0,1,0,0,CWE-89,1027,0.0004108,0,0.0,5,8e-06,0.0004188,3.556943655014038
BenchmarkTest01468.java,0,0,CWE-89,CWE-89,1,0,1,0,0,CWE-89,940,0.000376,0,0.0,5,8e-06,0.0003839999999999,5.293227195739746
BenchmarkTest01469.java,0,0,CWE-89,,,0,0,1,0,Not vulnerable,1212,0.0004848,0,0.0,3,4.800000000000001e-06,0.0004896,7.163307905197144
BenchmarkTest01470.java,1,0,CWE-89,CWE-89,1,1,0,0,0,CWE-89,869,0.0003476,0,0.0,5,8e-06,0.0003556,2.555292844772339
BenchmarkTest01471.java,1,0,CWE-89,CWE-89,1,1,0,0,0,CWE-89,879,0.0003516,0,0.0,5,8e-06,0.0003596,7.090205907821655
BenchmarkTest01472.java,0,0,CWE-89,,,0,0,1,0,Not vulnerable,1102,0.0004408,0,0.0,3,4.800000000000001e-06,0.0004456,6.639941453933716
BenchmarkTest01473.java,1,0,CWE-89,CWE-89,1,1,0,0,0,CWE-89,823,0.0003292,0,0.0,5,8e-06,0.0003372,2.5283870697021484
BenchmarkTest01474.java,1,0,CWE-89,CWE-89,1,1,0,0,0,CWE-89,828,0.0003312,0,0.0,5,8e-06,0.0003392,7.094367265701294
BenchmarkTest01475.java,1,0,CWE-89,CWE-89,1,1,0,0,0,CWE-89,813,0.0003252,0,0.0,5,8e-06,0.0003332,7.230953693389893
BenchmarkTest01476.java,1,0,CWE-89,CWE-89,1,1,0,0,0,CWE-89,813,0.0003252,0,0.0,5,8e-06,0.0003332,2.524994373321533
BenchmarkTest01477.java,1,0,CWE-89,CWE-89,1,1,0,0,0,CWE-89,897,0.0003588,0,0.0,5,8e-06,0.0003667999999999,6.546663284301758
BenchmarkTest01478.java,1,0,CWE-643,CWE-643,1,1,0,0,0,CWE-643,1053,0.0004212,0,0.0,5,8e-06,0.0004292,7.151657104492188
BenchmarkTest01479.java,0,0,CWE-643,CWE-643,1,0,1,0,0,CWE-643,1059,0.0004236,0,0.0,5,8e-06,0.0004316,7.108925342559815
BenchmarkTest01480.java,1,0,CWE-327,CWE-327,1,1,0,0,0,"CWE-327,CWE-326",1839,0.0007356,0,0.0,9,1.44e-05,0.00075,7.246015071868896
BenchmarkTest01481.java,0,0,CWE-327,,,0,0,1,0,Not vulnerable,1729,0.0006916,0,0.0,3,4.800000000000001e-06,0.0006964,7.462087392807007
BenchmarkTest01482.java,0,0,CWE-327,,,0,0,1,0,Not vulnerable,1709,0.0006836,0,0.0,3,4.800000000000001e-06,0.0006884,6.961854457855225
BenchmarkTest01483.java,1,0,CWE-327,CWE-327,1,1,0,0,0,"CWE-327,CWE-321",1682,0.0006728,0,0.0,9,1.44e-05,0.0006872,7.222756385803223
BenchmarkTest01484.java,1,0,CWE-327,CWE-327,1,1,0,0,0,"CWE-327,CWE-326",1611,0.0006444,0,0.0,9,1.44e-05,0.0006588,7.165680408477783
BenchmarkTest01485.java,0,0,CWE-327,CWE-327,1,0,1,0,0,"CWE-327,CWE-276",1179,0.0004716,0,0.0,9,1.44e-05,0.000486,2.456382751464844
BenchmarkTest01486.java,1,0,CWE-327,CWE-327,1,1,0,0,0,"CWE-327,CWE-321",1274,0.0005096,0,0.0,9,1.44e-05,0.000524,7.151915550231934
BenchmarkTest01487.java,0,0,CWE-327,,,0,0,1,0,Not vulnerable,1230,0.000492,0,0.0,3,4.800000000000001e-06,0.0004968,6.47530460357666
BenchmarkTest01488.java,0,0,CWE-327,,,0,0,1,0,Not vulnerable,1126,0.0004504,0,0.0,3,4.800000000000001e-06,0.0004552,7.445163488388061
BenchmarkTest01489.java,1,0,CWE-327,CWE-327,1,1,0,0,0,"CWE-327,CWE-326,CWE-321,CWE-276",1146,0.0004584,0,0.0,17,2.7200000000000004e-05,0.0004856,7.369331121444702
BenchmarkTest01490.java,1,0,CWE-90,CWE-90,1,1,0,0,0,CWE-90,1116,0.0004464,0,0.0,5,8e-06,0.0004544,7.522105693817139
BenchmarkTest01491.java,0,0,CWE-90,,,0,0,1,0,Not vulnerable,1297,0.0005188,0,0.0,3,4.800000000000001e-06,0.0005236,7.009125709533691
BenchmarkTest01492.java,0,0,CWE-90,,,0,0,1,0,Not vulnerable,1021,0.0004084,0,0.0,3,4.800000000000001e-06,0.0004132,7.377799034118652
BenchmarkTest01493.java,0,0,CWE-22,,,0,0,1,0,Not vulnerable,839,0.0003356,0,0.0,3,4.800000000000001e-06,0.0003404,7.323369979858398
BenchmarkTest01494.java,1,0,CWE-22,CWE-22,1,1,0,0,0,CWE-22,811,0.0003244,0,0.0,5,8e-06,0.0003324,7.383718729019165
BenchmarkTest01495.java,1,0,CWE-22,CWE-22,1,1,0,0,0,CWE-22,988,0.0003952,0,0.0,5,8e-06,0.0004032,5.064923048019409
BenchmarkTest01496.java,1,0,CWE-22,CWE-22,1,1,0,0,0,CWE-22,927,0.0003708,0,0.0,5,8e-06,0.0003788,2.432917594909668
BenchmarkTest01497.java,1,0,CWE-22,CWE-22,1,1,0,0,0,CWE-22,838,0.0003352,0,0.0,5,8e-06,0.0003432,7.427605867385864
BenchmarkTest01498.java,1,0,CWE-22,CWE-22,1,1,0,0,0,CWE-22,853,0.0003412,0,0.0,5,8e-06,0.0003492,7.351056098937988
BenchmarkTest01499.java,0,0,CWE-22,,,0,0,1,0,Not vulnerable,807,0.0003228,0,0.0,3,4.800000000000001e-06,0.0003276,5.145434141159058
BenchmarkTest01500.java,1,0,CWE-22,CWE-22,1,1,0,0,0,CWE-22,974,0.0003896,0,0.0,5,8e-06,0.0003976,7.192104339599609
BenchmarkTest01501.java,1,0,CWE-90,CWE-90,1,1,0,0,0,CWE-90,1065,0.000426,0,0.0,5,8e-06,0.000434,7.353056192398071
BenchmarkTest01502.java,1,0,CWE-330,CWE-330,1,1,0,0,0,CWE-330,1320,0.000528,0,0.0,5,8e-06,0.000536,4.997843980789185
BenchmarkTest01503.java,1,0,CWE-328,,,0,0,0,1,Not vulnerable,1196,0.0004784,0,0.0,3,4.800000000000001e-06,0.0004832,7.442443609237671
BenchmarkTest01504.java,1,0,CWE-328,CWE-327,0,1,0,0,0,"CWE-327,CWE-276",1005,0.000402,0,0.0,9,1.44e-05,0.0004164,4.91625714302063
BenchmarkTest01505.java,1,0,CWE-79,CWE-79,1,1,0,0,0,CWE-79,782,0.0003128,0,0.0,5,8e-06,0.0003208,5.418555498123169
BenchmarkTest01506.java,1,0,CWE-79,CWE-80,0,1,0,0,0,CWE-80,643,0.0002571999999999,0,0.0,5,8e-06,0.0002651999999999,7.337621927261352
BenchmarkTest01507.java,1,0,CWE-79,CWE-79,1,1,0,0,0,CWE-79,660,0.000264,0,0.0,5,8e-06,0.000272,7.344406843185425
BenchmarkTest01508.java,0,0,CWE-79,CWE-80,0,0,1,0,0,CWE-80,648,0.0002592,0,0.0,5,8e-06,0.0002672,7.606486797332764
BenchmarkTest01509.java,1,0,CWE-79,CWE-79,1,1,0,0,0,CWE-79,614,0.0002456,0,0.0,5,8e-06,0.0002536,7.017038822174072
BenchmarkTest01510.java,1,0,CWE-79,CWE-79,1,1,0,0,0,CWE-79,653,0.0002612,0,0.0,5,8e-06,0.0002692,7.032163381576538
BenchmarkTest01511.java,1,0,CWE-79,CWE-79,1,1,0,0,0,CWE-79,737,0.0002948,0,0.0,5,8e-06,0.0003028,5.458325624465942
BenchmarkTest01512.java,1,0,CWE-79,CWE-79,1,1,0,0,0,CWE-79,675,0.00027,0,0.0,5,8e-06,0.000278,7.240313291549683
BenchmarkTest01513.java,0,0,CWE-79,CWE-80,0,0,1,0,0,CWE-80,648,0.0002592,0,0.0,5,8e-06,0.0002672,5.553112983703613
BenchmarkTest01514.java,0,0,CWE-79,,,0,0,1,0,Not vulnerable,736,0.0002944,0,0.0,3,4.800000000000001e-06,0.0002992,7.466660499572754
BenchmarkTest01515.java,0,0,CWE-79,,,0,0,1,0,Not vulnerable,921,0.0003684,0,0.0,3,4.800000000000001e-06,0.0003732,8.203763723373413
BenchmarkTest01516.java,0,0,CWE-78,,,0,0,1,0,Not vulnerable,1072,0.0004288,0,0.0,3,4.800000000000001e-06,0.0004336,5.214890480041504
BenchmarkTest01517.java,1,0,CWE-78,CWE-78,1,1,0,0,0,CWE-78,794,0.0003176,0,0.0,5,8e-06,0.0003256,7.494859457015991
BenchmarkTest01518.java,1,0,CWE-330,CWE-338,0,1,0,0,0,CWE-338,1299,0.0005196,0,0.0,5,8e-06,0.0005276,7.373795747756958
BenchmarkTest01519.java,1,0,CWE-330,CWE-330,1,1,0,0,0,CWE-330,1066,0.0004264,0,0.0,5,8e-06,0.0004344,7.360170125961304
BenchmarkTest01520.java,1,0,CWE-330,CWE-330,1,1,0,0,0,CWE-330,1105,0.000442,0,0.0,5,8e-06,0.00045,7.457091331481934
BenchmarkTest01521.java,1,0,CWE-614,CWE-614,1,1,0,0,0,"CWE-614,CWE-614",859,0.0003436,0,0.0,9,1.44e-05,0.000358,7.707436800003052
BenchmarkTest01522.java,0,0,CWE-614,,,0,0,1,0,Not vulnerable,859,0.0003436,0,0.0,3,4.800000000000001e-06,0.0003484,7.390962362289429
BenchmarkTest01523.java,0,0,CWE-614,,,0,0,1,0,Not vulnerable,1140,0.000456,0,0.0,3,4.800000000000001e-06,0.0004608,7.435256242752075
BenchmarkTest01524.java,0,0,CWE-614,,,0,0,1,0,Not vulnerable,890,0.000356,0,0.0,3,4.800000000000001e-06,0.0003608,7.226932525634766
BenchmarkTest01525.java,1,0,CWE-79,CWE-79,1,1,0,0,0,CWE-79,668,0.0002672,0,0.0,5,8e-06,0.0002751999999999,7.477190971374512
BenchmarkTest01526.java,0,0,CWE-78,CWE-78,1,0,1,0,0,CWE-78,769,0.0003076,0,0.0,5,8e-06,0.0003156,6.912966012954712
BenchmarkTest01527.java,0,0,CWE-78,CWE-78,1,0,1,0,0,CWE-78,765,0.000306,0,0.0,5,8e-06,0.000314,5.832028865814209
BenchmarkTest01528.java,0,0,CWE-78,CWE-78,1,0,1,0,0,CWE-78,836,0.0003344,0,0.0,5,8e-06,0.0003424,6.102025032043457
BenchmarkTest01529.java,0,0,CWE-78,CWE-78,1,0,1,0,0,CWE-78,870,0.000348,0,0.0,5,8e-06,0.000356,6.392129421234131
BenchmarkTest01530.java,0,0,CWE-78,CWE-78,1,0,1,0,0,CWE-78,909,0.0003636,0,0.0,5,8e-06,0.0003716,6.296874046325684
BenchmarkTest01531.java,1,0,CWE-78,CWE-78,1,1,0,0,0,CWE-78,793,0.0003172,0,0.0,5,8e-06,0.0003252,6.593554973602295
BenchmarkTest01532.java,0,0,CWE-78,CWE-78,1,0,1,0,0,CWE-78,795,0.000318,0,0.0,5,8e-06,0.0003259999999999,6.75394344329834
BenchmarkTest01533.java,1,0,CWE-78,CWE-78,1,1,0,0,0,CWE-78,763,0.0003052,0,0.0,5,8e-06,0.0003131999999999,6.93423867225647
BenchmarkTest01534.java,0,0,CWE-330,,,0,0,1,0,Not vulnerable,1122,0.0004488,0,0.0,3,4.800000000000001e-06,0.0004536,6.3009960651397705
BenchmarkTest01535.java,0,0,CWE-330,CWE-330,1,0,1,0,0,CWE-330,1085,0.000434,0,0.0,5,8e-06,0.0004419999999999,2.3061022758483887
BenchmarkTest01536.java,0,0,CWE-330,CWE-330,1,0,1,0,0,CWE-330,1361,0.0005444,0,0.0,5,8e-06,0.0005524,6.960371255874634
BenchmarkTest01537.java,0,0,CWE-330,,,0,0,1,0,Not vulnerable,1207,0.0004828,0,0.0,3,4.800000000000001e-06,0.0004876,5.505127191543579
BenchmarkTest01538.java,0,0,CWE-330,,,0,0,1,0,Not vulnerable,1215,0.000486,0,0.0,3,4.800000000000001e-06,0.0004908,5.622457504272461
BenchmarkTest01539.java,0,0,CWE-330,,,0,0,1,0,Not vulnerable,1195,0.000478,0,0.0,3,4.800000000000001e-06,0.0004828,4.610653162002564
BenchmarkTest01540.java,0,0,CWE-330,CWE-330,1,0,1,0,0,CWE-330,1126,0.0004504,0,0.0,5,8e-06,0.0004584,4.867613315582275
BenchmarkTest01541.java,0,0,CWE-330,,,0,0,1,0,Not vulnerable,1072,0.0004288,0,0.0,3,4.800000000000001e-06,0.0004336,4.910063028335571
BenchmarkTest01542.java,0,0,CWE-330,CWE-330,1,0,1,0,0,CWE-330,1155,0.000462,0,0.0,5,8e-06,0.00047,4.613325119018555
BenchmarkTest01543.java,0,0,CWE-330,CWE-330,1,0,1,0,0,CWE-330,1084,0.0004336,0,0.0,5,8e-06,0.0004416,4.532501935958862
BenchmarkTest01544.java,0,0,CWE-330,CWE-330,1,0,1,0,0,CWE-330,1126,0.0004504,0,0.0,5,8e-06,0.0004584,4.729396343231201
BenchmarkTest01545.java,0,0,CWE-330,CWE-330,1,0,1,0,0,CWE-330,1363,0.0005452,0,0.0,5,8e-06,0.0005532,5.154259920120239
BenchmarkTest01552.java,1,0,CWE-89,CWE-89,1,1,0,0,0,CWE-89,756,0.0003024,0,0.0,5,8e-06,0.0003104,5.009164810180664
BenchmarkTest01553.java,0,0,CWE-89,,,0,0,1,0,Not vulnerable,865,0.000346,0,0.0,3,4.800000000000001e-06,0.0003508,5.197831153869629
BenchmarkTest01554.java,1,0,CWE-89,CWE-89,1,1,0,0,0,CWE-89,899,0.0003596,0,0.0,5,8e-06,0.0003676,4.8579466342926025
BenchmarkTest01555.java,0,0,CWE-89,CWE-89,1,0,1,0,0,CWE-89,862,0.0003448,0,0.0,5,8e-06,0.0003528,4.879004240036011
BenchmarkTest01556.java,0,0,CWE-89,CWE-89,1,0,1,0,0,CWE-89,893,0.0003572,0,0.0,5,8e-06,0.0003652,4.6473915576934814
BenchmarkTest01557.java,1,0,CWE-89,CWE-89,1,1,0,0,0,CWE-89,824,0.0003296,0,0.0,5,8e-06,0.0003376,5.425874710083008
BenchmarkTest01558.java,1,0,CWE-89,CWE-89,1,1,0,0,0,CWE-89,824,0.0003296,0,0.0,5,8e-06,0.0003376,5.428957939147949
BenchmarkTest01559.java,1,0,CWE-89,CWE-89,1,1,0,0,0,CWE-89,824,0.0003296,0,0.0,5,8e-06,0.0003376,4.977369546890259
BenchmarkTest01560.java,1,0,CWE-89,CWE-89,1,1,0,0,0,CWE-89,760,0.000304,0,0.0,5,8e-06,0.000312,4.824101448059082
BenchmarkTest01561.java,1,0,CWE-643,CWE-643,1,1,0,0,0,CWE-643,983,0.0003932,0,0.0,5,8e-06,0.0004012,4.847461700439453
BenchmarkTest01562.java,0,0,CWE-643,CWE-643,1,0,1,0,0,CWE-643,1056,0.0004224,0,0.0,5,8e-06,0.0004304,4.849936723709106
BenchmarkTest01563.java,0,0,CWE-327,CWE-327,1,0,1,0,0,"CWE-327,CWE-321,CWE-276",1613,0.0006452,0,0.0,13,2.08e-05,0.000666,4.782181024551392
BenchmarkTest01564.java,0,0,CWE-327,CWE-327,1,0,1,0,0,"CWE-321,CWE-327,CWE-922",1592,0.0006368,0,0.0,13,2.08e-05,0.0006576,4.857717037200928
BenchmarkTest01565.java,1,0,CWE-327,CWE-327,1,1,0,0,0,"CWE-327,CWE-321",1246,0.0004984,0,0.0,9,1.44e-05,0.0005128,5.224816083908081
BenchmarkTest01566.java,1,0,CWE-327,CWE-327,1,1,0,0,0,"CWE-327,CWE-326",1178,0.0004712,0,0.0,9,1.44e-05,0.0004856,4.800487518310547
BenchmarkTest01567.java,0,0,CWE-327,CWE-327,1,0,1,0,0,"CWE-327,CWE-321",1560,0.000624,0,0.0,9,1.44e-05,0.0006384,4.799207210540772
BenchmarkTest01568.java,1,0,CWE-90,CWE-90,1,1,0,0,0,CWE-90,1011,0.0004044,0,0.0,5,8e-06,0.0004124,4.651984930038452
BenchmarkTest01569.java,0,0,CWE-90,,,0,0,1,0,Not vulnerable,1287,0.0005148,0,0.0,3,4.800000000000001e-06,0.0005196,4.761332511901856
BenchmarkTest01570.java,0,0,CWE-22,,,0,0,1,0,Not vulnerable,738,0.0002951999999999,0,0.0,3,4.800000000000001e-06,0.0003,4.749672174453735
BenchmarkTest01571.java,1,0,CWE-22,CWE-22,1,1,0,0,0,CWE-22,792,0.0003168,0,0.0,5,8e-06,0.0003248,5.3291566371917725
BenchmarkTest01572.java,1,0,CWE-22,CWE-22,1,1,0,0,0,CWE-22,870,0.000348,0,0.0,5,8e-06,0.000356,5.340599060058594
BenchmarkTest01573.java,0,0,CWE-22,CWE-22,1,0,1,0,0,CWE-22,925,0.00037,0,0.0,5,8e-06,0.0003779999999999,4.884502410888672
BenchmarkTest01574.java,0,0,CWE-22,,,0,0,1,0,Not vulnerable,884,0.0003536,0,0.0,3,4.800000000000001e-06,0.0003584,4.846512079238892
BenchmarkTest01575.java,1,0,CWE-330,CWE-330,1,1,0,0,0,CWE-330,1105,0.000442,0,0.0,5,8e-06,0.00045,5.033673524856567
BenchmarkTest01576.java,0,0,CWE-328,,,0,0,1,0,"CWE-732,CWE-276,CWE-200",1023,0.0004092,0,0.0,13,2.08e-05,0.00043,5.421966314315796
BenchmarkTest01577.java,1,0,CWE-328,CWE-327,0,1,0,0,0,"CWE-327,CWE-276",966,0.0003864,0,0.0,9,1.44e-05,0.0004008,5.474400281906128
BenchmarkTest01578.java,0,0,CWE-328,,,0,0,1,0,Not vulnerable,976,0.0003904,0,0.0,3,4.800000000000001e-06,0.0003952,5.309650182723999
BenchmarkTest01579.java,1,0,CWE-328,,,0,0,0,1,"CWE-732,CWE-276,CWE-532",1080,0.000432,0,0.0,13,2.08e-05,0.0004528,4.689256191253662
BenchmarkTest01580.java,1,0,CWE-328,,,0,0,0,1,Not vulnerable,1051,0.0004204,0,0.0,3,4.800000000000001e-06,0.0004252,4.799942493438721
BenchmarkTest01581.java,0,0,CWE-328,CWE-327,0,0,1,0,0,"CWE-327,CWE-276",1087,0.0004348,0,0.0,9,1.44e-05,0.0004492,4.320586681365967
BenchmarkTest01582.java,0,0,CWE-328,,,0,0,1,0,Not vulnerable,1138,0.0004552,0,0.0,3,4.800000000000001e-06,0.00046,4.11107063293457
BenchmarkTest01583.java,1,0,CWE-79,CWE-79,1,1,0,0,0,CWE-79,681,0.0002724,0,0.0,5,8e-06,0.0002804,4.142400741577148
BenchmarkTest01584.java,1,0,CWE-79,CWE-79,1,1,0,0,0,CWE-79,655,0.000262,0,0.0,5,8e-06,0.00027,4.030030727386475
BenchmarkTest01585.java,0,0,CWE-79,CWE-79,1,0,1,0,0,CWE-79,612,0.0002448,0,0.0,5,8e-06,0.0002527999999999,4.313813924789429
BenchmarkTest01586.java,0,0,CWE-79,CWE-79,1,0,1,0,0,CWE-79,598,0.0002392,0,0.0,5,8e-06,0.0002472,3.735263586044312
BenchmarkTest01587.java,1,0,CWE-79,CWE-79,1,1,0,0,0,CWE-79,651,0.0002604,0,0.0,5,8e-06,0.0002684,4.355333089828491
BenchmarkTest01588.java,0,0,CWE-79,CWE-79,1,0,1,0,0,"CWE-74,CWE-79",657,0.0002628,0,0.0,9,1.44e-05,0.0002772,4.281498432159424
BenchmarkTest01589.java,1,0,CWE-79,CWE-80,0,1,0,0,0,CWE-80,727,0.0002908,0,0.0,5,8e-06,0.0002988,4.211251497268677
BenchmarkTest01590.java,1,0,CWE-79,CWE-79,1,1,0,0,0,CWE-79,603,0.0002412,0,0.0,5,8e-06,0.0002492,3.8988447189331055
BenchmarkTest01591.java,0,0,CWE-79,,,0,0,1,0,Not vulnerable,924,0.0003696,0,0.0,3,4.800000000000001e-06,0.0003744,3.886225461959839
BenchmarkTest01592.java,1,0,CWE-79,CWE-79,1,1,0,0,0,CWE-79,633,0.0002532,0,0.0,5,8e-06,0.0002612,6.29899263381958
BenchmarkTest01593.java,0,0,CWE-79,CWE-79,1,0,1,0,0,CWE-79,639,0.0002556,0,0.0,5,8e-06,0.0002636,3.871711015701294
BenchmarkTest01594.java,1,0,CWE-79,CWE-79,1,1,0,0,0,CWE-79,613,0.0002452,0,0.0,5,8e-06,0.0002532,3.713999748229981
BenchmarkTest01595.java,0,0,CWE-79,CWE-79,1,0,1,0,0,CWE-79,602,0.0002408,0,0.0,5,8e-06,0.0002488,6.699956893920898
BenchmarkTest01596.java,1,0,CWE-79,CWE-79,1,1,0,0,0,CWE-79,635,0.000254,0,0.0,5,8e-06,0.0002619999999999,3.689050674438477
BenchmarkTest01597.java,1,0,CWE-79,CWE-79,1,1,0,0,0,CWE-79,644,0.0002576,0,0.0,5,8e-06,0.0002656,3.905069351196289
BenchmarkTest01598.java,1,0,CWE-79,CWE-79,1,1,0,0,0,CWE-79,885,0.000354,0,0.0,5,8e-06,0.0003619999999999,7.675667762756348
BenchmarkTest01599.java,0,0,CWE-79,,,0,0,1,0,Not vulnerable,726,0.0002904,0,0.0,3,4.800000000000001e-06,0.0002952,3.861743211746216
BenchmarkTest01600.java,0,0,CWE-78,CWE-78,1,0,1,0,0,CWE-78,823,0.0003292,0,0.0,5,8e-06,0.0003372,7.810846090316772
BenchmarkTest01601.java,1,0,CWE-78,CWE-78,1,1,0,0,0,CWE-78,812,0.0003248,0,0.0,5,8e-06,0.0003328,7.780224323272705
BenchmarkTest01602.java,1,0,CWE-330,CWE-330,1,1,0,0,0,CWE-330,1110,0.000444,0,0.0,5,8e-06,0.000452,8.049477577209473
BenchmarkTest01603.java,1,0,CWE-330,CWE-338,0,1,0,0,0,CWE-338,1280,0.000512,0,0.0,5,8e-06,0.00052,8.064087629318237
BenchmarkTest01604.java,0,0,CWE-614,,,0,0,1,0,Not vulnerable,835,0.000334,0,0.0,3,4.800000000000001e-06,0.0003388,8.06308102607727
BenchmarkTest01605.java,0,0,CWE-614,,,0,0,1,0,Not vulnerable,971,0.0003884,0,0.0,3,4.800000000000001e-06,0.0003932,3.844637155532837
BenchmarkTest01606.java,0,0,CWE-78,CWE-78,1,0,1,0,0,CWE-78,759,0.0003036,0,0.0,5,8e-06,0.0003116,8.044285535812378
BenchmarkTest01607.java,0,0,CWE-78,CWE-78,1,0,1,0,0,CWE-78,931,0.0003724,0,0.0,5,8e-06,0.0003804,7.9795074462890625
BenchmarkTest01608.java,0,0,CWE-78,,,0,0,1,0,Not vulnerable,852,0.0003408,0,0.0,3,4.800000000000001e-06,0.0003456,3.7962546348571777
BenchmarkTest01609.java,1,0,CWE-78,CWE-78,1,1,0,0,0,CWE-78,814,0.0003256,0,0.0,5,8e-06,0.0003336,7.9832000732421875
BenchmarkTest01610.java,1,0,CWE-78,CWE-78,1,1,0,0,0,CWE-78,781,0.0003124,0,0.0,5,8e-06,0.0003204,7.987608194351196
BenchmarkTest01611.java,0,0,CWE-330,,,0,0,1,0,Not vulnerable,1101,0.0004404,0,0.0,3,4.800000000000001e-06,0.0004452,7.964518070220947
BenchmarkTest01612.java,0,0,CWE-330,CWE-330,1,0,1,0,0,CWE-330,1040,0.000416,0,0.0,5,8e-06,0.0004239999999999,7.988611459732056
BenchmarkTest01613.java,0,0,CWE-330,CWE-330,1,0,1,0,0,CWE-330,1060,0.000424,0,0.0,5,8e-06,0.000432,7.819196939468384
BenchmarkTest01614.java,0,0,CWE-330,CWE-330,1,0,1,0,0,CWE-330,1029,0.0004116,0,0.0,5,8e-06,0.0004196,8.00382113456726
BenchmarkTest01620.java,1,0,CWE-89,CWE-89,1,1,0,0,0,CWE-89,813,0.0003252,0,0.0,5,8e-06,0.0003332,7.901099920272827
BenchmarkTest01621.java,1,0,CWE-89,CWE-89,1,1,0,0,0,CWE-89,764,0.0003056,0,0.0,5,8e-06,0.0003136,7.920198440551758
BenchmarkTest01622.java,0,0,CWE-89,,,0,0,1,0,CWE-88,820,0.000328,0,0.0,5,8e-06,0.000336,7.978711843490601
BenchmarkTest01623.java,1,0,CWE-89,CWE-89,1,1,0,0,0,CWE-89,782,0.0003128,0,0.0,5,8e-06,0.0003208,7.9713075160980225
BenchmarkTest01624.java,1,0,CWE-89,CWE-89,1,1,0,0,0,CWE-89,829,0.0003316,0,0.0,5,8e-06,0.0003396,7.963613510131836
BenchmarkTest01625.java,1,0,CWE-89,CWE-89,1,1,0,0,0,CWE-89,797,0.0003188,0,0.0,5,8e-06,0.0003268,3.772467374801636
BenchmarkTest01626.java,1,0,CWE-89,CWE-89,1,1,0,0,0,CWE-89,815,0.000326,0,0.0,5,8e-06,0.000334,3.787416934967041
BenchmarkTest01627.java,1,0,CWE-89,CWE-89,1,1,0,0,0,CWE-89,700,0.00028,0,0.0,5,8e-06,0.0002879999999999,7.779539585113525
BenchmarkTest01628.java,0,0,CWE-89,CWE-89,1,0,1,0,0,CWE-89,816,0.0003264,0,0.0,5,8e-06,0.0003344,3.693240165710449
BenchmarkTest01629.java,0,0,CWE-89,CWE-89,1,0,1,0,0,CWE-89,752,0.0003008,0,0.0,5,8e-06,0.0003087999999999,3.6315009593963614
BenchmarkTest01630.java,1,0,CWE-89,CWE-89,1,1,0,0,0,CWE-89,748,0.0002992,0,0.0,5,8e-06,0.0003072,3.626063823699951
BenchmarkTest01631.java,1,0,CWE-89,CWE-89,1,1,0,0,0,CWE-89,750,0.0003,0,0.0,5,8e-06,0.0003079999999999,6.09258770942688
BenchmarkTest01632.java,0,0,CWE-643,CWE-643,1,0,1,0,0,CWE-643,1046,0.0004184,0,0.0,5,8e-06,0.0004264,6.565852880477905
BenchmarkTest01633.java,0,0,CWE-643,,,0,0,1,0,Not vulnerable,1167,0.0004668,0,0.0,3,4.800000000000001e-06,0.0004716,3.679062843322754
BenchmarkTest01634.java,1,0,CWE-327,CWE-327,1,1,0,0,0,"CWE-327,CWE-321",2049,0.0008196,0,0.0,9,1.44e-05,0.000834,3.6533994674682617
BenchmarkTest01635.java,0,0,CWE-327,CWE-327,1,0,1,0,0,"CWE-327,CWE-330,CWE-276",1807,0.0007228,0,0.0,13,2.08e-05,0.0007436,5.536696195602417
BenchmarkTest01636.java,0,0,CWE-327,CWE-327,1,0,1,0,0,"CWE-321,CWE-327,CWE-312",1791,0.0007164,0,0.0,13,2.08e-05,0.0007372,7.687536478042602
BenchmarkTest01637.java,1,0,CWE-327,CWE-327,1,1,0,0,0,"CWE-327,CWE-321",1897,0.0007588,0,0.0,9,1.44e-05,0.0007732,5.366979122161865
BenchmarkTest01638.java,1,0,CWE-327,CWE-327,1,1,0,0,0,"CWE-327,CWE-321",1721,0.0006884,0,0.0,9,1.44e-05,0.0007028,3.741424322128296
BenchmarkTest01639.java,1,0,CWE-327,CWE-327,1,1,0,0,0,"CWE-327,CWE-321",1562,0.0006248,0,0.0,9,1.44e-05,0.0006392,7.713331937789917
BenchmarkTest01640.java,0,0,CWE-327,,,0,0,1,0,Not vulnerable,1394,0.0005576,0,0.0,3,4.800000000000001e-06,0.0005624,6.255823373794556
BenchmarkTest01641.java,1,0,CWE-327,CWE-327,1,1,0,0,0,"CWE-327,CWE-321",1423,0.0005692,0,0.0,9,1.44e-05,0.0005836,7.658221244812012
BenchmarkTest01642.java,1,0,CWE-22,CWE-22,1,1,0,0,0,CWE-22,911,0.0003644,0,0.0,5,8e-06,0.0003724,6.498435974121094
BenchmarkTest01643.java,1,0,CWE-22,CWE-22,1,1,0,0,0,CWE-22,1089,0.0004356,0,0.0,5,8e-06,0.0004436,7.540150880813599
BenchmarkTest01644.java,0,0,CWE-22,,,0,0,1,0,Not vulnerable,1079,0.0004316,0,0.0,3,4.800000000000001e-06,0.0004364,3.634262561798096
BenchmarkTest01645.java,1,0,CWE-22,CWE-22,1,1,0,0,0,CWE-22,1111,0.0004444,0,0.0,5,8e-06,0.0004524,6.360505104064941
BenchmarkTest01646.java,0,0,CWE-22,CWE-22,1,0,1,0,0,CWE-22,1080,0.000432,0,0.0,5,8e-06,0.0004399999999999,7.398588180541992
BenchmarkTest01647.java,1,0,CWE-22,CWE-22,1,1,0,0,0,CWE-22,985,0.000394,0,0.0,5,8e-06,0.0004019999999999,4.141996622085571
BenchmarkTest01648.java,1,0,CWE-330,CWE-330,1,1,0,0,0,CWE-330,1191,0.0004764,0,0.0,5,8e-06,0.0004844,3.901214122772217
BenchmarkTest01649.java,1,0,CWE-328,,,0,0,0,1,Not vulnerable,1351,0.0005404,0,0.0,3,4.800000000000001e-06,0.0005452,5.661461353302002
BenchmarkTest01650.java,1,0,CWE-328,,,0,0,0,1,Not vulnerable,1260,0.000504,0,0.0,3,4.800000000000001e-06,0.0005088,7.339665174484253
BenchmarkTest01651.java,1,0,CWE-328,,,0,0,0,1,"CWE-117,CWE-732",1224,0.0004896,0,0.0,9,1.44e-05,0.000504,9.29872441291809
BenchmarkTest01652.java,0,0,CWE-328,,,0,0,1,0,Not vulnerable,1353,0.0005412,0,0.0,3,4.800000000000001e-06,0.000546,7.561480283737183
BenchmarkTest01653.java,1,0,CWE-328,,,0,0,0,1,Not vulnerable,1195,0.000478,0,0.0,3,4.800000000000001e-06,0.0004828,5.62313175201416
BenchmarkTest01654.java,1,0,CWE-328,,,0,0,0,1,"CWE-552,CWE-276,CWE-732",1310,0.000524,0,0.0,13,2.08e-05,0.0005448,5.554706573486328
BenchmarkTest01655.java,0,0,CWE-328,CWE-327,0,0,1,0,0,"CWE-327,CWE-276,CWE-532",1243,0.0004972,0,0.0,13,2.08e-05,0.000518,7.548206090927124
BenchmarkTest01656.java,0,0,CWE-328,CWE-327,0,0,1,0,0,"CWE-327,CWE-276,CWE-532",1310,0.000524,0,0.0,13,2.08e-05,0.0005448,7.533069133758545
BenchmarkTest01657.java,1,0,CWE-79,CWE-79,1,1,0,0,0,CWE-79,852,0.0003408,0,0.0,5,8e-06,0.0003487999999999,5.908032655715942
BenchmarkTest01658.java,1,0,CWE-79,CWE-79,1,1,0,0,0,CWE-79,806,0.0003224,0,0.0,5,8e-06,0.0003304,9.099022150039673
BenchmarkTest01659.java,0,0,CWE-79,CWE-79,1,0,1,0,0,CWE-79,792,0.0003168,0,0.0,5,8e-06,0.0003248,8.420581340789795
BenchmarkTest01660.java,1,0,CWE-79,CWE-79,1,1,0,0,0,CWE-79,814,0.0003256,0,0.0,5,8e-06,0.0003336,7.151618003845215
BenchmarkTest01661.java,0,0,CWE-79,CWE-79,1,0,1,0,0,CWE-79,819,0.0003276,0,0.0,5,8e-06,0.0003356,8.835797786712646
BenchmarkTest01662.java,1,0,CWE-79,CWE-79,1,1,0,0,0,CWE-79,852,0.0003408,0,0.0,5,8e-06,0.0003487999999999,8.79273796081543
BenchmarkTest01663.java,0,0,CWE-79,,,0,0,1,0,Not vulnerable,933,0.0003732,0,0.0,3,4.800000000000001e-06,0.000378,5.638899087905884
BenchmarkTest01664.java,0,0,CWE-79,CWE-79,1,0,1,0,0,CWE-79,801,0.0003204,0,0.0,5,8e-06,0.0003284,6.022876977920532
BenchmarkTest01665.java,1,0,CWE-79,CWE-79,1,1,0,0,0,CWE-79,810,0.000324,0,0.0,5,8e-06,0.000332,8.864185333251953
BenchmarkTest01666.java,1,0,CWE-79,CWE-79,1,1,0,0,0,CWE-79,849,0.0003396,0,0.0,5,8e-06,0.0003476,9.282386541366575
BenchmarkTest01667.java,1,0,CWE-79,CWE-79,1,1,0,0,0,CWE-79,898,0.0003592,0,0.0,5,8e-06,0.0003672,6.841163396835327
BenchmarkTest01668.java,0,0,CWE-79,,,0,0,1,0,Not vulnerable,920,0.000368,0,0.0,3,4.800000000000001e-06,0.0003728,8.85936951637268
BenchmarkTest01669.java,0,0,CWE-79,CWE-79,1,0,1,0,0,CWE-79,798,0.0003192,0,0.0,5,8e-06,0.0003272,8.056702613830566
BenchmarkTest01670.java,1,0,CWE-79,CWE-79,1,1,0,0,0,CWE-79,787,0.0003148,0,0.0,5,8e-06,0.0003228,8.25867223739624
BenchmarkTest01671.java,0,0,CWE-79,CWE-79,1,0,1,0,0,CWE-79,798,0.0003192,0,0.0,5,8e-06,0.0003272,7.758370399475098
BenchmarkTest01672.java,0,0,CWE-78,,,0,0,1,0,Not vulnerable,984,0.0003936,0,0.0,3,4.800000000000001e-06,0.0003984,7.443686723709106
BenchmarkTest01673.java,1,0,CWE-78,CWE-78,1,1,0,0,0,CWE-78,928,0.0003712,0,0.0,5,8e-06,0.0003792,9.628854036331177
BenchmarkTest01674.java,1,0,CWE-78,CWE-78,1,1,0,0,0,CWE-78,961,0.0003844,0,0.0,5,8e-06,0.0003924,5.720641851425171
BenchmarkTest01675.java,1,0,CWE-330,CWE-330,1,1,0,0,0,CWE-330,1280,0.000512,0,0.0,5,8e-06,0.00052,7.245841979980469
BenchmarkTest01676.java,1,0,CWE-330,CWE-330,1,1,0,0,0,CWE-330,1219,0.0004876,0,0.0,5,8e-06,0.0004956,4.598952054977417
BenchmarkTest01677.java,1,0,CWE-330,CWE-330,1,1,0,0,0,CWE-330,1266,0.0005064,0,0.0,5,8e-06,0.0005144,6.649684429168701
BenchmarkTest01678.java,1,0,CWE-330,CWE-330,1,1,0,0,0,CWE-330,1483,0.0005932,0,0.0,5,8e-06,0.0006012,6.004644155502319
BenchmarkTest01679.java,1,0,CWE-330,CWE-330,1,1,0,0,0,CWE-330,1196,0.0004784,0,0.0,5,8e-06,0.0004864,6.040043592453003
BenchmarkTest01680.java,1,0,CWE-330,CWE-330,1,1,0,0,0,CWE-330,1205,0.000482,0,0.0,5,8e-06,0.00049,6.0912394523620605
BenchmarkTest01681.java,1,0,CWE-330,CWE-330,1,1,0,0,0,CWE-330,1289,0.0005156,0,0.0,5,8e-06,0.0005236,6.549521446228027
BenchmarkTest01682.java,1,0,CWE-614,CWE-614,1,1,0,0,0,"CWE-1004,CWE-614",1029,0.0004116,0,0.0,10,1.6e-05,0.0004276,6.238958120346069
BenchmarkTest01683.java,1,0,CWE-614,CWE-614,1,1,0,0,0,"CWE-614,CWE-614",1059,0.0004236,0,0.0,9,1.44e-05,0.000438,7.293176412582397
BenchmarkTest01684.java,0,0,CWE-614,,,0,0,1,0,Not vulnerable,1052,0.0004208,0,0.0,3,4.800000000000001e-06,0.0004256,6.259373188018799
BenchmarkTest01685.java,1,0,CWE-78,CWE-78,1,1,0,0,0,CWE-78,1055,0.000422,0,0.0,5,8e-06,0.00043,6.051992177963257
BenchmarkTest01686.java,0,0,CWE-78,,,0,0,1,0,Not vulnerable,944,0.0003776,0,0.0,3,4.800000000000001e-06,0.0003824,6.143558740615845
BenchmarkTest01687.java,0,0,CWE-78,CWE-78,1,0,1,0,0,CWE-78,1068,0.0004272,0,0.0,5,8e-06,0.0004352,6.033368825912476
BenchmarkTest01688.java,0,0,CWE-78,CWE-78,1,0,1,0,0,CWE-78,963,0.0003852,0,0.0,5,8e-06,0.0003932,6.716527938842773
BenchmarkTest01689.java,1,0,CWE-78,CWE-78,1,1,0,0,0,CWE-78,965,0.000386,0,0.0,5,8e-06,0.000394,6.52013111114502
BenchmarkTest01690.java,1,0,CWE-78,CWE-78,1,1,0,0,0,CWE-78,891,0.0003564,0,0.0,5,8e-06,0.0003644,6.518892049789429
BenchmarkTest01691.java,1,0,CWE-78,CWE-78,1,1,0,0,0,CWE-78,1005,0.000402,0,0.0,5,8e-06,0.00041,5.547247886657715
BenchmarkTest01692.java,0,0,CWE-78,,,0,0,1,0,Not vulnerable,1251,0.0005004,0,0.0,3,4.800000000000001e-06,0.0005052,7.019422292709351
BenchmarkTest01693.java,0,0,CWE-78,CWE-78,1,0,1,0,0,CWE-78,975,0.00039,0,0.0,5,8e-06,0.0003979999999999,5.732625246047974
BenchmarkTest01694.java,0,0,CWE-330,,,0,0,1,0,Not vulnerable,1271,0.0005084,0,0.0,3,4.800000000000001e-06,0.0005132,7.027011632919312
BenchmarkTest01695.java,0,0,CWE-330,,,0,0,1,0,Not vulnerable,1331,0.0005323999999999,0,0.0,3,4.800000000000001e-06,0.0005371999999999,6.112919807434082
BenchmarkTest01696.java,0,0,CWE-330,CWE-330,1,0,1,0,0,CWE-330,1338,0.0005352,0,0.0,5,8e-06,0.0005432,6.668714284896851
BenchmarkTest01697.java,0,0,CWE-330,CWE-330,1,0,1,0,0,CWE-330,1247,0.0004988,0,0.0,5,8e-06,0.0005068,6.609894275665283
BenchmarkTest01698.java,0,0,CWE-330,,,0,0,1,0,Not vulnerable,1576,0.0006304,0,0.0,3,4.800000000000001e-06,0.0006352,6.028551816940308
BenchmarkTest01699.java,0,0,CWE-330,CWE-330,1,0,1,0,0,CWE-330,1264,0.0005056,0,0.0,5,8e-06,0.0005136,6.070427656173706
BenchmarkTest01700.java,0,0,CWE-330,CWE-330,1,0,1,0,0,CWE-330,1371,0.0005484,0,0.0,5,8e-06,0.0005564,5.803723812103272
BenchmarkTest01701.java,0,0,CWE-330,CWE-330,1,0,1,0,0,CWE-330,1254,0.0005016,0,0.0,5,8e-06,0.0005096,6.691262006759644
BenchmarkTest01702.java,0,0,CWE-330,CWE-330,1,0,1,0,0,CWE-330,1256,0.0005024,0,0.0,5,8e-06,0.0005104,6.013176918029785
BenchmarkTest01703.java,0,0,CWE-330,CWE-330,1,0,1,0,0,CWE-330,1270,0.000508,0,0.0,5,8e-06,0.000516,5.798980236053467
BenchmarkTest01704.java,0,0,CWE-330,CWE-330,1,0,1,0,0,CWE-330,1260,0.000504,0,0.0,5,8e-06,0.000512,6.11182975769043
BenchmarkTest01705.java,0,0,CWE-330,CWE-330,1,0,1,0,0,CWE-330,1262,0.0005048,0,0.0,5,8e-06,0.0005128,8.366692066192627
BenchmarkTest01706.java,0,0,CWE-330,CWE-330,1,0,1,0,0,CWE-330,1209,0.0004836,0,0.0,5,8e-06,0.0004916,6.019286632537842
BenchmarkTest01707.java,0,0,CWE-330,CWE-330,1,0,1,0,0,CWE-330,1323,0.0005292,0,0.0,5,8e-06,0.0005372,6.675140142440796
BenchmarkTest01712.java,1,0,CWE-89,,,0,0,0,1,CWE-88,1007,0.0004028,0,0.0,5,8e-06,0.0004108,6.993511199951172
BenchmarkTest01713.java,0,0,CWE-89,,,0,0,1,0,CWE-426,1029,0.0004116,0,0.0,5,8e-06,0.0004196,6.678253889083862
BenchmarkTest01714.java,0,0,CWE-89,,,0,0,1,0,CWE-88,960,0.000384,0,0.0,5,8e-06,0.000392,7.115602493286133
BenchmarkTest01715.java,1,0,CWE-89,CWE-89,1,1,0,0,0,CWE-89,956,0.0003824,0,0.0,5,8e-06,0.0003904,7.043266296386719
BenchmarkTest01716.java,1,0,CWE-89,CWE-89,1,1,0,0,0,CWE-89,973,0.0003892,0,0.0,5,8e-06,0.0003972,4.488808870315552
BenchmarkTest01717.java,0,0,CWE-89,CWE-89,1,0,1,0,0,CWE-89,1025,0.00041,0,0.0,5,8e-06,0.0004179999999999,3.752225875854492
BenchmarkTest01718.java,1,0,CWE-89,CWE-89,1,1,0,0,0,CWE-89,987,0.0003948,0,0.0,5,8e-06,0.0004028,3.3889060020446777
BenchmarkTest01719.java,0,0,CWE-89,CWE-89,1,0,1,0,0,CWE-89,1001,0.0004004,0,0.0,5,8e-06,0.0004084,3.437873125076294
BenchmarkTest01720.java,1,0,CWE-89,CWE-89,1,1,0,0,0,CWE-89,956,0.0003824,0,0.0,5,8e-06,0.0003904,3.2628817558288574
BenchmarkTest01721.java,1,0,CWE-89,CWE-89,1,1,0,0,0,CWE-89,1097,0.0004388,0,0.0,5,8e-06,0.0004467999999999,3.166576147079468
BenchmarkTest01722.java,0,0,CWE-89,CWE-89,1,0,1,0,0,CWE-89,1203,0.0004812,0,0.0,5,8e-06,0.0004892,3.261622190475464
BenchmarkTest01723.java,1,0,CWE-89,CWE-89,1,1,0,0,0,CWE-89,1016,0.0004064,0,0.0,5,8e-06,0.0004144,3.226816177368164
BenchmarkTest01724.java,1,0,CWE-89,CWE-89,1,1,0,0,0,CWE-89,1048,0.0004192,0,0.0,5,8e-06,0.0004272,3.24094295501709
BenchmarkTest01725.java,1,0,CWE-89,CWE-89,1,1,0,0,0,CWE-89,1017,0.0004068,0,0.0,5,8e-06,0.0004148,3.330531597137451
BenchmarkTest01726.java,1,0,CWE-89,CWE-89,1,1,0,0,0,CWE-89,1126,0.0004504,0,0.0,5,8e-06,0.0004584,3.387049913406372
BenchmarkTest01727.java,1,0,CWE-89,CWE-89,1,1,0,0,0,CWE-89,962,0.0003848,0,0.0,5,8e-06,0.0003928,4.826826572418213
BenchmarkTest01728.java,1,0,CWE-89,CWE-89,1,1,0,0,0,CWE-89,938,0.0003752,0,0.0,5,8e-06,0.0003832,3.108347654342652
BenchmarkTest01729.java,0,0,CWE-89,CWE-89,1,0,1,0,0,CWE-89,1011,0.0004044,0,0.0,5,8e-06,0.0004124,4.537222385406494
BenchmarkTest01730.java,1,0,CWE-89,CWE-89,1,1,0,0,0,CWE-89,972,0.0003888,0,0.0,5,8e-06,0.0003968,4.712429046630859
BenchmarkTest01731.java,1,0,CWE-89,CWE-89,1,1,0,0,0,CWE-89,1008,0.0004032,0,0.0,5,8e-06,0.0004112,3.394320487976074
BenchmarkTest01732.java,0,0,CWE-89,CWE-89,1,0,1,0,0,CWE-89,937,0.0003748,0,0.0,5,8e-06,0.0003828,6.836824893951416
BenchmarkTest01733.java,1,0,CWE-89,CWE-89,1,1,0,0,0,CWE-89,927,0.0003708,0,0.0,5,8e-06,0.0003788,3.201157093048096
BenchmarkTest01734.java,1,0,CWE-643,CWE-643,1,1,0,0,0,CWE-643,1167,0.0004668,0,0.0,5,8e-06,0.0004748,8.325119733810425
BenchmarkTest01735.java,0,0,CWE-643,CWE-643,1,0,1,0,0,CWE-643,1169,0.0004676,0,0.0,5,8e-06,0.0004756,3.095784902572632
BenchmarkTest01736.java,1,0,CWE-643,CWE-643,1,1,0,0,0,CWE-643,1118,0.0004472,0,0.0,5,8e-06,0.0004552,8.361803770065308
BenchmarkTest01737.java,0,0,CWE-327,CWE-327,1,0,1,0,0,"CWE-327,CWE-321",1583,0.0006332,0,0.0,9,1.44e-05,0.0006476,3.543419122695923
BenchmarkTest01738.java,0,0,CWE-327,CWE-327,1,0,1,0,0,"CWE-327,CWE-276",1092,0.0004368,0,0.0,9,1.44e-05,0.0004512,8.250492334365845
BenchmarkTest01739.java,0,0,CWE-327,CWE-327,1,0,1,0,0,"CWE-327,CWE-276,CWE-532",1107,0.0004428,0,0.0,13,2.08e-05,0.0004636,7.885542154312134
BenchmarkTest01740.java,1,0,CWE-327,CWE-327,1,1,0,0,0,"CWE-327,CWE-326,CWE-321,CWE-312",1107,0.0004428,0,0.0,17,2.7200000000000004e-05,0.00047,8.19502878189087
BenchmarkTest01741.java,1,0,CWE-327,CWE-327,1,1,0,0,0,"CWE-327,CWE-321,CWE-326",1155,0.000462,0,0.0,13,2.08e-05,0.0004828,8.18030858039856
BenchmarkTest01742.java,1,0,CWE-327,CWE-327,1,1,0,0,0,"CWE-327,CWE-327",1102,0.0004408,0,0.0,9,1.44e-05,0.0004552,7.207610368728638
BenchmarkTest01743.java,0,0,CWE-90,CWE-90,1,0,1,0,0,CWE-90,1037,0.0004148,0,0.0,5,8e-06,0.0004228,8.038957357406616
BenchmarkTest01744.java,0,0,CWE-22,,,0,0,1,0,Not vulnerable,1008,0.0004032,0,0.0,3,4.800000000000001e-06,0.000408,8.042901277542114
BenchmarkTest01745.java,0,0,CWE-22,CWE-22,1,0,1,0,0,CWE-22,678,0.0002712,0,0.0,5,8e-06,0.0002791999999999,8.032170057296753
BenchmarkTest01746.java,0,0,CWE-22,CWE-22,1,0,1,0,0,CWE-22,895,0.000358,0,0.0,5,8e-06,0.0003659999999999,7.92879581451416
BenchmarkTest01747.java,0,0,CWE-22,,,0,0,1,0,Not vulnerable,913,0.0003652,0,0.0,3,4.800000000000001e-06,0.00037,7.778545379638672
BenchmarkTest01748.java,0,0,CWE-22,CWE-22,1,0,1,0,0,CWE-22,925,0.00037,0,0.0,5,8e-06,0.0003779999999999,7.932850360870361
BenchmarkTest01749.java,0,0,CWE-22,CWE-22,1,0,1,0,0,CWE-22,885,0.000354,0,0.0,5,8e-06,0.0003619999999999,7.891108512878418
BenchmarkTest01750.java,0,0,CWE-22,CWE-22,1,0,1,0,0,CWE-22,833,0.0003332,0,0.0,5,8e-06,0.0003412,7.786776065826416
BenchmarkTest01751.java,0,0,CWE-22,,,0,0,1,0,Not vulnerable,797,0.0003188,0,0.0,3,4.800000000000001e-06,0.0003236,7.914020776748657
BenchmarkTest01752.java,0,0,CWE-22,CWE-22,1,0,1,0,0,CWE-22,912,0.0003648,0,0.0,5,8e-06,0.0003728,7.8665478229522705
BenchmarkTest01753.java,0,0,CWE-90,CWE-90,1,0,1,0,0,CWE-90,1048,0.0004192,0,0.0,5,8e-06,0.0004272,7.843242406845093
BenchmarkTest01754.java,0,0,CWE-90,CWE-90,1,0,1,0,0,CWE-90,1117,0.0004468,0,0.0,5,8e-06,0.0004548,7.535495042800903
BenchmarkTest01755.java,0,0,CWE-90,CWE-90,1,0,1,0,0,CWE-90,1091,0.0004364,0,0.0,5,8e-06,0.0004444,7.787843704223633
BenchmarkTest01756.java,0,0,CWE-90,CWE-90,1,0,1,0,0,CWE-90,1026,0.0004104,0,0.0,5,8e-06,0.0004184,7.95166802406311
BenchmarkTest01757.java,1,0,CWE-328,CWE-327,0,1,0,0,0,"CWE-327,CWE-276",1115,0.000446,0,0.0,9,1.44e-05,0.0004604,7.768313646316528
BenchmarkTest01758.java,0,0,CWE-328,,,0,0,1,0,Not vulnerable,1115,0.000446,0,0.0,3,4.800000000000001e-06,0.0004508,7.694799184799194
BenchmarkTest01759.java,0,0,CWE-328,,,0,0,1,0,Not vulnerable,1080,0.000432,0,0.0,3,4.800000000000001e-06,0.0004368,7.783780336380005
BenchmarkTest01760.java,0,0,CWE-328,,,0,0,1,0,Not vulnerable,1186,0.0004744,0,0.0,3,4.800000000000001e-06,0.0004792,3.4207794666290283
BenchmarkTest01761.java,1,0,CWE-328,CWE-327,0,1,0,0,0,"CWE-327,CWE-276",1051,0.0004204,0,0.0,9,1.44e-05,0.0004348,7.759701251983643
BenchmarkTest01762.java,0,0,CWE-328,,,0,0,1,0,Not vulnerable,996,0.0003984,0,0.0,3,4.800000000000001e-06,0.0004032,3.404457092285156
BenchmarkTest01763.java,0,0,CWE-328,,,0,0,1,0,Not vulnerable,983,0.0003932,0,0.0,3,4.800000000000001e-06,0.000398,8.99164366722107
BenchmarkTest01764.java,0,0,CWE-328,,,0,0,1,0,Not vulnerable,961,0.0003844,0,0.0,3,4.800000000000001e-06,0.0003892,7.703591823577881
BenchmarkTest01765.java,1,0,CWE-328,,,0,0,0,1,"CWE-732,CWE-276,CWE-532",1032,0.0004128,0,0.0,13,2.08e-05,0.0004336,7.867275476455688
BenchmarkTest01766.java,1,0,CWE-328,,,0,0,0,1,"CWE-321,CWE-276,CWE-532",1034,0.0004136,0,0.0,13,2.08e-05,0.0004344,7.725957632064819
BenchmarkTest01767.java,0,0,CWE-79,,,0,0,1,0,CWE-81,657,0.0002628,0,0.0,5,8e-06,0.0002707999999999,6.987423419952393
BenchmarkTest01768.java,0,0,CWE-79,CWE-80,0,0,1,0,0,CWE-80,626,0.0002504,0,0.0,5,8e-06,0.0002584,6.943717241287232
BenchmarkTest01769.java,0,0,CWE-79,CWE-80,0,0,1,0,0,CWE-80,693,0.0002771999999999,0,0.0,5,8e-06,0.0002851999999999,6.763938188552856
BenchmarkTest01770.java,0,0,CWE-79,CWE-80,0,0,1,0,0,CWE-80,626,0.0002504,0,0.0,5,8e-06,0.0002584,5.244287014007568
BenchmarkTest01771.java,0,0,CWE-79,CWE-79,1,0,1,0,0,CWE-79,885,0.000354,0,0.0,5,8e-06,0.0003619999999999,5.109642505645752
BenchmarkTest01772.java,0,0,CWE-79,CWE-80,0,0,1,0,0,CWE-80,616,0.0002464,0,0.0,5,8e-06,0.0002544,6.729770183563232
BenchmarkTest01773.java,0,0,CWE-79,CWE-79,1,0,1,0,0,CWE-79,629,0.0002516,0,0.0,5,8e-06,0.0002596,6.8370115756988525
BenchmarkTest01774.java,0,0,CWE-79,,,0,0,1,0,Not vulnerable,726,0.0002904,0,0.0,3,4.800000000000001e-06,0.0002952,6.776947736740112
BenchmarkTest01775.java,0,0,CWE-79,CWE-79,1,0,1,0,0,CWE-79,637,0.0002548,0,0.0,5,8e-06,0.0002628,6.745941400527954
BenchmarkTest01776.java,0,0,CWE-79,,,0,0,1,0,Not vulnerable,754,0.0003016,0,0.0,3,4.800000000000001e-06,0.0003064,5.062120199203491
BenchmarkTest01777.java,0,0,CWE-79,CWE-79,1,0,1,0,0,CWE-79,667,0.0002668,0,0.0,5,8e-06,0.0002748,3.594320058822632
BenchmarkTest01778.java,0,0,CWE-78,CWE-78,1,0,1,0,0,CWE-78,771,0.0003084,0,0.0,5,8e-06,0.0003164,3.577331066131592
BenchmarkTest01779.java,0,0,CWE-78,CWE-78,1,0,1,0,0,CWE-78,826,0.0003304,0,0.0,5,8e-06,0.0003384,6.841294765472412
BenchmarkTest01780.java,0,0,CWE-78,CWE-78,1,0,1,0,0,CWE-78,873,0.0003492,0,0.0,5,8e-06,0.0003572,6.838568210601807
BenchmarkTest01781.java,1,0,CWE-330,CWE-338,0,1,0,0,0,CWE-338,1078,0.0004312,0,0.0,5,8e-06,0.0004392,5.055647850036621
BenchmarkTest01782.java,1,0,CWE-330,CWE-330,1,1,0,0,0,CWE-330,1055,0.000422,0,0.0,5,8e-06,0.00043,6.924532175064087
BenchmarkTest01783.java,1,0,CWE-330,CWE-330,1,1,0,0,0,CWE-330,1007,0.0004028,0,0.0,5,8e-06,0.0004108,5.130616903305054
BenchmarkTest01784.java,1,0,CWE-330,CWE-338,0,1,0,0,0,CWE-338,1037,0.0004148,0,0.0,5,8e-06,0.0004228,6.359516859054565
BenchmarkTest01785.java,1,0,CWE-330,CWE-330,1,1,0,0,0,CWE-330,989,0.0003956,0,0.0,5,8e-06,0.0004036,6.865436553955078
BenchmarkTest01786.java,1,0,CWE-330,CWE-338,0,1,0,0,0,CWE-338,1044,0.0004176,0,0.0,5,8e-06,0.0004256,3.908284902572632
BenchmarkTest01787.java,1,0,CWE-330,CWE-330,1,1,0,0,0,CWE-330,967,0.0003868,0,0.0,5,8e-06,0.0003948,5.924581050872803
BenchmarkTest01788.java,1,0,CWE-330,CWE-338,0,1,0,0,0,CWE-338,1006,0.0004024,0,0.0,5,8e-06,0.0004104,5.248882532119751
BenchmarkTest01789.java,1,0,CWE-614,,,0,0,0,1,Not vulnerable,878,0.0003512,0,0.0,3,4.800000000000001e-06,0.000356,6.556055545806885
BenchmarkTest01790.java,0,0,CWE-79,CWE-79,1,0,1,0,0,CWE-79,605,0.000242,0,0.0,5,8e-06,0.00025,5.795698404312134
BenchmarkTest01791.java,0,0,CWE-78,CWE-78,1,0,1,0,0,CWE-78,753,0.0003012,0,0.0,5,8e-06,0.0003092,5.597668409347534
BenchmarkTest01792.java,0,0,CWE-78,CWE-78,1,0,1,0,0,CWE-78,814,0.0003256,0,0.0,5,8e-06,0.0003336,5.677458763122559
BenchmarkTest01793.java,0,0,CWE-78,CWE-78,1,0,1,0,0,CWE-78,821,0.0003284,0,0.0,5,8e-06,0.0003364,3.967348575592041
BenchmarkTest01794.java,0,0,CWE-78,CWE-78,1,0,1,0,0,CWE-78,872,0.0003488,0,0.0,5,8e-06,0.0003568,3.825271844863892
BenchmarkTest01795.java,0,0,CWE-78,CWE-78,1,0,1,0,0,CWE-78,794,0.0003176,0,0.0,5,8e-06,0.0003256,5.133936882019043
BenchmarkTest01796.java,0,0,CWE-78,CWE-78,1,0,1,0,0,CWE-78,830,0.000332,0,0.0,5,8e-06,0.0003399999999999,5.668875694274902
BenchmarkTest01797.java,0,0,CWE-330,CWE-338,0,0,1,0,0,CWE-338,1166,0.0004664,0,0.0,5,8e-06,0.0004744,5.321634531021118
BenchmarkTest01798.java,0,0,CWE-330,CWE-330,1,0,1,0,0,CWE-330,1045,0.000418,0,0.0,5,8e-06,0.000426,5.705587387084961
BenchmarkTest01799.java,0,0,CWE-330,CWE-330,1,0,1,0,0,CWE-330,1039,0.0004156,0,0.0,5,8e-06,0.0004236,4.827011346817017
BenchmarkTest01800.java,0,0,CWE-330,CWE-330,1,0,1,0,0,CWE-330,1316,0.0005264,0,0.0,5,8e-06,0.0005344,5.002182245254517
BenchmarkTest01801.java,0,0,CWE-330,CWE-330,1,0,1,0,0,CWE-330,1030,0.000412,0,0.0,5,8e-06,0.0004199999999999,6.270167827606201
BenchmarkTest01803.java,0,0,CWE-89,CWE-89,1,0,1,0,0,CWE-89,813,0.0003252,0,0.0,5,8e-06,0.0003332,4.878980875015259
BenchmarkTest01804.java,0,0,CWE-89,,,0,0,1,0,Not vulnerable,846,0.0003384,0,0.0,3,4.800000000000001e-06,0.0003432,5.111407041549683
BenchmarkTest01805.java,0,0,CWE-89,,,0,0,1,0,Not vulnerable,868,0.0003472,0,0.0,3,4.800000000000001e-06,0.000352,4.843461513519287
BenchmarkTest01806.java,0,0,CWE-89,CWE-89,1,0,1,0,0,CWE-89,867,0.0003468,0,0.0,5,8e-06,0.0003548,5.086159944534302
BenchmarkTest01807.java,0,0,CWE-89,CWE-89,1,0,1,0,0,CWE-89,865,0.000346,0,0.0,5,8e-06,0.000354,5.011152029037476
BenchmarkTest01808.java,0,0,CWE-89,CWE-89,1,0,1,0,0,CWE-89,895,0.000358,0,0.0,5,8e-06,0.0003659999999999,4.914448976516724
BenchmarkTest01809.java,0,0,CWE-89,,,0,0,1,0,Not vulnerable,1132,0.0004528,0,0.0,3,4.800000000000001e-06,0.0004576,5.922227621078491
BenchmarkTest01810.java,0,0,CWE-89,CWE-89,1,0,1,0,0,CWE-89,832,0.0003328,0,0.0,5,8e-06,0.0003408,5.1775453090667725
BenchmarkTest01811.java,0,0,CWE-89,,,0,0,1,0,Not vulnerable,925,0.00037,0,0.0,3,4.800000000000001e-06,0.0003748,4.554549932479858
BenchmarkTest01812.java,0,0,CWE-89,,,0,0,1,0,Not vulnerable,929,0.0003716,0,0.0,3,4.800000000000001e-06,0.0003764,4.831899642944336
BenchmarkTest01813.java,0,0,CWE-89,CWE-89,1,0,1,0,0,CWE-89,840,0.000336,0,0.0,5,8e-06,0.0003439999999999,4.513741970062256
BenchmarkTest01814.java,0,0,CWE-89,CWE-89,1,0,1,0,0,CWE-89,932,0.0003728,0,0.0,5,8e-06,0.0003808,5.321530103683472
BenchmarkTest01815.java,0,0,CWE-89,CWE-89,1,0,1,0,0,CWE-89,815,0.000326,0,0.0,5,8e-06,0.000334,4.6984474658966064
BenchmarkTest01816.java,0,0,CWE-89,CWE-89,1,0,1,0,0,CWE-89,746,0.0002984,0,0.0,5,8e-06,0.0003064,4.979974985122681
BenchmarkTest01817.java,0,0,CWE-89,CWE-89,1,0,1,0,0,CWE-89,748,0.0002992,0,0.0,5,8e-06,0.0003072,5.551695585250855
BenchmarkTest01818.java,0,0,CWE-89,CWE-89,1,0,1,0,0,CWE-89,700,0.00028,0,0.0,5,8e-06,0.0002879999999999,4.509026050567627
BenchmarkTest01819.java,0,0,CWE-89,CWE-89,1,0,1,0,0,CWE-89,808,0.0003232,0,0.0,5,8e-06,0.0003312,4.689373254776001
BenchmarkTest01820.java,0,0,CWE-89,CWE-89,1,0,1,0,0,CWE-89,788,0.0003152,0,0.0,5,8e-06,0.0003232,5.542695999145508
BenchmarkTest01821.java,0,0,CWE-643,,,0,0,1,0,Not vulnerable,895,0.000358,0,0.0,3,4.800000000000001e-06,0.0003628,5.046011209487915
BenchmarkTest01822.java,1,0,CWE-327,CWE-327,1,1,0,0,0,"CWE-327,CWE-312",1794,0.0007176,0,0.0,9,1.44e-05,0.000732,5.158402681350708
BenchmarkTest01823.java,1,0,CWE-327,CWE-327,1,1,0,0,0,"CWE-327,CWE-327",1729,0.0006916,0,0.0,9,1.44e-05,0.000706,5.327655553817749
BenchmarkTest01824.java,0,0,CWE-327,CWE-327,1,0,1,0,0,"CWE-312,CWE-327,CWE-326,CWE-200",1729,0.0006916,0,0.0,17,2.7200000000000004e-05,0.0007188,5.519855976104736
BenchmarkTest01825.java,0,0,CWE-327,CWE-327,1,0,1,0,0,"CWE-321,CWE-327,CWE-312",1772,0.0007088,0,0.0,13,2.08e-05,0.0007296,5.5598626136779785
BenchmarkTest01826.java,0,0,CWE-327,,,0,0,1,0,Not vulnerable,1865,0.000746,0,0.0,3,4.800000000000001e-06,0.0007508,4.909019947052002
BenchmarkTest01827.java,0,0,CWE-327,CWE-327,1,0,1,0,0,"CWE-321,CWE-327,CWE-312",1845,0.000738,0,0.0,13,2.08e-05,0.0007588,5.311777114868164
BenchmarkTest01828.java,0,0,CWE-327,CWE-327,1,0,1,0,0,"CWE-312,CWE-327,CWE-532,CWE-200",1253,0.0005012,0,0.0,17,2.7200000000000004e-05,0.0005284,5.385782718658447
BenchmarkTest01829.java,1,0,CWE-327,CWE-327,1,1,0,0,0,"CWE-327,CWE-327",1534,0.0006136,0,0.0,9,1.44e-05,0.000628,5.456020355224609
BenchmarkTest01830.java,1,0,CWE-327,CWE-327,1,1,0,0,0,"CWE-327,CWE-327",1284,0.0005136,0,0.0,9,1.44e-05,0.000528,4.572737216949463
BenchmarkTest01831.java,1,0,CWE-90,CWE-90,1,1,0,0,0,CWE-90,1185,0.000474,0,0.0,5,8e-06,0.0004819999999999,4.275334358215332
BenchmarkTest01832.java,1,0,CWE-90,CWE-90,1,1,0,0,0,CWE-90,1187,0.0004748,0,0.0,5,8e-06,0.0004827999999999,3.9631235599517822
BenchmarkTest01833.java,1,0,CWE-22,CWE-22,1,1,0,0,0,CWE-22,949,0.0003796,0,0.0,5,8e-06,0.0003876,3.9081778526306152
BenchmarkTest01834.java,0,0,CWE-22,,,0,0,1,0,Not vulnerable,951,0.0003804,0,0.0,3,4.800000000000001e-06,0.0003852,3.524860620498657
BenchmarkTest01835.java,1,0,CWE-22,CWE-22,1,1,0,0,0,CWE-22,882,0.0003528,0,0.0,5,8e-06,0.0003608,3.6248700618743896
BenchmarkTest01836.java,1,0,CWE-22,CWE-22,1,1,0,0,0,CWE-22,1114,0.0004456,0,0.0,5,8e-06,0.0004536,3.714125156402588
BenchmarkTest01837.java,0,0,CWE-22,CWE-22,1,0,1,0,0,CWE-22,1057,0.0004228,0,0.0,5,8e-06,0.0004308,3.734446048736572
BenchmarkTest01838.java,0,0,CWE-22,CWE-22,1,0,1,0,0,CWE-22,1104,0.0004416,0,0.0,5,8e-06,0.0004496,3.606688976287842
BenchmarkTest01839.java,1,0,CWE-22,CWE-22,1,1,0,0,0,CWE-22,943,0.0003772,0,0.0,5,8e-06,0.0003852,3.5906801223754883
BenchmarkTest01840.java,1,0,CWE-22,CWE-22,1,1,0,0,0,CWE-22,898,0.0003592,0,0.0,5,8e-06,0.0003672,3.2926173210144043
BenchmarkTest01841.java,0,0,CWE-22,,,0,0,1,0,Not vulnerable,1267,0.0005068,0,0.0,3,4.800000000000001e-06,0.0005116,3.395195484161377
BenchmarkTest01842.java,1,0,CWE-330,CWE-330,1,1,0,0,0,CWE-330,1135,0.000454,0,0.0,5,8e-06,0.0004619999999999,3.069314479827881
BenchmarkTest01843.java,1,0,CWE-330,CWE-330,1,1,0,0,0,CWE-330,1220,0.000488,0,0.0,5,8e-06,0.000496,2.6951749324798584
BenchmarkTest01844.java,1,0,CWE-328,,,0,0,0,1,Not vulnerable,1537,0.0006148,0,0.0,3,4.800000000000001e-06,0.0006196,2.784697294235229
BenchmarkTest01845.java,1,0,CWE-328,CWE-327,0,1,0,0,0,"CWE-312,CWE-327,CWE-276,CWE-200",1261,0.0005044,0,0.0,17,2.7200000000000004e-05,0.0005316,2.82568097114563
BenchmarkTest01846.java,1,0,CWE-328,CWE-327,0,1,0,0,0,"CWE-327,CWE-312",1225,0.00049,0,0.0,9,1.44e-05,0.0005044,2.749418973922729
BenchmarkTest01847.java,0,0,CWE-328,,,0,0,1,0,Not vulnerable,1296,0.0005184,0,0.0,3,4.800000000000001e-06,0.0005232,2.6834053993225098
BenchmarkTest01848.java,0,0,CWE-328,,,0,0,1,0,Not vulnerable,1254,0.0005016,0,0.0,3,4.800000000000001e-06,0.0005064,4.725178956985474
BenchmarkTest01849.java,0,0,CWE-328,,,0,0,1,0,Not vulnerable,1490,0.000596,0,0.0,3,4.800000000000001e-06,0.0006008,4.625659704208374
BenchmarkTest01850.java,1,0,CWE-78,CWE-78,1,1,0,0,0,CWE-78,925,0.00037,0,0.0,5,8e-06,0.0003779999999999,4.986402750015259
BenchmarkTest01851.java,1,0,CWE-78,CWE-78,1,1,0,0,0,CWE-78,996,0.0003984,0,0.0,5,8e-06,0.0004064,5.393288373947144
BenchmarkTest01852.java,1,0,CWE-78,CWE-78,1,1,0,0,0,CWE-78,928,0.0003712,0,0.0,5,8e-06,0.0003792,5.99147891998291
BenchmarkTest01853.java,1,0,CWE-330,CWE-330,1,1,0,0,0,CWE-330,1194,0.0004776,0,0.0,5,8e-06,0.0004856,6.492457389831543
BenchmarkTest01854.java,1,0,CWE-330,CWE-330,1,1,0,0,0,CWE-330,1461,0.0005844,0,0.0,5,8e-06,0.0005924,5.742447853088379
BenchmarkTest01855.java,1,0,CWE-330,CWE-330,1,1,0,0,0,CWE-330,1183,0.0004732,0,0.0,5,8e-06,0.0004812,6.967480659484863
BenchmarkTest01856.java,1,0,CWE-330,CWE-330,1,1,0,0,0,CWE-330,1105,0.000442,0,0.0,5,8e-06,0.00045,6.509136438369751
BenchmarkTest01857.java,1,0,CWE-330,CWE-330,1,1,0,0,0,CWE-330,1150,0.00046,0,0.0,5,8e-06,0.000468,5.928364515304565
BenchmarkTest01858.java,1,0,CWE-330,CWE-330,1,1,0,0,0,CWE-330,1241,0.0004964,0,0.0,5,8e-06,0.0005044,5.396991968154907
BenchmarkTest01859.java,1,0,CWE-330,CWE-330,1,1,0,0,0,CWE-330,1119,0.0004476,0,0.0,5,8e-06,0.0004556,6.5412139892578125
BenchmarkTest01860.java,1,0,CWE-330,CWE-330,1,1,0,0,0,CWE-330,1114,0.0004456,0,0.0,5,8e-06,0.0004536,6.772228479385376
BenchmarkTest01861.java,1,0,CWE-614,CWE-614,1,1,0,0,0,"CWE-614,CWE-614",1030,0.000412,0,0.0,9,1.44e-05,0.0004264,6.805653095245361
BenchmarkTest01862.java,0,0,CWE-614,,,0,0,1,0,Not vulnerable,981,0.0003924,0,0.0,3,4.800000000000001e-06,0.0003972,6.715137958526611
BenchmarkTest01863.java,0,0,CWE-614,,,0,0,1,0,Not vulnerable,989,0.0003956,0,0.0,3,4.800000000000001e-06,0.0004004,4.440781593322754
BenchmarkTest01864.java,1,0,CWE-78,CWE-78,1,1,0,0,0,CWE-78,913,0.0003652,0,0.0,5,8e-06,0.0003732,4.811149835586548
BenchmarkTest01865.java,0,0,CWE-78,CWE-78,1,0,1,0,0,CWE-78,955,0.000382,0,0.0,5,8e-06,0.00039,5.45087480545044
BenchmarkTest01866.java,0,0,CWE-330,CWE-330,1,0,1,0,0,CWE-330,1237,0.0004948,0,0.0,5,8e-06,0.0005028,5.166247367858887
BenchmarkTest01867.java,0,0,CWE-330,CWE-330,1,0,1,0,0,CWE-330,1343,0.0005372,0,0.0,5,8e-06,0.0005452,7.496398687362671
BenchmarkTest01868.java,0,0,CWE-330,,,0,0,1,0,Not vulnerable,1300,0.00052,0,0.0,3,4.800000000000001e-06,0.0005248,7.0287275314331055
BenchmarkTest01869.java,0,0,CWE-330,,,0,0,1,0,"CWE-327,CWE-327",1224,0.0004896,0,0.0,9,1.44e-05,0.000504,7.274144887924194
BenchmarkTest01870.java,0,0,CWE-330,CWE-330,1,0,1,0,0,CWE-330,1206,0.0004824,0,0.0,5,8e-06,0.0004904,7.711121797561645
BenchmarkTest01871.java,0,0,CWE-330,CWE-330,1,0,1,0,0,CWE-330,1217,0.0004868,0,0.0,5,8e-06,0.0004948,8.06700348854065
BenchmarkTest01877.java,0,0,CWE-89,,,0,0,1,0,"CWE-77,CWE-94",1004,0.0004016,0,0.0,9,1.44e-05,0.000416,16.274772882461548
BenchmarkTest01878.java,0,0,CWE-89,CWE-89,1,0,1,0,0,CWE-89,911,0.0003644,0,0.0,5,8e-06,0.0003724,7.406907320022583
BenchmarkTest01879.java,0,0,CWE-89,CWE-89,1,0,1,0,0,CWE-89,963,0.0003852,0,0.0,5,8e-06,0.0003932,7.894901752471924
BenchmarkTest01880.java,0,0,CWE-89,,,0,0,1,0,Not vulnerable,1028,0.0004112,0,0.0,3,4.800000000000001e-06,0.000416,8.261553049087524
BenchmarkTest01881.java,1,0,CWE-89,CWE-89,1,1,0,0,0,CWE-89,1011,0.0004044,0,0.0,5,8e-06,0.0004124,5.759654760360718
BenchmarkTest01882.java,1,0,CWE-89,CWE-89,1,1,0,0,0,CWE-89,1133,0.0004532,0,0.0,5,8e-06,0.0004612,8.197189331054688
BenchmarkTest01883.java,1,0,CWE-89,CWE-89,1,1,0,0,0,CWE-89,964,0.0003856,0,0.0,5,8e-06,0.0003936,8.214790344238281
BenchmarkTest01884.java,0,0,CWE-89,CWE-89,1,0,1,0,0,CWE-89,912,0.0003648,0,0.0,5,8e-06,0.0003728,8.402714014053345
BenchmarkTest01885.java,0,0,CWE-89,CWE-89,1,0,1,0,0,CWE-89,931,0.0003724,0,0.0,5,8e-06,0.0003804,7.754038572311401
BenchmarkTest01886.java,0,0,CWE-89,,,0,0,1,0,Not vulnerable,1167,0.0004668,0,0.0,3,4.800000000000001e-06,0.0004716,8.127760887145996
BenchmarkTest01887.java,1,0,CWE-89,CWE-89,1,1,0,0,0,CWE-89,840,0.000336,0,0.0,5,8e-06,0.0003439999999999,8.143759727478027
BenchmarkTest01888.java,1,0,CWE-89,CWE-89,1,1,0,0,0,CWE-89,887,0.0003548,0,0.0,5,8e-06,0.0003628,8.108848333358765
BenchmarkTest01889.java,1,0,CWE-89,CWE-89,1,1,0,0,0,CWE-89,849,0.0003396,0,0.0,5,8e-06,0.0003476,8.466503381729126
BenchmarkTest01890.java,1,0,CWE-89,CWE-89,1,1,0,0,0,CWE-89,849,0.0003396,0,0.0,5,8e-06,0.0003476,8.471980810165405
BenchmarkTest01891.java,1,0,CWE-89,CWE-89,1,1,0,0,0,CWE-89,892,0.0003568,0,0.0,5,8e-06,0.0003648,8.126775979995728
BenchmarkTest01892.java,1,0,CWE-643,CWE-643,1,1,0,0,0,CWE-643,1191,0.0004764,0,0.0,5,8e-06,0.0004844,8.82413649559021
BenchmarkTest01893.java,0,0,CWE-643,CWE-643,1,0,1,0,0,CWE-643,1126,0.0004504,0,0.0,5,8e-06,0.0004584,6.990962743759155
BenchmarkTest01894.java,1,0,CWE-643,CWE-643,1,1,0,0,0,CWE-643,1036,0.0004144,0,0.0,5,8e-06,0.0004224,8.111724138259888
BenchmarkTest01895.java,1,0,CWE-327,CWE-327,1,1,0,0,0,"CWE-327,CWE-321",1637,0.0006548,0,0.0,9,1.44e-05,0.0006692,8.747483253479004
BenchmarkTest01896.java,0,0,CWE-327,,,0,0,1,0,Not vulnerable,1130,0.000452,0,0.0,3,4.800000000000001e-06,0.0004568,10.020164012908936
BenchmarkTest01897.java,1,0,CWE-327,CWE-327,1,1,0,0,0,"CWE-327,CWE-321",1318,0.0005272,0,0.0,9,1.44e-05,0.0005416,6.0173749923706055
BenchmarkTest01898.java,1,0,CWE-327,CWE-327,1,1,0,0,0,"CWE-327,CWE-321",1347,0.0005388,0,0.0,9,1.44e-05,0.0005532,8.289136409759521
BenchmarkTest01899.java,0,0,CWE-327,CWE-327,1,0,1,0,0,"CWE-327,CWE-276,CWE-532",1115,0.000446,0,0.0,13,2.08e-05,0.0004668,9.368120670318604
BenchmarkTest01900.java,1,0,CWE-327,CWE-327,1,1,0,0,0,"CWE-327,CWE-321,CWE-276",1139,0.0004556,0,0.0,13,2.08e-05,0.0004764,10.101507902145386
BenchmarkTest01901.java,0,0,CWE-327,CWE-327,1,0,1,0,0,"CWE-327,CWE-321,CWE-276",1263,0.0005052,0,0.0,13,2.08e-05,0.000526,10.03803038597107
BenchmarkTest01902.java,1,0,CWE-90,CWE-90,1,1,0,0,0,CWE-90,1045,0.000418,0,0.0,5,8e-06,0.000426,10.094422578811646
BenchmarkTest01903.java,0,0,CWE-90,CWE-90,1,0,1,0,0,CWE-90,1016,0.0004064,0,0.0,5,8e-06,0.0004144,9.83482551574707
BenchmarkTest01904.java,1,0,CWE-22,CWE-22,1,1,0,0,0,CWE-22,789,0.0003156,0,0.0,5,8e-06,0.0003236,5.745648145675659
BenchmarkTest01905.java,0,0,CWE-22,,,0,0,1,0,Not vulnerable,940,0.000376,0,0.0,3,4.800000000000001e-06,0.0003808,9.72895097732544
BenchmarkTest01906.java,1,0,CWE-22,CWE-22,1,1,0,0,0,CWE-22,829,0.0003316,0,0.0,5,8e-06,0.0003396,9.890339851379396
BenchmarkTest01907.java,1,0,CWE-22,CWE-22,1,1,0,0,0,CWE-22,794,0.0003176,0,0.0,5,8e-06,0.0003256,5.890669107437134
BenchmarkTest01908.java,1,0,CWE-22,CWE-22,1,1,0,0,0,CWE-22,929,0.0003716,0,0.0,5,8e-06,0.0003796,9.802444696426392
BenchmarkTest01909.java,0,0,CWE-90,,,0,0,1,0,Not vulnerable,1114,0.0004456,0,0.0,3,4.800000000000001e-06,0.0004504,5.842677354812622
BenchmarkTest01910.java,1,0,CWE-330,CWE-330,1,1,0,0,0,CWE-330,1106,0.0004424,0,0.0,5,8e-06,0.0004504,9.868331670761108
BenchmarkTest01911.java,1,0,CWE-328,CWE-327,0,1,0,0,0,"CWE-327,CWE-276",1187,0.0004748,0,0.0,9,1.44e-05,0.0004892,8.260298252105713
BenchmarkTest01912.java,0,0,CWE-328,,,0,0,1,0,Not vulnerable,1109,0.0004436,0,0.0,3,4.800000000000001e-06,0.0004484,9.438272476196287
BenchmarkTest01913.java,0,0,CWE-328,,,0,0,1,0,"CWE-732,CWE-276,CWE-312",984,0.0003936,0,0.0,13,2.08e-05,0.0004144,8.296008110046387
BenchmarkTest01914.java,0,0,CWE-79,,,0,0,1,0,Not vulnerable,704,0.0002816,0,0.0,3,4.800000000000001e-06,0.0002864,5.470002889633179
BenchmarkTest01915.java,0,0,CWE-79,,,0,0,1,0,Not vulnerable,654,0.0002616,0,0.0,3,4.800000000000001e-06,0.0002664,5.280646085739136
BenchmarkTest01916.java,1,0,CWE-79,CWE-79,1,1,0,0,0,CWE-79,604,0.0002416,0,0.0,5,8e-06,0.0002496,5.277156591415405
BenchmarkTest01917.java,0,0,CWE-79,,,0,0,1,0,Not vulnerable,601,0.0002404,0,0.0,3,4.800000000000001e-06,0.0002452,5.580885171890259
BenchmarkTest01918.java,0,0,CWE-79,,,0,0,1,0,Not vulnerable,659,0.0002636,0,0.0,3,4.800000000000001e-06,0.0002684,5.638393878936768
BenchmarkTest01919.java,1,0,CWE-79,CWE-80,0,1,0,0,0,CWE-80,652,0.0002608,0,0.0,5,8e-06,0.0002688,5.324399709701538
BenchmarkTest01920.java,1,0,CWE-79,CWE-79,1,1,0,0,0,CWE-79,688,0.0002751999999999,0,0.0,5,8e-06,0.0002831999999999,5.412862300872803
BenchmarkTest01921.java,1,0,CWE-79,CWE-79,1,1,0,0,0,CWE-79,724,0.0002896,0,0.0,5,8e-06,0.0002976,5.311832904815674
BenchmarkTest01922.java,1,0,CWE-79,CWE-79,1,1,0,0,0,CWE-79,678,0.0002712,0,0.0,5,8e-06,0.0002791999999999,4.668052673339844
BenchmarkTest01923.java,1,0,CWE-79,CWE-74,0,1,0,0,0,"CWE-80,CWE-74",630,0.000252,0,0.0,9,1.44e-05,0.0002664,8.573715209960938
BenchmarkTest01924.java,0,0,CWE-79,CWE-79,1,0,1,0,0,CWE-79,608,0.0002432,0,0.0,5,8e-06,0.0002512,8.33011531829834
BenchmarkTest01925.java,1,0,CWE-79,CWE-79,1,1,0,0,0,CWE-79,643,0.0002571999999999,0,0.0,5,8e-06,0.0002651999999999,6.918616771697998
BenchmarkTest01926.java,1,0,CWE-79,CWE-79,1,1,0,0,0,CWE-79,634,0.0002536,0,0.0,5,8e-06,0.0002616,8.600227355957031
BenchmarkTest01927.java,1,0,CWE-79,CWE-79,1,1,0,0,0,CWE-79,632,0.0002528,0,0.0,5,8e-06,0.0002608,5.048691749572754
BenchmarkTest01928.java,1,0,CWE-78,CWE-78,1,1,0,0,0,CWE-78,853,0.0003412,0,0.0,5,8e-06,0.0003492,4.5409345626831055
BenchmarkTest01929.java,1,0,CWE-78,CWE-78,1,1,0,0,0,CWE-78,844,0.0003376,0,0.0,5,8e-06,0.0003456,8.424188137054443
BenchmarkTest01930.java,1,0,CWE-330,CWE-330,1,1,0,0,0,CWE-330,1017,0.0004068,0,0.0,5,8e-06,0.0004148,4.5404462814331055
BenchmarkTest01931.java,1,0,CWE-330,CWE-330,1,1,0,0,0,CWE-330,1290,0.000516,0,0.0,5,8e-06,0.0005239999999999,5.03270959854126
BenchmarkTest01932.java,1,0,CWE-330,CWE-330,1,1,0,0,0,CWE-330,1045,0.000418,0,0.0,5,8e-06,0.000426,8.526177883148193
BenchmarkTest01933.java,1,0,CWE-330,CWE-330,1,1,0,0,0,CWE-330,974,0.0003896,0,0.0,5,8e-06,0.0003976,5.51425838470459
BenchmarkTest01934.java,1,0,CWE-330,CWE-330,1,1,0,0,0,CWE-330,969,0.0003876,0,0.0,5,8e-06,0.0003956,5.194868087768555
BenchmarkTest01935.java,0,0,CWE-614,,,0,0,1,0,Not vulnerable,1131,0.0004524,0,0.0,3,4.800000000000001e-06,0.0004572,5.232636451721191
BenchmarkTest01936.java,1,0,CWE-78,CWE-78,1,1,0,0,0,CWE-78,789,0.0003156,0,0.0,5,8e-06,0.0003236,4.986693620681763
BenchmarkTest01937.java,0,0,CWE-78,CWE-78,1,0,1,0,0,CWE-78,796,0.0003184,0,0.0,5,8e-06,0.0003264,5.185363054275513
BenchmarkTest01938.java,1,0,CWE-78,CWE-78,1,1,0,0,0,CWE-78,904,0.0003616,0,0.0,5,8e-06,0.0003696,5.683372735977173
BenchmarkTest01939.java,0,0,CWE-78,CWE-78,1,0,1,0,0,CWE-78,766,0.0003064,0,0.0,5,8e-06,0.0003144,6.718214750289917
BenchmarkTest01940.java,1,0,CWE-78,CWE-78,1,1,0,0,0,CWE-78,770,0.000308,0,0.0,5,8e-06,0.000316,8.564228296279907
BenchmarkTest01941.java,0,0,CWE-78,,,0,0,1,0,Not vulnerable,1019,0.0004076,0,0.0,3,4.800000000000001e-06,0.0004124,5.348037004470825
BenchmarkTest01942.java,1,0,CWE-78,CWE-78,1,1,0,0,0,CWE-78,737,0.0002948,0,0.0,5,8e-06,0.0003028,5.301149845123291
BenchmarkTest01943.java,0,0,CWE-78,,,0,0,1,0,Not vulnerable,873,0.0003492,0,0.0,3,4.800000000000001e-06,0.000354,8.308959722518921
BenchmarkTest01944.java,1,0,CWE-78,CWE-78,1,1,0,0,0,CWE-78,851,0.0003404,0,0.0,5,8e-06,0.0003484,4.839721202850342
BenchmarkTest01945.java,0,0,CWE-330,,,0,0,1,0,Not vulnerable,1148,0.0004592,0,0.0,3,4.800000000000001e-06,0.000464,8.35566759109497
BenchmarkTest01946.java,0,0,CWE-330,,,0,0,1,0,Not vulnerable,1078,0.0004312,0,0.0,3,4.800000000000001e-06,0.000436,5.397158145904541
BenchmarkTest01947.java,0,0,CWE-330,,,0,0,1,0,Not vulnerable,1148,0.0004592,0,0.0,3,4.800000000000001e-06,0.000464,6.186843633651733
BenchmarkTest01948.java,0,0,CWE-330,,,0,0,1,0,Not vulnerable,1126,0.0004504,0,0.0,3,4.800000000000001e-06,0.0004552,8.18813967704773
BenchmarkTest01949.java,0,0,CWE-330,CWE-330,1,0,1,0,0,CWE-330,1031,0.0004124,0,0.0,5,8e-06,0.0004204,4.3424060344696045
BenchmarkTest01950.java,0,0,CWE-330,CWE-330,1,0,1,0,0,CWE-330,1146,0.0004584,0,0.0,5,8e-06,0.0004664,4.57344126701355
BenchmarkTest01951.java,0,0,CWE-330,,,0,0,1,0,Not vulnerable,1041,0.0004164,0,0.0,3,4.800000000000001e-06,0.0004212,8.292433738708496
BenchmarkTest01952.java,0,0,CWE-330,,,0,0,1,0,Not vulnerable,1118,0.0004472,0,0.0,3,4.800000000000001e-06,0.000452,5.549611330032349
BenchmarkTest01953.java,0,0,CWE-330,,,0,0,1,0,Not vulnerable,1065,0.000426,0,0.0,3,4.800000000000001e-06,0.0004308,3.453754186630249
BenchmarkTest01954.java,0,0,CWE-330,CWE-330,1,0,1,0,0,CWE-330,1063,0.0004252,0,0.0,5,8e-06,0.0004332,3.4174771308898926
BenchmarkTest01961.java,0,0,CWE-89,,,0,0,1,0,Not vulnerable,1042,0.0004168,0,0.0,3,4.800000000000001e-06,0.0004216,4.319570779800415
BenchmarkTest01962.java,1,0,CWE-89,CWE-89,1,1,0,0,0,CWE-89,768,0.0003072,0,0.0,5,8e-06,0.0003152,4.883090734481812
BenchmarkTest01963.java,1,0,CWE-89,CWE-89,1,1,0,0,0,CWE-89,752,0.0003008,0,0.0,5,8e-06,0.0003087999999999,4.532920598983765
BenchmarkTest01964.java,1,0,CWE-89,CWE-89,1,1,0,0,0,CWE-89,988,0.0003952,0,0.0,5,8e-06,0.0004032,4.464989900588989
BenchmarkTest01965.java,0,0,CWE-89,,,0,0,1,0,Not vulnerable,813,0.0003252,0,0.0,3,4.800000000000001e-06,0.00033,4.214131116867065
BenchmarkTest01966.java,0,0,CWE-89,CWE-89,1,0,1,0,0,CWE-89,843,0.0003372,0,0.0,5,8e-06,0.0003452,3.877776622772217
BenchmarkTest01967.java,0,0,CWE-89,CWE-89,1,0,1,0,0,CWE-89,910,0.000364,0,0.0,5,8e-06,0.000372,4.28317403793335
BenchmarkTest01968.java,0,0,CWE-89,CWE-89,1,0,1,0,0,CWE-89,807,0.0003228,0,0.0,5,8e-06,0.0003307999999999,4.070452928543091
BenchmarkTest01969.java,0,0,CWE-89,CWE-89,1,0,1,0,0,CWE-89,747,0.0002988,0,0.0,5,8e-06,0.0003068,3.848923921585083
BenchmarkTest01970.java,1,0,CWE-89,CWE-89,1,1,0,0,0,CWE-89,816,0.0003264,0,0.0,5,8e-06,0.0003344,4.357106685638428
BenchmarkTest01971.java,1,0,CWE-89,CWE-89,1,1,0,0,0,CWE-89,815,0.000326,0,0.0,5,8e-06,0.000334,3.95402193069458
BenchmarkTest01972.java,1,0,CWE-89,CWE-89,1,1,0,0,0,CWE-89,701,0.0002804,0,0.0,5,8e-06,0.0002884,4.253076791763306
BenchmarkTest01973.java,0,0,CWE-89,CWE-89,1,0,1,0,0,CWE-89,811,0.0003244,0,0.0,5,8e-06,0.0003324,3.605300188064575
BenchmarkTest01974.java,1,0,CWE-643,CWE-643,1,1,0,0,0,CWE-643,1045,0.000418,0,0.0,5,8e-06,0.000426,3.607297897338867
BenchmarkTest01975.java,0,0,CWE-327,CWE-327,1,0,1,0,0,"CWE-532,CWE-327",1676,0.0006704,0,0.0,9,1.44e-05,0.0006848,4.134006500244141
BenchmarkTest01976.java,0,0,CWE-327,CWE-327,1,0,1,0,0,"CWE-321,CWE-327,CWE-532",1685,0.000674,0,0.0,13,2.08e-05,0.0006948,3.5766870975494385
BenchmarkTest01977.java,0,0,CWE-327,,,0,0,1,0,Not vulnerable,1778,0.0007112,0,0.0,3,4.800000000000001e-06,0.000716,3.8420331478118896
BenchmarkTest01978.java,1,0,CWE-327,CWE-327,1,1,0,0,0,"CWE-327,CWE-321",1367,0.0005468,0,0.0,9,1.44e-05,0.0005612,4.18217658996582
BenchmarkTest01979.java,0,0,CWE-327,,,0,0,1,0,Not vulnerable,1177,0.0004708,0,0.0,3,4.800000000000001e-06,0.0004756,3.470902681350708
BenchmarkTest01980.java,1,0,CWE-327,CWE-327,1,1,0,0,0,"CWE-327,CWE-321,CWE-276",1195,0.000478,0,0.0,13,2.08e-05,0.0004988,4.631741046905518
BenchmarkTest01981.java,1,0,CWE-327,CWE-327,1,1,0,0,0,"CWE-327,CWE-321",1219,0.0004876,0,0.0,9,1.44e-05,0.000502,3.682571411132813
BenchmarkTest01982.java,0,0,CWE-327,CWE-327,1,0,1,0,0,"CWE-327,CWE-276,CWE-532",1361,0.0005444,0,0.0,13,2.08e-05,0.0005652,4.143667936325073
BenchmarkTest01983.java,1,0,CWE-22,CWE-22,1,1,0,0,0,CWE-22,809,0.0003236,0,0.0,5,8e-06,0.0003316,4.149665117263794
BenchmarkTest01984.java,0,0,CWE-22,,,0,0,1,0,Not vulnerable,902,0.0003608,0,0.0,3,4.800000000000001e-06,0.0003656,3.8010990619659424
BenchmarkTest01985.java,1,0,CWE-22,CWE-22,1,1,0,0,0,CWE-22,802,0.0003208,0,0.0,5,8e-06,0.0003287999999999,3.9122064113616943
BenchmarkTest01986.java,0,0,CWE-22,,,0,0,1,0,Not vulnerable,1079,0.0004316,0,0.0,3,4.800000000000001e-06,0.0004364,3.960727691650391
BenchmarkTest01987.java,1,0,CWE-22,CWE-22,1,1,0,0,0,CWE-22,1057,0.0004228,0,0.0,5,8e-06,0.0004308,4.033876180648804
BenchmarkTest01988.java,1,0,CWE-22,CWE-22,1,1,0,0,0,CWE-22,964,0.0003856,0,0.0,5,8e-06,0.0003936,3.3572263717651367
BenchmarkTest01989.java,1,0,CWE-22,CWE-22,1,1,0,0,0,CWE-22,870,0.000348,0,0.0,5,8e-06,0.000356,3.660086154937744
BenchmarkTest01990.java,0,0,CWE-22,CWE-22,1,0,1,0,0,CWE-22,941,0.0003764,0,0.0,5,8e-06,0.0003844,3.993858575820923
BenchmarkTest01991.java,0,0,CWE-22,,,0,0,1,0,Not vulnerable,1250,0.0005,0,0.0,3,4.800000000000001e-06,0.0005048,3.865511894226074
BenchmarkTest01992.java,1,0,CWE-330,CWE-330,1,1,0,0,0,CWE-330,1363,0.0005452,0,0.0,5,8e-06,0.0005532,3.79856538772583
BenchmarkTest01993.java,0,0,CWE-328,,,0,0,1,0,Not vulnerable,1196,0.0004784,0,0.0,3,4.800000000000001e-06,0.0004832,3.0454132556915283
BenchmarkTest01994.java,0,0,CWE-328,,,0,0,1,0,Not vulnerable,1181,0.0004724,0,0.0,3,4.800000000000001e-06,0.0004772,4.057504177093506
BenchmarkTest01995.java,0,0,CWE-328,,,0,0,1,0,Not vulnerable,1353,0.0005412,0,0.0,3,4.800000000000001e-06,0.000546,3.718838214874268
BenchmarkTest01996.java,1,0,CWE-328,,,0,0,0,1,"CWE-732,CWE-276,CWE-532",1095,0.000438,0,0.0,13,2.08e-05,0.0004588,3.822595596313477
BenchmarkTest01997.java,1,0,CWE-328,,,0,0,0,1,"CWE-532,CWE-732",1113,0.0004452,0,0.0,9,1.44e-05,0.0004596,3.928734540939331
BenchmarkTest01998.java,0,0,CWE-328,CWE-327,0,0,1,0,0,"CWE-327,CWE-276",1197,0.0004788,0,0.0,9,1.44e-05,0.0004932,4.1727988719940186
BenchmarkTest01999.java,1,0,CWE-330,CWE-330,1,1,0,0,0,CWE-330,1194,0.0004776,0,0.0,5,8e-06,0.0004856,3.6965298652648926
BenchmarkTest02000.java,1,0,CWE-330,CWE-330,1,1,0,0,0,CWE-330,1088,0.0004352,0,0.0,5,8e-06,0.0004432,3.574994802474976
BenchmarkTest02001.java,1,0,CWE-330,CWE-330,1,1,0,0,0,CWE-330,1082,0.0004328,0,0.0,5,8e-06,0.0004408,10.96966028213501
BenchmarkTest02002.java,1,0,CWE-330,CWE-338,0,1,0,0,0,CWE-338,1092,0.0004368,0,0.0,5,8e-06,0.0004447999999999,3.853297472000122
BenchmarkTest02003.java,1,0,CWE-330,CWE-330,1,1,0,0,0,CWE-330,1359,0.0005436,0,0.0,5,8e-06,0.0005516,2.9928243160247803
BenchmarkTest02004.java,1,0,CWE-330,CWE-330,1,1,0,0,0,CWE-330,1038,0.0004152,0,0.0,5,8e-06,0.0004232,4.123537540435791
BenchmarkTest02005.java,1,0,CWE-614,CWE-614,1,1,0,0,0,"CWE-614,CWE-1004",1028,0.0004112,0,0.0,10,1.6e-05,0.0004272,3.033414363861084
BenchmarkTest02006.java,0,0,CWE-614,,,0,0,1,0,Not vulnerable,937,0.0003748,0,0.0,3,4.800000000000001e-06,0.0003796,4.122008085250855
BenchmarkTest02007.java,0,0,CWE-330,CWE-330,1,0,1,0,0,CWE-330,1195,0.000478,0,0.0,5,8e-06,0.000486,4.384207487106323
BenchmarkTest02008.java,0,0,CWE-330,CWE-330,1,0,1,0,0,CWE-330,1492,0.0005968,0,0.0,5,8e-06,0.0006048,4.267690420150757
BenchmarkTest02009.java,0,0,CWE-330,CWE-330,1,0,1,0,0,CWE-330,1218,0.0004872,0,0.0,5,8e-06,0.0004952,4.313563108444214
BenchmarkTest02010.java,0,0,CWE-330,CWE-330,1,0,1,0,0,CWE-330,1154,0.0004616,0,0.0,5,8e-06,0.0004696,11.12555170059204
BenchmarkTest02011.java,0,0,CWE-330,CWE-330,1,0,1,0,0,CWE-330,1132,0.0004528,0,0.0,5,8e-06,0.0004608,10.974642276763916
BenchmarkTest02012.java,0,0,CWE-330,,,0,0,1,0,Not vulnerable,1469,0.0005876,0,0.0,3,4.800000000000001e-06,0.0005924,3.9258978366851807
BenchmarkTest02013.java,0,0,CWE-330,CWE-330,1,0,1,0,0,CWE-330,1117,0.0004468,0,0.0,5,8e-06,0.0004548,3.869860649108887
BenchmarkTest02014.java,0,0,CWE-330,CWE-330,1,0,1,0,0,CWE-330,1208,0.0004832,0,0.0,5,8e-06,0.0004912,3.3332531452178955
BenchmarkTest02017.java,1,0,CWE-327,CWE-327,1,1,0,0,0,"CWE-327,CWE-321",1596,0.0006384,0,0.0,9,1.44e-05,0.0006528,9.21163845062256
BenchmarkTest02018.java,1,0,CWE-327,CWE-327,1,1,0,0,0,"CWE-327,CWE-321",1846,0.0007384,0,0.0,9,1.44e-05,0.0007528,9.160335540771484
BenchmarkTest02019.java,1,0,CWE-327,CWE-327,1,1,0,0,0,"CWE-327,CWE-321",1583,0.0006332,0,0.0,9,1.44e-05,0.0006476,3.566506147384644
BenchmarkTest02020.java,1,0,CWE-327,CWE-327,1,1,0,0,0,"CWE-327,CWE-321",1740,0.000696,0,0.0,9,1.44e-05,0.0007104,9.084337711334229
BenchmarkTest02021.java,0,0,CWE-327,CWE-327,1,0,1,0,0,"CWE-327,CWE-312",1186,0.0004744,0,0.0,9,1.44e-05,0.0004888,9.09604263305664
BenchmarkTest02022.java,1,0,CWE-327,CWE-327,1,1,0,0,0,"CWE-327,CWE-321,CWE-276",1142,0.0004568,0,0.0,13,2.08e-05,0.0004776,10.57673168182373
BenchmarkTest02023.java,1,0,CWE-327,CWE-327,1,1,0,0,0,"CWE-327,CWE-321,CWE-326",1157,0.0004628,0,0.0,13,2.08e-05,0.0004836,10.309415340423584
BenchmarkTest02024.java,0,0,CWE-327,CWE-327,1,0,1,0,0,"CWE-327,CWE-321,CWE-276",1270,0.000508,0,0.0,13,2.08e-05,0.0005288,9.08124613761902
BenchmarkTest02025.java,0,0,CWE-90,CWE-90,1,0,1,0,0,CWE-90,1028,0.0004112,0,0.0,5,8e-06,0.0004192,3.4634103775024414
BenchmarkTest02026.java,0,0,CWE-22,CWE-22,1,0,1,0,0,CWE-22,795,0.000318,0,0.0,5,8e-06,0.0003259999999999,9.07404112815857
BenchmarkTest02027.java,1,0,CWE-22,CWE-22,1,1,0,0,0,CWE-22,747,0.0002988,0,0.0,5,8e-06,0.0003068,9.06067705154419
BenchmarkTest02028.java,0,0,CWE-22,CWE-22,1,0,1,0,0,CWE-22,820,0.000328,0,0.0,5,8e-06,0.000336,9.057337760925291
BenchmarkTest02029.java,0,0,CWE-22,,,0,0,1,0,Not vulnerable,827,0.0003308,0,0.0,3,4.800000000000001e-06,0.0003356,3.099608898162842
BenchmarkTest02030.java,0,0,CWE-22,,,0,0,1,0,Not vulnerable,1202,0.0004808,0,0.0,3,4.800000000000001e-06,0.0004856,12.648240327835085
BenchmarkTest02031.java,0,0,CWE-22,,,0,0,1,0,Not vulnerable,902,0.0003608,0,0.0,3,4.800000000000001e-06,0.0003656,9.473162412643433
BenchmarkTest02032.java,1,0,CWE-22,CWE-22,1,1,0,0,0,CWE-22,867,0.0003468,0,0.0,5,8e-06,0.0003548,9.025532007217407
BenchmarkTest02033.java,0,0,CWE-22,CWE-22,1,0,1,0,0,CWE-22,885,0.000354,0,0.0,5,8e-06,0.0003619999999999,9.006514310836792
BenchmarkTest02034.java,1,0,CWE-22,CWE-22,1,1,0,0,0,CWE-22,862,0.0003448,0,0.0,5,8e-06,0.0003528,8.914734125137329
BenchmarkTest02035.java,0,0,CWE-22,,,0,0,1,0,Not vulnerable,912,0.0003648,0,0.0,3,4.800000000000001e-06,0.0003696,8.921874761581421
BenchmarkTest02036.java,1,0,CWE-90,CWE-90,1,1,0,0,0,CWE-90,1098,0.0004392,0,0.0,5,8e-06,0.0004472,8.90339183807373
BenchmarkTest02037.java,1,0,CWE-90,CWE-90,1,1,0,0,0,CWE-90,1063,0.0004252,0,0.0,5,8e-06,0.0004332,10.28412628173828
BenchmarkTest02038.java,1,0,CWE-330,CWE-330,1,1,0,0,0,CWE-330,1084,0.0004336,0,0.0,5,8e-06,0.0004416,10.239641189575195
BenchmarkTest02039.java,1,0,CWE-330,CWE-330,1,1,0,0,0,CWE-330,1020,0.000408,0,0.0,5,8e-06,0.000416,8.80874752998352
BenchmarkTest02040.java,1,0,CWE-330,CWE-330,1,1,0,0,0,CWE-330,1122,0.0004488,0,0.0,5,8e-06,0.0004568,3.355415344238281
BenchmarkTest02041.java,0,0,CWE-328,,,0,0,1,0,"CWE-732,CWE-276,CWE-312",1136,0.0004544,0,0.0,13,2.08e-05,0.0004752,10.254634141921995
BenchmarkTest02042.java,1,0,CWE-328,,,0,0,0,1,Not vulnerable,1083,0.0004332,0,0.0,3,4.800000000000001e-06,0.000438,5.655042886734009
BenchmarkTest02043.java,0,0,CWE-328,,,0,0,1,0,Not vulnerable,1155,0.000462,0,0.0,3,4.800000000000001e-06,0.0004668,10.292409181594849
BenchmarkTest02044.java,0,0,CWE-328,CWE-327,0,0,1,0,0,"CWE-327,CWE-276",1042,0.0004168,0,0.0,9,1.44e-05,0.0004312,10.094958782196043
BenchmarkTest02045.java,0,0,CWE-79,,,0,0,1,0,Not vulnerable,722,0.0002888,0,0.0,3,4.800000000000001e-06,0.0002936,9.901074171066284
BenchmarkTest02046.java,1,0,CWE-79,CWE-79,1,1,0,0,0,CWE-79,722,0.0002888,0,0.0,5,8e-06,0.0002968,9.952603340148926
BenchmarkTest02047.java,1,0,CWE-79,CWE-79,1,1,0,0,0,CWE-79,655,0.000262,0,0.0,5,8e-06,0.00027,9.888513326644896
BenchmarkTest02048.java,0,0,CWE-79,,,0,0,1,0,Not vulnerable,953,0.0003812,0,0.0,3,4.800000000000001e-06,0.000386,9.93330454826355
BenchmarkTest02049.java,0,0,CWE-79,CWE-79,1,0,1,0,0,CWE-79,641,0.0002564,0,0.0,5,8e-06,0.0002644,10.065542697906494
BenchmarkTest02050.java,1,0,CWE-79,CWE-79,1,1,0,0,0,CWE-79,679,0.0002716,0,0.0,5,8e-06,0.0002796,9.99352526664734
BenchmarkTest02051.java,1,0,CWE-79,CWE-79,1,1,0,0,0,CWE-79,671,0.0002684,0,0.0,5,8e-06,0.0002764,9.932342052459717
BenchmarkTest02052.java,0,0,CWE-79,,,0,0,1,0,Not vulnerable,764,0.0003056,0,0.0,3,4.800000000000001e-06,0.0003104,9.55895209312439
BenchmarkTest02053.java,0,0,CWE-79,,,0,0,1,0,Not vulnerable,677,0.0002708,0,0.0,3,4.800000000000001e-06,0.0002756,5.529522895812988
BenchmarkTest02054.java,1,0,CWE-79,CWE-79,1,1,0,0,0,CWE-79,632,0.0002528,0,0.0,5,8e-06,0.0002608,9.727169275283812
BenchmarkTest02055.java,1,0,CWE-79,CWE-79,1,1,0,0,0,CWE-79,638,0.0002552,0,0.0,5,8e-06,0.0002632,9.689399480819702
BenchmarkTest02056.java,1,0,CWE-79,CWE-79,1,1,0,0,0,CWE-79,719,0.0002876,0,0.0,5,8e-06,0.0002956,9.9335618019104
BenchmarkTest02057.java,1,0,CWE-79,CWE-79,1,1,0,0,0,CWE-79,747,0.0002988,0,0.0,5,8e-06,0.0003068,9.69481110572815
BenchmarkTest02058.java,0,0,CWE-78,CWE-78,1,0,1,0,0,CWE-78,836,0.0003344,0,0.0,5,8e-06,0.0003424,5.9448981285095215
BenchmarkTest02059.java,1,0,CWE-78,CWE-78,1,1,0,0,0,CWE-78,868,0.0003472,0,0.0,5,8e-06,0.0003552,9.630626440048218
BenchmarkTest02060.java,1,0,CWE-330,CWE-330,1,1,0,0,0,CWE-330,1055,0.000422,0,0.0,5,8e-06,0.00043,9.69916844367981
BenchmarkTest02061.java,1,0,CWE-330,CWE-330,1,1,0,0,0,CWE-330,1019,0.0004076,0,0.0,5,8e-06,0.0004156,5.8129308223724365
BenchmarkTest02062.java,1,0,CWE-330,CWE-330,1,1,0,0,0,CWE-330,1297,0.0005188,0,0.0,5,8e-06,0.0005268,9.959574222564695
BenchmarkTest02063.java,1,0,CWE-330,CWE-330,1,1,0,0,0,CWE-330,990,0.000396,0,0.0,5,8e-06,0.0004039999999999,9.75068211555481
BenchmarkTest02064.java,0,0,CWE-614,,,0,0,1,0,Not vulnerable,988,0.0003952,0,0.0,3,4.800000000000001e-06,0.0004,9.734448671340942
BenchmarkTest02065.java,0,0,CWE-614,,,0,0,1,0,Not vulnerable,897,0.0003588,0,0.0,3,4.800000000000001e-06,0.0003636,5.801892518997192
BenchmarkTest02066.java,0,0,CWE-614,,,0,0,1,0,Not vulnerable,861,0.0003444,0,0.0,3,4.800000000000001e-06,0.0003492,8.973209381103516
BenchmarkTest02067.java,0,0,CWE-78,CWE-78,1,0,1,0,0,CWE-78,947,0.0003788,0,0.0,5,8e-06,0.0003867999999999,5.82675838470459
BenchmarkTest02068.java,0,0,CWE-78,CWE-78,1,0,1,0,0,CWE-78,778,0.0003112,0,0.0,5,8e-06,0.0003192,7.520817518234253
BenchmarkTest02069.java,0,0,CWE-78,CWE-78,1,0,1,0,0,CWE-78,857,0.0003428,0,0.0,5,8e-06,0.0003508,5.842897176742554
BenchmarkTest02070.java,1,0,CWE-78,CWE-78,1,1,0,0,0,CWE-78,768,0.0003072,0,0.0,5,8e-06,0.0003152,8.269105195999146
BenchmarkTest02071.java,0,0,CWE-330,,,0,0,1,0,Not vulnerable,1200,0.00048,0,0.0,3,4.800000000000001e-06,0.0004848,8.535873889923096
BenchmarkTest02072.java,0,0,CWE-330,,,0,0,1,0,Not vulnerable,1100,0.00044,0,0.0,3,4.800000000000001e-06,0.0004448,9.329987049102783
BenchmarkTest02073.java,0,0,CWE-330,CWE-330,1,0,1,0,0,CWE-330,1223,0.0004892,0,0.0,5,8e-06,0.0004972,8.195660829544067
BenchmarkTest02074.java,0,0,CWE-330,CWE-330,1,0,1,0,0,CWE-330,1070,0.000428,0,0.0,5,8e-06,0.0004359999999999,8.09636926651001
BenchmarkTest02075.java,0,0,CWE-330,CWE-330,1,0,1,0,0,CWE-330,1123,0.0004492,0,0.0,5,8e-06,0.0004572,9.355419158935549
BenchmarkTest02076.java,0,0,CWE-330,CWE-330,1,0,1,0,0,CWE-330,1192,0.0004768,0,0.0,5,8e-06,0.0004847999999999,8.038357019424438
BenchmarkTest02077.java,0,0,CWE-330,,,0,0,1,0,Not vulnerable,1407,0.0005628,0,0.0,3,4.800000000000001e-06,0.0005676,7.872312068939209
BenchmarkTest02078.java,0,0,CWE-330,CWE-330,1,0,1,0,0,CWE-330,1079,0.0004316,0,0.0,5,8e-06,0.0004396,8.45498538017273
BenchmarkTest02079.java,0,0,CWE-330,CWE-330,1,0,1,0,0,CWE-330,1079,0.0004316,0,0.0,5,8e-06,0.0004396,8.99957823753357
BenchmarkTest02080.java,0,0,CWE-330,CWE-330,1,0,1,0,0,CWE-330,1134,0.0004536,0,0.0,5,8e-06,0.0004616,8.145583868026733
BenchmarkTest02081.java,0,0,CWE-330,CWE-330,1,0,1,0,0,CWE-330,1333,0.0005332,0,0.0,5,8e-06,0.0005412,7.92760705947876
BenchmarkTest02082.java,0,0,CWE-330,CWE-330,1,0,1,0,0,CWE-330,1032,0.0004128,0,0.0,5,8e-06,0.0004208,7.57582426071167
BenchmarkTest02083.java,0,0,CWE-330,CWE-330,1,0,1,0,0,CWE-330,1077,0.0004308,0,0.0,5,8e-06,0.0004388,8.749436855316162
BenchmarkTest02087.java,1,0,CWE-89,CWE-89,1,1,0,0,0,CWE-89,767,0.0003068,0,0.0,5,8e-06,0.0003148,8.576568126678467
BenchmarkTest02088.java,1,0,CWE-89,CWE-89,1,1,0,0,0,CWE-89,779,0.0003116,0,0.0,5,8e-06,0.0003196,7.959851503372192
BenchmarkTest02089.java,0,0,CWE-89,,,0,0,1,0,Not vulnerable,798,0.0003192,0,0.0,3,4.800000000000001e-06,0.000324,7.385887861251831
BenchmarkTest02090.java,1,0,CWE-89,CWE-89,1,1,0,0,0,CWE-89,850,0.00034,0,0.0,5,8e-06,0.000348,8.416933059692383
BenchmarkTest02091.java,1,0,CWE-89,CWE-89,1,1,0,0,0,CWE-89,890,0.000356,0,0.0,5,8e-06,0.0003639999999999,8.500293731689453
BenchmarkTest02092.java,1,0,CWE-89,CWE-89,1,1,0,0,0,CWE-89,786,0.0003144,0,0.0,5,8e-06,0.0003224,8.524506330490112
BenchmarkTest02093.java,0,0,CWE-89,CWE-89,1,0,1,0,0,CWE-89,824,0.0003296,0,0.0,5,8e-06,0.0003376,8.374152660369873
BenchmarkTest02094.java,1,0,CWE-89,CWE-89,1,1,0,0,0,CWE-89,755,0.000302,0,0.0,5,8e-06,0.00031,8.363931894302368
BenchmarkTest02095.java,0,0,CWE-89,,,0,0,1,0,Not vulnerable,853,0.0003412,0,0.0,3,4.800000000000001e-06,0.000346,8.29799747467041
BenchmarkTest02096.java,1,0,CWE-89,CWE-89,1,1,0,0,0,CWE-89,762,0.0003048,0,0.0,5,8e-06,0.0003128,8.262915849685669
BenchmarkTest02097.java,0,0,CWE-89,,,0,0,1,0,Not vulnerable,851,0.0003404,0,0.0,3,4.800000000000001e-06,0.0003452,6.888907194137573
BenchmarkTest02098.java,0,0,CWE-89,CWE-89,1,0,1,0,0,CWE-89,831,0.0003324,0,0.0,5,8e-06,0.0003404,7.98059868812561
BenchmarkTest02099.java,1,0,CWE-89,CWE-89,1,1,0,0,0,CWE-89,756,0.0003024,0,0.0,5,8e-06,0.0003104,7.425208568572998
BenchmarkTest02100.java,1,0,CWE-643,CWE-643,1,1,0,0,0,CWE-643,1061,0.0004244,0,0.0,5,8e-06,0.0004324,6.674190044403076
BenchmarkTest02101.java,1,0,CWE-327,CWE-327,1,1,0,0,0,"CWE-327,CWE-321",1574,0.0006296,0,0.0,9,1.44e-05,0.000644,7.932016134262085
BenchmarkTest02102.java,0,0,CWE-327,CWE-327,1,0,1,0,0,"CWE-327,CWE-276",1095,0.000438,0,0.0,9,1.44e-05,0.0004524,6.473686218261719
BenchmarkTest02103.java,0,0,CWE-327,CWE-327,1,0,1,0,0,"CWE-327,CWE-321,CWE-312",1237,0.0004948,0,0.0,13,2.08e-05,0.0005156,7.895861387252808
BenchmarkTest02104.java,0,0,CWE-90,CWE-90,1,0,1,0,0,CWE-90,1032,0.0004128,0,0.0,5,8e-06,0.0004208,7.337174415588379
BenchmarkTest02105.java,1,0,CWE-22,CWE-22,1,1,0,0,0,CWE-22,720,0.000288,0,0.0,5,8e-06,0.000296,7.025739431381226
BenchmarkTest02106.java,1,0,CWE-22,CWE-22,1,1,0,0,0,CWE-22,674,0.0002696,0,0.0,5,8e-06,0.0002776,7.146554231643677
BenchmarkTest02107.java,0,0,CWE-22,,,0,0,1,0,Not vulnerable,678,0.0002712,0,0.0,3,4.800000000000001e-06,0.000276,6.738526821136475
BenchmarkTest02108.java,0,0,CWE-22,,,0,0,1,0,Not vulnerable,843,0.0003372,0,0.0,3,4.800000000000001e-06,0.000342,6.639054298400879
BenchmarkTest02109.java,1,0,CWE-22,CWE-22,1,1,0,0,0,CWE-22,750,0.0003,0,0.0,5,8e-06,0.0003079999999999,6.525471210479736
BenchmarkTest02110.java,0,0,CWE-22,CWE-22,1,0,1,0,0,CWE-22,790,0.000316,0,0.0,5,8e-06,0.0003239999999999,5.13842511177063
BenchmarkTest02111.java,0,0,CWE-22,CWE-22,1,0,1,0,0,CWE-22,838,0.0003352,0,0.0,5,8e-06,0.0003432,5.321428060531616
BenchmarkTest02112.java,1,0,CWE-22,CWE-22,1,1,0,0,0,CWE-22,817,0.0003268,0,0.0,5,8e-06,0.0003348,5.312358140945435
BenchmarkTest02113.java,1,0,CWE-22,CWE-22,1,1,0,0,0,CWE-22,919,0.0003676,0,0.0,5,8e-06,0.0003756,5.219773530960083
BenchmarkTest02114.java,0,0,CWE-90,CWE-90,1,0,1,0,0,CWE-90,1043,0.0004172,0,0.0,5,8e-06,0.0004252,5.019827365875244
BenchmarkTest02115.java,0,0,CWE-90,,,0,0,1,0,Not vulnerable,1094,0.0004376,0,0.0,3,4.800000000000001e-06,0.0004424,4.761816501617432
BenchmarkTest02116.java,0,0,CWE-90,CWE-90,1,0,1,0,0,CWE-90,1048,0.0004192,0,0.0,5,8e-06,0.0004272,4.89989972114563
BenchmarkTest02117.java,1,0,CWE-330,CWE-330,1,1,0,0,0,CWE-330,1058,0.0004232,0,0.0,5,8e-06,0.0004312,4.677338361740112
BenchmarkTest02118.java,1,0,CWE-328,CWE-327,0,1,0,0,0,"CWE-327,CWE-276",1070,0.000428,0,0.0,9,1.44e-05,0.0004424,4.6958513259887695
BenchmarkTest02119.java,0,0,CWE-328,,,0,0,1,0,Not vulnerable,1092,0.0004368,0,0.0,3,4.800000000000001e-06,0.0004416,4.124585390090942
BenchmarkTest02120.java,0,0,CWE-328,,,0,0,1,0,Not vulnerable,953,0.0003812,0,0.0,3,4.800000000000001e-06,0.000386,4.056135416030884
BenchmarkTest02121.java,1,0,CWE-328,,,0,0,0,1,"CWE-732,CWE-276,CWE-200",1002,0.0004008,0,0.0,13,2.08e-05,0.0004216,6.827031135559082
BenchmarkTest02122.java,0,0,CWE-79,CWE-79,1,0,1,0,0,CWE-79,698,0.0002792,0,0.0,5,8e-06,0.0002872,7.402302742004394
BenchmarkTest02123.java,1,0,CWE-79,CWE-79,1,1,0,0,0,CWE-79,597,0.0002388,0,0.0,5,8e-06,0.0002468,2.356550693511963
BenchmarkTest02124.java,1,0,CWE-79,CWE-80,0,1,0,0,0,CWE-80,604,0.0002416,0,0.0,5,8e-06,0.0002496,1.535444259643555
BenchmarkTest02125.java,0,0,CWE-79,,,0,0,1,0,Not vulnerable,559,0.0002236,0,0.0,3,4.800000000000001e-06,0.0002284,4.4461939334869385
BenchmarkTest02126.java,1,0,CWE-79,CWE-79,1,1,0,0,0,CWE-79,840,0.000336,0,0.0,5,8e-06,0.0003439999999999,5.261384963989258
BenchmarkTest02127.java,1,0,CWE-79,CWE-79,1,1,0,0,0,CWE-79,592,0.0002368,0,0.0,5,8e-06,0.0002448,4.5613415241241455
BenchmarkTest02128.java,1,0,CWE-79,CWE-79,1,1,0,0,0,CWE-79,577,0.0002308,0,0.0,5,8e-06,0.0002388,2.73193097114563
BenchmarkTest02129.java,1,0,CWE-79,CWE-79,1,1,0,0,0,CWE-79,586,0.0002344,0,0.0,5,8e-06,0.0002424,4.644814729690552
BenchmarkTest02130.java,1,0,CWE-79,CWE-80,0,1,0,0,0,CWE-80,595,0.000238,0,0.0,5,8e-06,0.000246,4.189662933349609
BenchmarkTest02131.java,1,0,CWE-79,CWE-79,1,1,0,0,0,CWE-79,595,0.000238,0,0.0,5,8e-06,0.000246,2.3546109199523926
BenchmarkTest02132.java,1,0,CWE-79,CWE-79,1,1,0,0,0,CWE-79,840,0.000336,0,0.0,5,8e-06,0.0003439999999999,6.175106287002564
BenchmarkTest02133.java,1,0,CWE-79,CWE-79,1,1,0,0,0,CWE-79,588,0.0002352,0,0.0,5,8e-06,0.0002432,7.982631683349609
BenchmarkTest02134.java,1,0,CWE-79,CWE-79,1,1,0,0,0,CWE-79,580,0.000232,0,0.0,5,8e-06,0.00024,8.089030027389526
BenchmarkTest02135.java,0,0,CWE-79,,,0,0,1,0,Not vulnerable,866,0.0003464,0,0.0,3,4.800000000000001e-06,0.0003512,8.80213975906372
BenchmarkTest02136.java,1,0,CWE-79,CWE-79,1,1,0,0,0,CWE-79,616,0.0002464,0,0.0,5,8e-06,0.0002544,8.800132751464844
BenchmarkTest02137.java,1,0,CWE-78,CWE-78,1,1,0,0,0,CWE-78,740,0.000296,0,0.0,5,8e-06,0.0003039999999999,9.165752649307253
BenchmarkTest02138.java,1,0,CWE-330,CWE-330,1,1,0,0,0,CWE-330,999,0.0003996,0,0.0,5,8e-06,0.0004076,9.36570954322815
BenchmarkTest02139.java,1,0,CWE-330,CWE-330,1,1,0,0,0,CWE-330,957,0.0003828,0,0.0,5,8e-06,0.0003908,8.03159236907959
BenchmarkTest02140.java,1,0,CWE-330,CWE-330,1,1,0,0,0,CWE-330,959,0.0003836,0,0.0,5,8e-06,0.0003916,2.3727076053619385
BenchmarkTest02141.java,1,0,CWE-330,CWE-330,1,1,0,0,0,CWE-330,914,0.0003656,0,0.0,5,8e-06,0.0003736,5.165104389190674
BenchmarkTest02142.java,1,0,CWE-614,CWE-614,1,1,0,0,0,"CWE-614,CWE-614",875,0.00035,0,0.0,9,1.44e-05,0.0003644,2.768139600753784
BenchmarkTest02143.java,0,0,CWE-614,,,0,0,1,0,Not vulnerable,926,0.0003704,0,0.0,3,4.800000000000001e-06,0.0003752,7.109930753707886
BenchmarkTest02144.java,0,0,CWE-614,,,0,0,1,0,Not vulnerable,798,0.0003192,0,0.0,3,4.800000000000001e-06,0.000324,8.778801441192627
BenchmarkTest02145.java,1,0,CWE-79,CWE-79,1,1,0,0,0,CWE-79,846,0.0003384,0,0.0,5,8e-06,0.0003464,5.079498052597046
BenchmarkTest02146.java,1,0,CWE-78,CWE-78,1,1,0,0,0,CWE-78,743,0.0002972,0,0.0,5,8e-06,0.0003052,2.497368812561035
BenchmarkTest02147.java,1,0,CWE-78,CWE-78,1,1,0,0,0,CWE-78,665,0.000266,0,0.0,5,8e-06,0.000274,2.24311637878418
BenchmarkTest02148.java,0,0,CWE-78,,,0,0,1,0,Not vulnerable,1090,0.000436,0,0.0,3,4.800000000000001e-06,0.0004408,7.8596415519714355
BenchmarkTest02149.java,0,0,CWE-78,CWE-78,1,0,1,0,0,CWE-78,814,0.0003256,0,0.0,5,8e-06,0.0003336,8.016414403915405
BenchmarkTest02150.java,1,0,CWE-78,CWE-78,1,1,0,0,0,CWE-78,883,0.0003532,0,0.0,5,8e-06,0.0003612,7.93621039390564
BenchmarkTest02151.java,1,0,CWE-78,CWE-78,1,1,0,0,0,CWE-78,858,0.0003432,0,0.0,5,8e-06,0.0003512,7.1579906940460205
BenchmarkTest02152.java,1,0,CWE-78,CWE-78,1,1,0,0,0,CWE-78,825,0.00033,0,0.0,5,8e-06,0.000338,5.011002540588379
BenchmarkTest02153.java,0,0,CWE-78,,,0,0,1,0,Not vulnerable,992,0.0003968,0,0.0,3,4.800000000000001e-06,0.0004016,10.314687967300417
BenchmarkTest02154.java,1,0,CWE-78,CWE-78,1,1,0,0,0,CWE-78,734,0.0002936,0,0.0,5,8e-06,0.0003016,8.712069272994995
BenchmarkTest02155.java,1,0,CWE-78,CWE-78,1,1,0,0,0,CWE-78,741,0.0002964,0,0.0,5,8e-06,0.0003044,4.867244958877564
BenchmarkTest02156.java,0,0,CWE-78,CWE-78,1,0,1,0,0,CWE-78,712,0.0002848,0,0.0,5,8e-06,0.0002928,8.741504430770874
BenchmarkTest02157.java,0,0,CWE-330,,,0,0,1,0,Not vulnerable,1092,0.0004368,0,0.0,3,4.800000000000001e-06,0.0004416,5.870378255844116
BenchmarkTest02158.java,0,0,CWE-330,CWE-330,1,0,1,0,0,CWE-330,985,0.000394,0,0.0,5,8e-06,0.0004019999999999,8.37261152267456
BenchmarkTest02159.java,0,0,CWE-330,CWE-330,1,0,1,0,0,CWE-330,1280,0.000512,0,0.0,5,8e-06,0.00052,7.415190696716309
BenchmarkTest02160.java,0,0,CWE-330,CWE-330,1,0,1,0,0,CWE-330,1152,0.0004608,0,0.0,5,8e-06,0.0004688,7.316671848297119
BenchmarkTest02161.java,0,0,CWE-330,CWE-330,1,0,1,0,0,CWE-330,1019,0.0004076,0,0.0,5,8e-06,0.0004156,6.382158756256104
BenchmarkTest02162.java,0,0,CWE-330,,,0,0,1,0,Not vulnerable,984,0.0003936,0,0.0,3,4.800000000000001e-06,0.0003984,7.593619346618652
BenchmarkTest02163.java,0,0,CWE-330,CWE-330,1,0,1,0,0,CWE-330,1015,0.000406,0,0.0,5,8e-06,0.000414,5.615169525146484
BenchmarkTest02164.java,0,0,CWE-330,,,0,0,1,0,Not vulnerable,978,0.0003912,0,0.0,3,4.800000000000001e-06,0.000396,7.852141857147217
BenchmarkTest02169.java,1,0,CWE-89,CWE-89,1,1,0,0,0,CWE-89,723,0.0002892,0,0.0,5,8e-06,0.0002971999999999,8.415297031402588
BenchmarkTest02170.java,1,0,CWE-89,CWE-89,1,1,0,0,0,CWE-89,735,0.000294,0,0.0,5,8e-06,0.0003019999999999,7.090172052383423
BenchmarkTest02171.java,1,0,CWE-89,CWE-89,1,1,0,0,0,CWE-89,732,0.0002928,0,0.0,5,8e-06,0.0003008,9.343542337417604
BenchmarkTest02172.java,0,0,CWE-89,CWE-89,1,0,1,0,0,CWE-89,732,0.0002928,0,0.0,5,8e-06,0.0003008,7.698962450027466
BenchmarkTest02173.java,0,0,CWE-89,CWE-89,1,0,1,0,0,CWE-89,803,0.0003212,0,0.0,5,8e-06,0.0003292,9.3153076171875
BenchmarkTest02174.java,0,0,CWE-89,CWE-89,1,0,1,0,0,CWE-89,751,0.0003004,0,0.0,5,8e-06,0.0003084,8.596129894256592
BenchmarkTest02175.java,0,0,CWE-89,CWE-89,1,0,1,0,0,CWE-89,759,0.0003036,0,0.0,5,8e-06,0.0003116,7.693154573440552
BenchmarkTest02176.java,0,0,CWE-89,,,0,0,1,0,Not vulnerable,723,0.0002892,0,0.0,3,4.800000000000001e-06,0.000294,6.330922842025757
BenchmarkTest02177.java,1,0,CWE-89,CWE-89,1,1,0,0,0,CWE-89,942,0.0003768,0,0.0,5,8e-06,0.0003848,8.727885723114014
BenchmarkTest02178.java,1,0,CWE-89,CWE-89,1,1,0,0,0,CWE-89,880,0.000352,0,0.0,5,8e-06,0.0003599999999999,7.687365293502808
BenchmarkTest02179.java,1,0,CWE-89,CWE-89,1,1,0,0,0,CWE-89,752,0.0003008,0,0.0,5,8e-06,0.0003087999999999,8.689781665802002
BenchmarkTest02180.java,0,0,CWE-89,,,0,0,1,0,Not vulnerable,858,0.0003432,0,0.0,3,4.800000000000001e-06,0.000348,8.643631219863892
BenchmarkTest02181.java,1,0,CWE-89,CWE-89,1,1,0,0,0,CWE-89,744,0.0002976,0,0.0,5,8e-06,0.0003056,9.076331615447998
BenchmarkTest02182.java,1,0,CWE-89,CWE-89,1,1,0,0,0,CWE-89,789,0.0003156,0,0.0,5,8e-06,0.0003236,8.489289999008179
BenchmarkTest02183.java,0,0,CWE-89,,,0,0,1,0,Not vulnerable,1069,0.0004276,0,0.0,3,4.800000000000001e-06,0.0004324,8.785329818725586
BenchmarkTest02184.java,0,0,CWE-89,CWE-89,1,0,1,0,0,CWE-89,858,0.0003432,0,0.0,5,8e-06,0.0003512,7.163920402526856
BenchmarkTest02185.java,0,0,CWE-89,CWE-89,1,0,1,0,0,CWE-89,741,0.0002964,0,0.0,5,8e-06,0.0003044,7.780047178268433
BenchmarkTest02186.java,1,0,CWE-89,CWE-89,1,1,0,0,0,CWE-89,676,0.0002704,0,0.0,5,8e-06,0.0002784,7.907726764678955
BenchmarkTest02187.java,1,0,CWE-89,CWE-89,1,1,0,0,0,CWE-89,760,0.000304,0,0.0,5,8e-06,0.000312,6.1222617626190186
BenchmarkTest02188.java,0,0,CWE-89,,,0,0,1,0,Not vulnerable,974,0.0003896,0,0.0,3,4.800000000000001e-06,0.0003944,7.850806474685669
BenchmarkTest02189.java,1,0,CWE-643,CWE-643,1,1,0,0,0,CWE-643,885,0.000354,0,0.0,5,8e-06,0.0003619999999999,4.757102727890015
BenchmarkTest02190.java,0,0,CWE-327,CWE-327,1,0,1,0,0,"CWE-321,CWE-327",1585,0.000634,0,0.0,9,1.44e-05,0.0006484,4.176507234573364
BenchmarkTest02191.java,0,0,CWE-327,,,0,0,1,0,Not vulnerable,1620,0.000648,0,0.0,3,4.800000000000001e-06,0.0006528,8.892699003219604
BenchmarkTest02192.java,1,0,CWE-327,CWE-327,1,1,0,0,0,"CWE-327,CWE-321",1653,0.0006612,0,0.0,9,1.44e-05,0.0006756,9.154330730438232
BenchmarkTest02193.java,1,0,CWE-327,CWE-327,1,1,0,0,0,"CWE-327,CWE-321",1691,0.0006764,0,0.0,9,1.44e-05,0.0006908,4.640895843505859
BenchmarkTest02194.java,1,0,CWE-327,CWE-327,1,1,0,0,0,"CWE-327,CWE-326",1229,0.0004916,0,0.0,9,1.44e-05,0.000506,7.40448260307312
BenchmarkTest02195.java,1,0,CWE-327,CWE-327,1,1,0,0,0,"CWE-327,CWE-321",1267,0.0005068,0,0.0,9,1.44e-05,0.0005212,7.593735694885254
BenchmarkTest02196.java,1,0,CWE-90,CWE-90,1,1,0,0,0,CWE-90,1068,0.0004272,0,0.0,5,8e-06,0.0004352,4.792509078979492
BenchmarkTest02197.java,1,0,CWE-22,CWE-22,1,1,0,0,0,CWE-22,795,0.000318,0,0.0,5,8e-06,0.0003259999999999,7.818883657455444
BenchmarkTest02198.java,1,0,CWE-22,CWE-22,1,1,0,0,0,CWE-22,789,0.0003156,0,0.0,5,8e-06,0.0003236,7.461294412612915
BenchmarkTest02199.java,1,0,CWE-22,CWE-22,1,1,0,0,0,CWE-22,662,0.0002648,0,0.0,5,8e-06,0.0002727999999999,7.013465166091919
BenchmarkTest02200.java,0,0,CWE-22,,,0,0,1,0,Not vulnerable,707,0.0002828,0,0.0,3,4.800000000000001e-06,0.0002876,8.896325588226318
BenchmarkTest02201.java,0,0,CWE-22,CWE-22,1,0,1,0,0,CWE-22,944,0.0003776,0,0.0,5,8e-06,0.0003856,7.61691427230835
BenchmarkTest02202.java,0,0,CWE-22,,,0,0,1,0,Not vulnerable,789,0.0003156,0,0.0,3,4.800000000000001e-06,0.0003204,7.354928255081177
BenchmarkTest02203.java,0,0,CWE-22,,,0,0,1,0,Not vulnerable,1059,0.0004236,0,0.0,3,4.800000000000001e-06,0.0004284,8.722861051559448
BenchmarkTest02204.java,0,0,CWE-22,CWE-22,1,0,1,0,0,CWE-22,871,0.0003484,0,0.0,5,8e-06,0.0003564,7.646321535110474
BenchmarkTest02205.java,1,0,CWE-22,CWE-22,1,1,0,0,0,CWE-22,781,0.0003124,0,0.0,5,8e-06,0.0003204,6.214728832244873
BenchmarkTest02206.java,0,0,CWE-22,,,0,0,1,0,Not vulnerable,887,0.0003548,0,0.0,3,4.800000000000001e-06,0.0003596,6.099111318588257
BenchmarkTest02207.java,0,0,CWE-22,CWE-22,1,0,1,0,0,CWE-22,954,0.0003816,0,0.0,5,8e-06,0.0003896,7.493693113327026
BenchmarkTest02208.java,1,0,CWE-90,CWE-90,1,1,0,0,0,CWE-90,1105,0.000442,0,0.0,5,8e-06,0.00045,7.796937942504883
BenchmarkTest02209.java,1,0,CWE-330,CWE-330,1,1,0,0,0,CWE-330,1093,0.0004372,0,0.0,5,8e-06,0.0004452,7.578284740447998
BenchmarkTest02210.java,0,0,CWE-328,,,0,0,1,0,"CWE-732,CWE-276",1069,0.0004276,0,0.0,9,1.44e-05,0.000442,9.209842681884766
BenchmarkTest02211.java,1,0,CWE-328,,,0,0,0,1,"CWE-732,CWE-276,CWE-312",1023,0.0004092,0,0.0,13,2.08e-05,0.00043,9.232237339019775
BenchmarkTest02212.java,1,0,CWE-328,,,0,0,0,1,"CWE-732,CWE-276,CWE-200",1052,0.0004208,0,0.0,13,2.08e-05,0.0004416,7.343679428100586
BenchmarkTest02213.java,1,0,CWE-328,,,0,0,0,1,Not vulnerable,1039,0.0004156,0,0.0,3,4.800000000000001e-06,0.0004204,7.125105381011963
BenchmarkTest02214.java,0,0,CWE-328,,,0,0,1,0,"CWE-732,CWE-276",1025,0.00041,0,0.0,9,1.44e-05,0.0004244,7.446154356002808
BenchmarkTest02215.java,0,0,CWE-328,,,0,0,1,0,Not vulnerable,1054,0.0004216,0,0.0,3,4.800000000000001e-06,0.0004264,8.660385847091675
BenchmarkTest02216.java,0,0,CWE-328,,,0,0,1,0,Not vulnerable,1041,0.0004164,0,0.0,3,4.800000000000001e-06,0.0004212,7.078796148300171
BenchmarkTest02217.java,1,0,CWE-328,CWE-327,0,1,0,0,0,"CWE-327,CWE-276",985,0.000394,0,0.0,9,1.44e-05,0.0004084,7.335325479507446
BenchmarkTest02218.java,0,0,CWE-328,,,0,0,1,0,"CWE-276,CWE-732",955,0.000382,0,0.0,9,1.44e-05,0.0003964,8.699151277542114
BenchmarkTest02219.java,1,0,CWE-328,,,0,0,0,1,"CWE-732,CWE-276,CWE-200",1035,0.000414,0,0.0,13,2.08e-05,0.0004348,7.085757493972778
BenchmarkTest02220.java,0,0,CWE-328,CWE-327,0,0,1,0,0,"CWE-327,CWE-276,CWE-732",1285,0.000514,0,0.0,13,2.08e-05,0.0005348,6.720344305038452
BenchmarkTest02221.java,1,0,CWE-79,CWE-79,1,1,0,0,0,CWE-79,702,0.0002808,0,0.0,5,8e-06,0.0002887999999999,7.325063943862915
BenchmarkTest02222.java,0,0,CWE-79,CWE-79,1,0,1,0,0,CWE-79,712,0.0002848,0,0.0,5,8e-06,0.0002928,8.557485818862915
BenchmarkTest02223.java,1,0,CWE-79,CWE-79,1,1,0,0,0,CWE-79,623,0.0002492,0,0.0,5,8e-06,0.0002572,7.326789855957031
BenchmarkTest02224.java,1,0,CWE-79,CWE-79,1,1,0,0,0,CWE-79,647,0.0002588,0,0.0,5,8e-06,0.0002668,7.2709572315216064
BenchmarkTest02225.java,1,0,CWE-79,CWE-79,1,1,0,0,0,CWE-79,705,0.000282,0,0.0,5,8e-06,0.00029,5.044996500015259
BenchmarkTest02226.java,0,0,CWE-79,,,0,0,1,0,Not vulnerable,626,0.0002504,0,0.0,3,4.800000000000001e-06,0.0002552,4.96917200088501
BenchmarkTest02227.java,1,0,CWE-79,CWE-79,1,1,0,0,0,CWE-79,604,0.0002416,0,0.0,5,8e-06,0.0002496,5.182412385940552
BenchmarkTest02228.java,1,0,CWE-79,CWE-79,1,1,0,0,0,CWE-79,601,0.0002404,0,0.0,5,8e-06,0.0002484,4.673032760620117
BenchmarkTest02229.java,0,0,CWE-79,,,0,0,1,0,Not vulnerable,741,0.0002964,0,0.0,3,4.800000000000001e-06,0.0003012,4.964061975479126
BenchmarkTest02230.java,1,0,CWE-79,CWE-79,1,1,0,0,0,CWE-79,661,0.0002644,0,0.0,5,8e-06,0.0002724,5.426000118255615
BenchmarkTest02231.java,0,0,CWE-79,,,0,0,1,0,Not vulnerable,922,0.0003688,0,0.0,3,4.800000000000001e-06,0.0003736,4.010987043380737
BenchmarkTest02232.java,1,0,CWE-79,CWE-79,1,1,0,0,0,CWE-79,591,0.0002364,0,0.0,5,8e-06,0.0002444,4.079500436782837
BenchmarkTest02233.java,0,0,CWE-79,CWE-80,0,0,1,0,0,CWE-80,676,0.0002704,0,0.0,5,8e-06,0.0002784,5.040274381637573
BenchmarkTest02234.java,1,0,CWE-79,CWE-80,0,1,0,0,0,CWE-80,614,0.0002456,0,0.0,5,8e-06,0.0002536,4.987913131713867
BenchmarkTest02235.java,0,0,CWE-79,CWE-80,0,0,1,0,0,CWE-80,630,0.000252,0,0.0,5,8e-06,0.00026,4.605889320373535
BenchmarkTest02236.java,0,0,CWE-79,CWE-79,1,0,1,0,0,CWE-79,627,0.0002508,0,0.0,5,8e-06,0.0002588,4.643758058547974
BenchmarkTest02237.java,0,0,CWE-79,,,0,0,1,0,Not vulnerable,592,0.0002368,0,0.0,3,4.800000000000001e-06,0.0002416,4.71886157989502
BenchmarkTest02238.java,0,0,CWE-79,,,0,0,1,0,Not vulnerable,899,0.0003596,0,0.0,3,4.800000000000001e-06,0.0003644,4.527384042739868
BenchmarkTest02239.java,0,0,CWE-79,CWE-79,1,0,1,0,0,CWE-79,666,0.0002664,0,0.0,5,8e-06,0.0002744,4.991744995117188
BenchmarkTest02240.java,0,0,CWE-79,CWE-79,1,0,1,0,0,CWE-79,694,0.0002776,0,0.0,5,8e-06,0.0002856,5.143998861312866
BenchmarkTest02241.java,1,0,CWE-79,CWE-79,1,1,0,0,0,CWE-79,692,0.0002768,0,0.0,5,8e-06,0.0002848,5.373142719268799
BenchmarkTest02242.java,0,0,CWE-78,,,0,0,1,0,Not vulnerable,1047,0.0004188,0,0.0,3,4.800000000000001e-06,0.0004236,4.676252126693726
BenchmarkTest02243.java,1,0,CWE-78,CWE-78,1,1,0,0,0,CWE-78,836,0.0003344,0,0.0,5,8e-06,0.0003424,5.146256685256958
BenchmarkTest02244.java,1,0,CWE-78,CWE-78,1,1,0,0,0,CWE-78,752,0.0003008,0,0.0,5,8e-06,0.0003087999999999,4.0480732917785645
BenchmarkTest02245.java,1,0,CWE-330,CWE-330,1,1,0,0,0,CWE-330,997,0.0003988,0,0.0,5,8e-06,0.0004067999999999,3.0027003288269043
BenchmarkTest02246.java,1,0,CWE-330,CWE-330,1,1,0,0,0,CWE-330,1066,0.0004264,0,0.0,5,8e-06,0.0004344,2.9218270778656006
BenchmarkTest02247.java,0,0,CWE-614,,,0,0,1,0,Not vulnerable,908,0.0003632,0,0.0,3,4.800000000000001e-06,0.000368,4.091200828552246
BenchmarkTest02248.java,0,0,CWE-614,,,0,0,1,0,Not vulnerable,837,0.0003348,0,0.0,3,4.800000000000001e-06,0.0003396,4.586060285568237
BenchmarkTest02249.java,1,0,CWE-78,CWE-78,1,1,0,0,0,CWE-78,776,0.0003104,0,0.0,5,8e-06,0.0003184,3.8703649044036874
BenchmarkTest02250.java,1,0,CWE-78,CWE-78,1,1,0,0,0,CWE-78,812,0.0003248,0,0.0,5,8e-06,0.0003328,3.2190964221954346
BenchmarkTest02251.java,1,0,CWE-78,CWE-78,1,1,0,0,0,CWE-78,850,0.00034,0,0.0,5,8e-06,0.000348,3.266890048980713
BenchmarkTest02252.java,0,0,CWE-78,,,0,0,1,0,Not vulnerable,862,0.0003448,0,0.0,3,4.800000000000001e-06,0.0003496,3.200575351715088
BenchmarkTest02253.java,0,0,CWE-78,CWE-78,1,0,1,0,0,CWE-78,929,0.0003716,0,0.0,5,8e-06,0.0003796,3.195643901824951
BenchmarkTest02254.java,0,0,CWE-330,,,0,0,1,0,CWE-614,1127,0.0004508,0,0.0,5,8e-06,0.0004588,2.9591000080108643
BenchmarkTest02255.java,0,0,CWE-330,,,0,0,1,0,Not vulnerable,1018,0.0004072,0,0.0,3,4.800000000000001e-06,0.000412,4.736382961273193
BenchmarkTest02256.java,0,0,CWE-330,CWE-330,1,0,1,0,0,CWE-330,1061,0.0004244,0,0.0,5,8e-06,0.0004324,2.936346530914306
BenchmarkTest02257.java,0,0,CWE-330,CWE-330,1,0,1,0,0,CWE-330,1048,0.0004192,0,0.0,5,8e-06,0.0004272,2.9271163940429688
BenchmarkTest02258.java,0,0,CWE-330,,,0,0,1,0,Not vulnerable,1079,0.0004316,0,0.0,3,4.800000000000001e-06,0.0004364,4.25291919708252
BenchmarkTest02259.java,0,0,CWE-330,,,0,0,1,0,Not vulnerable,1067,0.0004268,0,0.0,3,4.800000000000001e-06,0.0004316,4.442546606063843
BenchmarkTest02260.java,0,0,CWE-330,CWE-330,1,0,1,0,0,CWE-330,1050,0.00042,0,0.0,5,8e-06,0.000428,5.007569789886475
BenchmarkTest02264.java,1,0,CWE-89,CWE-89,1,1,0,0,0,CWE-89,765,0.000306,0,0.0,5,8e-06,0.000314,3.722775459289551
BenchmarkTest02265.java,0,0,CWE-89,,,0,0,1,0,CWE-88,794,0.0003176,0,0.0,5,8e-06,0.0003256,3.3790833950042725
BenchmarkTest02266.java,0,0,CWE-89,CWE-89,1,0,1,0,0,CWE-89,839,0.0003356,0,0.0,5,8e-06,0.0003436,2.809842824935913
BenchmarkTest02267.java,0,0,CWE-89,CWE-89,1,0,1,0,0,CWE-89,783,0.0003132,0,0.0,5,8e-06,0.0003212,2.6017324924468994
BenchmarkTest02268.java,0,0,CWE-89,,,0,0,1,0,Not vulnerable,870,0.000348,0,0.0,3,4.800000000000001e-06,0.0003528,2.5453484058380127
BenchmarkTest02269.java,1,0,CWE-89,CWE-89,1,1,0,0,0,CWE-89,781,0.0003124,0,0.0,5,8e-06,0.0003204,2.4389028549194336
BenchmarkTest02270.java,1,0,CWE-89,CWE-89,1,1,0,0,0,CWE-89,848,0.0003392,0,0.0,5,8e-06,0.0003472,2.4010109901428223
BenchmarkTest02271.java,0,0,CWE-89,CWE-89,1,0,1,0,0,CWE-89,753,0.0003012,0,0.0,5,8e-06,0.0003092,5.552902460098267
BenchmarkTest02272.java,1,0,CWE-89,CWE-89,1,1,0,0,0,CWE-89,786,0.0003144,0,0.0,5,8e-06,0.0003224,2.3953230381011963
BenchmarkTest02273.java,1,0,CWE-89,CWE-89,1,1,0,0,0,CWE-89,853,0.0003412,0,0.0,5,8e-06,0.0003492,2.5231714248657227
BenchmarkTest02274.java,0,0,CWE-89,CWE-89,1,0,1,0,0,CWE-89,977,0.0003908,0,0.0,5,8e-06,0.0003988,5.630550622940064
BenchmarkTest02275.java,1,0,CWE-89,CWE-89,1,1,0,0,0,CWE-89,810,0.000324,0,0.0,5,8e-06,0.000332,6.744052171707153
BenchmarkTest02276.java,0,0,CWE-89,CWE-89,1,0,1,0,0,CWE-89,816,0.0003264,0,0.0,5,8e-06,0.0003344,5.366610527038574
BenchmarkTest02277.java,1,0,CWE-89,CWE-89,1,1,0,0,0,CWE-89,844,0.0003376,0,0.0,5,8e-06,0.0003456,4.010501861572266
BenchmarkTest02278.java,0,0,CWE-89,,,0,0,1,0,Not vulnerable,891,0.0003564,0,0.0,3,4.800000000000001e-06,0.0003612,4.917078495025635
BenchmarkTest02279.java,0,0,CWE-89,,,0,0,1,0,Not vulnerable,800,0.00032,0,0.0,3,4.800000000000001e-06,0.0003248,2.879293918609619
BenchmarkTest02280.java,0,0,CWE-89,CWE-89,1,0,1,0,0,CWE-89,871,0.0003484,0,0.0,5,8e-06,0.0003564,5.461328744888306
BenchmarkTest02281.java,1,0,CWE-89,CWE-89,1,1,0,0,0,CWE-89,777,0.0003108,0,0.0,5,8e-06,0.0003188,2.382740974426269
BenchmarkTest02282.java,0,0,CWE-89,CWE-89,1,0,1,0,0,CWE-89,754,0.0003016,0,0.0,5,8e-06,0.0003096,2.9204859733581543
BenchmarkTest02283.java,0,0,CWE-89,CWE-89,1,0,1,0,0,CWE-89,773,0.0003092,0,0.0,5,8e-06,0.0003172,7.380371332168579
BenchmarkTest02284.java,1,0,CWE-89,CWE-89,1,1,0,0,0,CWE-89,731,0.0002924,0,0.0,5,8e-06,0.0003004,7.676751375198364
BenchmarkTest02285.java,0,0,CWE-89,,,0,0,1,0,Not vulnerable,733,0.0002931999999999,0,0.0,3,4.800000000000001e-06,0.000298,2.423407077789306
BenchmarkTest02286.java,1,0,CWE-89,CWE-89,1,1,0,0,0,CWE-89,727,0.0002908,0,0.0,5,8e-06,0.0002988,2.8396553993225098
BenchmarkTest02287.java,1,0,CWE-89,CWE-89,1,1,0,0,0,CWE-89,734,0.0002936,0,0.0,5,8e-06,0.0003016,7.714162588119507
BenchmarkTest02288.java,1,0,CWE-89,CWE-89,1,1,0,0,0,CWE-89,738,0.0002951999999999,0,0.0,5,8e-06,0.0003031999999999,5.028854131698608
BenchmarkTest02289.java,0,0,CWE-327,CWE-327,1,0,1,0,0,"CWE-532,CWE-327,CWE-326",1647,0.0006588,0,0.0,13,2.08e-05,0.0006796,6.972112655639648
BenchmarkTest02290.java,1,0,CWE-327,CWE-327,1,1,0,0,0,"CWE-327,CWE-321",1687,0.0006748,0,0.0,9,1.44e-05,0.0006892,6.034136056900024
BenchmarkTest02291.java,1,0,CWE-327,CWE-327,1,1,0,0,0,"CWE-327,CWE-321",1963,0.0007852,0,0.0,9,1.44e-05,0.0007996,7.350264072418213
BenchmarkTest02292.java,1,0,CWE-327,CWE-327,1,1,0,0,0,"CWE-327,CWE-326",1651,0.0006604,0,0.0,9,1.44e-05,0.0006748,8.006903409957886
BenchmarkTest02293.java,1,0,CWE-327,CWE-327,1,1,0,0,0,"CWE-327,CWE-321",1582,0.0006328,0,0.0,9,1.44e-05,0.0006472,6.272298336029053
BenchmarkTest02294.java,1,0,CWE-327,CWE-327,1,1,0,0,0,"CWE-327,CWE-321",1330,0.000532,0,0.0,9,1.44e-05,0.0005464,6.6554765701293945
BenchmarkTest02295.java,1,0,CWE-327,CWE-327,1,1,0,0,0,"CWE-327,CWE-321",1336,0.0005344,0,0.0,9,1.44e-05,0.0005488,7.439230442047119
BenchmarkTest02296.java,0,0,CWE-327,CWE-327,1,0,1,0,0,"CWE-327,CWE-321,CWE-276",1294,0.0005176,0,0.0,13,2.08e-05,0.0005384,6.537207126617432
BenchmarkTest02297.java,0,0,CWE-327,CWE-327,1,0,1,0,0,"CWE-327,CWE-321,CWE-276",1337,0.0005348,0,0.0,13,2.08e-05,0.0005556,7.234062910079956
BenchmarkTest02298.java,0,0,CWE-327,CWE-327,1,0,1,0,0,"CWE-327,CWE-321",1324,0.0005296,0,0.0,9,1.44e-05,0.000544,7.869436264038086
BenchmarkTest02299.java,1,0,CWE-90,CWE-90,1,1,0,0,0,CWE-90,1066,0.0004264,0,0.0,5,8e-06,0.0004344,6.408733606338501
BenchmarkTest02300.java,0,0,CWE-22,,,0,0,1,0,Not vulnerable,1069,0.0004276,0,0.0,3,4.800000000000001e-06,0.0004324,7.871296644210815
BenchmarkTest02301.java,0,0,CWE-22,CWE-22,1,0,1,0,0,CWE-22,814,0.0003256,0,0.0,5,8e-06,0.0003336,6.953628778457642
BenchmarkTest02302.java,1,0,CWE-22,CWE-22,1,1,0,0,0,CWE-22,763,0.0003052,0,0.0,5,8e-06,0.0003131999999999,7.8853230476379395
BenchmarkTest02303.java,1,0,CWE-22,CWE-22,1,1,0,0,0,CWE-22,1009,0.0004036,0,0.0,5,8e-06,0.0004116,7.236245155334473
BenchmarkTest02304.java,1,0,CWE-22,CWE-22,1,1,0,0,0,CWE-22,936,0.0003744,0,0.0,5,8e-06,0.0003824,10.584104299545288
BenchmarkTest02305.java,1,0,CWE-90,CWE-90,1,1,0,0,0,CWE-90,1136,0.0004544,0,0.0,5,8e-06,0.0004624,6.467015981674194
BenchmarkTest02306.java,1,0,CWE-90,CWE-90,1,1,0,0,0,CWE-90,1062,0.0004248,0,0.0,5,8e-06,0.0004328,7.445660591125488
BenchmarkTest02307.java,1,0,CWE-328,CWE-327,0,1,0,0,0,"CWE-327,CWE-276",1239,0.0004956,0,0.0,9,1.44e-05,0.00051,7.3355393409729
BenchmarkTest02308.java,1,0,CWE-328,,,0,0,0,1,"CWE-321,CWE-276",1076,0.0004304,0,0.0,9,1.44e-05,0.0004448,7.158988952636719
BenchmarkTest02309.java,0,0,CWE-328,,,0,0,1,0,"CWE-732,CWE-276,CWE-200",1121,0.0004484,0,0.0,13,2.08e-05,0.0004692,10.630308151245115
BenchmarkTest02310.java,0,0,CWE-328,,,0,0,1,0,Not vulnerable,1092,0.0004368,0,0.0,3,4.800000000000001e-06,0.0004416,7.039105415344238
BenchmarkTest02311.java,1,0,CWE-328,CWE-327,0,1,0,0,0,"CWE-327,CWE-276,CWE-532",1039,0.0004156,0,0.0,13,2.08e-05,0.0004364,10.419287204742432
BenchmarkTest02312.java,0,0,CWE-328,,,0,0,1,0,Not vulnerable,1086,0.0004344,0,0.0,3,4.800000000000001e-06,0.0004392,10.090952396392822
BenchmarkTest02313.java,0,0,CWE-79,,,0,0,1,0,Not vulnerable,1034,0.0004136,0,0.0,3,4.800000000000001e-06,0.0004184,6.950316667556763
BenchmarkTest02314.java,1,0,CWE-79,CWE-80,0,1,0,0,0,CWE-80,706,0.0002824,0,0.0,5,8e-06,0.0002904,7.749351978302002
BenchmarkTest02315.java,1,0,CWE-79,CWE-80,0,1,0,0,0,CWE-80,667,0.0002668,0,0.0,5,8e-06,0.0002748,10.271133184432983
BenchmarkTest02316.java,1,0,CWE-79,CWE-79,1,1,0,0,0,CWE-79,688,0.0002751999999999,0,0.0,5,8e-06,0.0002831999999999,10.101178407669067
BenchmarkTest02317.java,1,0,CWE-79,CWE-80,0,1,0,0,0,CWE-80,705,0.000282,0,0.0,5,8e-06,0.00029,6.814853191375732
BenchmarkTest02318.java,0,0,CWE-79,CWE-79,1,0,1,0,0,CWE-79,657,0.0002628,0,0.0,5,8e-06,0.0002707999999999,8.858823776245117
BenchmarkTest02319.java,0,0,CWE-79,,,0,0,1,0,Not vulnerable,694,0.0002776,0,0.0,3,4.800000000000001e-06,0.0002824,9.427082300186155
BenchmarkTest02320.java,0,0,CWE-79,,,0,0,1,0,Not vulnerable,686,0.0002744,0,0.0,3,4.800000000000001e-06,0.0002792,9.71576762199402
BenchmarkTest02321.java,1,0,CWE-79,CWE-79,1,1,0,0,0,CWE-79,963,0.0003852,0,0.0,5,8e-06,0.0003932,8.794307708740234
BenchmarkTest02322.java,1,0,CWE-79,CWE-80,0,1,0,0,0,CWE-80,711,0.0002844,0,0.0,5,8e-06,0.0002924,6.969576120376587
BenchmarkTest02323.java,1,0,CWE-79,CWE-79,1,1,0,0,0,CWE-79,698,0.0002792,0,0.0,5,8e-06,0.0002872,7.24768853187561
BenchmarkTest02324.java,1,0,CWE-79,CWE-79,1,1,0,0,0,CWE-79,724,0.0002896,0,0.0,5,8e-06,0.0002976,10.034857749938965
BenchmarkTest02325.java,0,0,CWE-79,CWE-79,1,0,1,0,0,CWE-79,690,0.000276,0,0.0,5,8e-06,0.0002839999999999,9.744648694992064
BenchmarkTest02326.java,1,0,CWE-79,CWE-79,1,1,0,0,0,CWE-79,693,0.0002771999999999,0,0.0,5,8e-06,0.0002851999999999,9.391595840454102
BenchmarkTest02327.java,1,0,CWE-79,CWE-79,1,1,0,0,0,CWE-79,754,0.0003016,0,0.0,5,8e-06,0.0003096,7.796519041061401
BenchmarkTest02328.java,1,0,CWE-79,CWE-79,1,1,0,0,0,CWE-79,676,0.0002704,0,0.0,5,8e-06,0.0002784,10.111193656921388
BenchmarkTest02329.java,0,0,CWE-79,CWE-79,1,0,1,0,0,CWE-79,725,0.00029,0,0.0,5,8e-06,0.000298,7.775267124176025
BenchmarkTest02330.java,0,0,CWE-79,,,0,0,1,0,Not vulnerable,721,0.0002884,0,0.0,3,4.800000000000001e-06,0.0002932,9.806905508041382
BenchmarkTest02331.java,0,0,CWE-79,,,0,0,1,0,Not vulnerable,659,0.0002636,0,0.0,3,4.800000000000001e-06,0.0002684,9.968717098236084
BenchmarkTest02332.java,1,0,CWE-79,CWE-79,1,1,0,0,0,CWE-79,688,0.0002751999999999,0,0.0,5,8e-06,0.0002831999999999,10.176286697387695
BenchmarkTest02333.java,1,0,CWE-78,CWE-78,1,1,0,0,0,CWE-78,823,0.0003292,0,0.0,5,8e-06,0.0003372,9.714673280715942
BenchmarkTest02334.java,1,0,CWE-78,CWE-78,1,1,0,0,0,CWE-78,907,0.0003628,0,0.0,5,8e-06,0.0003708,7.0162389278411865
BenchmarkTest02335.java,0,0,CWE-78,CWE-78,1,0,1,0,0,CWE-78,881,0.0003524,0,0.0,5,8e-06,0.0003604,6.771326541900635
BenchmarkTest02336.java,0,0,CWE-78,,,0,0,1,0,Not vulnerable,1117,0.0004468,0,0.0,3,4.800000000000001e-06,0.0004516,9.670860528945925
BenchmarkTest02337.java,1,0,CWE-330,CWE-330,1,1,0,0,0,CWE-330,1150,0.00046,0,0.0,5,8e-06,0.000468,7.060705661773682
BenchmarkTest02338.java,1,0,CWE-330,CWE-338,0,1,0,0,0,CWE-338,1059,0.0004236,0,0.0,5,8e-06,0.0004316,7.860152244567871
BenchmarkTest02339.java,1,0,CWE-614,CWE-614,1,1,0,0,0,"CWE-614,CWE-1004",975,0.00039,0,0.0,10,1.6e-05,0.000406,6.988508701324463
BenchmarkTest02340.java,0,0,CWE-78,CWE-78,1,0,1,0,0,CWE-78,985,0.000394,0,0.0,5,8e-06,0.0004019999999999,9.250560522079468
BenchmarkTest02341.java,0,0,CWE-78,CWE-78,1,0,1,0,0,CWE-78,887,0.0003548,0,0.0,5,8e-06,0.0003628,9.95108413696289
BenchmarkTest02342.java,1,0,CWE-78,CWE-78,1,1,0,0,0,CWE-78,779,0.0003116,0,0.0,5,8e-06,0.0003196,9.9946448802948
BenchmarkTest02343.java,1,0,CWE-78,CWE-78,1,1,0,0,0,CWE-78,821,0.0003284,0,0.0,5,8e-06,0.0003364,9.288164615631104
BenchmarkTest02344.java,1,0,CWE-78,CWE-78,1,1,0,0,0,CWE-78,806,0.0003224,0,0.0,5,8e-06,0.0003304,9.991804599761965
BenchmarkTest02345.java,0,0,CWE-330,,,0,0,1,0,Not vulnerable,1261,0.0005044,0,0.0,3,4.800000000000001e-06,0.0005092,9.6654372215271
BenchmarkTest02346.java,0,0,CWE-330,CWE-330,1,0,1,0,0,CWE-330,1203,0.0004812,0,0.0,5,8e-06,0.0004892,9.64565110206604
BenchmarkTest02347.java,0,0,CWE-330,CWE-330,1,0,1,0,0,CWE-330,1201,0.0004804,0,0.0,5,8e-06,0.0004884,9.964766502380373
BenchmarkTest02348.java,0,0,CWE-330,CWE-330,1,0,1,0,0,CWE-330,1190,0.000476,0,0.0,5,8e-06,0.000484,9.926079273223875
BenchmarkTest02349.java,0,0,CWE-330,CWE-330,1,0,1,0,0,CWE-330,1371,0.0005484,0,0.0,5,8e-06,0.0005564,9.141709089279177
BenchmarkTest02350.java,0,0,CWE-330,CWE-330,1,0,1,0,0,CWE-330,1084,0.0004336,0,0.0,5,8e-06,0.0004416,9.878323078155518
BenchmarkTest02351.java,0,0,CWE-330,CWE-330,1,0,1,0,0,CWE-330,1365,0.000546,0,0.0,5,8e-06,0.000554,9.96659541130066
BenchmarkTest02353.java,0,0,CWE-89,CWE-89,1,0,1,0,0,CWE-89,824,0.0003296,0,0.0,5,8e-06,0.0003376,9.558650732040403
BenchmarkTest02354.java,1,0,CWE-89,CWE-89,1,1,0,0,0,CWE-89,818,0.0003272,0,0.0,5,8e-06,0.0003352,10.12020230293274
BenchmarkTest02355.java,1,0,CWE-89,CWE-89,1,1,0,0,0,CWE-89,855,0.000342,0,0.0,5,8e-06,0.00035,9.493880033493042
BenchmarkTest02356.java,1,0,CWE-89,CWE-89,1,1,0,0,0,CWE-89,821,0.0003284,0,0.0,5,8e-06,0.0003364,9.544736623764038
BenchmarkTest02357.java,1,0,CWE-89,CWE-89,1,1,0,0,0,CWE-89,1006,0.0004024,0,0.0,5,8e-06,0.0004104,9.924532413482666
BenchmarkTest02358.java,1,0,CWE-89,CWE-89,1,1,0,0,0,CWE-89,980,0.000392,0,0.0,5,8e-06,0.0003999999999999,7.773760080337524
BenchmarkTest02359.java,1,0,CWE-89,CWE-89,1,1,0,0,0,CWE-89,869,0.0003476,0,0.0,5,8e-06,0.0003556,7.539316654205322
BenchmarkTest02360.java,1,0,CWE-89,CWE-89,1,1,0,0,0,CWE-89,936,0.0003744,0,0.0,5,8e-06,0.0003824,7.597411632537842
BenchmarkTest02361.java,0,0,CWE-89,,,0,0,1,0,Not vulnerable,897,0.0003588,0,0.0,3,4.800000000000001e-06,0.0003636,7.521456956863403
BenchmarkTest02362.java,1,0,CWE-89,CWE-89,1,1,0,0,0,CWE-89,916,0.0003664,0,0.0,5,8e-06,0.0003744,9.148075103759766
BenchmarkTest02363.java,0,0,CWE-89,,,0,0,1,0,Not vulnerable,1097,0.0004388,0,0.0,3,4.800000000000001e-06,0.0004436,7.501030921936035
BenchmarkTest02364.java,1,0,CWE-89,CWE-89,1,1,0,0,0,CWE-89,789,0.0003156,0,0.0,5,8e-06,0.0003236,9.390844345092772
BenchmarkTest02365.java,0,0,CWE-89,CWE-89,1,0,1,0,0,CWE-89,840,0.000336,0,0.0,5,8e-06,0.0003439999999999,9.15629529953003
BenchmarkTest02366.java,0,0,CWE-89,,,0,0,1,0,Not vulnerable,800,0.00032,0,0.0,3,4.800000000000001e-06,0.0003248,7.513213157653809
BenchmarkTest02367.java,0,0,CWE-89,,,0,0,1,0,Not vulnerable,1076,0.0004304,0,0.0,3,4.800000000000001e-06,0.0004352,9.441916227340698
BenchmarkTest02368.java,0,0,CWE-89,CWE-89,1,0,1,0,0,CWE-89,803,0.0003212,0,0.0,5,8e-06,0.0003292,7.606173276901245
BenchmarkTest02369.java,1,0,CWE-89,CWE-89,1,1,0,0,0,CWE-89,801,0.0003204,0,0.0,5,8e-06,0.0003284,9.350882053375244
BenchmarkTest02370.java,0,0,CWE-643,CWE-643,1,0,1,0,0,CWE-643,1070,0.000428,0,0.0,5,8e-06,0.0004359999999999,6.512399673461914
BenchmarkTest02371.java,0,0,CWE-327,CWE-327,1,0,1,0,0,"CWE-321,CWE-327,CWE-312",1576,0.0006304,0,0.0,13,2.08e-05,0.0006512,6.557380676269531
BenchmarkTest02372.java,0,0,CWE-327,,,0,0,1,0,Not vulnerable,1099,0.0004396,0,0.0,3,4.800000000000001e-06,0.0004444,9.348715543746948
BenchmarkTest02373.java,1,0,CWE-327,CWE-327,1,1,0,0,0,"CWE-327,CWE-321",1260,0.000504,0,0.0,9,1.44e-05,0.0005184,9.630255699157717
BenchmarkTest02374.java,1,0,CWE-327,CWE-327,1,1,0,0,0,"CWE-327,CWE-321",1302,0.0005208,0,0.0,9,1.44e-05,0.0005352,8.632872343063354
BenchmarkTest02375.java,1,0,CWE-327,CWE-327,1,1,0,0,0,"CWE-327,CWE-321",1121,0.0004484,0,0.0,9,1.44e-05,0.0004628,7.272633790969849
BenchmarkTest02376.java,0,0,CWE-90,,,0,0,1,0,Not vulnerable,1022,0.0004088,0,0.0,3,4.800000000000001e-06,0.0004136,7.00337028503418
BenchmarkTest02377.java,1,0,CWE-22,CWE-22,1,1,0,0,0,CWE-22,663,0.0002652,0,0.0,5,8e-06,0.0002731999999999,6.739548921585083
BenchmarkTest02378.java,1,0,CWE-22,CWE-22,1,1,0,0,0,CWE-22,867,0.0003468,0,0.0,5,8e-06,0.0003548,7.278756618499756
BenchmarkTest02379.java,0,0,CWE-22,CWE-22,1,0,1,0,0,CWE-22,934,0.0003736,0,0.0,5,8e-06,0.0003816,7.040163278579712
BenchmarkTest02380.java,0,0,CWE-22,,,0,0,1,0,Not vulnerable,1056,0.0004224,0,0.0,3,4.800000000000001e-06,0.0004272,6.706203460693359
BenchmarkTest02381.java,0,0,CWE-22,,,0,0,1,0,Not vulnerable,919,0.0003676,0,0.0,3,4.800000000000001e-06,0.0003724,5.181640148162842
BenchmarkTest02382.java,0,0,CWE-22,,,0,0,1,0,Not vulnerable,782,0.0003128,0,0.0,3,4.800000000000001e-06,0.0003176,5.530676364898682
BenchmarkTest02383.java,1,0,CWE-22,CWE-22,1,1,0,0,0,CWE-22,845,0.000338,0,0.0,5,8e-06,0.0003459999999999,5.495511054992676
BenchmarkTest02384.java,0,0,CWE-90,CWE-90,1,0,1,0,0,CWE-90,1047,0.0004188,0,0.0,5,8e-06,0.0004267999999999,5.1588122844696045
BenchmarkTest02385.java,1,0,CWE-328,CWE-327,0,1,0,0,0,"CWE-327,CWE-276",1100,0.00044,0,0.0,9,1.44e-05,0.0004544,5.021145820617676
BenchmarkTest02386.java,1,0,CWE-328,CWE-327,0,1,0,0,0,"CWE-327,CWE-276",1038,0.0004152,0,0.0,9,1.44e-05,0.0004296,4.250911951065064
BenchmarkTest02387.java,1,0,CWE-328,CWE-327,0,1,0,0,0,"CWE-327,CWE-276",1051,0.0004204,0,0.0,9,1.44e-05,0.0004348,4.285196304321289
BenchmarkTest02388.java,1,0,CWE-328,CWE-327,0,1,0,0,0,CWE-327,1073,0.0004292,0,0.0,5,8e-06,0.0004372,7.809077739715576
BenchmarkTest02389.java,0,0,CWE-328,,,0,0,1,0,Not vulnerable,968,0.0003872,0,0.0,3,4.800000000000001e-06,0.000392,4.328352212905884
BenchmarkTest02390.java,0,0,CWE-328,,,0,0,1,0,Not vulnerable,1259,0.0005036,0,0.0,3,4.800000000000001e-06,0.0005084,4.34324049949646
BenchmarkTest02391.java,1,0,CWE-328,,,0,0,0,1,"CWE-276,CWE-732,CWE-200",1017,0.0004068,0,0.0,13,2.08e-05,0.0004276,4.436896324157715
BenchmarkTest02392.java,1,0,CWE-328,,,0,0,0,1,"CWE-732,CWE-276",1072,0.0004288,0,0.0,9,1.44e-05,0.0004432,4.16039514541626
BenchmarkTest02393.java,1,0,CWE-328,,,0,0,0,1,Not vulnerable,1308,0.0005232,0,0.0,3,4.800000000000001e-06,0.000528,7.754109859466553
BenchmarkTest02394.java,0,0,CWE-79,CWE-79,1,0,1,0,0,CWE-79,607,0.0002428,0,0.0,5,8e-06,0.0002508,4.211815118789673
BenchmarkTest02395.java,1,0,CWE-79,CWE-79,1,1,0,0,0,CWE-79,629,0.0002516,0,0.0,5,8e-06,0.0002596,4.063804388046265
BenchmarkTest02396.java,1,0,CWE-79,CWE-79,1,1,0,0,0,CWE-79,883,0.0003532,0,0.0,5,8e-06,0.0003612,4.32745623588562
BenchmarkTest02397.java,1,0,CWE-79,CWE-79,1,1,0,0,0,CWE-79,620,0.000248,0,0.0,5,8e-06,0.000256,4.309672832489014
BenchmarkTest02398.java,0,0,CWE-79,,,0,0,1,0,Not vulnerable,583,0.0002332,0,0.0,3,4.800000000000001e-06,0.000238,8.057372808456421
BenchmarkTest02399.java,1,0,CWE-79,CWE-79,1,1,0,0,0,CWE-79,689,0.0002756,0,0.0,5,8e-06,0.0002836,4.121389627456665
BenchmarkTest02400.java,1,0,CWE-79,CWE-79,1,1,0,0,0,CWE-79,616,0.0002464,0,0.0,5,8e-06,0.0002544,7.916496276855469
BenchmarkTest02401.java,0,0,CWE-79,CWE-79,1,0,1,0,0,CWE-79,611,0.0002444,0,0.0,5,8e-06,0.0002524,7.703662872314453
BenchmarkTest02402.java,1,0,CWE-79,CWE-80,0,1,0,0,0,CWE-80,707,0.0002828,0,0.0,5,8e-06,0.0002907999999999,6.715375661849976
BenchmarkTest02403.java,1,0,CWE-79,CWE-74,0,1,0,0,0,"CWE-80,CWE-74",888,0.0003552,0,0.0,9,1.44e-05,0.0003696,8.145902633666992
BenchmarkTest02404.java,0,0,CWE-79,,,0,0,1,0,Not vulnerable,642,0.0002568,0,0.0,3,4.800000000000001e-06,0.0002616,4.037113189697266
BenchmarkTest02405.java,1,0,CWE-79,CWE-79,1,1,0,0,0,CWE-79,608,0.0002432,0,0.0,5,8e-06,0.0002512,4.231794834136963
BenchmarkTest02406.java,0,0,CWE-79,CWE-79,1,0,1,0,0,CWE-79,624,0.0002496,0,0.0,5,8e-06,0.0002576,6.745067119598389
BenchmarkTest02407.java,1,0,CWE-79,CWE-79,1,1,0,0,0,CWE-79,631,0.0002524,0,0.0,5,8e-06,0.0002604,6.978422164916992
BenchmarkTest02408.java,0,0,CWE-79,,,0,0,1,0,Not vulnerable,899,0.0003596,0,0.0,3,4.800000000000001e-06,0.0003644,6.961716651916504
BenchmarkTest02409.java,1,0,CWE-79,CWE-79,1,1,0,0,0,CWE-79,681,0.0002724,0,0.0,5,8e-06,0.0002804,3.118490695953369
BenchmarkTest02410.java,1,0,CWE-79,CWE-80,0,1,0,0,0,CWE-80,626,0.0002504,0,0.0,5,8e-06,0.0002584,6.954696893692017
BenchmarkTest02411.java,1,0,CWE-78,CWE-78,1,1,0,0,0,CWE-78,804,0.0003216,0,0.0,5,8e-06,0.0003296,3.068488836288452
BenchmarkTest02412.java,1,0,CWE-78,CWE-78,1,1,0,0,0,CWE-78,771,0.0003084,0,0.0,5,8e-06,0.0003164,6.693033456802368
BenchmarkTest02413.java,0,0,CWE-78,,,0,0,1,0,Not vulnerable,771,0.0003084,0,0.0,3,4.800000000000001e-06,0.0003132,2.990330219268799
BenchmarkTest02414.java,1,0,CWE-78,CWE-78,1,1,0,0,0,CWE-78,833,0.0003332,0,0.0,5,8e-06,0.0003412,6.93099856376648
BenchmarkTest02415.java,1,0,CWE-330,CWE-330,1,1,0,0,0,CWE-330,1000,0.0004,0,0.0,5,8e-06,0.000408,6.964213609695435
BenchmarkTest02416.java,1,0,CWE-330,CWE-338,0,1,0,0,0,CWE-338,1114,0.0004456,0,0.0,5,8e-06,0.0004536,3.0714757442474365
BenchmarkTest02417.java,1,0,CWE-330,CWE-338,0,1,0,0,0,CWE-338,1023,0.0004092,0,0.0,5,8e-06,0.0004172,3.109823942184448
BenchmarkTest02418.java,1,0,CWE-330,CWE-330,1,1,0,0,0,CWE-330,1094,0.0004376,0,0.0,5,8e-06,0.0004456,5.455361366271973
BenchmarkTest02419.java,1,0,CWE-330,CWE-338,0,1,0,0,0,CWE-338,1300,0.00052,0,0.0,5,8e-06,0.0005279999999999,2.896188735961914
BenchmarkTest02420.java,1,0,CWE-330,CWE-330,1,1,0,0,0,CWE-330,1005,0.000402,0,0.0,5,8e-06,0.00041,4.852015018463135
BenchmarkTest02421.java,1,0,CWE-330,CWE-330,1,1,0,0,0,CWE-330,1098,0.0004392,0,0.0,5,8e-06,0.0004472,5.742551803588867
BenchmarkTest02422.java,1,0,CWE-330,CWE-330,1,1,0,0,0,CWE-330,1078,0.0004312,0,0.0,5,8e-06,0.0004392,5.286320447921753
BenchmarkTest02423.java,1,0,CWE-330,CWE-330,1,1,0,0,0,CWE-330,1244,0.0004976,0,0.0,5,8e-06,0.0005056,5.440039157867432
BenchmarkTest02424.java,1,0,CWE-330,CWE-330,1,1,0,0,0,CWE-330,989,0.0003956,0,0.0,5,8e-06,0.0004036,4.075551509857178
BenchmarkTest02425.java,1,0,CWE-330,CWE-330,1,1,0,0,0,CWE-330,958,0.0003832,0,0.0,5,8e-06,0.0003912,5.229870319366455
BenchmarkTest02426.java,1,0,CWE-330,CWE-330,1,1,0,0,0,CWE-330,989,0.0003956,0,0.0,5,8e-06,0.0004036,2.337376594543457
BenchmarkTest02427.java,1,0,CWE-614,,,0,0,0,1,Not vulnerable,852,0.0003408,0,0.0,3,4.800000000000001e-06,0.0003456,4.129989862442017
BenchmarkTest02428.java,0,0,CWE-78,,,0,0,1,0,Not vulnerable,831,0.0003324,0,0.0,3,4.800000000000001e-06,0.0003372,2.3122806549072266
BenchmarkTest02429.java,1,0,CWE-78,CWE-78,1,1,0,0,0,CWE-78,830,0.000332,0,0.0,5,8e-06,0.0003399999999999,5.704572916030884
BenchmarkTest02430.java,1,0,CWE-78,CWE-78,1,1,0,0,0,CWE-78,844,0.0003376,0,0.0,5,8e-06,0.0003456,5.640633583068848
BenchmarkTest02431.java,1,0,CWE-78,CWE-78,1,1,0,0,0,CWE-78,804,0.0003216,0,0.0,5,8e-06,0.0003296,4.116339921951294
BenchmarkTest02432.java,1,0,CWE-78,CWE-78,1,1,0,0,0,CWE-78,924,0.0003696,0,0.0,5,8e-06,0.0003776,5.033543348312378
BenchmarkTest02433.java,1,0,CWE-78,CWE-78,1,1,0,0,0,CWE-78,840,0.000336,0,0.0,5,8e-06,0.0003439999999999,4.593542098999023
BenchmarkTest02434.java,0,0,CWE-330,CWE-330,1,0,1,0,0,CWE-330,1191,0.0004764,0,0.0,5,8e-06,0.0004844,4.80434513092041
BenchmarkTest02435.java,0,0,CWE-330,CWE-330,1,0,1,0,0,CWE-330,1107,0.0004428,0,0.0,5,8e-06,0.0004508,4.72252345085144
BenchmarkTest02436.java,0,0,CWE-330,CWE-330,1,0,1,0,0,CWE-330,1060,0.000424,0,0.0,5,8e-06,0.000432,4.6614086627960205
BenchmarkTest02437.java,0,0,CWE-330,CWE-330,1,0,1,0,0,CWE-330,1064,0.0004256,0,0.0,5,8e-06,0.0004336,4.779083251953125
BenchmarkTest02438.java,0,0,CWE-330,CWE-330,1,0,1,0,0,CWE-330,1129,0.0004516,0,0.0,5,8e-06,0.0004596,4.7768754959106445
BenchmarkTest02439.java,0,0,CWE-330,,,0,0,1,0,Not vulnerable,1170,0.000468,0,0.0,3,4.800000000000001e-06,0.0004728,4.764728307723999
BenchmarkTest02440.java,0,0,CWE-330,CWE-330,1,0,1,0,0,CWE-330,1153,0.0004612,0,0.0,5,8e-06,0.0004692,4.702919006347656
BenchmarkTest02441.java,0,0,CWE-330,CWE-330,1,0,1,0,0,CWE-330,1062,0.0004248,0,0.0,5,8e-06,0.0004328,4.790968179702759
BenchmarkTest02442.java,0,0,CWE-330,CWE-330,1,0,1,0,0,CWE-330,1073,0.0004292,0,0.0,5,8e-06,0.0004372,4.736868619918823
BenchmarkTest02443.java,0,0,CWE-330,CWE-330,1,0,1,0,0,CWE-330,1064,0.0004256,0,0.0,5,8e-06,0.0004336,4.772430419921875
BenchmarkTest02444.java,0,0,CWE-330,CWE-330,1,0,1,0,0,CWE-330,1049,0.0004196,0,0.0,5,8e-06,0.0004276,4.4370527267456055
BenchmarkTest02445.java,0,0,CWE-330,CWE-330,1,0,1,0,0,CWE-330,1038,0.0004152,0,0.0,5,8e-06,0.0004232,4.195904493331909
BenchmarkTest02449.java,1,0,CWE-89,CWE-89,1,1,0,0,0,CWE-89,834,0.0003336,0,0.0,5,8e-06,0.0003416,4.172056198120117
BenchmarkTest02450.java,0,0,CWE-89,,,0,0,1,0,Not vulnerable,754,0.0003016,0,0.0,3,4.800000000000001e-06,0.0003064,4.1464173793792725
BenchmarkTest02451.java,1,0,CWE-89,CWE-89,1,1,0,0,0,CWE-89,734,0.0002936,0,0.0,5,8e-06,0.0003016,6.753782749176025
BenchmarkTest02452.java,0,0,CWE-89,,,0,0,1,0,Not vulnerable,1117,0.0004468,0,0.0,3,4.800000000000001e-06,0.0004516,3.914088726043701
BenchmarkTest02453.java,1,0,CWE-89,CWE-89,1,1,0,0,0,CWE-89,819,0.0003276,0,0.0,5,8e-06,0.0003356,3.909087896347046
BenchmarkTest02454.java,1,0,CWE-89,CWE-89,1,1,0,0,0,CWE-89,686,0.0002744,0,0.0,5,8e-06,0.0002824,7.963081836700439
BenchmarkTest02455.java,1,0,CWE-89,CWE-89,1,1,0,0,0,CWE-89,722,0.0002888,0,0.0,5,8e-06,0.0002968,6.5966222286224365
BenchmarkTest02456.java,0,0,CWE-89,CWE-89,1,0,1,0,0,CWE-89,737,0.0002948,0,0.0,5,8e-06,0.0003028,9.602467060089111
BenchmarkTest02457.java,0,0,CWE-643,CWE-643,1,0,1,0,0,CWE-643,916,0.0003664,0,0.0,5,8e-06,0.0003744,5.308284997940064
BenchmarkTest02458.java,1,0,CWE-327,CWE-327,1,1,0,0,0,"CWE-327,CWE-321",1554,0.0006216,0,0.0,9,1.44e-05,0.000636,6.535369396209717
BenchmarkTest02459.java,0,0,CWE-327,,,0,0,1,0,Not vulnerable,1672,0.0006688,0,0.0,3,4.800000000000001e-06,0.0006736,8.067097902297974
BenchmarkTest02460.java,0,0,CWE-327,CWE-327,1,0,1,0,0,"CWE-327,CWE-330,CWE-276",1672,0.0006688,0,0.0,13,2.08e-05,0.0006896,3.847706079483032
BenchmarkTest02461.java,0,0,CWE-327,CWE-327,1,0,1,0,0,"CWE-327,CWE-276,CWE-532",1067,0.0004268,0,0.0,13,2.08e-05,0.0004476,3.830179929733277
BenchmarkTest02462.java,0,0,CWE-22,,,0,0,1,0,Not vulnerable,784,0.0003136,0,0.0,3,4.800000000000001e-06,0.0003184,3.8282220363616943
BenchmarkTest02463.java,1,0,CWE-22,CWE-22,1,1,0,0,0,CWE-22,709,0.0002836,0,0.0,5,8e-06,0.0002916,6.968572616577148
BenchmarkTest02464.java,0,0,CWE-22,CWE-22,1,0,1,0,0,CWE-22,765,0.000306,0,0.0,5,8e-06,0.000314,5.946617126464844
BenchmarkTest02465.java,1,0,CWE-22,CWE-22,1,1,0,0,0,CWE-22,858,0.0003432,0,0.0,5,8e-06,0.0003512,10.354321479797363
BenchmarkTest02466.java,1,0,CWE-22,CWE-22,1,1,0,0,0,CWE-22,929,0.0003716,0,0.0,5,8e-06,0.0003796,7.0238425731658936
BenchmarkTest02467.java,0,0,CWE-22,,,0,0,1,0,Not vulnerable,1099,0.0004396,0,0.0,3,4.800000000000001e-06,0.0004444,10.417587041854858
BenchmarkTest02468.java,0,0,CWE-22,CWE-22,1,0,1,0,0,CWE-22,858,0.0003432,0,0.0,5,8e-06,0.0003512,9.725502252578735
BenchmarkTest02469.java,1,0,CWE-22,CWE-22,1,1,0,0,0,CWE-22,768,0.0003072,0,0.0,5,8e-06,0.0003152,6.242440700531006
BenchmarkTest02470.java,0,0,CWE-22,,,0,0,1,0,Not vulnerable,772,0.0003088,0,0.0,3,4.800000000000001e-06,0.0003136,3.830222845077514
BenchmarkTest02471.java,0,0,CWE-22,,,0,0,1,0,Not vulnerable,874,0.0003496,0,0.0,3,4.800000000000001e-06,0.0003544,7.093596458435059
BenchmarkTest02472.java,1,0,CWE-90,CWE-90,1,1,0,0,0,CWE-90,1023,0.0004092,0,0.0,5,8e-06,0.0004172,5.525627851486206
BenchmarkTest02473.java,1,0,CWE-330,CWE-338,0,1,0,0,0,CWE-338,1078,0.0004312,0,0.0,5,8e-06,0.0004392,7.167606353759766
BenchmarkTest02474.java,1,0,CWE-328,,,0,0,0,1,"CWE-78,CWE-73",1081,0.0004324,0,0.0,9,1.44e-05,0.0004468,9.10722589492798
BenchmarkTest02475.java,1,0,CWE-328,CWE-327,0,1,0,0,0,"CWE-327,CWE-276",1041,0.0004164,0,0.0,9,1.44e-05,0.0004308,6.668882846832275
BenchmarkTest02476.java,1,0,CWE-328,CWE-327,0,1,0,0,0,"CWE-327,CWE-276",941,0.0003764,0,0.0,9,1.44e-05,0.0003908,9.142406225204468
BenchmarkTest02477.java,0,0,CWE-328,,,0,0,1,0,Not vulnerable,1249,0.0004996,0,0.0,3,4.800000000000001e-06,0.0005044,8.911483526229858
BenchmarkTest02478.java,1,0,CWE-328,,,0,0,0,1,"CWE-732,CWE-276,CWE-200",1022,0.0004088,0,0.0,13,2.08e-05,0.0004296,7.044832229614258
BenchmarkTest02479.java,0,0,CWE-328,CWE-327,0,0,1,0,0,"CWE-327,CWE-276,CWE-532",991,0.0003964,0,0.0,13,2.08e-05,0.0004172,11.089187860488892
BenchmarkTest02480.java,1,0,CWE-79,CWE-80,0,1,0,0,0,CWE-80,611,0.0002444,0,0.0,5,8e-06,0.0002524,3.828223466873169
BenchmarkTest02481.java,0,0,CWE-79,CWE-79,1,0,1,0,0,CWE-79,653,0.0002612,0,0.0,5,8e-06,0.0002692,9.549514532089232
BenchmarkTest02482.java,0,0,CWE-79,CWE-79,1,0,1,0,0,CWE-79,684,0.0002736,0,0.0,5,8e-06,0.0002816,6.964080333709717
BenchmarkTest02483.java,1,0,CWE-79,CWE-79,1,1,0,0,0,CWE-79,565,0.000226,0,0.0,5,8e-06,0.000234,6.820471525192261
BenchmarkTest02484.java,0,0,CWE-79,,,0,0,1,0,Not vulnerable,701,0.0002804,0,0.0,3,4.800000000000001e-06,0.0002852,3.7142040729522714
BenchmarkTest02485.java,0,0,CWE-79,CWE-79,1,0,1,0,0,CWE-79,677,0.0002708,0,0.0,5,8e-06,0.0002788,3.717206478118897
BenchmarkTest02486.java,1,0,CWE-79,CWE-79,1,1,0,0,0,CWE-79,648,0.0002592,0,0.0,5,8e-06,0.0002672,6.998484134674072
BenchmarkTest02487.java,1,0,CWE-79,CWE-79,1,1,0,0,0,CWE-79,618,0.0002472,0,0.0,5,8e-06,0.0002551999999999,10.691595792770386
BenchmarkTest02488.java,0,0,CWE-79,CWE-79,1,0,1,0,0,CWE-79,597,0.0002388,0,0.0,5,8e-06,0.0002468,7.160977363586426
BenchmarkTest02489.java,1,0,CWE-79,CWE-79,1,1,0,0,0,CWE-79,578,0.0002312,0,0.0,5,8e-06,0.0002392,6.0434160232543945
BenchmarkTest02490.java,0,0,CWE-79,,,0,0,1,0,Not vulnerable,899,0.0003596,0,0.0,3,4.800000000000001e-06,0.0003644,5.9383203983306885
BenchmarkTest02491.java,0,0,CWE-79,,,0,0,1,0,Not vulnerable,889,0.0003556,0,0.0,3,4.800000000000001e-06,0.0003604,8.748697757720947
BenchmarkTest02492.java,0,0,CWE-79,,,0,0,1,0,Not vulnerable,582,0.0002328,0,0.0,3,4.800000000000001e-06,0.0002376,10.02618408203125
BenchmarkTest02493.java,1,0,CWE-79,CWE-79,1,1,0,0,0,CWE-79,710,0.000284,0,0.0,5,8e-06,0.000292,3.934166669845581
BenchmarkTest02494.java,1,0,CWE-79,CWE-79,1,1,0,0,0,CWE-79,621,0.0002484,0,0.0,5,8e-06,0.0002564,4.754797458648682
BenchmarkTest02495.java,0,0,CWE-79,CWE-80,0,0,1,0,0,CWE-80,709,0.0002836,0,0.0,5,8e-06,0.0002916,9.964196920394896
BenchmarkTest02496.java,1,0,CWE-78,CWE-78,1,1,0,0,0,CWE-78,763,0.0003052,0,0.0,5,8e-06,0.0003131999999999,7.467876672744751
BenchmarkTest02497.java,1,0,CWE-330,CWE-330,1,1,0,0,0,CWE-330,1289,0.0005156,0,0.0,5,8e-06,0.0005236,8.630116701126099
BenchmarkTest02498.java,1,0,CWE-330,CWE-330,1,1,0,0,0,CWE-330,1000,0.0004,0,0.0,5,8e-06,0.000408,10.016502618789673
BenchmarkTest02499.java,1,0,CWE-330,CWE-330,1,1,0,0,0,CWE-330,1014,0.0004056,0,0.0,5,8e-06,0.0004136,10.056369304656982
BenchmarkTest02500.java,1,0,CWE-330,CWE-330,1,1,0,0,0,CWE-330,1001,0.0004004,0,0.0,5,8e-06,0.0004084,5.967370271682739
BenchmarkTest02501.java,1,0,CWE-330,CWE-330,1,1,0,0,0,CWE-330,977,0.0003908,0,0.0,5,8e-06,0.0003988,6.065253973007202
BenchmarkTest02502.java,1,0,CWE-330,CWE-330,1,1,0,0,0,CWE-330,1019,0.0004076,0,0.0,5,8e-06,0.0004156,7.447745323181152
BenchmarkTest02503.java,1,0,CWE-330,CWE-330,1,1,0,0,0,CWE-330,1255,0.000502,0,0.0,5,8e-06,0.0005099999999999,5.723265647888184
BenchmarkTest02504.java,1,0,CWE-330,CWE-330,1,1,0,0,0,CWE-330,966,0.0003864,0,0.0,5,8e-06,0.0003944,5.99527382850647
BenchmarkTest02505.java,1,0,CWE-330,CWE-330,1,1,0,0,0,CWE-330,1012,0.0004048,0,0.0,5,8e-06,0.0004128,6.905791521072388
BenchmarkTest02506.java,1,0,CWE-330,CWE-330,1,1,0,0,0,CWE-330,979,0.0003916,0,0.0,5,8e-06,0.0003996,5.701898574829102
BenchmarkTest02507.java,1,0,CWE-614,CWE-614,1,1,0,0,0,"CWE-1004,CWE-614",853,0.0003412,0,0.0,10,1.6e-05,0.0003572,6.609922170639038
BenchmarkTest02508.java,0,0,CWE-614,,,0,0,1,0,Not vulnerable,855,0.000342,0,0.0,3,4.800000000000001e-06,0.0003468,6.797604560852051
BenchmarkTest02509.java,0,0,CWE-79,,,0,0,1,0,Not vulnerable,616,0.0002464,0,0.0,3,4.800000000000001e-06,0.0002512,6.3640758991241455
BenchmarkTest02510.java,0,0,CWE-78,,,0,0,1,0,Not vulnerable,1001,0.0004004,0,0.0,3,4.800000000000001e-06,0.0004052,6.354522228240967
BenchmarkTest02511.java,1,0,CWE-78,CWE-78,1,1,0,0,0,CWE-78,727,0.0002908,0,0.0,5,8e-06,0.0002988,7.086141109466553
BenchmarkTest02512.java,1,0,CWE-78,CWE-78,1,1,0,0,0,CWE-78,769,0.0003076,0,0.0,5,8e-06,0.0003156,7.028470993041992
BenchmarkTest02513.java,0,0,CWE-78,CWE-78,1,0,1,0,0,CWE-78,807,0.0003228,0,0.0,5,8e-06,0.0003307999999999,6.998828172683716
BenchmarkTest02514.java,1,0,CWE-78,CWE-78,1,1,0,0,0,CWE-78,717,0.0002868,0,0.0,5,8e-06,0.0002948,7.100032806396484
BenchmarkTest02515.java,1,0,CWE-78,CWE-78,1,1,0,0,0,CWE-78,702,0.0002808,0,0.0,5,8e-06,0.0002887999999999,5.793202638626099
BenchmarkTest02516.java,1,0,CWE-78,CWE-78,1,1,0,0,0,CWE-78,797,0.0003188,0,0.0,5,8e-06,0.0003268,7.056916236877441
BenchmarkTest02517.java,1,0,CWE-78,CWE-78,1,1,0,0,0,CWE-78,713,0.0002852,0,0.0,5,8e-06,0.0002931999999999,7.076673984527588
BenchmarkTest02518.java,0,0,CWE-78,CWE-78,1,0,1,0,0,CWE-78,799,0.0003196,0,0.0,5,8e-06,0.0003276,7.110662460327148
BenchmarkTest02519.java,0,0,CWE-330,CWE-330,1,0,1,0,0,CWE-330,1061,0.0004244,0,0.0,5,8e-06,0.0004324,7.059083700180054
BenchmarkTest02520.java,0,0,CWE-330,CWE-330,1,0,1,0,0,CWE-330,1052,0.0004208,0,0.0,5,8e-06,0.0004288,7.060093402862549
BenchmarkTest02521.java,0,0,CWE-330,,,0,0,1,0,Not vulnerable,1051,0.0004204,0,0.0,3,4.800000000000001e-06,0.0004252,6.957748174667358
BenchmarkTest02522.java,0,0,CWE-330,CWE-330,1,0,1,0,0,CWE-330,1039,0.0004156,0,0.0,5,8e-06,0.0004236,7.0270586013793945
BenchmarkTest02528.java,1,0,CWE-89,CWE-89,1,1,0,0,0,CWE-89,752,0.0003008,0,0.0,5,8e-06,0.0003087999999999,7.089663505554199
BenchmarkTest02529.java,0,0,CWE-89,,,0,0,1,0,Not vulnerable,810,0.000324,0,0.0,3,4.800000000000001e-06,0.0003288,7.094367265701294
BenchmarkTest02530.java,1,0,CWE-89,CWE-89,1,1,0,0,0,CWE-89,757,0.0003028,0,0.0,5,8e-06,0.0003107999999999,7.082593202590942
BenchmarkTest02531.java,1,0,CWE-89,CWE-89,1,1,0,0,0,CWE-89,738,0.0002951999999999,0,0.0,5,8e-06,0.0003031999999999,6.990635395050049
BenchmarkTest02532.java,1,0,CWE-89,CWE-89,1,1,0,0,0,CWE-89,752,0.0003008,0,0.0,5,8e-06,0.0003087999999999,7.23163628578186
BenchmarkTest02533.java,1,0,CWE-89,CWE-89,1,1,0,0,0,CWE-89,799,0.0003196,0,0.0,5,8e-06,0.0003276,6.933415174484253
BenchmarkTest02534.java,1,0,CWE-89,CWE-89,1,1,0,0,0,CWE-89,721,0.0002884,0,0.0,5,8e-06,0.0002964,7.208775281906128
BenchmarkTest02535.java,1,0,CWE-89,CWE-89,1,1,0,0,0,CWE-89,766,0.0003064,0,0.0,5,8e-06,0.0003144,7.074667692184448
BenchmarkTest02536.java,0,0,CWE-89,CWE-89,1,0,1,0,0,CWE-89,842,0.0003368,0,0.0,5,8e-06,0.0003448,7.114552736282349
BenchmarkTest02537.java,1,0,CWE-89,CWE-89,1,1,0,0,0,CWE-89,773,0.0003092,0,0.0,5,8e-06,0.0003172,7.0559587478637695
BenchmarkTest02538.java,0,0,CWE-89,,,0,0,1,0,Not vulnerable,1089,0.0004356,0,0.0,3,4.800000000000001e-06,0.0004404,7.069614410400391
BenchmarkTest02539.java,0,0,CWE-89,,,0,0,1,0,Not vulnerable,1114,0.0004456,0,0.0,3,4.800000000000001e-06,0.0004504,7.018956422805786
BenchmarkTest02540.java,0,0,CWE-89,CWE-89,1,0,1,0,0,CWE-89,745,0.000298,0,0.0,5,8e-06,0.0003059999999999,6.887173414230347
BenchmarkTest02541.java,0,0,CWE-89,CWE-89,1,0,1,0,0,CWE-89,721,0.0002884,0,0.0,5,8e-06,0.0002964,7.078006744384766
BenchmarkTest02542.java,1,0,CWE-89,CWE-89,1,1,0,0,0,CWE-89,696,0.0002784,0,0.0,5,8e-06,0.0002864,6.844707727432251
BenchmarkTest02543.java,1,0,CWE-89,CWE-89,1,1,0,0,0,CWE-89,722,0.0002888,0,0.0,5,8e-06,0.0002968,7.014870882034302
BenchmarkTest02544.java,0,0,CWE-89,CWE-89,1,0,1,0,0,CWE-89,791,0.0003164,0,0.0,5,8e-06,0.0003244,7.140714883804321
BenchmarkTest02545.java,1,0,CWE-89,CWE-89,1,1,0,0,0,CWE-89,712,0.0002848,0,0.0,5,8e-06,0.0002928,6.875491619110107
BenchmarkTest02546.java,0,0,CWE-89,CWE-89,1,0,1,0,0,CWE-89,794,0.0003176,0,0.0,5,8e-06,0.0003256,7.145661354064941
BenchmarkTest02547.java,0,0,CWE-327,CWE-327,1,0,1,0,0,"CWE-327,CWE-313",1766,0.0007064,0,0.0,9,1.44e-05,0.0007208,7.131178140640259
BenchmarkTest02548.java,1,0,CWE-327,CWE-327,1,1,0,0,0,"CWE-327,CWE-321",1786,0.0007144,0,0.0,9,1.44e-05,0.0007288,7.1055426597595215
BenchmarkTest02549.java,1,0,CWE-327,CWE-327,1,1,0,0,0,"CWE-327,CWE-313",1779,0.0007116,0,0.0,9,1.44e-05,0.000726,7.119065523147583
BenchmarkTest02550.java,1,0,CWE-327,CWE-327,1,1,0,0,0,"CWE-327,CWE-326",1410,0.000564,0,0.0,9,1.44e-05,0.0005784,7.068713426589966
BenchmarkTest02551.java,0,0,CWE-327,CWE-327,1,0,1,0,0,"CWE-327,CWE-276,CWE-532",1309,0.0005236,0,0.0,13,2.08e-05,0.0005444,7.055519342422485
BenchmarkTest02552.java,0,0,CWE-327,CWE-327,1,0,1,0,0,"CWE-327,CWE-276,CWE-532",1457,0.0005828,0,0.0,13,2.08e-05,0.0006036,7.063102006912232
BenchmarkTest02553.java,0,0,CWE-90,,,0,0,1,0,Not vulnerable,1297,0.0005188,0,0.0,3,4.800000000000001e-06,0.0005236,6.465245485305786
BenchmarkTest02554.java,0,0,CWE-22,,,0,0,1,0,Not vulnerable,907,0.0003628,0,0.0,3,4.800000000000001e-06,0.0003676,7.141548156738281
BenchmarkTest02555.java,1,0,CWE-22,CWE-22,1,1,0,0,0,CWE-22,888,0.0003552,0,0.0,5,8e-06,0.0003632,6.9730846881866455
BenchmarkTest02556.java,1,0,CWE-22,CWE-22,1,1,0,0,0,CWE-22,890,0.000356,0,0.0,5,8e-06,0.0003639999999999,6.934359788894653
BenchmarkTest02557.java,0,0,CWE-22,CWE-22,1,0,1,0,0,CWE-22,932,0.0003728,0,0.0,5,8e-06,0.0003808,6.744080543518066
BenchmarkTest02558.java,0,0,CWE-22,CWE-22,1,0,1,0,0,CWE-22,896,0.0003584,0,0.0,5,8e-06,0.0003664,6.740071296691895
BenchmarkTest02559.java,1,0,CWE-22,CWE-22,1,1,0,0,0,CWE-22,1051,0.0004204,0,0.0,5,8e-06,0.0004284,6.866105794906616
BenchmarkTest02560.java,1,0,CWE-22,CWE-22,1,1,0,0,0,CWE-22,1052,0.0004208,0,0.0,5,8e-06,0.0004288,6.837497234344482
BenchmarkTest02561.java,1,0,CWE-22,CWE-22,1,1,0,0,0,CWE-22,1050,0.00042,0,0.0,5,8e-06,0.000428,6.93835973739624
BenchmarkTest02562.java,1,0,CWE-22,CWE-22,1,1,0,0,0,CWE-22,1015,0.000406,0,0.0,5,8e-06,0.000414,7.006616353988648
BenchmarkTest02563.java,0,0,CWE-22,,,0,0,1,0,Not vulnerable,1242,0.0004968,0,0.0,3,4.800000000000001e-06,0.0005016,7.134774923324585
BenchmarkTest02564.java,1,0,CWE-22,CWE-22,1,1,0,0,0,CWE-22,1035,0.000414,0,0.0,5,8e-06,0.0004219999999999,6.658839225769043
BenchmarkTest02565.java,1,0,CWE-22,CWE-22,1,1,0,0,0,CWE-22,1012,0.0004048,0,0.0,5,8e-06,0.0004128,5.747365951538086
BenchmarkTest02566.java,0,0,CWE-22,CWE-22,1,0,1,0,0,CWE-22,1083,0.0004332,0,0.0,5,8e-06,0.0004412,5.107290267944336
BenchmarkTest02567.java,1,0,CWE-22,CWE-22,1,1,0,0,0,CWE-22,917,0.0003668,0,0.0,5,8e-06,0.0003748,2.897010564804077
BenchmarkTest02568.java,0,0,CWE-22,CWE-22,1,0,1,0,0,CWE-22,1031,0.0004124,0,0.0,5,8e-06,0.0004204,5.719123363494873
BenchmarkTest02569.java,1,0,CWE-22,CWE-22,1,1,0,0,0,CWE-22,1029,0.0004116,0,0.0,5,8e-06,0.0004196,5.947076320648193
BenchmarkTest02570.java,0,0,CWE-22,CWE-22,1,0,1,0,0,CWE-22,1104,0.0004416,0,0.0,5,8e-06,0.0004496,2.979356050491333
BenchmarkTest02571.java,0,0,CWE-90,CWE-90,1,0,1,0,0,CWE-90,1288,0.0005152,0,0.0,5,8e-06,0.0005232,4.891295433044434
BenchmarkTest02572.java,0,0,CWE-90,CWE-90,1,0,1,0,0,CWE-90,1231,0.0004924,0,0.0,5,8e-06,0.0005004,2.992243766784668
BenchmarkTest02573.java,1,0,CWE-328,,,0,0,0,1,"CWE-732,CWE-276",1275,0.00051,0,0.0,9,1.44e-05,0.0005244,5.900446176528931
BenchmarkTest02574.java,1,0,CWE-328,,,0,0,0,1,Not vulnerable,1222,0.0004888,0,0.0,3,4.800000000000001e-06,0.0004936,5.86944580078125
BenchmarkTest02575.java,1,0,CWE-328,CWE-327,0,1,0,0,0,"CWE-327,CWE-759",1170,0.000468,0,0.0,9,1.44e-05,0.0004824,2.9859561920166016
BenchmarkTest02576.java,0,0,CWE-328,,,0,0,1,0,Not vulnerable,1169,0.0004676,0,0.0,3,4.800000000000001e-06,0.0004724,2.9848477840423584
BenchmarkTest02577.java,1,0,CWE-328,,,0,0,0,1,"CWE-732,CWE-276,CWE-532",1256,0.0005024,0,0.0,13,2.08e-05,0.0005232,2.967944622039795
BenchmarkTest02578.java,1,0,CWE-79,CWE-79,1,1,0,0,0,CWE-79,820,0.000328,0,0.0,5,8e-06,0.000336,5.799717903137207
BenchmarkTest02579.java,1,0,CWE-79,CWE-79,1,1,0,0,0,CWE-79,786,0.0003144,0,0.0,5,8e-06,0.0003224,5.713593244552612
BenchmarkTest02580.java,1,0,CWE-79,CWE-80,0,1,0,0,0,CWE-80,795,0.000318,0,0.0,5,8e-06,0.0003259999999999,6.0783445835113525
BenchmarkTest02581.java,0,0,CWE-79,CWE-79,1,0,1,0,0,CWE-79,781,0.0003124,0,0.0,5,8e-06,0.0003204,4.911733627319336
BenchmarkTest02582.java,1,0,CWE-79,CWE-79,1,1,0,0,0,CWE-79,785,0.000314,0,0.0,5,8e-06,0.0003219999999999,3.890728950500488
BenchmarkTest02583.java,1,0,CWE-79,CWE-79,1,1,0,0,0,CWE-79,759,0.0003036,0,0.0,5,8e-06,0.0003116,2.9364302158355717
BenchmarkTest02584.java,1,0,CWE-79,CWE-79,1,1,0,0,0,CWE-79,782,0.0003128,0,0.0,5,8e-06,0.0003208,4.138025522232056
BenchmarkTest02585.java,1,0,CWE-79,CWE-79,1,1,0,0,0,CWE-79,791,0.0003164,0,0.0,5,8e-06,0.0003244,4.270086288452148
BenchmarkTest02586.java,1,0,CWE-79,CWE-79,1,1,0,0,0,CWE-79,873,0.0003492,0,0.0,5,8e-06,0.0003572,2.945941925048828
BenchmarkTest02587.java,1,0,CWE-79,CWE-79,1,1,0,0,0,CWE-79,1081,0.0004324,0,0.0,5,8e-06,0.0004404,5.35977840423584
BenchmarkTest02588.java,1,0,CWE-79,CWE-79,1,1,0,0,0,CWE-79,1072,0.0004288,0,0.0,5,8e-06,0.0004368,2.9836208820343018
BenchmarkTest02589.java,0,0,CWE-79,CWE-79,1,0,1,0,0,"CWE-74,CWE-79",862,0.0003448,0,0.0,9,1.44e-05,0.0003592,5.865755796432495
BenchmarkTest02590.java,0,0,CWE-79,,,0,0,1,0,Not vulnerable,913,0.0003652,0,0.0,3,4.800000000000001e-06,0.00037,5.130380630493164
BenchmarkTest02591.java,1,0,CWE-79,CWE-79,1,1,0,0,0,CWE-79,805,0.000322,0,0.0,5,8e-06,0.00033,4.148138284683228
BenchmarkTest02592.java,1,0,CWE-79,CWE-79,1,1,0,0,0,CWE-79,838,0.0003352,0,0.0,5,8e-06,0.0003432,2.9085679054260254
BenchmarkTest02593.java,0,0,CWE-79,CWE-79,1,0,1,0,0,"CWE-81,CWE-79",817,0.0003268,0,0.0,9,1.44e-05,0.0003412,6.228445529937744
BenchmarkTest02594.java,0,0,CWE-79,,,0,0,1,0,Not vulnerable,807,0.0003228,0,0.0,3,4.800000000000001e-06,0.0003276,6.175210952758789
BenchmarkTest02595.java,1,0,CWE-79,CWE-79,1,1,0,0,0,CWE-79,876,0.0003504,0,0.0,5,8e-06,0.0003584,3.48632550239563
BenchmarkTest02596.java,0,0,CWE-79,,,0,0,1,0,Not vulnerable,773,0.0003092,0,0.0,3,4.800000000000001e-06,0.000314,4.408188819885254
BenchmarkTest02597.java,1,0,CWE-79,CWE-79,1,1,0,0,0,CWE-79,815,0.000326,0,0.0,5,8e-06,0.000334,3.261734962463379
BenchmarkTest02598.java,1,0,CWE-79,CWE-79,1,1,0,0,0,CWE-79,802,0.0003208,0,0.0,5,8e-06,0.0003287999999999,5.685961246490479
BenchmarkTest02599.java,0,0,CWE-79,CWE-79,1,0,1,0,0,CWE-79,811,0.0003244,0,0.0,5,8e-06,0.0003324,3.966508150100708
BenchmarkTest02600.java,1,0,CWE-79,CWE-79,1,1,0,0,0,CWE-79,833,0.0003332,0,0.0,5,8e-06,0.0003412,4.094764471054077
BenchmarkTest02601.java,0,0,CWE-79,CWE-79,1,0,1,0,0,CWE-79,799,0.0003196,0,0.0,5,8e-06,0.0003276,4.710962533950806
BenchmarkTest02602.java,1,0,CWE-330,CWE-330,1,1,0,0,0,CWE-330,1465,0.000586,0,0.0,5,8e-06,0.000594,6.489213705062866
BenchmarkTest02603.java,1,0,CWE-330,CWE-330,1,1,0,0,0,CWE-330,1202,0.0004808,0,0.0,5,8e-06,0.0004888,7.169451475143433
BenchmarkTest02604.java,1,0,CWE-330,CWE-330,1,1,0,0,0,CWE-330,1457,0.0005828,0,0.0,5,8e-06,0.0005908,7.282556772232056
BenchmarkTest02605.java,1,0,CWE-330,CWE-330,1,1,0,0,0,CWE-330,1209,0.0004836,0,0.0,5,8e-06,0.0004916,3.525731086730957
BenchmarkTest02606.java,1,0,CWE-330,CWE-330,1,1,0,0,0,CWE-330,1241,0.0004964,0,0.0,5,8e-06,0.0005044,3.694912910461426
BenchmarkTest02607.java,0,0,CWE-614,,,0,0,1,0,Not vulnerable,1027,0.0004108,0,0.0,3,4.800000000000001e-06,0.0004156,6.422180414199829
BenchmarkTest02608.java,1,0,CWE-79,CWE-79,1,1,0,0,0,CWE-79,765,0.000306,0,0.0,5,8e-06,0.000314,3.634198665618897
BenchmarkTest02609.java,0,0,CWE-79,CWE-79,1,0,1,0,0,CWE-79,779,0.0003116,0,0.0,5,8e-06,0.0003196,6.754892587661743
BenchmarkTest02610.java,0,0,CWE-78,CWE-78,1,0,1,0,0,CWE-78,1068,0.0004272,0,0.0,5,8e-06,0.0004352,10.670231103897097
BenchmarkTest02611.java,1,0,CWE-78,CWE-78,1,1,0,0,0,CWE-78,1024,0.0004096,0,0.0,5,8e-06,0.0004176,3.485983371734619
BenchmarkTest02612.java,1,0,CWE-78,CWE-78,1,1,0,0,0,CWE-78,915,0.000366,0,0.0,5,8e-06,0.000374,4.378136873245239
BenchmarkTest02613.java,1,0,CWE-78,CWE-78,1,1,0,0,0,CWE-78,991,0.0003964,0,0.0,5,8e-06,0.0004044,3.506488084793091
BenchmarkTest02614.java,0,0,CWE-330,,,0,0,1,0,CWE-327,1275,0.00051,0,0.0,5,8e-06,0.000518,7.151434183120728
BenchmarkTest02615.java,0,0,CWE-330,CWE-330,1,0,1,0,0,CWE-330,1213,0.0004852,0,0.0,5,8e-06,0.0004932,7.850913524627685
BenchmarkTest02616.java,0,0,CWE-330,CWE-330,1,0,1,0,0,CWE-330,1275,0.00051,0,0.0,5,8e-06,0.000518,3.650649547576904
BenchmarkTest02617.java,0,0,CWE-330,CWE-330,1,0,1,0,0,CWE-330,1533,0.0006132,0,0.0,5,8e-06,0.0006212,3.7350199222564697
BenchmarkTest02618.java,0,0,CWE-330,CWE-330,1,0,1,0,0,CWE-330,1246,0.0004984,0,0.0,5,8e-06,0.0005064,7.994791030883789
BenchmarkTest02619.java,0,0,CWE-330,CWE-330,1,0,1,0,0,CWE-330,1314,0.0005256,0,0.0,5,8e-06,0.0005336,3.52767276763916
BenchmarkTest02620.java,0,0,CWE-330,CWE-330,1,0,1,0,0,CWE-330,1246,0.0004984,0,0.0,5,8e-06,0.0005064,7.228647947311401
BenchmarkTest02621.java,0,0,CWE-330,CWE-330,1,0,1,0,0,CWE-330,1240,0.000496,0,0.0,5,8e-06,0.000504,5.339170932769775
BenchmarkTest02625.java,1,0,CWE-89,CWE-89,1,1,0,0,0,CWE-89,982,0.0003928,0,0.0,5,8e-06,0.0004008,7.972623825073242
BenchmarkTest02626.java,0,0,CWE-89,,,0,0,1,0,Not vulnerable,913,0.0003652,0,0.0,3,4.800000000000001e-06,0.00037,3.826184034347534
BenchmarkTest02627.java,1,0,CWE-89,CWE-89,1,1,0,0,0,CWE-89,935,0.000374,0,0.0,5,8e-06,0.0003819999999999,3.5466668605804443
BenchmarkTest02628.java,1,0,CWE-89,CWE-89,1,1,0,0,0,CWE-89,1004,0.0004016,0,0.0,5,8e-06,0.0004096,7.647002935409546
BenchmarkTest02629.java,0,0,CWE-89,CWE-89,1,0,1,0,0,CWE-89,975,0.00039,0,0.0,5,8e-06,0.0003979999999999,6.490444898605347
BenchmarkTest02630.java,1,0,CWE-89,CWE-89,1,1,0,0,0,CWE-89,904,0.0003616,0,0.0,5,8e-06,0.0003696,3.5404536724090576
BenchmarkTest02631.java,0,0,CWE-89,,,0,0,1,0,Not vulnerable,928,0.0003712,0,0.0,3,4.800000000000001e-06,0.000376,10.408457040786743
BenchmarkTest02632.java,1,0,CWE-89,CWE-89,1,1,0,0,0,CWE-89,993,0.0003972,0,0.0,5,8e-06,0.0004052,3.762588024139404
BenchmarkTest02633.java,0,0,CWE-89,,,0,0,1,0,Not vulnerable,1210,0.000484,0,0.0,3,4.800000000000001e-06,0.0004888,3.522455930709839
BenchmarkTest02634.java,0,0,CWE-89,CWE-89,1,0,1,0,0,CWE-89,986,0.0003944,0,0.0,5,8e-06,0.0004024,3.53618597984314
BenchmarkTest02635.java,1,0,CWE-89,CWE-89,1,1,0,0,0,CWE-89,1029,0.0004116,0,0.0,5,8e-06,0.0004196,3.3916494846343994
BenchmarkTest02636.java,0,0,CWE-89,CWE-89,1,0,1,0,0,CWE-89,976,0.0003904,0,0.0,5,8e-06,0.0003984,3.8301103115081783
BenchmarkTest02637.java,0,0,CWE-89,CWE-89,1,0,1,0,0,CWE-89,936,0.0003744,0,0.0,5,8e-06,0.0003824,6.302258968353272
BenchmarkTest02638.java,1,0,CWE-89,CWE-89,1,1,0,0,0,CWE-89,920,0.000368,0,0.0,5,8e-06,0.000376,3.984598875045776
BenchmarkTest02639.java,0,0,CWE-89,,,0,0,1,0,Not vulnerable,1209,0.0004836,0,0.0,3,4.800000000000001e-06,0.0004884,3.974213123321533
BenchmarkTest02640.java,0,0,CWE-89,CWE-89,1,0,1,0,0,CWE-89,1004,0.0004016,0,0.0,5,8e-06,0.0004096,3.4371471405029297
BenchmarkTest02641.java,1,0,CWE-89,CWE-89,1,1,0,0,0,CWE-89,1042,0.0004168,0,0.0,5,8e-06,0.0004247999999999,4.250229120254517
BenchmarkTest02642.java,1,0,CWE-89,CWE-89,1,1,0,0,0,CWE-89,1010,0.000404,0,0.0,5,8e-06,0.000412,10.246466636657717
BenchmarkTest02643.java,1,0,CWE-89,CWE-89,1,1,0,0,0,CWE-89,1094,0.0004376,0,0.0,5,8e-06,0.0004456,7.343702554702759
BenchmarkTest02644.java,1,0,CWE-89,CWE-89,1,1,0,0,0,CWE-89,987,0.0003948,0,0.0,5,8e-06,0.0004028,7.25743556022644
BenchmarkTest02645.java,1,0,CWE-89,CWE-89,1,1,0,0,0,CWE-89,1034,0.0004136,0,0.0,5,8e-06,0.0004216,7.274767398834228
BenchmarkTest02646.java,1,0,CWE-89,CWE-89,1,1,0,0,0,CWE-89,920,0.000368,0,0.0,5,8e-06,0.000376,7.1812903881073
BenchmarkTest02647.java,1,0,CWE-89,CWE-89,1,1,0,0,0,CWE-89,915,0.000366,0,0.0,5,8e-06,0.000374,8.638142347335815
BenchmarkTest02648.java,0,0,CWE-89,,,0,0,1,0,Not vulnerable,1005,0.000402,0,0.0,3,4.800000000000001e-06,0.0004068,8.608022689819336
BenchmarkTest02649.java,1,0,CWE-89,CWE-89,1,1,0,0,0,CWE-89,869,0.0003476,0,0.0,5,8e-06,0.0003556,7.842282295227051
BenchmarkTest02650.java,1,0,CWE-89,CWE-89,1,1,0,0,0,CWE-89,983,0.0003932,0,0.0,5,8e-06,0.0004012,10.302079439163208
BenchmarkTest02651.java,1,0,CWE-89,CWE-89,1,1,0,0,0,CWE-89,947,0.0003788,0,0.0,5,8e-06,0.0003867999999999,7.738752365112305
BenchmarkTest02652.java,0,0,CWE-89,,,0,0,1,0,Not vulnerable,1190,0.000476,0,0.0,3,4.800000000000001e-06,0.0004808,7.731935024261475
BenchmarkTest02653.java,1,0,CWE-89,CWE-89,1,1,0,0,0,CWE-89,914,0.0003656,0,0.0,5,8e-06,0.0003736,8.68619704246521
BenchmarkTest02654.java,1,0,CWE-89,CWE-89,1,1,0,0,0,CWE-89,941,0.0003764,0,0.0,5,8e-06,0.0003844,10.677934408187866
BenchmarkTest02655.java,1,0,CWE-89,CWE-89,1,1,0,0,0,CWE-89,863,0.0003452,0,0.0,5,8e-06,0.0003532,7.587087869644165
BenchmarkTest02656.java,1,0,CWE-89,CWE-89,1,1,0,0,0,CWE-89,915,0.000366,0,0.0,5,8e-06,0.000374,10.6551194190979
BenchmarkTest02657.java,0,0,CWE-89,CWE-89,1,0,1,0,0,CWE-89,917,0.0003668,0,0.0,5,8e-06,0.0003748,8.083199977874756
BenchmarkTest02658.java,1,0,CWE-327,CWE-327,1,1,0,0,0,"CWE-327,CWE-321",1556,0.0006224,0,0.0,9,1.44e-05,0.0006368,9.20075821876526
BenchmarkTest02659.java,0,0,CWE-327,CWE-327,1,0,1,0,0,"CWE-321,CWE-327,CWE-522",1558,0.0006232,0,0.0,13,2.08e-05,0.000644,10.75739812850952
BenchmarkTest02660.java,1,0,CWE-327,CWE-327,1,1,0,0,0,"CWE-327,CWE-321",1502,0.0006008,0,0.0,9,1.44e-05,0.0006152,8.54640817642212
BenchmarkTest02661.java,1,0,CWE-327,CWE-327,1,1,0,0,0,"CWE-327,CWE-321",1239,0.0004956,0,0.0,9,1.44e-05,0.00051,9.128244876861572
BenchmarkTest02662.java,0,0,CWE-327,CWE-327,1,0,1,0,0,"CWE-327,CWE-276,CWE-532",1073,0.0004292,0,0.0,13,2.08e-05,0.00045,10.726431608200071
BenchmarkTest02663.java,1,0,CWE-327,CWE-327,1,1,0,0,0,"CWE-327,CWE-326,CWE-276,CWE-532",1077,0.0004308,0,0.0,17,2.7200000000000004e-05,0.000458,10.87055778503418
BenchmarkTest02664.java,0,0,CWE-22,CWE-22,1,0,1,0,0,CWE-22,769,0.0003076,0,0.0,5,8e-06,0.0003156,3.4109137058258057
BenchmarkTest02665.java,0,0,CWE-22,CWE-22,1,0,1,0,0,CWE-22,931,0.0003724,0,0.0,5,8e-06,0.0003804,10.644352197647097
BenchmarkTest02666.java,0,0,CWE-22,CWE-22,1,0,1,0,0,CWE-22,856,0.0003424,0,0.0,5,8e-06,0.0003504,10.543039083480837
BenchmarkTest02667.java,0,0,CWE-22,,,0,0,1,0,Not vulnerable,827,0.0003308,0,0.0,3,4.800000000000001e-06,0.0003356,10.515681505203249
BenchmarkTest02668.java,0,0,CWE-22,CWE-22,1,0,1,0,0,CWE-22,837,0.0003348,0,0.0,5,8e-06,0.0003428,8.774240732192993
BenchmarkTest02669.java,0,0,CWE-22,CWE-22,1,0,1,0,0,CWE-22,806,0.0003224,0,0.0,5,8e-06,0.0003304,10.242436170578005
BenchmarkTest02670.java,1,0,CWE-328,CWE-327,0,1,0,0,0,"CWE-327,CWE-276",1123,0.0004492,0,0.0,9,1.44e-05,0.0004636,10.555397987365724
BenchmarkTest02671.java,1,0,CWE-328,CWE-327,0,1,0,0,0,"CWE-327,CWE-276",1159,0.0004636,0,0.0,9,1.44e-05,0.000478,10.550375699996948
BenchmarkTest02672.java,0,0,CWE-328,,,0,0,1,0,Not vulnerable,1183,0.0004732,0,0.0,3,4.800000000000001e-06,0.000478,10.068722248077393
BenchmarkTest02673.java,0,0,CWE-328,CWE-327,0,0,1,0,0,"CWE-327,CWE-276,CWE-532",1103,0.0004412,0,0.0,13,2.08e-05,0.000462,10.3134663105011
BenchmarkTest02674.java,1,0,CWE-328,,,0,0,0,1,Not vulnerable,1248,0.0004992,0,0.0,3,4.800000000000001e-06,0.000504,10.419122695922852
BenchmarkTest02675.java,1,0,CWE-328,CWE-327,0,1,0,0,0,"CWE-327,CWE-276",959,0.0003836,0,0.0,9,1.44e-05,0.000398,10.491867065429688
BenchmarkTest02676.java,0,0,CWE-328,,,0,0,1,0,Not vulnerable,973,0.0003892,0,0.0,3,4.800000000000001e-06,0.000394,3.4063220024108887
BenchmarkTest02677.java,1,0,CWE-328,,,0,0,0,1,"CWE-732,CWE-313,CWE-276",1033,0.0004132,0,0.0,13,2.08e-05,0.000434,10.476534128189089
BenchmarkTest02678.java,0,0,CWE-328,CWE-327,0,0,1,0,0,"CWE-327,CWE-276,CWE-532",1022,0.0004088,0,0.0,13,2.08e-05,0.0004296,6.931057453155518
BenchmarkTest02679.java,0,0,CWE-79,CWE-79,1,0,1,0,0,CWE-79,676,0.0002704,0,0.0,5,8e-06,0.0002784,6.945467233657837
BenchmarkTest02680.java,0,0,CWE-79,CWE-79,1,0,1,0,0,CWE-79,632,0.0002528,0,0.0,5,8e-06,0.0002608,7.477241277694702
BenchmarkTest02681.java,0,0,CWE-79,CWE-80,0,0,1,0,0,CWE-80,578,0.0002312,0,0.0,5,8e-06,0.0002392,7.211921215057373
BenchmarkTest02682.java,0,0,CWE-79,CWE-79,1,0,1,0,0,CWE-79,650,0.00026,0,0.0,5,8e-06,0.0002679999999999,7.185477018356323
BenchmarkTest02683.java,0,0,CWE-79,,,0,0,1,0,Not vulnerable,886,0.0003544,0,0.0,3,4.800000000000001e-06,0.0003592,7.328174352645874
BenchmarkTest02684.java,0,0,CWE-79,,,0,0,1,0,Not vulnerable,610,0.000244,0,0.0,3,4.800000000000001e-06,0.0002488,7.299842596054077
BenchmarkTest02685.java,0,0,CWE-79,CWE-79,1,0,1,0,0,CWE-79,637,0.0002548,0,0.0,5,8e-06,0.0002628,7.613387107849121
BenchmarkTest02686.java,0,0,CWE-79,,,0,0,1,0,Not vulnerable,719,0.0002876,0,0.0,3,4.800000000000001e-06,0.0002924,7.255790948867798
BenchmarkTest02687.java,0,0,CWE-79,,,0,0,1,0,Not vulnerable,632,0.0002528,0,0.0,3,4.800000000000001e-06,0.0002576,7.372680425643921
BenchmarkTest02688.java,0,0,CWE-79,CWE-79,1,0,1,0,0,CWE-79,587,0.0002348,0,0.0,5,8e-06,0.0002428,7.091102123260498
BenchmarkTest02689.java,0,0,CWE-79,CWE-79,1,0,1,0,0,"CWE-74,CWE-79",610,0.000244,0,0.0,9,1.44e-05,0.0002584,7.435312747955322
BenchmarkTest02690.java,0,0,CWE-79,CWE-80,0,0,1,0,0,CWE-80,694,0.0002776,0,0.0,5,8e-06,0.0002856,7.432835578918457
BenchmarkTest02691.java,0,0,CWE-79,CWE-80,0,0,1,0,0,CWE-80,568,0.0002272,0,0.0,5,8e-06,0.0002352,7.368163108825684
BenchmarkTest02692.java,0,0,CWE-79,CWE-80,0,0,1,0,0,CWE-80,613,0.0002452,0,0.0,5,8e-06,0.0002532,7.333173036575317
BenchmarkTest02693.java,0,0,CWE-79,CWE-79,1,0,1,0,0,CWE-79,621,0.0002484,0,0.0,5,8e-06,0.0002564,7.389081239700317
BenchmarkTest02694.java,0,0,CWE-79,CWE-79,1,0,1,0,0,CWE-79,679,0.0002716,0,0.0,5,8e-06,0.0002796,7.421176433563232
BenchmarkTest02695.java,0,0,CWE-79,CWE-80,0,0,1,0,0,CWE-80,653,0.0002612,0,0.0,5,8e-06,0.0002692,7.428422689437866
BenchmarkTest02696.java,0,0,CWE-79,CWE-79,1,0,1,0,0,CWE-79,681,0.0002724,0,0.0,5,8e-06,0.0002804,7.378392219543457
BenchmarkTest02697.java,0,0,CWE-78,CWE-78,1,0,1,0,0,CWE-78,827,0.0003308,0,0.0,5,8e-06,0.0003388,7.144389629364014
BenchmarkTest02698.java,0,0,CWE-78,CWE-78,1,0,1,0,0,CWE-78,743,0.0002972,0,0.0,5,8e-06,0.0003052,7.327202796936035
BenchmarkTest02699.java,0,0,CWE-78,CWE-78,1,0,1,0,0,CWE-78,755,0.000302,0,0.0,5,8e-06,0.00031,7.4744861125946045
BenchmarkTest02700.java,1,0,CWE-330,CWE-330,1,1,0,0,0,CWE-330,1021,0.0004084,0,0.0,5,8e-06,0.0004164,7.1311564445495605
BenchmarkTest02701.java,1,0,CWE-330,CWE-330,1,1,0,0,0,CWE-330,999,0.0003996,0,0.0,5,8e-06,0.0004076,7.331614017486572
BenchmarkTest02702.java,1,0,CWE-330,CWE-330,1,1,0,0,0,CWE-330,1011,0.0004044,0,0.0,5,8e-06,0.0004124,7.400277853012085
BenchmarkTest02703.java,1,0,CWE-330,CWE-330,1,1,0,0,0,CWE-330,992,0.0003968,0,0.0,5,8e-06,0.0004048,7.392398834228516
BenchmarkTest02704.java,1,0,CWE-330,CWE-330,1,1,0,0,0,CWE-330,1025,0.00041,0,0.0,5,8e-06,0.0004179999999999,7.396808624267578
BenchmarkTest02705.java,1,0,CWE-330,CWE-330,1,1,0,0,0,CWE-330,1008,0.0004032,0,0.0,5,8e-06,0.0004112,7.334178686141968
BenchmarkTest02706.java,1,0,CWE-330,CWE-330,1,1,0,0,0,CWE-330,979,0.0003916,0,0.0,5,8e-06,0.0003996,7.420962333679199
BenchmarkTest02707.java,1,0,CWE-330,CWE-330,1,1,0,0,0,CWE-330,981,0.0003924,0,0.0,5,8e-06,0.0004004,7.389280557632446
BenchmarkTest02708.java,1,0,CWE-330,CWE-330,1,1,0,0,0,CWE-330,942,0.0003768,0,0.0,5,8e-06,0.0003848,7.255331516265869
BenchmarkTest02709.java,1,0,CWE-614,CWE-614,1,1,0,0,0,"CWE-1004,CWE-614",853,0.0003412,0,0.0,10,1.6e-05,0.0003572,7.39980149269104
BenchmarkTest02710.java,1,0,CWE-614,,,0,0,0,1,Not vulnerable,818,0.0003272,0,0.0,3,4.800000000000001e-06,0.000332,7.407095670700073
BenchmarkTest02711.java,0,0,CWE-614,,,0,0,1,0,Not vulnerable,810,0.000324,0,0.0,3,4.800000000000001e-06,0.0003288,7.422811985015869
BenchmarkTest02712.java,0,0,CWE-79,,,0,0,1,0,Not vulnerable,707,0.0002828,0,0.0,3,4.800000000000001e-06,0.0002876,7.361001014709473
BenchmarkTest02713.java,0,0,CWE-78,CWE-78,1,0,1,0,0,CWE-78,807,0.0003228,0,0.0,5,8e-06,0.0003307999999999,7.000996112823486
BenchmarkTest02714.java,0,0,CWE-78,CWE-78,1,0,1,0,0,CWE-78,761,0.0003044,0,0.0,5,8e-06,0.0003124,6.999927759170532
BenchmarkTest02715.java,0,0,CWE-330,CWE-330,1,0,1,0,0,CWE-330,1090,0.000436,0,0.0,5,8e-06,0.000444,6.9008402824401855
BenchmarkTest02716.java,0,0,CWE-330,CWE-330,1,0,1,0,0,CWE-330,1327,0.0005308,0,0.0,5,8e-06,0.0005388,6.603519916534424
BenchmarkTest02717.java,0,0,CWE-330,CWE-330,1,0,1,0,0,CWE-330,1038,0.0004152,0,0.0,5,8e-06,0.0004232,7.38835883140564
BenchmarkTest02718.java,0,0,CWE-330,CWE-330,1,0,1,0,0,CWE-330,1302,0.0005208,0,0.0,5,8e-06,0.0005288,6.865355014801025
BenchmarkTest02719.java,0,0,CWE-330,,,0,0,1,0,Not vulnerable,1126,0.0004504,0,0.0,3,4.800000000000001e-06,0.0004552,7.135721445083618
BenchmarkTest02720.java,0,0,CWE-330,,,0,0,1,0,Not vulnerable,1020,0.000408,0,0.0,3,4.800000000000001e-06,0.0004128,6.90800929069519
BenchmarkTest02721.java,0,0,CWE-330,,,0,0,1,0,Not vulnerable,998,0.0003992,0,0.0,3,4.800000000000001e-06,0.000404,6.97872805595398
BenchmarkTest02727.java,0,0,CWE-89,CWE-89,1,0,1,0,0,CWE-89,811,0.0003244,0,0.0,5,8e-06,0.0003324,6.8434247970581055
BenchmarkTest02728.java,0,0,CWE-89,CWE-89,1,0,1,0,0,CWE-89,835,0.000334,0,0.0,5,8e-06,0.0003419999999999,6.897380590438843
BenchmarkTest02729.java,0,0,CWE-89,CWE-89,1,0,1,0,0,CWE-89,809,0.0003236,0,0.0,5,8e-06,0.0003316,4.025525093078613
BenchmarkTest02730.java,0,0,CWE-89,,,0,0,1,0,Not vulnerable,1018,0.0004072,0,0.0,3,4.800000000000001e-06,0.000412,3.75561261177063
BenchmarkTest02731.java,0,0,CWE-89,CWE-89,1,0,1,0,0,CWE-89,726,0.0002904,0,0.0,5,8e-06,0.0002984,3.2541933059692383
BenchmarkTest02732.java,0,0,CWE-89,CWE-89,1,0,1,0,0,CWE-89,848,0.0003392,0,0.0,5,8e-06,0.0003472,3.064960241317749
BenchmarkTest02733.java,0,0,CWE-89,CWE-89,1,0,1,0,0,CWE-89,871,0.0003484,0,0.0,5,8e-06,0.0003564,2.638170957565308
BenchmarkTest02734.java,0,0,CWE-89,CWE-89,1,0,1,0,0,CWE-89,820,0.000328,0,0.0,5,8e-06,0.000336,2.321214199066162
BenchmarkTest02735.java,0,0,CWE-89,CWE-89,1,0,1,0,0,CWE-89,858,0.0003432,0,0.0,5,8e-06,0.0003512,2.267727851867676
BenchmarkTest02736.java,0,0,CWE-89,CWE-89,1,0,1,0,0,CWE-89,794,0.0003176,0,0.0,5,8e-06,0.0003256,2.272164821624756
BenchmarkTest02737.java,0,0,CWE-89,,,0,0,1,0,Not vulnerable,842,0.0003368,0,0.0,3,4.800000000000001e-06,0.0003416,2.1807305812835693
BenchmarkTest02738.java,0,0,CWE-89,CWE-89,1,0,1,0,0,CWE-89,751,0.0003004,0,0.0,5,8e-06,0.0003084,2.160410165786743
BenchmarkTest02739.java,0,0,CWE-89,CWE-89,1,0,1,0,0,CWE-89,753,0.0003012,0,0.0,5,8e-06,0.0003092,2.176653385162353
BenchmarkTest02740.java,0,0,CWE-89,CWE-89,1,0,1,0,0,CWE-89,716,0.0002864,0,0.0,5,8e-06,0.0002944,2.1721339225769043
